{
  "schema_version": "animal-atlas-locality-collection.v1",
  "type": "FeatureCollection",
  "layer_key": "progenitor-animal-localities",
  "layer_label": "Wild and progenitor animal aDNA atlas evidence",
  "subtitle": "Wild or progenitor animal atlas evidence rows kept separate from domesticated-core and comparator products.",
  "features": [
    {
      "type": "Feature",
      "geometry": {
        "type": "Point",
        "coordinates": [
          9.8686973853874,
          57.2407065497517
        ]
      },
      "properties": {
        "name": "Hj\u00f8rring, Tofte B\u00e6k",
        "feature_id": "animal-atlas-feature:bos-taurus-locality-prjeb75467-hjrringtoftebk-denmark",
        "evidence_row_id": "animal-atlas-row:bos-taurus-prjeb75467-bos-taurus-locality-prjeb75467-hjrringtoftebk-denmark",
        "site_record_id": "bos_taurus:locality:prjeb75467:hjrringtoftebk:denmark",
        "category": "Cattle atlas evidence row",
        "country": "Denmark",
        "layer_key": "progenitor-animal-localities",
        "layer_label": "Wild and progenitor animal aDNA atlas evidence",
        "source_url": "https://doi.org/10.1038/s41586-024-08112-6",
        "popup_rows": [
          {
            "label": "Species",
            "value": "Bos taurus"
          },
          {
            "label": "Support class",
            "value": "ancient_but_too_weak"
          },
          {
            "label": "Animal scope",
            "value": "wild or progenitor context"
          },
          {
            "label": "Mapped sample count",
            "value": "1"
          },
          {
            "label": "Mapped sample identifiers",
            "value": "bos_taurus:sample:prjeb75467:samea115574419"
          },
          {
            "label": "Source-native taxa",
            "value": "Bos primigenius (tax_id 9909)"
          },
          {
            "label": "Taxon alignment",
            "value": "project species mismatch"
          },
          {
            "label": "Project accession",
            "value": "PRJEB75467"
          },
          {
            "label": "Paper title",
            "value": "The genomic natural history of the aurochs"
          },
          {
            "label": "Paper DOI",
            "value": "10.1038/s41586-024-08112-6"
          },
          {
            "label": "Publication year",
            "value": "2024"
          },
          {
            "label": "Journal",
            "value": "Nature"
          },
          {
            "label": "Chronology",
            "value": "7976-8173 BP"
          },
          {
            "label": "Chronology evidence class",
            "value": "direct radiocarbon date"
          },
          {
            "label": "Chronology precision posture",
            "value": "sample precise interval"
          },
          {
            "label": "Temporal window",
            "value": "Early Holocene and older (6001+ BP)"
          },
          {
            "label": "Temporal comparison posture",
            "value": "numeric interval"
          },
          {
            "label": "Temporal comparison note",
            "value": "This chronology supports interval-based comparison without implying more than the published sample interval."
          },
          {
            "label": "Support note",
            "value": "ancient_but_not_domesticated_core"
          },
          {
            "label": "Coordinate basis",
            "value": "supplementary_proximal_site_coordinates"
          },
          {
            "label": "Coordinate confidence",
            "value": "approximate"
          },
          {
            "label": "Coordinate method",
            "value": "direct_supplementary_coordinate_capture"
          },
          {
            "label": "Coordinate gazetteer",
            "value": "not required because the supplementary table ships coordinates"
          },
          {
            "label": "Original place text",
            "value": "Hj\u00f8rring, Tofte B\u00e6k"
          },
          {
            "label": "Resolved place text",
            "value": "Hj\u00f8rring, Tofte B\u00e6k"
          },
          {
            "label": "Coordinate rationale",
            "value": "The published supplementary table describes this coordinate as proximal to the site, so it is suitable for approximate locality placement but not an exact specimen findspot."
          },
          {
            "label": "Source locator",
            "value": "Supplementary Data 1!A26:Y26"
          },
          {
            "label": "Source support status",
            "value": "supplementary_table_row"
          },
          {
            "label": "Source evidence text",
            "value": "workbook sample Hjo1 | specimen VHM500/1985, ZMK103/1989 | locality Hj\u00f8rring, Tofte B\u00e6k, Denmark | source BP claim 8173-7976 | canonical BP interval [7976, 8173] | published analysis mean 8074.5 BP | source taxonomy Bos primigenius | population label \"Holocene Wild Scandinavia\" | admitted only as explicit wild/progenitor context"
          },
          {
            "label": "Nordic relevance",
            "value": "nordic_lead"
          },
          {
            "label": "Nordic note",
            "value": "This locality falls inside the Nordic publication footprint through direct Denmark sample evidence."
          },
          {
            "label": "Interpretation",
            "value": "Sample-level locality comes directly from the recovered sample source row."
          },
          {
            "label": "Warning",
            "value": "Coordinates are approximate, not excavation-grade exact points."
          },
          {
            "label": "Warning",
            "value": "Wild or progenitor evidence: keep visible as evolutionary context, not domesticated-core farming support."
          },
          {
            "label": "Warning",
            "value": "One or more mapped biological samples have a source-native taxon different from the configured project species; inspect Source-native taxa before making domestication claims."
          },
          {
            "label": "Warning",
            "value": "ancient_but_not_domesticated_core"
          }
        ],
        "species_latin_name": "Bos taurus",
        "species_common_name": "cattle",
        "animal_scope": "wild_or_progenitor_context",
        "support_class": "ancient_but_too_weak",
        "temporal_semantics": {
          "schema_version": "temporal-semantics.v1",
          "source_family": "animal_adna",
          "evidence_class": "direct_radiocarbon_date",
          "precision_posture": "sample_precise_interval",
          "comparability_posture": "numeric_interval",
          "summary_label": "7976-8173 BP",
          "temporal_window_key": "early_holocene_and_older",
          "temporal_window_label": "Early Holocene and older (6001+ BP)",
          "time_start_bp": 7976,
          "time_end_bp": 8173,
          "time_mean_bp": 8074,
          "duration_years": 197,
          "comparison_note": "This chronology supports interval-based comparison without implying more than the published sample interval.",
          "refusal_reason_code": "",
          "provenance_path": "data/adna/governance/source_library/papers/10.1038-s41586-024-08112-6/supplementary/41586_2024_8112_MOESM3_ESM.xlsx",
          "provenance_locator": "Supplementary Data 1!A26:Y26",
          "provenance_excerpt": "workbook sample Hjo1 | specimen VHM500/1985, ZMK103/1989 | locality Hj\u00f8rring, Tofte B\u00e6k, Denmark | source BP claim 8173-7976 | canonical BP interval [7976, 8173] | published analysis mean 8074.5 BP | source taxonomy Bos primigenius | population label \"Holocene Wild Scandinavia\" | admitted only as explicit wild/progenitor context",
          "original_labels": [
            "7976-8173 BP"
          ],
          "normalized_labels": [],
          "uncertainty_notes": []
        },
        "temporal_window_key": "early_holocene_and_older",
        "temporal_window_label": "Early Holocene and older (6001+ BP)",
        "temporal_comparability_posture": "numeric_interval",
        "temporal_comparison_note": "This chronology supports interval-based comparison without implying more than the published sample interval.",
        "nordic_inclusion": true,
        "nordic_inclusion_reason": "This locality falls inside the Nordic publication footprint through direct Denmark sample evidence.",
        "coordinate_basis": "supplementary_proximal_site_coordinates",
        "coordinate_confidence": "approximate",
        "sample_count": 1,
        "sample_record_ids": [
          "bos_taurus:sample:prjeb75467:samea115574419"
        ],
        "sample_group_ids": [
          "PRJEB75467"
        ],
        "source_native_taxon_labels": [
          "Bos primigenius (tax_id 9909)"
        ],
        "source_native_tax_ids": [
          "9909"
        ],
        "source_native_scientific_names": [
          "Bos primigenius"
        ],
        "taxon_alignment_statuses": [
          "project_species_mismatch"
        ],
        "sample_namespace": "bos_taurus:sample_locality",
        "inclusion_notes": [
          "The supplementary workbook identifies this coordinate as proximal to the site; it supports approximate locality placement without implying an exact specimen findspot."
        ],
        "latitude_text": "57.2407065497517",
        "longitude_text": "9.8686973853874",
        "geocoding_method": "direct_supplementary_coordinate_capture",
        "geocoder_or_gazetteer": "not required because the supplementary table ships coordinates",
        "confidence_rationale": "The published supplementary table describes this coordinate as proximal to the site, so it is suitable for approximate locality placement but not an exact specimen findspot.",
        "original_place_text": "Hj\u00f8rring, Tofte B\u00e6k",
        "resolved_place_text": "Hj\u00f8rring, Tofte B\u00e6k",
        "paper_title": "The genomic natural history of the aurochs",
        "paper_doi": "10.1038/s41586-024-08112-6",
        "journal_title": "Nature",
        "publication_year": "2024",
        "supplementary_sources": [],
        "project_accessions": [
          "PRJEB75467"
        ],
        "primary_project_accession": "PRJEB75467",
        "inclusion_statuses": [
          "site_curated"
        ],
        "source_artifact_path": "data/adna/governance/source_library/papers/10.1038-s41586-024-08112-6/supplementary/41586_2024_8112_MOESM3_ESM.xlsx",
        "source_artifact_kind": "supplementary_spreadsheet_row",
        "source_locator": "Supplementary Data 1!A26:Y26",
        "source_support_status": "supplementary_table_row",
        "exact_source_text": "workbook sample Hjo1 | specimen VHM500/1985, ZMK103/1989 | locality Hj\u00f8rring, Tofte B\u00e6k, Denmark | source BP claim 8173-7976 | canonical BP interval [7976, 8173] | published analysis mean 8074.5 BP | source taxonomy Bos primigenius | population label \"Holocene Wild Scandinavia\" | admitted only as explicit wild/progenitor context",
        "time_start_bp": 7976,
        "time_end_bp": 8173,
        "time_mean_bp": 8074,
        "time_year_bp": 8074,
        "time_label": "7976-8173 BP"
      }
    },
    {
      "type": "Feature",
      "geometry": {
        "type": "Point",
        "coordinates": [
          11.3931303537925,
          55.3584015935903
        ]
      },
      "properties": {
        "name": "Lundby I",
        "feature_id": "animal-atlas-feature:bos-taurus-locality-prjeb75467-lundbyi-denmark",
        "evidence_row_id": "animal-atlas-row:bos-taurus-prjeb75467-bos-taurus-locality-prjeb75467-lundbyi-denmark",
        "site_record_id": "bos_taurus:locality:prjeb75467:lundbyi:denmark",
        "category": "Cattle atlas evidence row",
        "country": "Denmark",
        "layer_key": "progenitor-animal-localities",
        "layer_label": "Wild and progenitor animal aDNA atlas evidence",
        "source_url": "https://doi.org/10.1038/s41586-024-08112-6",
        "popup_rows": [
          {
            "label": "Species",
            "value": "Bos taurus"
          },
          {
            "label": "Support class",
            "value": "ancient_but_too_weak"
          },
          {
            "label": "Animal scope",
            "value": "wild or progenitor context"
          },
          {
            "label": "Mapped sample count",
            "value": "2"
          },
          {
            "label": "Mapped sample identifiers",
            "value": "bos_taurus:sample:prjeb75467:samea115574456, bos_taurus:sample:prjeb75467:samea115574457"
          },
          {
            "label": "Source-native taxa",
            "value": "Bos primigenius (tax_id 9909)"
          },
          {
            "label": "Taxon alignment",
            "value": "project species mismatch"
          },
          {
            "label": "Project accession",
            "value": "PRJEB75467"
          },
          {
            "label": "Paper title",
            "value": "The genomic natural history of the aurochs"
          },
          {
            "label": "Paper DOI",
            "value": "10.1038/s41586-024-08112-6"
          },
          {
            "label": "Publication year",
            "value": "2024"
          },
          {
            "label": "Journal",
            "value": "Nature"
          },
          {
            "label": "Chronology",
            "value": "6748-7744 BP"
          },
          {
            "label": "Chronology evidence class",
            "value": "modeled sample date"
          },
          {
            "label": "Chronology precision posture",
            "value": "sample approximate or modeled"
          },
          {
            "label": "Temporal window",
            "value": "Early Holocene and older (6001+ BP)"
          },
          {
            "label": "Temporal comparison posture",
            "value": "numeric interval with caveat"
          },
          {
            "label": "Temporal comparison note",
            "value": "This chronology carries numeric values, but its evidence class or precision posture still requires caution."
          },
          {
            "label": "Support note",
            "value": "ancient_but_not_domesticated_core"
          },
          {
            "label": "Coordinate basis",
            "value": "supplementary_proximal_site_coordinates"
          },
          {
            "label": "Coordinate confidence",
            "value": "approximate"
          },
          {
            "label": "Coordinate method",
            "value": "direct_supplementary_coordinate_capture"
          },
          {
            "label": "Coordinate gazetteer",
            "value": "not required because the supplementary table ships coordinates"
          },
          {
            "label": "Original place text",
            "value": "Lundby I"
          },
          {
            "label": "Resolved place text",
            "value": "Lundby I"
          },
          {
            "label": "Coordinate rationale",
            "value": "The published supplementary table describes this coordinate as proximal to the site, so it is suitable for approximate locality placement but not an exact specimen findspot."
          },
          {
            "label": "Source locator",
            "value": "Supplementary Data 1!A36:Y36 || Supplementary Data 1!A41:Y41"
          },
          {
            "label": "Source support status",
            "value": "supplementary_table_row"
          },
          {
            "label": "Source evidence text",
            "value": "workbook sample Zea1 | specimen 3/1930 Hovedfelt II, P269/2021PB | locality Lundby I, Denmark | source BP claim 7302 (6754-7744) | canonical BP interval [6754, 7744] | published analysis mean 7302 BP | source taxonomy Bos primigenius | population label \"Holocene Wild Scandinavia\" | admitted only as explicit wild/progenitor context || workbook sample Zea2 | specimen 3/1930 Hovedfelt II, E6, P270/2021PB | locality Lundby I, Denmark | source BP claim 7296 (6748-7744) | canonical BP interval [6748, 7744] | published analysis mean 7296 BP | source taxonomy Bos primigenius | population label \"Holocene Wild Scandinavia\" | admitted only as explicit wild/progenitor context"
          },
          {
            "label": "Nordic relevance",
            "value": "nordic_lead"
          },
          {
            "label": "Nordic note",
            "value": "This locality falls inside the Nordic publication footprint through direct Denmark sample evidence."
          },
          {
            "label": "Interpretation",
            "value": "Sample-level locality comes directly from the recovered sample source row."
          },
          {
            "label": "Warning",
            "value": "Coordinates are approximate, not excavation-grade exact points."
          },
          {
            "label": "Warning",
            "value": "Wild or progenitor evidence: keep visible as evolutionary context, not domesticated-core farming support."
          },
          {
            "label": "Warning",
            "value": "One or more mapped biological samples have a source-native taxon different from the configured project species; inspect Source-native taxa before making domestication claims."
          },
          {
            "label": "Warning",
            "value": "ancient_but_not_domesticated_core"
          }
        ],
        "species_latin_name": "Bos taurus",
        "species_common_name": "cattle",
        "animal_scope": "wild_or_progenitor_context",
        "support_class": "ancient_but_too_weak",
        "temporal_semantics": {
          "schema_version": "temporal-semantics.v1",
          "source_family": "animal_adna",
          "evidence_class": "modeled_sample_date",
          "precision_posture": "sample_approximate_or_modeled",
          "comparability_posture": "numeric_interval_with_caveat",
          "summary_label": "6748-7744 BP",
          "temporal_window_key": "early_holocene_and_older",
          "temporal_window_label": "Early Holocene and older (6001+ BP)",
          "time_start_bp": 6748,
          "time_end_bp": 7744,
          "time_mean_bp": 7246,
          "duration_years": 996,
          "comparison_note": "This chronology carries numeric values, but its evidence class or precision posture still requires caution.",
          "refusal_reason_code": "",
          "provenance_path": "data/adna/governance/source_library/papers/10.1038-s41586-024-08112-6/supplementary/41586_2024_8112_MOESM3_ESM.xlsx",
          "provenance_locator": "Supplementary Data 1!A36:Y36 || Supplementary Data 1!A41:Y41",
          "provenance_excerpt": "workbook sample Zea1 | specimen 3/1930 Hovedfelt II, P269/2021PB | locality Lundby I, Denmark | source BP claim 7302 (6754-7744) | canonical BP interval [6754, 7744] | published analysis mean 7302 BP | source taxonomy Bos primigenius | population label \"Holocene Wild Scandinavia\" | admitted only as explicit wild/progenitor context || workbook sample Zea2 | specimen 3/1930 Hovedfelt II, E6, P270/2021PB | locality Lundby I, Denmark | source BP claim 7296 (6748-7744) | canonical BP interval [6748, 7744] | published analysis mean 7296 BP | source taxonomy Bos primigenius | population label \"Holocene Wild Scandinavia\" | admitted only as explicit wild/progenitor context",
          "original_labels": [
            "6748-7744 BP"
          ],
          "normalized_labels": [],
          "uncertainty_notes": []
        },
        "temporal_window_key": "early_holocene_and_older",
        "temporal_window_label": "Early Holocene and older (6001+ BP)",
        "temporal_comparability_posture": "numeric_interval_with_caveat",
        "temporal_comparison_note": "This chronology carries numeric values, but its evidence class or precision posture still requires caution.",
        "nordic_inclusion": true,
        "nordic_inclusion_reason": "This locality falls inside the Nordic publication footprint through direct Denmark sample evidence.",
        "coordinate_basis": "supplementary_proximal_site_coordinates",
        "coordinate_confidence": "approximate",
        "sample_count": 2,
        "sample_record_ids": [
          "bos_taurus:sample:prjeb75467:samea115574456",
          "bos_taurus:sample:prjeb75467:samea115574457"
        ],
        "sample_group_ids": [
          "PRJEB75467"
        ],
        "source_native_taxon_labels": [
          "Bos primigenius (tax_id 9909)"
        ],
        "source_native_tax_ids": [
          "9909"
        ],
        "source_native_scientific_names": [
          "Bos primigenius"
        ],
        "taxon_alignment_statuses": [
          "project_species_mismatch"
        ],
        "sample_namespace": "bos_taurus:sample_locality",
        "inclusion_notes": [
          "The supplementary workbook identifies this coordinate as proximal to the site; it supports approximate locality placement without implying an exact specimen findspot."
        ],
        "latitude_text": "55.3584015935903",
        "longitude_text": "11.3931303537925",
        "geocoding_method": "direct_supplementary_coordinate_capture",
        "geocoder_or_gazetteer": "not required because the supplementary table ships coordinates",
        "confidence_rationale": "The published supplementary table describes this coordinate as proximal to the site, so it is suitable for approximate locality placement but not an exact specimen findspot.",
        "original_place_text": "Lundby I",
        "resolved_place_text": "Lundby I",
        "paper_title": "The genomic natural history of the aurochs",
        "paper_doi": "10.1038/s41586-024-08112-6",
        "journal_title": "Nature",
        "publication_year": "2024",
        "supplementary_sources": [],
        "project_accessions": [
          "PRJEB75467"
        ],
        "primary_project_accession": "PRJEB75467",
        "inclusion_statuses": [
          "site_curated"
        ],
        "source_artifact_path": "data/adna/governance/source_library/papers/10.1038-s41586-024-08112-6/supplementary/41586_2024_8112_MOESM3_ESM.xlsx",
        "source_artifact_kind": "supplementary_spreadsheet_row",
        "source_locator": "Supplementary Data 1!A36:Y36 || Supplementary Data 1!A41:Y41",
        "source_support_status": "supplementary_table_row",
        "exact_source_text": "workbook sample Zea1 | specimen 3/1930 Hovedfelt II, P269/2021PB | locality Lundby I, Denmark | source BP claim 7302 (6754-7744) | canonical BP interval [6754, 7744] | published analysis mean 7302 BP | source taxonomy Bos primigenius | population label \"Holocene Wild Scandinavia\" | admitted only as explicit wild/progenitor context || workbook sample Zea2 | specimen 3/1930 Hovedfelt II, E6, P270/2021PB | locality Lundby I, Denmark | source BP claim 7296 (6748-7744) | canonical BP interval [6748, 7744] | published analysis mean 7296 BP | source taxonomy Bos primigenius | population label \"Holocene Wild Scandinavia\" | admitted only as explicit wild/progenitor context",
        "time_start_bp": 6748,
        "time_end_bp": 7744,
        "time_mean_bp": 7246,
        "time_year_bp": 7246,
        "time_label": "6748-7744 BP"
      }
    },
    {
      "type": "Feature",
      "geometry": {
        "type": "Point",
        "coordinates": [
          13.2297,
          55.6219
        ]
      },
      "properties": {
        "name": "Nevish\u00f6g",
        "feature_id": "animal-atlas-feature:bos-taurus-locality-prjeb75467-nevishg-sweden",
        "evidence_row_id": "animal-atlas-row:bos-taurus-prjeb75467-bos-taurus-locality-prjeb75467-nevishg-sweden",
        "site_record_id": "bos_taurus:locality:prjeb75467:nevishg:sweden",
        "category": "Cattle atlas evidence row",
        "country": "Sweden",
        "layer_key": "progenitor-animal-localities",
        "layer_label": "Wild and progenitor animal aDNA atlas evidence",
        "source_url": "https://doi.org/10.1038/s41586-024-08112-6",
        "popup_rows": [
          {
            "label": "Species",
            "value": "Bos taurus"
          },
          {
            "label": "Support class",
            "value": "ancient_but_too_weak"
          },
          {
            "label": "Animal scope",
            "value": "wild or progenitor context"
          },
          {
            "label": "Mapped sample count",
            "value": "1"
          },
          {
            "label": "Mapped sample identifiers",
            "value": "bos_taurus:sample:prjeb75467:samea115574441"
          },
          {
            "label": "Source-native taxa",
            "value": "Bos primigenius (tax_id 9909)"
          },
          {
            "label": "Taxon alignment",
            "value": "project species mismatch"
          },
          {
            "label": "Project accession",
            "value": "PRJEB75467"
          },
          {
            "label": "Paper title",
            "value": "The genomic natural history of the aurochs"
          },
          {
            "label": "Paper DOI",
            "value": "10.1038/s41586-024-08112-6"
          },
          {
            "label": "Publication year",
            "value": "2024"
          },
          {
            "label": "Journal",
            "value": "Nature"
          },
          {
            "label": "Chronology",
            "value": "9133-9536 BP"
          },
          {
            "label": "Chronology evidence class",
            "value": "direct radiocarbon date"
          },
          {
            "label": "Chronology precision posture",
            "value": "sample precise interval"
          },
          {
            "label": "Temporal window",
            "value": "Early Holocene and older (6001+ BP)"
          },
          {
            "label": "Temporal comparison posture",
            "value": "numeric interval"
          },
          {
            "label": "Temporal comparison note",
            "value": "This chronology supports interval-based comparison without implying more than the published sample interval."
          },
          {
            "label": "Support note",
            "value": "ancient_but_not_domesticated_core"
          },
          {
            "label": "Coordinate basis",
            "value": "supplementary_proximal_site_coordinates"
          },
          {
            "label": "Coordinate confidence",
            "value": "approximate"
          },
          {
            "label": "Coordinate method",
            "value": "direct_supplementary_coordinate_capture"
          },
          {
            "label": "Coordinate gazetteer",
            "value": "not required because the supplementary table ships coordinates"
          },
          {
            "label": "Original place text",
            "value": "Nevish\u00f6g"
          },
          {
            "label": "Resolved place text",
            "value": "Nevish\u00f6g"
          },
          {
            "label": "Coordinate rationale",
            "value": "The published supplementary table describes this coordinate as proximal to the site, so it is suitable for approximate locality placement but not an exact specimen findspot."
          },
          {
            "label": "Source locator",
            "value": "Supplementary Data 1!A34:Y34"
          },
          {
            "label": "Source support status",
            "value": "supplementary_table_row"
          },
          {
            "label": "Source evidence text",
            "value": "workbook sample Ska1 | specimen Lzzz/3362 L62 | locality Nevish\u00f6g, Sweden | source BP claim 9536-9133 | canonical BP interval [9133, 9536] | published analysis mean 9334.5 BP | source taxonomy Bos primigenius | population label \"Holocene Wild Scandinavia\" | admitted only as explicit wild/progenitor context"
          },
          {
            "label": "Nordic relevance",
            "value": "nordic_lead"
          },
          {
            "label": "Nordic note",
            "value": "This locality falls inside the Nordic publication footprint through direct Sweden sample evidence."
          },
          {
            "label": "Interpretation",
            "value": "Sample-level locality comes directly from the recovered sample source row."
          },
          {
            "label": "Warning",
            "value": "Coordinates are approximate, not excavation-grade exact points."
          },
          {
            "label": "Warning",
            "value": "Wild or progenitor evidence: keep visible as evolutionary context, not domesticated-core farming support."
          },
          {
            "label": "Warning",
            "value": "One or more mapped biological samples have a source-native taxon different from the configured project species; inspect Source-native taxa before making domestication claims."
          },
          {
            "label": "Warning",
            "value": "ancient_but_not_domesticated_core"
          }
        ],
        "species_latin_name": "Bos taurus",
        "species_common_name": "cattle",
        "animal_scope": "wild_or_progenitor_context",
        "support_class": "ancient_but_too_weak",
        "temporal_semantics": {
          "schema_version": "temporal-semantics.v1",
          "source_family": "animal_adna",
          "evidence_class": "direct_radiocarbon_date",
          "precision_posture": "sample_precise_interval",
          "comparability_posture": "numeric_interval",
          "summary_label": "9133-9536 BP",
          "temporal_window_key": "early_holocene_and_older",
          "temporal_window_label": "Early Holocene and older (6001+ BP)",
          "time_start_bp": 9133,
          "time_end_bp": 9536,
          "time_mean_bp": 9334,
          "duration_years": 403,
          "comparison_note": "This chronology supports interval-based comparison without implying more than the published sample interval.",
          "refusal_reason_code": "",
          "provenance_path": "data/adna/governance/source_library/papers/10.1038-s41586-024-08112-6/supplementary/41586_2024_8112_MOESM3_ESM.xlsx",
          "provenance_locator": "Supplementary Data 1!A34:Y34",
          "provenance_excerpt": "workbook sample Ska1 | specimen Lzzz/3362 L62 | locality Nevish\u00f6g, Sweden | source BP claim 9536-9133 | canonical BP interval [9133, 9536] | published analysis mean 9334.5 BP | source taxonomy Bos primigenius | population label \"Holocene Wild Scandinavia\" | admitted only as explicit wild/progenitor context",
          "original_labels": [
            "9133-9536 BP"
          ],
          "normalized_labels": [],
          "uncertainty_notes": []
        },
        "temporal_window_key": "early_holocene_and_older",
        "temporal_window_label": "Early Holocene and older (6001+ BP)",
        "temporal_comparability_posture": "numeric_interval",
        "temporal_comparison_note": "This chronology supports interval-based comparison without implying more than the published sample interval.",
        "nordic_inclusion": true,
        "nordic_inclusion_reason": "This locality falls inside the Nordic publication footprint through direct Sweden sample evidence.",
        "coordinate_basis": "supplementary_proximal_site_coordinates",
        "coordinate_confidence": "approximate",
        "sample_count": 1,
        "sample_record_ids": [
          "bos_taurus:sample:prjeb75467:samea115574441"
        ],
        "sample_group_ids": [
          "PRJEB75467"
        ],
        "source_native_taxon_labels": [
          "Bos primigenius (tax_id 9909)"
        ],
        "source_native_tax_ids": [
          "9909"
        ],
        "source_native_scientific_names": [
          "Bos primigenius"
        ],
        "taxon_alignment_statuses": [
          "project_species_mismatch"
        ],
        "sample_namespace": "bos_taurus:sample_locality",
        "inclusion_notes": [
          "The supplementary workbook identifies this coordinate as proximal to the site; it supports approximate locality placement without implying an exact specimen findspot."
        ],
        "latitude_text": "55.6219",
        "longitude_text": "13.2297",
        "geocoding_method": "direct_supplementary_coordinate_capture",
        "geocoder_or_gazetteer": "not required because the supplementary table ships coordinates",
        "confidence_rationale": "The published supplementary table describes this coordinate as proximal to the site, so it is suitable for approximate locality placement but not an exact specimen findspot.",
        "original_place_text": "Nevish\u00f6g",
        "resolved_place_text": "Nevish\u00f6g",
        "paper_title": "The genomic natural history of the aurochs",
        "paper_doi": "10.1038/s41586-024-08112-6",
        "journal_title": "Nature",
        "publication_year": "2024",
        "supplementary_sources": [],
        "project_accessions": [
          "PRJEB75467"
        ],
        "primary_project_accession": "PRJEB75467",
        "inclusion_statuses": [
          "site_curated"
        ],
        "source_artifact_path": "data/adna/governance/source_library/papers/10.1038-s41586-024-08112-6/supplementary/41586_2024_8112_MOESM3_ESM.xlsx",
        "source_artifact_kind": "supplementary_spreadsheet_row",
        "source_locator": "Supplementary Data 1!A34:Y34",
        "source_support_status": "supplementary_table_row",
        "exact_source_text": "workbook sample Ska1 | specimen Lzzz/3362 L62 | locality Nevish\u00f6g, Sweden | source BP claim 9536-9133 | canonical BP interval [9133, 9536] | published analysis mean 9334.5 BP | source taxonomy Bos primigenius | population label \"Holocene Wild Scandinavia\" | admitted only as explicit wild/progenitor context",
        "time_start_bp": 9133,
        "time_end_bp": 9536,
        "time_mean_bp": 9334,
        "time_year_bp": 9334,
        "time_label": "9133-9536 BP"
      }
    },
    {
      "type": "Feature",
      "geometry": {
        "type": "Point",
        "coordinates": [
          13.8093770947441,
          55.8476269883224
        ]
      },
      "properties": {
        "name": "Sk\u00e5ne",
        "feature_id": "animal-atlas-feature:bos-taurus-locality-prjeb75467-skne-sweden",
        "evidence_row_id": "animal-atlas-row:bos-taurus-prjeb75467-bos-taurus-locality-prjeb75467-skne-sweden",
        "site_record_id": "bos_taurus:locality:prjeb75467:skne:sweden",
        "category": "Cattle atlas evidence row",
        "country": "Sweden",
        "layer_key": "progenitor-animal-localities",
        "layer_label": "Wild and progenitor animal aDNA atlas evidence",
        "source_url": "https://doi.org/10.1038/s41586-024-08112-6",
        "popup_rows": [
          {
            "label": "Species",
            "value": "Bos taurus"
          },
          {
            "label": "Support class",
            "value": "ancient_but_too_weak"
          },
          {
            "label": "Animal scope",
            "value": "wild or progenitor context"
          },
          {
            "label": "Mapped sample count",
            "value": "1"
          },
          {
            "label": "Mapped sample identifiers",
            "value": "bos_taurus:sample:prjeb75467:samea115574442"
          },
          {
            "label": "Source-native taxa",
            "value": "Bos primigenius (tax_id 9909)"
          },
          {
            "label": "Taxon alignment",
            "value": "project species mismatch"
          },
          {
            "label": "Project accession",
            "value": "PRJEB75467"
          },
          {
            "label": "Paper title",
            "value": "The genomic natural history of the aurochs"
          },
          {
            "label": "Paper DOI",
            "value": "10.1038/s41586-024-08112-6"
          },
          {
            "label": "Publication year",
            "value": "2024"
          },
          {
            "label": "Journal",
            "value": "Nature"
          },
          {
            "label": "Chronology",
            "value": "9434-9657 BP"
          },
          {
            "label": "Chronology evidence class",
            "value": "direct radiocarbon date"
          },
          {
            "label": "Chronology precision posture",
            "value": "sample precise interval"
          },
          {
            "label": "Temporal window",
            "value": "Early Holocene and older (6001+ BP)"
          },
          {
            "label": "Temporal comparison posture",
            "value": "numeric interval"
          },
          {
            "label": "Temporal comparison note",
            "value": "This chronology supports interval-based comparison without implying more than the published sample interval."
          },
          {
            "label": "Support note",
            "value": "ancient_but_not_domesticated_core"
          },
          {
            "label": "Coordinate basis",
            "value": "supplementary_proximal_site_coordinates"
          },
          {
            "label": "Coordinate confidence",
            "value": "approximate"
          },
          {
            "label": "Coordinate method",
            "value": "direct_supplementary_coordinate_capture"
          },
          {
            "label": "Coordinate gazetteer",
            "value": "not required because the supplementary table ships coordinates"
          },
          {
            "label": "Original place text",
            "value": "Sk\u00e5ne"
          },
          {
            "label": "Resolved place text",
            "value": "Sk\u00e5ne"
          },
          {
            "label": "Coordinate rationale",
            "value": "The published supplementary table describes this coordinate as proximal to the site, so it is suitable for approximate locality placement but not an exact specimen findspot."
          },
          {
            "label": "Source locator",
            "value": "Supplementary Data 1!A33:Y33"
          },
          {
            "label": "Source support status",
            "value": "supplementary_table_row"
          },
          {
            "label": "Source evidence text",
            "value": "workbook sample Ska3 | specimen Lzzz/3284 L84 | locality Sk\u00e5ne, Sweden | source BP claim 9657-9434 | canonical BP interval [9434, 9657] | published analysis mean 9545.5 BP | source taxonomy Bos primigenius | population label \"Holocene Wild Scandinavia\" | admitted only as explicit wild/progenitor context"
          },
          {
            "label": "Nordic relevance",
            "value": "nordic_lead"
          },
          {
            "label": "Nordic note",
            "value": "This locality falls inside the Nordic publication footprint through direct Sweden sample evidence."
          },
          {
            "label": "Interpretation",
            "value": "Sample-level locality comes directly from the recovered sample source row."
          },
          {
            "label": "Warning",
            "value": "Coordinates are approximate, not excavation-grade exact points."
          },
          {
            "label": "Warning",
            "value": "Wild or progenitor evidence: keep visible as evolutionary context, not domesticated-core farming support."
          },
          {
            "label": "Warning",
            "value": "One or more mapped biological samples have a source-native taxon different from the configured project species; inspect Source-native taxa before making domestication claims."
          },
          {
            "label": "Warning",
            "value": "ancient_but_not_domesticated_core"
          }
        ],
        "species_latin_name": "Bos taurus",
        "species_common_name": "cattle",
        "animal_scope": "wild_or_progenitor_context",
        "support_class": "ancient_but_too_weak",
        "temporal_semantics": {
          "schema_version": "temporal-semantics.v1",
          "source_family": "animal_adna",
          "evidence_class": "direct_radiocarbon_date",
          "precision_posture": "sample_precise_interval",
          "comparability_posture": "numeric_interval",
          "summary_label": "9434-9657 BP",
          "temporal_window_key": "early_holocene_and_older",
          "temporal_window_label": "Early Holocene and older (6001+ BP)",
          "time_start_bp": 9434,
          "time_end_bp": 9657,
          "time_mean_bp": 9546,
          "duration_years": 223,
          "comparison_note": "This chronology supports interval-based comparison without implying more than the published sample interval.",
          "refusal_reason_code": "",
          "provenance_path": "data/adna/governance/source_library/papers/10.1038-s41586-024-08112-6/supplementary/41586_2024_8112_MOESM3_ESM.xlsx",
          "provenance_locator": "Supplementary Data 1!A33:Y33",
          "provenance_excerpt": "workbook sample Ska3 | specimen Lzzz/3284 L84 | locality Sk\u00e5ne, Sweden | source BP claim 9657-9434 | canonical BP interval [9434, 9657] | published analysis mean 9545.5 BP | source taxonomy Bos primigenius | population label \"Holocene Wild Scandinavia\" | admitted only as explicit wild/progenitor context",
          "original_labels": [
            "9434-9657 BP"
          ],
          "normalized_labels": [],
          "uncertainty_notes": []
        },
        "temporal_window_key": "early_holocene_and_older",
        "temporal_window_label": "Early Holocene and older (6001+ BP)",
        "temporal_comparability_posture": "numeric_interval",
        "temporal_comparison_note": "This chronology supports interval-based comparison without implying more than the published sample interval.",
        "nordic_inclusion": true,
        "nordic_inclusion_reason": "This locality falls inside the Nordic publication footprint through direct Sweden sample evidence.",
        "coordinate_basis": "supplementary_proximal_site_coordinates",
        "coordinate_confidence": "approximate",
        "sample_count": 1,
        "sample_record_ids": [
          "bos_taurus:sample:prjeb75467:samea115574442"
        ],
        "sample_group_ids": [
          "PRJEB75467"
        ],
        "source_native_taxon_labels": [
          "Bos primigenius (tax_id 9909)"
        ],
        "source_native_tax_ids": [
          "9909"
        ],
        "source_native_scientific_names": [
          "Bos primigenius"
        ],
        "taxon_alignment_statuses": [
          "project_species_mismatch"
        ],
        "sample_namespace": "bos_taurus:sample_locality",
        "inclusion_notes": [
          "The supplementary workbook identifies this coordinate as proximal to the site; it supports approximate locality placement without implying an exact specimen findspot."
        ],
        "latitude_text": "55.8476269883224",
        "longitude_text": "13.8093770947441",
        "geocoding_method": "direct_supplementary_coordinate_capture",
        "geocoder_or_gazetteer": "not required because the supplementary table ships coordinates",
        "confidence_rationale": "The published supplementary table describes this coordinate as proximal to the site, so it is suitable for approximate locality placement but not an exact specimen findspot.",
        "original_place_text": "Sk\u00e5ne",
        "resolved_place_text": "Sk\u00e5ne",
        "paper_title": "The genomic natural history of the aurochs",
        "paper_doi": "10.1038/s41586-024-08112-6",
        "journal_title": "Nature",
        "publication_year": "2024",
        "supplementary_sources": [],
        "project_accessions": [
          "PRJEB75467"
        ],
        "primary_project_accession": "PRJEB75467",
        "inclusion_statuses": [
          "site_curated"
        ],
        "source_artifact_path": "data/adna/governance/source_library/papers/10.1038-s41586-024-08112-6/supplementary/41586_2024_8112_MOESM3_ESM.xlsx",
        "source_artifact_kind": "supplementary_spreadsheet_row",
        "source_locator": "Supplementary Data 1!A33:Y33",
        "source_support_status": "supplementary_table_row",
        "exact_source_text": "workbook sample Ska3 | specimen Lzzz/3284 L84 | locality Sk\u00e5ne, Sweden | source BP claim 9657-9434 | canonical BP interval [9434, 9657] | published analysis mean 9545.5 BP | source taxonomy Bos primigenius | population label \"Holocene Wild Scandinavia\" | admitted only as explicit wild/progenitor context",
        "time_start_bp": 9434,
        "time_end_bp": 9657,
        "time_mean_bp": 9546,
        "time_year_bp": 9546,
        "time_label": "9434-9657 BP"
      }
    },
    {
      "type": "Feature",
      "geometry": {
        "type": "Point",
        "coordinates": [
          36.653883,
          37.8578
        ]
      },
      "properties": {
        "name": "Direkli Cave",
        "feature_id": "animal-atlas-feature:capra-hircus-locality-prjeb90141-direklicave-taurusmountainsturkey",
        "evidence_row_id": "animal-atlas-row:capra-hircus-prjeb90141-capra-hircus-locality-prjeb90141-direklicave-taurusmountainsturkey",
        "site_record_id": "capra_hircus:locality:prjeb90141:direklicave:taurusmountainsturkey",
        "category": "Goat atlas evidence row",
        "country": "Taurus Mountains, Turkey",
        "layer_key": "progenitor-animal-localities",
        "layer_label": "Wild and progenitor animal aDNA atlas evidence",
        "source_url": "https://doi.org/10.1093/gbe/evaf181",
        "popup_rows": [
          {
            "label": "Species",
            "value": "Capra hircus"
          },
          {
            "label": "Support class",
            "value": "accepted"
          },
          {
            "label": "Animal scope",
            "value": "wild or progenitor context"
          },
          {
            "label": "Mapped sample count",
            "value": "1"
          },
          {
            "label": "Mapped sample identifiers",
            "value": "capra_hircus:sample:prjeb90141:samea4453841"
          },
          {
            "label": "Taxon alignment",
            "value": "not reported"
          },
          {
            "label": "Project accession",
            "value": "PRJEB90141"
          },
          {
            "label": "Paper title",
            "value": "Inferring Domestic Goat Demographic History Through Ancient Genome Imputation"
          },
          {
            "label": "Paper DOI",
            "value": "10.1093/gbe/evaf181"
          },
          {
            "label": "Publication year",
            "value": "2025"
          },
          {
            "label": "Journal",
            "value": "Genome Biology and Evolution"
          },
          {
            "label": "Chronology",
            "value": "13169-13316 BP"
          },
          {
            "label": "Chronology evidence class",
            "value": "direct radiocarbon date"
          },
          {
            "label": "Chronology precision posture",
            "value": "sample precise interval"
          },
          {
            "label": "Temporal window",
            "value": "Early Holocene and older (6001+ BP)"
          },
          {
            "label": "Temporal comparison posture",
            "value": "numeric interval"
          },
          {
            "label": "Temporal comparison note",
            "value": "This chronology supports interval-based comparison without implying more than the published sample interval."
          },
          {
            "label": "Support note",
            "value": "admissible_for_curated_support"
          },
          {
            "label": "Coordinate basis",
            "value": "supplementary_table_coordinates"
          },
          {
            "label": "Coordinate confidence",
            "value": "exact"
          },
          {
            "label": "Coordinate method",
            "value": "direct_supplementary_coordinate_capture"
          },
          {
            "label": "Coordinate gazetteer",
            "value": "not required because the supplementary table ships coordinates"
          },
          {
            "label": "Original place text",
            "value": "Direkli Cave"
          },
          {
            "label": "Resolved place text",
            "value": "Direkli Cave"
          },
          {
            "label": "Coordinate rationale",
            "value": "The published supplementary table provides direct coordinates for this locality."
          },
          {
            "label": "Source locator",
            "value": "Table S2 downsampled samples!row2"
          },
          {
            "label": "Source support status",
            "value": "supplementary_table_row"
          },
          {
            "label": "Source evidence text",
            "value": "Direkli1-2 | 11.21 | Direkli Cave | Taurus Mountains, Turkey | 37.857799999999997 | 36.653883 | F | 11367-11220 BCE | Turkish Bezoar, Taurus Mountains | 3.3399999999999999E-2 | 4.9500000000000002E-2 | SAMEA4453841; SAMEA4453842 | 19382004 | 1625844"
          },
          {
            "label": "Nordic relevance",
            "value": "non_nordic_or_comparator"
          },
          {
            "label": "Nordic note",
            "value": "The current curated project inventory does not yet identify a shipped Nordic-localized lead for this record."
          },
          {
            "label": "Interpretation",
            "value": "Sample-level locality comes directly from the recovered sample source row."
          },
          {
            "label": "Warning",
            "value": "Wild or progenitor evidence: keep visible as evolutionary context, not domesticated-core farming support."
          },
          {
            "label": "Warning",
            "value": "This locality is outside the Nordic lead set and remains atlas context, not Nordic-localized support."
          },
          {
            "label": "Warning",
            "value": "admissible_for_curated_support"
          }
        ],
        "species_latin_name": "Capra hircus",
        "species_common_name": "goat",
        "animal_scope": "wild_or_progenitor_context",
        "support_class": "accepted",
        "temporal_semantics": {
          "schema_version": "temporal-semantics.v1",
          "source_family": "animal_adna",
          "evidence_class": "direct_radiocarbon_date",
          "precision_posture": "sample_precise_interval",
          "comparability_posture": "numeric_interval",
          "summary_label": "13169-13316 BP",
          "temporal_window_key": "early_holocene_and_older",
          "temporal_window_label": "Early Holocene and older (6001+ BP)",
          "time_start_bp": 13169,
          "time_end_bp": 13316,
          "time_mean_bp": 13242,
          "duration_years": 147,
          "comparison_note": "This chronology supports interval-based comparison without implying more than the published sample interval.",
          "refusal_reason_code": "",
          "provenance_path": "data/adna/governance/source_library/papers/10.1093-gbe-evaf181/supplementary/GBE_Supplementary_Tables_S1-18_Goat_imputation.xlsx",
          "provenance_locator": "Table S2 downsampled samples!row2",
          "provenance_excerpt": "Direkli1-2 | 11.21 | Direkli Cave | Taurus Mountains, Turkey | 37.857799999999997 | 36.653883 | F | 11367-11220 BCE | Turkish Bezoar, Taurus Mountains | 3.3399999999999999E-2 | 4.9500000000000002E-2 | SAMEA4453841; SAMEA4453842 | 19382004 | 1625844",
          "original_labels": [
            "13169-13316 BP"
          ],
          "normalized_labels": [],
          "uncertainty_notes": []
        },
        "temporal_window_key": "early_holocene_and_older",
        "temporal_window_label": "Early Holocene and older (6001+ BP)",
        "temporal_comparability_posture": "numeric_interval",
        "temporal_comparison_note": "This chronology supports interval-based comparison without implying more than the published sample interval.",
        "nordic_inclusion": false,
        "nordic_inclusion_reason": "The current curated project inventory does not yet identify a shipped Nordic-localized lead for this record.",
        "coordinate_basis": "supplementary_table_coordinates",
        "coordinate_confidence": "exact",
        "sample_count": 1,
        "sample_record_ids": [
          "capra_hircus:sample:prjeb90141:samea4453841"
        ],
        "sample_group_ids": [
          "PRJEB90141"
        ],
        "source_native_taxon_labels": [],
        "source_native_tax_ids": [],
        "source_native_scientific_names": [],
        "taxon_alignment_statuses": [
          "not_reported"
        ],
        "sample_namespace": "capra_hircus:sample_locality",
        "inclusion_notes": [
          "Sample-level locality comes directly from the recovered sample source row."
        ],
        "latitude_text": "37.857799999999997",
        "longitude_text": "36.653883",
        "geocoding_method": "direct_supplementary_coordinate_capture",
        "geocoder_or_gazetteer": "not required because the supplementary table ships coordinates",
        "confidence_rationale": "The published supplementary table provides direct coordinates for this locality.",
        "original_place_text": "Direkli Cave",
        "resolved_place_text": "Direkli Cave",
        "paper_title": "Inferring Domestic Goat Demographic History Through Ancient Genome Imputation",
        "paper_doi": "10.1093/gbe/evaf181",
        "journal_title": "Genome Biology and Evolution",
        "publication_year": "2025",
        "supplementary_sources": [],
        "project_accessions": [
          "PRJEB90141"
        ],
        "primary_project_accession": "PRJEB90141",
        "inclusion_statuses": [
          "site_curated"
        ],
        "source_artifact_path": "data/adna/governance/source_library/papers/10.1093-gbe-evaf181/supplementary/GBE_Supplementary_Tables_S1-18_Goat_imputation.xlsx",
        "source_artifact_kind": "supplementary_spreadsheet_row",
        "source_locator": "Table S2 downsampled samples!row2",
        "source_support_status": "supplementary_table_row",
        "exact_source_text": "Direkli1-2 | 11.21 | Direkli Cave | Taurus Mountains, Turkey | 37.857799999999997 | 36.653883 | F | 11367-11220 BCE | Turkish Bezoar, Taurus Mountains | 3.3399999999999999E-2 | 4.9500000000000002E-2 | SAMEA4453841; SAMEA4453842 | 19382004 | 1625844",
        "time_start_bp": 13169,
        "time_end_bp": 13316,
        "time_mean_bp": 13242,
        "time_year_bp": 13242,
        "time_label": "13169-13316 BP"
      }
    },
    {
      "type": "Feature",
      "geometry": {
        "type": "Point",
        "coordinates": [
          134.766666666666,
          67.5666667
        ]
      },
      "properties": {
        "name": "Batagai",
        "feature_id": "animal-atlas-feature:equus-caballus-locality-prjeb31613-batagai-russia",
        "evidence_row_id": "animal-atlas-row:equus-caballus-prjeb31613-equus-caballus-locality-prjeb31613-batagai-russia",
        "site_record_id": "equus_caballus:locality:prjeb31613:batagai:russia",
        "category": "Horse atlas evidence row",
        "country": "Russia",
        "layer_key": "progenitor-animal-localities",
        "layer_label": "Wild and progenitor animal aDNA atlas evidence",
        "source_url": "https://doi.org/10.1016/j.cell.2019.03.049",
        "popup_rows": [
          {
            "label": "Species",
            "value": "Equus caballus"
          },
          {
            "label": "Support class",
            "value": "accepted"
          },
          {
            "label": "Animal scope",
            "value": "wild or progenitor context"
          },
          {
            "label": "Mapped sample count",
            "value": "1"
          },
          {
            "label": "Mapped sample identifiers",
            "value": "equus_caballus:sample:prjeb31613:batagai_5155"
          },
          {
            "label": "Taxon alignment",
            "value": "not reported"
          },
          {
            "label": "Project accession",
            "value": "PRJEB31613"
          },
          {
            "label": "Paper title",
            "value": "Tracking Five Millennia of Horse Management with Extensive Ancient Genome Time Series"
          },
          {
            "label": "Paper DOI",
            "value": "10.1016/j.cell.2019.03.049"
          },
          {
            "label": "Publication year",
            "value": "2019"
          },
          {
            "label": "Journal",
            "value": "Cell"
          },
          {
            "label": "Chronology",
            "value": "5155 BP"
          },
          {
            "label": "Chronology evidence class",
            "value": "direct radiocarbon date"
          },
          {
            "label": "Chronology precision posture",
            "value": "sample precise point"
          },
          {
            "label": "Temporal window",
            "value": "Mid-Holocene (3001-6000 BP)"
          },
          {
            "label": "Temporal comparison posture",
            "value": "numeric interval"
          },
          {
            "label": "Temporal comparison note",
            "value": "This chronology supports interval-based comparison without implying more than the published sample interval."
          },
          {
            "label": "Support note",
            "value": "admissible_for_curated_support"
          },
          {
            "label": "Coordinate basis",
            "value": "supplementary_table_coordinates"
          },
          {
            "label": "Coordinate confidence",
            "value": "exact"
          },
          {
            "label": "Coordinate method",
            "value": "direct_supplementary_coordinate_capture"
          },
          {
            "label": "Coordinate gazetteer",
            "value": "not required because the supplementary table ships coordinates"
          },
          {
            "label": "Original place text",
            "value": "Batagai"
          },
          {
            "label": "Resolved place text",
            "value": "Batagai"
          },
          {
            "label": "Coordinate rationale",
            "value": "The published supplementary table provides direct coordinates for this locality."
          },
          {
            "label": "Source locator",
            "value": "Sheet1!row24"
          },
          {
            "label": "Source support status",
            "value": "supplementary_table_row"
          },
          {
            "label": "Source evidence text",
            "value": "Batagai_5155 | N/A | wild Archaic  | 5155 | Batagai | 67.566666699999999 | 134.766666666666 | Russia | horse | male  | 499.60119832200002 | 23.064985801999999 | 0 | 0 | 0 | 0"
          },
          {
            "label": "Nordic relevance",
            "value": "non_nordic_or_comparator"
          },
          {
            "label": "Nordic note",
            "value": "The current curated project inventory does not yet identify a shipped Nordic-localized lead for this record."
          },
          {
            "label": "Interpretation",
            "value": "Sample-level locality comes directly from the recovered sample source row."
          },
          {
            "label": "Warning",
            "value": "Wild or progenitor evidence: keep visible as evolutionary context, not domesticated-core farming support."
          },
          {
            "label": "Warning",
            "value": "This locality is outside the Nordic lead set and remains atlas context, not Nordic-localized support."
          },
          {
            "label": "Warning",
            "value": "admissible_for_curated_support"
          }
        ],
        "species_latin_name": "Equus caballus",
        "species_common_name": "horse",
        "animal_scope": "wild_or_progenitor_context",
        "support_class": "accepted",
        "temporal_semantics": {
          "schema_version": "temporal-semantics.v1",
          "source_family": "animal_adna",
          "evidence_class": "direct_radiocarbon_date",
          "precision_posture": "sample_precise_point",
          "comparability_posture": "numeric_interval",
          "summary_label": "5155 BP",
          "temporal_window_key": "mid_holocene",
          "temporal_window_label": "Mid-Holocene (3001-6000 BP)",
          "time_start_bp": 5155,
          "time_end_bp": 5155,
          "time_mean_bp": 5155,
          "duration_years": 0,
          "comparison_note": "This chronology supports interval-based comparison without implying more than the published sample interval.",
          "refusal_reason_code": "",
          "provenance_path": "data/adna/governance/source_library/papers/10.1016-j.cell.2019.03.049/supplementary/1-s2.0-S0092867419303848-mmc1.xlsx",
          "provenance_locator": "Sheet1!row24",
          "provenance_excerpt": "Batagai_5155 | N/A | wild Archaic  | 5155 | Batagai | 67.566666699999999 | 134.766666666666 | Russia | horse | male  | 499.60119832200002 | 23.064985801999999 | 0 | 0 | 0 | 0",
          "original_labels": [
            "5155 BP"
          ],
          "normalized_labels": [],
          "uncertainty_notes": []
        },
        "temporal_window_key": "mid_holocene",
        "temporal_window_label": "Mid-Holocene (3001-6000 BP)",
        "temporal_comparability_posture": "numeric_interval",
        "temporal_comparison_note": "This chronology supports interval-based comparison without implying more than the published sample interval.",
        "nordic_inclusion": false,
        "nordic_inclusion_reason": "The current curated project inventory does not yet identify a shipped Nordic-localized lead for this record.",
        "coordinate_basis": "supplementary_table_coordinates",
        "coordinate_confidence": "exact",
        "sample_count": 1,
        "sample_record_ids": [
          "equus_caballus:sample:prjeb31613:batagai_5155"
        ],
        "sample_group_ids": [
          "PRJEB31613"
        ],
        "source_native_taxon_labels": [],
        "source_native_tax_ids": [],
        "source_native_scientific_names": [],
        "taxon_alignment_statuses": [
          "not_reported"
        ],
        "sample_namespace": "equus_caballus:sample_locality",
        "inclusion_notes": [
          "Sample-level locality comes directly from the recovered sample source row."
        ],
        "latitude_text": "67.566666699999999",
        "longitude_text": "134.766666666666",
        "geocoding_method": "direct_supplementary_coordinate_capture",
        "geocoder_or_gazetteer": "not required because the supplementary table ships coordinates",
        "confidence_rationale": "The published supplementary table provides direct coordinates for this locality.",
        "original_place_text": "Batagai",
        "resolved_place_text": "Batagai",
        "paper_title": "Tracking Five Millennia of Horse Management with Extensive Ancient Genome Time Series",
        "paper_doi": "10.1016/j.cell.2019.03.049",
        "journal_title": "Cell",
        "publication_year": "2019",
        "supplementary_sources": [],
        "project_accessions": [
          "PRJEB31613"
        ],
        "primary_project_accession": "PRJEB31613",
        "inclusion_statuses": [
          "site_curated"
        ],
        "source_artifact_path": "data/adna/governance/source_library/papers/10.1016-j.cell.2019.03.049/supplementary/1-s2.0-S0092867419303848-mmc1.xlsx",
        "source_artifact_kind": "supplementary_spreadsheet_row",
        "source_locator": "Sheet1!row24",
        "source_support_status": "supplementary_table_row",
        "exact_source_text": "Batagai_5155 | N/A | wild Archaic  | 5155 | Batagai | 67.566666699999999 | 134.766666666666 | Russia | horse | male  | 499.60119832200002 | 23.064985801999999 | 0 | 0 | 0 | 0",
        "time_start_bp": 5155,
        "time_end_bp": 5155,
        "time_mean_bp": 5155,
        "time_year_bp": 5155,
        "time_label": "5155 BP"
      }
    },
    {
      "type": "Feature",
      "geometry": {
        "type": "Point",
        "coordinates": [
          5.00911,
          50.44667
        ]
      },
      "properties": {
        "name": "Goyet",
        "feature_id": "animal-atlas-feature:equus-caballus-locality-prjeb31613-goyet-belgium",
        "evidence_row_id": "animal-atlas-row:equus-caballus-prjeb31613-equus-caballus-locality-prjeb31613-goyet-belgium",
        "site_record_id": "equus_caballus:locality:prjeb31613:goyet:belgium",
        "category": "Horse atlas evidence row",
        "country": "Belgium",
        "layer_key": "progenitor-animal-localities",
        "layer_label": "Wild and progenitor animal aDNA atlas evidence",
        "source_url": "https://doi.org/10.1016/j.cell.2019.03.049",
        "popup_rows": [
          {
            "label": "Species",
            "value": "Equus caballus"
          },
          {
            "label": "Support class",
            "value": "accepted"
          },
          {
            "label": "Animal scope",
            "value": "wild or progenitor context"
          },
          {
            "label": "Mapped sample count",
            "value": "4"
          },
          {
            "label": "Mapped sample identifiers",
            "value": "equus_caballus:sample:prjeb31613:cgg_1_018522, equus_caballus:sample:prjeb31613:cgg_1_018529, equus_caballus:sample:prjeb31613:cgg_1_018533, equus_caballus:sample:prjeb31613:cgg_1_018540"
          },
          {
            "label": "Taxon alignment",
            "value": "not reported"
          },
          {
            "label": "Project accession",
            "value": "PRJEB31613"
          },
          {
            "label": "Paper title",
            "value": "Tracking Five Millennia of Horse Management with Extensive Ancient Genome Time Series"
          },
          {
            "label": "Paper DOI",
            "value": "10.1016/j.cell.2019.03.049"
          },
          {
            "label": "Publication year",
            "value": "2019"
          },
          {
            "label": "Journal",
            "value": "Cell"
          },
          {
            "label": "Chronology",
            "value": "31750-35870 BP"
          },
          {
            "label": "Chronology evidence class",
            "value": "direct radiocarbon date"
          },
          {
            "label": "Chronology precision posture",
            "value": "sample precise interval"
          },
          {
            "label": "Temporal window",
            "value": "Early Holocene and older (6001+ BP)"
          },
          {
            "label": "Temporal comparison posture",
            "value": "numeric interval"
          },
          {
            "label": "Temporal comparison note",
            "value": "This chronology supports interval-based comparison without implying more than the published sample interval."
          },
          {
            "label": "Support note",
            "value": "admissible_for_curated_support"
          },
          {
            "label": "Coordinate basis",
            "value": "supplementary_table_coordinates"
          },
          {
            "label": "Coordinate confidence",
            "value": "exact"
          },
          {
            "label": "Coordinate method",
            "value": "direct_supplementary_coordinate_capture"
          },
          {
            "label": "Coordinate gazetteer",
            "value": "not required because the supplementary table ships coordinates"
          },
          {
            "label": "Original place text",
            "value": "Goyet"
          },
          {
            "label": "Resolved place text",
            "value": "Goyet"
          },
          {
            "label": "Coordinate rationale",
            "value": "The published supplementary table provides direct coordinates for this locality."
          },
          {
            "label": "Source locator",
            "value": "Sheet1!row137"
          },
          {
            "label": "Source support status",
            "value": "supplementary_table_row"
          },
          {
            "label": "Source evidence text",
            "value": "Goyet_Vert293_UpperPalaeolithic | CGG_1_018522 | Upper Palaeolithic | - | Goyet | 50.446669999999997 | 5.0091099999999997 | Belgium | horse | female | 23.455182740000001 | 2.1829194185200001E-2 | 0 | 0 | 0 | 0"
          },
          {
            "label": "Nordic relevance",
            "value": "non_nordic_or_comparator"
          },
          {
            "label": "Nordic note",
            "value": "The current curated project inventory does not yet identify a shipped Nordic-localized lead for this record."
          },
          {
            "label": "Interpretation",
            "value": "Sample-level locality comes directly from the recovered sample source row."
          },
          {
            "label": "Warning",
            "value": "Wild or progenitor evidence: keep visible as evolutionary context, not domesticated-core farming support."
          },
          {
            "label": "Warning",
            "value": "This locality is outside the Nordic lead set and remains atlas context, not Nordic-localized support."
          },
          {
            "label": "Warning",
            "value": "admissible_for_curated_support"
          }
        ],
        "species_latin_name": "Equus caballus",
        "species_common_name": "horse",
        "animal_scope": "wild_or_progenitor_context",
        "support_class": "accepted",
        "temporal_semantics": {
          "schema_version": "temporal-semantics.v1",
          "source_family": "animal_adna",
          "evidence_class": "direct_radiocarbon_date",
          "precision_posture": "sample_precise_interval",
          "comparability_posture": "numeric_interval",
          "summary_label": "31750-35870 BP",
          "temporal_window_key": "early_holocene_and_older",
          "temporal_window_label": "Early Holocene and older (6001+ BP)",
          "time_start_bp": 31750,
          "time_end_bp": 35870,
          "time_mean_bp": 33810,
          "duration_years": 4120,
          "comparison_note": "This chronology supports interval-based comparison without implying more than the published sample interval.",
          "refusal_reason_code": "",
          "provenance_path": "data/adna/governance/source_library/papers/10.1016-j.cell.2019.03.049/supplementary/1-s2.0-S0092867419303848-mmc1.xlsx",
          "provenance_locator": "Sheet1!row137",
          "provenance_excerpt": "Goyet_Vert293_UpperPalaeolithic | CGG_1_018522 | Upper Palaeolithic | - | Goyet | 50.446669999999997 | 5.0091099999999997 | Belgium | horse | female | 23.455182740000001 | 2.1829194185200001E-2 | 0 | 0 | 0 | 0",
          "original_labels": [
            "31750-35870 BP"
          ],
          "normalized_labels": [],
          "uncertainty_notes": []
        },
        "temporal_window_key": "early_holocene_and_older",
        "temporal_window_label": "Early Holocene and older (6001+ BP)",
        "temporal_comparability_posture": "numeric_interval",
        "temporal_comparison_note": "This chronology supports interval-based comparison without implying more than the published sample interval.",
        "nordic_inclusion": false,
        "nordic_inclusion_reason": "The current curated project inventory does not yet identify a shipped Nordic-localized lead for this record.",
        "coordinate_basis": "supplementary_table_coordinates",
        "coordinate_confidence": "exact",
        "sample_count": 4,
        "sample_record_ids": [
          "equus_caballus:sample:prjeb31613:cgg_1_018522",
          "equus_caballus:sample:prjeb31613:cgg_1_018529",
          "equus_caballus:sample:prjeb31613:cgg_1_018533",
          "equus_caballus:sample:prjeb31613:cgg_1_018540"
        ],
        "sample_group_ids": [
          "PRJEB31613"
        ],
        "source_native_taxon_labels": [],
        "source_native_tax_ids": [],
        "source_native_scientific_names": [],
        "taxon_alignment_statuses": [
          "not_reported"
        ],
        "sample_namespace": "equus_caballus:sample_locality",
        "inclusion_notes": [
          "Sample-level locality comes directly from the recovered sample source row."
        ],
        "latitude_text": "50.446669999999997",
        "longitude_text": "5.0091099999999997",
        "geocoding_method": "direct_supplementary_coordinate_capture",
        "geocoder_or_gazetteer": "not required because the supplementary table ships coordinates",
        "confidence_rationale": "The published supplementary table provides direct coordinates for this locality.",
        "original_place_text": "Goyet",
        "resolved_place_text": "Goyet",
        "paper_title": "Tracking Five Millennia of Horse Management with Extensive Ancient Genome Time Series",
        "paper_doi": "10.1016/j.cell.2019.03.049",
        "journal_title": "Cell",
        "publication_year": "2019",
        "supplementary_sources": [],
        "project_accessions": [
          "PRJEB31613"
        ],
        "primary_project_accession": "PRJEB31613",
        "inclusion_statuses": [
          "site_curated"
        ],
        "source_artifact_path": "data/adna/governance/source_library/papers/10.1016-j.cell.2019.03.049/supplementary/1-s2.0-S0092867419303848-mmc1.xlsx",
        "source_artifact_kind": "supplementary_spreadsheet_row",
        "source_locator": "Sheet1!row137",
        "source_support_status": "supplementary_table_row",
        "exact_source_text": "Goyet_Vert293_UpperPalaeolithic | CGG_1_018522 | Upper Palaeolithic | - | Goyet | 50.446669999999997 | 5.0091099999999997 | Belgium | horse | female | 23.455182740000001 | 2.1829194185200001E-2 | 0 | 0 | 0 | 0",
        "time_start_bp": 31750,
        "time_end_bp": 35870,
        "time_mean_bp": 33810,
        "time_year_bp": 33810,
        "time_label": "31750-35870 BP"
      }
    },
    {
      "type": "Feature",
      "geometry": {
        "type": "Point",
        "coordinates": [
          1.692232,
          44.499039
        ]
      },
      "properties": {
        "name": "Igue du Gral",
        "feature_id": "animal-atlas-feature:equus-caballus-locality-prjeb44430-iguedugral-france",
        "evidence_row_id": "animal-atlas-row:equus-caballus-prjeb44430-equus-caballus-locality-prjeb44430-iguedugral-france",
        "site_record_id": "equus_caballus:locality:prjeb44430:iguedugral:france",
        "category": "Horse atlas evidence row",
        "country": "France",
        "layer_key": "progenitor-animal-localities",
        "layer_label": "Wild and progenitor animal aDNA atlas evidence",
        "source_url": "https://doi.org/10.1038/s41586-021-04018-9",
        "popup_rows": [
          {
            "label": "Species",
            "value": "Equus caballus"
          },
          {
            "label": "Support class",
            "value": "accepted"
          },
          {
            "label": "Animal scope",
            "value": "wild or progenitor context"
          },
          {
            "label": "Mapped sample count",
            "value": "12"
          },
          {
            "label": "Mapped sample identifiers",
            "value": "equus_caballus:sample:prjeb44430:samea9533239, equus_caballus:sample:prjeb44430:samea9533240, equus_caballus:sample:prjeb44430:samea9533241, equus_caballus:sample:prjeb44430:samea9533242, equus_caballus:sample:prjeb44430:samea9533243, equus_caballus:sample:prjeb44430:samea9533244, equus_caballus:sample:prjeb44430:samea9533245, equus_caballus:sample:prjeb44430:samea9533246, equus_caballus:sample:prjeb44430:samea9533247, equus_caballus:sample:prjeb44430:samea9533248, equus_caballus:sample:prjeb44430:samea9533249, equus_caballus:sample:prjeb44430:samea9533250"
          },
          {
            "label": "Taxon alignment",
            "value": "not reported"
          },
          {
            "label": "Project accession",
            "value": "PRJEB44430"
          },
          {
            "label": "Paper title",
            "value": "The origins and spread of domestic horses from the Western Eurasian steppes"
          },
          {
            "label": "Paper DOI",
            "value": "10.1038/s41586-021-04018-9"
          },
          {
            "label": "Publication year",
            "value": "2021"
          },
          {
            "label": "Journal",
            "value": "Nature"
          },
          {
            "label": "Chronology",
            "value": "18051-23605 BP"
          },
          {
            "label": "Chronology evidence class",
            "value": "direct radiocarbon date"
          },
          {
            "label": "Chronology precision posture",
            "value": "sample precise interval"
          },
          {
            "label": "Temporal window",
            "value": "Early Holocene and older (6001+ BP)"
          },
          {
            "label": "Temporal comparison posture",
            "value": "numeric interval"
          },
          {
            "label": "Temporal comparison note",
            "value": "This chronology supports interval-based comparison without implying more than the published sample interval."
          },
          {
            "label": "Support note",
            "value": "admissible_for_curated_support"
          },
          {
            "label": "Coordinate basis",
            "value": "supplementary_table_coordinates"
          },
          {
            "label": "Coordinate confidence",
            "value": "exact"
          },
          {
            "label": "Coordinate method",
            "value": "direct_supplementary_coordinate_capture"
          },
          {
            "label": "Coordinate gazetteer",
            "value": "not required because the supplementary table ships coordinates"
          },
          {
            "label": "Original place text",
            "value": "Igue du Gral"
          },
          {
            "label": "Resolved place text",
            "value": "Igue du Gral"
          },
          {
            "label": "Coordinate rationale",
            "value": "The published supplementary table provides direct coordinates for this locality."
          },
          {
            "label": "Source locator",
            "value": "SI Table 1!row50"
          },
          {
            "label": "Source support status",
            "value": "supplementary_table_row"
          },
          {
            "label": "Source evidence text",
            "value": "Gral10_Fra_m18924 | 44.499039 N, 1.692232 E | Igue du Gral | France | LP-SFR | natural trap cave, Palaeolithic (*3) | - | - | - | - | - | 18924 | 20874 | F | this study | 1 | 3 | 3 | 328368979 | 80839518 | 409208497 | - | - | - | 105.503475135 | 2.1195981125899999 | 1.1479999999999999E-3 | 1.2481714"
          },
          {
            "label": "Nordic relevance",
            "value": "non_nordic_or_comparator"
          },
          {
            "label": "Nordic note",
            "value": "The current curated project inventory does not yet identify a shipped Nordic-localized lead for this record."
          },
          {
            "label": "Interpretation",
            "value": "Sample-level locality comes directly from the recovered sample source row."
          },
          {
            "label": "Warning",
            "value": "Wild or progenitor evidence: keep visible as evolutionary context, not domesticated-core farming support."
          },
          {
            "label": "Warning",
            "value": "This locality is outside the Nordic lead set and remains atlas context, not Nordic-localized support."
          },
          {
            "label": "Warning",
            "value": "admissible_for_curated_support"
          }
        ],
        "species_latin_name": "Equus caballus",
        "species_common_name": "horse",
        "animal_scope": "wild_or_progenitor_context",
        "support_class": "accepted",
        "temporal_semantics": {
          "schema_version": "temporal-semantics.v1",
          "source_family": "animal_adna",
          "evidence_class": "direct_radiocarbon_date",
          "precision_posture": "sample_precise_interval",
          "comparability_posture": "numeric_interval",
          "summary_label": "18051-23605 BP",
          "temporal_window_key": "early_holocene_and_older",
          "temporal_window_label": "Early Holocene and older (6001+ BP)",
          "time_start_bp": 18051,
          "time_end_bp": 23605,
          "time_mean_bp": 20828,
          "duration_years": 5554,
          "comparison_note": "This chronology supports interval-based comparison without implying more than the published sample interval.",
          "refusal_reason_code": "",
          "provenance_path": "data/adna/governance/source_library/papers/10.1038-s41586-021-04018-9/supplementary/41586_2021_4018_MOESM5_ESM.xlsx",
          "provenance_locator": "SI Table 1!row50",
          "provenance_excerpt": "Gral10_Fra_m18924 | 44.499039 N, 1.692232 E | Igue du Gral | France | LP-SFR | natural trap cave, Palaeolithic (*3) | - | - | - | - | - | 18924 | 20874 | F | this study | 1 | 3 | 3 | 328368979 | 80839518 | 409208497 | - | - | - | 105.503475135 | 2.1195981125899999 | 1.1479999999999999E-3 | 1.2481714",
          "original_labels": [
            "18051-23605 BP"
          ],
          "normalized_labels": [],
          "uncertainty_notes": []
        },
        "temporal_window_key": "early_holocene_and_older",
        "temporal_window_label": "Early Holocene and older (6001+ BP)",
        "temporal_comparability_posture": "numeric_interval",
        "temporal_comparison_note": "This chronology supports interval-based comparison without implying more than the published sample interval.",
        "nordic_inclusion": false,
        "nordic_inclusion_reason": "The current curated project inventory does not yet identify a shipped Nordic-localized lead for this record.",
        "coordinate_basis": "supplementary_table_coordinates",
        "coordinate_confidence": "exact",
        "sample_count": 12,
        "sample_record_ids": [
          "equus_caballus:sample:prjeb44430:samea9533239",
          "equus_caballus:sample:prjeb44430:samea9533240",
          "equus_caballus:sample:prjeb44430:samea9533241",
          "equus_caballus:sample:prjeb44430:samea9533242",
          "equus_caballus:sample:prjeb44430:samea9533243",
          "equus_caballus:sample:prjeb44430:samea9533244",
          "equus_caballus:sample:prjeb44430:samea9533245",
          "equus_caballus:sample:prjeb44430:samea9533246",
          "equus_caballus:sample:prjeb44430:samea9533247",
          "equus_caballus:sample:prjeb44430:samea9533248",
          "equus_caballus:sample:prjeb44430:samea9533249",
          "equus_caballus:sample:prjeb44430:samea9533250"
        ],
        "sample_group_ids": [
          "PRJEB44430"
        ],
        "source_native_taxon_labels": [],
        "source_native_tax_ids": [],
        "source_native_scientific_names": [],
        "taxon_alignment_statuses": [
          "not_reported"
        ],
        "sample_namespace": "equus_caballus:sample_locality",
        "inclusion_notes": [
          "Sample-level locality comes directly from the recovered sample source row."
        ],
        "latitude_text": "44.499039",
        "longitude_text": "1.692232",
        "geocoding_method": "direct_supplementary_coordinate_capture",
        "geocoder_or_gazetteer": "not required because the supplementary table ships coordinates",
        "confidence_rationale": "The published supplementary table provides direct coordinates for this locality.",
        "original_place_text": "Igue du Gral",
        "resolved_place_text": "Igue du Gral",
        "paper_title": "The origins and spread of domestic horses from the Western Eurasian steppes",
        "paper_doi": "10.1038/s41586-021-04018-9",
        "journal_title": "Nature",
        "publication_year": "2021",
        "supplementary_sources": [],
        "project_accessions": [
          "PRJEB44430"
        ],
        "primary_project_accession": "PRJEB44430",
        "inclusion_statuses": [
          "site_curated"
        ],
        "source_artifact_path": "data/adna/governance/source_library/papers/10.1038-s41586-021-04018-9/supplementary/41586_2021_4018_MOESM5_ESM.xlsx",
        "source_artifact_kind": "supplementary_spreadsheet_row",
        "source_locator": "SI Table 1!row50",
        "source_support_status": "supplementary_table_row",
        "exact_source_text": "Gral10_Fra_m18924 | 44.499039 N, 1.692232 E | Igue du Gral | France | LP-SFR | natural trap cave, Palaeolithic (*3) | - | - | - | - | - | 18924 | 20874 | F | this study | 1 | 3 | 3 | 328368979 | 80839518 | 409208497 | - | - | - | 105.503475135 | 2.1195981125899999 | 1.1479999999999999E-3 | 1.2481714",
        "time_start_bp": 18051,
        "time_end_bp": 23605,
        "time_mean_bp": 20828,
        "time_year_bp": 20828,
        "time_label": "18051-23605 BP"
      }
    },
    {
      "type": "Feature",
      "geometry": {
        "type": "Point",
        "coordinates": [
          3.502667,
          50.467709
        ]
      },
      "properties": {
        "name": "Kents cavern",
        "feature_id": "animal-atlas-feature:equus-caballus-locality-prjeb44430-kentscavern-unitedkingdom",
        "evidence_row_id": "animal-atlas-row:equus-caballus-prjeb44430-equus-caballus-locality-prjeb44430-kentscavern-unitedkingdom",
        "site_record_id": "equus_caballus:locality:prjeb44430:kentscavern:unitedkingdom",
        "category": "Horse atlas evidence row",
        "country": "United Kingdom",
        "layer_key": "progenitor-animal-localities",
        "layer_label": "Wild and progenitor animal aDNA atlas evidence",
        "source_url": "https://doi.org/10.1038/s41586-021-04018-9",
        "popup_rows": [
          {
            "label": "Species",
            "value": "Equus caballus"
          },
          {
            "label": "Support class",
            "value": "accepted"
          },
          {
            "label": "Animal scope",
            "value": "wild or progenitor context"
          },
          {
            "label": "Mapped sample count",
            "value": "1"
          },
          {
            "label": "Mapped sample identifiers",
            "value": "equus_caballus:sample:prjeb44430:samea9533335"
          },
          {
            "label": "Taxon alignment",
            "value": "not reported"
          },
          {
            "label": "Project accession",
            "value": "PRJEB44430"
          },
          {
            "label": "Paper title",
            "value": "The origins and spread of domestic horses from the Western Eurasian steppes"
          },
          {
            "label": "Paper DOI",
            "value": "10.1038/s41586-021-04018-9"
          },
          {
            "label": "Publication year",
            "value": "2021"
          },
          {
            "label": "Journal",
            "value": "Nature"
          },
          {
            "label": "Chronology",
            "value": "14616 BP"
          },
          {
            "label": "Chronology evidence class",
            "value": "direct radiocarbon date"
          },
          {
            "label": "Chronology precision posture",
            "value": "sample precise point"
          },
          {
            "label": "Temporal window",
            "value": "Early Holocene and older (6001+ BP)"
          },
          {
            "label": "Temporal comparison posture",
            "value": "numeric interval"
          },
          {
            "label": "Temporal comparison note",
            "value": "This chronology supports interval-based comparison without implying more than the published sample interval."
          },
          {
            "label": "Support note",
            "value": "admissible_for_curated_support"
          },
          {
            "label": "Coordinate basis",
            "value": "supplementary_table_coordinates"
          },
          {
            "label": "Coordinate confidence",
            "value": "exact"
          },
          {
            "label": "Coordinate method",
            "value": "direct_supplementary_coordinate_capture"
          },
          {
            "label": "Coordinate gazetteer",
            "value": "not required because the supplementary table ships coordinates"
          },
          {
            "label": "Original place text",
            "value": "Kents cavern"
          },
          {
            "label": "Resolved place text",
            "value": "Kents cavern"
          },
          {
            "label": "Coordinate rationale",
            "value": "The published supplementary table provides direct coordinates for this locality."
          },
          {
            "label": "Source locator",
            "value": "SI Table 1!row142"
          },
          {
            "label": "Source support status",
            "value": "supplementary_table_row"
          },
          {
            "label": "Source evidence text",
            "value": "P9392_UK_m12666 | 50.467709 N, -3.502667 E | Kents cavern | United Kingdom | LP-NFR | cave, Upper Palaeolithic | 218287 | 12440 | 40 | -12972 | -12360 | 12666 | 14616 | M | this study | 1 | 3 | 3 | 436415185 | 79580288 | 515995473 | - | - | - | 63.358058717799999 | 1.63771583383 | 8.7000000000000001"
          },
          {
            "label": "Nordic relevance",
            "value": "non_nordic_or_comparator"
          },
          {
            "label": "Nordic note",
            "value": "The current curated project inventory does not yet identify a shipped Nordic-localized lead for this record."
          },
          {
            "label": "Interpretation",
            "value": "Sample-level locality comes directly from the recovered sample source row."
          },
          {
            "label": "Warning",
            "value": "Wild or progenitor evidence: keep visible as evolutionary context, not domesticated-core farming support."
          },
          {
            "label": "Warning",
            "value": "This locality is outside the Nordic lead set and remains atlas context, not Nordic-localized support."
          },
          {
            "label": "Warning",
            "value": "admissible_for_curated_support"
          }
        ],
        "species_latin_name": "Equus caballus",
        "species_common_name": "horse",
        "animal_scope": "wild_or_progenitor_context",
        "support_class": "accepted",
        "temporal_semantics": {
          "schema_version": "temporal-semantics.v1",
          "source_family": "animal_adna",
          "evidence_class": "direct_radiocarbon_date",
          "precision_posture": "sample_precise_point",
          "comparability_posture": "numeric_interval",
          "summary_label": "14616 BP",
          "temporal_window_key": "early_holocene_and_older",
          "temporal_window_label": "Early Holocene and older (6001+ BP)",
          "time_start_bp": 14616,
          "time_end_bp": 14616,
          "time_mean_bp": 14616,
          "duration_years": 0,
          "comparison_note": "This chronology supports interval-based comparison without implying more than the published sample interval.",
          "refusal_reason_code": "",
          "provenance_path": "data/adna/governance/source_library/papers/10.1038-s41586-021-04018-9/supplementary/41586_2021_4018_MOESM5_ESM.xlsx",
          "provenance_locator": "SI Table 1!row142",
          "provenance_excerpt": "P9392_UK_m12666 | 50.467709 N, -3.502667 E | Kents cavern | United Kingdom | LP-NFR | cave, Upper Palaeolithic | 218287 | 12440 | 40 | -12972 | -12360 | 12666 | 14616 | M | this study | 1 | 3 | 3 | 436415185 | 79580288 | 515995473 | - | - | - | 63.358058717799999 | 1.63771583383 | 8.7000000000000001",
          "original_labels": [
            "14616 BP"
          ],
          "normalized_labels": [],
          "uncertainty_notes": []
        },
        "temporal_window_key": "early_holocene_and_older",
        "temporal_window_label": "Early Holocene and older (6001+ BP)",
        "temporal_comparability_posture": "numeric_interval",
        "temporal_comparison_note": "This chronology supports interval-based comparison without implying more than the published sample interval.",
        "nordic_inclusion": false,
        "nordic_inclusion_reason": "The current curated project inventory does not yet identify a shipped Nordic-localized lead for this record.",
        "coordinate_basis": "supplementary_table_coordinates",
        "coordinate_confidence": "exact",
        "sample_count": 1,
        "sample_record_ids": [
          "equus_caballus:sample:prjeb44430:samea9533335"
        ],
        "sample_group_ids": [
          "PRJEB44430"
        ],
        "source_native_taxon_labels": [],
        "source_native_tax_ids": [],
        "source_native_scientific_names": [],
        "taxon_alignment_statuses": [
          "not_reported"
        ],
        "sample_namespace": "equus_caballus:sample_locality",
        "inclusion_notes": [
          "Sample-level locality comes directly from the recovered sample source row."
        ],
        "latitude_text": "50.467709",
        "longitude_text": "3.502667",
        "geocoding_method": "direct_supplementary_coordinate_capture",
        "geocoder_or_gazetteer": "not required because the supplementary table ships coordinates",
        "confidence_rationale": "The published supplementary table provides direct coordinates for this locality.",
        "original_place_text": "Kents cavern",
        "resolved_place_text": "Kents cavern",
        "paper_title": "The origins and spread of domestic horses from the Western Eurasian steppes",
        "paper_doi": "10.1038/s41586-021-04018-9",
        "journal_title": "Nature",
        "publication_year": "2021",
        "supplementary_sources": [],
        "project_accessions": [
          "PRJEB44430"
        ],
        "primary_project_accession": "PRJEB44430",
        "inclusion_statuses": [
          "site_curated"
        ],
        "source_artifact_path": "data/adna/governance/source_library/papers/10.1038-s41586-021-04018-9/supplementary/41586_2021_4018_MOESM5_ESM.xlsx",
        "source_artifact_kind": "supplementary_spreadsheet_row",
        "source_locator": "SI Table 1!row142",
        "source_support_status": "supplementary_table_row",
        "exact_source_text": "P9392_UK_m12666 | 50.467709 N, -3.502667 E | Kents cavern | United Kingdom | LP-NFR | cave, Upper Palaeolithic | 218287 | 12440 | 40 | -12972 | -12360 | 12666 | 14616 | M | this study | 1 | 3 | 3 | 436415185 | 79580288 | 515995473 | - | - | - | 63.358058717799999 | 1.63771583383 | 8.7000000000000001",
        "time_start_bp": 14616,
        "time_end_bp": 14616,
        "time_mean_bp": 14616,
        "time_year_bp": 14616,
        "time_label": "14616 BP"
      }
    },
    {
      "type": "Feature",
      "geometry": {
        "type": "Point",
        "coordinates": [
          90.933,
          53.933
        ]
      },
      "properties": {
        "name": "Kokorevo",
        "feature_id": "animal-atlas-feature:equus-caballus-locality-prjeb31613-kokorevo-russia",
        "evidence_row_id": "animal-atlas-row:equus-caballus-prjeb31613-equus-caballus-locality-prjeb31613-kokorevo-russia",
        "site_record_id": "equus_caballus:locality:prjeb31613:kokorevo:russia",
        "category": "Horse atlas evidence row",
        "country": "Russia",
        "layer_key": "progenitor-animal-localities",
        "layer_label": "Wild and progenitor animal aDNA atlas evidence",
        "source_url": "https://doi.org/10.1016/j.cell.2019.03.049",
        "popup_rows": [
          {
            "label": "Species",
            "value": "Equus caballus"
          },
          {
            "label": "Support class",
            "value": "accepted"
          },
          {
            "label": "Animal scope",
            "value": "wild or progenitor context"
          },
          {
            "label": "Mapped sample count",
            "value": "1"
          },
          {
            "label": "Mapped sample identifiers",
            "value": "equus_caballus:sample:prjeb31613:cgg_1_019154"
          },
          {
            "label": "Taxon alignment",
            "value": "not reported"
          },
          {
            "label": "Project accession",
            "value": "PRJEB31613"
          },
          {
            "label": "Paper title",
            "value": "Tracking Five Millennia of Horse Management with Extensive Ancient Genome Time Series"
          },
          {
            "label": "Paper DOI",
            "value": "10.1016/j.cell.2019.03.049"
          },
          {
            "label": "Publication year",
            "value": "2019"
          },
          {
            "label": "Journal",
            "value": "Cell"
          },
          {
            "label": "Chronology",
            "value": "14450 BP"
          },
          {
            "label": "Chronology evidence class",
            "value": "direct radiocarbon date"
          },
          {
            "label": "Chronology precision posture",
            "value": "sample precise point"
          },
          {
            "label": "Temporal window",
            "value": "Early Holocene and older (6001+ BP)"
          },
          {
            "label": "Temporal comparison posture",
            "value": "numeric interval"
          },
          {
            "label": "Temporal comparison note",
            "value": "This chronology supports interval-based comparison without implying more than the published sample interval."
          },
          {
            "label": "Support note",
            "value": "admissible_for_curated_support"
          },
          {
            "label": "Coordinate basis",
            "value": "supplementary_table_coordinates"
          },
          {
            "label": "Coordinate confidence",
            "value": "exact"
          },
          {
            "label": "Coordinate method",
            "value": "direct_supplementary_coordinate_capture"
          },
          {
            "label": "Coordinate gazetteer",
            "value": "not required because the supplementary table ships coordinates"
          },
          {
            "label": "Original place text",
            "value": "Kokorevo"
          },
          {
            "label": "Resolved place text",
            "value": "Kokorevo"
          },
          {
            "label": "Coordinate rationale",
            "value": "The published supplementary table provides direct coordinates for this locality."
          },
          {
            "label": "Source locator",
            "value": "Sheet1!row148"
          },
          {
            "label": "Source support status",
            "value": "supplementary_table_row"
          },
          {
            "label": "Source evidence text",
            "value": "Kokorevo_Rus3_14450 | CGG_1_019154 | Upper Palaeolithic | 14450 | Kokorevo | 53.933 | 90.933000000000007 | Russia | horse | male | 0.61701617735199998 | 1.29717001061E-2 | 0 | 0 | 0 | 0"
          },
          {
            "label": "Nordic relevance",
            "value": "non_nordic_or_comparator"
          },
          {
            "label": "Nordic note",
            "value": "The current curated project inventory does not yet identify a shipped Nordic-localized lead for this record."
          },
          {
            "label": "Interpretation",
            "value": "Sample-level locality comes directly from the recovered sample source row."
          },
          {
            "label": "Warning",
            "value": "Wild or progenitor evidence: keep visible as evolutionary context, not domesticated-core farming support."
          },
          {
            "label": "Warning",
            "value": "This locality is outside the Nordic lead set and remains atlas context, not Nordic-localized support."
          },
          {
            "label": "Warning",
            "value": "admissible_for_curated_support"
          }
        ],
        "species_latin_name": "Equus caballus",
        "species_common_name": "horse",
        "animal_scope": "wild_or_progenitor_context",
        "support_class": "accepted",
        "temporal_semantics": {
          "schema_version": "temporal-semantics.v1",
          "source_family": "animal_adna",
          "evidence_class": "direct_radiocarbon_date",
          "precision_posture": "sample_precise_point",
          "comparability_posture": "numeric_interval",
          "summary_label": "14450 BP",
          "temporal_window_key": "early_holocene_and_older",
          "temporal_window_label": "Early Holocene and older (6001+ BP)",
          "time_start_bp": 14450,
          "time_end_bp": 14450,
          "time_mean_bp": 14450,
          "duration_years": 0,
          "comparison_note": "This chronology supports interval-based comparison without implying more than the published sample interval.",
          "refusal_reason_code": "",
          "provenance_path": "data/adna/governance/source_library/papers/10.1016-j.cell.2019.03.049/supplementary/1-s2.0-S0092867419303848-mmc1.xlsx",
          "provenance_locator": "Sheet1!row148",
          "provenance_excerpt": "Kokorevo_Rus3_14450 | CGG_1_019154 | Upper Palaeolithic | 14450 | Kokorevo | 53.933 | 90.933000000000007 | Russia | horse | male | 0.61701617735199998 | 1.29717001061E-2 | 0 | 0 | 0 | 0",
          "original_labels": [
            "14450 BP"
          ],
          "normalized_labels": [],
          "uncertainty_notes": []
        },
        "temporal_window_key": "early_holocene_and_older",
        "temporal_window_label": "Early Holocene and older (6001+ BP)",
        "temporal_comparability_posture": "numeric_interval",
        "temporal_comparison_note": "This chronology supports interval-based comparison without implying more than the published sample interval.",
        "nordic_inclusion": false,
        "nordic_inclusion_reason": "The current curated project inventory does not yet identify a shipped Nordic-localized lead for this record.",
        "coordinate_basis": "supplementary_table_coordinates",
        "coordinate_confidence": "exact",
        "sample_count": 1,
        "sample_record_ids": [
          "equus_caballus:sample:prjeb31613:cgg_1_019154"
        ],
        "sample_group_ids": [
          "PRJEB31613"
        ],
        "source_native_taxon_labels": [],
        "source_native_tax_ids": [],
        "source_native_scientific_names": [],
        "taxon_alignment_statuses": [
          "not_reported"
        ],
        "sample_namespace": "equus_caballus:sample_locality",
        "inclusion_notes": [
          "Sample-level locality comes directly from the recovered sample source row."
        ],
        "latitude_text": "53.933",
        "longitude_text": "90.933000000000007",
        "geocoding_method": "direct_supplementary_coordinate_capture",
        "geocoder_or_gazetteer": "not required because the supplementary table ships coordinates",
        "confidence_rationale": "The published supplementary table provides direct coordinates for this locality.",
        "original_place_text": "Kokorevo",
        "resolved_place_text": "Kokorevo",
        "paper_title": "Tracking Five Millennia of Horse Management with Extensive Ancient Genome Time Series",
        "paper_doi": "10.1016/j.cell.2019.03.049",
        "journal_title": "Cell",
        "publication_year": "2019",
        "supplementary_sources": [],
        "project_accessions": [
          "PRJEB31613"
        ],
        "primary_project_accession": "PRJEB31613",
        "inclusion_statuses": [
          "site_curated"
        ],
        "source_artifact_path": "data/adna/governance/source_library/papers/10.1016-j.cell.2019.03.049/supplementary/1-s2.0-S0092867419303848-mmc1.xlsx",
        "source_artifact_kind": "supplementary_spreadsheet_row",
        "source_locator": "Sheet1!row148",
        "source_support_status": "supplementary_table_row",
        "exact_source_text": "Kokorevo_Rus3_14450 | CGG_1_019154 | Upper Palaeolithic | 14450 | Kokorevo | 53.933 | 90.933000000000007 | Russia | horse | male | 0.61701617735199998 | 1.29717001061E-2 | 0 | 0 | 0 | 0",
        "time_start_bp": 14450,
        "time_end_bp": 14450,
        "time_mean_bp": 14450,
        "time_year_bp": 14450,
        "time_label": "14450 BP"
      }
    },
    {
      "type": "Feature",
      "geometry": {
        "type": "Point",
        "coordinates": [
          39.071,
          51.376
        ]
      },
      "properties": {
        "name": "Kostenki",
        "feature_id": "animal-atlas-feature:equus-caballus-locality-prjeb44430-kostenki-russia",
        "evidence_row_id": "animal-atlas-row:equus-caballus-prjeb44430-equus-caballus-locality-prjeb44430-kostenki-russia",
        "site_record_id": "equus_caballus:locality:prjeb44430:kostenki:russia",
        "category": "Horse atlas evidence row",
        "country": "Russia",
        "layer_key": "progenitor-animal-localities",
        "layer_label": "Wild and progenitor animal aDNA atlas evidence",
        "source_url": "https://doi.org/10.1038/s41586-021-04018-9",
        "popup_rows": [
          {
            "label": "Species",
            "value": "Equus caballus"
          },
          {
            "label": "Support class",
            "value": "accepted"
          },
          {
            "label": "Animal scope",
            "value": "wild or progenitor context"
          },
          {
            "label": "Mapped sample count",
            "value": "1"
          },
          {
            "label": "Mapped sample identifiers",
            "value": "equus_caballus:sample:prjeb44430:samea9533274"
          },
          {
            "label": "Taxon alignment",
            "value": "not reported"
          },
          {
            "label": "Project accession",
            "value": "PRJEB44430"
          },
          {
            "label": "Paper title",
            "value": "The origins and spread of domestic horses from the Western Eurasian steppes"
          },
          {
            "label": "Paper DOI",
            "value": "10.1038/s41586-021-04018-9"
          },
          {
            "label": "Publication year",
            "value": "2021"
          },
          {
            "label": "Journal",
            "value": "Nature"
          },
          {
            "label": "Chronology",
            "value": "31606 BP"
          },
          {
            "label": "Chronology evidence class",
            "value": "direct radiocarbon date"
          },
          {
            "label": "Chronology precision posture",
            "value": "sample precise point"
          },
          {
            "label": "Temporal window",
            "value": "Early Holocene and older (6001+ BP)"
          },
          {
            "label": "Temporal comparison posture",
            "value": "numeric interval"
          },
          {
            "label": "Temporal comparison note",
            "value": "This chronology supports interval-based comparison without implying more than the published sample interval."
          },
          {
            "label": "Support note",
            "value": "admissible_for_curated_support"
          },
          {
            "label": "Coordinate basis",
            "value": "supplementary_table_coordinates"
          },
          {
            "label": "Coordinate confidence",
            "value": "exact"
          },
          {
            "label": "Coordinate method",
            "value": "direct_supplementary_coordinate_capture"
          },
          {
            "label": "Coordinate gazetteer",
            "value": "not required because the supplementary table ships coordinates"
          },
          {
            "label": "Original place text",
            "value": "Kostenki"
          },
          {
            "label": "Resolved place text",
            "value": "Kostenki"
          },
          {
            "label": "Coordinate rationale",
            "value": "The published supplementary table provides direct coordinates for this locality."
          },
          {
            "label": "Source locator",
            "value": "SI Table 1!row150"
          },
          {
            "label": "Source support status",
            "value": "supplementary_table_row"
          },
          {
            "label": "Source evidence text",
            "value": "KB212_Rus_m29656 | 51.376 N, 39.071 E | Kostenki | Russia | URAL | settlement, Upper Palaeolithic | 218234 | 27640 | 240 | -30111 | -29201 | 29656 | 31606 | M | this study | 1 | 4 | 4 | 287474853 | 69113288 | 356588141 | - | - | - | 105.857819053 | 2.5095287760099998 | 1.1869999999999999E-3 | 1.3184"
          },
          {
            "label": "Nordic relevance",
            "value": "non_nordic_or_comparator"
          },
          {
            "label": "Nordic note",
            "value": "The current curated project inventory does not yet identify a shipped Nordic-localized lead for this record."
          },
          {
            "label": "Interpretation",
            "value": "Sample-level locality comes directly from the recovered sample source row."
          },
          {
            "label": "Warning",
            "value": "Wild or progenitor evidence: keep visible as evolutionary context, not domesticated-core farming support."
          },
          {
            "label": "Warning",
            "value": "This locality is outside the Nordic lead set and remains atlas context, not Nordic-localized support."
          },
          {
            "label": "Warning",
            "value": "admissible_for_curated_support"
          }
        ],
        "species_latin_name": "Equus caballus",
        "species_common_name": "horse",
        "animal_scope": "wild_or_progenitor_context",
        "support_class": "accepted",
        "temporal_semantics": {
          "schema_version": "temporal-semantics.v1",
          "source_family": "animal_adna",
          "evidence_class": "direct_radiocarbon_date",
          "precision_posture": "sample_precise_point",
          "comparability_posture": "numeric_interval",
          "summary_label": "31606 BP",
          "temporal_window_key": "early_holocene_and_older",
          "temporal_window_label": "Early Holocene and older (6001+ BP)",
          "time_start_bp": 31606,
          "time_end_bp": 31606,
          "time_mean_bp": 31606,
          "duration_years": 0,
          "comparison_note": "This chronology supports interval-based comparison without implying more than the published sample interval.",
          "refusal_reason_code": "",
          "provenance_path": "data/adna/governance/source_library/papers/10.1038-s41586-021-04018-9/supplementary/41586_2021_4018_MOESM5_ESM.xlsx",
          "provenance_locator": "SI Table 1!row150",
          "provenance_excerpt": "KB212_Rus_m29656 | 51.376 N, 39.071 E | Kostenki | Russia | URAL | settlement, Upper Palaeolithic | 218234 | 27640 | 240 | -30111 | -29201 | 29656 | 31606 | M | this study | 1 | 4 | 4 | 287474853 | 69113288 | 356588141 | - | - | - | 105.857819053 | 2.5095287760099998 | 1.1869999999999999E-3 | 1.3184",
          "original_labels": [
            "31606 BP"
          ],
          "normalized_labels": [],
          "uncertainty_notes": []
        },
        "temporal_window_key": "early_holocene_and_older",
        "temporal_window_label": "Early Holocene and older (6001+ BP)",
        "temporal_comparability_posture": "numeric_interval",
        "temporal_comparison_note": "This chronology supports interval-based comparison without implying more than the published sample interval.",
        "nordic_inclusion": false,
        "nordic_inclusion_reason": "The current curated project inventory does not yet identify a shipped Nordic-localized lead for this record.",
        "coordinate_basis": "supplementary_table_coordinates",
        "coordinate_confidence": "exact",
        "sample_count": 1,
        "sample_record_ids": [
          "equus_caballus:sample:prjeb44430:samea9533274"
        ],
        "sample_group_ids": [
          "PRJEB44430"
        ],
        "source_native_taxon_labels": [],
        "source_native_tax_ids": [],
        "source_native_scientific_names": [],
        "taxon_alignment_statuses": [
          "not_reported"
        ],
        "sample_namespace": "equus_caballus:sample_locality",
        "inclusion_notes": [
          "Sample-level locality comes directly from the recovered sample source row."
        ],
        "latitude_text": "51.376",
        "longitude_text": "39.071",
        "geocoding_method": "direct_supplementary_coordinate_capture",
        "geocoder_or_gazetteer": "not required because the supplementary table ships coordinates",
        "confidence_rationale": "The published supplementary table provides direct coordinates for this locality.",
        "original_place_text": "Kostenki",
        "resolved_place_text": "Kostenki",
        "paper_title": "The origins and spread of domestic horses from the Western Eurasian steppes",
        "paper_doi": "10.1038/s41586-021-04018-9",
        "journal_title": "Nature",
        "publication_year": "2021",
        "supplementary_sources": [],
        "project_accessions": [
          "PRJEB44430"
        ],
        "primary_project_accession": "PRJEB44430",
        "inclusion_statuses": [
          "site_curated"
        ],
        "source_artifact_path": "data/adna/governance/source_library/papers/10.1038-s41586-021-04018-9/supplementary/41586_2021_4018_MOESM5_ESM.xlsx",
        "source_artifact_kind": "supplementary_spreadsheet_row",
        "source_locator": "SI Table 1!row150",
        "source_support_status": "supplementary_table_row",
        "exact_source_text": "KB212_Rus_m29656 | 51.376 N, 39.071 E | Kostenki | Russia | URAL | settlement, Upper Palaeolithic | 218234 | 27640 | 240 | -30111 | -29201 | 29656 | 31606 | M | this study | 1 | 4 | 4 | 287474853 | 69113288 | 356588141 | - | - | - | 105.857819053 | 2.5095287760099998 | 1.1869999999999999E-3 | 1.3184",
        "time_start_bp": 31606,
        "time_end_bp": 31606,
        "time_mean_bp": 31606,
        "time_year_bp": 31606,
        "time_label": "31606 BP"
      }
    },
    {
      "type": "Feature",
      "geometry": {
        "type": "Point",
        "coordinates": [
          2.157139,
          48.871883
        ]
      },
      "properties": {
        "name": "Le Closeau",
        "feature_id": "animal-atlas-feature:equus-caballus-locality-prjeb44430-lecloseau-france",
        "evidence_row_id": "animal-atlas-row:equus-caballus-prjeb44430-equus-caballus-locality-prjeb44430-lecloseau-france",
        "site_record_id": "equus_caballus:locality:prjeb44430:lecloseau:france",
        "category": "Horse atlas evidence row",
        "country": "France",
        "layer_key": "progenitor-animal-localities",
        "layer_label": "Wild and progenitor animal aDNA atlas evidence",
        "source_url": "https://doi.org/10.1038/s41586-021-04018-9",
        "popup_rows": [
          {
            "label": "Species",
            "value": "Equus caballus"
          },
          {
            "label": "Support class",
            "value": "accepted"
          },
          {
            "label": "Animal scope",
            "value": "wild or progenitor context"
          },
          {
            "label": "Mapped sample count",
            "value": "1"
          },
          {
            "label": "Mapped sample identifiers",
            "value": "equus_caballus:sample:prjeb44430:samea9533221"
          },
          {
            "label": "Taxon alignment",
            "value": "not reported"
          },
          {
            "label": "Project accession",
            "value": "PRJEB44430"
          },
          {
            "label": "Paper title",
            "value": "The origins and spread of domestic horses from the Western Eurasian steppes"
          },
          {
            "label": "Paper DOI",
            "value": "10.1038/s41586-021-04018-9"
          },
          {
            "label": "Publication year",
            "value": "2021"
          },
          {
            "label": "Journal",
            "value": "Nature"
          },
          {
            "label": "Chronology",
            "value": "12350 BP"
          },
          {
            "label": "Chronology evidence class",
            "value": "direct radiocarbon date"
          },
          {
            "label": "Chronology precision posture",
            "value": "sample precise point"
          },
          {
            "label": "Temporal window",
            "value": "Early Holocene and older (6001+ BP)"
          },
          {
            "label": "Temporal comparison posture",
            "value": "numeric interval"
          },
          {
            "label": "Temporal comparison note",
            "value": "This chronology supports interval-based comparison without implying more than the published sample interval."
          },
          {
            "label": "Support note",
            "value": "admissible_for_curated_support"
          },
          {
            "label": "Coordinate basis",
            "value": "supplementary_table_coordinates"
          },
          {
            "label": "Coordinate confidence",
            "value": "exact"
          },
          {
            "label": "Coordinate method",
            "value": "direct_supplementary_coordinate_capture"
          },
          {
            "label": "Coordinate gazetteer",
            "value": "not required because the supplementary table ships coordinates"
          },
          {
            "label": "Original place text",
            "value": "Le Closeau"
          },
          {
            "label": "Resolved place text",
            "value": "Le Closeau"
          },
          {
            "label": "Coordinate rationale",
            "value": "The published supplementary table provides direct coordinates for this locality."
          },
          {
            "label": "Source locator",
            "value": "SI Table 1!row84"
          },
          {
            "label": "Source support status",
            "value": "supplementary_table_row"
          },
          {
            "label": "Source evidence text",
            "value": "Closeau3_Fra_m10400 | 48.871883 N, 2.157139 E | Le Closeau | France | LP-NFR | Final Upper Paleolithic site | - | - | - | - | - | 10400 | 12350 | M | this study | 1 | 6 | 6 | 538865609 | 43379752 | 582245361 | - | - | - | 63.008268424199997 | 1.3725780458200001 | 9.810000000000001E-4 | 1.01070624170"
          },
          {
            "label": "Nordic relevance",
            "value": "non_nordic_or_comparator"
          },
          {
            "label": "Nordic note",
            "value": "The current curated project inventory does not yet identify a shipped Nordic-localized lead for this record."
          },
          {
            "label": "Interpretation",
            "value": "Sample-level locality comes directly from the recovered sample source row."
          },
          {
            "label": "Warning",
            "value": "Wild or progenitor evidence: keep visible as evolutionary context, not domesticated-core farming support."
          },
          {
            "label": "Warning",
            "value": "This locality is outside the Nordic lead set and remains atlas context, not Nordic-localized support."
          },
          {
            "label": "Warning",
            "value": "admissible_for_curated_support"
          }
        ],
        "species_latin_name": "Equus caballus",
        "species_common_name": "horse",
        "animal_scope": "wild_or_progenitor_context",
        "support_class": "accepted",
        "temporal_semantics": {
          "schema_version": "temporal-semantics.v1",
          "source_family": "animal_adna",
          "evidence_class": "direct_radiocarbon_date",
          "precision_posture": "sample_precise_point",
          "comparability_posture": "numeric_interval",
          "summary_label": "12350 BP",
          "temporal_window_key": "early_holocene_and_older",
          "temporal_window_label": "Early Holocene and older (6001+ BP)",
          "time_start_bp": 12350,
          "time_end_bp": 12350,
          "time_mean_bp": 12350,
          "duration_years": 0,
          "comparison_note": "This chronology supports interval-based comparison without implying more than the published sample interval.",
          "refusal_reason_code": "",
          "provenance_path": "data/adna/governance/source_library/papers/10.1038-s41586-021-04018-9/supplementary/41586_2021_4018_MOESM5_ESM.xlsx",
          "provenance_locator": "SI Table 1!row84",
          "provenance_excerpt": "Closeau3_Fra_m10400 | 48.871883 N, 2.157139 E | Le Closeau | France | LP-NFR | Final Upper Paleolithic site | - | - | - | - | - | 10400 | 12350 | M | this study | 1 | 6 | 6 | 538865609 | 43379752 | 582245361 | - | - | - | 63.008268424199997 | 1.3725780458200001 | 9.810000000000001E-4 | 1.01070624170",
          "original_labels": [
            "12350 BP"
          ],
          "normalized_labels": [],
          "uncertainty_notes": []
        },
        "temporal_window_key": "early_holocene_and_older",
        "temporal_window_label": "Early Holocene and older (6001+ BP)",
        "temporal_comparability_posture": "numeric_interval",
        "temporal_comparison_note": "This chronology supports interval-based comparison without implying more than the published sample interval.",
        "nordic_inclusion": false,
        "nordic_inclusion_reason": "The current curated project inventory does not yet identify a shipped Nordic-localized lead for this record.",
        "coordinate_basis": "supplementary_table_coordinates",
        "coordinate_confidence": "exact",
        "sample_count": 1,
        "sample_record_ids": [
          "equus_caballus:sample:prjeb44430:samea9533221"
        ],
        "sample_group_ids": [
          "PRJEB44430"
        ],
        "source_native_taxon_labels": [],
        "source_native_tax_ids": [],
        "source_native_scientific_names": [],
        "taxon_alignment_statuses": [
          "not_reported"
        ],
        "sample_namespace": "equus_caballus:sample_locality",
        "inclusion_notes": [
          "Sample-level locality comes directly from the recovered sample source row."
        ],
        "latitude_text": "48.871883",
        "longitude_text": "2.157139",
        "geocoding_method": "direct_supplementary_coordinate_capture",
        "geocoder_or_gazetteer": "not required because the supplementary table ships coordinates",
        "confidence_rationale": "The published supplementary table provides direct coordinates for this locality.",
        "original_place_text": "Le Closeau",
        "resolved_place_text": "Le Closeau",
        "paper_title": "The origins and spread of domestic horses from the Western Eurasian steppes",
        "paper_doi": "10.1038/s41586-021-04018-9",
        "journal_title": "Nature",
        "publication_year": "2021",
        "supplementary_sources": [],
        "project_accessions": [
          "PRJEB44430"
        ],
        "primary_project_accession": "PRJEB44430",
        "inclusion_statuses": [
          "site_curated"
        ],
        "source_artifact_path": "data/adna/governance/source_library/papers/10.1038-s41586-021-04018-9/supplementary/41586_2021_4018_MOESM5_ESM.xlsx",
        "source_artifact_kind": "supplementary_spreadsheet_row",
        "source_locator": "SI Table 1!row84",
        "source_support_status": "supplementary_table_row",
        "exact_source_text": "Closeau3_Fra_m10400 | 48.871883 N, 2.157139 E | Le Closeau | France | LP-NFR | Final Upper Paleolithic site | - | - | - | - | - | 10400 | 12350 | M | this study | 1 | 6 | 6 | 538865609 | 43379752 | 582245361 | - | - | - | 63.008268424199997 | 1.3725780458200001 | 9.810000000000001E-4 | 1.01070624170",
        "time_start_bp": 12350,
        "time_end_bp": 12350,
        "time_mean_bp": 12350,
        "time_year_bp": 12350,
        "time_label": "12350 BP"
      }
    },
    {
      "type": "Feature",
      "geometry": {
        "type": "Point",
        "coordinates": [
          58.083,
          62.083
        ]
      },
      "properties": {
        "name": "Medvezhiya cave",
        "feature_id": "animal-atlas-feature:equus-caballus-locality-prjeb44430-medvezhiyacave-russia",
        "evidence_row_id": "animal-atlas-row:equus-caballus-prjeb44430-equus-caballus-locality-prjeb44430-medvezhiyacave-russia",
        "site_record_id": "equus_caballus:locality:prjeb44430:medvezhiyacave:russia",
        "category": "Horse atlas evidence row",
        "country": "Russia",
        "layer_key": "progenitor-animal-localities",
        "layer_label": "Wild and progenitor animal aDNA atlas evidence",
        "source_url": "https://doi.org/10.1038/s41586-021-04018-9",
        "popup_rows": [
          {
            "label": "Species",
            "value": "Equus caballus"
          },
          {
            "label": "Support class",
            "value": "accepted"
          },
          {
            "label": "Animal scope",
            "value": "wild or progenitor context"
          },
          {
            "label": "Mapped sample count",
            "value": "4"
          },
          {
            "label": "Mapped sample identifiers",
            "value": "equus_caballus:sample:prjeb44430:samea9533275, equus_caballus:sample:prjeb44430:samea9533276, equus_caballus:sample:prjeb44430:samea9533277, equus_caballus:sample:prjeb44430:samea9533278"
          },
          {
            "label": "Taxon alignment",
            "value": "not reported"
          },
          {
            "label": "Project accession",
            "value": "PRJEB44430"
          },
          {
            "label": "Paper title",
            "value": "The origins and spread of domestic horses from the Western Eurasian steppes"
          },
          {
            "label": "Paper DOI",
            "value": "10.1038/s41586-021-04018-9"
          },
          {
            "label": "Publication year",
            "value": "2021"
          },
          {
            "label": "Journal",
            "value": "Nature"
          },
          {
            "label": "Chronology",
            "value": "26159-44425 BP"
          },
          {
            "label": "Chronology evidence class",
            "value": "direct radiocarbon date"
          },
          {
            "label": "Chronology precision posture",
            "value": "sample precise interval"
          },
          {
            "label": "Temporal window",
            "value": "Early Holocene and older (6001+ BP)"
          },
          {
            "label": "Temporal comparison posture",
            "value": "numeric interval"
          },
          {
            "label": "Temporal comparison note",
            "value": "This chronology supports interval-based comparison without implying more than the published sample interval."
          },
          {
            "label": "Support note",
            "value": "admissible_for_curated_support"
          },
          {
            "label": "Coordinate basis",
            "value": "supplementary_table_coordinates"
          },
          {
            "label": "Coordinate confidence",
            "value": "exact"
          },
          {
            "label": "Coordinate method",
            "value": "direct_supplementary_coordinate_capture"
          },
          {
            "label": "Coordinate gazetteer",
            "value": "not required because the supplementary table ships coordinates"
          },
          {
            "label": "Original place text",
            "value": "Medvezhiya cave"
          },
          {
            "label": "Resolved place text",
            "value": "Medvezhiya cave"
          },
          {
            "label": "Coordinate rationale",
            "value": "The published supplementary table provides direct coordinates for this locality."
          },
          {
            "label": "Source locator",
            "value": "SI Table 1!row267"
          },
          {
            "label": "Source support status",
            "value": "supplementary_table_row"
          },
          {
            "label": "Source evidence text",
            "value": "KB217_Rus_m34198 | 62.083 N, 58.083 E | Medvezhiya cave | Russia | URAL | cave, Upper Palaeolithic (*7) | - | - | - | - | - | 34198 | 36148 | F | this study | 1 | 4 | 4 | 393362409 | 180843866 | 574206275 | - | - | - | 8.1183942480500004 | 0.17731560316299999 | 3.9659999999999999E-3 | 4.003350796860"
          },
          {
            "label": "Nordic relevance",
            "value": "non_nordic_or_comparator"
          },
          {
            "label": "Nordic note",
            "value": "The current curated project inventory does not yet identify a shipped Nordic-localized lead for this record."
          },
          {
            "label": "Interpretation",
            "value": "Sample-level locality comes directly from the recovered sample source row."
          },
          {
            "label": "Warning",
            "value": "Wild or progenitor evidence: keep visible as evolutionary context, not domesticated-core farming support."
          },
          {
            "label": "Warning",
            "value": "This locality is outside the Nordic lead set and remains atlas context, not Nordic-localized support."
          },
          {
            "label": "Warning",
            "value": "admissible_for_curated_support"
          }
        ],
        "species_latin_name": "Equus caballus",
        "species_common_name": "horse",
        "animal_scope": "wild_or_progenitor_context",
        "support_class": "accepted",
        "temporal_semantics": {
          "schema_version": "temporal-semantics.v1",
          "source_family": "animal_adna",
          "evidence_class": "direct_radiocarbon_date",
          "precision_posture": "sample_precise_interval",
          "comparability_posture": "numeric_interval",
          "summary_label": "26159-44425 BP",
          "temporal_window_key": "early_holocene_and_older",
          "temporal_window_label": "Early Holocene and older (6001+ BP)",
          "time_start_bp": 26159,
          "time_end_bp": 44425,
          "time_mean_bp": 35292,
          "duration_years": 18266,
          "comparison_note": "This chronology supports interval-based comparison without implying more than the published sample interval.",
          "refusal_reason_code": "",
          "provenance_path": "data/adna/governance/source_library/papers/10.1038-s41586-021-04018-9/supplementary/41586_2021_4018_MOESM5_ESM.xlsx",
          "provenance_locator": "SI Table 1!row267",
          "provenance_excerpt": "KB217_Rus_m34198 | 62.083 N, 58.083 E | Medvezhiya cave | Russia | URAL | cave, Upper Palaeolithic (*7) | - | - | - | - | - | 34198 | 36148 | F | this study | 1 | 4 | 4 | 393362409 | 180843866 | 574206275 | - | - | - | 8.1183942480500004 | 0.17731560316299999 | 3.9659999999999999E-3 | 4.003350796860",
          "original_labels": [
            "26159-44425 BP"
          ],
          "normalized_labels": [],
          "uncertainty_notes": []
        },
        "temporal_window_key": "early_holocene_and_older",
        "temporal_window_label": "Early Holocene and older (6001+ BP)",
        "temporal_comparability_posture": "numeric_interval",
        "temporal_comparison_note": "This chronology supports interval-based comparison without implying more than the published sample interval.",
        "nordic_inclusion": false,
        "nordic_inclusion_reason": "The current curated project inventory does not yet identify a shipped Nordic-localized lead for this record.",
        "coordinate_basis": "supplementary_table_coordinates",
        "coordinate_confidence": "exact",
        "sample_count": 4,
        "sample_record_ids": [
          "equus_caballus:sample:prjeb44430:samea9533275",
          "equus_caballus:sample:prjeb44430:samea9533276",
          "equus_caballus:sample:prjeb44430:samea9533277",
          "equus_caballus:sample:prjeb44430:samea9533278"
        ],
        "sample_group_ids": [
          "PRJEB44430"
        ],
        "source_native_taxon_labels": [],
        "source_native_tax_ids": [],
        "source_native_scientific_names": [],
        "taxon_alignment_statuses": [
          "not_reported"
        ],
        "sample_namespace": "equus_caballus:sample_locality",
        "inclusion_notes": [
          "Sample-level locality comes directly from the recovered sample source row."
        ],
        "latitude_text": "62.083",
        "longitude_text": "58.083",
        "geocoding_method": "direct_supplementary_coordinate_capture",
        "geocoder_or_gazetteer": "not required because the supplementary table ships coordinates",
        "confidence_rationale": "The published supplementary table provides direct coordinates for this locality.",
        "original_place_text": "Medvezhiya cave",
        "resolved_place_text": "Medvezhiya cave",
        "paper_title": "The origins and spread of domestic horses from the Western Eurasian steppes",
        "paper_doi": "10.1038/s41586-021-04018-9",
        "journal_title": "Nature",
        "publication_year": "2021",
        "supplementary_sources": [],
        "project_accessions": [
          "PRJEB44430"
        ],
        "primary_project_accession": "PRJEB44430",
        "inclusion_statuses": [
          "site_curated"
        ],
        "source_artifact_path": "data/adna/governance/source_library/papers/10.1038-s41586-021-04018-9/supplementary/41586_2021_4018_MOESM5_ESM.xlsx",
        "source_artifact_kind": "supplementary_spreadsheet_row",
        "source_locator": "SI Table 1!row267",
        "source_support_status": "supplementary_table_row",
        "exact_source_text": "KB217_Rus_m34198 | 62.083 N, 58.083 E | Medvezhiya cave | Russia | URAL | cave, Upper Palaeolithic (*7) | - | - | - | - | - | 34198 | 36148 | F | this study | 1 | 4 | 4 | 393362409 | 180843866 | 574206275 | - | - | - | 8.1183942480500004 | 0.17731560316299999 | 3.9659999999999999E-3 | 4.003350796860",
        "time_start_bp": 26159,
        "time_end_bp": 44425,
        "time_mean_bp": 35292,
        "time_year_bp": 35292,
        "time_label": "26159-44425 BP"
      }
    },
    {
      "type": "Feature",
      "geometry": {
        "type": "Point",
        "coordinates": [
          95.36277778,
          53.36333333
        ]
      },
      "properties": {
        "name": "Merzly Yar",
        "feature_id": "animal-atlas-feature:equus-caballus-locality-prjeb31613-merzlyyar-russia",
        "evidence_row_id": "animal-atlas-row:equus-caballus-prjeb31613-equus-caballus-locality-prjeb31613-merzlyyar-russia",
        "site_record_id": "equus_caballus:locality:prjeb31613:merzlyyar:russia",
        "category": "Horse atlas evidence row",
        "country": "Russia",
        "layer_key": "progenitor-animal-localities",
        "layer_label": "Wild and progenitor animal aDNA atlas evidence",
        "source_url": "https://doi.org/10.1016/j.cell.2019.03.049",
        "popup_rows": [
          {
            "label": "Species",
            "value": "Equus caballus"
          },
          {
            "label": "Support class",
            "value": "accepted"
          },
          {
            "label": "Animal scope",
            "value": "wild or progenitor context"
          },
          {
            "label": "Mapped sample count",
            "value": "1"
          },
          {
            "label": "Mapped sample identifiers",
            "value": "equus_caballus:sample:prjeb31613:cgg_1_019192"
          },
          {
            "label": "Taxon alignment",
            "value": "not reported"
          },
          {
            "label": "Project accession",
            "value": "PRJEB31613"
          },
          {
            "label": "Paper title",
            "value": "Tracking Five Millennia of Horse Management with Extensive Ancient Genome Time Series"
          },
          {
            "label": "Paper DOI",
            "value": "10.1016/j.cell.2019.03.049"
          },
          {
            "label": "Publication year",
            "value": "2019"
          },
          {
            "label": "Journal",
            "value": "Cell"
          },
          {
            "label": "Chronology",
            "value": "23789 BP"
          },
          {
            "label": "Chronology evidence class",
            "value": "direct radiocarbon date"
          },
          {
            "label": "Chronology precision posture",
            "value": "sample precise point"
          },
          {
            "label": "Temporal window",
            "value": "Early Holocene and older (6001+ BP)"
          },
          {
            "label": "Temporal comparison posture",
            "value": "numeric interval"
          },
          {
            "label": "Temporal comparison note",
            "value": "This chronology supports interval-based comparison without implying more than the published sample interval."
          },
          {
            "label": "Support note",
            "value": "admissible_for_curated_support"
          },
          {
            "label": "Coordinate basis",
            "value": "supplementary_table_coordinates"
          },
          {
            "label": "Coordinate confidence",
            "value": "exact"
          },
          {
            "label": "Coordinate method",
            "value": "direct_supplementary_coordinate_capture"
          },
          {
            "label": "Coordinate gazetteer",
            "value": "not required because the supplementary table ships coordinates"
          },
          {
            "label": "Original place text",
            "value": "Merzly Yar"
          },
          {
            "label": "Resolved place text",
            "value": "Merzly Yar"
          },
          {
            "label": "Coordinate rationale",
            "value": "The published supplementary table provides direct coordinates for this locality."
          },
          {
            "label": "Source locator",
            "value": "Sheet1!row166"
          },
          {
            "label": "Source support status",
            "value": "supplementary_table_row"
          },
          {
            "label": "Source evidence text",
            "value": "MerzlyYar_Rus45_23789 | CGG_1_019192 | Upper Palaeolithic | 23789 | Merzly Yar | 53.363333330000003 | 95.362777780000002 | Russia | horse | male | 356.37759139999997 | 5.3194399948399997 | 0 | 0 | 0 | 0 | 4.5999999999999996 | 19690 | 80 | -22032 | -21512 | 95.4 | -21772 | -23789"
          },
          {
            "label": "Nordic relevance",
            "value": "non_nordic_or_comparator"
          },
          {
            "label": "Nordic note",
            "value": "The current curated project inventory does not yet identify a shipped Nordic-localized lead for this record."
          },
          {
            "label": "Interpretation",
            "value": "Sample-level locality comes directly from the recovered sample source row."
          },
          {
            "label": "Warning",
            "value": "Wild or progenitor evidence: keep visible as evolutionary context, not domesticated-core farming support."
          },
          {
            "label": "Warning",
            "value": "This locality is outside the Nordic lead set and remains atlas context, not Nordic-localized support."
          },
          {
            "label": "Warning",
            "value": "admissible_for_curated_support"
          }
        ],
        "species_latin_name": "Equus caballus",
        "species_common_name": "horse",
        "animal_scope": "wild_or_progenitor_context",
        "support_class": "accepted",
        "temporal_semantics": {
          "schema_version": "temporal-semantics.v1",
          "source_family": "animal_adna",
          "evidence_class": "direct_radiocarbon_date",
          "precision_posture": "sample_precise_point",
          "comparability_posture": "numeric_interval",
          "summary_label": "23789 BP",
          "temporal_window_key": "early_holocene_and_older",
          "temporal_window_label": "Early Holocene and older (6001+ BP)",
          "time_start_bp": 23789,
          "time_end_bp": 23789,
          "time_mean_bp": 23789,
          "duration_years": 0,
          "comparison_note": "This chronology supports interval-based comparison without implying more than the published sample interval.",
          "refusal_reason_code": "",
          "provenance_path": "data/adna/governance/source_library/papers/10.1016-j.cell.2019.03.049/supplementary/1-s2.0-S0092867419303848-mmc1.xlsx",
          "provenance_locator": "Sheet1!row166",
          "provenance_excerpt": "MerzlyYar_Rus45_23789 | CGG_1_019192 | Upper Palaeolithic | 23789 | Merzly Yar | 53.363333330000003 | 95.362777780000002 | Russia | horse | male | 356.37759139999997 | 5.3194399948399997 | 0 | 0 | 0 | 0 | 4.5999999999999996 | 19690 | 80 | -22032 | -21512 | 95.4 | -21772 | -23789",
          "original_labels": [
            "23789 BP"
          ],
          "normalized_labels": [],
          "uncertainty_notes": []
        },
        "temporal_window_key": "early_holocene_and_older",
        "temporal_window_label": "Early Holocene and older (6001+ BP)",
        "temporal_comparability_posture": "numeric_interval",
        "temporal_comparison_note": "This chronology supports interval-based comparison without implying more than the published sample interval.",
        "nordic_inclusion": false,
        "nordic_inclusion_reason": "The current curated project inventory does not yet identify a shipped Nordic-localized lead for this record.",
        "coordinate_basis": "supplementary_table_coordinates",
        "coordinate_confidence": "exact",
        "sample_count": 1,
        "sample_record_ids": [
          "equus_caballus:sample:prjeb31613:cgg_1_019192"
        ],
        "sample_group_ids": [
          "PRJEB31613"
        ],
        "source_native_taxon_labels": [],
        "source_native_tax_ids": [],
        "source_native_scientific_names": [],
        "taxon_alignment_statuses": [
          "not_reported"
        ],
        "sample_namespace": "equus_caballus:sample_locality",
        "inclusion_notes": [
          "Sample-level locality comes directly from the recovered sample source row."
        ],
        "latitude_text": "53.363333330000003",
        "longitude_text": "95.362777780000002",
        "geocoding_method": "direct_supplementary_coordinate_capture",
        "geocoder_or_gazetteer": "not required because the supplementary table ships coordinates",
        "confidence_rationale": "The published supplementary table provides direct coordinates for this locality.",
        "original_place_text": "Merzly Yar",
        "resolved_place_text": "Merzly Yar",
        "paper_title": "Tracking Five Millennia of Horse Management with Extensive Ancient Genome Time Series",
        "paper_doi": "10.1016/j.cell.2019.03.049",
        "journal_title": "Cell",
        "publication_year": "2019",
        "supplementary_sources": [],
        "project_accessions": [
          "PRJEB31613"
        ],
        "primary_project_accession": "PRJEB31613",
        "inclusion_statuses": [
          "site_curated"
        ],
        "source_artifact_path": "data/adna/governance/source_library/papers/10.1016-j.cell.2019.03.049/supplementary/1-s2.0-S0092867419303848-mmc1.xlsx",
        "source_artifact_kind": "supplementary_spreadsheet_row",
        "source_locator": "Sheet1!row166",
        "source_support_status": "supplementary_table_row",
        "exact_source_text": "MerzlyYar_Rus45_23789 | CGG_1_019192 | Upper Palaeolithic | 23789 | Merzly Yar | 53.363333330000003 | 95.362777780000002 | Russia | horse | male | 356.37759139999997 | 5.3194399948399997 | 0 | 0 | 0 | 0 | 4.5999999999999996 | 19690 | 80 | -22032 | -21512 | 95.4 | -21772 | -23789",
        "time_start_bp": 23789,
        "time_end_bp": 23789,
        "time_mean_bp": 23789,
        "time_year_bp": 23789,
        "time_label": "23789 BP"
      }
    },
    {
      "type": "Feature",
      "geometry": {
        "type": "Point",
        "coordinates": [
          22.812173,
          45.807945
        ]
      },
      "properties": {
        "name": "Nandru Pe\u0219tera Curat\u0103",
        "feature_id": "animal-atlas-feature:equus-caballus-locality-prjeb44430-nandrupeteracurat-romania",
        "evidence_row_id": "animal-atlas-row:equus-caballus-prjeb44430-equus-caballus-locality-prjeb44430-nandrupeteracurat-romania",
        "site_record_id": "equus_caballus:locality:prjeb44430:nandrupeteracurat:romania",
        "category": "Horse atlas evidence row",
        "country": "Romania",
        "layer_key": "progenitor-animal-localities",
        "layer_label": "Wild and progenitor animal aDNA atlas evidence",
        "source_url": "https://doi.org/10.1038/s41586-021-04018-9",
        "popup_rows": [
          {
            "label": "Species",
            "value": "Equus caballus"
          },
          {
            "label": "Support class",
            "value": "accepted"
          },
          {
            "label": "Animal scope",
            "value": "wild or progenitor context"
          },
          {
            "label": "Mapped sample count",
            "value": "1"
          },
          {
            "label": "Mapped sample identifiers",
            "value": "equus_caballus:sample:prjeb44430:samea9533390"
          },
          {
            "label": "Taxon alignment",
            "value": "not reported"
          },
          {
            "label": "Project accession",
            "value": "PRJEB44430"
          },
          {
            "label": "Paper title",
            "value": "The origins and spread of domestic horses from the Western Eurasian steppes"
          },
          {
            "label": "Paper DOI",
            "value": "10.1038/s41586-021-04018-9"
          },
          {
            "label": "Publication year",
            "value": "2021"
          },
          {
            "label": "Journal",
            "value": "Nature"
          },
          {
            "label": "Chronology",
            "value": "36751 BP"
          },
          {
            "label": "Chronology evidence class",
            "value": "direct radiocarbon date"
          },
          {
            "label": "Chronology precision posture",
            "value": "sample precise point"
          },
          {
            "label": "Temporal window",
            "value": "Early Holocene and older (6001+ BP)"
          },
          {
            "label": "Temporal comparison posture",
            "value": "numeric interval"
          },
          {
            "label": "Temporal comparison note",
            "value": "This chronology supports interval-based comparison without implying more than the published sample interval."
          },
          {
            "label": "Support note",
            "value": "admissible_for_curated_support"
          },
          {
            "label": "Coordinate basis",
            "value": "supplementary_table_coordinates"
          },
          {
            "label": "Coordinate confidence",
            "value": "exact"
          },
          {
            "label": "Coordinate method",
            "value": "direct_supplementary_coordinate_capture"
          },
          {
            "label": "Coordinate gazetteer",
            "value": "not required because the supplementary table ships coordinates"
          },
          {
            "label": "Original place text",
            "value": "Nandru Pe\u0219tera Curat\u0103"
          },
          {
            "label": "Resolved place text",
            "value": "Nandru Pe\u0219tera Curat\u0103"
          },
          {
            "label": "Coordinate rationale",
            "value": "The published supplementary table provides direct coordinates for this locality."
          },
          {
            "label": "Source locator",
            "value": "SI Table 1!row63"
          },
          {
            "label": "Source support status",
            "value": "supplementary_table_row"
          },
          {
            "label": "Source evidence text",
            "value": "RONPC06_Rom_m34801 | 45.807945 N, 22.812173 E | Nandru Pe\u0219tera Curat\u0103 | Romania | RONPC06 | Cave, Upper Palaeolithic | 199236 | 32260 | 330 | -35532 | -34069 | 34801 | 36751 | M | this study | 1 | 4 | 4 | 1805631161 | 855738798 | 2661369959 | - | - | - | 301.90958657900001 | 2.6395061556499999 | 9.8"
          },
          {
            "label": "Nordic relevance",
            "value": "non_nordic_or_comparator"
          },
          {
            "label": "Nordic note",
            "value": "The current curated project inventory does not yet identify a shipped Nordic-localized lead for this record."
          },
          {
            "label": "Interpretation",
            "value": "Sample-level locality comes directly from the recovered sample source row."
          },
          {
            "label": "Warning",
            "value": "Wild or progenitor evidence: keep visible as evolutionary context, not domesticated-core farming support."
          },
          {
            "label": "Warning",
            "value": "This locality is outside the Nordic lead set and remains atlas context, not Nordic-localized support."
          },
          {
            "label": "Warning",
            "value": "admissible_for_curated_support"
          }
        ],
        "species_latin_name": "Equus caballus",
        "species_common_name": "horse",
        "animal_scope": "wild_or_progenitor_context",
        "support_class": "accepted",
        "temporal_semantics": {
          "schema_version": "temporal-semantics.v1",
          "source_family": "animal_adna",
          "evidence_class": "direct_radiocarbon_date",
          "precision_posture": "sample_precise_point",
          "comparability_posture": "numeric_interval",
          "summary_label": "36751 BP",
          "temporal_window_key": "early_holocene_and_older",
          "temporal_window_label": "Early Holocene and older (6001+ BP)",
          "time_start_bp": 36751,
          "time_end_bp": 36751,
          "time_mean_bp": 36751,
          "duration_years": 0,
          "comparison_note": "This chronology supports interval-based comparison without implying more than the published sample interval.",
          "refusal_reason_code": "",
          "provenance_path": "data/adna/governance/source_library/papers/10.1038-s41586-021-04018-9/supplementary/41586_2021_4018_MOESM5_ESM.xlsx",
          "provenance_locator": "SI Table 1!row63",
          "provenance_excerpt": "RONPC06_Rom_m34801 | 45.807945 N, 22.812173 E | Nandru Pe\u0219tera Curat\u0103 | Romania | RONPC06 | Cave, Upper Palaeolithic | 199236 | 32260 | 330 | -35532 | -34069 | 34801 | 36751 | M | this study | 1 | 4 | 4 | 1805631161 | 855738798 | 2661369959 | - | - | - | 301.90958657900001 | 2.6395061556499999 | 9.8",
          "original_labels": [
            "36751 BP"
          ],
          "normalized_labels": [],
          "uncertainty_notes": []
        },
        "temporal_window_key": "early_holocene_and_older",
        "temporal_window_label": "Early Holocene and older (6001+ BP)",
        "temporal_comparability_posture": "numeric_interval",
        "temporal_comparison_note": "This chronology supports interval-based comparison without implying more than the published sample interval.",
        "nordic_inclusion": false,
        "nordic_inclusion_reason": "The current curated project inventory does not yet identify a shipped Nordic-localized lead for this record.",
        "coordinate_basis": "supplementary_table_coordinates",
        "coordinate_confidence": "exact",
        "sample_count": 1,
        "sample_record_ids": [
          "equus_caballus:sample:prjeb44430:samea9533390"
        ],
        "sample_group_ids": [
          "PRJEB44430"
        ],
        "source_native_taxon_labels": [],
        "source_native_tax_ids": [],
        "source_native_scientific_names": [],
        "taxon_alignment_statuses": [
          "not_reported"
        ],
        "sample_namespace": "equus_caballus:sample_locality",
        "inclusion_notes": [
          "Sample-level locality comes directly from the recovered sample source row."
        ],
        "latitude_text": "45.807945",
        "longitude_text": "22.812173",
        "geocoding_method": "direct_supplementary_coordinate_capture",
        "geocoder_or_gazetteer": "not required because the supplementary table ships coordinates",
        "confidence_rationale": "The published supplementary table provides direct coordinates for this locality.",
        "original_place_text": "Nandru Pe\u0219tera Curat\u0103",
        "resolved_place_text": "Nandru Pe\u0219tera Curat\u0103",
        "paper_title": "The origins and spread of domestic horses from the Western Eurasian steppes",
        "paper_doi": "10.1038/s41586-021-04018-9",
        "journal_title": "Nature",
        "publication_year": "2021",
        "supplementary_sources": [],
        "project_accessions": [
          "PRJEB44430"
        ],
        "primary_project_accession": "PRJEB44430",
        "inclusion_statuses": [
          "site_curated"
        ],
        "source_artifact_path": "data/adna/governance/source_library/papers/10.1038-s41586-021-04018-9/supplementary/41586_2021_4018_MOESM5_ESM.xlsx",
        "source_artifact_kind": "supplementary_spreadsheet_row",
        "source_locator": "SI Table 1!row63",
        "source_support_status": "supplementary_table_row",
        "exact_source_text": "RONPC06_Rom_m34801 | 45.807945 N, 22.812173 E | Nandru Pe\u0219tera Curat\u0103 | Romania | RONPC06 | Cave, Upper Palaeolithic | 199236 | 32260 | 330 | -35532 | -34069 | 34801 | 36751 | M | this study | 1 | 4 | 4 | 1805631161 | 855738798 | 2661369959 | - | - | - | 301.90958657900001 | 2.6395061556499999 | 9.8",
        "time_start_bp": 36751,
        "time_end_bp": 36751,
        "time_mean_bp": 36751,
        "time_year_bp": 36751,
        "time_label": "36751 BP"
      }
    },
    {
      "type": "Feature",
      "geometry": {
        "type": "Point",
        "coordinates": [
          59.45,
          55.466667
        ]
      },
      "properties": {
        "name": "Nikolskaya",
        "feature_id": "animal-atlas-feature:equus-caballus-locality-prjeb44430-nikolskaya-russia",
        "evidence_row_id": "animal-atlas-row:equus-caballus-prjeb44430-equus-caballus-locality-prjeb44430-nikolskaya-russia",
        "site_record_id": "equus_caballus:locality:prjeb44430:nikolskaya:russia",
        "category": "Horse atlas evidence row",
        "country": "Russia",
        "layer_key": "progenitor-animal-localities",
        "layer_label": "Wild and progenitor animal aDNA atlas evidence",
        "source_url": "https://doi.org/10.1038/s41586-021-04018-9",
        "popup_rows": [
          {
            "label": "Species",
            "value": "Equus caballus"
          },
          {
            "label": "Support class",
            "value": "accepted"
          },
          {
            "label": "Animal scope",
            "value": "wild or progenitor context"
          },
          {
            "label": "Mapped sample count",
            "value": "3"
          },
          {
            "label": "Mapped sample identifiers",
            "value": "equus_caballus:sample:prjeb44430:samea9533380, equus_caballus:sample:prjeb44430:samea9533381, equus_caballus:sample:prjeb44430:samea9533382"
          },
          {
            "label": "Taxon alignment",
            "value": "not reported"
          },
          {
            "label": "Project accession",
            "value": "PRJEB44430"
          },
          {
            "label": "Paper title",
            "value": "The origins and spread of domestic horses from the Western Eurasian steppes"
          },
          {
            "label": "Paper DOI",
            "value": "10.1038/s41586-021-04018-9"
          },
          {
            "label": "Publication year",
            "value": "2021"
          },
          {
            "label": "Journal",
            "value": "Nature"
          },
          {
            "label": "Chronology",
            "value": "23095-44950 BP"
          },
          {
            "label": "Chronology evidence class",
            "value": "direct radiocarbon date"
          },
          {
            "label": "Chronology precision posture",
            "value": "sample precise interval"
          },
          {
            "label": "Temporal window",
            "value": "Early Holocene and older (6001+ BP)"
          },
          {
            "label": "Temporal comparison posture",
            "value": "numeric interval"
          },
          {
            "label": "Temporal comparison note",
            "value": "This chronology supports interval-based comparison without implying more than the published sample interval."
          },
          {
            "label": "Support note",
            "value": "admissible_for_curated_support"
          },
          {
            "label": "Coordinate basis",
            "value": "supplementary_table_coordinates"
          },
          {
            "label": "Coordinate confidence",
            "value": "exact"
          },
          {
            "label": "Coordinate method",
            "value": "direct_supplementary_coordinate_capture"
          },
          {
            "label": "Coordinate gazetteer",
            "value": "not required because the supplementary table ships coordinates"
          },
          {
            "label": "Original place text",
            "value": "Nikolskaya"
          },
          {
            "label": "Resolved place text",
            "value": "Nikolskaya"
          },
          {
            "label": "Coordinate rationale",
            "value": "The published supplementary table provides direct coordinates for this locality."
          },
          {
            "label": "Source locator",
            "value": "SI Table 1!row248"
          },
          {
            "label": "Source support status",
            "value": "supplementary_table_row"
          },
          {
            "label": "Source evidence text",
            "value": "RN128_Rus_m43000 | 55.466667 N, 59.45 E | Nikolskaya | Russia | URAL | cave, Upper Palaeolithic, ~43,000 BCE | - | - | - | - | - | 43000 | 44950 | F | this study | 1 | 3 | 3 | 233357750 | 364852062 | 598209812 | - | - | - | 38.547693229499998 | 0.123300154839 | 9.2699999999999998E-4 | 5.774182372350"
          },
          {
            "label": "Nordic relevance",
            "value": "non_nordic_or_comparator"
          },
          {
            "label": "Nordic note",
            "value": "The current curated project inventory does not yet identify a shipped Nordic-localized lead for this record."
          },
          {
            "label": "Interpretation",
            "value": "Sample-level locality comes directly from the recovered sample source row."
          },
          {
            "label": "Warning",
            "value": "Wild or progenitor evidence: keep visible as evolutionary context, not domesticated-core farming support."
          },
          {
            "label": "Warning",
            "value": "This locality is outside the Nordic lead set and remains atlas context, not Nordic-localized support."
          },
          {
            "label": "Warning",
            "value": "admissible_for_curated_support"
          }
        ],
        "species_latin_name": "Equus caballus",
        "species_common_name": "horse",
        "animal_scope": "wild_or_progenitor_context",
        "support_class": "accepted",
        "temporal_semantics": {
          "schema_version": "temporal-semantics.v1",
          "source_family": "animal_adna",
          "evidence_class": "direct_radiocarbon_date",
          "precision_posture": "sample_precise_interval",
          "comparability_posture": "numeric_interval",
          "summary_label": "23095-44950 BP",
          "temporal_window_key": "early_holocene_and_older",
          "temporal_window_label": "Early Holocene and older (6001+ BP)",
          "time_start_bp": 23095,
          "time_end_bp": 44950,
          "time_mean_bp": 34022,
          "duration_years": 21855,
          "comparison_note": "This chronology supports interval-based comparison without implying more than the published sample interval.",
          "refusal_reason_code": "",
          "provenance_path": "data/adna/governance/source_library/papers/10.1038-s41586-021-04018-9/supplementary/41586_2021_4018_MOESM5_ESM.xlsx",
          "provenance_locator": "SI Table 1!row248",
          "provenance_excerpt": "RN128_Rus_m43000 | 55.466667 N, 59.45 E | Nikolskaya | Russia | URAL | cave, Upper Palaeolithic, ~43,000 BCE | - | - | - | - | - | 43000 | 44950 | F | this study | 1 | 3 | 3 | 233357750 | 364852062 | 598209812 | - | - | - | 38.547693229499998 | 0.123300154839 | 9.2699999999999998E-4 | 5.774182372350",
          "original_labels": [
            "23095-44950 BP"
          ],
          "normalized_labels": [],
          "uncertainty_notes": []
        },
        "temporal_window_key": "early_holocene_and_older",
        "temporal_window_label": "Early Holocene and older (6001+ BP)",
        "temporal_comparability_posture": "numeric_interval",
        "temporal_comparison_note": "This chronology supports interval-based comparison without implying more than the published sample interval.",
        "nordic_inclusion": false,
        "nordic_inclusion_reason": "The current curated project inventory does not yet identify a shipped Nordic-localized lead for this record.",
        "coordinate_basis": "supplementary_table_coordinates",
        "coordinate_confidence": "exact",
        "sample_count": 3,
        "sample_record_ids": [
          "equus_caballus:sample:prjeb44430:samea9533380",
          "equus_caballus:sample:prjeb44430:samea9533381",
          "equus_caballus:sample:prjeb44430:samea9533382"
        ],
        "sample_group_ids": [
          "PRJEB44430"
        ],
        "source_native_taxon_labels": [],
        "source_native_tax_ids": [],
        "source_native_scientific_names": [],
        "taxon_alignment_statuses": [
          "not_reported"
        ],
        "sample_namespace": "equus_caballus:sample_locality",
        "inclusion_notes": [
          "Sample-level locality comes directly from the recovered sample source row."
        ],
        "latitude_text": "55.466667",
        "longitude_text": "59.45",
        "geocoding_method": "direct_supplementary_coordinate_capture",
        "geocoder_or_gazetteer": "not required because the supplementary table ships coordinates",
        "confidence_rationale": "The published supplementary table provides direct coordinates for this locality.",
        "original_place_text": "Nikolskaya",
        "resolved_place_text": "Nikolskaya",
        "paper_title": "The origins and spread of domestic horses from the Western Eurasian steppes",
        "paper_doi": "10.1038/s41586-021-04018-9",
        "journal_title": "Nature",
        "publication_year": "2021",
        "supplementary_sources": [],
        "project_accessions": [
          "PRJEB44430"
        ],
        "primary_project_accession": "PRJEB44430",
        "inclusion_statuses": [
          "site_curated"
        ],
        "source_artifact_path": "data/adna/governance/source_library/papers/10.1038-s41586-021-04018-9/supplementary/41586_2021_4018_MOESM5_ESM.xlsx",
        "source_artifact_kind": "supplementary_spreadsheet_row",
        "source_locator": "SI Table 1!row248",
        "source_support_status": "supplementary_table_row",
        "exact_source_text": "RN128_Rus_m43000 | 55.466667 N, 59.45 E | Nikolskaya | Russia | URAL | cave, Upper Palaeolithic, ~43,000 BCE | - | - | - | - | - | 43000 | 44950 | F | this study | 1 | 3 | 3 | 233357750 | 364852062 | 598209812 | - | - | - | 38.547693229499998 | 0.123300154839 | 9.2699999999999998E-4 | 5.774182372350",
        "time_start_bp": 23095,
        "time_end_bp": 44950,
        "time_mean_bp": 34022,
        "time_year_bp": 34022,
        "time_label": "23095-44950 BP"
      }
    },
    {
      "type": "Feature",
      "geometry": {
        "type": "Point",
        "coordinates": [
          61.45,
          57.45
        ]
      },
      "properties": {
        "name": "Pershinskaya",
        "feature_id": "animal-atlas-feature:equus-caballus-locality-prjeb44430-pershinskaya-russia",
        "evidence_row_id": "animal-atlas-row:equus-caballus-prjeb44430-equus-caballus-locality-prjeb44430-pershinskaya-russia",
        "site_record_id": "equus_caballus:locality:prjeb44430:pershinskaya:russia",
        "category": "Horse atlas evidence row",
        "country": "Russia",
        "layer_key": "progenitor-animal-localities",
        "layer_label": "Wild and progenitor animal aDNA atlas evidence",
        "source_url": "https://doi.org/10.1038/s41586-021-04018-9",
        "popup_rows": [
          {
            "label": "Species",
            "value": "Equus caballus"
          },
          {
            "label": "Support class",
            "value": "accepted"
          },
          {
            "label": "Animal scope",
            "value": "wild or progenitor context"
          },
          {
            "label": "Mapped sample count",
            "value": "6"
          },
          {
            "label": "Mapped sample identifiers",
            "value": "equus_caballus:sample:prjeb44430:samea9533372, equus_caballus:sample:prjeb44430:samea9533373, equus_caballus:sample:prjeb44430:samea9533374, equus_caballus:sample:prjeb44430:samea9533375, equus_caballus:sample:prjeb44430:samea9533376, equus_caballus:sample:prjeb44430:samea9533377"
          },
          {
            "label": "Taxon alignment",
            "value": "not reported"
          },
          {
            "label": "Project accession",
            "value": "PRJEB44430"
          },
          {
            "label": "Paper title",
            "value": "The origins and spread of domestic horses from the Western Eurasian steppes"
          },
          {
            "label": "Paper DOI",
            "value": "10.1038/s41586-021-04018-9"
          },
          {
            "label": "Publication year",
            "value": "2021"
          },
          {
            "label": "Journal",
            "value": "Nature"
          },
          {
            "label": "Chronology",
            "value": "15427-23963 BP"
          },
          {
            "label": "Chronology evidence class",
            "value": "direct radiocarbon date"
          },
          {
            "label": "Chronology precision posture",
            "value": "sample precise interval"
          },
          {
            "label": "Temporal window",
            "value": "Early Holocene and older (6001+ BP)"
          },
          {
            "label": "Temporal comparison posture",
            "value": "numeric interval"
          },
          {
            "label": "Temporal comparison note",
            "value": "This chronology supports interval-based comparison without implying more than the published sample interval."
          },
          {
            "label": "Support note",
            "value": "admissible_for_curated_support"
          },
          {
            "label": "Coordinate basis",
            "value": "supplementary_table_coordinates"
          },
          {
            "label": "Coordinate confidence",
            "value": "exact"
          },
          {
            "label": "Coordinate method",
            "value": "direct_supplementary_coordinate_capture"
          },
          {
            "label": "Coordinate gazetteer",
            "value": "not required because the supplementary table ships coordinates"
          },
          {
            "label": "Original place text",
            "value": "Pershinskaya"
          },
          {
            "label": "Resolved place text",
            "value": "Pershinskaya"
          },
          {
            "label": "Coordinate rationale",
            "value": "The published supplementary table provides direct coordinates for this locality."
          },
          {
            "label": "Source locator",
            "value": "SI Table 1!row254"
          },
          {
            "label": "Source support status",
            "value": "supplementary_table_row"
          },
          {
            "label": "Source evidence text",
            "value": "RN109_Rus_m13477 | 57.45 N, 61.45 E | Pershinskaya | Russia | URAL | cave, Upper Palaeolithic | 208875 | 12900 | 30 | -13624 | -13330 | 13477 | 15427 | F | this study | 1 | 3 | 3 | 214993046 | 126811420 | 341804466 | - | - | - | 595.87597363700002 | 2.9971994471999999 | 9.2400000000000002E-4 | 1.954"
          },
          {
            "label": "Nordic relevance",
            "value": "non_nordic_or_comparator"
          },
          {
            "label": "Nordic note",
            "value": "The current curated project inventory does not yet identify a shipped Nordic-localized lead for this record."
          },
          {
            "label": "Interpretation",
            "value": "Sample-level locality comes directly from the recovered sample source row."
          },
          {
            "label": "Warning",
            "value": "Wild or progenitor evidence: keep visible as evolutionary context, not domesticated-core farming support."
          },
          {
            "label": "Warning",
            "value": "This locality is outside the Nordic lead set and remains atlas context, not Nordic-localized support."
          },
          {
            "label": "Warning",
            "value": "admissible_for_curated_support"
          }
        ],
        "species_latin_name": "Equus caballus",
        "species_common_name": "horse",
        "animal_scope": "wild_or_progenitor_context",
        "support_class": "accepted",
        "temporal_semantics": {
          "schema_version": "temporal-semantics.v1",
          "source_family": "animal_adna",
          "evidence_class": "direct_radiocarbon_date",
          "precision_posture": "sample_precise_interval",
          "comparability_posture": "numeric_interval",
          "summary_label": "15427-23963 BP",
          "temporal_window_key": "early_holocene_and_older",
          "temporal_window_label": "Early Holocene and older (6001+ BP)",
          "time_start_bp": 15427,
          "time_end_bp": 23963,
          "time_mean_bp": 19695,
          "duration_years": 8536,
          "comparison_note": "This chronology supports interval-based comparison without implying more than the published sample interval.",
          "refusal_reason_code": "",
          "provenance_path": "data/adna/governance/source_library/papers/10.1038-s41586-021-04018-9/supplementary/41586_2021_4018_MOESM5_ESM.xlsx",
          "provenance_locator": "SI Table 1!row254",
          "provenance_excerpt": "RN109_Rus_m13477 | 57.45 N, 61.45 E | Pershinskaya | Russia | URAL | cave, Upper Palaeolithic | 208875 | 12900 | 30 | -13624 | -13330 | 13477 | 15427 | F | this study | 1 | 3 | 3 | 214993046 | 126811420 | 341804466 | - | - | - | 595.87597363700002 | 2.9971994471999999 | 9.2400000000000002E-4 | 1.954",
          "original_labels": [
            "15427-23963 BP"
          ],
          "normalized_labels": [],
          "uncertainty_notes": []
        },
        "temporal_window_key": "early_holocene_and_older",
        "temporal_window_label": "Early Holocene and older (6001+ BP)",
        "temporal_comparability_posture": "numeric_interval",
        "temporal_comparison_note": "This chronology supports interval-based comparison without implying more than the published sample interval.",
        "nordic_inclusion": false,
        "nordic_inclusion_reason": "The current curated project inventory does not yet identify a shipped Nordic-localized lead for this record.",
        "coordinate_basis": "supplementary_table_coordinates",
        "coordinate_confidence": "exact",
        "sample_count": 6,
        "sample_record_ids": [
          "equus_caballus:sample:prjeb44430:samea9533372",
          "equus_caballus:sample:prjeb44430:samea9533373",
          "equus_caballus:sample:prjeb44430:samea9533374",
          "equus_caballus:sample:prjeb44430:samea9533375",
          "equus_caballus:sample:prjeb44430:samea9533376",
          "equus_caballus:sample:prjeb44430:samea9533377"
        ],
        "sample_group_ids": [
          "PRJEB44430"
        ],
        "source_native_taxon_labels": [],
        "source_native_tax_ids": [],
        "source_native_scientific_names": [],
        "taxon_alignment_statuses": [
          "not_reported"
        ],
        "sample_namespace": "equus_caballus:sample_locality",
        "inclusion_notes": [
          "Sample-level locality comes directly from the recovered sample source row."
        ],
        "latitude_text": "57.45",
        "longitude_text": "61.45",
        "geocoding_method": "direct_supplementary_coordinate_capture",
        "geocoder_or_gazetteer": "not required because the supplementary table ships coordinates",
        "confidence_rationale": "The published supplementary table provides direct coordinates for this locality.",
        "original_place_text": "Pershinskaya",
        "resolved_place_text": "Pershinskaya",
        "paper_title": "The origins and spread of domestic horses from the Western Eurasian steppes",
        "paper_doi": "10.1038/s41586-021-04018-9",
        "journal_title": "Nature",
        "publication_year": "2021",
        "supplementary_sources": [],
        "project_accessions": [
          "PRJEB44430"
        ],
        "primary_project_accession": "PRJEB44430",
        "inclusion_statuses": [
          "site_curated"
        ],
        "source_artifact_path": "data/adna/governance/source_library/papers/10.1038-s41586-021-04018-9/supplementary/41586_2021_4018_MOESM5_ESM.xlsx",
        "source_artifact_kind": "supplementary_spreadsheet_row",
        "source_locator": "SI Table 1!row254",
        "source_support_status": "supplementary_table_row",
        "exact_source_text": "RN109_Rus_m13477 | 57.45 N, 61.45 E | Pershinskaya | Russia | URAL | cave, Upper Palaeolithic | 208875 | 12900 | 30 | -13624 | -13330 | 13477 | 15427 | F | this study | 1 | 3 | 3 | 214993046 | 126811420 | 341804466 | - | - | - | 595.87597363700002 | 2.9971994471999999 | 9.2400000000000002E-4 | 1.954",
        "time_start_bp": 15427,
        "time_end_bp": 23963,
        "time_mean_bp": 19695,
        "time_year_bp": 19695,
        "time_label": "15427-23963 BP"
      }
    },
    {
      "type": "Feature",
      "geometry": {
        "type": "Point",
        "coordinates": [
          57.883333,
          54.833333
        ]
      },
      "properties": {
        "name": "Serpievskaya",
        "feature_id": "animal-atlas-feature:equus-caballus-locality-prjeb44430-serpievskaya-russia",
        "evidence_row_id": "animal-atlas-row:equus-caballus-prjeb44430-equus-caballus-locality-prjeb44430-serpievskaya-russia",
        "site_record_id": "equus_caballus:locality:prjeb44430:serpievskaya:russia",
        "category": "Horse atlas evidence row",
        "country": "Russia",
        "layer_key": "progenitor-animal-localities",
        "layer_label": "Wild and progenitor animal aDNA atlas evidence",
        "source_url": "https://doi.org/10.1038/s41586-021-04018-9",
        "popup_rows": [
          {
            "label": "Species",
            "value": "Equus caballus"
          },
          {
            "label": "Support class",
            "value": "accepted"
          },
          {
            "label": "Animal scope",
            "value": "wild or progenitor context"
          },
          {
            "label": "Mapped sample count",
            "value": "1"
          },
          {
            "label": "Mapped sample identifiers",
            "value": "equus_caballus:sample:prjeb44430:samea9533383"
          },
          {
            "label": "Taxon alignment",
            "value": "not reported"
          },
          {
            "label": "Project accession",
            "value": "PRJEB44430"
          },
          {
            "label": "Paper title",
            "value": "The origins and spread of domestic horses from the Western Eurasian steppes"
          },
          {
            "label": "Paper DOI",
            "value": "10.1038/s41586-021-04018-9"
          },
          {
            "label": "Publication year",
            "value": "2021"
          },
          {
            "label": "Journal",
            "value": "Nature"
          },
          {
            "label": "Chronology",
            "value": "19719 BP"
          },
          {
            "label": "Chronology evidence class",
            "value": "direct radiocarbon date"
          },
          {
            "label": "Chronology precision posture",
            "value": "sample precise point"
          },
          {
            "label": "Temporal window",
            "value": "Early Holocene and older (6001+ BP)"
          },
          {
            "label": "Temporal comparison posture",
            "value": "numeric interval"
          },
          {
            "label": "Temporal comparison note",
            "value": "This chronology supports interval-based comparison without implying more than the published sample interval."
          },
          {
            "label": "Support note",
            "value": "admissible_for_curated_support"
          },
          {
            "label": "Coordinate basis",
            "value": "supplementary_table_coordinates"
          },
          {
            "label": "Coordinate confidence",
            "value": "exact"
          },
          {
            "label": "Coordinate method",
            "value": "direct_supplementary_coordinate_capture"
          },
          {
            "label": "Coordinate gazetteer",
            "value": "not required because the supplementary table ships coordinates"
          },
          {
            "label": "Original place text",
            "value": "Serpievskaya"
          },
          {
            "label": "Resolved place text",
            "value": "Serpievskaya"
          },
          {
            "label": "Coordinate rationale",
            "value": "The published supplementary table provides direct coordinates for this locality."
          },
          {
            "label": "Source locator",
            "value": "SI Table 1!row247"
          },
          {
            "label": "Source support status",
            "value": "supplementary_table_row"
          },
          {
            "label": "Source evidence text",
            "value": "RN131_Rus_m17769 | 54.833333 N, 57.883333 E | Serpievskaya | Russia | URAL | cave, Upper Palaeolithic | 208888 | 16345 | 45 | -17921 | -17617 | 17769 | 19719 | M | this study | 1 | 4 | 4 | 104525131 | 20354054 | 124879185 | - | - | - | 182.518154584 | 2.9548061436599999 | 7.7700000000000002E-4 | 1.9"
          },
          {
            "label": "Nordic relevance",
            "value": "non_nordic_or_comparator"
          },
          {
            "label": "Nordic note",
            "value": "The current curated project inventory does not yet identify a shipped Nordic-localized lead for this record."
          },
          {
            "label": "Interpretation",
            "value": "Sample-level locality comes directly from the recovered sample source row."
          },
          {
            "label": "Warning",
            "value": "Wild or progenitor evidence: keep visible as evolutionary context, not domesticated-core farming support."
          },
          {
            "label": "Warning",
            "value": "This locality is outside the Nordic lead set and remains atlas context, not Nordic-localized support."
          },
          {
            "label": "Warning",
            "value": "admissible_for_curated_support"
          }
        ],
        "species_latin_name": "Equus caballus",
        "species_common_name": "horse",
        "animal_scope": "wild_or_progenitor_context",
        "support_class": "accepted",
        "temporal_semantics": {
          "schema_version": "temporal-semantics.v1",
          "source_family": "animal_adna",
          "evidence_class": "direct_radiocarbon_date",
          "precision_posture": "sample_precise_point",
          "comparability_posture": "numeric_interval",
          "summary_label": "19719 BP",
          "temporal_window_key": "early_holocene_and_older",
          "temporal_window_label": "Early Holocene and older (6001+ BP)",
          "time_start_bp": 19719,
          "time_end_bp": 19719,
          "time_mean_bp": 19719,
          "duration_years": 0,
          "comparison_note": "This chronology supports interval-based comparison without implying more than the published sample interval.",
          "refusal_reason_code": "",
          "provenance_path": "data/adna/governance/source_library/papers/10.1038-s41586-021-04018-9/supplementary/41586_2021_4018_MOESM5_ESM.xlsx",
          "provenance_locator": "SI Table 1!row247",
          "provenance_excerpt": "RN131_Rus_m17769 | 54.833333 N, 57.883333 E | Serpievskaya | Russia | URAL | cave, Upper Palaeolithic | 208888 | 16345 | 45 | -17921 | -17617 | 17769 | 19719 | M | this study | 1 | 4 | 4 | 104525131 | 20354054 | 124879185 | - | - | - | 182.518154584 | 2.9548061436599999 | 7.7700000000000002E-4 | 1.9",
          "original_labels": [
            "19719 BP"
          ],
          "normalized_labels": [],
          "uncertainty_notes": []
        },
        "temporal_window_key": "early_holocene_and_older",
        "temporal_window_label": "Early Holocene and older (6001+ BP)",
        "temporal_comparability_posture": "numeric_interval",
        "temporal_comparison_note": "This chronology supports interval-based comparison without implying more than the published sample interval.",
        "nordic_inclusion": false,
        "nordic_inclusion_reason": "The current curated project inventory does not yet identify a shipped Nordic-localized lead for this record.",
        "coordinate_basis": "supplementary_table_coordinates",
        "coordinate_confidence": "exact",
        "sample_count": 1,
        "sample_record_ids": [
          "equus_caballus:sample:prjeb44430:samea9533383"
        ],
        "sample_group_ids": [
          "PRJEB44430"
        ],
        "source_native_taxon_labels": [],
        "source_native_tax_ids": [],
        "source_native_scientific_names": [],
        "taxon_alignment_statuses": [
          "not_reported"
        ],
        "sample_namespace": "equus_caballus:sample_locality",
        "inclusion_notes": [
          "Sample-level locality comes directly from the recovered sample source row."
        ],
        "latitude_text": "54.833333",
        "longitude_text": "57.883333",
        "geocoding_method": "direct_supplementary_coordinate_capture",
        "geocoder_or_gazetteer": "not required because the supplementary table ships coordinates",
        "confidence_rationale": "The published supplementary table provides direct coordinates for this locality.",
        "original_place_text": "Serpievskaya",
        "resolved_place_text": "Serpievskaya",
        "paper_title": "The origins and spread of domestic horses from the Western Eurasian steppes",
        "paper_doi": "10.1038/s41586-021-04018-9",
        "journal_title": "Nature",
        "publication_year": "2021",
        "supplementary_sources": [],
        "project_accessions": [
          "PRJEB44430"
        ],
        "primary_project_accession": "PRJEB44430",
        "inclusion_statuses": [
          "site_curated"
        ],
        "source_artifact_path": "data/adna/governance/source_library/papers/10.1038-s41586-021-04018-9/supplementary/41586_2021_4018_MOESM5_ESM.xlsx",
        "source_artifact_kind": "supplementary_spreadsheet_row",
        "source_locator": "SI Table 1!row247",
        "source_support_status": "supplementary_table_row",
        "exact_source_text": "RN131_Rus_m17769 | 54.833333 N, 57.883333 E | Serpievskaya | Russia | URAL | cave, Upper Palaeolithic | 208888 | 16345 | 45 | -17921 | -17617 | 17769 | 19719 | M | this study | 1 | 4 | 4 | 104525131 | 20354054 | 124879185 | - | - | - | 182.518154584 | 2.9548061436599999 | 7.7700000000000002E-4 | 1.9",
        "time_start_bp": 19719,
        "time_end_bp": 19719,
        "time_mean_bp": 19719,
        "time_year_bp": 19719,
        "time_label": "19719 BP"
      }
    },
    {
      "type": "Feature",
      "geometry": {
        "type": "Point",
        "coordinates": [
          109.708,
          73.046
        ]
      },
      "properties": {
        "name": "Taymyr",
        "feature_id": "animal-atlas-feature:equus-caballus-locality-prjeb31613-taymyr-russia",
        "evidence_row_id": "animal-atlas-row:equus-caballus-prjeb31613-equus-caballus-locality-prjeb31613-taymyr-russia",
        "site_record_id": "equus_caballus:locality:prjeb31613:taymyr:russia",
        "category": "Horse atlas evidence row",
        "country": "Russia",
        "layer_key": "progenitor-animal-localities",
        "layer_label": "Wild and progenitor animal aDNA atlas evidence",
        "source_url": "https://doi.org/10.1016/j.cell.2019.03.049",
        "popup_rows": [
          {
            "label": "Species",
            "value": "Equus caballus"
          },
          {
            "label": "Support class",
            "value": "accepted"
          },
          {
            "label": "Animal scope",
            "value": "wild or progenitor context"
          },
          {
            "label": "Mapped sample count",
            "value": "2"
          },
          {
            "label": "Mapped sample identifiers",
            "value": "equus_caballus:sample:prjeb31613:cgg_1_010022, equus_caballus:sample:prjeb31613:cgg_1_010023"
          },
          {
            "label": "Taxon alignment",
            "value": "not reported"
          },
          {
            "label": "Project accession",
            "value": "PRJEB31613"
          },
          {
            "label": "Paper title",
            "value": "Tracking Five Millennia of Horse Management with Extensive Ancient Genome Time Series"
          },
          {
            "label": "Paper DOI",
            "value": "10.1016/j.cell.2019.03.049"
          },
          {
            "label": "Publication year",
            "value": "2019"
          },
          {
            "label": "Journal",
            "value": "Cell"
          },
          {
            "label": "Chronology",
            "value": "16056-42758 BP"
          },
          {
            "label": "Chronology evidence class",
            "value": "direct radiocarbon date"
          },
          {
            "label": "Chronology precision posture",
            "value": "sample precise interval"
          },
          {
            "label": "Temporal window",
            "value": "Early Holocene and older (6001+ BP)"
          },
          {
            "label": "Temporal comparison posture",
            "value": "numeric interval"
          },
          {
            "label": "Temporal comparison note",
            "value": "This chronology supports interval-based comparison without implying more than the published sample interval."
          },
          {
            "label": "Support note",
            "value": "admissible_for_curated_support"
          },
          {
            "label": "Coordinate basis",
            "value": "supplementary_table_coordinates"
          },
          {
            "label": "Coordinate confidence",
            "value": "exact"
          },
          {
            "label": "Coordinate method",
            "value": "direct_supplementary_coordinate_capture"
          },
          {
            "label": "Coordinate gazetteer",
            "value": "not required because the supplementary table ships coordinates"
          },
          {
            "label": "Original place text",
            "value": "Taymyr"
          },
          {
            "label": "Resolved place text",
            "value": "Taymyr"
          },
          {
            "label": "Coordinate rationale",
            "value": "The published supplementary table provides direct coordinates for this locality."
          },
          {
            "label": "Source locator",
            "value": "Sheet1!row212"
          },
          {
            "label": "Source support status",
            "value": "supplementary_table_row"
          },
          {
            "label": "Source evidence text",
            "value": "Taymyr_CGG10022_42758 | CGG_1_010022 | wild Archaic  | 42758 | Taymyr | 73.046000000000006 | 109.708 | Russia | horse | female | 127.47004194100001 | 23.673342611599999 | 0 | 0 | 0 | 0"
          },
          {
            "label": "Nordic relevance",
            "value": "non_nordic_or_comparator"
          },
          {
            "label": "Nordic note",
            "value": "The current curated project inventory does not yet identify a shipped Nordic-localized lead for this record."
          },
          {
            "label": "Interpretation",
            "value": "Sample-level locality comes directly from the recovered sample source row."
          },
          {
            "label": "Warning",
            "value": "Wild or progenitor evidence: keep visible as evolutionary context, not domesticated-core farming support."
          },
          {
            "label": "Warning",
            "value": "This locality is outside the Nordic lead set and remains atlas context, not Nordic-localized support."
          },
          {
            "label": "Warning",
            "value": "admissible_for_curated_support"
          }
        ],
        "species_latin_name": "Equus caballus",
        "species_common_name": "horse",
        "animal_scope": "wild_or_progenitor_context",
        "support_class": "accepted",
        "temporal_semantics": {
          "schema_version": "temporal-semantics.v1",
          "source_family": "animal_adna",
          "evidence_class": "direct_radiocarbon_date",
          "precision_posture": "sample_precise_interval",
          "comparability_posture": "numeric_interval",
          "summary_label": "16056-42758 BP",
          "temporal_window_key": "early_holocene_and_older",
          "temporal_window_label": "Early Holocene and older (6001+ BP)",
          "time_start_bp": 16056,
          "time_end_bp": 42758,
          "time_mean_bp": 29407,
          "duration_years": 26702,
          "comparison_note": "This chronology supports interval-based comparison without implying more than the published sample interval.",
          "refusal_reason_code": "",
          "provenance_path": "data/adna/governance/source_library/papers/10.1016-j.cell.2019.03.049/supplementary/1-s2.0-S0092867419303848-mmc1.xlsx",
          "provenance_locator": "Sheet1!row212",
          "provenance_excerpt": "Taymyr_CGG10022_42758 | CGG_1_010022 | wild Archaic  | 42758 | Taymyr | 73.046000000000006 | 109.708 | Russia | horse | female | 127.47004194100001 | 23.673342611599999 | 0 | 0 | 0 | 0",
          "original_labels": [
            "16056-42758 BP"
          ],
          "normalized_labels": [],
          "uncertainty_notes": []
        },
        "temporal_window_key": "early_holocene_and_older",
        "temporal_window_label": "Early Holocene and older (6001+ BP)",
        "temporal_comparability_posture": "numeric_interval",
        "temporal_comparison_note": "This chronology supports interval-based comparison without implying more than the published sample interval.",
        "nordic_inclusion": false,
        "nordic_inclusion_reason": "The current curated project inventory does not yet identify a shipped Nordic-localized lead for this record.",
        "coordinate_basis": "supplementary_table_coordinates",
        "coordinate_confidence": "exact",
        "sample_count": 2,
        "sample_record_ids": [
          "equus_caballus:sample:prjeb31613:cgg_1_010022",
          "equus_caballus:sample:prjeb31613:cgg_1_010023"
        ],
        "sample_group_ids": [
          "PRJEB31613"
        ],
        "source_native_taxon_labels": [],
        "source_native_tax_ids": [],
        "source_native_scientific_names": [],
        "taxon_alignment_statuses": [
          "not_reported"
        ],
        "sample_namespace": "equus_caballus:sample_locality",
        "inclusion_notes": [
          "Sample-level locality comes directly from the recovered sample source row."
        ],
        "latitude_text": "73.046000000000006",
        "longitude_text": "109.708",
        "geocoding_method": "direct_supplementary_coordinate_capture",
        "geocoder_or_gazetteer": "not required because the supplementary table ships coordinates",
        "confidence_rationale": "The published supplementary table provides direct coordinates for this locality.",
        "original_place_text": "Taymyr",
        "resolved_place_text": "Taymyr",
        "paper_title": "Tracking Five Millennia of Horse Management with Extensive Ancient Genome Time Series",
        "paper_doi": "10.1016/j.cell.2019.03.049",
        "journal_title": "Cell",
        "publication_year": "2019",
        "supplementary_sources": [],
        "project_accessions": [
          "PRJEB31613"
        ],
        "primary_project_accession": "PRJEB31613",
        "inclusion_statuses": [
          "site_curated"
        ],
        "source_artifact_path": "data/adna/governance/source_library/papers/10.1016-j.cell.2019.03.049/supplementary/1-s2.0-S0092867419303848-mmc1.xlsx",
        "source_artifact_kind": "supplementary_spreadsheet_row",
        "source_locator": "Sheet1!row212",
        "source_support_status": "supplementary_table_row",
        "exact_source_text": "Taymyr_CGG10022_42758 | CGG_1_010022 | wild Archaic  | 42758 | Taymyr | 73.046000000000006 | 109.708 | Russia | horse | female | 127.47004194100001 | 23.673342611599999 | 0 | 0 | 0 | 0",
        "time_start_bp": 16056,
        "time_end_bp": 42758,
        "time_mean_bp": 29407,
        "time_year_bp": 29407,
        "time_label": "16056-42758 BP"
      }
    },
    {
      "type": "Feature",
      "geometry": {
        "type": "Point",
        "coordinates": [
          57.633333,
          58.883333
        ]
      },
      "properties": {
        "name": "Verkhnegubakhinskaya",
        "feature_id": "animal-atlas-feature:equus-caballus-locality-prjeb44430-verkhnegubakhinskaya-russia",
        "evidence_row_id": "animal-atlas-row:equus-caballus-prjeb44430-equus-caballus-locality-prjeb44430-verkhnegubakhinskaya-russia",
        "site_record_id": "equus_caballus:locality:prjeb44430:verkhnegubakhinskaya:russia",
        "category": "Horse atlas evidence row",
        "country": "Russia",
        "layer_key": "progenitor-animal-localities",
        "layer_label": "Wild and progenitor animal aDNA atlas evidence",
        "source_url": "https://doi.org/10.1038/s41586-021-04018-9",
        "popup_rows": [
          {
            "label": "Species",
            "value": "Equus caballus"
          },
          {
            "label": "Support class",
            "value": "accepted"
          },
          {
            "label": "Animal scope",
            "value": "wild or progenitor context"
          },
          {
            "label": "Mapped sample count",
            "value": "2"
          },
          {
            "label": "Mapped sample identifiers",
            "value": "equus_caballus:sample:prjeb44430:samea9533378, equus_caballus:sample:prjeb44430:samea9533379"
          },
          {
            "label": "Taxon alignment",
            "value": "not reported"
          },
          {
            "label": "Project accession",
            "value": "PRJEB44430"
          },
          {
            "label": "Paper title",
            "value": "The origins and spread of domestic horses from the Western Eurasian steppes"
          },
          {
            "label": "Paper DOI",
            "value": "10.1038/s41586-021-04018-9"
          },
          {
            "label": "Publication year",
            "value": "2021"
          },
          {
            "label": "Journal",
            "value": "Nature"
          },
          {
            "label": "Chronology",
            "value": "23370-32142 BP"
          },
          {
            "label": "Chronology evidence class",
            "value": "direct radiocarbon date"
          },
          {
            "label": "Chronology precision posture",
            "value": "sample precise interval"
          },
          {
            "label": "Temporal window",
            "value": "Early Holocene and older (6001+ BP)"
          },
          {
            "label": "Temporal comparison posture",
            "value": "numeric interval"
          },
          {
            "label": "Temporal comparison note",
            "value": "This chronology supports interval-based comparison without implying more than the published sample interval."
          },
          {
            "label": "Support note",
            "value": "admissible_for_curated_support"
          },
          {
            "label": "Coordinate basis",
            "value": "supplementary_table_coordinates"
          },
          {
            "label": "Coordinate confidence",
            "value": "exact"
          },
          {
            "label": "Coordinate method",
            "value": "direct_supplementary_coordinate_capture"
          },
          {
            "label": "Coordinate gazetteer",
            "value": "not required because the supplementary table ships coordinates"
          },
          {
            "label": "Original place text",
            "value": "Verkhnegubakhinskaya"
          },
          {
            "label": "Resolved place text",
            "value": "Verkhnegubakhinskaya"
          },
          {
            "label": "Coordinate rationale",
            "value": "The published supplementary table provides direct coordinates for this locality."
          },
          {
            "label": "Source locator",
            "value": "SI Table 1!row265"
          },
          {
            "label": "Source support status",
            "value": "supplementary_table_row"
          },
          {
            "label": "Source evidence text",
            "value": "RN120_Rus_m30192 | 58.883333 N, 57.633333 E | Verkhnegubakhinskaya | Russia | URAL | cave, Upper Palaeolithic | 208885 | 27960 | 180 | -30903 | -29481 | 30192 | 32142 | M | this study | 1 | 3 | 3 | 85427114 | 30553674 | 115980788 | - | - | - | 31.423127621300001 | 1.47983587459 | 1.0460000000000001E"
          },
          {
            "label": "Nordic relevance",
            "value": "non_nordic_or_comparator"
          },
          {
            "label": "Nordic note",
            "value": "The current curated project inventory does not yet identify a shipped Nordic-localized lead for this record."
          },
          {
            "label": "Interpretation",
            "value": "Sample-level locality comes directly from the recovered sample source row."
          },
          {
            "label": "Warning",
            "value": "Wild or progenitor evidence: keep visible as evolutionary context, not domesticated-core farming support."
          },
          {
            "label": "Warning",
            "value": "This locality is outside the Nordic lead set and remains atlas context, not Nordic-localized support."
          },
          {
            "label": "Warning",
            "value": "admissible_for_curated_support"
          }
        ],
        "species_latin_name": "Equus caballus",
        "species_common_name": "horse",
        "animal_scope": "wild_or_progenitor_context",
        "support_class": "accepted",
        "temporal_semantics": {
          "schema_version": "temporal-semantics.v1",
          "source_family": "animal_adna",
          "evidence_class": "direct_radiocarbon_date",
          "precision_posture": "sample_precise_interval",
          "comparability_posture": "numeric_interval",
          "summary_label": "23370-32142 BP",
          "temporal_window_key": "early_holocene_and_older",
          "temporal_window_label": "Early Holocene and older (6001+ BP)",
          "time_start_bp": 23370,
          "time_end_bp": 32142,
          "time_mean_bp": 27756,
          "duration_years": 8772,
          "comparison_note": "This chronology supports interval-based comparison without implying more than the published sample interval.",
          "refusal_reason_code": "",
          "provenance_path": "data/adna/governance/source_library/papers/10.1038-s41586-021-04018-9/supplementary/41586_2021_4018_MOESM5_ESM.xlsx",
          "provenance_locator": "SI Table 1!row265",
          "provenance_excerpt": "RN120_Rus_m30192 | 58.883333 N, 57.633333 E | Verkhnegubakhinskaya | Russia | URAL | cave, Upper Palaeolithic | 208885 | 27960 | 180 | -30903 | -29481 | 30192 | 32142 | M | this study | 1 | 3 | 3 | 85427114 | 30553674 | 115980788 | - | - | - | 31.423127621300001 | 1.47983587459 | 1.0460000000000001E",
          "original_labels": [
            "23370-32142 BP"
          ],
          "normalized_labels": [],
          "uncertainty_notes": []
        },
        "temporal_window_key": "early_holocene_and_older",
        "temporal_window_label": "Early Holocene and older (6001+ BP)",
        "temporal_comparability_posture": "numeric_interval",
        "temporal_comparison_note": "This chronology supports interval-based comparison without implying more than the published sample interval.",
        "nordic_inclusion": false,
        "nordic_inclusion_reason": "The current curated project inventory does not yet identify a shipped Nordic-localized lead for this record.",
        "coordinate_basis": "supplementary_table_coordinates",
        "coordinate_confidence": "exact",
        "sample_count": 2,
        "sample_record_ids": [
          "equus_caballus:sample:prjeb44430:samea9533378",
          "equus_caballus:sample:prjeb44430:samea9533379"
        ],
        "sample_group_ids": [
          "PRJEB44430"
        ],
        "source_native_taxon_labels": [],
        "source_native_tax_ids": [],
        "source_native_scientific_names": [],
        "taxon_alignment_statuses": [
          "not_reported"
        ],
        "sample_namespace": "equus_caballus:sample_locality",
        "inclusion_notes": [
          "Sample-level locality comes directly from the recovered sample source row."
        ],
        "latitude_text": "58.883333",
        "longitude_text": "57.633333",
        "geocoding_method": "direct_supplementary_coordinate_capture",
        "geocoder_or_gazetteer": "not required because the supplementary table ships coordinates",
        "confidence_rationale": "The published supplementary table provides direct coordinates for this locality.",
        "original_place_text": "Verkhnegubakhinskaya",
        "resolved_place_text": "Verkhnegubakhinskaya",
        "paper_title": "The origins and spread of domestic horses from the Western Eurasian steppes",
        "paper_doi": "10.1038/s41586-021-04018-9",
        "journal_title": "Nature",
        "publication_year": "2021",
        "supplementary_sources": [],
        "project_accessions": [
          "PRJEB44430"
        ],
        "primary_project_accession": "PRJEB44430",
        "inclusion_statuses": [
          "site_curated"
        ],
        "source_artifact_path": "data/adna/governance/source_library/papers/10.1038-s41586-021-04018-9/supplementary/41586_2021_4018_MOESM5_ESM.xlsx",
        "source_artifact_kind": "supplementary_spreadsheet_row",
        "source_locator": "SI Table 1!row265",
        "source_support_status": "supplementary_table_row",
        "exact_source_text": "RN120_Rus_m30192 | 58.883333 N, 57.633333 E | Verkhnegubakhinskaya | Russia | URAL | cave, Upper Palaeolithic | 208885 | 27960 | 180 | -30903 | -29481 | 30192 | 32142 | M | this study | 1 | 3 | 3 | 85427114 | 30553674 | 115980788 | - | - | - | 31.423127621300001 | 1.47983587459 | 1.0460000000000001E",
        "time_start_bp": 23370,
        "time_end_bp": 32142,
        "time_mean_bp": 27756,
        "time_year_bp": 27756,
        "time_label": "23370-32142 BP"
      }
    },
    {
      "type": "Feature",
      "geometry": {
        "type": "Point",
        "coordinates": [
          8.33,
          44.16
        ]
      },
      "properties": {
        "name": "Arene Candide (Finale Ligure, Savona, Liguria)",
        "feature_id": "animal-atlas-feature:felis-catus-locality-prjeb81815-arenecandidefinaleliguresavonaliguria-italy",
        "evidence_row_id": "animal-atlas-row:felis-catus-prjeb81815-felis-catus-locality-prjeb81815-arenecandidefinaleliguresavonaliguria-italy",
        "site_record_id": "felis_catus:locality:prjeb81815:arenecandidefinaleliguresavonaliguria:italy",
        "category": "Cat atlas evidence row",
        "country": "Italy",
        "layer_key": "progenitor-animal-localities",
        "layer_label": "Wild and progenitor animal aDNA atlas evidence",
        "source_url": "https://doi.org/10.1126/science.adt2642",
        "popup_rows": [
          {
            "label": "Species",
            "value": "Felis catus"
          },
          {
            "label": "Support class",
            "value": "accepted"
          },
          {
            "label": "Animal scope",
            "value": "wild or progenitor context"
          },
          {
            "label": "Mapped sample count",
            "value": "1"
          },
          {
            "label": "Mapped sample identifiers",
            "value": "felis_catus:sample:prjeb81815:samea120246515"
          },
          {
            "label": "Source-native taxa",
            "value": "Felis silvestris silvestris (tax_id 463207)"
          },
          {
            "label": "Taxon alignment",
            "value": "project species mismatch"
          },
          {
            "label": "Project accession",
            "value": "PRJEB81815"
          },
          {
            "label": "Paper title",
            "value": "The dispersal of domestic cats from North Africa to Europe around 2000 years ago"
          },
          {
            "label": "Paper DOI",
            "value": "10.1126/science.adt2642"
          },
          {
            "label": "Publication year",
            "value": "2024"
          },
          {
            "label": "Journal",
            "value": "Science"
          },
          {
            "label": "Chronology",
            "value": "10-11 ka (Epigravettian)"
          },
          {
            "label": "Chronology evidence class",
            "value": "historical or recent date"
          },
          {
            "label": "Chronology precision posture",
            "value": "sample approximate or modeled"
          },
          {
            "label": "Temporal window",
            "value": "Unresolved time window"
          },
          {
            "label": "Temporal comparison posture",
            "value": "contextual label only"
          },
          {
            "label": "Temporal comparison note",
            "value": "This chronology is text-led or period-led and should not be compared as a sample-owned numeric date."
          },
          {
            "label": "Support note",
            "value": "admissible_for_curated_support"
          },
          {
            "label": "Coordinate basis",
            "value": "supplementary_table_coordinates"
          },
          {
            "label": "Coordinate confidence",
            "value": "exact"
          },
          {
            "label": "Coordinate method",
            "value": "direct_supplementary_coordinate_capture"
          },
          {
            "label": "Coordinate gazetteer",
            "value": "not required because the supplementary table ships coordinates"
          },
          {
            "label": "Original place text",
            "value": "Arene Candide (Finale Ligure, Savona, Liguria)"
          },
          {
            "label": "Resolved place text",
            "value": "Arene Candide (Finale Ligure, Savona, Liguria)"
          },
          {
            "label": "Coordinate rationale",
            "value": "The published supplementary table provides direct coordinates for this locality."
          },
          {
            "label": "Source locator",
            "value": "sample_accession:SAMEA120246515 || science.adt2642_tables s1_to_s8.xlsx#Table_S3!row3 -> Table_S1!row66"
          },
          {
            "label": "Source support status",
            "value": "supplementary_table_row"
          },
          {
            "label": "Source evidence text",
            "value": "ENA identifies SAMEA120246515 as Felis silvestris silvestris (tax_id 463207). Exact workbook join AC01; source chronology: 10-11 ka (Epigravettian)."
          },
          {
            "label": "Nordic relevance",
            "value": "non_nordic_or_comparator"
          },
          {
            "label": "Nordic note",
            "value": "The primary supplement resolves ancient and modern cat samples across Europe and adjacent regions, but it contains no Nordic sample and does not justify a Nordic-mapped claim."
          },
          {
            "label": "Interpretation",
            "value": "Sample-level locality comes directly from the recovered sample source row."
          },
          {
            "label": "Warning",
            "value": "Wild or progenitor evidence: keep visible as evolutionary context, not domesticated-core farming support."
          },
          {
            "label": "Warning",
            "value": "One or more mapped biological samples have a source-native taxon different from the configured project species; inspect Source-native taxa before making domestication claims."
          },
          {
            "label": "Warning",
            "value": "This locality is outside the Nordic lead set and remains atlas context, not Nordic-localized support."
          },
          {
            "label": "Warning",
            "value": "admissible_for_curated_support"
          }
        ],
        "species_latin_name": "Felis catus",
        "species_common_name": "cat",
        "animal_scope": "wild_or_progenitor_context",
        "support_class": "accepted",
        "temporal_semantics": {
          "schema_version": "temporal-semantics.v1",
          "source_family": "animal_adna",
          "evidence_class": "historical_or_recent_date",
          "precision_posture": "sample_approximate_or_modeled",
          "comparability_posture": "contextual_label_only",
          "summary_label": "10-11 ka (Epigravettian)",
          "temporal_window_key": "unresolved",
          "temporal_window_label": "Unresolved time window",
          "time_start_bp": null,
          "time_end_bp": null,
          "time_mean_bp": null,
          "duration_years": null,
          "comparison_note": "This chronology is text-led or period-led and should not be compared as a sample-owned numeric date.",
          "refusal_reason_code": "",
          "provenance_path": "data/adna/governance/source_library/papers/10.1126-science.adt2642/supplementary/science.adt2642_tables s1_to_s8.zip",
          "provenance_locator": "sample_accession:SAMEA120246515 || science.adt2642_tables s1_to_s8.xlsx#Table_S3!row3 -> Table_S1!row66",
          "provenance_excerpt": "ENA identifies SAMEA120246515 as Felis silvestris silvestris (tax_id 463207). Exact workbook join AC01; source chronology: 10-11 ka (Epigravettian).",
          "original_labels": [
            "10-11 ka (Epigravettian)"
          ],
          "normalized_labels": [],
          "uncertainty_notes": []
        },
        "temporal_window_key": "unresolved",
        "temporal_window_label": "Unresolved time window",
        "temporal_comparability_posture": "contextual_label_only",
        "temporal_comparison_note": "This chronology is text-led or period-led and should not be compared as a sample-owned numeric date.",
        "nordic_inclusion": false,
        "nordic_inclusion_reason": "The primary supplement resolves ancient and modern cat samples across Europe and adjacent regions, but it contains no Nordic sample and does not justify a Nordic-mapped claim.",
        "coordinate_basis": "supplementary_table_coordinates",
        "coordinate_confidence": "exact",
        "sample_count": 1,
        "sample_record_ids": [
          "felis_catus:sample:prjeb81815:samea120246515"
        ],
        "sample_group_ids": [
          "PRJEB81815"
        ],
        "source_native_taxon_labels": [
          "Felis silvestris silvestris (tax_id 463207)"
        ],
        "source_native_tax_ids": [
          "463207"
        ],
        "source_native_scientific_names": [
          "Felis silvestris silvestris"
        ],
        "taxon_alignment_statuses": [
          "project_species_mismatch"
        ],
        "sample_namespace": "felis_catus:sample_locality",
        "inclusion_notes": [
          "Sample-level locality comes directly from the recovered sample source row."
        ],
        "latitude_text": "44.16",
        "longitude_text": "8.33",
        "geocoding_method": "direct_supplementary_coordinate_capture",
        "geocoder_or_gazetteer": "not required because the supplementary table ships coordinates",
        "confidence_rationale": "The published supplementary table provides direct coordinates for this locality.",
        "original_place_text": "Arene Candide (Finale Ligure, Savona, Liguria)",
        "resolved_place_text": "Arene Candide (Finale Ligure, Savona, Liguria)",
        "paper_title": "The dispersal of domestic cats from North Africa to Europe around 2000 years ago",
        "paper_doi": "10.1126/science.adt2642",
        "journal_title": "Science",
        "publication_year": "2024",
        "supplementary_sources": [],
        "project_accessions": [
          "PRJEB81815"
        ],
        "primary_project_accession": "PRJEB81815",
        "inclusion_statuses": [
          "site_curated"
        ],
        "source_artifact_path": "data/adna/governance/source_library/papers/10.1126-science.adt2642/supplementary/science.adt2642_tables s1_to_s8.zip",
        "source_artifact_kind": "supplementary_spreadsheet_row",
        "source_locator": "sample_accession:SAMEA120246515 || science.adt2642_tables s1_to_s8.xlsx#Table_S3!row3 -> Table_S1!row66",
        "source_support_status": "supplementary_table_row",
        "exact_source_text": "ENA identifies SAMEA120246515 as Felis silvestris silvestris (tax_id 463207). Exact workbook join AC01; source chronology: 10-11 ka (Epigravettian).",
        "time_start_bp": null,
        "time_end_bp": null,
        "time_mean_bp": null,
        "time_year_bp": null,
        "time_label": "10-11 ka (Epigravettian)"
      }
    },
    {
      "type": "Feature",
      "geometry": {
        "type": "Point",
        "coordinates": [
          34.23,
          38.35
        ]
      },
      "properties": {
        "name": "A\u015f\u0131kl\u0131 H\u00f6y\u00fck",
        "feature_id": "animal-atlas-feature:felis-catus-locality-prjeb81815-aklhyk-turkey",
        "evidence_row_id": "animal-atlas-row:felis-catus-prjeb81815-felis-catus-locality-prjeb81815-aklhyk-turkey",
        "site_record_id": "felis_catus:locality:prjeb81815:aklhyk:turkey",
        "category": "Cat atlas evidence row",
        "country": "Turkey",
        "layer_key": "progenitor-animal-localities",
        "layer_label": "Wild and progenitor animal aDNA atlas evidence",
        "source_url": "https://doi.org/10.1126/science.adt2642",
        "popup_rows": [
          {
            "label": "Species",
            "value": "Felis catus"
          },
          {
            "label": "Support class",
            "value": "accepted"
          },
          {
            "label": "Animal scope",
            "value": "wild or progenitor context"
          },
          {
            "label": "Mapped sample count",
            "value": "1"
          },
          {
            "label": "Mapped sample identifiers",
            "value": "felis_catus:sample:prjeb81815:samea120246517"
          },
          {
            "label": "Source-native taxa",
            "value": "Felis silvestris silvestris (tax_id 463207)"
          },
          {
            "label": "Taxon alignment",
            "value": "project species mismatch"
          },
          {
            "label": "Project accession",
            "value": "PRJEB81815"
          },
          {
            "label": "Paper title",
            "value": "The dispersal of domestic cats from North Africa to Europe around 2000 years ago"
          },
          {
            "label": "Paper DOI",
            "value": "10.1126/science.adt2642"
          },
          {
            "label": "Publication year",
            "value": "2024"
          },
          {
            "label": "Journal",
            "value": "Science"
          },
          {
            "label": "Chronology",
            "value": "9559-9899 BP"
          },
          {
            "label": "Chronology evidence class",
            "value": "direct radiocarbon date"
          },
          {
            "label": "Chronology precision posture",
            "value": "sample approximate or modeled"
          },
          {
            "label": "Temporal window",
            "value": "Early Holocene and older (6001+ BP)"
          },
          {
            "label": "Temporal comparison posture",
            "value": "numeric interval with caveat"
          },
          {
            "label": "Temporal comparison note",
            "value": "This chronology carries numeric values, but its evidence class or precision posture still requires caution."
          },
          {
            "label": "Support note",
            "value": "admissible_for_curated_support"
          },
          {
            "label": "Coordinate basis",
            "value": "supplementary_table_coordinates"
          },
          {
            "label": "Coordinate confidence",
            "value": "exact"
          },
          {
            "label": "Coordinate method",
            "value": "direct_supplementary_coordinate_capture"
          },
          {
            "label": "Coordinate gazetteer",
            "value": "not required because the supplementary table ships coordinates"
          },
          {
            "label": "Original place text",
            "value": "A\u015f\u0131kl\u0131 H\u00f6y\u00fck"
          },
          {
            "label": "Resolved place text",
            "value": "A\u015f\u0131kl\u0131 H\u00f6y\u00fck"
          },
          {
            "label": "Coordinate rationale",
            "value": "The published supplementary table provides direct coordinates for this locality."
          },
          {
            "label": "Source locator",
            "value": "sample_accession:SAMEA120246517 || science.adt2642_tables s1_to_s8.xlsx#Table_S3!row6 -> Table_S1!row196"
          },
          {
            "label": "Source support status",
            "value": "supplementary_table_row"
          },
          {
            "label": "Source evidence text",
            "value": "ENA identifies SAMEA120246517 as Felis silvestris silvestris (tax_id 463207). Exact workbook join ASK01; source chronology: 7950BC (95.4%) 7610BC."
          },
          {
            "label": "Nordic relevance",
            "value": "non_nordic_or_comparator"
          },
          {
            "label": "Nordic note",
            "value": "The primary supplement resolves ancient and modern cat samples across Europe and adjacent regions, but it contains no Nordic sample and does not justify a Nordic-mapped claim."
          },
          {
            "label": "Interpretation",
            "value": "Sample-level locality comes directly from the recovered sample source row."
          },
          {
            "label": "Warning",
            "value": "Wild or progenitor evidence: keep visible as evolutionary context, not domesticated-core farming support."
          },
          {
            "label": "Warning",
            "value": "One or more mapped biological samples have a source-native taxon different from the configured project species; inspect Source-native taxa before making domestication claims."
          },
          {
            "label": "Warning",
            "value": "This locality is outside the Nordic lead set and remains atlas context, not Nordic-localized support."
          },
          {
            "label": "Warning",
            "value": "admissible_for_curated_support"
          }
        ],
        "species_latin_name": "Felis catus",
        "species_common_name": "cat",
        "animal_scope": "wild_or_progenitor_context",
        "support_class": "accepted",
        "temporal_semantics": {
          "schema_version": "temporal-semantics.v1",
          "source_family": "animal_adna",
          "evidence_class": "direct_radiocarbon_date",
          "precision_posture": "sample_approximate_or_modeled",
          "comparability_posture": "numeric_interval_with_caveat",
          "summary_label": "9559-9899 BP",
          "temporal_window_key": "early_holocene_and_older",
          "temporal_window_label": "Early Holocene and older (6001+ BP)",
          "time_start_bp": 9559,
          "time_end_bp": 9899,
          "time_mean_bp": 9729,
          "duration_years": 340,
          "comparison_note": "This chronology carries numeric values, but its evidence class or precision posture still requires caution.",
          "refusal_reason_code": "",
          "provenance_path": "data/adna/governance/source_library/papers/10.1126-science.adt2642/supplementary/science.adt2642_tables s1_to_s8.zip",
          "provenance_locator": "sample_accession:SAMEA120246517 || science.adt2642_tables s1_to_s8.xlsx#Table_S3!row6 -> Table_S1!row196",
          "provenance_excerpt": "ENA identifies SAMEA120246517 as Felis silvestris silvestris (tax_id 463207). Exact workbook join ASK01; source chronology: 7950BC (95.4%) 7610BC.",
          "original_labels": [
            "9559-9899 BP"
          ],
          "normalized_labels": [],
          "uncertainty_notes": []
        },
        "temporal_window_key": "early_holocene_and_older",
        "temporal_window_label": "Early Holocene and older (6001+ BP)",
        "temporal_comparability_posture": "numeric_interval_with_caveat",
        "temporal_comparison_note": "This chronology carries numeric values, but its evidence class or precision posture still requires caution.",
        "nordic_inclusion": false,
        "nordic_inclusion_reason": "The primary supplement resolves ancient and modern cat samples across Europe and adjacent regions, but it contains no Nordic sample and does not justify a Nordic-mapped claim.",
        "coordinate_basis": "supplementary_table_coordinates",
        "coordinate_confidence": "exact",
        "sample_count": 1,
        "sample_record_ids": [
          "felis_catus:sample:prjeb81815:samea120246517"
        ],
        "sample_group_ids": [
          "PRJEB81815"
        ],
        "source_native_taxon_labels": [
          "Felis silvestris silvestris (tax_id 463207)"
        ],
        "source_native_tax_ids": [
          "463207"
        ],
        "source_native_scientific_names": [
          "Felis silvestris silvestris"
        ],
        "taxon_alignment_statuses": [
          "project_species_mismatch"
        ],
        "sample_namespace": "felis_catus:sample_locality",
        "inclusion_notes": [
          "Sample-level locality comes directly from the recovered sample source row."
        ],
        "latitude_text": "38.35",
        "longitude_text": "34.23",
        "geocoding_method": "direct_supplementary_coordinate_capture",
        "geocoder_or_gazetteer": "not required because the supplementary table ships coordinates",
        "confidence_rationale": "The published supplementary table provides direct coordinates for this locality.",
        "original_place_text": "A\u015f\u0131kl\u0131 H\u00f6y\u00fck",
        "resolved_place_text": "A\u015f\u0131kl\u0131 H\u00f6y\u00fck",
        "paper_title": "The dispersal of domestic cats from North Africa to Europe around 2000 years ago",
        "paper_doi": "10.1126/science.adt2642",
        "journal_title": "Science",
        "publication_year": "2024",
        "supplementary_sources": [],
        "project_accessions": [
          "PRJEB81815"
        ],
        "primary_project_accession": "PRJEB81815",
        "inclusion_statuses": [
          "site_curated"
        ],
        "source_artifact_path": "data/adna/governance/source_library/papers/10.1126-science.adt2642/supplementary/science.adt2642_tables s1_to_s8.zip",
        "source_artifact_kind": "supplementary_spreadsheet_row",
        "source_locator": "sample_accession:SAMEA120246517 || science.adt2642_tables s1_to_s8.xlsx#Table_S3!row6 -> Table_S1!row196",
        "source_support_status": "supplementary_table_row",
        "exact_source_text": "ENA identifies SAMEA120246517 as Felis silvestris silvestris (tax_id 463207). Exact workbook join ASK01; source chronology: 7950BC (95.4%) 7610BC.",
        "time_start_bp": 9559,
        "time_end_bp": 9899,
        "time_mean_bp": 9729,
        "time_year_bp": 9729,
        "time_label": "9559-9899 BP"
      }
    },
    {
      "type": "Feature",
      "geometry": {
        "type": "Point",
        "coordinates": [
          30.47,
          37.21
        ]
      },
      "properties": {
        "name": "Badema\u011fac\u0131",
        "feature_id": "animal-atlas-feature:felis-catus-locality-prjeb81815-bademaac-turkey",
        "evidence_row_id": "animal-atlas-row:felis-catus-prjeb81815-felis-catus-locality-prjeb81815-bademaac-turkey",
        "site_record_id": "felis_catus:locality:prjeb81815:bademaac:turkey",
        "category": "Cat atlas evidence row",
        "country": "Turkey",
        "layer_key": "progenitor-animal-localities",
        "layer_label": "Wild and progenitor animal aDNA atlas evidence",
        "source_url": "https://doi.org/10.1126/science.adt2642",
        "popup_rows": [
          {
            "label": "Species",
            "value": "Felis catus"
          },
          {
            "label": "Support class",
            "value": "accepted"
          },
          {
            "label": "Animal scope",
            "value": "wild or progenitor context"
          },
          {
            "label": "Mapped sample count",
            "value": "2"
          },
          {
            "label": "Mapped sample identifiers",
            "value": "felis_catus:sample:prjeb81815:samea120246518, felis_catus:sample:prjeb81815:samea120246519"
          },
          {
            "label": "Source-native taxa",
            "value": "Felis silvestris silvestris (tax_id 463207)"
          },
          {
            "label": "Taxon alignment",
            "value": "project species mismatch"
          },
          {
            "label": "Project accession",
            "value": "PRJEB81815"
          },
          {
            "label": "Paper title",
            "value": "The dispersal of domestic cats from North Africa to Europe around 2000 years ago"
          },
          {
            "label": "Paper DOI",
            "value": "10.1126/science.adt2642"
          },
          {
            "label": "Publication year",
            "value": "2024"
          },
          {
            "label": "Journal",
            "value": "Science"
          },
          {
            "label": "Chronology",
            "value": "8039-8379 BP"
          },
          {
            "label": "Chronology evidence class",
            "value": "direct radiocarbon date"
          },
          {
            "label": "Chronology precision posture",
            "value": "sample approximate or modeled"
          },
          {
            "label": "Temporal window",
            "value": "Early Holocene and older (6001+ BP)"
          },
          {
            "label": "Temporal comparison posture",
            "value": "numeric interval with caveat"
          },
          {
            "label": "Temporal comparison note",
            "value": "This chronology carries numeric values, but its evidence class or precision posture still requires caution."
          },
          {
            "label": "Support note",
            "value": "admissible_for_curated_support"
          },
          {
            "label": "Coordinate basis",
            "value": "supplementary_table_coordinates"
          },
          {
            "label": "Coordinate confidence",
            "value": "exact"
          },
          {
            "label": "Coordinate method",
            "value": "direct_supplementary_coordinate_capture"
          },
          {
            "label": "Coordinate gazetteer",
            "value": "not required because the supplementary table ships coordinates"
          },
          {
            "label": "Original place text",
            "value": "Badema\u011fac\u0131"
          },
          {
            "label": "Resolved place text",
            "value": "Badema\u011fac\u0131"
          },
          {
            "label": "Coordinate rationale",
            "value": "The published supplementary table provides direct coordinates for this locality."
          },
          {
            "label": "Source locator",
            "value": "sample_accession:SAMEA120246518 || science.adt2642_tables s1_to_s8.xlsx#Table_S3!row7 -> Table_S1!row197"
          },
          {
            "label": "Source support status",
            "value": "supplementary_table_row"
          },
          {
            "label": "Source evidence text",
            "value": "ENA identifies SAMEA120246518 as Felis silvestris silvestris (tax_id 463207). Exact workbook join BA02; source chronology: 6430BC (61.9%) 6330BC / 6320BC (33.5%) 6240BC."
          },
          {
            "label": "Nordic relevance",
            "value": "non_nordic_or_comparator"
          },
          {
            "label": "Nordic note",
            "value": "The primary supplement resolves ancient and modern cat samples across Europe and adjacent regions, but it contains no Nordic sample and does not justify a Nordic-mapped claim."
          },
          {
            "label": "Interpretation",
            "value": "Sample-level locality comes directly from the recovered sample source row."
          },
          {
            "label": "Warning",
            "value": "Wild or progenitor evidence: keep visible as evolutionary context, not domesticated-core farming support."
          },
          {
            "label": "Warning",
            "value": "One or more mapped biological samples have a source-native taxon different from the configured project species; inspect Source-native taxa before making domestication claims."
          },
          {
            "label": "Warning",
            "value": "This locality is outside the Nordic lead set and remains atlas context, not Nordic-localized support."
          },
          {
            "label": "Warning",
            "value": "admissible_for_curated_support"
          }
        ],
        "species_latin_name": "Felis catus",
        "species_common_name": "cat",
        "animal_scope": "wild_or_progenitor_context",
        "support_class": "accepted",
        "temporal_semantics": {
          "schema_version": "temporal-semantics.v1",
          "source_family": "animal_adna",
          "evidence_class": "direct_radiocarbon_date",
          "precision_posture": "sample_approximate_or_modeled",
          "comparability_posture": "numeric_interval_with_caveat",
          "summary_label": "8039-8379 BP",
          "temporal_window_key": "early_holocene_and_older",
          "temporal_window_label": "Early Holocene and older (6001+ BP)",
          "time_start_bp": 8039,
          "time_end_bp": 8379,
          "time_mean_bp": 8209,
          "duration_years": 340,
          "comparison_note": "This chronology carries numeric values, but its evidence class or precision posture still requires caution.",
          "refusal_reason_code": "",
          "provenance_path": "data/adna/governance/source_library/papers/10.1126-science.adt2642/supplementary/science.adt2642_tables s1_to_s8.zip",
          "provenance_locator": "sample_accession:SAMEA120246518 || science.adt2642_tables s1_to_s8.xlsx#Table_S3!row7 -> Table_S1!row197",
          "provenance_excerpt": "ENA identifies SAMEA120246518 as Felis silvestris silvestris (tax_id 463207). Exact workbook join BA02; source chronology: 6430BC (61.9%) 6330BC / 6320BC (33.5%) 6240BC.",
          "original_labels": [
            "8039-8379 BP"
          ],
          "normalized_labels": [],
          "uncertainty_notes": []
        },
        "temporal_window_key": "early_holocene_and_older",
        "temporal_window_label": "Early Holocene and older (6001+ BP)",
        "temporal_comparability_posture": "numeric_interval_with_caveat",
        "temporal_comparison_note": "This chronology carries numeric values, but its evidence class or precision posture still requires caution.",
        "nordic_inclusion": false,
        "nordic_inclusion_reason": "The primary supplement resolves ancient and modern cat samples across Europe and adjacent regions, but it contains no Nordic sample and does not justify a Nordic-mapped claim.",
        "coordinate_basis": "supplementary_table_coordinates",
        "coordinate_confidence": "exact",
        "sample_count": 2,
        "sample_record_ids": [
          "felis_catus:sample:prjeb81815:samea120246518",
          "felis_catus:sample:prjeb81815:samea120246519"
        ],
        "sample_group_ids": [
          "PRJEB81815"
        ],
        "source_native_taxon_labels": [
          "Felis silvestris silvestris (tax_id 463207)"
        ],
        "source_native_tax_ids": [
          "463207"
        ],
        "source_native_scientific_names": [
          "Felis silvestris silvestris"
        ],
        "taxon_alignment_statuses": [
          "project_species_mismatch"
        ],
        "sample_namespace": "felis_catus:sample_locality",
        "inclusion_notes": [
          "Sample-level locality comes directly from the recovered sample source row."
        ],
        "latitude_text": "37.21",
        "longitude_text": "30.47",
        "geocoding_method": "direct_supplementary_coordinate_capture",
        "geocoder_or_gazetteer": "not required because the supplementary table ships coordinates",
        "confidence_rationale": "The published supplementary table provides direct coordinates for this locality.",
        "original_place_text": "Badema\u011fac\u0131",
        "resolved_place_text": "Badema\u011fac\u0131",
        "paper_title": "The dispersal of domestic cats from North Africa to Europe around 2000 years ago",
        "paper_doi": "10.1126/science.adt2642",
        "journal_title": "Science",
        "publication_year": "2024",
        "supplementary_sources": [],
        "project_accessions": [
          "PRJEB81815"
        ],
        "primary_project_accession": "PRJEB81815",
        "inclusion_statuses": [
          "site_curated"
        ],
        "source_artifact_path": "data/adna/governance/source_library/papers/10.1126-science.adt2642/supplementary/science.adt2642_tables s1_to_s8.zip",
        "source_artifact_kind": "supplementary_spreadsheet_row",
        "source_locator": "sample_accession:SAMEA120246518 || science.adt2642_tables s1_to_s8.xlsx#Table_S3!row7 -> Table_S1!row197",
        "source_support_status": "supplementary_table_row",
        "exact_source_text": "ENA identifies SAMEA120246518 as Felis silvestris silvestris (tax_id 463207). Exact workbook join BA02; source chronology: 6430BC (61.9%) 6330BC / 6320BC (33.5%) 6240BC.",
        "time_start_bp": 8039,
        "time_end_bp": 8379,
        "time_mean_bp": 8209,
        "time_year_bp": 8209,
        "time_label": "8039-8379 BP"
      }
    },
    {
      "type": "Feature",
      "geometry": {
        "type": "Point",
        "coordinates": [
          0.53,
          42.47
        ]
      },
      "properties": {
        "name": "Cova de Els Trocs, Huesca",
        "feature_id": "animal-atlas-feature:felis-catus-locality-prjeb81815-covadeelstrocshuesca-spain",
        "evidence_row_id": "animal-atlas-row:felis-catus-prjeb81815-felis-catus-locality-prjeb81815-covadeelstrocshuesca-spain",
        "site_record_id": "felis_catus:locality:prjeb81815:covadeelstrocshuesca:spain",
        "category": "Cat atlas evidence row",
        "country": "Spain",
        "layer_key": "progenitor-animal-localities",
        "layer_label": "Wild and progenitor animal aDNA atlas evidence",
        "source_url": "https://doi.org/10.1126/science.adt2642",
        "popup_rows": [
          {
            "label": "Species",
            "value": "Felis catus"
          },
          {
            "label": "Support class",
            "value": "accepted"
          },
          {
            "label": "Animal scope",
            "value": "wild or progenitor context"
          },
          {
            "label": "Mapped sample count",
            "value": "1"
          },
          {
            "label": "Mapped sample identifiers",
            "value": "felis_catus:sample:prjeb81815:samea120246531"
          },
          {
            "label": "Source-native taxa",
            "value": "Felis silvestris silvestris (tax_id 463207)"
          },
          {
            "label": "Taxon alignment",
            "value": "project species mismatch"
          },
          {
            "label": "Project accession",
            "value": "PRJEB81815"
          },
          {
            "label": "Paper title",
            "value": "The dispersal of domestic cats from North Africa to Europe around 2000 years ago"
          },
          {
            "label": "Paper DOI",
            "value": "10.1126/science.adt2642"
          },
          {
            "label": "Publication year",
            "value": "2024"
          },
          {
            "label": "Journal",
            "value": "Science"
          },
          {
            "label": "Chronology",
            "value": "6989-7249 BP"
          },
          {
            "label": "Chronology evidence class",
            "value": "direct radiocarbon date"
          },
          {
            "label": "Chronology precision posture",
            "value": "sample approximate or modeled"
          },
          {
            "label": "Temporal window",
            "value": "Early Holocene and older (6001+ BP)"
          },
          {
            "label": "Temporal comparison posture",
            "value": "numeric interval with caveat"
          },
          {
            "label": "Temporal comparison note",
            "value": "This chronology carries numeric values, but its evidence class or precision posture still requires caution."
          },
          {
            "label": "Support note",
            "value": "admissible_for_curated_support"
          },
          {
            "label": "Coordinate basis",
            "value": "supplementary_table_coordinates"
          },
          {
            "label": "Coordinate confidence",
            "value": "exact"
          },
          {
            "label": "Coordinate method",
            "value": "direct_supplementary_coordinate_capture"
          },
          {
            "label": "Coordinate gazetteer",
            "value": "not required because the supplementary table ships coordinates"
          },
          {
            "label": "Original place text",
            "value": "Cova de Els Trocs, Huesca"
          },
          {
            "label": "Resolved place text",
            "value": "Cova de Els Trocs, Huesca"
          },
          {
            "label": "Coordinate rationale",
            "value": "The published supplementary table provides direct coordinates for this locality."
          },
          {
            "label": "Source locator",
            "value": "sample_accession:SAMEA120246531 || science.adt2642_tables s1_to_s8.xlsx#Table_S3!row25 -> Table_S1!row186"
          },
          {
            "label": "Source support status",
            "value": "supplementary_table_row"
          },
          {
            "label": "Source evidence text",
            "value": "ENA identifies SAMEA120246531 as Felis silvestris silvestris (tax_id 463207). Exact workbook join CET01; source chronology: 5300BC (9.4%) 5250BC / 5230BC (86.0%) 5040BC (dated twice accidentally)."
          },
          {
            "label": "Nordic relevance",
            "value": "non_nordic_or_comparator"
          },
          {
            "label": "Nordic note",
            "value": "The primary supplement resolves ancient and modern cat samples across Europe and adjacent regions, but it contains no Nordic sample and does not justify a Nordic-mapped claim."
          },
          {
            "label": "Interpretation",
            "value": "Sample-level locality comes directly from the recovered sample source row."
          },
          {
            "label": "Warning",
            "value": "Wild or progenitor evidence: keep visible as evolutionary context, not domesticated-core farming support."
          },
          {
            "label": "Warning",
            "value": "One or more mapped biological samples have a source-native taxon different from the configured project species; inspect Source-native taxa before making domestication claims."
          },
          {
            "label": "Warning",
            "value": "This locality is outside the Nordic lead set and remains atlas context, not Nordic-localized support."
          },
          {
            "label": "Warning",
            "value": "admissible_for_curated_support"
          }
        ],
        "species_latin_name": "Felis catus",
        "species_common_name": "cat",
        "animal_scope": "wild_or_progenitor_context",
        "support_class": "accepted",
        "temporal_semantics": {
          "schema_version": "temporal-semantics.v1",
          "source_family": "animal_adna",
          "evidence_class": "direct_radiocarbon_date",
          "precision_posture": "sample_approximate_or_modeled",
          "comparability_posture": "numeric_interval_with_caveat",
          "summary_label": "6989-7249 BP",
          "temporal_window_key": "early_holocene_and_older",
          "temporal_window_label": "Early Holocene and older (6001+ BP)",
          "time_start_bp": 6989,
          "time_end_bp": 7249,
          "time_mean_bp": 7119,
          "duration_years": 260,
          "comparison_note": "This chronology carries numeric values, but its evidence class or precision posture still requires caution.",
          "refusal_reason_code": "",
          "provenance_path": "data/adna/governance/source_library/papers/10.1126-science.adt2642/supplementary/science.adt2642_tables s1_to_s8.zip",
          "provenance_locator": "sample_accession:SAMEA120246531 || science.adt2642_tables s1_to_s8.xlsx#Table_S3!row25 -> Table_S1!row186",
          "provenance_excerpt": "ENA identifies SAMEA120246531 as Felis silvestris silvestris (tax_id 463207). Exact workbook join CET01; source chronology: 5300BC (9.4%) 5250BC / 5230BC (86.0%) 5040BC (dated twice accidentally).",
          "original_labels": [
            "6989-7249 BP"
          ],
          "normalized_labels": [],
          "uncertainty_notes": []
        },
        "temporal_window_key": "early_holocene_and_older",
        "temporal_window_label": "Early Holocene and older (6001+ BP)",
        "temporal_comparability_posture": "numeric_interval_with_caveat",
        "temporal_comparison_note": "This chronology carries numeric values, but its evidence class or precision posture still requires caution.",
        "nordic_inclusion": false,
        "nordic_inclusion_reason": "The primary supplement resolves ancient and modern cat samples across Europe and adjacent regions, but it contains no Nordic sample and does not justify a Nordic-mapped claim.",
        "coordinate_basis": "supplementary_table_coordinates",
        "coordinate_confidence": "exact",
        "sample_count": 1,
        "sample_record_ids": [
          "felis_catus:sample:prjeb81815:samea120246531"
        ],
        "sample_group_ids": [
          "PRJEB81815"
        ],
        "source_native_taxon_labels": [
          "Felis silvestris silvestris (tax_id 463207)"
        ],
        "source_native_tax_ids": [
          "463207"
        ],
        "source_native_scientific_names": [
          "Felis silvestris silvestris"
        ],
        "taxon_alignment_statuses": [
          "project_species_mismatch"
        ],
        "sample_namespace": "felis_catus:sample_locality",
        "inclusion_notes": [
          "Sample-level locality comes directly from the recovered sample source row."
        ],
        "latitude_text": "42.47",
        "longitude_text": "0.53",
        "geocoding_method": "direct_supplementary_coordinate_capture",
        "geocoder_or_gazetteer": "not required because the supplementary table ships coordinates",
        "confidence_rationale": "The published supplementary table provides direct coordinates for this locality.",
        "original_place_text": "Cova de Els Trocs, Huesca",
        "resolved_place_text": "Cova de Els Trocs, Huesca",
        "paper_title": "The dispersal of domestic cats from North Africa to Europe around 2000 years ago",
        "paper_doi": "10.1126/science.adt2642",
        "journal_title": "Science",
        "publication_year": "2024",
        "supplementary_sources": [],
        "project_accessions": [
          "PRJEB81815"
        ],
        "primary_project_accession": "PRJEB81815",
        "inclusion_statuses": [
          "site_curated"
        ],
        "source_artifact_path": "data/adna/governance/source_library/papers/10.1126-science.adt2642/supplementary/science.adt2642_tables s1_to_s8.zip",
        "source_artifact_kind": "supplementary_spreadsheet_row",
        "source_locator": "sample_accession:SAMEA120246531 || science.adt2642_tables s1_to_s8.xlsx#Table_S3!row25 -> Table_S1!row186",
        "source_support_status": "supplementary_table_row",
        "exact_source_text": "ENA identifies SAMEA120246531 as Felis silvestris silvestris (tax_id 463207). Exact workbook join CET01; source chronology: 5300BC (9.4%) 5250BC / 5230BC (86.0%) 5040BC (dated twice accidentally).",
        "time_start_bp": 6989,
        "time_end_bp": 7249,
        "time_mean_bp": 7119,
        "time_year_bp": 7119,
        "time_label": "6989-7249 BP"
      }
    },
    {
      "type": "Feature",
      "geometry": {
        "type": "Point",
        "coordinates": [
          28.54,
          43.7
        ]
      },
      "properties": {
        "name": "Durankulak",
        "feature_id": "animal-atlas-feature:felis-catus-locality-prjeb81815-durankulak-bulgaria",
        "evidence_row_id": "animal-atlas-row:felis-catus-prjeb81815-felis-catus-locality-prjeb81815-durankulak-bulgaria",
        "site_record_id": "felis_catus:locality:prjeb81815:durankulak:bulgaria",
        "category": "Cat atlas evidence row",
        "country": "Bulgaria",
        "layer_key": "progenitor-animal-localities",
        "layer_label": "Wild and progenitor animal aDNA atlas evidence",
        "source_url": "https://doi.org/10.1126/science.adt2642",
        "popup_rows": [
          {
            "label": "Species",
            "value": "Felis catus"
          },
          {
            "label": "Support class",
            "value": "accepted"
          },
          {
            "label": "Animal scope",
            "value": "wild or progenitor context"
          },
          {
            "label": "Mapped sample count",
            "value": "4"
          },
          {
            "label": "Mapped sample identifiers",
            "value": "felis_catus:sample:prjeb81815:samea120246536, felis_catus:sample:prjeb81815:samea120246537, felis_catus:sample:prjeb81815:samea120246538, felis_catus:sample:prjeb81815:samea120246539"
          },
          {
            "label": "Source-native taxa",
            "value": "Felis silvestris silvestris (tax_id 463207)"
          },
          {
            "label": "Taxon alignment",
            "value": "project species mismatch"
          },
          {
            "label": "Project accession",
            "value": "PRJEB81815"
          },
          {
            "label": "Paper title",
            "value": "The dispersal of domestic cats from North Africa to Europe around 2000 years ago"
          },
          {
            "label": "Paper DOI",
            "value": "10.1126/science.adt2642"
          },
          {
            "label": "Publication year",
            "value": "2024"
          },
          {
            "label": "Journal",
            "value": "Science"
          },
          {
            "label": "Chronology",
            "value": "6049-6399 BP"
          },
          {
            "label": "Chronology evidence class",
            "value": "direct radiocarbon date"
          },
          {
            "label": "Chronology precision posture",
            "value": "sample approximate or modeled"
          },
          {
            "label": "Temporal window",
            "value": "Early Holocene and older (6001+ BP)"
          },
          {
            "label": "Temporal comparison posture",
            "value": "numeric interval with caveat"
          },
          {
            "label": "Temporal comparison note",
            "value": "This chronology carries numeric values, but its evidence class or precision posture still requires caution."
          },
          {
            "label": "Support note",
            "value": "admissible_for_curated_support"
          },
          {
            "label": "Coordinate basis",
            "value": "supplementary_table_coordinates"
          },
          {
            "label": "Coordinate confidence",
            "value": "exact"
          },
          {
            "label": "Coordinate method",
            "value": "direct_supplementary_coordinate_capture"
          },
          {
            "label": "Coordinate gazetteer",
            "value": "not required because the supplementary table ships coordinates"
          },
          {
            "label": "Original place text",
            "value": "Durankulak"
          },
          {
            "label": "Resolved place text",
            "value": "Durankulak"
          },
          {
            "label": "Coordinate rationale",
            "value": "The published supplementary table provides direct coordinates for this locality."
          },
          {
            "label": "Source locator",
            "value": "sample_accession:SAMEA120246536 || science.adt2642_tables s1_to_s8.xlsx#Table_S3!row34 -> Table_S1!row30"
          },
          {
            "label": "Source support status",
            "value": "supplementary_table_row"
          },
          {
            "label": "Source evidence text",
            "value": "ENA identifies SAMEA120246536 as Felis silvestris silvestris (tax_id 463207). Exact workbook join DUR01; source chronology: 4450BC (95.4%) 4330BC."
          },
          {
            "label": "Nordic relevance",
            "value": "non_nordic_or_comparator"
          },
          {
            "label": "Nordic note",
            "value": "The primary supplement resolves ancient and modern cat samples across Europe and adjacent regions, but it contains no Nordic sample and does not justify a Nordic-mapped claim."
          },
          {
            "label": "Interpretation",
            "value": "Sample-level locality comes directly from the recovered sample source row."
          },
          {
            "label": "Warning",
            "value": "Wild or progenitor evidence: keep visible as evolutionary context, not domesticated-core farming support."
          },
          {
            "label": "Warning",
            "value": "One or more mapped biological samples have a source-native taxon different from the configured project species; inspect Source-native taxa before making domestication claims."
          },
          {
            "label": "Warning",
            "value": "This locality is outside the Nordic lead set and remains atlas context, not Nordic-localized support."
          },
          {
            "label": "Warning",
            "value": "admissible_for_curated_support"
          }
        ],
        "species_latin_name": "Felis catus",
        "species_common_name": "cat",
        "animal_scope": "wild_or_progenitor_context",
        "support_class": "accepted",
        "temporal_semantics": {
          "schema_version": "temporal-semantics.v1",
          "source_family": "animal_adna",
          "evidence_class": "direct_radiocarbon_date",
          "precision_posture": "sample_approximate_or_modeled",
          "comparability_posture": "numeric_interval_with_caveat",
          "summary_label": "6049-6399 BP",
          "temporal_window_key": "early_holocene_and_older",
          "temporal_window_label": "Early Holocene and older (6001+ BP)",
          "time_start_bp": 6049,
          "time_end_bp": 6399,
          "time_mean_bp": 6224,
          "duration_years": 350,
          "comparison_note": "This chronology carries numeric values, but its evidence class or precision posture still requires caution.",
          "refusal_reason_code": "",
          "provenance_path": "data/adna/governance/source_library/papers/10.1126-science.adt2642/supplementary/science.adt2642_tables s1_to_s8.zip",
          "provenance_locator": "sample_accession:SAMEA120246536 || science.adt2642_tables s1_to_s8.xlsx#Table_S3!row34 -> Table_S1!row30",
          "provenance_excerpt": "ENA identifies SAMEA120246536 as Felis silvestris silvestris (tax_id 463207). Exact workbook join DUR01; source chronology: 4450BC (95.4%) 4330BC.",
          "original_labels": [
            "6049-6399 BP"
          ],
          "normalized_labels": [],
          "uncertainty_notes": []
        },
        "temporal_window_key": "early_holocene_and_older",
        "temporal_window_label": "Early Holocene and older (6001+ BP)",
        "temporal_comparability_posture": "numeric_interval_with_caveat",
        "temporal_comparison_note": "This chronology carries numeric values, but its evidence class or precision posture still requires caution.",
        "nordic_inclusion": false,
        "nordic_inclusion_reason": "The primary supplement resolves ancient and modern cat samples across Europe and adjacent regions, but it contains no Nordic sample and does not justify a Nordic-mapped claim.",
        "coordinate_basis": "supplementary_table_coordinates",
        "coordinate_confidence": "exact",
        "sample_count": 4,
        "sample_record_ids": [
          "felis_catus:sample:prjeb81815:samea120246536",
          "felis_catus:sample:prjeb81815:samea120246537",
          "felis_catus:sample:prjeb81815:samea120246538",
          "felis_catus:sample:prjeb81815:samea120246539"
        ],
        "sample_group_ids": [
          "PRJEB81815"
        ],
        "source_native_taxon_labels": [
          "Felis silvestris silvestris (tax_id 463207)"
        ],
        "source_native_tax_ids": [
          "463207"
        ],
        "source_native_scientific_names": [
          "Felis silvestris silvestris"
        ],
        "taxon_alignment_statuses": [
          "project_species_mismatch"
        ],
        "sample_namespace": "felis_catus:sample_locality",
        "inclusion_notes": [
          "Sample-level locality comes directly from the recovered sample source row."
        ],
        "latitude_text": "43.70",
        "longitude_text": "28.54",
        "geocoding_method": "direct_supplementary_coordinate_capture",
        "geocoder_or_gazetteer": "not required because the supplementary table ships coordinates",
        "confidence_rationale": "The published supplementary table provides direct coordinates for this locality.",
        "original_place_text": "Durankulak",
        "resolved_place_text": "Durankulak",
        "paper_title": "The dispersal of domestic cats from North Africa to Europe around 2000 years ago",
        "paper_doi": "10.1126/science.adt2642",
        "journal_title": "Science",
        "publication_year": "2024",
        "supplementary_sources": [],
        "project_accessions": [
          "PRJEB81815"
        ],
        "primary_project_accession": "PRJEB81815",
        "inclusion_statuses": [
          "site_curated"
        ],
        "source_artifact_path": "data/adna/governance/source_library/papers/10.1126-science.adt2642/supplementary/science.adt2642_tables s1_to_s8.zip",
        "source_artifact_kind": "supplementary_spreadsheet_row",
        "source_locator": "sample_accession:SAMEA120246536 || science.adt2642_tables s1_to_s8.xlsx#Table_S3!row34 -> Table_S1!row30",
        "source_support_status": "supplementary_table_row",
        "exact_source_text": "ENA identifies SAMEA120246536 as Felis silvestris silvestris (tax_id 463207). Exact workbook join DUR01; source chronology: 4450BC (95.4%) 4330BC.",
        "time_start_bp": 6049,
        "time_end_bp": 6399,
        "time_mean_bp": 6224,
        "time_year_bp": 6224,
        "time_label": "6049-6399 BP"
      }
    },
    {
      "type": "Feature",
      "geometry": {
        "type": "Point",
        "coordinates": [
          9.0,
          39.8
        ]
      },
      "properties": {
        "name": "Genoni Santu Antine, Sardinia",
        "feature_id": "animal-atlas-feature:felis-catus-locality-prjeb81815-genonisantuantinesardinia-italy",
        "evidence_row_id": "animal-atlas-row:felis-catus-prjeb81815-felis-catus-locality-prjeb81815-genonisantuantinesardinia-italy",
        "site_record_id": "felis_catus:locality:prjeb81815:genonisantuantinesardinia:italy",
        "category": "Cat atlas evidence row",
        "country": "Italy",
        "layer_key": "progenitor-animal-localities",
        "layer_label": "Wild and progenitor animal aDNA atlas evidence",
        "source_url": "https://doi.org/10.1126/science.adt2642",
        "popup_rows": [
          {
            "label": "Species",
            "value": "Felis catus"
          },
          {
            "label": "Support class",
            "value": "accepted"
          },
          {
            "label": "Animal scope",
            "value": "wild or progenitor context"
          },
          {
            "label": "Mapped sample count",
            "value": "1"
          },
          {
            "label": "Mapped sample identifiers",
            "value": "felis_catus:sample:prjeb81815:samea120246544"
          },
          {
            "label": "Source-native taxa",
            "value": "Felis silvestris lybica (tax_id 61377)"
          },
          {
            "label": "Taxon alignment",
            "value": "project species mismatch"
          },
          {
            "label": "Project accession",
            "value": "PRJEB81815"
          },
          {
            "label": "Paper title",
            "value": "The dispersal of domestic cats from North Africa to Europe around 2000 years ago"
          },
          {
            "label": "Paper DOI",
            "value": "10.1126/science.adt2642"
          },
          {
            "label": "Publication year",
            "value": "2024"
          },
          {
            "label": "Journal",
            "value": "Science"
          },
          {
            "label": "Chronology",
            "value": "1999-2289 BP"
          },
          {
            "label": "Chronology evidence class",
            "value": "direct radiocarbon date"
          },
          {
            "label": "Chronology precision posture",
            "value": "sample approximate or modeled"
          },
          {
            "label": "Temporal window",
            "value": "Late Holocene (1001-3000 BP)"
          },
          {
            "label": "Temporal comparison posture",
            "value": "numeric interval with caveat"
          },
          {
            "label": "Temporal comparison note",
            "value": "This chronology carries numeric values, but its evidence class or precision posture still requires caution."
          },
          {
            "label": "Support note",
            "value": "admissible_for_curated_support"
          },
          {
            "label": "Coordinate basis",
            "value": "supplementary_table_coordinates"
          },
          {
            "label": "Coordinate confidence",
            "value": "exact"
          },
          {
            "label": "Coordinate method",
            "value": "direct_supplementary_coordinate_capture"
          },
          {
            "label": "Coordinate gazetteer",
            "value": "not required because the supplementary table ships coordinates"
          },
          {
            "label": "Original place text",
            "value": "Genoni Santu Antine, Sardinia"
          },
          {
            "label": "Resolved place text",
            "value": "Genoni Santu Antine, Sardinia"
          },
          {
            "label": "Coordinate rationale",
            "value": "The published supplementary table provides direct coordinates for this locality."
          },
          {
            "label": "Source locator",
            "value": "sample_accession:SAMEA120246544 || science.adt2642_tables s1_to_s8.xlsx#Table_S3!row45 -> Table_S1!row92"
          },
          {
            "label": "Source support status",
            "value": "supplementary_table_row"
          },
          {
            "label": "Source evidence text",
            "value": "ENA identifies SAMEA120246544 as Felis silvestris lybica (tax_id 61377). Exact workbook join GSA01; source chronology: 340BC (3.9%) 320BC / 200BC (91.5%) 50BC."
          },
          {
            "label": "Nordic relevance",
            "value": "non_nordic_or_comparator"
          },
          {
            "label": "Nordic note",
            "value": "The primary supplement resolves ancient and modern cat samples across Europe and adjacent regions, but it contains no Nordic sample and does not justify a Nordic-mapped claim."
          },
          {
            "label": "Interpretation",
            "value": "Sample-level locality comes directly from the recovered sample source row."
          },
          {
            "label": "Warning",
            "value": "Wild or progenitor evidence: keep visible as evolutionary context, not domesticated-core farming support."
          },
          {
            "label": "Warning",
            "value": "One or more mapped biological samples have a source-native taxon different from the configured project species; inspect Source-native taxa before making domestication claims."
          },
          {
            "label": "Warning",
            "value": "This locality is outside the Nordic lead set and remains atlas context, not Nordic-localized support."
          },
          {
            "label": "Warning",
            "value": "admissible_for_curated_support"
          }
        ],
        "species_latin_name": "Felis catus",
        "species_common_name": "cat",
        "animal_scope": "wild_or_progenitor_context",
        "support_class": "accepted",
        "temporal_semantics": {
          "schema_version": "temporal-semantics.v1",
          "source_family": "animal_adna",
          "evidence_class": "direct_radiocarbon_date",
          "precision_posture": "sample_approximate_or_modeled",
          "comparability_posture": "numeric_interval_with_caveat",
          "summary_label": "1999-2289 BP",
          "temporal_window_key": "late_holocene",
          "temporal_window_label": "Late Holocene (1001-3000 BP)",
          "time_start_bp": 1999,
          "time_end_bp": 2289,
          "time_mean_bp": 2144,
          "duration_years": 290,
          "comparison_note": "This chronology carries numeric values, but its evidence class or precision posture still requires caution.",
          "refusal_reason_code": "",
          "provenance_path": "data/adna/governance/source_library/papers/10.1126-science.adt2642/supplementary/science.adt2642_tables s1_to_s8.zip",
          "provenance_locator": "sample_accession:SAMEA120246544 || science.adt2642_tables s1_to_s8.xlsx#Table_S3!row45 -> Table_S1!row92",
          "provenance_excerpt": "ENA identifies SAMEA120246544 as Felis silvestris lybica (tax_id 61377). Exact workbook join GSA01; source chronology: 340BC (3.9%) 320BC / 200BC (91.5%) 50BC.",
          "original_labels": [
            "1999-2289 BP"
          ],
          "normalized_labels": [],
          "uncertainty_notes": []
        },
        "temporal_window_key": "late_holocene",
        "temporal_window_label": "Late Holocene (1001-3000 BP)",
        "temporal_comparability_posture": "numeric_interval_with_caveat",
        "temporal_comparison_note": "This chronology carries numeric values, but its evidence class or precision posture still requires caution.",
        "nordic_inclusion": false,
        "nordic_inclusion_reason": "The primary supplement resolves ancient and modern cat samples across Europe and adjacent regions, but it contains no Nordic sample and does not justify a Nordic-mapped claim.",
        "coordinate_basis": "supplementary_table_coordinates",
        "coordinate_confidence": "exact",
        "sample_count": 1,
        "sample_record_ids": [
          "felis_catus:sample:prjeb81815:samea120246544"
        ],
        "sample_group_ids": [
          "PRJEB81815"
        ],
        "source_native_taxon_labels": [
          "Felis silvestris lybica (tax_id 61377)"
        ],
        "source_native_tax_ids": [
          "61377"
        ],
        "source_native_scientific_names": [
          "Felis silvestris lybica"
        ],
        "taxon_alignment_statuses": [
          "project_species_mismatch"
        ],
        "sample_namespace": "felis_catus:sample_locality",
        "inclusion_notes": [
          "Sample-level locality comes directly from the recovered sample source row."
        ],
        "latitude_text": "39.80",
        "longitude_text": "9.00",
        "geocoding_method": "direct_supplementary_coordinate_capture",
        "geocoder_or_gazetteer": "not required because the supplementary table ships coordinates",
        "confidence_rationale": "The published supplementary table provides direct coordinates for this locality.",
        "original_place_text": "Genoni Santu Antine, Sardinia",
        "resolved_place_text": "Genoni Santu Antine, Sardinia",
        "paper_title": "The dispersal of domestic cats from North Africa to Europe around 2000 years ago",
        "paper_doi": "10.1126/science.adt2642",
        "journal_title": "Science",
        "publication_year": "2024",
        "supplementary_sources": [],
        "project_accessions": [
          "PRJEB81815"
        ],
        "primary_project_accession": "PRJEB81815",
        "inclusion_statuses": [
          "site_curated"
        ],
        "source_artifact_path": "data/adna/governance/source_library/papers/10.1126-science.adt2642/supplementary/science.adt2642_tables s1_to_s8.zip",
        "source_artifact_kind": "supplementary_spreadsheet_row",
        "source_locator": "sample_accession:SAMEA120246544 || science.adt2642_tables s1_to_s8.xlsx#Table_S3!row45 -> Table_S1!row92",
        "source_support_status": "supplementary_table_row",
        "exact_source_text": "ENA identifies SAMEA120246544 as Felis silvestris lybica (tax_id 61377). Exact workbook join GSA01; source chronology: 340BC (3.9%) 320BC / 200BC (91.5%) 50BC.",
        "time_start_bp": 1999,
        "time_end_bp": 2289,
        "time_mean_bp": 2144,
        "time_year_bp": 2144,
        "time_label": "1999-2289 BP"
      }
    },
    {
      "type": "Feature",
      "geometry": {
        "type": "Point",
        "coordinates": [
          12.52,
          42.52
        ]
      },
      "properties": {
        "name": "Grotta del Cocci (Narni, Umbria)",
        "feature_id": "animal-atlas-feature:felis-catus-locality-prjeb81815-grottadelcoccinarniumbria-italy",
        "evidence_row_id": "animal-atlas-row:felis-catus-prjeb81815-felis-catus-locality-prjeb81815-grottadelcoccinarniumbria-italy",
        "site_record_id": "felis_catus:locality:prjeb81815:grottadelcoccinarniumbria:italy",
        "category": "Cat atlas evidence row",
        "country": "Italy",
        "layer_key": "progenitor-animal-localities",
        "layer_label": "Wild and progenitor animal aDNA atlas evidence",
        "source_url": "https://doi.org/10.1126/science.adt2642",
        "popup_rows": [
          {
            "label": "Species",
            "value": "Felis catus"
          },
          {
            "label": "Support class",
            "value": "accepted"
          },
          {
            "label": "Animal scope",
            "value": "wild or progenitor context"
          },
          {
            "label": "Mapped sample count",
            "value": "1"
          },
          {
            "label": "Mapped sample identifiers",
            "value": "felis_catus:sample:prjeb81815:samea120246532"
          },
          {
            "label": "Source-native taxa",
            "value": "Felis silvestris silvestris (tax_id 463207)"
          },
          {
            "label": "Taxon alignment",
            "value": "project species mismatch"
          },
          {
            "label": "Project accession",
            "value": "PRJEB81815"
          },
          {
            "label": "Paper title",
            "value": "The dispersal of domestic cats from North Africa to Europe around 2000 years ago"
          },
          {
            "label": "Paper DOI",
            "value": "10.1126/science.adt2642"
          },
          {
            "label": "Publication year",
            "value": "2024"
          },
          {
            "label": "Journal",
            "value": "Science"
          },
          {
            "label": "Chronology",
            "value": "7159-7319 BP"
          },
          {
            "label": "Chronology evidence class",
            "value": "direct radiocarbon date"
          },
          {
            "label": "Chronology precision posture",
            "value": "sample approximate or modeled"
          },
          {
            "label": "Temporal window",
            "value": "Early Holocene and older (6001+ BP)"
          },
          {
            "label": "Temporal comparison posture",
            "value": "numeric interval with caveat"
          },
          {
            "label": "Temporal comparison note",
            "value": "This chronology carries numeric values, but its evidence class or precision posture still requires caution."
          },
          {
            "label": "Support note",
            "value": "admissible_for_curated_support"
          },
          {
            "label": "Coordinate basis",
            "value": "supplementary_table_coordinates"
          },
          {
            "label": "Coordinate confidence",
            "value": "exact"
          },
          {
            "label": "Coordinate method",
            "value": "direct_supplementary_coordinate_capture"
          },
          {
            "label": "Coordinate gazetteer",
            "value": "not required because the supplementary table ships coordinates"
          },
          {
            "label": "Original place text",
            "value": "Grotta del Cocci (Narni, Umbria)"
          },
          {
            "label": "Resolved place text",
            "value": "Grotta del Cocci (Narni, Umbria)"
          },
          {
            "label": "Coordinate rationale",
            "value": "The published supplementary table provides direct coordinates for this locality."
          },
          {
            "label": "Source locator",
            "value": "sample_accession:SAMEA120246532 || science.adt2642_tables s1_to_s8.xlsx#Table_S3!row26 -> Table_S1!row76"
          },
          {
            "label": "Source support status",
            "value": "supplementary_table_row"
          },
          {
            "label": "Source evidence text",
            "value": "ENA identifies SAMEA120246532 as Felis silvestris silvestris (tax_id 463207). Exact workbook join COC01; source chronology: 5370BC (95.4%) 5210BC."
          },
          {
            "label": "Nordic relevance",
            "value": "non_nordic_or_comparator"
          },
          {
            "label": "Nordic note",
            "value": "The primary supplement resolves ancient and modern cat samples across Europe and adjacent regions, but it contains no Nordic sample and does not justify a Nordic-mapped claim."
          },
          {
            "label": "Interpretation",
            "value": "Sample-level locality comes directly from the recovered sample source row."
          },
          {
            "label": "Warning",
            "value": "Wild or progenitor evidence: keep visible as evolutionary context, not domesticated-core farming support."
          },
          {
            "label": "Warning",
            "value": "One or more mapped biological samples have a source-native taxon different from the configured project species; inspect Source-native taxa before making domestication claims."
          },
          {
            "label": "Warning",
            "value": "This locality is outside the Nordic lead set and remains atlas context, not Nordic-localized support."
          },
          {
            "label": "Warning",
            "value": "admissible_for_curated_support"
          }
        ],
        "species_latin_name": "Felis catus",
        "species_common_name": "cat",
        "animal_scope": "wild_or_progenitor_context",
        "support_class": "accepted",
        "temporal_semantics": {
          "schema_version": "temporal-semantics.v1",
          "source_family": "animal_adna",
          "evidence_class": "direct_radiocarbon_date",
          "precision_posture": "sample_approximate_or_modeled",
          "comparability_posture": "numeric_interval_with_caveat",
          "summary_label": "7159-7319 BP",
          "temporal_window_key": "early_holocene_and_older",
          "temporal_window_label": "Early Holocene and older (6001+ BP)",
          "time_start_bp": 7159,
          "time_end_bp": 7319,
          "time_mean_bp": 7239,
          "duration_years": 160,
          "comparison_note": "This chronology carries numeric values, but its evidence class or precision posture still requires caution.",
          "refusal_reason_code": "",
          "provenance_path": "data/adna/governance/source_library/papers/10.1126-science.adt2642/supplementary/science.adt2642_tables s1_to_s8.zip",
          "provenance_locator": "sample_accession:SAMEA120246532 || science.adt2642_tables s1_to_s8.xlsx#Table_S3!row26 -> Table_S1!row76",
          "provenance_excerpt": "ENA identifies SAMEA120246532 as Felis silvestris silvestris (tax_id 463207). Exact workbook join COC01; source chronology: 5370BC (95.4%) 5210BC.",
          "original_labels": [
            "7159-7319 BP"
          ],
          "normalized_labels": [],
          "uncertainty_notes": []
        },
        "temporal_window_key": "early_holocene_and_older",
        "temporal_window_label": "Early Holocene and older (6001+ BP)",
        "temporal_comparability_posture": "numeric_interval_with_caveat",
        "temporal_comparison_note": "This chronology carries numeric values, but its evidence class or precision posture still requires caution.",
        "nordic_inclusion": false,
        "nordic_inclusion_reason": "The primary supplement resolves ancient and modern cat samples across Europe and adjacent regions, but it contains no Nordic sample and does not justify a Nordic-mapped claim.",
        "coordinate_basis": "supplementary_table_coordinates",
        "coordinate_confidence": "exact",
        "sample_count": 1,
        "sample_record_ids": [
          "felis_catus:sample:prjeb81815:samea120246532"
        ],
        "sample_group_ids": [
          "PRJEB81815"
        ],
        "source_native_taxon_labels": [
          "Felis silvestris silvestris (tax_id 463207)"
        ],
        "source_native_tax_ids": [
          "463207"
        ],
        "source_native_scientific_names": [
          "Felis silvestris silvestris"
        ],
        "taxon_alignment_statuses": [
          "project_species_mismatch"
        ],
        "sample_namespace": "felis_catus:sample_locality",
        "inclusion_notes": [
          "Sample-level locality comes directly from the recovered sample source row."
        ],
        "latitude_text": "42.52",
        "longitude_text": "12.52",
        "geocoding_method": "direct_supplementary_coordinate_capture",
        "geocoder_or_gazetteer": "not required because the supplementary table ships coordinates",
        "confidence_rationale": "The published supplementary table provides direct coordinates for this locality.",
        "original_place_text": "Grotta del Cocci (Narni, Umbria)",
        "resolved_place_text": "Grotta del Cocci (Narni, Umbria)",
        "paper_title": "The dispersal of domestic cats from North Africa to Europe around 2000 years ago",
        "paper_doi": "10.1126/science.adt2642",
        "journal_title": "Science",
        "publication_year": "2024",
        "supplementary_sources": [],
        "project_accessions": [
          "PRJEB81815"
        ],
        "primary_project_accession": "PRJEB81815",
        "inclusion_statuses": [
          "site_curated"
        ],
        "source_artifact_path": "data/adna/governance/source_library/papers/10.1126-science.adt2642/supplementary/science.adt2642_tables s1_to_s8.zip",
        "source_artifact_kind": "supplementary_spreadsheet_row",
        "source_locator": "sample_accession:SAMEA120246532 || science.adt2642_tables s1_to_s8.xlsx#Table_S3!row26 -> Table_S1!row76",
        "source_support_status": "supplementary_table_row",
        "exact_source_text": "ENA identifies SAMEA120246532 as Felis silvestris silvestris (tax_id 463207). Exact workbook join COC01; source chronology: 5370BC (95.4%) 5210BC.",
        "time_start_bp": 7159,
        "time_end_bp": 7319,
        "time_mean_bp": 7239,
        "time_year_bp": 7239,
        "time_label": "7159-7319 BP"
      }
    },
    {
      "type": "Feature",
      "geometry": {
        "type": "Point",
        "coordinates": [
          20.67,
          39.15
        ]
      },
      "properties": {
        "name": "Kassope",
        "feature_id": "animal-atlas-feature:felis-catus-locality-prjeb81815-kassope-greece",
        "evidence_row_id": "animal-atlas-row:felis-catus-prjeb81815-felis-catus-locality-prjeb81815-kassope-greece",
        "site_record_id": "felis_catus:locality:prjeb81815:kassope:greece",
        "category": "Cat atlas evidence row",
        "country": "Greece",
        "layer_key": "progenitor-animal-localities",
        "layer_label": "Wild and progenitor animal aDNA atlas evidence",
        "source_url": "https://doi.org/10.1126/science.adt2642",
        "popup_rows": [
          {
            "label": "Species",
            "value": "Felis catus"
          },
          {
            "label": "Support class",
            "value": "accepted"
          },
          {
            "label": "Animal scope",
            "value": "wild or progenitor context"
          },
          {
            "label": "Mapped sample count",
            "value": "2"
          },
          {
            "label": "Mapped sample identifiers",
            "value": "felis_catus:sample:prjeb81815:samea120246549, felis_catus:sample:prjeb81815:samea120246550"
          },
          {
            "label": "Source-native taxa",
            "value": "Felis silvestris silvestris (tax_id 463207)"
          },
          {
            "label": "Taxon alignment",
            "value": "project species mismatch"
          },
          {
            "label": "Project accession",
            "value": "PRJEB81815"
          },
          {
            "label": "Paper title",
            "value": "The dispersal of domestic cats from North Africa to Europe around 2000 years ago"
          },
          {
            "label": "Paper DOI",
            "value": "10.1126/science.adt2642"
          },
          {
            "label": "Publication year",
            "value": "2024"
          },
          {
            "label": "Journal",
            "value": "Science"
          },
          {
            "label": "Chronology",
            "value": "2149-2349 BP"
          },
          {
            "label": "Chronology evidence class",
            "value": "direct radiocarbon date"
          },
          {
            "label": "Chronology precision posture",
            "value": "sample approximate or modeled"
          },
          {
            "label": "Temporal window",
            "value": "Late Holocene (1001-3000 BP)"
          },
          {
            "label": "Temporal comparison posture",
            "value": "numeric interval with caveat"
          },
          {
            "label": "Temporal comparison note",
            "value": "This chronology carries numeric values, but its evidence class or precision posture still requires caution."
          },
          {
            "label": "Support note",
            "value": "admissible_for_curated_support"
          },
          {
            "label": "Coordinate basis",
            "value": "supplementary_table_coordinates"
          },
          {
            "label": "Coordinate confidence",
            "value": "exact"
          },
          {
            "label": "Coordinate method",
            "value": "direct_supplementary_coordinate_capture"
          },
          {
            "label": "Coordinate gazetteer",
            "value": "not required because the supplementary table ships coordinates"
          },
          {
            "label": "Original place text",
            "value": "Kassope"
          },
          {
            "label": "Resolved place text",
            "value": "Kassope"
          },
          {
            "label": "Coordinate rationale",
            "value": "The published supplementary table provides direct coordinates for this locality."
          },
          {
            "label": "Source locator",
            "value": "sample_accession:SAMEA120246549 || science.adt2642_tables s1_to_s8.xlsx#Table_S3!row52 -> Table_S1!row63"
          },
          {
            "label": "Source support status",
            "value": "supplementary_table_row"
          },
          {
            "label": "Source evidence text",
            "value": "ENA identifies SAMEA120246549 as Felis silvestris silvestris (tax_id 463207). Exact workbook join KASP01; source chronology: 400BC (33.6%) 340BC / 310BC (61.8%) 200BC."
          },
          {
            "label": "Nordic relevance",
            "value": "non_nordic_or_comparator"
          },
          {
            "label": "Nordic note",
            "value": "The primary supplement resolves ancient and modern cat samples across Europe and adjacent regions, but it contains no Nordic sample and does not justify a Nordic-mapped claim."
          },
          {
            "label": "Interpretation",
            "value": "Sample-level locality comes directly from the recovered sample source row."
          },
          {
            "label": "Warning",
            "value": "Wild or progenitor evidence: keep visible as evolutionary context, not domesticated-core farming support."
          },
          {
            "label": "Warning",
            "value": "One or more mapped biological samples have a source-native taxon different from the configured project species; inspect Source-native taxa before making domestication claims."
          },
          {
            "label": "Warning",
            "value": "This locality is outside the Nordic lead set and remains atlas context, not Nordic-localized support."
          },
          {
            "label": "Warning",
            "value": "admissible_for_curated_support"
          }
        ],
        "species_latin_name": "Felis catus",
        "species_common_name": "cat",
        "animal_scope": "wild_or_progenitor_context",
        "support_class": "accepted",
        "temporal_semantics": {
          "schema_version": "temporal-semantics.v1",
          "source_family": "animal_adna",
          "evidence_class": "direct_radiocarbon_date",
          "precision_posture": "sample_approximate_or_modeled",
          "comparability_posture": "numeric_interval_with_caveat",
          "summary_label": "2149-2349 BP",
          "temporal_window_key": "late_holocene",
          "temporal_window_label": "Late Holocene (1001-3000 BP)",
          "time_start_bp": 2149,
          "time_end_bp": 2349,
          "time_mean_bp": 2249,
          "duration_years": 200,
          "comparison_note": "This chronology carries numeric values, but its evidence class or precision posture still requires caution.",
          "refusal_reason_code": "",
          "provenance_path": "data/adna/governance/source_library/papers/10.1126-science.adt2642/supplementary/science.adt2642_tables s1_to_s8.zip",
          "provenance_locator": "sample_accession:SAMEA120246549 || science.adt2642_tables s1_to_s8.xlsx#Table_S3!row52 -> Table_S1!row63",
          "provenance_excerpt": "ENA identifies SAMEA120246549 as Felis silvestris silvestris (tax_id 463207). Exact workbook join KASP01; source chronology: 400BC (33.6%) 340BC / 310BC (61.8%) 200BC.",
          "original_labels": [
            "2149-2349 BP"
          ],
          "normalized_labels": [],
          "uncertainty_notes": []
        },
        "temporal_window_key": "late_holocene",
        "temporal_window_label": "Late Holocene (1001-3000 BP)",
        "temporal_comparability_posture": "numeric_interval_with_caveat",
        "temporal_comparison_note": "This chronology carries numeric values, but its evidence class or precision posture still requires caution.",
        "nordic_inclusion": false,
        "nordic_inclusion_reason": "The primary supplement resolves ancient and modern cat samples across Europe and adjacent regions, but it contains no Nordic sample and does not justify a Nordic-mapped claim.",
        "coordinate_basis": "supplementary_table_coordinates",
        "coordinate_confidence": "exact",
        "sample_count": 2,
        "sample_record_ids": [
          "felis_catus:sample:prjeb81815:samea120246549",
          "felis_catus:sample:prjeb81815:samea120246550"
        ],
        "sample_group_ids": [
          "PRJEB81815"
        ],
        "source_native_taxon_labels": [
          "Felis silvestris silvestris (tax_id 463207)"
        ],
        "source_native_tax_ids": [
          "463207"
        ],
        "source_native_scientific_names": [
          "Felis silvestris silvestris"
        ],
        "taxon_alignment_statuses": [
          "project_species_mismatch"
        ],
        "sample_namespace": "felis_catus:sample_locality",
        "inclusion_notes": [
          "Sample-level locality comes directly from the recovered sample source row."
        ],
        "latitude_text": "39.15",
        "longitude_text": "20.67",
        "geocoding_method": "direct_supplementary_coordinate_capture",
        "geocoder_or_gazetteer": "not required because the supplementary table ships coordinates",
        "confidence_rationale": "The published supplementary table provides direct coordinates for this locality.",
        "original_place_text": "Kassope",
        "resolved_place_text": "Kassope",
        "paper_title": "The dispersal of domestic cats from North Africa to Europe around 2000 years ago",
        "paper_doi": "10.1126/science.adt2642",
        "journal_title": "Science",
        "publication_year": "2024",
        "supplementary_sources": [],
        "project_accessions": [
          "PRJEB81815"
        ],
        "primary_project_accession": "PRJEB81815",
        "inclusion_statuses": [
          "site_curated"
        ],
        "source_artifact_path": "data/adna/governance/source_library/papers/10.1126-science.adt2642/supplementary/science.adt2642_tables s1_to_s8.zip",
        "source_artifact_kind": "supplementary_spreadsheet_row",
        "source_locator": "sample_accession:SAMEA120246549 || science.adt2642_tables s1_to_s8.xlsx#Table_S3!row52 -> Table_S1!row63",
        "source_support_status": "supplementary_table_row",
        "exact_source_text": "ENA identifies SAMEA120246549 as Felis silvestris silvestris (tax_id 463207). Exact workbook join KASP01; source chronology: 400BC (33.6%) 340BC / 310BC (61.8%) 200BC.",
        "time_start_bp": 2149,
        "time_end_bp": 2349,
        "time_mean_bp": 2249,
        "time_year_bp": 2249,
        "time_label": "2149-2349 BP"
      }
    },
    {
      "type": "Feature",
      "geometry": {
        "type": "Point",
        "coordinates": [
          25.88,
          43.41
        ]
      },
      "properties": {
        "name": "Koprivec",
        "feature_id": "animal-atlas-feature:felis-catus-locality-prjeb81815-koprivec-bulgaria",
        "evidence_row_id": "animal-atlas-row:felis-catus-prjeb81815-felis-catus-locality-prjeb81815-koprivec-bulgaria",
        "site_record_id": "felis_catus:locality:prjeb81815:koprivec:bulgaria",
        "category": "Cat atlas evidence row",
        "country": "Bulgaria",
        "layer_key": "progenitor-animal-localities",
        "layer_label": "Wild and progenitor animal aDNA atlas evidence",
        "source_url": "https://doi.org/10.1126/science.adt2642",
        "popup_rows": [
          {
            "label": "Species",
            "value": "Felis catus"
          },
          {
            "label": "Support class",
            "value": "accepted"
          },
          {
            "label": "Animal scope",
            "value": "wild or progenitor context"
          },
          {
            "label": "Mapped sample count",
            "value": "1"
          },
          {
            "label": "Mapped sample identifiers",
            "value": "felis_catus:sample:prjeb81815:samea120246551"
          },
          {
            "label": "Source-native taxa",
            "value": "Felis silvestris silvestris (tax_id 463207)"
          },
          {
            "label": "Taxon alignment",
            "value": "project species mismatch"
          },
          {
            "label": "Project accession",
            "value": "PRJEB81815"
          },
          {
            "label": "Paper title",
            "value": "The dispersal of domestic cats from North Africa to Europe around 2000 years ago"
          },
          {
            "label": "Paper DOI",
            "value": "10.1126/science.adt2642"
          },
          {
            "label": "Publication year",
            "value": "2024"
          },
          {
            "label": "Journal",
            "value": "Science"
          },
          {
            "label": "Chronology",
            "value": "7309-7429 BP"
          },
          {
            "label": "Chronology evidence class",
            "value": "direct radiocarbon date"
          },
          {
            "label": "Chronology precision posture",
            "value": "sample approximate or modeled"
          },
          {
            "label": "Temporal window",
            "value": "Early Holocene and older (6001+ BP)"
          },
          {
            "label": "Temporal comparison posture",
            "value": "numeric interval with caveat"
          },
          {
            "label": "Temporal comparison note",
            "value": "This chronology carries numeric values, but its evidence class or precision posture still requires caution."
          },
          {
            "label": "Support note",
            "value": "admissible_for_curated_support"
          },
          {
            "label": "Coordinate basis",
            "value": "supplementary_table_coordinates"
          },
          {
            "label": "Coordinate confidence",
            "value": "exact"
          },
          {
            "label": "Coordinate method",
            "value": "direct_supplementary_coordinate_capture"
          },
          {
            "label": "Coordinate gazetteer",
            "value": "not required because the supplementary table ships coordinates"
          },
          {
            "label": "Original place text",
            "value": "Koprivec"
          },
          {
            "label": "Resolved place text",
            "value": "Koprivec"
          },
          {
            "label": "Coordinate rationale",
            "value": "The published supplementary table provides direct coordinates for this locality."
          },
          {
            "label": "Source locator",
            "value": "sample_accession:SAMEA120246551 || science.adt2642_tables s1_to_s8.xlsx#Table_S3!row55 -> Table_S1!row37"
          },
          {
            "label": "Source support status",
            "value": "supplementary_table_row"
          },
          {
            "label": "Source evidence text",
            "value": "ENA identifies SAMEA120246551 as Felis silvestris silvestris (tax_id 463207). Exact workbook join KOP04; source chronology: 5480BC (95.4%) 5360BC."
          },
          {
            "label": "Nordic relevance",
            "value": "non_nordic_or_comparator"
          },
          {
            "label": "Nordic note",
            "value": "The primary supplement resolves ancient and modern cat samples across Europe and adjacent regions, but it contains no Nordic sample and does not justify a Nordic-mapped claim."
          },
          {
            "label": "Interpretation",
            "value": "Sample-level locality comes directly from the recovered sample source row."
          },
          {
            "label": "Warning",
            "value": "Wild or progenitor evidence: keep visible as evolutionary context, not domesticated-core farming support."
          },
          {
            "label": "Warning",
            "value": "One or more mapped biological samples have a source-native taxon different from the configured project species; inspect Source-native taxa before making domestication claims."
          },
          {
            "label": "Warning",
            "value": "This locality is outside the Nordic lead set and remains atlas context, not Nordic-localized support."
          },
          {
            "label": "Warning",
            "value": "admissible_for_curated_support"
          }
        ],
        "species_latin_name": "Felis catus",
        "species_common_name": "cat",
        "animal_scope": "wild_or_progenitor_context",
        "support_class": "accepted",
        "temporal_semantics": {
          "schema_version": "temporal-semantics.v1",
          "source_family": "animal_adna",
          "evidence_class": "direct_radiocarbon_date",
          "precision_posture": "sample_approximate_or_modeled",
          "comparability_posture": "numeric_interval_with_caveat",
          "summary_label": "7309-7429 BP",
          "temporal_window_key": "early_holocene_and_older",
          "temporal_window_label": "Early Holocene and older (6001+ BP)",
          "time_start_bp": 7309,
          "time_end_bp": 7429,
          "time_mean_bp": 7369,
          "duration_years": 120,
          "comparison_note": "This chronology carries numeric values, but its evidence class or precision posture still requires caution.",
          "refusal_reason_code": "",
          "provenance_path": "data/adna/governance/source_library/papers/10.1126-science.adt2642/supplementary/science.adt2642_tables s1_to_s8.zip",
          "provenance_locator": "sample_accession:SAMEA120246551 || science.adt2642_tables s1_to_s8.xlsx#Table_S3!row55 -> Table_S1!row37",
          "provenance_excerpt": "ENA identifies SAMEA120246551 as Felis silvestris silvestris (tax_id 463207). Exact workbook join KOP04; source chronology: 5480BC (95.4%) 5360BC.",
          "original_labels": [
            "7309-7429 BP"
          ],
          "normalized_labels": [],
          "uncertainty_notes": []
        },
        "temporal_window_key": "early_holocene_and_older",
        "temporal_window_label": "Early Holocene and older (6001+ BP)",
        "temporal_comparability_posture": "numeric_interval_with_caveat",
        "temporal_comparison_note": "This chronology carries numeric values, but its evidence class or precision posture still requires caution.",
        "nordic_inclusion": false,
        "nordic_inclusion_reason": "The primary supplement resolves ancient and modern cat samples across Europe and adjacent regions, but it contains no Nordic sample and does not justify a Nordic-mapped claim.",
        "coordinate_basis": "supplementary_table_coordinates",
        "coordinate_confidence": "exact",
        "sample_count": 1,
        "sample_record_ids": [
          "felis_catus:sample:prjeb81815:samea120246551"
        ],
        "sample_group_ids": [
          "PRJEB81815"
        ],
        "source_native_taxon_labels": [
          "Felis silvestris silvestris (tax_id 463207)"
        ],
        "source_native_tax_ids": [
          "463207"
        ],
        "source_native_scientific_names": [
          "Felis silvestris silvestris"
        ],
        "taxon_alignment_statuses": [
          "project_species_mismatch"
        ],
        "sample_namespace": "felis_catus:sample_locality",
        "inclusion_notes": [
          "Sample-level locality comes directly from the recovered sample source row."
        ],
        "latitude_text": "43.41",
        "longitude_text": "25.88",
        "geocoding_method": "direct_supplementary_coordinate_capture",
        "geocoder_or_gazetteer": "not required because the supplementary table ships coordinates",
        "confidence_rationale": "The published supplementary table provides direct coordinates for this locality.",
        "original_place_text": "Koprivec",
        "resolved_place_text": "Koprivec",
        "paper_title": "The dispersal of domestic cats from North Africa to Europe around 2000 years ago",
        "paper_doi": "10.1126/science.adt2642",
        "journal_title": "Science",
        "publication_year": "2024",
        "supplementary_sources": [],
        "project_accessions": [
          "PRJEB81815"
        ],
        "primary_project_accession": "PRJEB81815",
        "inclusion_statuses": [
          "site_curated"
        ],
        "source_artifact_path": "data/adna/governance/source_library/papers/10.1126-science.adt2642/supplementary/science.adt2642_tables s1_to_s8.zip",
        "source_artifact_kind": "supplementary_spreadsheet_row",
        "source_locator": "sample_accession:SAMEA120246551 || science.adt2642_tables s1_to_s8.xlsx#Table_S3!row55 -> Table_S1!row37",
        "source_support_status": "supplementary_table_row",
        "exact_source_text": "ENA identifies SAMEA120246551 as Felis silvestris silvestris (tax_id 463207). Exact workbook join KOP04; source chronology: 5480BC (95.4%) 5360BC.",
        "time_start_bp": 7309,
        "time_end_bp": 7429,
        "time_mean_bp": 7369,
        "time_year_bp": 7369,
        "time_label": "7309-7429 BP"
      }
    },
    {
      "type": "Feature",
      "geometry": {
        "type": "Point",
        "coordinates": [
          29.52,
          40.28
        ]
      },
      "properties": {
        "name": "Mente\u015fe",
        "feature_id": "animal-atlas-feature:felis-catus-locality-prjeb81815-mentee-turkey",
        "evidence_row_id": "animal-atlas-row:felis-catus-prjeb81815-felis-catus-locality-prjeb81815-mentee-turkey",
        "site_record_id": "felis_catus:locality:prjeb81815:mentee:turkey",
        "category": "Cat atlas evidence row",
        "country": "Turkey",
        "layer_key": "progenitor-animal-localities",
        "layer_label": "Wild and progenitor animal aDNA atlas evidence",
        "source_url": "https://doi.org/10.1126/science.adt2642",
        "popup_rows": [
          {
            "label": "Species",
            "value": "Felis catus"
          },
          {
            "label": "Support class",
            "value": "accepted"
          },
          {
            "label": "Animal scope",
            "value": "wild or progenitor context"
          },
          {
            "label": "Mapped sample count",
            "value": "1"
          },
          {
            "label": "Mapped sample identifiers",
            "value": "felis_catus:sample:prjeb81815:samea120246555"
          },
          {
            "label": "Source-native taxa",
            "value": "Felis silvestris silvestris (tax_id 463207)"
          },
          {
            "label": "Taxon alignment",
            "value": "project species mismatch"
          },
          {
            "label": "Project accession",
            "value": "PRJEB81815"
          },
          {
            "label": "Paper title",
            "value": "The dispersal of domestic cats from North Africa to Europe around 2000 years ago"
          },
          {
            "label": "Paper DOI",
            "value": "10.1126/science.adt2642"
          },
          {
            "label": "Publication year",
            "value": "2024"
          },
          {
            "label": "Journal",
            "value": "Science"
          },
          {
            "label": "Chronology",
            "value": "7929-8024 BP"
          },
          {
            "label": "Chronology evidence class",
            "value": "direct radiocarbon date"
          },
          {
            "label": "Chronology precision posture",
            "value": "sample approximate or modeled"
          },
          {
            "label": "Temporal window",
            "value": "Early Holocene and older (6001+ BP)"
          },
          {
            "label": "Temporal comparison posture",
            "value": "numeric interval with caveat"
          },
          {
            "label": "Temporal comparison note",
            "value": "This chronology carries numeric values, but its evidence class or precision posture still requires caution."
          },
          {
            "label": "Support note",
            "value": "admissible_for_curated_support"
          },
          {
            "label": "Coordinate basis",
            "value": "supplementary_table_coordinates"
          },
          {
            "label": "Coordinate confidence",
            "value": "exact"
          },
          {
            "label": "Coordinate method",
            "value": "direct_supplementary_coordinate_capture"
          },
          {
            "label": "Coordinate gazetteer",
            "value": "not required because the supplementary table ships coordinates"
          },
          {
            "label": "Original place text",
            "value": "Mente\u015fe"
          },
          {
            "label": "Resolved place text",
            "value": "Mente\u015fe"
          },
          {
            "label": "Coordinate rationale",
            "value": "The published supplementary table provides direct coordinates for this locality."
          },
          {
            "label": "Source locator",
            "value": "sample_accession:SAMEA120246555 || science.adt2642_tables s1_to_s8.xlsx#Table_S3!row60 -> Table_S1!row209"
          },
          {
            "label": "Source support status",
            "value": "supplementary_table_row"
          },
          {
            "label": "Source evidence text",
            "value": "ENA identifies SAMEA120246555 as Felis silvestris silvestris (tax_id 463207). Exact workbook join MENT01; source chronology: 6073 (95.4%) 5986 calBC."
          },
          {
            "label": "Nordic relevance",
            "value": "non_nordic_or_comparator"
          },
          {
            "label": "Nordic note",
            "value": "The primary supplement resolves ancient and modern cat samples across Europe and adjacent regions, but it contains no Nordic sample and does not justify a Nordic-mapped claim."
          },
          {
            "label": "Interpretation",
            "value": "Sample-level locality comes directly from the recovered sample source row."
          },
          {
            "label": "Warning",
            "value": "Wild or progenitor evidence: keep visible as evolutionary context, not domesticated-core farming support."
          },
          {
            "label": "Warning",
            "value": "One or more mapped biological samples have a source-native taxon different from the configured project species; inspect Source-native taxa before making domestication claims."
          },
          {
            "label": "Warning",
            "value": "This locality is outside the Nordic lead set and remains atlas context, not Nordic-localized support."
          },
          {
            "label": "Warning",
            "value": "admissible_for_curated_support"
          }
        ],
        "species_latin_name": "Felis catus",
        "species_common_name": "cat",
        "animal_scope": "wild_or_progenitor_context",
        "support_class": "accepted",
        "temporal_semantics": {
          "schema_version": "temporal-semantics.v1",
          "source_family": "animal_adna",
          "evidence_class": "direct_radiocarbon_date",
          "precision_posture": "sample_approximate_or_modeled",
          "comparability_posture": "numeric_interval_with_caveat",
          "summary_label": "7929-8024 BP",
          "temporal_window_key": "early_holocene_and_older",
          "temporal_window_label": "Early Holocene and older (6001+ BP)",
          "time_start_bp": 7929,
          "time_end_bp": 8024,
          "time_mean_bp": 7976,
          "duration_years": 95,
          "comparison_note": "This chronology carries numeric values, but its evidence class or precision posture still requires caution.",
          "refusal_reason_code": "",
          "provenance_path": "data/adna/governance/source_library/papers/10.1126-science.adt2642/supplementary/science.adt2642_tables s1_to_s8.zip",
          "provenance_locator": "sample_accession:SAMEA120246555 || science.adt2642_tables s1_to_s8.xlsx#Table_S3!row60 -> Table_S1!row209",
          "provenance_excerpt": "ENA identifies SAMEA120246555 as Felis silvestris silvestris (tax_id 463207). Exact workbook join MENT01; source chronology: 6073 (95.4%) 5986 calBC.",
          "original_labels": [
            "7929-8024 BP"
          ],
          "normalized_labels": [],
          "uncertainty_notes": []
        },
        "temporal_window_key": "early_holocene_and_older",
        "temporal_window_label": "Early Holocene and older (6001+ BP)",
        "temporal_comparability_posture": "numeric_interval_with_caveat",
        "temporal_comparison_note": "This chronology carries numeric values, but its evidence class or precision posture still requires caution.",
        "nordic_inclusion": false,
        "nordic_inclusion_reason": "The primary supplement resolves ancient and modern cat samples across Europe and adjacent regions, but it contains no Nordic sample and does not justify a Nordic-mapped claim.",
        "coordinate_basis": "supplementary_table_coordinates",
        "coordinate_confidence": "exact",
        "sample_count": 1,
        "sample_record_ids": [
          "felis_catus:sample:prjeb81815:samea120246555"
        ],
        "sample_group_ids": [
          "PRJEB81815"
        ],
        "source_native_taxon_labels": [
          "Felis silvestris silvestris (tax_id 463207)"
        ],
        "source_native_tax_ids": [
          "463207"
        ],
        "source_native_scientific_names": [
          "Felis silvestris silvestris"
        ],
        "taxon_alignment_statuses": [
          "project_species_mismatch"
        ],
        "sample_namespace": "felis_catus:sample_locality",
        "inclusion_notes": [
          "Sample-level locality comes directly from the recovered sample source row."
        ],
        "latitude_text": "40.28",
        "longitude_text": "29.52",
        "geocoding_method": "direct_supplementary_coordinate_capture",
        "geocoder_or_gazetteer": "not required because the supplementary table ships coordinates",
        "confidence_rationale": "The published supplementary table provides direct coordinates for this locality.",
        "original_place_text": "Mente\u015fe",
        "resolved_place_text": "Mente\u015fe",
        "paper_title": "The dispersal of domestic cats from North Africa to Europe around 2000 years ago",
        "paper_doi": "10.1126/science.adt2642",
        "journal_title": "Science",
        "publication_year": "2024",
        "supplementary_sources": [],
        "project_accessions": [
          "PRJEB81815"
        ],
        "primary_project_accession": "PRJEB81815",
        "inclusion_statuses": [
          "site_curated"
        ],
        "source_artifact_path": "data/adna/governance/source_library/papers/10.1126-science.adt2642/supplementary/science.adt2642_tables s1_to_s8.zip",
        "source_artifact_kind": "supplementary_spreadsheet_row",
        "source_locator": "sample_accession:SAMEA120246555 || science.adt2642_tables s1_to_s8.xlsx#Table_S3!row60 -> Table_S1!row209",
        "source_support_status": "supplementary_table_row",
        "exact_source_text": "ENA identifies SAMEA120246555 as Felis silvestris silvestris (tax_id 463207). Exact workbook join MENT01; source chronology: 6073 (95.4%) 5986 calBC.",
        "time_start_bp": 7929,
        "time_end_bp": 8024,
        "time_mean_bp": 7976,
        "time_year_bp": 7976,
        "time_label": "7929-8024 BP"
      }
    },
    {
      "type": "Feature",
      "geometry": {
        "type": "Point",
        "coordinates": [
          11.98,
          42.41
        ]
      },
      "properties": {
        "name": "Musarna (Viterbo, Latium)",
        "feature_id": "animal-atlas-feature:felis-catus-locality-prjeb81815-musarnaviterbolatium-italy",
        "evidence_row_id": "animal-atlas-row:felis-catus-prjeb81815-felis-catus-locality-prjeb81815-musarnaviterbolatium-italy",
        "site_record_id": "felis_catus:locality:prjeb81815:musarnaviterbolatium:italy",
        "category": "Cat atlas evidence row",
        "country": "Italy",
        "layer_key": "progenitor-animal-localities",
        "layer_label": "Wild and progenitor animal aDNA atlas evidence",
        "source_url": "https://doi.org/10.1126/science.adt2642",
        "popup_rows": [
          {
            "label": "Species",
            "value": "Felis catus"
          },
          {
            "label": "Support class",
            "value": "accepted"
          },
          {
            "label": "Animal scope",
            "value": "wild or progenitor context"
          },
          {
            "label": "Mapped sample count",
            "value": "1"
          },
          {
            "label": "Mapped sample identifiers",
            "value": "felis_catus:sample:prjeb81815:samea120246561"
          },
          {
            "label": "Source-native taxa",
            "value": "Felis silvestris silvestris (tax_id 463207)"
          },
          {
            "label": "Taxon alignment",
            "value": "project species mismatch"
          },
          {
            "label": "Project accession",
            "value": "PRJEB81815"
          },
          {
            "label": "Paper title",
            "value": "The dispersal of domestic cats from North Africa to Europe around 2000 years ago"
          },
          {
            "label": "Paper DOI",
            "value": "10.1126/science.adt2642"
          },
          {
            "label": "Publication year",
            "value": "2024"
          },
          {
            "label": "Journal",
            "value": "Science"
          },
          {
            "label": "Chronology",
            "value": "1410-1590 BP"
          },
          {
            "label": "Chronology evidence class",
            "value": "direct radiocarbon date"
          },
          {
            "label": "Chronology precision posture",
            "value": "sample approximate or modeled"
          },
          {
            "label": "Temporal window",
            "value": "Late Holocene (1001-3000 BP)"
          },
          {
            "label": "Temporal comparison posture",
            "value": "numeric interval with caveat"
          },
          {
            "label": "Temporal comparison note",
            "value": "This chronology carries numeric values, but its evidence class or precision posture still requires caution."
          },
          {
            "label": "Support note",
            "value": "admissible_for_curated_support"
          },
          {
            "label": "Coordinate basis",
            "value": "supplementary_table_coordinates"
          },
          {
            "label": "Coordinate confidence",
            "value": "exact"
          },
          {
            "label": "Coordinate method",
            "value": "direct_supplementary_coordinate_capture"
          },
          {
            "label": "Coordinate gazetteer",
            "value": "not required because the supplementary table ships coordinates"
          },
          {
            "label": "Original place text",
            "value": "Musarna (Viterbo, Latium)"
          },
          {
            "label": "Resolved place text",
            "value": "Musarna (Viterbo, Latium)"
          },
          {
            "label": "Coordinate rationale",
            "value": "The published supplementary table provides direct coordinates for this locality."
          },
          {
            "label": "Source locator",
            "value": "sample_accession:SAMEA120246561 || science.adt2642_tables s1_to_s8.xlsx#Table_S3!row68 -> Table_S1!row105"
          },
          {
            "label": "Source support status",
            "value": "supplementary_table_row"
          },
          {
            "label": "Source evidence text",
            "value": "ENA identifies SAMEA120246561 as Felis silvestris silvestris (tax_id 463207). Exact workbook join MUS01; source chronology: 360AD (95.4%) 540AD."
          },
          {
            "label": "Nordic relevance",
            "value": "non_nordic_or_comparator"
          },
          {
            "label": "Nordic note",
            "value": "The primary supplement resolves ancient and modern cat samples across Europe and adjacent regions, but it contains no Nordic sample and does not justify a Nordic-mapped claim."
          },
          {
            "label": "Interpretation",
            "value": "Sample-level locality comes directly from the recovered sample source row."
          },
          {
            "label": "Warning",
            "value": "Wild or progenitor evidence: keep visible as evolutionary context, not domesticated-core farming support."
          },
          {
            "label": "Warning",
            "value": "One or more mapped biological samples have a source-native taxon different from the configured project species; inspect Source-native taxa before making domestication claims."
          },
          {
            "label": "Warning",
            "value": "This locality is outside the Nordic lead set and remains atlas context, not Nordic-localized support."
          },
          {
            "label": "Warning",
            "value": "admissible_for_curated_support"
          }
        ],
        "species_latin_name": "Felis catus",
        "species_common_name": "cat",
        "animal_scope": "wild_or_progenitor_context",
        "support_class": "accepted",
        "temporal_semantics": {
          "schema_version": "temporal-semantics.v1",
          "source_family": "animal_adna",
          "evidence_class": "direct_radiocarbon_date",
          "precision_posture": "sample_approximate_or_modeled",
          "comparability_posture": "numeric_interval_with_caveat",
          "summary_label": "1410-1590 BP",
          "temporal_window_key": "late_holocene",
          "temporal_window_label": "Late Holocene (1001-3000 BP)",
          "time_start_bp": 1410,
          "time_end_bp": 1590,
          "time_mean_bp": 1500,
          "duration_years": 180,
          "comparison_note": "This chronology carries numeric values, but its evidence class or precision posture still requires caution.",
          "refusal_reason_code": "",
          "provenance_path": "data/adna/governance/source_library/papers/10.1126-science.adt2642/supplementary/science.adt2642_tables s1_to_s8.zip",
          "provenance_locator": "sample_accession:SAMEA120246561 || science.adt2642_tables s1_to_s8.xlsx#Table_S3!row68 -> Table_S1!row105",
          "provenance_excerpt": "ENA identifies SAMEA120246561 as Felis silvestris silvestris (tax_id 463207). Exact workbook join MUS01; source chronology: 360AD (95.4%) 540AD.",
          "original_labels": [
            "1410-1590 BP"
          ],
          "normalized_labels": [],
          "uncertainty_notes": []
        },
        "temporal_window_key": "late_holocene",
        "temporal_window_label": "Late Holocene (1001-3000 BP)",
        "temporal_comparability_posture": "numeric_interval_with_caveat",
        "temporal_comparison_note": "This chronology carries numeric values, but its evidence class or precision posture still requires caution.",
        "nordic_inclusion": false,
        "nordic_inclusion_reason": "The primary supplement resolves ancient and modern cat samples across Europe and adjacent regions, but it contains no Nordic sample and does not justify a Nordic-mapped claim.",
        "coordinate_basis": "supplementary_table_coordinates",
        "coordinate_confidence": "exact",
        "sample_count": 1,
        "sample_record_ids": [
          "felis_catus:sample:prjeb81815:samea120246561"
        ],
        "sample_group_ids": [
          "PRJEB81815"
        ],
        "source_native_taxon_labels": [
          "Felis silvestris silvestris (tax_id 463207)"
        ],
        "source_native_tax_ids": [
          "463207"
        ],
        "source_native_scientific_names": [
          "Felis silvestris silvestris"
        ],
        "taxon_alignment_statuses": [
          "project_species_mismatch"
        ],
        "sample_namespace": "felis_catus:sample_locality",
        "inclusion_notes": [
          "Sample-level locality comes directly from the recovered sample source row."
        ],
        "latitude_text": "42.41",
        "longitude_text": "11.98",
        "geocoding_method": "direct_supplementary_coordinate_capture",
        "geocoder_or_gazetteer": "not required because the supplementary table ships coordinates",
        "confidence_rationale": "The published supplementary table provides direct coordinates for this locality.",
        "original_place_text": "Musarna (Viterbo, Latium)",
        "resolved_place_text": "Musarna (Viterbo, Latium)",
        "paper_title": "The dispersal of domestic cats from North Africa to Europe around 2000 years ago",
        "paper_doi": "10.1126/science.adt2642",
        "journal_title": "Science",
        "publication_year": "2024",
        "supplementary_sources": [],
        "project_accessions": [
          "PRJEB81815"
        ],
        "primary_project_accession": "PRJEB81815",
        "inclusion_statuses": [
          "site_curated"
        ],
        "source_artifact_path": "data/adna/governance/source_library/papers/10.1126-science.adt2642/supplementary/science.adt2642_tables s1_to_s8.zip",
        "source_artifact_kind": "supplementary_spreadsheet_row",
        "source_locator": "sample_accession:SAMEA120246561 || science.adt2642_tables s1_to_s8.xlsx#Table_S3!row68 -> Table_S1!row105",
        "source_support_status": "supplementary_table_row",
        "exact_source_text": "ENA identifies SAMEA120246561 as Felis silvestris silvestris (tax_id 463207). Exact workbook join MUS01; source chronology: 360AD (95.4%) 540AD.",
        "time_start_bp": 1410,
        "time_end_bp": 1590,
        "time_mean_bp": 1500,
        "time_year_bp": 1500,
        "time_label": "1410-1590 BP"
      }
    },
    {
      "type": "Feature",
      "geometry": {
        "type": "Point",
        "coordinates": [
          16.15,
          39.77
        ]
      },
      "properties": {
        "name": "Saracena (Cosenza, Calabria)",
        "feature_id": "animal-atlas-feature:felis-catus-locality-prjeb81815-saracenacosenzacalabria-italy",
        "evidence_row_id": "animal-atlas-row:felis-catus-prjeb81815-felis-catus-locality-prjeb81815-saracenacosenzacalabria-italy",
        "site_record_id": "felis_catus:locality:prjeb81815:saracenacosenzacalabria:italy",
        "category": "Cat atlas evidence row",
        "country": "Italy",
        "layer_key": "progenitor-animal-localities",
        "layer_label": "Wild and progenitor animal aDNA atlas evidence",
        "source_url": "https://doi.org/10.1126/science.adt2642",
        "popup_rows": [
          {
            "label": "Species",
            "value": "Felis catus"
          },
          {
            "label": "Support class",
            "value": "accepted"
          },
          {
            "label": "Animal scope",
            "value": "wild or progenitor context"
          },
          {
            "label": "Mapped sample count",
            "value": "1"
          },
          {
            "label": "Mapped sample identifiers",
            "value": "felis_catus:sample:prjeb81815:samea120246574"
          },
          {
            "label": "Source-native taxa",
            "value": "Felis silvestris silvestris (tax_id 463207)"
          },
          {
            "label": "Taxon alignment",
            "value": "project species mismatch"
          },
          {
            "label": "Project accession",
            "value": "PRJEB81815"
          },
          {
            "label": "Paper title",
            "value": "The dispersal of domestic cats from North Africa to Europe around 2000 years ago"
          },
          {
            "label": "Paper DOI",
            "value": "10.1126/science.adt2642"
          },
          {
            "label": "Publication year",
            "value": "2024"
          },
          {
            "label": "Journal",
            "value": "Science"
          },
          {
            "label": "Chronology",
            "value": "Early Neolithic"
          },
          {
            "label": "Chronology evidence class",
            "value": "broad period label"
          },
          {
            "label": "Chronology precision posture",
            "value": "broad period only"
          },
          {
            "label": "Temporal window",
            "value": "Unresolved time window"
          },
          {
            "label": "Temporal comparison posture",
            "value": "contextual label only"
          },
          {
            "label": "Temporal comparison note",
            "value": "This chronology is text-led or period-led and should not be compared as a sample-owned numeric date."
          },
          {
            "label": "Support note",
            "value": "admissible_for_curated_support"
          },
          {
            "label": "Coordinate basis",
            "value": "supplementary_table_coordinates"
          },
          {
            "label": "Coordinate confidence",
            "value": "exact"
          },
          {
            "label": "Coordinate method",
            "value": "direct_supplementary_coordinate_capture"
          },
          {
            "label": "Coordinate gazetteer",
            "value": "not required because the supplementary table ships coordinates"
          },
          {
            "label": "Original place text",
            "value": "Saracena (Cosenza, Calabria)"
          },
          {
            "label": "Resolved place text",
            "value": "Saracena (Cosenza, Calabria)"
          },
          {
            "label": "Coordinate rationale",
            "value": "The published supplementary table provides direct coordinates for this locality."
          },
          {
            "label": "Source locator",
            "value": "sample_accession:SAMEA120246574 || science.adt2642_tables s1_to_s8.xlsx#Table_S3!row88 -> Table_S1!row130"
          },
          {
            "label": "Source support status",
            "value": "supplementary_table_row"
          },
          {
            "label": "Source evidence text",
            "value": "ENA identifies SAMEA120246574 as Felis silvestris silvestris (tax_id 463207). Exact workbook join SAR01; source chronology: Early Neolithic."
          },
          {
            "label": "Nordic relevance",
            "value": "non_nordic_or_comparator"
          },
          {
            "label": "Nordic note",
            "value": "The primary supplement resolves ancient and modern cat samples across Europe and adjacent regions, but it contains no Nordic sample and does not justify a Nordic-mapped claim."
          },
          {
            "label": "Interpretation",
            "value": "Sample-level locality comes directly from the recovered sample source row."
          },
          {
            "label": "Warning",
            "value": "Wild or progenitor evidence: keep visible as evolutionary context, not domesticated-core farming support."
          },
          {
            "label": "Warning",
            "value": "One or more mapped biological samples have a source-native taxon different from the configured project species; inspect Source-native taxa before making domestication claims."
          },
          {
            "label": "Warning",
            "value": "This locality is outside the Nordic lead set and remains atlas context, not Nordic-localized support."
          },
          {
            "label": "Warning",
            "value": "admissible_for_curated_support"
          }
        ],
        "species_latin_name": "Felis catus",
        "species_common_name": "cat",
        "animal_scope": "wild_or_progenitor_context",
        "support_class": "accepted",
        "temporal_semantics": {
          "schema_version": "temporal-semantics.v1",
          "source_family": "animal_adna",
          "evidence_class": "broad_period_label",
          "precision_posture": "broad_period_only",
          "comparability_posture": "contextual_label_only",
          "summary_label": "Early Neolithic",
          "temporal_window_key": "unresolved",
          "temporal_window_label": "Unresolved time window",
          "time_start_bp": null,
          "time_end_bp": null,
          "time_mean_bp": null,
          "duration_years": null,
          "comparison_note": "This chronology is text-led or period-led and should not be compared as a sample-owned numeric date.",
          "refusal_reason_code": "",
          "provenance_path": "data/adna/governance/source_library/papers/10.1126-science.adt2642/supplementary/science.adt2642_tables s1_to_s8.zip",
          "provenance_locator": "sample_accession:SAMEA120246574 || science.adt2642_tables s1_to_s8.xlsx#Table_S3!row88 -> Table_S1!row130",
          "provenance_excerpt": "ENA identifies SAMEA120246574 as Felis silvestris silvestris (tax_id 463207). Exact workbook join SAR01; source chronology: Early Neolithic.",
          "original_labels": [
            "Early Neolithic"
          ],
          "normalized_labels": [],
          "uncertainty_notes": []
        },
        "temporal_window_key": "unresolved",
        "temporal_window_label": "Unresolved time window",
        "temporal_comparability_posture": "contextual_label_only",
        "temporal_comparison_note": "This chronology is text-led or period-led and should not be compared as a sample-owned numeric date.",
        "nordic_inclusion": false,
        "nordic_inclusion_reason": "The primary supplement resolves ancient and modern cat samples across Europe and adjacent regions, but it contains no Nordic sample and does not justify a Nordic-mapped claim.",
        "coordinate_basis": "supplementary_table_coordinates",
        "coordinate_confidence": "exact",
        "sample_count": 1,
        "sample_record_ids": [
          "felis_catus:sample:prjeb81815:samea120246574"
        ],
        "sample_group_ids": [
          "PRJEB81815"
        ],
        "source_native_taxon_labels": [
          "Felis silvestris silvestris (tax_id 463207)"
        ],
        "source_native_tax_ids": [
          "463207"
        ],
        "source_native_scientific_names": [
          "Felis silvestris silvestris"
        ],
        "taxon_alignment_statuses": [
          "project_species_mismatch"
        ],
        "sample_namespace": "felis_catus:sample_locality",
        "inclusion_notes": [
          "Sample-level locality comes directly from the recovered sample source row."
        ],
        "latitude_text": "39.77",
        "longitude_text": "16.15",
        "geocoding_method": "direct_supplementary_coordinate_capture",
        "geocoder_or_gazetteer": "not required because the supplementary table ships coordinates",
        "confidence_rationale": "The published supplementary table provides direct coordinates for this locality.",
        "original_place_text": "Saracena (Cosenza, Calabria)",
        "resolved_place_text": "Saracena (Cosenza, Calabria)",
        "paper_title": "The dispersal of domestic cats from North Africa to Europe around 2000 years ago",
        "paper_doi": "10.1126/science.adt2642",
        "journal_title": "Science",
        "publication_year": "2024",
        "supplementary_sources": [],
        "project_accessions": [
          "PRJEB81815"
        ],
        "primary_project_accession": "PRJEB81815",
        "inclusion_statuses": [
          "site_curated"
        ],
        "source_artifact_path": "data/adna/governance/source_library/papers/10.1126-science.adt2642/supplementary/science.adt2642_tables s1_to_s8.zip",
        "source_artifact_kind": "supplementary_spreadsheet_row",
        "source_locator": "sample_accession:SAMEA120246574 || science.adt2642_tables s1_to_s8.xlsx#Table_S3!row88 -> Table_S1!row130",
        "source_support_status": "supplementary_table_row",
        "exact_source_text": "ENA identifies SAMEA120246574 as Felis silvestris silvestris (tax_id 463207). Exact workbook join SAR01; source chronology: Early Neolithic.",
        "time_start_bp": null,
        "time_end_bp": null,
        "time_mean_bp": null,
        "time_year_bp": null,
        "time_label": "Early Neolithic"
      }
    },
    {
      "type": "Feature",
      "geometry": {
        "type": "Point",
        "coordinates": [
          -2.39,
          37.05
        ]
      },
      "properties": {
        "name": "Tabernas, Spain",
        "feature_id": "animal-atlas-feature:felis-catus-locality-prjeb81815-tabernasspain-spain",
        "evidence_row_id": "animal-atlas-row:felis-catus-prjeb81815-felis-catus-locality-prjeb81815-tabernasspain-spain",
        "site_record_id": "felis_catus:locality:prjeb81815:tabernasspain:spain",
        "category": "Cat atlas evidence row",
        "country": "Spain",
        "layer_key": "progenitor-animal-localities",
        "layer_label": "Wild and progenitor animal aDNA atlas evidence",
        "source_url": "https://doi.org/10.1126/science.adt2642",
        "popup_rows": [
          {
            "label": "Species",
            "value": "Felis catus"
          },
          {
            "label": "Support class",
            "value": "accepted"
          },
          {
            "label": "Animal scope",
            "value": "wild or progenitor context"
          },
          {
            "label": "Mapped sample count",
            "value": "1"
          },
          {
            "label": "Mapped sample identifiers",
            "value": "felis_catus:sample:prjeb81815:samea120246578"
          },
          {
            "label": "Source-native taxa",
            "value": "Felis silvestris silvestris (tax_id 463207)"
          },
          {
            "label": "Taxon alignment",
            "value": "project species mismatch"
          },
          {
            "label": "Project accession",
            "value": "PRJEB81815"
          },
          {
            "label": "Paper title",
            "value": "The dispersal of domestic cats from North Africa to Europe around 2000 years ago"
          },
          {
            "label": "Paper DOI",
            "value": "10.1126/science.adt2642"
          },
          {
            "label": "Publication year",
            "value": "2024"
          },
          {
            "label": "Journal",
            "value": "Science"
          },
          {
            "label": "Chronology",
            "value": "4349-4649 BP"
          },
          {
            "label": "Chronology evidence class",
            "value": "archaeological context date"
          },
          {
            "label": "Chronology precision posture",
            "value": "contextual interval"
          },
          {
            "label": "Temporal window",
            "value": "Mid-Holocene (3001-6000 BP)"
          },
          {
            "label": "Temporal comparison posture",
            "value": "numeric interval with caveat"
          },
          {
            "label": "Temporal comparison note",
            "value": "This chronology carries numeric values, but its evidence class or precision posture still requires caution."
          },
          {
            "label": "Support note",
            "value": "admissible_for_curated_support"
          },
          {
            "label": "Coordinate basis",
            "value": "supplementary_table_coordinates"
          },
          {
            "label": "Coordinate confidence",
            "value": "exact"
          },
          {
            "label": "Coordinate method",
            "value": "direct_supplementary_coordinate_capture"
          },
          {
            "label": "Coordinate gazetteer",
            "value": "not required because the supplementary table ships coordinates"
          },
          {
            "label": "Original place text",
            "value": "Tabernas, Spain"
          },
          {
            "label": "Resolved place text",
            "value": "Tabernas, Spain"
          },
          {
            "label": "Coordinate rationale",
            "value": "The published supplementary table provides direct coordinates for this locality."
          },
          {
            "label": "Source locator",
            "value": "sample_accession:SAMEA120246578 || science.adt2642_tables s1_to_s8.xlsx#Table_S3!row93 -> Table_S1!row192"
          },
          {
            "label": "Source support status",
            "value": "supplementary_table_row"
          },
          {
            "label": "Source evidence text",
            "value": "ENA identifies SAMEA120246578 as Felis silvestris silvestris (tax_id 463207). Exact workbook join TAB02B; source chronology: 2,700-2,400 BC (Phase III)."
          },
          {
            "label": "Nordic relevance",
            "value": "non_nordic_or_comparator"
          },
          {
            "label": "Nordic note",
            "value": "The primary supplement resolves ancient and modern cat samples across Europe and adjacent regions, but it contains no Nordic sample and does not justify a Nordic-mapped claim."
          },
          {
            "label": "Interpretation",
            "value": "Sample-level locality comes directly from the recovered sample source row."
          },
          {
            "label": "Warning",
            "value": "Wild or progenitor evidence: keep visible as evolutionary context, not domesticated-core farming support."
          },
          {
            "label": "Warning",
            "value": "One or more mapped biological samples have a source-native taxon different from the configured project species; inspect Source-native taxa before making domestication claims."
          },
          {
            "label": "Warning",
            "value": "This locality is outside the Nordic lead set and remains atlas context, not Nordic-localized support."
          },
          {
            "label": "Warning",
            "value": "admissible_for_curated_support"
          }
        ],
        "species_latin_name": "Felis catus",
        "species_common_name": "cat",
        "animal_scope": "wild_or_progenitor_context",
        "support_class": "accepted",
        "temporal_semantics": {
          "schema_version": "temporal-semantics.v1",
          "source_family": "animal_adna",
          "evidence_class": "archaeological_context_date",
          "precision_posture": "contextual_interval",
          "comparability_posture": "numeric_interval_with_caveat",
          "summary_label": "4349-4649 BP",
          "temporal_window_key": "mid_holocene",
          "temporal_window_label": "Mid-Holocene (3001-6000 BP)",
          "time_start_bp": 4349,
          "time_end_bp": 4649,
          "time_mean_bp": 4499,
          "duration_years": 300,
          "comparison_note": "This chronology carries numeric values, but its evidence class or precision posture still requires caution.",
          "refusal_reason_code": "",
          "provenance_path": "data/adna/governance/source_library/papers/10.1126-science.adt2642/supplementary/science.adt2642_tables s1_to_s8.zip",
          "provenance_locator": "sample_accession:SAMEA120246578 || science.adt2642_tables s1_to_s8.xlsx#Table_S3!row93 -> Table_S1!row192",
          "provenance_excerpt": "ENA identifies SAMEA120246578 as Felis silvestris silvestris (tax_id 463207). Exact workbook join TAB02B; source chronology: 2,700-2,400 BC (Phase III).",
          "original_labels": [
            "4349-4649 BP"
          ],
          "normalized_labels": [],
          "uncertainty_notes": []
        },
        "temporal_window_key": "mid_holocene",
        "temporal_window_label": "Mid-Holocene (3001-6000 BP)",
        "temporal_comparability_posture": "numeric_interval_with_caveat",
        "temporal_comparison_note": "This chronology carries numeric values, but its evidence class or precision posture still requires caution.",
        "nordic_inclusion": false,
        "nordic_inclusion_reason": "The primary supplement resolves ancient and modern cat samples across Europe and adjacent regions, but it contains no Nordic sample and does not justify a Nordic-mapped claim.",
        "coordinate_basis": "supplementary_table_coordinates",
        "coordinate_confidence": "exact",
        "sample_count": 1,
        "sample_record_ids": [
          "felis_catus:sample:prjeb81815:samea120246578"
        ],
        "sample_group_ids": [
          "PRJEB81815"
        ],
        "source_native_taxon_labels": [
          "Felis silvestris silvestris (tax_id 463207)"
        ],
        "source_native_tax_ids": [
          "463207"
        ],
        "source_native_scientific_names": [
          "Felis silvestris silvestris"
        ],
        "taxon_alignment_statuses": [
          "project_species_mismatch"
        ],
        "sample_namespace": "felis_catus:sample_locality",
        "inclusion_notes": [
          "Sample-level locality comes directly from the recovered sample source row."
        ],
        "latitude_text": "37.05",
        "longitude_text": "-2.39",
        "geocoding_method": "direct_supplementary_coordinate_capture",
        "geocoder_or_gazetteer": "not required because the supplementary table ships coordinates",
        "confidence_rationale": "The published supplementary table provides direct coordinates for this locality.",
        "original_place_text": "Tabernas, Spain",
        "resolved_place_text": "Tabernas, Spain",
        "paper_title": "The dispersal of domestic cats from North Africa to Europe around 2000 years ago",
        "paper_doi": "10.1126/science.adt2642",
        "journal_title": "Science",
        "publication_year": "2024",
        "supplementary_sources": [],
        "project_accessions": [
          "PRJEB81815"
        ],
        "primary_project_accession": "PRJEB81815",
        "inclusion_statuses": [
          "site_curated"
        ],
        "source_artifact_path": "data/adna/governance/source_library/papers/10.1126-science.adt2642/supplementary/science.adt2642_tables s1_to_s8.zip",
        "source_artifact_kind": "supplementary_spreadsheet_row",
        "source_locator": "sample_accession:SAMEA120246578 || science.adt2642_tables s1_to_s8.xlsx#Table_S3!row93 -> Table_S1!row192",
        "source_support_status": "supplementary_table_row",
        "exact_source_text": "ENA identifies SAMEA120246578 as Felis silvestris silvestris (tax_id 463207). Exact workbook join TAB02B; source chronology: 2,700-2,400 BC (Phase III).",
        "time_start_bp": 4349,
        "time_end_bp": 4649,
        "time_mean_bp": 4499,
        "time_year_bp": 4499,
        "time_label": "4349-4649 BP"
      }
    },
    {
      "type": "Feature",
      "geometry": {
        "type": "Point",
        "coordinates": [
          5.46,
          50.78
        ]
      },
      "properties": {
        "name": "Tongeren, Industrie Oost",
        "feature_id": "animal-atlas-feature:felis-catus-locality-prjeb81815-tongerenindustrieoost-belgium",
        "evidence_row_id": "animal-atlas-row:felis-catus-prjeb81815-felis-catus-locality-prjeb81815-tongerenindustrieoost-belgium",
        "site_record_id": "felis_catus:locality:prjeb81815:tongerenindustrieoost:belgium",
        "category": "Cat atlas evidence row",
        "country": "Belgium",
        "layer_key": "progenitor-animal-localities",
        "layer_label": "Wild and progenitor animal aDNA atlas evidence",
        "source_url": "https://doi.org/10.1126/science.adt2642",
        "popup_rows": [
          {
            "label": "Species",
            "value": "Felis catus"
          },
          {
            "label": "Support class",
            "value": "accepted"
          },
          {
            "label": "Animal scope",
            "value": "wild or progenitor context"
          },
          {
            "label": "Mapped sample count",
            "value": "1"
          },
          {
            "label": "Mapped sample identifiers",
            "value": "felis_catus:sample:prjeb81815:samea120246580"
          },
          {
            "label": "Source-native taxa",
            "value": "Felis silvestris silvestris (tax_id 463207)"
          },
          {
            "label": "Taxon alignment",
            "value": "project species mismatch"
          },
          {
            "label": "Project accession",
            "value": "PRJEB81815"
          },
          {
            "label": "Paper title",
            "value": "The dispersal of domestic cats from North Africa to Europe around 2000 years ago"
          },
          {
            "label": "Paper DOI",
            "value": "10.1126/science.adt2642"
          },
          {
            "label": "Publication year",
            "value": "2024"
          },
          {
            "label": "Journal",
            "value": "Science"
          },
          {
            "label": "Chronology",
            "value": "1820-1989 BP"
          },
          {
            "label": "Chronology evidence class",
            "value": "direct radiocarbon date"
          },
          {
            "label": "Chronology precision posture",
            "value": "sample approximate or modeled"
          },
          {
            "label": "Temporal window",
            "value": "Late Holocene (1001-3000 BP)"
          },
          {
            "label": "Temporal comparison posture",
            "value": "numeric interval with caveat"
          },
          {
            "label": "Temporal comparison note",
            "value": "This chronology carries numeric values, but its evidence class or precision posture still requires caution."
          },
          {
            "label": "Support note",
            "value": "admissible_for_curated_support"
          },
          {
            "label": "Coordinate basis",
            "value": "supplementary_table_coordinates"
          },
          {
            "label": "Coordinate confidence",
            "value": "exact"
          },
          {
            "label": "Coordinate method",
            "value": "direct_supplementary_coordinate_capture"
          },
          {
            "label": "Coordinate gazetteer",
            "value": "not required because the supplementary table ships coordinates"
          },
          {
            "label": "Original place text",
            "value": "Tongeren, Industrie Oost"
          },
          {
            "label": "Resolved place text",
            "value": "Tongeren, Industrie Oost"
          },
          {
            "label": "Coordinate rationale",
            "value": "The published supplementary table provides direct coordinates for this locality."
          },
          {
            "label": "Source locator",
            "value": "sample_accession:SAMEA120246580 || science.adt2642_tables s1_to_s8.xlsx#Table_S3!row96 -> Table_S1!row25"
          },
          {
            "label": "Source support status",
            "value": "supplementary_table_row"
          },
          {
            "label": "Source evidence text",
            "value": "ENA identifies SAMEA120246580 as Felis silvestris silvestris (tax_id 463207). Exact workbook join TON03; source chronology: 40BC (4.0%) 10BC / AD (91.4%) 130AD."
          },
          {
            "label": "Nordic relevance",
            "value": "non_nordic_or_comparator"
          },
          {
            "label": "Nordic note",
            "value": "The primary supplement resolves ancient and modern cat samples across Europe and adjacent regions, but it contains no Nordic sample and does not justify a Nordic-mapped claim."
          },
          {
            "label": "Interpretation",
            "value": "Sample-level locality comes directly from the recovered sample source row."
          },
          {
            "label": "Warning",
            "value": "Wild or progenitor evidence: keep visible as evolutionary context, not domesticated-core farming support."
          },
          {
            "label": "Warning",
            "value": "One or more mapped biological samples have a source-native taxon different from the configured project species; inspect Source-native taxa before making domestication claims."
          },
          {
            "label": "Warning",
            "value": "This locality is outside the Nordic lead set and remains atlas context, not Nordic-localized support."
          },
          {
            "label": "Warning",
            "value": "admissible_for_curated_support"
          }
        ],
        "species_latin_name": "Felis catus",
        "species_common_name": "cat",
        "animal_scope": "wild_or_progenitor_context",
        "support_class": "accepted",
        "temporal_semantics": {
          "schema_version": "temporal-semantics.v1",
          "source_family": "animal_adna",
          "evidence_class": "direct_radiocarbon_date",
          "precision_posture": "sample_approximate_or_modeled",
          "comparability_posture": "numeric_interval_with_caveat",
          "summary_label": "1820-1989 BP",
          "temporal_window_key": "late_holocene",
          "temporal_window_label": "Late Holocene (1001-3000 BP)",
          "time_start_bp": 1820,
          "time_end_bp": 1989,
          "time_mean_bp": 1904,
          "duration_years": 169,
          "comparison_note": "This chronology carries numeric values, but its evidence class or precision posture still requires caution.",
          "refusal_reason_code": "",
          "provenance_path": "data/adna/governance/source_library/papers/10.1126-science.adt2642/supplementary/science.adt2642_tables s1_to_s8.zip",
          "provenance_locator": "sample_accession:SAMEA120246580 || science.adt2642_tables s1_to_s8.xlsx#Table_S3!row96 -> Table_S1!row25",
          "provenance_excerpt": "ENA identifies SAMEA120246580 as Felis silvestris silvestris (tax_id 463207). Exact workbook join TON03; source chronology: 40BC (4.0%) 10BC / AD (91.4%) 130AD.",
          "original_labels": [
            "1820-1989 BP"
          ],
          "normalized_labels": [],
          "uncertainty_notes": []
        },
        "temporal_window_key": "late_holocene",
        "temporal_window_label": "Late Holocene (1001-3000 BP)",
        "temporal_comparability_posture": "numeric_interval_with_caveat",
        "temporal_comparison_note": "This chronology carries numeric values, but its evidence class or precision posture still requires caution.",
        "nordic_inclusion": false,
        "nordic_inclusion_reason": "The primary supplement resolves ancient and modern cat samples across Europe and adjacent regions, but it contains no Nordic sample and does not justify a Nordic-mapped claim.",
        "coordinate_basis": "supplementary_table_coordinates",
        "coordinate_confidence": "exact",
        "sample_count": 1,
        "sample_record_ids": [
          "felis_catus:sample:prjeb81815:samea120246580"
        ],
        "sample_group_ids": [
          "PRJEB81815"
        ],
        "source_native_taxon_labels": [
          "Felis silvestris silvestris (tax_id 463207)"
        ],
        "source_native_tax_ids": [
          "463207"
        ],
        "source_native_scientific_names": [
          "Felis silvestris silvestris"
        ],
        "taxon_alignment_statuses": [
          "project_species_mismatch"
        ],
        "sample_namespace": "felis_catus:sample_locality",
        "inclusion_notes": [
          "Sample-level locality comes directly from the recovered sample source row."
        ],
        "latitude_text": "50.78",
        "longitude_text": "5.46",
        "geocoding_method": "direct_supplementary_coordinate_capture",
        "geocoder_or_gazetteer": "not required because the supplementary table ships coordinates",
        "confidence_rationale": "The published supplementary table provides direct coordinates for this locality.",
        "original_place_text": "Tongeren, Industrie Oost",
        "resolved_place_text": "Tongeren, Industrie Oost",
        "paper_title": "The dispersal of domestic cats from North Africa to Europe around 2000 years ago",
        "paper_doi": "10.1126/science.adt2642",
        "journal_title": "Science",
        "publication_year": "2024",
        "supplementary_sources": [],
        "project_accessions": [
          "PRJEB81815"
        ],
        "primary_project_accession": "PRJEB81815",
        "inclusion_statuses": [
          "site_curated"
        ],
        "source_artifact_path": "data/adna/governance/source_library/papers/10.1126-science.adt2642/supplementary/science.adt2642_tables s1_to_s8.zip",
        "source_artifact_kind": "supplementary_spreadsheet_row",
        "source_locator": "sample_accession:SAMEA120246580 || science.adt2642_tables s1_to_s8.xlsx#Table_S3!row96 -> Table_S1!row25",
        "source_support_status": "supplementary_table_row",
        "exact_source_text": "ENA identifies SAMEA120246580 as Felis silvestris silvestris (tax_id 463207). Exact workbook join TON03; source chronology: 40BC (4.0%) 10BC / AD (91.4%) 130AD.",
        "time_start_bp": 1820,
        "time_end_bp": 1989,
        "time_mean_bp": 1904,
        "time_year_bp": 1904,
        "time_label": "1820-1989 BP"
      }
    },
    {
      "type": "Feature",
      "geometry": {
        "type": "Point",
        "coordinates": [
          21.23,
          44.74
        ]
      },
      "properties": {
        "name": "Viminacium-Nad Klepa\u010dkom",
        "feature_id": "animal-atlas-feature:felis-catus-locality-prjeb81815-viminaciumnadklepakom-serbia",
        "evidence_row_id": "animal-atlas-row:felis-catus-prjeb81815-felis-catus-locality-prjeb81815-viminaciumnadklepakom-serbia",
        "site_record_id": "felis_catus:locality:prjeb81815:viminaciumnadklepakom:serbia",
        "category": "Cat atlas evidence row",
        "country": "Serbia",
        "layer_key": "progenitor-animal-localities",
        "layer_label": "Wild and progenitor animal aDNA atlas evidence",
        "source_url": "https://doi.org/10.1126/science.adt2642",
        "popup_rows": [
          {
            "label": "Species",
            "value": "Felis catus"
          },
          {
            "label": "Support class",
            "value": "accepted"
          },
          {
            "label": "Animal scope",
            "value": "wild or progenitor context"
          },
          {
            "label": "Mapped sample count",
            "value": "1"
          },
          {
            "label": "Mapped sample identifiers",
            "value": "felis_catus:sample:prjeb81815:samea120246584"
          },
          {
            "label": "Source-native taxa",
            "value": "Felis silvestris silvestris (tax_id 463207)"
          },
          {
            "label": "Taxon alignment",
            "value": "project species mismatch"
          },
          {
            "label": "Project accession",
            "value": "PRJEB81815"
          },
          {
            "label": "Paper title",
            "value": "The dispersal of domestic cats from North Africa to Europe around 2000 years ago"
          },
          {
            "label": "Paper DOI",
            "value": "10.1126/science.adt2642"
          },
          {
            "label": "Publication year",
            "value": "2024"
          },
          {
            "label": "Journal",
            "value": "Science"
          },
          {
            "label": "Chronology",
            "value": "790-960 BP"
          },
          {
            "label": "Chronology evidence class",
            "value": "direct radiocarbon date"
          },
          {
            "label": "Chronology precision posture",
            "value": "sample approximate or modeled"
          },
          {
            "label": "Temporal window",
            "value": "Recent and historical (0-1000 BP)"
          },
          {
            "label": "Temporal comparison posture",
            "value": "numeric interval with caveat"
          },
          {
            "label": "Temporal comparison note",
            "value": "This chronology carries numeric values, but its evidence class or precision posture still requires caution."
          },
          {
            "label": "Support note",
            "value": "admissible_for_curated_support"
          },
          {
            "label": "Coordinate basis",
            "value": "supplementary_table_coordinates"
          },
          {
            "label": "Coordinate confidence",
            "value": "exact"
          },
          {
            "label": "Coordinate method",
            "value": "direct_supplementary_coordinate_capture"
          },
          {
            "label": "Coordinate gazetteer",
            "value": "not required because the supplementary table ships coordinates"
          },
          {
            "label": "Original place text",
            "value": "Viminacium-Nad Klepa\u010dkom"
          },
          {
            "label": "Resolved place text",
            "value": "Viminacium-Nad Klepa\u010dkom"
          },
          {
            "label": "Coordinate rationale",
            "value": "The published supplementary table provides direct coordinates for this locality."
          },
          {
            "label": "Source locator",
            "value": "sample_accession:SAMEA120246584 || science.adt2642_tables s1_to_s8.xlsx#Table_S3!row100 -> Table_S1!row179"
          },
          {
            "label": "Source support status",
            "value": "supplementary_table_row"
          },
          {
            "label": "Source evidence text",
            "value": "ENA identifies SAMEA120246584 as Felis silvestris silvestris (tax_id 463207). Exact workbook join VIN04; source chronology: 990AD (49.5%) 1050AD / 1080AD (45.9%) 1160AD."
          },
          {
            "label": "Nordic relevance",
            "value": "non_nordic_or_comparator"
          },
          {
            "label": "Nordic note",
            "value": "The primary supplement resolves ancient and modern cat samples across Europe and adjacent regions, but it contains no Nordic sample and does not justify a Nordic-mapped claim."
          },
          {
            "label": "Interpretation",
            "value": "Sample-level locality comes directly from the recovered sample source row."
          },
          {
            "label": "Warning",
            "value": "Wild or progenitor evidence: keep visible as evolutionary context, not domesticated-core farming support."
          },
          {
            "label": "Warning",
            "value": "One or more mapped biological samples have a source-native taxon different from the configured project species; inspect Source-native taxa before making domestication claims."
          },
          {
            "label": "Warning",
            "value": "This locality is outside the Nordic lead set and remains atlas context, not Nordic-localized support."
          },
          {
            "label": "Warning",
            "value": "admissible_for_curated_support"
          }
        ],
        "species_latin_name": "Felis catus",
        "species_common_name": "cat",
        "animal_scope": "wild_or_progenitor_context",
        "support_class": "accepted",
        "temporal_semantics": {
          "schema_version": "temporal-semantics.v1",
          "source_family": "animal_adna",
          "evidence_class": "direct_radiocarbon_date",
          "precision_posture": "sample_approximate_or_modeled",
          "comparability_posture": "numeric_interval_with_caveat",
          "summary_label": "790-960 BP",
          "temporal_window_key": "recent_historical",
          "temporal_window_label": "Recent and historical (0-1000 BP)",
          "time_start_bp": 790,
          "time_end_bp": 960,
          "time_mean_bp": 875,
          "duration_years": 170,
          "comparison_note": "This chronology carries numeric values, but its evidence class or precision posture still requires caution.",
          "refusal_reason_code": "",
          "provenance_path": "data/adna/governance/source_library/papers/10.1126-science.adt2642/supplementary/science.adt2642_tables s1_to_s8.zip",
          "provenance_locator": "sample_accession:SAMEA120246584 || science.adt2642_tables s1_to_s8.xlsx#Table_S3!row100 -> Table_S1!row179",
          "provenance_excerpt": "ENA identifies SAMEA120246584 as Felis silvestris silvestris (tax_id 463207). Exact workbook join VIN04; source chronology: 990AD (49.5%) 1050AD / 1080AD (45.9%) 1160AD.",
          "original_labels": [
            "790-960 BP"
          ],
          "normalized_labels": [],
          "uncertainty_notes": []
        },
        "temporal_window_key": "recent_historical",
        "temporal_window_label": "Recent and historical (0-1000 BP)",
        "temporal_comparability_posture": "numeric_interval_with_caveat",
        "temporal_comparison_note": "This chronology carries numeric values, but its evidence class or precision posture still requires caution.",
        "nordic_inclusion": false,
        "nordic_inclusion_reason": "The primary supplement resolves ancient and modern cat samples across Europe and adjacent regions, but it contains no Nordic sample and does not justify a Nordic-mapped claim.",
        "coordinate_basis": "supplementary_table_coordinates",
        "coordinate_confidence": "exact",
        "sample_count": 1,
        "sample_record_ids": [
          "felis_catus:sample:prjeb81815:samea120246584"
        ],
        "sample_group_ids": [
          "PRJEB81815"
        ],
        "source_native_taxon_labels": [
          "Felis silvestris silvestris (tax_id 463207)"
        ],
        "source_native_tax_ids": [
          "463207"
        ],
        "source_native_scientific_names": [
          "Felis silvestris silvestris"
        ],
        "taxon_alignment_statuses": [
          "project_species_mismatch"
        ],
        "sample_namespace": "felis_catus:sample_locality",
        "inclusion_notes": [
          "Sample-level locality comes directly from the recovered sample source row."
        ],
        "latitude_text": "44.74",
        "longitude_text": "21.23",
        "geocoding_method": "direct_supplementary_coordinate_capture",
        "geocoder_or_gazetteer": "not required because the supplementary table ships coordinates",
        "confidence_rationale": "The published supplementary table provides direct coordinates for this locality.",
        "original_place_text": "Viminacium-Nad Klepa\u010dkom",
        "resolved_place_text": "Viminacium-Nad Klepa\u010dkom",
        "paper_title": "The dispersal of domestic cats from North Africa to Europe around 2000 years ago",
        "paper_doi": "10.1126/science.adt2642",
        "journal_title": "Science",
        "publication_year": "2024",
        "supplementary_sources": [],
        "project_accessions": [
          "PRJEB81815"
        ],
        "primary_project_accession": "PRJEB81815",
        "inclusion_statuses": [
          "site_curated"
        ],
        "source_artifact_path": "data/adna/governance/source_library/papers/10.1126-science.adt2642/supplementary/science.adt2642_tables s1_to_s8.zip",
        "source_artifact_kind": "supplementary_spreadsheet_row",
        "source_locator": "sample_accession:SAMEA120246584 || science.adt2642_tables s1_to_s8.xlsx#Table_S3!row100 -> Table_S1!row179",
        "source_support_status": "supplementary_table_row",
        "exact_source_text": "ENA identifies SAMEA120246584 as Felis silvestris silvestris (tax_id 463207). Exact workbook join VIN04; source chronology: 990AD (49.5%) 1050AD / 1080AD (45.9%) 1160AD.",
        "time_start_bp": 790,
        "time_end_bp": 960,
        "time_mean_bp": 875,
        "time_year_bp": 875,
        "time_label": "790-960 BP"
      }
    }
  ]
}