project_accession,species_latin_name,species_common_name,site_label,political_entity,paper_doi,paper_url,supplementary_source,source_artifact_path,source_artifact_kind,source_locator,exact_source_text,source_support_status,coordinate_basis,latitude_text,longitude_text,chronology_text,time_start_bp,time_end_bp,dating_basis,comparator_context,domestication_context,interpretation_note,support_gap_note
PRJEB30282,Sus scrofa domesticus,pig,Near East and Europe pig domestication transect,Turkey and Europe,10.1073/pnas.1901169116,https://doi.org/10.1073/pnas.1901169116,,adna/governance/source_library/papers/10.1073-pnas.1901169116/article.html,article_html_abstract,abstract,"Pig domestication had begun by ~10,500 y before the present (BP) in the Near East, and mitochondrial DNA suggests that pigs arrived in Europe alongside farmers ~8,500 y BP.",article_exact_quote,inferred_region_centroid,39.00,35.00,~10500-6000 BP pig turnover transect,6000,10500,bp_window,false,domesticated_core,"This is a broad domestication transect, not one excavation site, so the atlas point remains an inferred regional centroid.",
PRJEB30282,Sus scrofa domesticus,pig,Abu Ghosh,Israel,10.1073/pnas.1901169116,https://doi.org/10.1073/pnas.1901169116,,data/adna/governance/source_library/projects/PRJEB30282/archive_metadata.html || data/adna/governance/source_library/papers/10.1073-pnas.1901169116/supplementary/pnas.1901169116.sd01.xlsx,supplementary_spreadsheet_row,sample_accession:SAMEA5160875 || Sheet1!row1663,"ENA archive metadata identifies sample SAMEA5160875 as Sus scrofa (tax_id 9823). || AA042 | previous_extraction_code=GL1141 | mtdna_accession=- | source=Liora Horwitz | museum_or_sample_code=Israel anc4, AG 40, 0.64 | additional_sample_information=- | location=Abu Ghosh | country=Israel | radiocarbon_lab=- | uncalibrated_date=- | uncalibrated_error=- | calibrated_from_bp=- | calibrated_to_bp=- | source_age=8895+-60 uncal (10198-9774 cal BP) indirect date | source_mean_years_bp=- | period=Mid Pre-Pottery Neolithic B | group=NEU-A | zooarch_status=Unknown | combined_status=Unknown | secondary_zooarch_status=Unknown | published=N | chronology_disposition=unresolved_missing_source_mean | domestication_disposition=excluded_domestication_unknown",supplementary_table_row,site_level_localities,,,,,,unknown,false,domesticated_core,This locality is backed by direct sample rows recovered from the supplementary table; chronology remains sample-owned when its records have different dates.,
PRJEB30282,Sus scrofa domesticus,pig,Acemhöyük,Turkey,10.1073/pnas.1901169116,https://doi.org/10.1073/pnas.1901169116,,data/adna/governance/source_library/projects/PRJEB30282/archive_metadata.html || data/adna/governance/source_library/papers/10.1073-pnas.1901169116/supplementary/pnas.1901169116.sd01.xlsx,supplementary_spreadsheet_row,sample_accession:SAMEA5161000 || Sheet1!row488,"ENA archive metadata identifies sample SAMEA5161000 as Sus scrofa (tax_id 9823). || AA324 | previous_extraction_code=- | mtdna_accession=- | source=Benjamin Arbuckle | museum_or_sample_code=AC14449, TA38-39 | additional_sample_information=level III, ULCK VB | location=Acemhöyük | country=Turkey | radiocarbon_lab=- | uncalibrated_date=- | uncalibrated_error=- | calibrated_from_bp=- | calibrated_to_bp=- | source_age=1700BC, stratigraphically dated | source_mean_years_bp=3700 | period=Middle Bronze Age | group=NEU-A | zooarch_status=Unknown | combined_status=Unknown | secondary_zooarch_status=Unknown | published=N | chronology_disposition=refused_context_only_unresolved_age_semantics | domestication_disposition=excluded_domestication_unknown",supplementary_table_row,site_level_localities,,,,,,unknown,false,domesticated_core,This locality is backed by direct sample rows recovered from the supplementary table; chronology remains sample-owned when its records have different dates.,
PRJEB30282,Sus scrofa domesticus,pig,Ajvide,Sweden,10.1073/pnas.1901169116,https://doi.org/10.1073/pnas.1901169116,,data/adna/governance/source_library/projects/PRJEB30282/archive_metadata.html || data/adna/governance/source_library/papers/10.1073-pnas.1901169116/supplementary/pnas.1901169116.sd01.xlsx,supplementary_spreadsheet_row,sample_accession:SAMEA5160978 || Sheet1!row968,ENA archive metadata identifies sample SAMEA5160978 as Sus scrofa (tax_id 9823). || AA290 | previous_extraction_code=GL453 | mtdna_accession=KR075788 | source=Göran Burenhul/Inger Österholm | museum_or_sample_code=2 | additional_sample_information=- | location=Ajvide | country=Sweden | radiocarbon_lab=- | uncalibrated_date=- | uncalibrated_error=- | calibrated_from_bp=- | calibrated_to_bp=- | source_age=2800-2500 cal. BC | source_mean_years_bp=4650 | period=Middle Neolithic | group=EUU-A | zooarch_status=Unknown | combined_status=Unknown | secondary_zooarch_status=Unknown | published=Y | chronology_disposition=refused_context_only_unresolved_age_semantics | domestication_disposition=excluded_domestication_unknown,supplementary_table_row,site_level_localities,,,,,,unknown,false,domesticated_core,This locality is backed by direct sample rows recovered from the supplementary table; chronology remains sample-owned when its records have different dates.,
PRJEB30282,Sus scrofa domesticus,pig,Alba Iulia-Lumea Nouă,Romania,10.1073/pnas.1901169116,https://doi.org/10.1073/pnas.1901169116,,data/adna/governance/source_library/projects/PRJEB30282/archive_metadata.html || data/adna/governance/source_library/papers/10.1073-pnas.1901169116/supplementary/pnas.1901169116.sd01.xlsx,supplementary_spreadsheet_row,sample_accession:SAMEA5161034 || Sheet1!row1779,ENA archive metadata identifies sample SAMEA5161034 as Sus scrofa (tax_id 9823). || AA384 | previous_extraction_code=- | mtdna_accession=- | source=Mihai Gligor / John Chapman | museum_or_sample_code=ALN/2014 | additional_sample_information=Trench I/square A | location=Alba Iulia-Lumea Nouă | country=Romania | radiocarbon_lab=- | uncalibrated_date=- | uncalibrated_error=- | calibrated_from_bp=- | calibrated_to_bp=- | source_age=4600-4500 cal. BC | source_mean_years_bp=5750 | period=Eneolithic | group=EUD-A | zooarch_status=Domestic | combined_status=Domestic | secondary_zooarch_status=Domestic | published=N | chronology_disposition=refused_context_only_unresolved_age_semantics | domestication_disposition=excluded_unreviewed_domesticated_scope,supplementary_table_row,site_level_localities,,,,,,unknown,false,domesticated_core,This locality is backed by direct sample rows recovered from the supplementary table; chronology remains sample-owned when its records have different dates.,
PRJEB30282,Sus scrofa domesticus,pig,Albertfalva Roman vicus (Budapest),Hungary,10.1073/pnas.1901169116,https://doi.org/10.1073/pnas.1901169116,,data/adna/governance/source_library/projects/PRJEB30282/archive_metadata.html || data/adna/governance/source_library/papers/10.1073-pnas.1901169116/supplementary/pnas.1901169116.sd01.xlsx,supplementary_spreadsheet_row,sample_accession:SAMEA5161043 || Sheet1!row1148,ENA archive metadata identifies sample SAMEA5161043 as Sus scrofa (tax_id 9823). || AA408 | previous_extraction_code=- | mtdna_accession=- | source=Keith Dobney / László Bartosiewicz | museum_or_sample_code=- | additional_sample_information=Albertfalva - Roman vicus | location=Albertfalva Roman vicus (Budapest) | country=Hungary | radiocarbon_lab=- | uncalibrated_date=- | uncalibrated_error=- | calibrated_from_bp=- | calibrated_to_bp=- | source_age=2/3rd cent AD | source_mean_years_bp=1800 | period=- | group=EUU-A | zooarch_status=Unknown | combined_status=Unknown | secondary_zooarch_status=Unknown | published=N | chronology_disposition=refused_context_only_unresolved_age_semantics | domestication_disposition=excluded_domestication_unknown,supplementary_table_row,site_level_localities,,,,,,unknown,false,domesticated_core,This locality is backed by direct sample rows recovered from the supplementary table; chronology remains sample-owned when its records have different dates.,
PRJEB30282,Sus scrofa domesticus,pig,Arbon Bleiche 3,Switzerland,10.1073/pnas.1901169116,https://doi.org/10.1073/pnas.1901169116,,data/adna/governance/source_library/projects/PRJEB30282/archive_metadata.html || data/adna/governance/source_library/papers/10.1073-pnas.1901169116/supplementary/pnas.1901169116.sd01.xlsx,supplementary_spreadsheet_row,sample_accession:SAMEA5160921 || Sheet1!row1019,ENA archive metadata identifies sample SAMEA5160921 as Sus scrofa (tax_id 9823). || AA182 | previous_extraction_code=GL15 | mtdna_accession=- | source=Jörg Schibler | museum_or_sample_code=Arbon5777 | additional_sample_information=AS Kt. Thurgau | location=Arbon Bleiche 3 | country=Switzerland | radiocarbon_lab=- | uncalibrated_date=- | uncalibrated_error=- | calibrated_from_bp=- | calibrated_to_bp=- | source_age=3384-3370 cal. BC | source_mean_years_bp=5337 | period=Late Neolithic | group=EUU-A | zooarch_status=Unknown | combined_status=Unknown | secondary_zooarch_status=Unknown | published=N | chronology_disposition=refused_context_only_unresolved_age_semantics | domestication_disposition=excluded_domestication_unknown,supplementary_table_row,site_level_localities,,,,,,unknown,false,domesticated_core,This locality is backed by direct sample rows recovered from the supplementary table; chronology remains sample-owned when its records have different dates.,
PRJEB30282,Sus scrofa domesticus,pig,Atij,Syria,10.1073/pnas.1901169116,https://doi.org/10.1073/pnas.1901169116,,data/adna/governance/source_library/projects/PRJEB30282/archive_metadata.html || data/adna/governance/source_library/papers/10.1073-pnas.1901169116/supplementary/pnas.1901169116.sd01.xlsx,supplementary_spreadsheet_row,sample_accession:SAMEA5160880 || Sheet1!row1754,"ENA archive metadata identifies sample SAMEA5160880 as Sus scrofa (tax_id 9823). || AA051 | previous_extraction_code=LG277 | mtdna_accession=- | source=Melinda Zeder | museum_or_sample_code=DNA sample 23, Pin 9, E13-B, Lot 17 | additional_sample_information=- | location=Atij | country=Syria | radiocarbon_lab=- | uncalibrated_date=- | uncalibrated_error=- | calibrated_from_bp=- | calibrated_to_bp=- | source_age=~ 2,600 BC | source_mean_years_bp=4600 | period=Ninevite V | group=NEU-A | zooarch_status=Unknown | combined_status=Unknown | secondary_zooarch_status=Unknown | published=N | chronology_disposition=refused_context_only_unresolved_age_semantics | domestication_disposition=excluded_domestication_unknown",supplementary_table_row,site_level_localities,,,,,,unknown,false,domesticated_core,This locality is backed by direct sample rows recovered from the supplementary table; chronology remains sample-owned when its records have different dates.,
PRJEB30282,Sus scrofa domesticus,pig,"Augusta Raurica, Kastelen",Switzerland,10.1073/pnas.1901169116,https://doi.org/10.1073/pnas.1901169116,,data/adna/governance/source_library/projects/PRJEB30282/archive_metadata.html || data/adna/governance/source_library/papers/10.1073-pnas.1901169116/supplementary/pnas.1901169116.sd01.xlsx,supplementary_spreadsheet_row,sample_accession:SAMEA5160962 || Sheet1!row1041,"ENA archive metadata identifies sample SAMEA5160962 as Sus scrofa (tax_id 9823). || AA268 | previous_extraction_code=- | mtdna_accession=- | source=Jörg Schibler | museum_or_sample_code=- | additional_sample_information=M. Augst | location=Augusta Raurica, Kastelen | country=Switzerland | radiocarbon_lab=- | uncalibrated_date=- | uncalibrated_error=- | calibrated_from_bp=- | calibrated_to_bp=- | source_age=1st-3rd century AD | source_mean_years_bp=1800 | period=Roman | group=EUU-A | zooarch_status=Unknown | combined_status=Unknown | secondary_zooarch_status=Unknown | published=N | chronology_disposition=refused_context_only_unresolved_age_semantics | domestication_disposition=excluded_domestication_unknown",supplementary_table_row,site_level_localities,,,,,,unknown,false,domesticated_core,This locality is backed by direct sample rows recovered from the supplementary table; chronology remains sample-owned when its records have different dates.,
PRJEB30282,Sus scrofa domesticus,pig,Aşıklı Höyük,Turkey,10.1073/pnas.1901169116,https://doi.org/10.1073/pnas.1901169116,,data/adna/governance/source_library/projects/PRJEB30282/archive_metadata.html || data/adna/governance/source_library/papers/10.1073-pnas.1901169116/supplementary/pnas.1901169116.sd01.xlsx,supplementary_spreadsheet_row,sample_accession:SAMEA5161140 || Sheet1!row1085,ENA archive metadata identifies sample SAMEA5161140 as Sus scrofa (tax_id 9823). || AL643 | previous_extraction_code=- | mtdna_accession=- | source=Joris Peters | museum_or_sample_code=AH 602.381 | additional_sample_information=- | location=Aşıklı Höyük | country=Turkey | radiocarbon_lab=- | uncalibrated_date=- | uncalibrated_error=- | calibrated_from_bp=- | calibrated_to_bp=- | source_age=7850-7700 cal. BC | source_mean_years_bp=9778 | period=Aceramic Neolithic | group=NEW-A | zooarch_status=Wild | combined_status=Wild | secondary_zooarch_status=Wild | published=N | chronology_disposition=refused_context_only_unresolved_age_semantics | domestication_disposition=excluded_wild,supplementary_table_row,site_level_localities,,,,,,unknown,false,domesticated_core,This locality is backed by direct sample rows recovered from the supplementary table; chronology remains sample-owned when its records have different dates.,
PRJEB30282,Sus scrofa domesticus,pig,Bademağacı Höyük,Turkey,10.1073/pnas.1901169116,https://doi.org/10.1073/pnas.1901169116,,data/adna/governance/source_library/projects/PRJEB30282/archive_metadata.html || data/adna/governance/source_library/papers/10.1073-pnas.1901169116/supplementary/pnas.1901169116.sd01.xlsx,supplementary_spreadsheet_row,sample_accession:SAMEA5160992 || Sheet1!row450,"ENA archive metadata identifies sample SAMEA5160992 as Sus scrofa (tax_id 9823). || AA305 | previous_extraction_code=LG025 | mtdna_accession=- | source=Bea de Cupere | museum_or_sample_code=ENI-7, BADEM-3 | additional_sample_information=- | location=Bademağacı Höyük | country=Turkey | radiocarbon_lab=- | uncalibrated_date=- | uncalibrated_error=- | calibrated_from_bp=- | calibrated_to_bp=- | source_age=7,000-6,000 BC | source_mean_years_bp=8500 | period=Neolithic | group=NED-A | zooarch_status=Domestic | combined_status=Domestic | secondary_zooarch_status=Domestic | published=N | chronology_disposition=refused_context_only_unresolved_age_semantics | domestication_disposition=excluded_unreviewed_domesticated_scope",supplementary_table_row,site_level_localities,,,,,,unknown,false,domesticated_core,This locality is backed by direct sample rows recovered from the supplementary table; chronology remains sample-owned when its records have different dates.,
PRJEB30282,Sus scrofa domesticus,pig,"Bandar gaz, Caspian sea",Iran,10.1073/pnas.1901169116,https://doi.org/10.1073/pnas.1901169116,,data/adna/governance/source_library/projects/PRJEB30282/archive_metadata.html || data/adna/governance/source_library/papers/10.1073-pnas.1901169116/supplementary/pnas.1901169116.sd01.xlsx,supplementary_spreadsheet_row,sample_accession:SAMEA5161012 || Sheet1!row1670,"ENA archive metadata identifies sample SAMEA5161012 as Sus scrofa (tax_id 9823). || AA348 | previous_extraction_code=LG312 | mtdna_accession=- | source=Marjan Mashkour | museum_or_sample_code=MM-BG801 | additional_sample_information=- | location=Bandar gaz, Caspian sea | country=Iran | radiocarbon_lab=- | uncalibrated_date=- | uncalibrated_error=- | calibrated_from_bp=- | calibrated_to_bp=- | source_age=Modern | source_mean_years_bp=0 | period=Modern | group=NEW | zooarch_status=Wild | combined_status=Wild | secondary_zooarch_status=Wild | published=N | chronology_disposition=refused_context_only_unresolved_age_semantics | domestication_disposition=excluded_wild",supplementary_table_row,site_level_localities,,,,,,unknown,false,domesticated_core,This locality is backed by direct sample rows recovered from the supplementary table; chronology remains sample-owned when its records have different dates.,
PRJEB30282,Sus scrofa domesticus,pig,Basel-Gasfabrik,Switzerland,10.1073/pnas.1901169116,https://doi.org/10.1073/pnas.1901169116,,data/adna/governance/source_library/projects/PRJEB30282/archive_metadata.html || data/adna/governance/source_library/papers/10.1073-pnas.1901169116/supplementary/pnas.1901169116.sd01.xlsx,supplementary_spreadsheet_row,sample_accession:SAMEA5160961 || Sheet1!row1043,ENA archive metadata identifies sample SAMEA5160961 as Sus scrofa (tax_id 9823). || AA266 | previous_extraction_code=GL507 | mtdna_accession=KR075788 | source=Jörg Schibler | museum_or_sample_code=1 | additional_sample_information=AS Kt. Basel-Stadt | location=Basel-Gasfabrik | country=Switzerland | radiocarbon_lab=- | uncalibrated_date=- | uncalibrated_error=- | calibrated_from_bp=- | calibrated_to_bp=- | source_age=late 2nd - early 1st century BC | source_mean_years_bp=2000 | period=Late Iron Age | group=EUD-A | zooarch_status=Domestic | combined_status=Domestic | secondary_zooarch_status=Domestic | published=Y | chronology_disposition=refused_context_only_unresolved_age_semantics | domestication_disposition=excluded_unreviewed_domesticated_scope,supplementary_table_row,site_level_localities,,,,,,unknown,false,domesticated_core,This locality is backed by direct sample rows recovered from the supplementary table; chronology remains sample-owned when its records have different dates.,
PRJEB30282,Sus scrofa domesticus,pig,Bercy,France,10.1073/pnas.1901169116,https://doi.org/10.1073/pnas.1901169116,,data/adna/governance/source_library/projects/PRJEB30282/archive_metadata.html || data/adna/governance/source_library/papers/10.1073-pnas.1901169116/supplementary/pnas.1901169116.sd01.xlsx,supplementary_spreadsheet_row,sample_accession:SAMEA5161100 || Sheet1!row343,ENA archive metadata identifies sample SAMEA5161100 as Sus scrofa (tax_id 9823). || AA493 | previous_extraction_code=GL428 | mtdna_accession=- | source=Anne Tresset | museum_or_sample_code=43 | additional_sample_information=- | location=Bercy | country=France | radiocarbon_lab=- | uncalibrated_date=- | uncalibrated_error=- | calibrated_from_bp=- | calibrated_to_bp=- | source_age=early 4th Mil BC | source_mean_years_bp=6000 | period=Chasseen | group=EUD-A | zooarch_status=domestic | combined_status=domestic | secondary_zooarch_status=domestic | published=N | chronology_disposition=refused_context_only_unresolved_age_semantics | domestication_disposition=excluded_noncanonical_domestication_status,supplementary_table_row,site_level_localities,,,,,,unknown,false,domesticated_core,This locality is backed by direct sample rows recovered from the supplementary table; chronology remains sample-owned when its records have different dates.,
PRJEB30282,Sus scrofa domesticus,pig,Birsmatten-Basisgrotte,Switzerland,10.1073/pnas.1901169116,https://doi.org/10.1073/pnas.1901169116,,data/adna/governance/source_library/projects/PRJEB30282/archive_metadata.html || data/adna/governance/source_library/papers/10.1073-pnas.1901169116/supplementary/pnas.1901169116.sd01.xlsx,supplementary_spreadsheet_row,sample_accession:SAMEA5160944 || Sheet1!row1045,ENA archive metadata identifies sample SAMEA5160944 as Sus scrofa (tax_id 9823). || AA241 | previous_extraction_code=GL7 | mtdna_accession=- | source=Jörg Schibler | museum_or_sample_code=34 | additional_sample_information=M. Naturhistorisches Museum Bern | location=Birsmatten-Basisgrotte | country=Switzerland | radiocarbon_lab=- | uncalibrated_date=- | uncalibrated_error=- | calibrated_from_bp=- | calibrated_to_bp=- | source_age=OS (~6000-5500 BC cal) | source_mean_years_bp=7750 | period=Late Mesolithic | group=EUW-A | zooarch_status=Wild | combined_status=Wild | secondary_zooarch_status=Wild | published=N | chronology_disposition=refused_context_only_unresolved_age_semantics | domestication_disposition=excluded_wild,supplementary_table_row,site_level_localities,,,,,,unknown,false,domesticated_core,This locality is backed by direct sample rows recovered from the supplementary table; chronology remains sample-owned when its records have different dates.,
PRJEB30282,Sus scrofa domesticus,pig,Bodzia stan 1,Poland,10.1073/pnas.1901169116,https://doi.org/10.1073/pnas.1901169116,,data/adna/governance/source_library/projects/PRJEB30282/archive_metadata.html || data/adna/governance/source_library/papers/10.1073-pnas.1901169116/supplementary/pnas.1901169116.sd01.xlsx,supplementary_spreadsheet_row,sample_accession:SAMEA5160915 || Sheet1!row366,"ENA archive metadata identifies sample SAMEA5160915 as Sus scrofa (tax_id 9823). || AA155 | previous_extraction_code=LG768 | mtdna_accession=- | source=Arkadiusz Marciniak | museum_or_sample_code=POZ-BOZ-11, E312 | additional_sample_information=- | location=Bodzia stan 1 | country=Poland | radiocarbon_lab=- | uncalibrated_date=- | uncalibrated_error=- | calibrated_from_bp=- | calibrated_to_bp=- | source_age=1050-1200 AD | source_mean_years_bp=875 | period=Early Medieval | group=EUU-A | zooarch_status=Unknown | combined_status=Unknown | secondary_zooarch_status=Unknown | published=N | chronology_disposition=refused_context_only_unresolved_age_semantics | domestication_disposition=excluded_domestication_unknown",supplementary_table_row,site_level_localities,,,,,,unknown,false,domesticated_core,This locality is backed by direct sample rows recovered from the supplementary table; chronology remains sample-owned when its records have different dates.,
PRJEB30282,Sus scrofa domesticus,pig,Boulancourt,France,10.1073/pnas.1901169116,https://doi.org/10.1073/pnas.1901169116,,data/adna/governance/source_library/projects/PRJEB30282/archive_metadata.html || data/adna/governance/source_library/papers/10.1073-pnas.1901169116/supplementary/pnas.1901169116.sd01.xlsx,supplementary_spreadsheet_row,sample_accession:SAMEA5160984 || Sheet1!row26,"ENA archive metadata identifies sample SAMEA5160984 as Sus scrofa (tax_id 9823). || AA297 | previous_extraction_code=GL1028 | mtdna_accession=KR075788 | source=Adrian Balasescu/Jean-Denis Vigne | museum_or_sample_code=FR2 | additional_sample_information=section 33, square A8, exterieur pit | location=Boulancourt | country=France | radiocarbon_lab=- | uncalibrated_date=- | uncalibrated_error=- | calibrated_from_bp=- | calibrated_to_bp=- | source_age=ca. 900-800 cal. BC | source_mean_years_bp=2850 | period=Final Bronze Age IIIb | group=EUD-A | zooarch_status=Domestic | combined_status=Domestic | secondary_zooarch_status=Domestic | published=Y | chronology_disposition=refused_context_only_unresolved_age_semantics | domestication_disposition=excluded_unreviewed_domesticated_scope",supplementary_table_row,site_level_localities,,,,,,unknown,false,domesticated_core,This locality is backed by direct sample rows recovered from the supplementary table; chronology remains sample-owned when its records have different dates.,
PRJEB30282,Sus scrofa domesticus,pig,Bundsø,Denmark,10.1073/pnas.1901169116,https://doi.org/10.1073/pnas.1901169116,https://www.kulturarv.dk/ffpublic/wfs?service=WFS&version=1.1.0&request=GetFeature&typeName=fundogfortidsminder:fundogfortidsminder_punkt_ikkefredet&outputFormat=application/json&srsName=EPSG:4326&CQL_FILTER=systemnr%3D86607,data/adna/governance/source_library/projects/PRJEB30282/archive_metadata.html || data/adna/governance/source_library/papers/10.1073-pnas.1901169116/supplementary/pnas.1901169116.sd01.xlsx,supplementary_spreadsheet_row,sample_accession:SAMEA5160867 || Sheet1!row1212,ENA archive metadata identifies sample SAMEA5160867 as Sus scrofa (tax_id 9823). || AA015 | previous_extraction_code=GL468 | mtdna_accession=- | source=Kim Aaris-Sørensen | museum_or_sample_code=ZMK 17 | additional_sample_information=- | location=Bundsø | country=Denmark | radiocarbon_lab=- | uncalibrated_date=- | uncalibrated_error=- | calibrated_from_bp=- | calibrated_to_bp=- | source_age=2800-2600 BC | source_mean_years_bp=4700 | period=Middle Neolithic A phase III | group=EUD-A | zooarch_status=Domestic | combined_status=Domestic | secondary_zooarch_status=Domestic | published=N | chronology_disposition=admitted_existing_context_point | domestication_disposition=admitted_domesticated_core,supplementary_table_row,named_site_geocoding,55.02158609,9.77344984,4700 BP,4700,4700,archaeological_context,false,domesticated_core,"The supplementary row and primary supplement bind the sample to this archaeological site. Coordinates are a separately curated official site-level anchor, not specimen-findspot evidence.",
PRJEB30282,Sus scrofa domesticus,pig,"Bunnik Odijk, Utrecht",Netherlands,10.1073/pnas.1901169116,https://doi.org/10.1073/pnas.1901169116,,data/adna/governance/source_library/projects/PRJEB30282/archive_metadata.html || data/adna/governance/source_library/papers/10.1073-pnas.1901169116/supplementary/pnas.1901169116.sd01.xlsx,supplementary_spreadsheet_row,sample_accession:SAMEA5161189 || Sheet1!row2322,"ENA archive metadata identifies sample SAMEA5161189 as Sus scrofa (tax_id 9823). || KD025 | previous_extraction_code=- | mtdna_accession=- | source=Youri van den Hurk / Canan Cakirlar / Dan Bradley | museum_or_sample_code=vnr 116, put 4, vlak 2, spoor 124 / ""on loan"" from Provincial Depot of Utrecht / GIA-2014-29 | additional_sample_information=- | location=Bunnik Odijk, Utrecht | country=Netherlands | radiocarbon_lab=- | uncalibrated_date=- | uncalibrated_error=- | calibrated_from_bp=- | calibrated_to_bp=- | source_age=500-250 BC | source_mean_years_bp=2375 | period=Mid-Iron / Medieval | group=EUD-A | zooarch_status=Domestic | combined_status=Domestic | secondary_zooarch_status=Domestic | published=N | chronology_disposition=refused_context_only_unresolved_age_semantics | domestication_disposition=excluded_unreviewed_domesticated_scope",supplementary_table_row,site_level_localities,,,,,,unknown,false,domesticated_core,This locality is backed by direct sample rows recovered from the supplementary table; chronology remains sample-owned when its records have different dates.,
PRJEB30282,Sus scrofa domesticus,pig,Buran-Kaya IV,Ukraine,10.1073/pnas.1901169116,https://doi.org/10.1073/pnas.1901169116,,data/adna/governance/source_library/projects/PRJEB30282/archive_metadata.html || data/adna/governance/source_library/papers/10.1073-pnas.1901169116/supplementary/pnas.1901169116.sd01.xlsx,supplementary_spreadsheet_row,sample_accession:SAMEA5161027 || Sheet1!row922,"ENA archive metadata identifies sample SAMEA5161027 as Sus scrofa (tax_id 9823). || AA372 | previous_extraction_code=- | mtdna_accession=- | source=Giedre Motuzaite Matuzeviciute / Alexander Yanevich | museum_or_sample_code=KT-41, BK-024, BKIV-08 7E, II 1B0 | additional_sample_information=- | location=Buran-Kaya IV | country=Ukraine | radiocarbon_lab=- | uncalibrated_date=- | uncalibrated_error=- | calibrated_from_bp=- | calibrated_to_bp=- | source_age=~5000 BC | source_mean_years_bp=7000 | period=Neolithic | group=EUW-A | zooarch_status=Wild | combined_status=Wild | secondary_zooarch_status=Wild | published=N | chronology_disposition=refused_context_only_unresolved_age_semantics | domestication_disposition=excluded_wild",supplementary_table_row,site_level_localities,,,,,,unknown,false,domesticated_core,This locality is backed by direct sample rows recovered from the supplementary table; chronology remains sample-owned when its records have different dates.,
PRJEB30282,Sus scrofa domesticus,pig,Cabeço da Amoreira,Portugal,10.1073/pnas.1901169116,https://doi.org/10.1073/pnas.1901169116,,data/adna/governance/source_library/projects/PRJEB30282/archive_metadata.html || data/adna/governance/source_library/papers/10.1073-pnas.1901169116/supplementary/pnas.1901169116.sd01.xlsx,supplementary_spreadsheet_row,sample_accession:SAMEA5161014 || Sheet1!row621,"ENA archive metadata identifies sample SAMEA5161014 as Sus scrofa (tax_id 9823). || AA350 | previous_extraction_code=- | mtdna_accession=- | source=Cleia Detry | museum_or_sample_code=POZ-BOD-58, B27 | additional_sample_information=- | location=Cabeço da Amoreira | country=Portugal | radiocarbon_lab=- | uncalibrated_date=- | uncalibrated_error=- | calibrated_from_bp=- | calibrated_to_bp=- | source_age=8100-7600 cal.BP | source_mean_years_bp=7850 | period=Mesolithic | group=EUW-A | zooarch_status=Wild | combined_status=Wild | secondary_zooarch_status=Wild | published=N | chronology_disposition=refused_context_only_unresolved_age_semantics | domestication_disposition=excluded_wild",supplementary_table_row,site_level_localities,,,,,,unknown,false,domesticated_core,This locality is backed by direct sample rows recovered from the supplementary table; chronology remains sample-owned when its records have different dates.,
PRJEB30282,Sus scrofa domesticus,pig,Cabeço da Arruda,Portugal,10.1073/pnas.1901169116,https://doi.org/10.1073/pnas.1901169116,,data/adna/governance/source_library/projects/PRJEB30282/archive_metadata.html || data/adna/governance/source_library/papers/10.1073-pnas.1901169116/supplementary/pnas.1901169116.sd01.xlsx,supplementary_spreadsheet_row,sample_accession:SAMEA5161016 || Sheet1!row624,"ENA archive metadata identifies sample SAMEA5161016 as Sus scrofa (tax_id 9823). || AA352 | previous_extraction_code=GL1039 | mtdna_accession=- | source=Cleia Detry | museum_or_sample_code=POZ-BOD-68 | additional_sample_information=layer, zone B / Late Lengyel? | location=Cabeço da Arruda | country=Portugal | radiocarbon_lab=- | uncalibrated_date=- | uncalibrated_error=- | calibrated_from_bp=- | calibrated_to_bp=- | source_age=8100-7600 cal.BP | source_mean_years_bp=7850 | period=Mesolithic | group=EUW-A | zooarch_status=Wild | combined_status=Wild | secondary_zooarch_status=Wild | published=N | chronology_disposition=refused_context_only_unresolved_age_semantics | domestication_disposition=excluded_wild",supplementary_table_row,site_level_localities,,,,,,unknown,false,domesticated_core,This locality is backed by direct sample rows recovered from the supplementary table; chronology remains sample-owned when its records have different dates.,
PRJEB30282,Sus scrofa domesticus,pig,Casa Solima (Troina),Italy,10.1073/pnas.1901169116,https://doi.org/10.1073/pnas.1901169116,,data/adna/governance/source_library/projects/PRJEB30282/archive_metadata.html || data/adna/governance/source_library/papers/10.1073-pnas.1901169116/supplementary/pnas.1901169116.sd01.xlsx,supplementary_spreadsheet_row,sample_accession:SAMEA5160964 || Sheet1!row2166,"ENA archive metadata identifies sample SAMEA5160964 as Sus scrofa (tax_id 9823). || AA270 | previous_extraction_code=- | mtdna_accession=- | source=Simon Stoddart | museum_or_sample_code=45/25 | additional_sample_information=Serraferlicchio culture, 636 m asl | location=Casa Solima (Troina) | country=Italy | radiocarbon_lab=- | uncalibrated_date=- | uncalibrated_error=- | calibrated_from_bp=- | calibrated_to_bp=- | source_age=3500 cal. BC | source_mean_years_bp=5500 | period=Chalcolithic | group=EUU-A | zooarch_status=Unknown | combined_status=Unknown | secondary_zooarch_status=Unknown | published=N | chronology_disposition=refused_context_only_unresolved_age_semantics | domestication_disposition=excluded_domestication_unknown",supplementary_table_row,site_level_localities,,,,,,unknown,false,domesticated_core,This locality is backed by direct sample rows recovered from the supplementary table; chronology remains sample-owned when its records have different dates.,
PRJEB30282,Sus scrofa domesticus,pig,Cencelle,Italy,10.1073/pnas.1901169116,https://doi.org/10.1073/pnas.1901169116,,data/adna/governance/source_library/projects/PRJEB30282/archive_metadata.html || data/adna/governance/source_library/papers/10.1073-pnas.1901169116/supplementary/pnas.1901169116.sd01.xlsx,supplementary_spreadsheet_row,sample_accession:SAMEA5161173 || Sheet1!row1431,ENA archive metadata identifies sample SAMEA5161173 as Sus scrofa (tax_id 9823). || GL438 | previous_extraction_code=- | mtdna_accession=DQ873073 | source=Larson et al. 2007 | museum_or_sample_code=3011 | additional_sample_information=- | location=Cencelle | country=Italy | radiocarbon_lab=- | uncalibrated_date=- | uncalibrated_error=- | calibrated_from_bp=- | calibrated_to_bp=- | source_age=14th-15th cent. AD | source_mean_years_bp=600 | period=- | group=EUW-A | zooarch_status=Wild | combined_status=Wild | secondary_zooarch_status=Wild | published=Y | chronology_disposition=refused_context_only_unresolved_age_semantics | domestication_disposition=excluded_wild,supplementary_table_row,site_level_localities,,,,,,unknown,false,domesticated_core,This locality is backed by direct sample rows recovered from the supplementary table; chronology remains sample-owned when its records have different dates.,
PRJEB30282,Sus scrofa domesticus,pig,Chedworth Roman villa,England,10.1073/pnas.1901169116,https://doi.org/10.1073/pnas.1901169116,,data/adna/governance/source_library/projects/PRJEB30282/archive_metadata.html || data/adna/governance/source_library/papers/10.1073-pnas.1901169116/supplementary/pnas.1901169116.sd01.xlsx,supplementary_spreadsheet_row,sample_accession:SAMEA5161177 || Sheet1!row1434,ENA archive metadata identifies sample SAMEA5161177 as Sus scrofa (tax_id 9823). || GL527 | previous_extraction_code=- | mtdna_accession=DQ873134 | source=Larson et al. 2007 | museum_or_sample_code=17 | additional_sample_information=- | location=Chedworth Roman villa | country=England | radiocarbon_lab=- | uncalibrated_date=- | uncalibrated_error=- | calibrated_from_bp=- | calibrated_to_bp=- | source_age=1st-5th cent AD | source_mean_years_bp=1750 | period=Roman | group=EUW-A | zooarch_status=Wild | combined_status=Wild | secondary_zooarch_status=Wild | published=Y | chronology_disposition=refused_context_only_unresolved_age_semantics | domestication_disposition=excluded_wild,supplementary_table_row,site_level_localities,,,,,,unknown,false,domesticated_core,This locality is backed by direct sample rows recovered from the supplementary table; chronology remains sample-owned when its records have different dates.,
PRJEB30282,Sus scrofa domesticus,pig,Coppergate,England,10.1073/pnas.1901169116,https://doi.org/10.1073/pnas.1901169116,,data/adna/governance/source_library/projects/PRJEB30282/archive_metadata.html || data/adna/governance/source_library/papers/10.1073-pnas.1901169116/supplementary/pnas.1901169116.sd01.xlsx,supplementary_spreadsheet_row,sample_accession:SAMEA5160988 || Sheet1!row2227,"ENA archive metadata identifies sample SAMEA5160988 as Sus scrofa (tax_id 9823). || AA301 | previous_extraction_code=GL530 | mtdna_accession=KR075788 | source=Umberto Albarella | museum_or_sample_code=25, No.2 4620 | additional_sample_information=- | location=Coppergate | country=England | radiocarbon_lab=- | uncalibrated_date=- | uncalibrated_error=- | calibrated_from_bp=- | calibrated_to_bp=- | source_age=1st-5th cent AD | source_mean_years_bp=1800 | period=Roman | group=EUD-A | zooarch_status=Domestic | combined_status=Domestic | secondary_zooarch_status=Domestic | published=Y | chronology_disposition=refused_context_only_unresolved_age_semantics | domestication_disposition=excluded_unreviewed_domesticated_scope",supplementary_table_row,site_level_localities,,,,,,unknown,false,domesticated_core,This locality is backed by direct sample rows recovered from the supplementary table; chronology remains sample-owned when its records have different dates.,
PRJEB30282,Sus scrofa domesticus,pig,Crypta Balbi,Italy,10.1073/pnas.1901169116,https://doi.org/10.1073/pnas.1901169116,,data/adna/governance/source_library/projects/PRJEB30282/archive_metadata.html || data/adna/governance/source_library/papers/10.1073-pnas.1901169116/supplementary/pnas.1901169116.sd01.xlsx,supplementary_spreadsheet_row,sample_accession:SAMEA5161176 || Sheet1!row1446,"ENA archive metadata identifies sample SAMEA5161176 as Sus scrofa (tax_id 9823). || GL496 | previous_extraction_code=- | mtdna_accession=DQ873060 | source=Larson et al. 2007 | museum_or_sample_code=63 | additional_sample_information=Mandible C, male | location=Crypta Balbi | country=Italy | radiocarbon_lab=- | uncalibrated_date=- | uncalibrated_error=- | calibrated_from_bp=- | calibrated_to_bp=- | source_age=10th cent. AD | source_mean_years_bp=1150 | period=- | group=EUW-A | zooarch_status=Wild | combined_status=Wild | secondary_zooarch_status=Wild | published=Y | chronology_disposition=refused_context_only_unresolved_age_semantics | domestication_disposition=excluded_wild",supplementary_table_row,site_level_localities,,,,,,unknown,false,domesticated_core,This locality is backed by direct sample rows recovered from the supplementary table; chronology remains sample-owned when its records have different dates.,
PRJEB30282,Sus scrofa domesticus,pig,Căscioarele A,Romania,10.1073/pnas.1901169116,https://doi.org/10.1073/pnas.1901169116,,data/adna/governance/source_library/projects/PRJEB30282/archive_metadata.html || data/adna/governance/source_library/papers/10.1073-pnas.1901169116/supplementary/pnas.1901169116.sd01.xlsx,supplementary_spreadsheet_row,sample_accession:SAMEA5160881 || Sheet1!row18,ENA archive metadata identifies sample SAMEA5160881 as Sus scrofa (tax_id 9823). || AA067 | previous_extraction_code=GL432 | mtdna_accession=DQ873087 | source=Adrian Bălășescu | museum_or_sample_code=1189778 | additional_sample_information=- | location=Căscioarele A | country=Romania | radiocarbon_lab=- | uncalibrated_date=- | uncalibrated_error=- | calibrated_from_bp=- | calibrated_to_bp=- | source_age=mid 5th - mid 4th millennium BC | source_mean_years_bp=6000 | period=Chalcolithic | group=EUD-A | zooarch_status=Domestic | combined_status=Domestic | secondary_zooarch_status=Domestic | published=Y | chronology_disposition=refused_context_only_unresolved_age_semantics | domestication_disposition=excluded_unreviewed_domesticated_scope,supplementary_table_row,site_level_localities,,,,,,unknown,false,domesticated_core,This locality is backed by direct sample rows recovered from the supplementary table; chronology remains sample-owned when its records have different dates.,
PRJEB30282,Sus scrofa domesticus,pig,Direkli Cave,Turkey,10.1073/pnas.1901169116,https://doi.org/10.1073/pnas.1901169116,,data/adna/governance/source_library/projects/PRJEB30282/archive_metadata.html || data/adna/governance/source_library/papers/10.1073-pnas.1901169116/supplementary/pnas.1901169116.sd01.xlsx,supplementary_spreadsheet_row,sample_accession:SAMEA5161115 || Sheet1!row492,ENA archive metadata identifies sample SAMEA5161115 as Sus scrofa (tax_id 9823). || AA522 | previous_extraction_code=- | mtdna_accession=- | source=Benjamin Arbuckle | museum_or_sample_code=DM2401 | additional_sample_information=- | location=Direkli Cave | country=Turkey | radiocarbon_lab=OxA-34195 | uncalibrated_date=12045 | uncalibrated_error=60 | calibrated_from_bp=14065 | calibrated_to_bp=13753 | source_age=14065-13753 cal. BP OxA-34195 | source_mean_years_bp=13909 | period=Epipaleolithic | group=NEW-A | zooarch_status=Wild | combined_status=Wild | secondary_zooarch_status=Wild | published=N | chronology_disposition=refused_context_only_unresolved_age_semantics | domestication_disposition=excluded_wild,supplementary_table_row,site_level_localities,,,,,,unknown,false,domesticated_core,This locality is backed by direct sample rows recovered from the supplementary table; chronology remains sample-owned when its records have different dates.,
PRJEB30282,Sus scrofa domesticus,pig,Durostorum-Ostrov Farm 4,Romania,10.1073/pnas.1901169116,https://doi.org/10.1073/pnas.1901169116,,data/adna/governance/source_library/projects/PRJEB30282/archive_metadata.html || data/adna/governance/source_library/papers/10.1073-pnas.1901169116/supplementary/pnas.1901169116.sd01.xlsx,supplementary_spreadsheet_row,sample_accession:SAMEA5160889 || Sheet1!row7,"ENA archive metadata identifies sample SAMEA5160889 as Sus scrofa (tax_id 9823). || AA084 | previous_extraction_code=GL1036 | mtdna_accession=DQ873103 | source=Adrian Balasescu | museum_or_sample_code=134 | additional_sample_information=1997, pit 33 | location=Durostorum-Ostrov Farm 4 | country=Romania | radiocarbon_lab=- | uncalibrated_date=- | uncalibrated_error=- | calibrated_from_bp=- | calibrated_to_bp=- | source_age=200-300 AD | source_mean_years_bp=1750 | period=Roman | group=EUD-A | zooarch_status=Domestic | combined_status=Domestic | secondary_zooarch_status=Domestic | published=Y | chronology_disposition=refused_context_only_unresolved_age_semantics | domestication_disposition=excluded_unreviewed_domesticated_scope",supplementary_table_row,site_level_localities,,,,,,unknown,false,domesticated_core,This locality is backed by direct sample rows recovered from the supplementary table; chronology remains sample-owned when its records have different dates.,
PRJEB30282,Sus scrofa domesticus,pig,Durrington Walls,England,10.1073/pnas.1901169116,https://doi.org/10.1073/pnas.1901169116,,data/adna/governance/source_library/projects/PRJEB30282/archive_metadata.html || data/adna/governance/source_library/papers/10.1073-pnas.1901169116/supplementary/pnas.1901169116.sd01.xlsx,supplementary_spreadsheet_row,sample_accession:SAMEA5161197 || Sheet1!row2231,ENA archive metadata identifies sample SAMEA5161197 as Sus scrofa (tax_id 9823). || VEM185 | previous_extraction_code=- | mtdna_accession=- | source=Umberto Albarella | museum_or_sample_code=- | additional_sample_information=- | location=Durrington Walls | country=England | radiocarbon_lab=- | uncalibrated_date=- | uncalibrated_error=- | calibrated_from_bp=- | calibrated_to_bp=- | source_age=4600-4400 BP | source_mean_years_bp=6500 | period=Neolithic/Bronze Transition | group=EUD-A | zooarch_status=Domestic | combined_status=Domestic | secondary_zooarch_status=Domestic | published=N | chronology_disposition=refused_context_only_unresolved_age_semantics | domestication_disposition=excluded_unreviewed_domesticated_scope,supplementary_table_row,site_level_localities,,,,,,unknown,false,domesticated_core,This locality is backed by direct sample rows recovered from the supplementary table; chronology remains sample-owned when its records have different dates.,
PRJEB30282,Sus scrofa domesticus,pig,Eilsleben,Germany,10.1073/pnas.1901169116,https://doi.org/10.1073/pnas.1901169116,,data/adna/governance/source_library/projects/PRJEB30282/archive_metadata.html || data/adna/governance/source_library/papers/10.1073-pnas.1901169116/supplementary/pnas.1901169116.sd01.xlsx,supplementary_spreadsheet_row,sample_accession:SAMEA5161075 || Sheet1!row972,"ENA archive metadata identifies sample SAMEA5161075 as Sus scrofa (tax_id 9823). || AA460 | previous_extraction_code=GL972 | mtdna_accession=DQ873021 | source=Hans-Jürgen Döhle | museum_or_sample_code=85:128u | additional_sample_information=- | location=Eilsleben | country=Germany | radiocarbon_lab=- | uncalibrated_date=- | uncalibrated_error=- | calibrated_from_bp=- | calibrated_to_bp=- | source_age=5,500-5,000 cal. BC | source_mean_years_bp=7250 | period=LBK | group=EUD-A | zooarch_status=Domestic | combined_status=Domestic | secondary_zooarch_status=Domestic | published=Y | chronology_disposition=refused_context_only_unresolved_age_semantics | domestication_disposition=excluded_unreviewed_domesticated_scope",supplementary_table_row,site_level_localities,,,,,,unknown,false,domesticated_core,This locality is backed by direct sample rows recovered from the supplementary table; chronology remains sample-owned when its records have different dates.,
PRJEB30282,Sus scrofa domesticus,pig,El Portalón (Portalon Cueva Mayor),Spain,10.1073/pnas.1901169116,https://doi.org/10.1073/pnas.1901169116,,data/adna/governance/source_library/projects/PRJEB30282/archive_metadata.html || data/adna/governance/source_library/papers/10.1073-pnas.1901169116/supplementary/pnas.1901169116.sd01.xlsx,supplementary_spreadsheet_row,sample_accession:SAMEA5161109 || Sheet1!row335,ENA archive metadata identifies sample SAMEA5161109 as Sus scrofa (tax_id 9823). || AA507 | previous_extraction_code=GL1147 | mtdna_accession=- | source=Anders Götherström/ J.M. Carretero/ C. Valdiosera | museum_or_sample_code=PORK1 / ATP CLARK 1 | additional_sample_information=Left Maxillar fragment | location=El Portalón (Portalon Cueva Mayor) | country=Spain | radiocarbon_lab=Beta-491649 | uncalibrated_date=4070 | uncalibrated_error=30 | calibrated_from_bp=4644 | calibrated_to_bp=4500 | source_age=- | source_mean_years_bp=4572 | period=Late Copper Age | group=EUU-A | zooarch_status=Unknown | combined_status=Unknown | secondary_zooarch_status=Unknown | published=N | chronology_disposition=refused_context_only_unresolved_age_semantics | domestication_disposition=excluded_domestication_unknown,supplementary_table_row,site_level_localities,,,,,,unknown,false,domesticated_core,This locality is backed by direct sample rows recovered from the supplementary table; chronology remains sample-owned when its records have different dates.,
PRJEB30282,Sus scrofa domesticus,pig,Erbaba Höyük,Turkey,10.1073/pnas.1901169116,https://doi.org/10.1073/pnas.1901169116,,data/adna/governance/source_library/projects/PRJEB30282/archive_metadata.html || data/adna/governance/source_library/papers/10.1073-pnas.1901169116/supplementary/pnas.1901169116.sd01.xlsx,supplementary_spreadsheet_row,sample_accession:SAMEA5160898 || Sheet1!row2153,ENA archive metadata identifies sample SAMEA5160898 as Sus scrofa (tax_id 9823). || AA099 | previous_extraction_code=GL353 | mtdna_accession=- | source=Richard Meadow / Benjamin Arbuckle | museum_or_sample_code=338IWCI | additional_sample_information=- | location=Erbaba Höyük | country=Turkey | radiocarbon_lab=- | uncalibrated_date=- | uncalibrated_error=- | calibrated_from_bp=- | calibrated_to_bp=- | source_age=6500 BC | source_mean_years_bp=8500 | period=Pottery Neolithic | group=NEU-A | zooarch_status=Unknown | combined_status=Unknown | secondary_zooarch_status=Unknown | published=N | chronology_disposition=refused_context_only_unresolved_age_semantics | domestication_disposition=excluded_domestication_unknown,supplementary_table_row,site_level_localities,,,,,,unknown,false,domesticated_core,This locality is backed by direct sample rows recovered from the supplementary table; chronology remains sample-owned when its records have different dates.,
PRJEB30282,Sus scrofa domesticus,pig,Exedra of Crypta Balbi,Italy,10.1073/pnas.1901169116,https://doi.org/10.1073/pnas.1901169116,,data/adna/governance/source_library/projects/PRJEB30282/archive_metadata.html || data/adna/governance/source_library/papers/10.1073-pnas.1901169116/supplementary/pnas.1901169116.sd01.xlsx,supplementary_spreadsheet_row,sample_accession:SAMEA5161179 || Sheet1!row1465,ENA archive metadata identifies sample SAMEA5161179 as Sus scrofa (tax_id 9823). || GL707 | previous_extraction_code=- | mtdna_accession=DQ873051 | source=Larson et al. 2007 | museum_or_sample_code=3991 | additional_sample_information=- | location=Exedra of Crypta Balbi | country=Italy | radiocarbon_lab=- | uncalibrated_date=- | uncalibrated_error=- | calibrated_from_bp=- | calibrated_to_bp=- | source_age=8th cent AD | source_mean_years_bp=1300 | period=- | group=EUW-A | zooarch_status=Wild | combined_status=Wild | secondary_zooarch_status=Wild | published=Y | chronology_disposition=refused_context_only_unresolved_age_semantics | domestication_disposition=excluded_wild,supplementary_table_row,site_level_localities,,,,,,unknown,false,domesticated_core,This locality is backed by direct sample rows recovered from the supplementary table; chronology remains sample-owned when its records have different dates.,
PRJEB30282,Sus scrofa domesticus,pig,Flynderhage,Denmark,10.1073/pnas.1901169116,https://doi.org/10.1073/pnas.1901169116,,data/adna/governance/source_library/projects/PRJEB30282/archive_metadata.html || data/adna/governance/source_library/papers/10.1073-pnas.1901169116/supplementary/pnas.1901169116.sd01.xlsx,supplementary_spreadsheet_row,sample_accession:SAMEA5160869 || Sheet1!row1213,ENA archive metadata identifies sample SAMEA5160869 as Sus scrofa (tax_id 9823). || AA017 | previous_extraction_code=GL429 | mtdna_accession=- | source=Kim Aaris-Sørensen | museum_or_sample_code=ZMK 119 | additional_sample_information=- | location=Flynderhage | country=Denmark | radiocarbon_lab=- | uncalibrated_date=- | uncalibrated_error=- | calibrated_from_bp=- | calibrated_to_bp=- | source_age=4500-3900 BC | source_mean_years_bp=6200 | period=Late Mesolithic | group=EUW-A | zooarch_status=Wild | combined_status=Wild | secondary_zooarch_status=Wild | published=N | chronology_disposition=refused_context_only_unresolved_age_semantics | domestication_disposition=excluded_wild,supplementary_table_row,site_level_localities,,,,,,unknown,false,domesticated_core,This locality is backed by direct sample rows recovered from the supplementary table; chronology remains sample-owned when its records have different dates.,
PRJEB30282,Sus scrofa domesticus,pig,Friesack,Germany,10.1073/pnas.1901169116,https://doi.org/10.1073/pnas.1901169116,,data/adna/governance/source_library/projects/PRJEB30282/archive_metadata.html || data/adna/governance/source_library/papers/10.1073-pnas.1901169116/supplementary/pnas.1901169116.sd01.xlsx,supplementary_spreadsheet_row,sample_accession:SAMEA5161169 || Sheet1!row2171,"ENA archive metadata identifies sample SAMEA5161169 as Sus scrofa (tax_id 9823). || GL122 | previous_extraction_code=- | mtdna_accession=DQ873017 | source=Susanne Hanik | museum_or_sample_code=17 | additional_sample_information=- | location=Friesack | country=Germany | radiocarbon_lab=- | uncalibrated_date=- | uncalibrated_error=- | calibrated_from_bp=- | calibrated_to_bp=- | source_age=8,500-7,500 cal. BC | source_mean_years_bp=10000 | period=Mesolithic II/III | group=EUW-A | zooarch_status=Wild | combined_status=Wild | secondary_zooarch_status=Wild | published=Y | chronology_disposition=refused_context_only_unresolved_age_semantics | domestication_disposition=excluded_wild",supplementary_table_row,site_level_localities,,,,,,unknown,false,domesticated_core,This locality is backed by direct sample rows recovered from the supplementary table; chronology remains sample-owned when its records have different dates.,
PRJEB30282,Sus scrofa domesticus,pig,Gomolava,Serbia,10.1073/pnas.1901169116,https://doi.org/10.1073/pnas.1901169116,,data/adna/governance/source_library/projects/PRJEB30282/archive_metadata.html || data/adna/governance/source_library/papers/10.1073-pnas.1901169116/supplementary/pnas.1901169116.sd01.xlsx,supplementary_spreadsheet_row,sample_accession:SAMEA5161121 || Sheet1!row628,ENA archive metadata identifies sample SAMEA5161121 as Sus scrofa (tax_id 9823). || AL1062 | previous_extraction_code=- | mtdna_accession=- | source=David Orton | museum_or_sample_code=GOM 13/72 / X.54 D004575 | additional_sample_information=Phase 1a | location=Gomolava | country=Serbia | radiocarbon_lab=- | uncalibrated_date=- | uncalibrated_error=- | calibrated_from_bp=- | calibrated_to_bp=- | source_age=c.4900-4800 cal. BC | source_mean_years_bp=6850 | period=Neolithic | group=EUU-A | zooarch_status=Unknown | combined_status=Unknown | secondary_zooarch_status=Unknown | published=N | chronology_disposition=refused_context_only_unresolved_age_semantics | domestication_disposition=excluded_domestication_unknown,supplementary_table_row,site_level_localities,,,,,,unknown,false,domesticated_core,This locality is backed by direct sample rows recovered from the supplementary table; chronology remains sample-owned when its records have different dates.,
PRJEB30282,Sus scrofa domesticus,pig,Gordion,Turkey,10.1073/pnas.1901169116,https://doi.org/10.1073/pnas.1901169116,,data/adna/governance/source_library/projects/PRJEB30282/archive_metadata.html || data/adna/governance/source_library/papers/10.1073-pnas.1901169116/supplementary/pnas.1901169116.sd01.xlsx,supplementary_spreadsheet_row,sample_accession:SAMEA5160890 || Sheet1!row1758,"ENA archive metadata identifies sample SAMEA5160890 as Sus scrofa (tax_id 9823). || AA088 | previous_extraction_code=LG353 | mtdna_accession=JX894025 | source=Melinda Zeder | museum_or_sample_code=PIN 29550, Op 1, Locus 57, Lot 142 | additional_sample_information=- | location=Gordion | country=Turkey | radiocarbon_lab=- | uncalibrated_date=- | uncalibrated_error=- | calibrated_from_bp=- | calibrated_to_bp=- | source_age=540-330 BC | source_mean_years_bp=2345 | period=Late Phrygian | group=NED-A | zooarch_status=Domestic | combined_status=Domestic | secondary_zooarch_status=Domestic | published=Y | chronology_disposition=refused_context_only_unresolved_age_semantics | domestication_disposition=excluded_unreviewed_domesticated_scope",supplementary_table_row,site_level_localities,,,,,,unknown,false,domesticated_core,This locality is backed by direct sample rows recovered from the supplementary table; chronology remains sample-owned when its records have different dates.,
PRJEB30282,Sus scrofa domesticus,pig,Grotta Verde Alghero (Sardinia),Italy,10.1073/pnas.1901169116,https://doi.org/10.1073/pnas.1901169116,,data/adna/governance/source_library/projects/PRJEB30282/archive_metadata.html || data/adna/governance/source_library/papers/10.1073-pnas.1901169116/supplementary/pnas.1901169116.sd01.xlsx,supplementary_spreadsheet_row,sample_accession:SAMEA5161137 || Sheet1!row640,"ENA archive metadata identifies sample SAMEA5161137 as Sus scrofa (tax_id 9823). || AL612 | previous_extraction_code=- | mtdna_accession=- | source=Domenico Fulgione | museum_or_sample_code=SCA07 | additional_sample_information=- | location=Grotta Verde Alghero (Sardinia) | country=Italy | radiocarbon_lab=- | uncalibrated_date=- | uncalibrated_error=- | calibrated_from_bp=- | calibrated_to_bp=- | source_age=3,500-2,700BC | source_mean_years_bp=5100 | period=Neolithic | group=EUU-A | zooarch_status=Unknown | combined_status=Unknown | secondary_zooarch_status=Unknown | published=N | chronology_disposition=refused_context_only_unresolved_age_semantics | domestication_disposition=excluded_domestication_unknown",supplementary_table_row,site_level_localities,,,,,,unknown,false,domesticated_core,This locality is backed by direct sample rows recovered from the supplementary table; chronology remains sample-owned when its records have different dates.,
PRJEB30282,Sus scrofa domesticus,pig,Grotta del Santuario della Madonna,Italy,10.1073/pnas.1901169116,https://doi.org/10.1073/pnas.1901169116,,data/adna/governance/source_library/projects/PRJEB30282/archive_metadata.html || data/adna/governance/source_library/papers/10.1073-pnas.1901169116/supplementary/pnas.1901169116.sd01.xlsx,supplementary_spreadsheet_row,sample_accession:SAMEA5161167 || Sheet1!row363,ENA archive metadata identifies sample SAMEA5161167 as Sus scrofa (tax_id 9823). || GL1000 | previous_extraction_code=- | mtdna_accession=DQ873027 | source=Antonio Tagliacozzo | museum_or_sample_code=Praia GM TG 44 | additional_sample_information=- | location=Grotta del Santuario della Madonna | country=Italy | radiocarbon_lab=- | uncalibrated_date=- | uncalibrated_error=- | calibrated_from_bp=- | calibrated_to_bp=- | source_age=8400-7000 cal. BC | source_mean_years_bp=9700 | period=Mesolithic | group=EUW-A | zooarch_status=Wild | combined_status=Wild | secondary_zooarch_status=Wild | published=Y | chronology_disposition=refused_context_only_unresolved_age_semantics | domestication_disposition=excluded_wild,supplementary_table_row,site_level_localities,,,,,,unknown,false,domesticated_core,This locality is backed by direct sample rows recovered from the supplementary table; chronology remains sample-owned when its records have different dates.,
PRJEB30282,Sus scrofa domesticus,pig,Göbekli Tepe,Turkey,10.1073/pnas.1901169116,https://doi.org/10.1073/pnas.1901169116,,data/adna/governance/source_library/projects/PRJEB30282/archive_metadata.html || data/adna/governance/source_library/papers/10.1073-pnas.1901169116/supplementary/pnas.1901169116.sd01.xlsx,supplementary_spreadsheet_row,sample_accession:SAMEA5160996 || Sheet1!row1111,"ENA archive metadata identifies sample SAMEA5160996 as Sus scrofa (tax_id 9823). || AA317 | previous_extraction_code=LG045 | mtdna_accession=- | source=Joris Peters | museum_or_sample_code=GOB_03, GTW M-115, S2 1.1 50/46 | additional_sample_information=- | location=Göbekli Tepe | country=Turkey | radiocarbon_lab=- | uncalibrated_date=- | uncalibrated_error=- | calibrated_from_bp=- | calibrated_to_bp=- | source_age=insecure / direct dating necessary | source_mean_years_bp=- | period=- | group=NEW-A | zooarch_status=Wild | combined_status=Wild | secondary_zooarch_status=Wild | published=N | chronology_disposition=unresolved_missing_source_mean | domestication_disposition=excluded_wild",supplementary_table_row,site_level_localities,,,,,,unknown,false,domesticated_core,This locality is backed by direct sample rows recovered from the supplementary table; chronology remains sample-owned when its records have different dates.,
PRJEB30282,Sus scrofa domesticus,pig,Gürcütepe II,Turkey,10.1073/pnas.1901169116,https://doi.org/10.1073/pnas.1901169116,,data/adna/governance/source_library/projects/PRJEB30282/archive_metadata.html || data/adna/governance/source_library/papers/10.1073-pnas.1901169116/supplementary/pnas.1901169116.sd01.xlsx,supplementary_spreadsheet_row,sample_accession:SAMEA5160998 || Sheet1!row480,"ENA archive metadata identifies sample SAMEA5160998 as Sus scrofa (tax_id 9823). || AA321 | previous_extraction_code=LG021 | mtdna_accession=- | source=Bea De Cupere/Joris Peters | museum_or_sample_code=GUII M-8, S1 1.4 340/40 6/49 | additional_sample_information=- | location=Gürcütepe II | country=Turkey | radiocarbon_lab=- | uncalibrated_date=- | uncalibrated_error=- | calibrated_from_bp=- | calibrated_to_bp=- | source_age=7,500-7,000 BC | source_mean_years_bp=9250 | period=Pre-Pottery Neolithic B | group=NEU-A | zooarch_status=Unknown | combined_status=Unknown | secondary_zooarch_status=Unknown | published=N | chronology_disposition=refused_context_only_unresolved_age_semantics | domestication_disposition=excluded_domestication_unknown",supplementary_table_row,site_level_localities,,,,,,unknown,false,domesticated_core,This locality is backed by direct sample rows recovered from the supplementary table; chronology remains sample-owned when its records have different dates.,
PRJEB30282,Sus scrofa domesticus,pig,Haftavan Tepe,Iran,10.1073/pnas.1901169116,https://doi.org/10.1073/pnas.1901169116,,data/adna/governance/source_library/projects/PRJEB30282/archive_metadata.html || data/adna/governance/source_library/papers/10.1073-pnas.1901169116/supplementary/pnas.1901169116.sd01.xlsx,supplementary_spreadsheet_row,sample_accession:SAMEA5161022 || Sheet1!row447,ENA archive metadata identifies sample SAMEA5161022 as Sus scrofa (tax_id 9823). || AA360 | previous_extraction_code=LG784 | mtdna_accession=JX894049 | source=Azadeh Mohaseb/ M. Mashkour | museum_or_sample_code=E147 7 | additional_sample_information=- | location=Haftavan Tepe | country=Iran | radiocarbon_lab=- | uncalibrated_date=- | uncalibrated_error=- | calibrated_from_bp=- | calibrated_to_bp=- | source_age=1800-1200 BC | source_mean_years_bp=3500 | period=Late Bronze Age | group=NEU-A | zooarch_status=Unknown | combined_status=Unknown | secondary_zooarch_status=Unknown | published=Y | chronology_disposition=refused_context_only_unresolved_age_semantics | domestication_disposition=excluded_domestication_unknown,supplementary_table_row,site_level_localities,,,,,,unknown,false,domesticated_core,This locality is backed by direct sample rows recovered from the supplementary table; chronology remains sample-owned when its records have different dates.,
PRJEB30282,Sus scrofa domesticus,pig,Hallan Çemi,Turkey,10.1073/pnas.1901169116,https://doi.org/10.1073/pnas.1901169116,,data/adna/governance/source_library/projects/PRJEB30282/archive_metadata.html || data/adna/governance/source_library/papers/10.1073-pnas.1901169116/supplementary/pnas.1901169116.sd01.xlsx,supplementary_spreadsheet_row,sample_accession:SAMEA5160878 || Sheet1!row1764,"ENA archive metadata identifies sample SAMEA5160878 as Sus scrofa (tax_id 9823). || AA047 | previous_extraction_code=LG269 | mtdna_accession=- | source=Melinda Zeder | museum_or_sample_code=HC94 5E23-2227 | additional_sample_information=- | location=Hallan Çemi | country=Turkey | radiocarbon_lab=- | uncalibrated_date=- | uncalibrated_error=- | calibrated_from_bp=- | calibrated_to_bp=- | source_age=~ 11,600 cal. BP | source_mean_years_bp=11600 | period=Pre-Pottery Neolithic | group=NEU-A | zooarch_status=Unknown | combined_status=Unknown | secondary_zooarch_status=Unknown | published=N | chronology_disposition=refused_context_only_unresolved_age_semantics | domestication_disposition=excluded_domestication_unknown",supplementary_table_row,site_level_localities,,,,,,unknown,false,domesticated_core,This locality is backed by direct sample rows recovered from the supplementary table; chronology remains sample-owned when its records have different dates.,
PRJEB30282,Sus scrofa domesticus,pig,Herxheim,Germany,10.1073/pnas.1901169116,https://doi.org/10.1073/pnas.1901169116,,data/adna/governance/source_library/projects/PRJEB30282/archive_metadata.html || data/adna/governance/source_library/papers/10.1073-pnas.1901169116/supplementary/pnas.1901169116.sd01.xlsx,supplementary_spreadsheet_row,sample_accession:SAMEA5161191 || Sheet1!row340,ENA archive metadata identifies sample SAMEA5161191 as Sus scrofa (tax_id 9823). || KD033 | previous_extraction_code=- | mtdna_accession=- | source=Andrea Zeeb-Lanz | museum_or_sample_code=Hxh8 / E97/102 282-93-1 | additional_sample_information=- | location=Herxheim | country=Germany | radiocarbon_lab=- | uncalibrated_date=- | uncalibrated_error=- | calibrated_from_bp=- | calibrated_to_bp=- | source_age=5340-4900 BC | source_mean_years_bp=7120 | period=Neolithic | group=EUD-A | zooarch_status=Domestic | combined_status=Domestic | secondary_zooarch_status=Domestic | published=N | chronology_disposition=refused_context_only_unresolved_age_semantics | domestication_disposition=excluded_unreviewed_domesticated_scope,supplementary_table_row,site_level_localities,,,,,,unknown,false,domesticated_core,This locality is backed by direct sample rows recovered from the supplementary table; chronology remains sample-owned when its records have different dates.,
PRJEB30282,Sus scrofa domesticus,pig,"Houten-Hoogdijk, Utrecht",Netherlands,10.1073/pnas.1901169116,https://doi.org/10.1073/pnas.1901169116,,data/adna/governance/source_library/projects/PRJEB30282/archive_metadata.html || data/adna/governance/source_library/papers/10.1073-pnas.1901169116/supplementary/pnas.1901169116.sd01.xlsx,supplementary_spreadsheet_row,sample_accession:SAMEA5161188 || Sheet1!row2323,"ENA archive metadata identifies sample SAMEA5161188 as Sus scrofa (tax_id 9823). || KD024 | previous_extraction_code=- | mtdna_accession=- | source=Youri van den Hurk / Canan Cakirlar / Dan Bradley | museum_or_sample_code=Vnr:1315, put 25, vlak 2, spoor 55 | additional_sample_information=- | location=Houten-Hoogdijk, Utrecht | country=Netherlands | radiocarbon_lab=- | uncalibrated_date=- | uncalibrated_error=- | calibrated_from_bp=- | calibrated_to_bp=- | source_age=1000-1500 AD | source_mean_years_bp=850 | period=High Medieval | group=EUD-A | zooarch_status=Domestic | combined_status=Domestic | secondary_zooarch_status=Domestic | published=N | chronology_disposition=refused_context_only_unresolved_age_semantics | domestication_disposition=excluded_unreviewed_domesticated_scope",supplementary_table_row,site_level_localities,,,,,,unknown,false,domesticated_core,This locality is backed by direct sample rows recovered from the supplementary table; chronology remains sample-owned when its records have different dates.,
PRJEB30282,Sus scrofa domesticus,pig,Hârşova-tell,Romania,10.1073/pnas.1901169116,https://doi.org/10.1073/pnas.1901169116,,data/adna/governance/source_library/projects/PRJEB30282/archive_metadata.html || data/adna/governance/source_library/papers/10.1073-pnas.1901169116/supplementary/pnas.1901169116.sd01.xlsx,supplementary_spreadsheet_row,sample_accession:SAMEA5160888 || Sheet1!row8,ENA archive metadata identifies sample SAMEA5160888 as Sus scrofa (tax_id 9823). || AA081 | previous_extraction_code=GL1033 | mtdna_accession=- | source=Adrian Balasescu | museum_or_sample_code=Sample no. 5 Specimen No. 599 | additional_sample_information=Cernavoda I culture | location=Hârşova-tell | country=Romania | radiocarbon_lab=- | uncalibrated_date=- | uncalibrated_error=- | calibrated_from_bp=- | calibrated_to_bp=- | source_age=3700-3400 BC | source_mean_years_bp=5550 | period=Chalcolithic | group=EUU-A | zooarch_status=Unknown | combined_status=Unknown | secondary_zooarch_status=Unknown | published=N | chronology_disposition=refused_context_only_unresolved_age_semantics | domestication_disposition=excluded_domestication_unknown,supplementary_table_row,site_level_localities,,,,,,unknown,false,domesticated_core,This locality is backed by direct sample rows recovered from the supplementary table; chronology remains sample-owned when its records have different dates.,
PRJEB30282,Sus scrofa domesticus,pig,Icoana,Romania,10.1073/pnas.1901169116,https://doi.org/10.1073/pnas.1901169116,,data/adna/governance/source_library/projects/PRJEB30282/archive_metadata.html || data/adna/governance/source_library/papers/10.1073-pnas.1901169116/supplementary/pnas.1901169116.sd01.xlsx,supplementary_spreadsheet_row,sample_accession:SAMEA5161150 || Sheet1!row9,ENA archive metadata identifies sample SAMEA5161150 as Sus scrofa (tax_id 9823). || BLT006 | previous_extraction_code=LG402 | mtdna_accession=KJ416055.1 | source=Adrian Balasescu | museum_or_sample_code=ICO_07 | additional_sample_information=Middle Mesolithic of the Iron Gates | location=Icoana | country=Romania | radiocarbon_lab=OxA-24688 | uncalibrated_date=8930 | uncalibrated_error=40 | calibrated_from_bp=10198 | calibrated_to_bp=9914 | source_age=8243-7968 cal. BC (weighted mean of OxA-24694/24695) | source_mean_years_bp=10106 | period=Mesolithic | group=BLW-A | zooarch_status=Wild | combined_status=Wild | secondary_zooarch_status=Wild | published=Y | chronology_disposition=refused_context_only_unresolved_age_semantics | domestication_disposition=excluded_wild,supplementary_table_row,site_level_localities,,,,,,unknown,false,domesticated_core,This locality is backed by direct sample rows recovered from the supplementary table; chronology remains sample-owned when its records have different dates.,
PRJEB30282,Sus scrofa domesticus,pig,Klimonas,Cyprus,10.1073/pnas.1901169116,https://doi.org/10.1073/pnas.1901169116,,data/adna/governance/source_library/projects/PRJEB30282/archive_metadata.html || data/adna/governance/source_library/papers/10.1073-pnas.1901169116/supplementary/pnas.1901169116.sd01.xlsx,supplementary_spreadsheet_row,sample_accession:SAMEA5161120 || Sheet1!row989,"ENA archive metadata identifies sample SAMEA5161120 as Sus scrofa (tax_id 9823). || AL1031 | previous_extraction_code=- | mtdna_accession=- | source=Jean-Denis Vigne / Thomas Cucchi | museum_or_sample_code=KL12-15 | additional_sample_information=- | location=Klimonas | country=Cyprus | radiocarbon_lab=- | uncalibrated_date=- | uncalibrated_error=- | calibrated_from_bp=- | calibrated_to_bp=- | source_age=10,800 cal.BP | source_mean_years_bp=10800 | period=Pre-Pottery Neolithic A | group=NEW-A | zooarch_status=Wild | combined_status=Wild | secondary_zooarch_status=Wild | published=N | chronology_disposition=refused_context_only_unresolved_age_semantics | domestication_disposition=excluded_wild",supplementary_table_row,site_level_localities,,,,,,unknown,false,domesticated_core,This locality is backed by direct sample rows recovered from the supplementary table; chronology remains sample-owned when its records have different dates.,
PRJEB30282,Sus scrofa domesticus,pig,Kohne Tepesi,Iran,10.1073/pnas.1901169116,https://doi.org/10.1073/pnas.1901169116,,data/adna/governance/source_library/projects/PRJEB30282/archive_metadata.html || data/adna/governance/source_library/papers/10.1073-pnas.1901169116/supplementary/pnas.1901169116.sd01.xlsx,supplementary_spreadsheet_row,sample_accession:SAMEA5161024 || Sheet1!row1671,ENA archive metadata identifies sample SAMEA5161024 as Sus scrofa (tax_id 9823). || AA363 | previous_extraction_code=LG418 | mtdna_accession=- | source=Marjan Mashkour | museum_or_sample_code=HV-08 | additional_sample_information=- | location=Kohne Tepesi | country=Iran | radiocarbon_lab=- | uncalibrated_date=- | uncalibrated_error=- | calibrated_from_bp=- | calibrated_to_bp=- | source_age=ca. 2468- 2279 BC | source_mean_years_bp=4492 | period=Early Bronze Age | group=NED-A | zooarch_status=Unknown | combined_status=Domestic | secondary_zooarch_status=Domestic | published=N | chronology_disposition=refused_context_only_unresolved_age_semantics | domestication_disposition=excluded_noncanonical_domestication_status,supplementary_table_row,site_level_localities,,,,,,unknown,false,domesticated_core,This locality is backed by direct sample rows recovered from the supplementary table; chronology remains sample-owned when its records have different dates.,
PRJEB30282,Sus scrofa domesticus,pig,"Kush, Ras al-Khaimah",United Arab Emirates,10.1073/pnas.1901169116,https://doi.org/10.1073/pnas.1901169116,,data/adna/governance/source_library/projects/PRJEB30282/archive_metadata.html || data/adna/governance/source_library/papers/10.1073-pnas.1901169116/supplementary/pnas.1901169116.sd01.xlsx,supplementary_spreadsheet_row,sample_accession:SAMEA5160870 || Sheet1!row639,"ENA archive metadata identifies sample SAMEA5160870 as Sus scrofa (tax_id 9823). || AA019 | previous_extraction_code=GL149 | mtdna_accession=- | source=Derek Kennet | museum_or_sample_code=- | additional_sample_information=- | location=Kush, Ras al-Khaimah | country=United Arab Emirates | radiocarbon_lab=- | uncalibrated_date=- | uncalibrated_error=- | calibrated_from_bp=- | calibrated_to_bp=- | source_age=5th - 6th century AD | source_mean_years_bp=1450 | period=Sasanian culture | group=NED-A | zooarch_status=Domestic | combined_status=Domestic | secondary_zooarch_status=Domestic | published=N | chronology_disposition=refused_context_only_unresolved_age_semantics | domestication_disposition=excluded_unreviewed_domesticated_scope",supplementary_table_row,site_level_localities,,,,,,unknown,false,domesticated_core,This locality is backed by direct sample rows recovered from the supplementary table; chronology remains sample-owned when its records have different dates.,
PRJEB30282,Sus scrofa domesticus,pig,"Latronico (Potenza, Basilicata)",Italy,10.1073/pnas.1901169116,https://doi.org/10.1073/pnas.1901169116,,data/adna/governance/source_library/projects/PRJEB30282/archive_metadata.html || data/adna/governance/source_library/papers/10.1073-pnas.1901169116/supplementary/pnas.1901169116.sd01.xlsx,supplementary_spreadsheet_row,sample_accession:SAMEA5161139 || Sheet1!row641,"ENA archive metadata identifies sample SAMEA5161139 as Sus scrofa (tax_id 9823). || AL616 | previous_extraction_code=- | mtdna_accession=- | source=Domenico Fulgione | museum_or_sample_code=SCA18 | additional_sample_information=- | location=Latronico (Potenza, Basilicata) | country=Italy | radiocarbon_lab=- | uncalibrated_date=- | uncalibrated_error=- | calibrated_from_bp=- | calibrated_to_bp=- | source_age=8th millennium BC | source_mean_years_bp=9000 | period=Mesolithic VIII millennio BC | group=EUW-A | zooarch_status=Wild | combined_status=Wild | secondary_zooarch_status=Wild | published=N | chronology_disposition=refused_context_only_unresolved_age_semantics | domestication_disposition=excluded_wild",supplementary_table_row,site_level_localities,,,,,,unknown,false,domesticated_core,This locality is backed by direct sample rows recovered from the supplementary table; chronology remains sample-owned when its records have different dates.,
PRJEB30282,Sus scrofa domesticus,pig,Lchashen,Armenia,10.1073/pnas.1901169116,https://doi.org/10.1073/pnas.1901169116,,data/adna/governance/source_library/projects/PRJEB30282/archive_metadata.html || data/adna/governance/source_library/papers/10.1073-pnas.1901169116/supplementary/pnas.1901169116.sd01.xlsx,supplementary_spreadsheet_row,sample_accession:SAMEA5160901 || Sheet1!row1794,ENA archive metadata identifies sample SAMEA5160901 as Sus scrofa (tax_id 9823). || AA111 | previous_extraction_code=GL187 | mtdna_accession=DQ872987 | source=Ninna Manaseryan | museum_or_sample_code=2 | additional_sample_information=- | location=Lchashen | country=Armenia | radiocarbon_lab=- | uncalibrated_date=- | uncalibrated_error=- | calibrated_from_bp=- | calibrated_to_bp=- | source_age=13th-12th cent BC | source_mean_years_bp=3100 | period=Late Bronze/eary Iron | group=NED-A | zooarch_status=Domestic | combined_status=Domestic | secondary_zooarch_status=Domestic | published=Y | chronology_disposition=refused_context_only_unresolved_age_semantics | domestication_disposition=excluded_unreviewed_domesticated_scope,supplementary_table_row,site_level_localities,,,,,,unknown,false,domesticated_core,This locality is backed by direct sample rows recovered from the supplementary table; chronology remains sample-owned when its records have different dates.,
PRJEB30282,Sus scrofa domesticus,pig,Le Taï (Grotte du Tai),France,10.1073/pnas.1901169116,https://doi.org/10.1073/pnas.1901169116,,data/adna/governance/source_library/projects/PRJEB30282/archive_metadata.html || data/adna/governance/source_library/papers/10.1073-pnas.1901169116/supplementary/pnas.1901169116.sd01.xlsx,supplementary_spreadsheet_row,sample_accession:SAMEA5160982 || Sheet1!row981,"ENA archive metadata identifies sample SAMEA5160982 as Sus scrofa (tax_id 9823). || AA294 | previous_extraction_code=GL1145 | mtdna_accession=- | source=Jean-Denis Vigne / Allowen Evin | museum_or_sample_code=Tai Sus 1, L15 AN43 d39 | additional_sample_information=Epicardial | location=Le Taï (Grotte du Tai) | country=France | radiocarbon_lab=- | uncalibrated_date=- | uncalibrated_error=- | calibrated_from_bp=- | calibrated_to_bp=- | source_age=5300 to 5100 cal. BC | source_mean_years_bp=7200 | period=Early Neolithic | group=EUU-A | zooarch_status=Unknown | combined_status=Unknown | secondary_zooarch_status=Unknown | published=N | chronology_disposition=refused_context_only_unresolved_age_semantics | domestication_disposition=excluded_domestication_unknown",supplementary_table_row,site_level_localities,,,,,,unknown,false,domesticated_core,This locality is backed by direct sample rows recovered from the supplementary table; chronology remains sample-owned when its records have different dates.,
PRJEB30282,Sus scrofa domesticus,pig,Leilan,Syria,10.1073/pnas.1901169116,https://doi.org/10.1073/pnas.1901169116,,data/adna/governance/source_library/projects/PRJEB30282/archive_metadata.html || data/adna/governance/source_library/papers/10.1073-pnas.1901169116/supplementary/pnas.1901169116.sd01.xlsx,supplementary_spreadsheet_row,sample_accession:SAMEA5160908 || Sheet1!row1772,"ENA archive metadata identifies sample SAMEA5160908 as Sus scrofa (tax_id 9823). || AA120 | previous_extraction_code=LG281 | mtdna_accession=JX894020 | source=Melinda Zeder | museum_or_sample_code=DNA sample 2, Pin 959, 76-E-19, lot 2 | additional_sample_information=Lower Town | location=Leilan | country=Syria | radiocarbon_lab=- | uncalibrated_date=- | uncalibrated_error=- | calibrated_from_bp=- | calibrated_to_bp=- | source_age=~ 2,300 BC | source_mean_years_bp=4300 | period=Akkadian | group=NEU-A | zooarch_status=Unknown | combined_status=Unknown | secondary_zooarch_status=Unknown | published=Y | chronology_disposition=refused_context_only_unresolved_age_semantics | domestication_disposition=excluded_domestication_unknown",supplementary_table_row,site_level_localities,,,,,,unknown,false,domesticated_core,This locality is backed by direct sample rows recovered from the supplementary table; chronology remains sample-owned when its records have different dates.,
PRJEB30282,Sus scrofa domesticus,pig,Londerzeel,Belgium,10.1073/pnas.1901169116,https://doi.org/10.1073/pnas.1901169116,,data/adna/governance/source_library/projects/PRJEB30282/archive_metadata.html || data/adna/governance/source_library/papers/10.1073-pnas.1901169116/supplementary/pnas.1901169116.sd01.xlsx,supplementary_spreadsheet_row,sample_accession:SAMEA5160970 || Sheet1!row356,ENA archive metadata identifies sample SAMEA5160970 as Sus scrofa (tax_id 9823). || AA280 | previous_extraction_code=- | mtdna_accession=- | source=Anton Ervynck | museum_or_sample_code=LM 89.3 | additional_sample_information=MO isol. teeth Early MA 89.3 | location=Londerzeel | country=Belgium | radiocarbon_lab=- | uncalibrated_date=- | uncalibrated_error=- | calibrated_from_bp=- | calibrated_to_bp=- | source_age=end 13th- early 14th c. AD | source_mean_years_bp=700 | period=Late Medieval | group=EUD-A | zooarch_status=Domestic | combined_status=Domestic | secondary_zooarch_status=Domestic | published=N | chronology_disposition=refused_context_only_unresolved_age_semantics | domestication_disposition=excluded_unreviewed_domesticated_scope,supplementary_table_row,site_level_localities,,,,,,unknown,false,domesticated_core,This locality is backed by direct sample rows recovered from the supplementary table; chronology remains sample-owned when its records have different dates.,
PRJEB30282,Sus scrofa domesticus,pig,Madzhari,Macedonia (FYROM),10.1073/pnas.1901169116,https://doi.org/10.1073/pnas.1901169116,,data/adna/governance/source_library/projects/PRJEB30282/archive_metadata.html || data/adna/governance/source_library/papers/10.1073-pnas.1901169116/supplementary/pnas.1901169116.sd01.xlsx,supplementary_spreadsheet_row,sample_accession:SAMEA5161162 || Sheet1!row1658,ENA archive metadata identifies sample SAMEA5161162 as Sus scrofa (tax_id 9823). || BLT022 | previous_extraction_code=LG770 | mtdna_accession=- | source=Lionel Gourichon | museum_or_sample_code=MDI04-4074 | additional_sample_information=Level 4A | location=Madzhari | country=Macedonia (FYROM) | radiocarbon_lab=- | uncalibrated_date=- | uncalibrated_error=- | calibrated_from_bp=- | calibrated_to_bp=- | source_age=ca. 5800-5500 cal. BC | source_mean_years_bp=7650 | period=Middle Neolithic | group=EUD-A | zooarch_status=Domestic | combined_status=Domestic | secondary_zooarch_status=Domestic | published=N | chronology_disposition=refused_context_only_unresolved_age_semantics | domestication_disposition=excluded_unreviewed_domesticated_scope,supplementary_table_row,site_level_localities,,,,,,unknown,false,domesticated_core,This locality is backed by direct sample rows recovered from the supplementary table; chronology remains sample-owned when its records have different dates.,
PRJEB30282,Sus scrofa domesticus,pig,"Miankaleh, Caspian sea",Iran,10.1073/pnas.1901169116,https://doi.org/10.1073/pnas.1901169116,,data/adna/governance/source_library/projects/PRJEB30282/archive_metadata.html || data/adna/governance/source_library/papers/10.1073-pnas.1901169116/supplementary/pnas.1901169116.sd01.xlsx,supplementary_spreadsheet_row,sample_accession:SAMEA5161013 || Sheet1!row1678,"ENA archive metadata identifies sample SAMEA5161013 as Sus scrofa (tax_id 9823). || AA349 | previous_extraction_code=LG313 | mtdna_accession=- | source=Marjan Mashkour | museum_or_sample_code=MM-MkISO1 | additional_sample_information=- | location=Miankaleh, Caspian sea | country=Iran | radiocarbon_lab=- | uncalibrated_date=- | uncalibrated_error=- | calibrated_from_bp=- | calibrated_to_bp=- | source_age=Modern | source_mean_years_bp=0 | period=Modern | group=NEW | zooarch_status=Wild | combined_status=Wild | secondary_zooarch_status=Wild | published=N | chronology_disposition=refused_context_only_unresolved_age_semantics | domestication_disposition=excluded_wild",supplementary_table_row,site_level_localities,,,,,,unknown,false,domesticated_core,This locality is backed by direct sample rows recovered from the supplementary table; chronology remains sample-owned when its records have different dates.,
PRJEB30282,Sus scrofa domesticus,pig,Montaigle,Belgium,10.1073/pnas.1901169116,https://doi.org/10.1073/pnas.1901169116,,data/adna/governance/source_library/projects/PRJEB30282/archive_metadata.html || data/adna/governance/source_library/papers/10.1073-pnas.1901169116/supplementary/pnas.1901169116.sd01.xlsx,supplementary_spreadsheet_row,sample_accession:SAMEA5160969 || Sheet1!row2170,ENA archive metadata identifies sample SAMEA5160969 as Sus scrofa (tax_id 9823). || AA279 | previous_extraction_code=GL158 | mtdna_accession=KR075788 | source=Sophie Van Poucke | museum_or_sample_code=MO B006 | additional_sample_information=- | location=Montaigle | country=Belgium | radiocarbon_lab=- | uncalibrated_date=- | uncalibrated_error=- | calibrated_from_bp=- | calibrated_to_bp=- | source_age=Late 2nd - 5th Century AD | source_mean_years_bp=1440 | period=Roman | group=EUD-A | zooarch_status=Domestic | combined_status=Domestic | secondary_zooarch_status=Domestic | published=Y | chronology_disposition=refused_context_only_unresolved_age_semantics | domestication_disposition=excluded_unreviewed_domesticated_scope,supplementary_table_row,site_level_localities,,,,,,unknown,false,domesticated_core,This locality is backed by direct sample rows recovered from the supplementary table; chronology remains sample-owned when its records have different dates.,
PRJEB30282,Sus scrofa domesticus,pig,"Mount Petrino (Mondragone, Caserta)",Italy,10.1073/pnas.1901169116,https://doi.org/10.1073/pnas.1901169116,,data/adna/governance/source_library/projects/PRJEB30282/archive_metadata.html || data/adna/governance/source_library/papers/10.1073-pnas.1901169116/supplementary/pnas.1901169116.sd01.xlsx,supplementary_spreadsheet_row,sample_accession:SAMEA5161136 || Sheet1!row642,"ENA archive metadata identifies sample SAMEA5161136 as Sus scrofa (tax_id 9823). || AL1116 | previous_extraction_code=- | mtdna_accession=- | source=Domenico Fulgione | museum_or_sample_code=MIMMO1 | additional_sample_information=- | location=Mount Petrino (Mondragone, Caserta) | country=Italy | radiocarbon_lab=- | uncalibrated_date=- | uncalibrated_error=- | calibrated_from_bp=- | calibrated_to_bp=- | source_age=about 1000 BP | source_mean_years_bp=1000 | period=- | group=EUU-A | zooarch_status=Unknown | combined_status=Unknown | secondary_zooarch_status=Unknown | published=N | chronology_disposition=refused_context_only_unresolved_age_semantics | domestication_disposition=excluded_domestication_unknown",supplementary_table_row,site_level_localities,,,,,,unknown,false,domesticated_core,This locality is backed by direct sample rows recovered from the supplementary table; chronology remains sample-owned when its records have different dates.,
PRJEB30282,Sus scrofa domesticus,pig,Mureybet,Syria,10.1073/pnas.1901169116,https://doi.org/10.1073/pnas.1901169116,,data/adna/governance/source_library/projects/PRJEB30282/archive_metadata.html || data/adna/governance/source_library/papers/10.1073-pnas.1901169116/supplementary/pnas.1901169116.sd01.xlsx,supplementary_spreadsheet_row,sample_accession:SAMEA5161019 || Sheet1!row1660,ENA archive metadata identifies sample SAMEA5161019 as Sus scrofa (tax_id 9823). || AA355 | previous_extraction_code=LG371 | mtdna_accession=- | source=Lionel Gourichon | museum_or_sample_code=330 | additional_sample_information=- | location=Mureybet | country=Syria | radiocarbon_lab=- | uncalibrated_date=- | uncalibrated_error=- | calibrated_from_bp=- | calibrated_to_bp=- | source_age=10000-8800 cal. BC | source_mean_years_bp=11400 | period=Pre-Pottery Neolithic A | group=NEU-A | zooarch_status=Unknown | combined_status=Unknown | secondary_zooarch_status=Unknown | published=N | chronology_disposition=refused_context_only_unresolved_age_semantics | domestication_disposition=excluded_domestication_unknown,supplementary_table_row,site_level_localities,,,,,,unknown,false,domesticated_core,This locality is backed by direct sample rows recovered from the supplementary table; chronology remains sample-owned when its records have different dates.,
PRJEB30282,Sus scrofa domesticus,pig,Măgura,Romania,10.1073/pnas.1901169116,https://doi.org/10.1073/pnas.1901169116,,data/adna/governance/source_library/projects/PRJEB30282/archive_metadata.html || data/adna/governance/source_library/papers/10.1073-pnas.1901169116/supplementary/pnas.1901169116.sd01.xlsx,supplementary_spreadsheet_row,sample_accession:SAMEA5161153 || Sheet1!row13,"ENA archive metadata identifies sample SAMEA5161153 as Sus scrofa (tax_id 9823). || BLT009 | previous_extraction_code=LG434 | mtdna_accession=KJ416023.1 | source=Adrian Balasescu | museum_or_sample_code=MAG_04 | additional_sample_information=Starčevo Criș culture, phase I; 2009, C51, SU 2743 | location=Măgura | country=Romania | radiocarbon_lab=- | uncalibrated_date=- | uncalibrated_error=- | calibrated_from_bp=- | calibrated_to_bp=- | source_age=6100-5900 BC | source_mean_years_bp=8000 | period=Early Neolithic | group=BLW-A | zooarch_status=Wild | combined_status=Wild | secondary_zooarch_status=Wild | published=Y | chronology_disposition=refused_context_only_unresolved_age_semantics | domestication_disposition=excluded_wild",supplementary_table_row,site_level_localities,,,,,,unknown,false,domesticated_core,This locality is backed by direct sample rows recovered from the supplementary table; chronology remains sample-owned when its records have different dates.,
PRJEB30282,Sus scrofa domesticus,pig,Nivå,Denmark,10.1073/pnas.1901169116,https://doi.org/10.1073/pnas.1901169116,,data/adna/governance/source_library/projects/PRJEB30282/archive_metadata.html || data/adna/governance/source_library/papers/10.1073-pnas.1901169116/supplementary/pnas.1901169116.sd01.xlsx,supplementary_spreadsheet_row,sample_accession:SAMEA5160866 || Sheet1!row1214,ENA archive metadata identifies sample SAMEA5160866 as Sus scrofa (tax_id 9823). || AA014 | previous_extraction_code=GL307 | mtdna_accession=- | source=Kim Aaris-Sørensen | museum_or_sample_code=ZMK 11 | additional_sample_information=- | location=Nivå | country=Denmark | radiocarbon_lab=- | uncalibrated_date=- | uncalibrated_error=- | calibrated_from_bp=- | calibrated_to_bp=- | source_age=5400-4500 BC | source_mean_years_bp=6950 | period=Late Mesolithic | group=EUW-A | zooarch_status=Wild | combined_status=Wild | secondary_zooarch_status=Wild | published=N | chronology_disposition=refused_context_only_unresolved_age_semantics | domestication_disposition=excluded_wild,supplementary_table_row,site_level_localities,,,,,,unknown,false,domesticated_core,This locality is backed by direct sample rows recovered from the supplementary table; chronology remains sample-owned when its records have different dates.,
PRJEB30282,Sus scrofa domesticus,pig,North Sea,Netherlands,10.1073/pnas.1901169116,https://doi.org/10.1073/pnas.1901169116,,data/adna/governance/source_library/projects/PRJEB30282/archive_metadata.html || data/adna/governance/source_library/papers/10.1073-pnas.1901169116/supplementary/pnas.1901169116.sd01.xlsx,supplementary_spreadsheet_row,sample_accession:SAMEA5161170 || Sheet1!row1525,ENA archive metadata identifies sample SAMEA5161170 as Sus scrofa (tax_id 9823). || GL210 | previous_extraction_code=- | mtdna_accession=DQ873186 | source=Larson et al. 2007 | museum_or_sample_code=JG202 | additional_sample_information=- | location=North Sea | country=Netherlands | radiocarbon_lab=- | uncalibrated_date=- | uncalibrated_error=- | calibrated_from_bp=- | calibrated_to_bp=- | source_age=8435-8645 cal. BC | source_mean_years_bp=10540 | period=- | group=EUW-A | zooarch_status=Wild | combined_status=Wild | secondary_zooarch_status=Wild | published=Y | chronology_disposition=refused_context_only_unresolved_age_semantics | domestication_disposition=excluded_wild,supplementary_table_row,site_level_localities,,,,,,unknown,false,domesticated_core,This locality is backed by direct sample rows recovered from the supplementary table; chronology remains sample-owned when its records have different dates.,
PRJEB30282,Sus scrofa domesticus,pig,Noyen,France,10.1073/pnas.1901169116,https://doi.org/10.1073/pnas.1901169116,,data/adna/governance/source_library/projects/PRJEB30282/archive_metadata.html || data/adna/governance/source_library/papers/10.1073-pnas.1901169116/supplementary/pnas.1901169116.sd01.xlsx,supplementary_spreadsheet_row,sample_accession:SAMEA5161021 || Sheet1!row977,ENA archive metadata identifies sample SAMEA5161021 as Sus scrofa (tax_id 9823). || AA357 | previous_extraction_code=GL301 | mtdna_accession=- | source=Jean-Denis Vigne | museum_or_sample_code=501 | additional_sample_information=- | location=Noyen | country=France | radiocarbon_lab=- | uncalibrated_date=- | uncalibrated_error=- | calibrated_from_bp=- | calibrated_to_bp=- | source_age=9th millennium cal. BC | source_mean_years_bp=10000 | period=Middle Mesolithic | group=EUW-A | zooarch_status=Wild | combined_status=Wild | secondary_zooarch_status=Wild | published=N | chronology_disposition=refused_context_only_unresolved_age_semantics | domestication_disposition=excluded_wild,supplementary_table_row,site_level_localities,,,,,,unknown,false,domesticated_core,This locality is backed by direct sample rows recovered from the supplementary table; chronology remains sample-owned when its records have different dates.,
PRJEB30282,Sus scrofa domesticus,pig,Oudenburg,Belgium,10.1073/pnas.1901169116,https://doi.org/10.1073/pnas.1901169116,,data/adna/governance/source_library/projects/PRJEB30282/archive_metadata.html || data/adna/governance/source_library/papers/10.1073-pnas.1901169116/supplementary/pnas.1901169116.sd01.xlsx,supplementary_spreadsheet_row,sample_accession:SAMEA5160972 || Sheet1!row359,ENA archive metadata identifies sample SAMEA5160972 as Sus scrofa (tax_id 9823). || AA283 | previous_extraction_code=GL825 | mtdna_accession=- | source=Anton Ervynck | museum_or_sample_code=OUD SPEG 2000D | additional_sample_information=- | location=Oudenburg | country=Belgium | radiocarbon_lab=- | uncalibrated_date=- | uncalibrated_error=- | calibrated_from_bp=- | calibrated_to_bp=- | source_age=late 2nd - early 5th c. AD | source_mean_years_bp=1440 | period=Late Roman/Early Medieval | group=EUD-A | zooarch_status=Domestic | combined_status=Domestic | secondary_zooarch_status=Domestic | published=Y | chronology_disposition=refused_context_only_unresolved_age_semantics | domestication_disposition=excluded_unreviewed_domesticated_scope,supplementary_table_row,site_level_localities,,,,,,unknown,false,domesticated_core,This locality is backed by direct sample rows recovered from the supplementary table; chronology remains sample-owned when its records have different dates.,
PRJEB30282,Sus scrofa domesticus,pig,Oulens,France,10.1073/pnas.1901169116,https://doi.org/10.1073/pnas.1901169116,,data/adna/governance/source_library/projects/PRJEB30282/archive_metadata.html || data/adna/governance/source_library/papers/10.1073-pnas.1901169116/supplementary/pnas.1901169116.sd01.xlsx,supplementary_spreadsheet_row,sample_accession:SAMEA5160976 || Sheet1!row983,ENA archive metadata identifies sample SAMEA5160976 as Sus scrofa (tax_id 9823). || AA287 | previous_extraction_code=GL490 | mtdna_accession=DQ873158 | source=Jean-Denis Vigne / Daniel Helmer | museum_or_sample_code=BO88-P17-Ch6 | additional_sample_information=Cardial | location=Oulens | country=France | radiocarbon_lab=AA-62269 | uncalibrated_date=6185 | uncalibrated_error=68 | calibrated_from_bp=7256 | calibrated_to_bp=6913 | source_age=- | source_mean_years_bp=7085 | period=Early Neolithic | group=EUW-A | zooarch_status=Wild | combined_status=Wild | secondary_zooarch_status=Wild | published=Y | chronology_disposition=refused_context_only_unresolved_age_semantics | domestication_disposition=excluded_wild,supplementary_table_row,site_level_localities,,,,,,unknown,false,domesticated_core,This locality is backed by direct sample rows recovered from the supplementary table; chronology remains sample-owned when its records have different dates.,
PRJEB30282,Sus scrofa domesticus,pig,Parkhai Karakala,Turkmenistan,10.1073/pnas.1901169116,https://doi.org/10.1073/pnas.1901169116,,data/adna/governance/source_library/projects/PRJEB30282/archive_metadata.html || data/adna/governance/source_library/papers/10.1073-pnas.1901169116/supplementary/pnas.1901169116.sd01.xlsx,supplementary_spreadsheet_row,sample_accession:SAMEA5160913 || Sheet1!row1147,ENA archive metadata identifies sample SAMEA5160913 as Sus scrofa (tax_id 9823). || AA133 | previous_extraction_code=- | mtdna_accession=- | source=Keith Dobney | museum_or_sample_code=D003548 | additional_sample_information=- | location=Parkhai Karakala | country=Turkmenistan | radiocarbon_lab=- | uncalibrated_date=- | uncalibrated_error=- | calibrated_from_bp=- | calibrated_to_bp=- | source_age=Modern | source_mean_years_bp=0 | period=Modern | group=NEW | zooarch_status=Wild | combined_status=Wild | secondary_zooarch_status=Wild | published=N | chronology_disposition=refused_context_only_unresolved_age_semantics | domestication_disposition=excluded_wild,supplementary_table_row,site_level_localities,,,,,,unknown,false,domesticated_core,This locality is backed by direct sample rows recovered from the supplementary table; chronology remains sample-owned when its records have different dates.,
PRJEB30282,Sus scrofa domesticus,pig,Pločnik,Serbia,10.1073/pnas.1901169116,https://doi.org/10.1073/pnas.1901169116,,data/adna/governance/source_library/projects/PRJEB30282/archive_metadata.html || data/adna/governance/source_library/papers/10.1073-pnas.1901169116/supplementary/pnas.1901169116.sd01.xlsx,supplementary_spreadsheet_row,sample_accession:SAMEA5160928 || Sheet1!row995,"ENA archive metadata identifies sample SAMEA5160928 as Sus scrofa (tax_id 9823). || AA211 | previous_extraction_code=- | mtdna_accession=- | source=Jelena Bulatović / David Orton | museum_or_sample_code=4124, S21 | additional_sample_information=Horizon 4 | location=Pločnik | country=Serbia | radiocarbon_lab=- | uncalibrated_date=- | uncalibrated_error=- | calibrated_from_bp=- | calibrated_to_bp=- | source_age=5100-5000 to 5025-4950 cal. BC | source_mean_years_bp=6750 | period=Neolithic | group=BLW-A | zooarch_status=Wild | combined_status=Wild | secondary_zooarch_status=Wild | published=N | chronology_disposition=refused_context_only_unresolved_age_semantics | domestication_disposition=excluded_wild",supplementary_table_row,site_level_localities,,,,,,unknown,false,domesticated_core,This locality is backed by direct sample rows recovered from the supplementary table; chronology remains sample-owned when its records have different dates.,
PRJEB30282,Sus scrofa domesticus,pig,Popesti,Romania,10.1073/pnas.1901169116,https://doi.org/10.1073/pnas.1901169116,,data/adna/governance/source_library/projects/PRJEB30282/archive_metadata.html || data/adna/governance/source_library/papers/10.1073-pnas.1901169116/supplementary/pnas.1901169116.sd01.xlsx,supplementary_spreadsheet_row,sample_accession:SAMEA5160886 || Sheet1!row2258,ENA archive metadata identifies sample SAMEA5160886 as Sus scrofa (tax_id 9823). || AA079 | previous_extraction_code=GL1031 | mtdna_accession=- | source=Valentin Dumitrascu | museum_or_sample_code=13 | additional_sample_information=Govora-Fundeni culture; pit | location=Popesti | country=Romania | radiocarbon_lab=- | uncalibrated_date=- | uncalibrated_error=- | calibrated_from_bp=- | calibrated_to_bp=- | source_age=1400-1300 BC | source_mean_years_bp=3350 | period=Bronze Age | group=EUD-A | zooarch_status=Domestic | combined_status=Domestic | secondary_zooarch_status=Domestic | published=N | chronology_disposition=refused_context_only_unresolved_age_semantics | domestication_disposition=excluded_unreviewed_domesticated_scope,supplementary_table_row,site_level_localities,,,,,,unknown,false,domesticated_core,This locality is backed by direct sample rows recovered from the supplementary table; chronology remains sample-owned when its records have different dates.,
PRJEB30282,Sus scrofa domesticus,pig,Pupicina,Croatia,10.1073/pnas.1901169116,https://doi.org/10.1073/pnas.1901169116,,data/adna/governance/source_library/projects/PRJEB30282/archive_metadata.html || data/adna/governance/source_library/papers/10.1073-pnas.1901169116/supplementary/pnas.1901169116.sd01.xlsx,supplementary_spreadsheet_row,sample_accession:SAMEA5161071 || Sheet1!row2133,ENA archive metadata identifies sample SAMEA5161071 as Sus scrofa (tax_id 9823). || AA456 | previous_extraction_code=GL983 | mtdna_accession=- | source=Preston Miracle | museum_or_sample_code=PUP98 1161.7(202) | additional_sample_information=- | location=Pupicina | country=Croatia | radiocarbon_lab=- | uncalibrated_date=- | uncalibrated_error=- | calibrated_from_bp=- | calibrated_to_bp=- | source_age=9450-10050 cal. BP Beta-131626 | source_mean_years_bp=9750 | period=Mesolithic | group=EUW-A | zooarch_status=Wild | combined_status=Wild | secondary_zooarch_status=Wild | published=N | chronology_disposition=refused_context_only_unresolved_age_semantics | domestication_disposition=excluded_wild,supplementary_table_row,site_level_localities,,,,,,unknown,false,domesticated_core,This locality is backed by direct sample rows recovered from the supplementary table; chronology remains sample-owned when its records have different dates.,
PRJEB30282,Sus scrofa domesticus,pig,Roucadour,France,10.1073/pnas.1901169116,https://doi.org/10.1073/pnas.1901169116,,data/adna/governance/source_library/projects/PRJEB30282/archive_metadata.html || data/adna/governance/source_library/papers/10.1073-pnas.1901169116/supplementary/pnas.1901169116.sd01.xlsx,supplementary_spreadsheet_row,sample_accession:SAMEA5161171 || Sheet1!row1552,"ENA archive metadata identifies sample SAMEA5161171 as Sus scrofa (tax_id 9823). || GL321 | previous_extraction_code=- | mtdna_accession=DQ873155 | source=Larson et al. 2007 | museum_or_sample_code=- | additional_sample_information=Chasséen | location=Roucadour | country=France | radiocarbon_lab=- | uncalibrated_date=- | uncalibrated_error=- | calibrated_from_bp=- | calibrated_to_bp=- | source_age=c.4,200-3,500 cal. BC | source_mean_years_bp=5850 | period=Middle Neolithic | group=EUW-A | zooarch_status=Wild | combined_status=Wild | secondary_zooarch_status=Wild | published=Y | chronology_disposition=refused_context_only_unresolved_age_semantics | domestication_disposition=excluded_wild",supplementary_table_row,site_level_localities,,,,,,unknown,false,domesticated_core,This locality is backed by direct sample rows recovered from the supplementary table; chronology remains sample-owned when its records have different dates.,
PRJEB30282,Sus scrofa domesticus,pig,Sagalassos,Turkey,10.1073/pnas.1901169116,https://doi.org/10.1073/pnas.1901169116,,data/adna/governance/source_library/projects/PRJEB30282/archive_metadata.html || data/adna/governance/source_library/papers/10.1073-pnas.1901169116/supplementary/pnas.1901169116.sd01.xlsx,supplementary_spreadsheet_row,sample_accession:SAMEA5160874 || Sheet1!row461,ENA archive metadata identifies sample SAMEA5160874 as Sus scrofa (tax_id 9823). || AA034 | previous_extraction_code=GL1118 | mtdna_accession=- | source=Bea De Cupere | museum_or_sample_code=SA91N309 | additional_sample_information=- | location=Sagalassos | country=Turkey | radiocarbon_lab=- | uncalibrated_date=- | uncalibrated_error=- | calibrated_from_bp=- | calibrated_to_bp=- | source_age=300-450 AD | source_mean_years_bp=1625 | period=Late Roman | group=NED-A | zooarch_status=Domestic | combined_status=Domestic | secondary_zooarch_status=Domestic | published=N | chronology_disposition=refused_context_only_unresolved_age_semantics | domestication_disposition=excluded_unreviewed_domesticated_scope,supplementary_table_row,site_level_localities,,,,,,unknown,false,domesticated_core,This locality is backed by direct sample rows recovered from the supplementary table; chronology remains sample-owned when its records have different dates.,
PRJEB30282,Sus scrofa domesticus,pig,Sagalossos,Turkey,10.1073/pnas.1901169116,https://doi.org/10.1073/pnas.1901169116,,data/adna/governance/source_library/projects/PRJEB30282/archive_metadata.html || data/adna/governance/source_library/papers/10.1073-pnas.1901169116/supplementary/pnas.1901169116.sd01.xlsx,supplementary_spreadsheet_row,sample_accession:SAMEA5160937 || Sheet1!row466,"ENA archive metadata identifies sample SAMEA5160937 as Sus scrofa (tax_id 9823). || AA226 | previous_extraction_code=- | mtdna_accession=- | source=Bea De Cupere | museum_or_sample_code=SA2001NEG113, 139 | additional_sample_information=- | location=Sagalossos | country=Turkey | radiocarbon_lab=- | uncalibrated_date=- | uncalibrated_error=- | calibrated_from_bp=- | calibrated_to_bp=- | source_age=450-650 AD | source_mean_years_bp=1450 | period=Early Byzantine | group=NED-A | zooarch_status=Domestic | combined_status=Domestic | secondary_zooarch_status=Domestic | published=N | chronology_disposition=refused_context_only_unresolved_age_semantics | domestication_disposition=excluded_unreviewed_domesticated_scope",supplementary_table_row,site_level_localities,,,,,,unknown,false,domesticated_core,This locality is backed by direct sample rows recovered from the supplementary table; chronology remains sample-owned when its records have different dates.,
PRJEB30282,Sus scrofa domesticus,pig,Santa Maria In Selva (Marche),Italy,10.1073/pnas.1901169116,https://doi.org/10.1073/pnas.1901169116,,data/adna/governance/source_library/projects/PRJEB30282/archive_metadata.html || data/adna/governance/source_library/papers/10.1073-pnas.1901169116/supplementary/pnas.1901169116.sd01.xlsx,supplementary_spreadsheet_row,sample_accession:SAMEA5161119 || Sheet1!row655,ENA archive metadata identifies sample SAMEA5161119 as Sus scrofa (tax_id 9823). || AA629 | previous_extraction_code=- | mtdna_accession=- | source=Domenico Lo Vetro / Lucia Sarti | museum_or_sample_code=FMP_SMS_1341 | additional_sample_information=SMS 2C | location=Santa Maria In Selva (Marche) | country=Italy | radiocarbon_lab=- | uncalibrated_date=- | uncalibrated_error=- | calibrated_from_bp=- | calibrated_to_bp=- | source_age=- | source_mean_years_bp=- | period=Late Neolithic | group=EUU-A | zooarch_status=NA | combined_status=NA | secondary_zooarch_status=NA | published=N | chronology_disposition=unresolved_missing_source_mean | domestication_disposition=excluded_noncanonical_domestication_status,supplementary_table_row,site_level_localities,,,,,,unknown,false,domesticated_core,This locality is backed by direct sample rows recovered from the supplementary table; chronology remains sample-owned when its records have different dates.,
PRJEB30282,Sus scrofa domesticus,pig,Schela Cladovei,Romania,10.1073/pnas.1901169116,https://doi.org/10.1073/pnas.1901169116,,data/adna/governance/source_library/projects/PRJEB30282/archive_metadata.html || data/adna/governance/source_library/papers/10.1073-pnas.1901169116/supplementary/pnas.1901169116.sd01.xlsx,supplementary_spreadsheet_row,sample_accession:SAMEA5161041 || Sheet1!row256,"ENA archive metadata identifies sample SAMEA5161041 as Sus scrofa (tax_id 9823). || AA403 | previous_extraction_code=GL985 | mtdna_accession=- | source=Alexandru Dinu / Clive Bonsall | museum_or_sample_code=SC_2 / Area VI, 1992-6 | additional_sample_information=- | location=Schela Cladovei | country=Romania | radiocarbon_lab=- | uncalibrated_date=- | uncalibrated_error=- | calibrated_from_bp=- | calibrated_to_bp=- | source_age=- | source_mean_years_bp=- | period=Late Mesolithic or Early Neolithic | group=BLW-A | zooarch_status=Wild | combined_status=Wild | secondary_zooarch_status=Wild | published=N | chronology_disposition=unresolved_missing_source_mean | domestication_disposition=excluded_wild",supplementary_table_row,site_level_localities,,,,,,unknown,false,domesticated_core,This locality is backed by direct sample rows recovered from the supplementary table; chronology remains sample-owned when its records have different dates.,
PRJEB30282,Sus scrofa domesticus,pig,Siniarzewo 1,Poland,10.1073/pnas.1901169116,https://doi.org/10.1073/pnas.1901169116,,data/adna/governance/source_library/projects/PRJEB30282/archive_metadata.html || data/adna/governance/source_library/papers/10.1073-pnas.1901169116/supplementary/pnas.1901169116.sd01.xlsx,supplementary_spreadsheet_row,sample_accession:SAMEA5160914 || Sheet1!row405,"ENA archive metadata identifies sample SAMEA5160914 as Sus scrofa (tax_id 9823). || AA140 | previous_extraction_code=LG505 | mtdna_accession=- | source=Arkadiusz Marciniak | museum_or_sample_code=POZ-SIN-01, P14 | additional_sample_information=Late Lengyel IIa | location=Siniarzewo 1 | country=Poland | radiocarbon_lab=- | uncalibrated_date=- | uncalibrated_error=- | calibrated_from_bp=- | calibrated_to_bp=- | source_age=4400-4200 BC | source_mean_years_bp=6300 | period=Neolithic | group=EUD-A | zooarch_status=Domestic | combined_status=Domestic | secondary_zooarch_status=Domestic | published=N | chronology_disposition=refused_context_only_unresolved_age_semantics | domestication_disposition=excluded_unreviewed_domesticated_scope",supplementary_table_row,site_level_localities,,,,,,unknown,false,domesticated_core,This locality is backed by direct sample rows recovered from the supplementary table; chronology remains sample-owned when its records have different dates.,
PRJEB30282,Sus scrofa domesticus,pig,Skagafjordur,Iceland,10.1073/pnas.1901169116,https://doi.org/10.1073/pnas.1901169116,,data/adna/governance/source_library/projects/PRJEB30282/archive_metadata.html || data/adna/governance/source_library/papers/10.1073-pnas.1901169116/supplementary/pnas.1901169116.sd01.xlsx,supplementary_spreadsheet_row,sample_accession:SAMEA5161039 || Sheet1!row2188,ENA archive metadata identifies sample SAMEA5161039 as Sus scrofa (tax_id 9823). || AA400 | previous_extraction_code=- | mtdna_accession=- | source=Tom McGovern / Mike Church | museum_or_sample_code=SASS '06 Glaumbaer III SASS-06-1000 | additional_sample_information=- | location=Skagafjordur | country=Iceland | radiocarbon_lab=- | uncalibrated_date=- | uncalibrated_error=- | calibrated_from_bp=- | calibrated_to_bp=- | source_age=984-1104 cal AD | source_mean_years_bp=1065 | period=Viking Age - Medieval | group=EUD-A | zooarch_status=Domestic | combined_status=Domestic | secondary_zooarch_status=Domestic | published=N | chronology_disposition=refused_context_only_unresolved_age_semantics | domestication_disposition=excluded_unreviewed_domesticated_scope,supplementary_table_row,site_level_localities,,,,,,unknown,false,domesticated_core,This locality is backed by direct sample rows recovered from the supplementary table; chronology remains sample-owned when its records have different dates.,
PRJEB30282,Sus scrofa domesticus,pig,Suberde Höyük,Turkey,10.1073/pnas.1901169116,https://doi.org/10.1073/pnas.1901169116,,data/adna/governance/source_library/projects/PRJEB30282/archive_metadata.html || data/adna/governance/source_library/papers/10.1073-pnas.1901169116/supplementary/pnas.1901169116.sd01.xlsx,supplementary_spreadsheet_row,sample_accession:SAMEA5161036 || Sheet1!row496,ENA archive metadata identifies sample SAMEA5161036 as Sus scrofa (tax_id 9823). || AA391 | previous_extraction_code=- | mtdna_accession=- | source=Benjamin Arbuckle | museum_or_sample_code=SUB010 | additional_sample_information=- | location=Suberde Höyük | country=Turkey | radiocarbon_lab=- | uncalibrated_date=- | uncalibrated_error=- | calibrated_from_bp=- | calibrated_to_bp=- | source_age=7500-7000 cal. BC | source_mean_years_bp=9250 | period=Neolithic | group=NEW-A | zooarch_status=Wild | combined_status=Wild | secondary_zooarch_status=Wild | published=N | chronology_disposition=refused_context_only_unresolved_age_semantics | domestication_disposition=excluded_wild,supplementary_table_row,site_level_localities,,,,,,unknown,false,domesticated_core,This locality is backed by direct sample rows recovered from the supplementary table; chronology remains sample-owned when its records have different dates.,
PRJEB30282,Sus scrofa domesticus,pig,Surb nahatak (Sevcar),Armenia,10.1073/pnas.1901169116,https://doi.org/10.1073/pnas.1901169116,,data/adna/governance/source_library/projects/PRJEB30282/archive_metadata.html || data/adna/governance/source_library/papers/10.1073-pnas.1901169116/supplementary/pnas.1901169116.sd01.xlsx,supplementary_spreadsheet_row,sample_accession:SAMEA5160906 || Sheet1!row1799,ENA archive metadata identifies sample SAMEA5160906 as Sus scrofa (tax_id 9823). || AA118 | previous_extraction_code=GL895 | mtdna_accession=- | source=Ninna Manaseryan | museum_or_sample_code=17 | additional_sample_information=- | location=Surb nahatak (Sevcar) | country=Armenia | radiocarbon_lab=- | uncalibrated_date=- | uncalibrated_error=- | calibrated_from_bp=- | calibrated_to_bp=- | source_age=7th-5th cent BC | source_mean_years_bp=2500 | period=Iron Age | group=NED-A | zooarch_status=Domestic | combined_status=Domestic | secondary_zooarch_status=Domestic | published=Y | chronology_disposition=refused_context_only_unresolved_age_semantics | domestication_disposition=excluded_unreviewed_domesticated_scope,supplementary_table_row,site_level_localities,,,,,,unknown,false,domesticated_core,This locality is backed by direct sample rows recovered from the supplementary table; chronology remains sample-owned when its records have different dates.,
PRJEB30282,Sus scrofa domesticus,pig,Swinegate,England,10.1073/pnas.1901169116,https://doi.org/10.1073/pnas.1901169116,,data/adna/governance/source_library/projects/PRJEB30282/archive_metadata.html || data/adna/governance/source_library/papers/10.1073-pnas.1901169116/supplementary/pnas.1901169116.sd01.xlsx,supplementary_spreadsheet_row,sample_accession:SAMEA5160990 || Sheet1!row2232,ENA archive metadata identifies sample SAMEA5160990 as Sus scrofa (tax_id 9823). || AA303 | previous_extraction_code=GL532 | mtdna_accession=DQ873137 | source=Umberto Albarella | museum_or_sample_code=4014 AB3 1990.1 | additional_sample_information=- | location=Swinegate | country=England | radiocarbon_lab=- | uncalibrated_date=- | uncalibrated_error=- | calibrated_from_bp=- | calibrated_to_bp=- | source_age=1st-5th cent AD | source_mean_years_bp=1800 | period=Roman | group=EUD-A | zooarch_status=Domestic | combined_status=Domestic | secondary_zooarch_status=Domestic | published=Y | chronology_disposition=refused_context_only_unresolved_age_semantics | domestication_disposition=excluded_unreviewed_domesticated_scope,supplementary_table_row,site_level_localities,,,,,,unknown,false,domesticated_core,This locality is backed by direct sample rows recovered from the supplementary table; chronology remains sample-owned when its records have different dates.,
PRJEB30282,Sus scrofa domesticus,pig,Tel Bet Shean,Israel,10.1073/pnas.1901169116,https://doi.org/10.1073/pnas.1901169116,,data/adna/governance/source_library/projects/PRJEB30282/archive_metadata.html || data/adna/governance/source_library/papers/10.1073-pnas.1901169116/supplementary/pnas.1901169116.sd01.xlsx,supplementary_spreadsheet_row,sample_accession:SAMEA5160876 || Sheet1!row1667,"ENA archive metadata identifies sample SAMEA5160876 as Sus scrofa (tax_id 9823). || AA043 | previous_extraction_code=GL1142 | mtdna_accession=- | source=Liora Horwitz | museum_or_sample_code=Israel anc5, L68139, B681146B | additional_sample_information=- | location=Tel Bet Shean | country=Israel | radiocarbon_lab=- | uncalibrated_date=- | uncalibrated_error=- | calibrated_from_bp=- | calibrated_to_bp=- | source_age=3,200-2,700 BP | source_mean_years_bp=2950 | period=Late Bronze Age IA/B | group=NEU-A | zooarch_status=Unknown | combined_status=Unknown | secondary_zooarch_status=Unknown | published=N | chronology_disposition=refused_context_only_unresolved_age_semantics | domestication_disposition=excluded_domestication_unknown",supplementary_table_row,site_level_localities,,,,,,unknown,false,domesticated_core,This locality is backed by direct sample rows recovered from the supplementary table; chronology remains sample-owned when its records have different dates.,
PRJEB30282,Sus scrofa domesticus,pig,Tel Miqne-Ekron,Israel,10.1073/pnas.1901169116,https://doi.org/10.1073/pnas.1901169116,,data/adna/governance/source_library/projects/PRJEB30282/archive_metadata.html || data/adna/governance/source_library/papers/10.1073-pnas.1901169116/supplementary/pnas.1901169116.sd01.xlsx,supplementary_spreadsheet_row,sample_accession:SAMEA5160967 || Sheet1!row1142,ENA archive metadata identifies sample SAMEA5160967 as Sus scrofa (tax_id 9823). || AA276 | previous_extraction_code=GL446 | mtdna_accession=- | source=Justin Lev-Tov | museum_or_sample_code=4 | additional_sample_information=- | location=Tel Miqne-Ekron | country=Israel | radiocarbon_lab=- | uncalibrated_date=- | uncalibrated_error=- | calibrated_from_bp=- | calibrated_to_bp=- | source_age=VI last 2/3 of C12 BC 4 | source_mean_years_bp=3240 | period=Iron Age | group=NED-A | zooarch_status=Domestic | combined_status=Domestic | secondary_zooarch_status=Domestic | published=N | chronology_disposition=refused_context_only_unresolved_age_semantics | domestication_disposition=excluded_unreviewed_domesticated_scope,supplementary_table_row,site_level_localities,,,,,,unknown,false,domesticated_core,This locality is backed by direct sample rows recovered from the supplementary table; chronology remains sample-owned when its records have different dates.,
PRJEB30282,Sus scrofa domesticus,pig,Tel Safi/Gat,Israel,10.1073/pnas.1901169116,https://doi.org/10.1073/pnas.1901169116,,data/adna/governance/source_library/projects/PRJEB30282/archive_metadata.html || data/adna/governance/source_library/papers/10.1073-pnas.1901169116/supplementary/pnas.1901169116.sd01.xlsx,supplementary_spreadsheet_row,sample_accession:SAMEA5160877 || Sheet1!row1668,ENA archive metadata identifies sample SAMEA5160877 as Sus scrofa (tax_id 9823). || AA045 | previous_extraction_code=GL1144 | mtdna_accession=- | source=Liora Horwitz | museum_or_sample_code=Israel anc7 | additional_sample_information=- | location=Tel Safi/Gat | country=Israel | radiocarbon_lab=- | uncalibrated_date=- | uncalibrated_error=- | calibrated_from_bp=- | calibrated_to_bp=- | source_age=- | source_mean_years_bp=- | period=- | group=NEU-A | zooarch_status=Unknown | combined_status=Unknown | secondary_zooarch_status=Unknown | published=N | chronology_disposition=unresolved_missing_source_mean | domestication_disposition=excluded_domestication_unknown,supplementary_table_row,site_level_localities,,,,,,unknown,false,domesticated_core,This locality is backed by direct sample rows recovered from the supplementary table; chronology remains sample-owned when its records have different dates.,
PRJEB30282,Sus scrofa domesticus,pig,Tell Brak,Syria,10.1073/pnas.1901169116,https://doi.org/10.1073/pnas.1901169116,,data/adna/governance/source_library/projects/PRJEB30282/archive_metadata.html || data/adna/governance/source_library/papers/10.1073-pnas.1901169116/supplementary/pnas.1901169116.sd01.xlsx,supplementary_spreadsheet_row,sample_accession:SAMEA5160871 || Sheet1!row1151,ENA archive metadata identifies sample SAMEA5160871 as Sus scrofa (tax_id 9823). || AA021 | previous_extraction_code=GL180 | mtdna_accession=- | source=Keith Dobney / Roger Matthews | museum_or_sample_code=A1200.1 | additional_sample_information=- | location=Tell Brak | country=Syria | radiocarbon_lab=- | uncalibrated_date=- | uncalibrated_error=- | calibrated_from_bp=- | calibrated_to_bp=- | source_age=c. 2400 BC | source_mean_years_bp=4400 | period=Akkadian | group=NED-A | zooarch_status=Domestic | combined_status=Domestic | secondary_zooarch_status=Domestic | published=N | chronology_disposition=refused_context_only_unresolved_age_semantics | domestication_disposition=excluded_unreviewed_domesticated_scope,supplementary_table_row,site_level_localities,,,,,,unknown,false,domesticated_core,This locality is backed by direct sample rows recovered from the supplementary table; chronology remains sample-owned when its records have different dates.,
PRJEB30282,Sus scrofa domesticus,pig,Tell-Afis Sarageb,Syria,10.1073/pnas.1901169116,https://doi.org/10.1073/pnas.1901169116,,data/adna/governance/source_library/projects/PRJEB30282/archive_metadata.html || data/adna/governance/source_library/papers/10.1073-pnas.1901169116/supplementary/pnas.1901169116.sd01.xlsx,supplementary_spreadsheet_row,sample_accession:SAMEA5161138 || Sheet1!row646,ENA archive metadata identifies sample SAMEA5161138 as Sus scrofa (tax_id 9823). || AL613 | previous_extraction_code=- | mtdna_accession=- | source=Domenico Fulgione | museum_or_sample_code=SCA08 | additional_sample_information=Humerus | location=Tell-Afis Sarageb | country=Syria | radiocarbon_lab=- | uncalibrated_date=- | uncalibrated_error=- | calibrated_from_bp=- | calibrated_to_bp=- | source_age=900-535BC | source_mean_years_bp=2718 | period=Iron age I | group=NEU-A | zooarch_status=Unknown | combined_status=Unknown | secondary_zooarch_status=Unknown | published=N | chronology_disposition=refused_context_only_unresolved_age_semantics | domestication_disposition=excluded_domestication_unknown,supplementary_table_row,site_level_localities,,,,,,unknown,false,domesticated_core,This locality is backed by direct sample rows recovered from the supplementary table; chronology remains sample-owned when its records have different dates.,
PRJEB30282,Sus scrofa domesticus,pig,Tmbatir (Achajur),Armenia,10.1073/pnas.1901169116,https://doi.org/10.1073/pnas.1901169116,,data/adna/governance/source_library/projects/PRJEB30282/archive_metadata.html || data/adna/governance/source_library/papers/10.1073-pnas.1901169116/supplementary/pnas.1901169116.sd01.xlsx,supplementary_spreadsheet_row,sample_accession:SAMEA5160905 || Sheet1!row1800,ENA archive metadata identifies sample SAMEA5160905 as Sus scrofa (tax_id 9823). || AA117 | previous_extraction_code=GL861 | mtdna_accession=- | source=Ninna Manaseryan | museum_or_sample_code=27 | additional_sample_information=- | location=Tmbatir (Achajur) | country=Armenia | radiocarbon_lab=- | uncalibrated_date=- | uncalibrated_error=- | calibrated_from_bp=- | calibrated_to_bp=- | source_age=6th-5th cent BC | source_mean_years_bp=2500 | period=Iron Age | group=NEU-A | zooarch_status=Unknown | combined_status=Unknown | secondary_zooarch_status=Unknown | published=Y | chronology_disposition=refused_context_only_unresolved_age_semantics | domestication_disposition=excluded_domestication_unknown,supplementary_table_row,site_level_localities,,,,,,unknown,false,domesticated_core,This locality is backed by direct sample rows recovered from the supplementary table; chronology remains sample-owned when its records have different dates.,
PRJEB30282,Sus scrofa domesticus,pig,Tol e Bashi,Iran,10.1073/pnas.1901169116,https://doi.org/10.1073/pnas.1901169116,,data/adna/governance/source_library/projects/PRJEB30282/archive_metadata.html || data/adna/governance/source_library/papers/10.1073-pnas.1901169116/supplementary/pnas.1901169116.sd01.xlsx,supplementary_spreadsheet_row,sample_accession:SAMEA5160873 || Sheet1!row1679,ENA archive metadata identifies sample SAMEA5160873 as Sus scrofa (tax_id 9823). || AA025 | previous_extraction_code=- | mtdna_accession=- | source=Marjan Mashkour | museum_or_sample_code=- | additional_sample_information=Unit A Loc 20 RN 16G | location=Tol e Bashi | country=Iran | radiocarbon_lab=- | uncalibrated_date=- | uncalibrated_error=- | calibrated_from_bp=- | calibrated_to_bp=- | source_age=- | source_mean_years_bp=- | period=Late Neolithic | group=NEU-A | zooarch_status=Unknown | combined_status=Unknown | secondary_zooarch_status=Unknown | published=N | chronology_disposition=unresolved_missing_source_mean | domestication_disposition=excluded_domestication_unknown,supplementary_table_row,site_level_localities,,,,,,unknown,false,domesticated_core,This locality is backed by direct sample rows recovered from the supplementary table; chronology remains sample-owned when its records have different dates.,
PRJEB30282,Sus scrofa domesticus,pig,Trelleborg,Denmark,10.1073/pnas.1901169116,https://doi.org/10.1073/pnas.1901169116,https://en.natmus.dk/fileadmin/user_upload/Editor/ManagementPlan_Web_lille.pdf,data/adna/governance/source_library/projects/PRJEB30282/archive_metadata.html || data/adna/governance/source_library/papers/10.1073-pnas.1901169116/supplementary/pnas.1901169116.sd01.xlsx,supplementary_spreadsheet_row,sample_accession:SAMEA5160868 || Sheet1!row1215,ENA archive metadata identifies sample SAMEA5160868 as Sus scrofa (tax_id 9823). || AA016 | previous_extraction_code=GL306 | mtdna_accession=- | source=Kim Aaris-Sørensen | museum_or_sample_code=ZMK 25 | additional_sample_information=- | location=Trelleborg | country=Denmark | radiocarbon_lab=- | uncalibrated_date=- | uncalibrated_error=- | calibrated_from_bp=- | calibrated_to_bp=- | source_age=c. AD 1000 | source_mean_years_bp=1000 | period=Early Medieval | group=EUD-A | zooarch_status=Domestic | combined_status=Domestic | secondary_zooarch_status=Domestic | published=N | chronology_disposition=admitted_existing_context_point | domestication_disposition=admitted_domesticated_core,supplementary_table_row,named_site_geocoding,55.39416667,11.26527778,1000 BP,1000,1000,archaeological_context,false,domesticated_core,"The supplementary row and primary supplement bind the sample to this archaeological site. Coordinates are a separately curated official site-level anchor, not specimen-findspot evidence.",
PRJEB30282,Sus scrofa domesticus,pig,Trou Al'Wesse,Belgium,10.1073/pnas.1901169116,https://doi.org/10.1073/pnas.1901169116,,data/adna/governance/source_library/projects/PRJEB30282/archive_metadata.html || data/adna/governance/source_library/papers/10.1073-pnas.1901169116/supplementary/pnas.1901169116.sd01.xlsx,supplementary_spreadsheet_row,sample_accession:SAMEA5160910 || Sheet1!row1010,"ENA archive metadata identifies sample SAMEA5160910 as Sus scrofa (tax_id 9823). || AA128 | previous_extraction_code=- | mtdna_accession=- | source=John Stewart | museum_or_sample_code=TAW 2004 G12 piece 56 | additional_sample_information=Layer (Couche) 4a | location=Trou Al'Wesse | country=Belgium | radiocarbon_lab=- | uncalibrated_date=- | uncalibrated_error=- | calibrated_from_bp=- | calibrated_to_bp=- | source_age=Four C14 dates for this layer: 4810 +/-40 (Beta-224151) on Domesticated dog lower left M1, 5045 ± 45 (OxA-7633) on undetermined bone, 5095 ± 40 (OxA-X-2327-40) on red deer tooth, 5641 ± 36 (OxA-26536) on carnivore canine. Age is calculated from mean of all 4 calibrated associated dates. | source_mean_years_bp=5976 | period=Early to Middle Neolithic | group=EUU-A | zooarch_status=Unknown | combined_status=Unknown | secondary_zooarch_status=Unknown | published=N | chronology_disposition=refused_context_only_unresolved_age_semantics | domestication_disposition=excluded_domestication_unknown",supplementary_table_row,site_level_localities,,,,,,unknown,false,domesticated_core,This locality is backed by direct sample rows recovered from the supplementary table; chronology remains sample-owned when its records have different dates.,
PRJEB30282,Sus scrofa domesticus,pig,Tsakaektsy,Armenia,10.1073/pnas.1901169116,https://doi.org/10.1073/pnas.1901169116,,data/adna/governance/source_library/projects/PRJEB30282/archive_metadata.html || data/adna/governance/source_library/papers/10.1073-pnas.1901169116/supplementary/pnas.1901169116.sd01.xlsx,supplementary_spreadsheet_row,sample_accession:SAMEA5160903 || Sheet1!row1801,ENA archive metadata identifies sample SAMEA5160903 as Sus scrofa (tax_id 9823). || AA114 | previous_extraction_code=GL864 | mtdna_accession=- | source=Ninna Manaseryan | museum_or_sample_code=38 | additional_sample_information=- | location=Tsakaektsy | country=Armenia | radiocarbon_lab=- | uncalibrated_date=- | uncalibrated_error=- | calibrated_from_bp=- | calibrated_to_bp=- | source_age=12th cent AD | source_mean_years_bp=900 | period=Middle Ages | group=NEU-A | zooarch_status=Unknown | combined_status=Unknown | secondary_zooarch_status=Unknown | published=Y | chronology_disposition=refused_context_only_unresolved_age_semantics | domestication_disposition=excluded_domestication_unknown,supplementary_table_row,site_level_localities,,,,,,unknown,false,domesticated_core,This locality is backed by direct sample rows recovered from the supplementary table; chronology remains sample-owned when its records have different dates.,
PRJEB30282,Sus scrofa domesticus,pig,Ulucak Höyük,Turkey,10.1073/pnas.1901169116,https://doi.org/10.1073/pnas.1901169116,,data/adna/governance/source_library/projects/PRJEB30282/archive_metadata.html || data/adna/governance/source_library/papers/10.1073-pnas.1901169116/supplementary/pnas.1901169116.sd01.xlsx,supplementary_spreadsheet_row,sample_accession:SAMEA5160966 || Sheet1!row2123,ENA archive metadata identifies sample SAMEA5160966 as Sus scrofa (tax_id 9823). || AA274 | previous_extraction_code=LG059 | mtdna_accession=- | source=Özlem Çevik | museum_or_sample_code=EEL968 | additional_sample_information=- | location=Ulucak Höyük | country=Turkey | radiocarbon_lab=- | uncalibrated_date=- | uncalibrated_error=- | calibrated_from_bp=- | calibrated_to_bp=- | source_age=~6200-6000 BC | source_mean_years_bp=8100 | period=Neolithic | group=NEU-A | zooarch_status=Unknown | combined_status=Unknown | secondary_zooarch_status=Unknown | published=N | chronology_disposition=refused_context_only_unresolved_age_semantics | domestication_disposition=excluded_domestication_unknown,supplementary_table_row,site_level_localities,,,,,,unknown,false,domesticated_core,This locality is backed by direct sample rows recovered from the supplementary table; chronology remains sample-owned when its records have different dates.,
PRJEB30282,Sus scrofa domesticus,pig,Umm Qseir,Syria,10.1073/pnas.1901169116,https://doi.org/10.1073/pnas.1901169116,,data/adna/governance/source_library/projects/PRJEB30282/archive_metadata.html || data/adna/governance/source_library/papers/10.1073-pnas.1901169116/supplementary/pnas.1901169116.sd01.xlsx,supplementary_spreadsheet_row,sample_accession:SAMEA5160879 || Sheet1!row1778,ENA archive metadata identifies sample SAMEA5160879 as Sus scrofa (tax_id 9823). || AA050 | previous_extraction_code=LG274 | mtdna_accession=- | source=Melinda Zeder | museum_or_sample_code=E-1-4 | additional_sample_information=- | location=Umm Qseir | country=Syria | radiocarbon_lab=- | uncalibrated_date=- | uncalibrated_error=- | calibrated_from_bp=- | calibrated_to_bp=- | source_age=Fourth Millennium BC | source_mean_years_bp=5000 | period=Uruk | group=NEU-A | zooarch_status=Unknown | combined_status=Unknown | secondary_zooarch_status=Unknown | published=N | chronology_disposition=refused_context_only_unresolved_age_semantics | domestication_disposition=excluded_domestication_unknown,supplementary_table_row,site_level_localities,,,,,,unknown,false,domesticated_core,This locality is backed by direct sample rows recovered from the supplementary table; chronology remains sample-owned when its records have different dates.,
PRJEB30282,Sus scrofa domesticus,pig,Undir Junkariusfløtti,Faroes,10.1073/pnas.1901169116,https://doi.org/10.1073/pnas.1901169116,,data/adna/governance/source_library/projects/PRJEB30282/archive_metadata.html || data/adna/governance/source_library/papers/10.1073-pnas.1901169116/supplementary/pnas.1901169116.sd01.xlsx,supplementary_spreadsheet_row,sample_accession:SAMEA5161045 || Sheet1!row2190,"ENA archive metadata identifies sample SAMEA5161045 as Sus scrofa (tax_id 9823). || AA411 | previous_extraction_code=SF010 | mtdna_accession=- | source=Tom McGovern / Mike Church | museum_or_sample_code=10 UJF 06 UJF-06-88 | additional_sample_information=Context 338, UJF Phase 2 | location=Undir Junkariusfløtti | country=Faroes | radiocarbon_lab=- | uncalibrated_date=- | uncalibrated_error=- | calibrated_from_bp=- | calibrated_to_bp=- | source_age=1010-1220 cal AD | source_mean_years_bp=885 | period=Norse Period | group=EUD-A | zooarch_status=Domestic | combined_status=Domestic | secondary_zooarch_status=Domestic | published=N | chronology_disposition=refused_context_only_unresolved_age_semantics | domestication_disposition=excluded_unreviewed_domesticated_scope",supplementary_table_row,site_level_localities,,,,,,unknown,false,domesticated_core,This locality is backed by direct sample rows recovered from the supplementary table; chronology remains sample-owned when its records have different dates.,
PRJEB30282,Sus scrofa domesticus,pig,Untervaz-Haselbodensenke,Switzerland,10.1073/pnas.1901169116,https://doi.org/10.1073/pnas.1901169116,,data/adna/governance/source_library/projects/PRJEB30282/archive_metadata.html || data/adna/governance/source_library/papers/10.1073-pnas.1901169116/supplementary/pnas.1901169116.sd01.xlsx,supplementary_spreadsheet_row,sample_accession:SAMEA5160884 || Sheet1!row1057,ENA archive metadata identifies sample SAMEA5160884 as Sus scrofa (tax_id 9823). || AA075 | previous_extraction_code=GL1024 | mtdna_accession=DQ873113 | source=Jörg Schibler | museum_or_sample_code=11 | additional_sample_information=AS Kt. Graubünden | location=Untervaz-Haselbodensenke | country=Switzerland | radiocarbon_lab=- | uncalibrated_date=- | uncalibrated_error=- | calibrated_from_bp=- | calibrated_to_bp=- | source_age=27th - 25th century BC | source_mean_years_bp=4550 | period=Neolithic | group=EUW-A | zooarch_status=Wild | combined_status=Wild | secondary_zooarch_status=Wild | published=Y | chronology_disposition=refused_context_only_unresolved_age_semantics | domestication_disposition=excluded_wild,supplementary_table_row,site_level_localities,,,,,,unknown,false,domesticated_core,This locality is backed by direct sample rows recovered from the supplementary table; chronology remains sample-owned when its records have different dates.,
PRJEB30282,Sus scrofa domesticus,pig,Vinča Belo Brdo,Serbia,10.1073/pnas.1901169116,https://doi.org/10.1073/pnas.1901169116,,data/adna/governance/source_library/projects/PRJEB30282/archive_metadata.html || data/adna/governance/source_library/papers/10.1073-pnas.1901169116/supplementary/pnas.1901169116.sd01.xlsx,supplementary_spreadsheet_row,sample_accession:SAMEA5160916 || Sheet1!row2263,"ENA archive metadata identifies sample SAMEA5160916 as Sus scrofa (tax_id 9823). || AA157 | previous_extraction_code=LG666 | mtdna_accession=- | source=Vesna Dimitrijevic | museum_or_sample_code=BEO BB 03/216/2, D002444 | additional_sample_information=Vinča Culture | location=Vinča Belo Brdo | country=Serbia | radiocarbon_lab=- | uncalibrated_date=- | uncalibrated_error=- | calibrated_from_bp=- | calibrated_to_bp=- | source_age=Mid 5th Millennium BC | source_mean_years_bp=6500 | period=Vinča culture, Late Neolithic | group=BLW-A | zooarch_status=Wild | combined_status=Wild | secondary_zooarch_status=Wild | published=N | chronology_disposition=refused_context_only_unresolved_age_semantics | domestication_disposition=excluded_wild",supplementary_table_row,site_level_localities,,,,,,unknown,false,domesticated_core,This locality is backed by direct sample rows recovered from the supplementary table; chronology remains sample-owned when its records have different dates.,
PRJEB30282,Sus scrofa domesticus,pig,Vlasac,Serbia,10.1073/pnas.1901169116,https://doi.org/10.1073/pnas.1901169116,,data/adna/governance/source_library/projects/PRJEB30282/archive_metadata.html || data/adna/governance/source_library/papers/10.1073-pnas.1901169116/supplementary/pnas.1901169116.sd01.xlsx,supplementary_spreadsheet_row,sample_accession:SAMEA5161164 || Sheet1!row2301,ENA archive metadata identifies sample SAMEA5161164 as Sus scrofa (tax_id 9823). || BLT025 | previous_extraction_code=LG260 | mtdna_accession=- | source=Vesna Dimitrijevic | museum_or_sample_code=BEO VL-233-7 | additional_sample_information=- | location=Vlasac | country=Serbia | radiocarbon_lab=OxA-24689 | uncalibrated_date=8000 | uncalibrated_error=40 | calibrated_from_bp=9009 | calibrated_to_bp=8717 | source_age=Late Mesolithic | source_mean_years_bp=8898 | period=Late Mesolithic | group=BLW-A | zooarch_status=Wild | combined_status=Wild | secondary_zooarch_status=Wild | published=N | chronology_disposition=refused_context_only_unresolved_age_semantics | domestication_disposition=excluded_wild,supplementary_table_row,site_level_localities,,,,,,unknown,false,domesticated_core,This locality is backed by direct sample rows recovered from the supplementary table; chronology remains sample-owned when its records have different dates.,
PRJEB30282,Sus scrofa domesticus,pig,Vărăşti,Romania,10.1073/pnas.1901169116,https://doi.org/10.1073/pnas.1901169116,,data/adna/governance/source_library/projects/PRJEB30282/archive_metadata.html || data/adna/governance/source_library/papers/10.1073-pnas.1901169116/supplementary/pnas.1901169116.sd01.xlsx,supplementary_spreadsheet_row,sample_accession:SAMEA5160882 || Sheet1!row24,ENA archive metadata identifies sample SAMEA5160882 as Sus scrofa (tax_id 9823). || AA068 | previous_extraction_code=GL565 | mtdna_accession=DQ873096 | source=Adrian Bălășescu | museum_or_sample_code=98 | additional_sample_information=- | location=Vărăşti | country=Romania | radiocarbon_lab=- | uncalibrated_date=- | uncalibrated_error=- | calibrated_from_bp=- | calibrated_to_bp=- | source_age=5th Millennium BC? | source_mean_years_bp=6500 | period=Middle to Late Neolithic | group=EUU-A | zooarch_status=Unknown | combined_status=Unknown | secondary_zooarch_status=Unknown | published=Y | chronology_disposition=refused_context_only_unresolved_age_semantics | domestication_disposition=excluded_domestication_unknown,supplementary_table_row,site_level_localities,,,,,,unknown,false,domesticated_core,This locality is backed by direct sample rows recovered from the supplementary table; chronology remains sample-owned when its records have different dates.,
PRJEB30282,Sus scrofa domesticus,pig,Wageningen,Netherlands,10.1073/pnas.1901169116,https://doi.org/10.1073/pnas.1901169116,,data/adna/governance/source_library/projects/PRJEB30282/archive_metadata.html || data/adna/governance/source_library/papers/10.1073-pnas.1901169116/supplementary/pnas.1901169116.sd01.xlsx,supplementary_spreadsheet_row,sample_accession:SAMEA5161070 || Sheet1!row2144,"ENA archive metadata identifies sample SAMEA5161070 as Sus scrofa (tax_id 9823). || AA453 | previous_extraction_code=- | mtdna_accession=- | source=Richard Crooijmans | museum_or_sample_code=SSZOD51, LL3 SSTOD51, D004637 | additional_sample_information=- | location=Wageningen | country=Netherlands | radiocarbon_lab=- | uncalibrated_date=- | uncalibrated_error=- | calibrated_from_bp=- | calibrated_to_bp=- | source_age=Modern | source_mean_years_bp=0 | period=Modern | group=EUU | zooarch_status=Unknown | combined_status=Unknown | secondary_zooarch_status=Unknown | published=N | chronology_disposition=refused_context_only_unresolved_age_semantics | domestication_disposition=excluded_domestication_unknown",supplementary_table_row,site_level_localities,,,,,,unknown,false,domesticated_core,This locality is backed by direct sample rows recovered from the supplementary table; chronology remains sample-owned when its records have different dates.,
PRJEB30282,Sus scrofa domesticus,pig,Zambujal,Portugal,10.1073/pnas.1901169116,https://doi.org/10.1073/pnas.1901169116,,data/adna/governance/source_library/projects/PRJEB30282/archive_metadata.html || data/adna/governance/source_library/papers/10.1073-pnas.1901169116/supplementary/pnas.1901169116.sd01.xlsx,supplementary_spreadsheet_row,sample_accession:SAMEA5161174 || Sheet1!row1597,"ENA archive metadata identifies sample SAMEA5161174 as Sus scrofa (tax_id 9823). || GL454 | previous_extraction_code=- | mtdna_accession=DQ873192 | source=Larson et al. 2007 | museum_or_sample_code=1 / Estremadura Z274 | additional_sample_information=- | location=Zambujal | country=Portugal | radiocarbon_lab=- | uncalibrated_date=- | uncalibrated_error=- | calibrated_from_bp=- | calibrated_to_bp=- | source_age=2,600-1,800 cal. BC? | source_mean_years_bp=4200 | period=Chalcolithic/Early Bronze | group=EUU-A | zooarch_status=Unknown | combined_status=Unknown | secondary_zooarch_status=Unknown | published=Y | chronology_disposition=refused_context_only_unresolved_age_semantics | domestication_disposition=excluded_domestication_unknown",supplementary_table_row,site_level_localities,,,,,,unknown,false,domesticated_core,This locality is backed by direct sample rows recovered from the supplementary table; chronology remains sample-owned when its records have different dates.,
PRJEB30282,Sus scrofa domesticus,pig,Zurich-Mozartstrasse,Switzerland,10.1073/pnas.1901169116,https://doi.org/10.1073/pnas.1901169116,,data/adna/governance/source_library/projects/PRJEB30282/archive_metadata.html || data/adna/governance/source_library/papers/10.1073-pnas.1901169116/supplementary/pnas.1901169116.sd01.xlsx,supplementary_spreadsheet_row,sample_accession:SAMEA5160926 || Sheet1!row1060,ENA archive metadata identifies sample SAMEA5160926 as Sus scrofa (tax_id 9823). || AA200 | previous_extraction_code=GL435 | mtdna_accession=- | source=Jörg Schibler | museum_or_sample_code=6859 | additional_sample_information=AS Kt. Zürich | location=Zurich-Mozartstrasse | country=Switzerland | radiocarbon_lab=- | uncalibrated_date=- | uncalibrated_error=- | calibrated_from_bp=- | calibrated_to_bp=- | source_age=1o (18th century BC cal) | source_mean_years_bp=3700 | period=Bronze Age | group=EUU-A | zooarch_status=Unknown | combined_status=Unknown | secondary_zooarch_status=Unknown | published=N | chronology_disposition=refused_context_only_unresolved_age_semantics | domestication_disposition=excluded_domestication_unknown,supplementary_table_row,site_level_localities,,,,,,unknown,false,domesticated_core,This locality is backed by direct sample rows recovered from the supplementary table; chronology remains sample-owned when its records have different dates.,
PRJEB30282,Sus scrofa domesticus,pig,Zurich-Seefeld,Switzerland,10.1073/pnas.1901169116,https://doi.org/10.1073/pnas.1901169116,,data/adna/governance/source_library/projects/PRJEB30282/archive_metadata.html || data/adna/governance/source_library/papers/10.1073-pnas.1901169116/supplementary/pnas.1901169116.sd01.xlsx,supplementary_spreadsheet_row,sample_accession:SAMEA5160925 || Sheet1!row1073,"ENA archive metadata identifies sample SAMEA5160925 as Sus scrofa (tax_id 9823). || AA197 | previous_extraction_code=GL12 | mtdna_accession=- | source=Jörg Schibler | museum_or_sample_code=SEE724 , S157 (inferred from the bone) 27, D000168 | additional_sample_information=AS Kt. Zürich | location=Zurich-Seefeld | country=Switzerland | radiocarbon_lab=- | uncalibrated_date=- | uncalibrated_error=- | calibrated_from_bp=- | calibrated_to_bp=- | source_age=E (2718-2710 BC cal) | source_mean_years_bp=4714 | period=Late Neolithic | group=EUU-A | zooarch_status=Unknown | combined_status=Unknown | secondary_zooarch_status=Unknown | published=N | chronology_disposition=refused_context_only_unresolved_age_semantics | domestication_disposition=excluded_domestication_unknown",supplementary_table_row,site_level_localities,,,,,,unknown,false,domesticated_core,This locality is backed by direct sample rows recovered from the supplementary table; chronology remains sample-owned when its records have different dates.,
PRJEB30282,Sus scrofa domesticus,pig,Çadır Höyük,Turkey,10.1073/pnas.1901169116,https://doi.org/10.1073/pnas.1901169116,,data/adna/governance/source_library/projects/PRJEB30282/archive_metadata.html || data/adna/governance/source_library/papers/10.1073-pnas.1901169116/supplementary/pnas.1901169116.sd01.xlsx,supplementary_spreadsheet_row,sample_accession:SAMEA5161128 || Sheet1!row484,ENA archive metadata identifies sample SAMEA5161128 as Sus scrofa (tax_id 9823). || AL1105 | previous_extraction_code=- | mtdna_accession=- | source=Ben Arbuckle | museum_or_sample_code=FCN 4499 | additional_sample_information=- | location=Çadır Höyük | country=Turkey | radiocarbon_lab=- | uncalibrated_date=- | uncalibrated_error=- | calibrated_from_bp=- | calibrated_to_bp=- | source_age=3500 BC | source_mean_years_bp=5500 | period=Late Chalcolithic | group=NED-A | zooarch_status=Domestic | combined_status=Domestic | secondary_zooarch_status=Domestic | published=N | chronology_disposition=refused_context_only_unresolved_age_semantics | domestication_disposition=excluded_unreviewed_domesticated_scope,supplementary_table_row,site_level_localities,,,,,,unknown,false,domesticated_core,This locality is backed by direct sample rows recovered from the supplementary table; chronology remains sample-owned when its records have different dates.,
PRJEB30282,Sus scrofa domesticus,pig,Çamlibel Tarlasi,Turkey,10.1073/pnas.1901169116,https://doi.org/10.1073/pnas.1901169116,,data/adna/governance/source_library/projects/PRJEB30282/archive_metadata.html || data/adna/governance/source_library/papers/10.1073-pnas.1901169116/supplementary/pnas.1901169116.sd01.xlsx,supplementary_spreadsheet_row,sample_accession:SAMEA5161157 || Sheet1!row1603,"ENA archive metadata identifies sample SAMEA5161157 as Sus scrofa (tax_id 9823). || BLT015 | previous_extraction_code=LG491 | mtdna_accession=JX894039 | source=László Bartosiewicz | museum_or_sample_code=Boğazköy Museum, Tr | additional_sample_information=- | location=Çamlibel Tarlasi | country=Turkey | radiocarbon_lab=- | uncalibrated_date=- | uncalibrated_error=- | calibrated_from_bp=- | calibrated_to_bp=- | source_age=3590–3470 cal. BC, 1s | source_mean_years_bp=5330 | period=Late Chalcolithic | group=NED-A | zooarch_status=Domestic | combined_status=Domestic | secondary_zooarch_status=Domestic | published=Y | chronology_disposition=refused_context_only_unresolved_age_semantics | domestication_disposition=excluded_unreviewed_domesticated_scope",supplementary_table_row,site_level_localities,,,,,,unknown,false,domesticated_core,This locality is backed by direct sample rows recovered from the supplementary table; chronology remains sample-owned when its records have different dates.,
PRJEB30282,Sus scrofa domesticus,pig,Çayönü Tepesi,Turkey,10.1073/pnas.1901169116,https://doi.org/10.1073/pnas.1901169116,,data/adna/governance/source_library/projects/PRJEB30282/archive_metadata.html || data/adna/governance/source_library/papers/10.1073-pnas.1901169116/supplementary/pnas.1901169116.sd01.xlsx,supplementary_spreadsheet_row,sample_accession:SAMEA5161113 || Sheet1!row975,ENA archive metadata identifies sample SAMEA5161113 as Sus scrofa (tax_id 9823). || AA514 | previous_extraction_code=GL164 | mtdna_accession=- | source=Hitomi Hongo | museum_or_sample_code=GT84 CT348 / Faunal record number: #2718 | additional_sample_information=Context: 18M 1-3 / Female | location=Çayönü Tepesi | country=Turkey | radiocarbon_lab=- | uncalibrated_date=- | uncalibrated_error=- | calibrated_from_bp=- | calibrated_to_bp=- | source_age=7500-6000 cal. BC | source_mean_years_bp=9750 | period=Neolithic but possibly later | group=NEU-A | zooarch_status=Unknown | combined_status=Unknown | secondary_zooarch_status=Unknown | published=N | chronology_disposition=refused_context_only_unresolved_age_semantics | domestication_disposition=excluded_domestication_unknown,supplementary_table_row,site_level_localities,,,,,,unknown,false,domesticated_core,This locality is backed by direct sample rows recovered from the supplementary table; chronology remains sample-owned when its records have different dates.,
