site_id,site_name,country,latitude,longitude,source_url,discovery_readiness,chronology_resolved,chronology_interval_count,chronology_record_count,chronology_kind_count,chronology_kinds,bibliography_count,dataset_count,sample_group_count,physical_sample_count,analysis_entity_count,raa_density_context_count,raa_context_role,current_activity_status,discovery_rank
4805,Björkeröds Mosse,Sweden,56.283333,12.533334,https://browser.sead.se/site/4805,chronology_and_bibliography_ready,True,9,204,3,"[""analysis_entity_age"", ""geochronology"", ""relative_period""]",2,139,1,67,269,6333,coarse_spatial_context_only,not_captured_by_repository_sources,1
4481,Körslättamossen,Sweden,56.091064,13.058268,https://browser.sead.se/site/4481,chronology_and_bibliography_ready,True,12,139,3,"[""analysis_entity_age"", ""geochronology"", ""relative_period""]",2,74,1,67,190,8912,coarse_spatial_context_only,not_captured_by_repository_sources,2
4433,Harnosand,Sweden,62.62332,17.946981,https://browser.sead.se/site/4433,chronology_and_bibliography_ready,True,4,25,3,"[""analysis_entity_age"", ""geochronology"", ""relative_period""]",3,15,1,12,34,3577,coarse_spatial_context_only,not_captured_by_repository_sources,3
4432,Hanö,Sweden,55.7267,14.199779,https://browser.sead.se/site/4432,chronology_and_bibliography_ready,True,16,25,3,"[""analysis_entity_age"", ""geochronology"", ""relative_period""]",2,18,1,9,34,3205,coarse_spatial_context_only,not_captured_by_repository_sources,4
5527,Tåsjö,Sweden,64.5,15.55,https://browser.sead.se/site/5527,chronology_and_bibliography_ready,True,3,18,3,"[""analysis_entity_age"", ""geochronology"", ""relative_period""]",1,14,1,6,24,465,coarse_spatial_context_only,not_captured_by_repository_sources,5
4598,Ranstad,Sweden,57.316666,13.733334,https://browser.sead.se/site/4598,chronology_and_bibliography_ready,True,5,14,3,"[""analysis_entity_age"", ""geochronology"", ""relative_period""]",2,10,1,6,20,8587,coarse_spatial_context_only,not_captured_by_repository_sources,6
4237,Agerod V,Sweden,55.934105,13.400202,https://browser.sead.se/site/4237,chronology_and_bibliography_ready,True,5,5,3,"[""analysis_entity_age"", ""geochronology"", ""relative_period""]",2,6,1,1,6,6654,coarse_spatial_context_only,not_captured_by_repository_sources,7
5379,Nybygget,Sweden,56.956665,14.933056,https://browser.sead.se/site/5379,chronology_and_bibliography_ready,True,5,5,3,"[""analysis_entity_age"", ""geochronology"", ""relative_period""]",2,6,1,1,6,10817,coarse_spatial_context_only,not_captured_by_repository_sources,8
4287,Boliden,Sweden,61.333332,16.366667,https://browser.sead.se/site/4287,chronology_and_bibliography_ready,True,4,5,3,"[""analysis_entity_age"", ""geochronology"", ""relative_period""]",2,5,1,2,7,3464,coarse_spatial_context_only,not_captured_by_repository_sources,9
5135,Valleröds Mosse,Sweden,55.568054,13.817223,https://browser.sead.se/site/5135,chronology_and_bibliography_ready,True,4,4,3,"[""analysis_entity_age"", ""geochronology"", ""relative_period""]",1,5,1,1,5,6654,coarse_spatial_context_only,not_captured_by_repository_sources,10
4776,Bysjön,Sweden,55.683334,13.55,https://browser.sead.se/site/4776,chronology_and_bibliography_ready,True,3,3,3,"[""analysis_entity_age"", ""geochronology"", ""relative_period""]",3,4,1,1,4,6654,coarse_spatial_context_only,not_captured_by_repository_sources,11
4149,Grävsten herrgård,Sweden,58.3515719205,15.8922615755,https://browser.sead.se/site/4149,chronology_and_bibliography_ready,True,89,398,2,"[""dating_range"", ""dendrochronology""]",691,690,6,116,690,9863,coarse_spatial_context_only,not_captured_by_repository_sources,12
3973,Tvartorps gård,Sweden,58.8356707398,15.8465332706,https://browser.sead.se/site/3973,chronology_and_bibliography_ready,True,152,289,2,"[""dating_range"", ""dendrochronology""]",504,504,15,84,504,9863,coarse_spatial_context_only,not_captured_by_repository_sources,13
4022,Sankta Maria kyrka,Sweden,56.0463746463,12.6964463699,https://browser.sead.se/site/4022,chronology_and_bibliography_ready,True,104,265,2,"[""dating_range"", ""dendrochronology""]",450,450,1,75,450,6333,coarse_spatial_context_only,not_captured_by_repository_sources,14
4052,Norra Mellby kyrka,Sweden,56.0487252518,13.7194676553,https://browser.sead.se/site/4052,chronology_and_bibliography_ready,True,216,253,2,"[""dating_range"", ""dendrochronology""]",454,454,2,70,454,8912,coarse_spatial_context_only,not_captured_by_repository_sources,15
4066,Lärbro kyrka,Sweden,57.7871605877,18.7938608719,https://browser.sead.se/site/4066,chronology_and_bibliography_ready,True,109,252,2,"[""dating_range"", ""dendrochronology""]",426,426,1,72,426,13558,coarse_spatial_context_only,not_captured_by_repository_sources,16
3890,Kvarteret Ciselören,Sweden,57.6684137998,14.9702453854,https://browser.sead.se/site/3890,chronology_and_bibliography_ready,True,102,236,2,"[""dating_range"", ""dendrochronology""]",378,378,1,64,378,8067,coarse_spatial_context_only,not_captured_by_repository_sources,17
3924,Ösjöfors handpappersbruk,Sweden,57.7558690113,15.5669247642,https://browser.sead.se/site/3924,chronology_and_bibliography_ready,True,78,232,2,"[""dating_range"", ""dendrochronology""]",406,406,4,58,406,4004,coarse_spatial_context_only,not_captured_by_repository_sources,18
4430,"Håkulls Mosse, Kullaberg",Sweden,56.3,12.533334,https://browser.sead.se/site/4430,chronology_and_bibliography_ready,True,2,228,2,"[""analysis_entity_age"", ""relative_period""]",4,122,4,114,342,6333,coarse_spatial_context_only,not_captured_by_repository_sources,19
4152,Glimmingehus,Sweden,55.5009089705,14.2310562858,https://browser.sead.se/site/4152,chronology_and_bibliography_ready,True,163,221,2,"[""dating_range"", ""dendrochronology""]",548,548,3,85,548,3205,coarse_spatial_context_only,not_captured_by_repository_sources,20
4034,Rogslösa kyrka,Sweden,58.3828598943,14.7435739026,https://browser.sead.se/site/4034,chronology_and_bibliography_ready,True,143,203,2,"[""dating_range"", ""dendrochronology""]",361,360,1,63,360,3815,coarse_spatial_context_only,not_captured_by_repository_sources,21
3906,Hunnebergsgatan,Sweden,58.412078418,15.613317767,https://browser.sead.se/site/3906,chronology_and_bibliography_ready,True,86,186,2,"[""dating_range"", ""dendrochronology""]",434,434,5,67,434,9863,coarse_spatial_context_only,not_captured_by_repository_sources,22
4161,Föllingsö säteri,Sweden,57.9792353144,15.5982792286,https://browser.sead.se/site/4161,chronology_and_bibliography_ready,True,65,169,2,"[""dating_range"", ""dendrochronology""]",258,258,6,43,258,4004,coarse_spatial_context_only,not_captured_by_repository_sources,23
4191,Cramérska huset,Sweden,57.6413266574,18.2957180164,https://browser.sead.se/site/4191,chronology_and_bibliography_ready,True,94,163,2,"[""dating_range"", ""dendrochronology""]",258,258,1,43,258,13558,coarse_spatial_context_only,not_captured_by_repository_sources,24
4049,Norra Åsums kyrka,Sweden,55.9895996121,14.1514451464,https://browser.sead.se/site/4049,chronology_and_bibliography_ready,True,141,161,2,"[""dating_range"", ""dendrochronology""]",335,335,1,50,335,3205,coarse_spatial_context_only,not_captured_by_repository_sources,25
4169,Flöxhult säteri,Sweden,57.0616855739,15.5916708875,https://browser.sead.se/site/4169,chronology_and_bibliography_ready,True,81,156,2,"[""dating_range"", ""dendrochronology""]",319,319,9,49,319,4004,coarse_spatial_context_only,not_captured_by_repository_sources,26
4112,Härnevi kyrka,Sweden,59.7272333569,17.0759149131,https://browser.sead.se/site/4112,chronology_and_bibliography_ready,True,108,153,2,"[""dating_range"", ""dendrochronology""]",318,318,1,49,318,27450,coarse_spatial_context_only,not_captured_by_repository_sources,27
3843,Verksgatan,Sweden,58.1988383361,16.0048511229,https://browser.sead.se/site/3843,chronology_and_bibliography_ready,True,32,148,2,"[""dating_range"", ""dendrochronology""]",204,204,3,34,204,12413,coarse_spatial_context_only,not_captured_by_repository_sources,28
4005,Smedstorp,Sweden,57.9433759312,15.4137172846,https://browser.sead.se/site/4005,chronology_and_bibliography_ready,True,26,142,2,"[""dating_range"", ""dendrochronology""]",222,222,5,37,222,4004,coarse_spatial_context_only,not_captured_by_repository_sources,29
4117,Hunnebergsgatan 30A,Sweden,58.413038648,15.6097230179,https://browser.sead.se/site/4117,chronology_and_bibliography_ready,True,44,136,2,"[""dating_range"", ""dendrochronology""]",292,292,2,44,292,9863,coarse_spatial_context_only,not_captured_by_repository_sources,30
4135,Hammarlunda kyrka,Sweden,55.7370635839,13.438054968,https://browser.sead.se/site/4135,chronology_and_bibliography_ready,True,101,121,2,"[""dating_range"", ""dendrochronology""]",282,282,1,47,282,6654,coarse_spatial_context_only,not_captured_by_repository_sources,31
4165,Fröken Löfgrens gård,Sweden,58.4124597098,15.627324903,https://browser.sead.se/site/4165,chronology_and_bibliography_ready,True,36,121,2,"[""dating_range"", ""dendrochronology""]",234,234,1,69,234,9863,coarse_spatial_context_only,not_captured_by_repository_sources,32
4013,Skarp-Ösby,Sweden,60.0592589036,18.1975051069,https://browser.sead.se/site/4013,chronology_and_bibliography_ready,True,26,118,2,"[""dating_range"", ""dendrochronology""]",168,168,2,28,168,3238,coarse_spatial_context_only,not_captured_by_repository_sources,33
4098,Krapperups borg,Sweden,56.2620769233,12.5302627748,https://browser.sead.se/site/4098,chronology_and_bibliography_ready,True,107,116,2,"[""dating_range"", ""dendrochronology""]",283,283,1,43,283,6333,coarse_spatial_context_only,not_captured_by_repository_sources,34
4172,Fjellskäfte säteri,Sweden,59.1191566711,16.3647591532,https://browser.sead.se/site/4172,chronology_and_bibliography_ready,True,51,110,2,"[""dating_range"", ""dendrochronology""]",203,203,2,29,203,15126,coarse_spatial_context_only,not_captured_by_repository_sources,35
3990,Sundbyviks gård,Sweden,59.4496174411,16.3425451286,https://browser.sead.se/site/3990,chronology_and_bibliography_ready,True,6,108,2,"[""dating_range"", ""dendrochronology""]",162,162,2,27,162,15126,coarse_spatial_context_only,not_captured_by_repository_sources,36
4121,Hovdala slott,Sweden,56.1036848292,13.7137204295,https://browser.sead.se/site/4121,chronology_and_bibliography_ready,True,73,101,2,"[""dating_range"", ""dendrochronology""]",218,217,3,36,217,8912,coarse_spatial_context_only,not_captured_by_repository_sources,37
3900,Ingatorp,Sweden,57.6380382075,15.4073076125,https://browser.sead.se/site/3900,chronology_and_bibliography_ready,True,80,100,2,"[""dating_range"", ""dendrochronology""]",239,239,2,37,239,4004,coarse_spatial_context_only,not_captured_by_repository_sources,38
4222,Bankekinds kyrka,Sweden,58.3760722953,15.8200924421,https://browser.sead.se/site/4222,chronology_and_bibliography_ready,True,74,100,2,"[""dating_range"", ""dendrochronology""]",162,162,1,28,162,9863,coarse_spatial_context_only,not_captured_by_repository_sources,39
4162,Färlövs kyrka,Sweden,56.0741126978,14.083255033,https://browser.sead.se/site/4162,chronology_and_bibliography_ready,True,88,92,2,"[""dating_range"", ""dendrochronology""]",156,156,1,26,156,10817,coarse_spatial_context_only,not_captured_by_repository_sources,40
4039,Perstorps kyrka,Sweden,56.1416136158,13.3867602912,https://browser.sead.se/site/4039,chronology_and_bibliography_ready,True,76,88,2,"[""dating_range"", ""dendrochronology""]",202,202,2,30,202,8912,coarse_spatial_context_only,not_captured_by_repository_sources,41
4164,Furingstads kyrka,Sweden,58.5554415248,16.3444366205,https://browser.sead.se/site/4164,chronology_and_bibliography_ready,True,73,85,2,"[""dating_range"", ""dendrochronology""]",160,160,1,24,160,12413,coarse_spatial_context_only,not_captured_by_repository_sources,42
4014,Skabersjö slott,Sweden,55.5407035295,13.1471592635,https://browser.sead.se/site/4014,chronology_and_bibliography_ready,True,52,84,2,"[""dating_range"", ""dendrochronology""]",188,188,1,28,188,6654,coarse_spatial_context_only,not_captured_by_repository_sources,43
4214,Bjärsjöholms slott,Sweden,55.4534400797,13.7775800683,https://browser.sead.se/site/4214,chronology_and_bibliography_ready,True,58,84,2,"[""dating_range"", ""dendrochronology""]",162,162,1,27,162,6654,coarse_spatial_context_only,not_captured_by_repository_sources,44
3913,Friggestad,Sweden,55.9026716839,13.9326988282,https://browser.sead.se/site/3913,chronology_and_bibliography_ready,True,60,84,2,"[""dating_range"", ""dendrochronology""]",144,144,3,25,144,6654,coarse_spatial_context_only,not_captured_by_repository_sources,45
3994,Stora Köpinge kyrka,Sweden,55.470583297,13.9474727836,https://browser.sead.se/site/3994,chronology_and_bibliography_ready,True,68,82,2,"[""dating_range"", ""dendrochronology""]",168,168,1,30,168,6654,coarse_spatial_context_only,not_captured_by_repository_sources,46
3840,Vippröste,Sweden,58.1240511434,15.4352815847,https://browser.sead.se/site/3840,chronology_and_bibliography_ready,True,12,80,2,"[""dating_range"", ""dendrochronology""]",140,140,1,21,140,9863,coarse_spatial_context_only,not_captured_by_repository_sources,47
4174,Finntorp,Sweden,58.8976171968,15.9373051965,https://browser.sead.se/site/4174,chronology_and_bibliography_ready,True,6,80,2,"[""dating_range"", ""dendrochronology""]",120,120,2,20,120,9863,coarse_spatial_context_only,not_captured_by_repository_sources,48
4137,Halls fiskeläge,Sweden,57.9245583037,18.7442144509,https://browser.sead.se/site/4137,chronology_and_bibliography_ready,True,27,79,2,"[""dating_range"", ""dendrochronology""]",138,138,1,23,138,13558,coarse_spatial_context_only,not_captured_by_repository_sources,49
4080,Lau Kyrka,Sweden,57.2829069812,18.6201900158,https://browser.sead.se/site/4080,chronology_and_bibliography_ready,True,26,77,2,"[""dating_range"", ""dendrochronology""]",120,120,1,20,120,13558,coarse_spatial_context_only,not_captured_by_repository_sources,50
3893,Kvarteret Boktryckaren,Sweden,57.6683956105,14.9693066636,https://browser.sead.se/site/3893,chronology_and_bibliography_ready,True,30,76,2,"[""dating_range"", ""dendrochronology""]",144,144,1,24,144,8067,coarse_spatial_context_only,not_captured_by_repository_sources,51
4130,Hejde kyrka,Sweden,57.41279186,18.346056546,https://browser.sead.se/site/4130,chronology_and_bibliography_ready,True,30,76,2,"[""dating_range"", ""dendrochronology""]",123,123,1,20,123,13558,coarse_spatial_context_only,not_captured_by_repository_sources,52
4032,Rydboholms slott,Sweden,59.4400192467,18.1856597084,https://browser.sead.se/site/4032,chronology_and_bibliography_ready,True,8,76,2,"[""dating_range"", ""dendrochronology""]",115,114,2,19,114,10763,coarse_spatial_context_only,not_captured_by_repository_sources,53
5519,Storasjö,Sweden,56.94389,15.275278,https://browser.sead.se/site/5519,chronology_and_bibliography_ready,True,2,76,2,"[""analysis_entity_age"", ""relative_period""]",2,40,1,38,114,5849,coarse_spatial_context_only,not_captured_by_repository_sources,54
4219,Biskops,Sweden,57.8524433281,19.0470244846,https://browser.sead.se/site/4219,chronology_and_bibliography_ready,True,46,75,2,"[""dating_range"", ""dendrochronology""]",114,114,1,19,114,,coarse_spatial_context_only,not_captured_by_repository_sources,55
4142,Hagebyhöga kyrka,Sweden,58.46746785,14.9747329733,https://browser.sead.se/site/4142,chronology_and_bibliography_ready,True,60,74,2,"[""dating_range"", ""dendrochronology""]",211,211,1,34,211,3815,coarse_spatial_context_only,not_captured_by_repository_sources,56
4143,Hagby kyrka,Sweden,56.5546307122,16.1766390834,https://browser.sead.se/site/4143,chronology_and_bibliography_ready,True,30,72,2,"[""dating_range"", ""dendrochronology""]",132,132,1,22,132,6159,coarse_spatial_context_only,not_captured_by_repository_sources,57
3982,Toresbo,Sweden,56.687873753,15.794011781,https://browser.sead.se/site/3982,chronology_and_bibliography_ready,True,16,72,2,"[""dating_range"", ""dendrochronology""]",102,102,1,17,102,5849,coarse_spatial_context_only,not_captured_by_repository_sources,58
3920,Stockholms Slott,Sweden,59.3268384536,18.0716158312,https://browser.sead.se/site/3920,chronology_and_bibliography_ready,True,44,69,2,"[""dating_range"", ""dendrochronology""]",253,253,1,40,253,10763,coarse_spatial_context_only,not_captured_by_repository_sources,59
4224,Baldringe kyrka,Sweden,55.5299390885,13.8401822932,https://browser.sead.se/site/4224,chronology_and_bibliography_ready,True,32,68,2,"[""dating_range"", ""dendrochronology""]",174,174,1,33,174,6654,coarse_spatial_context_only,not_captured_by_repository_sources,60
4213,Björka kyrka,Sweden,55.656727137,13.6350501242,https://browser.sead.se/site/4213,chronology_and_bibliography_ready,True,56,68,2,"[""dating_range"", ""dendrochronology""]",137,137,1,20,137,6654,coarse_spatial_context_only,not_captured_by_repository_sources,61
3916,Borntorp,Sweden,59.9812361508,18.7313972675,https://browser.sead.se/site/3916,chronology_and_bibliography_ready,True,18,68,2,"[""dating_range"", ""dendrochronology""]",131,131,1,19,131,10763,coarse_spatial_context_only,not_captured_by_repository_sources,62
4212,Bonderups kyrka,Sweden,55.6397157063,13.3565138671,https://browser.sead.se/site/4212,chronology_and_bibliography_ready,True,52,68,2,"[""dating_range"", ""dendrochronology""]",126,126,1,22,126,6654,coarse_spatial_context_only,not_captured_by_repository_sources,63
4054,Noors Herrgård,Sweden,59.8749269109,18.8372757059,https://browser.sead.se/site/4054,chronology_and_bibliography_ready,True,8,68,2,"[""dating_range"", ""dendrochronology""]",123,123,2,19,123,10763,coarse_spatial_context_only,not_captured_by_repository_sources,64
4173,Fivelstad kyrka,Sweden,58.4418912603,15.0022096889,https://browser.sead.se/site/4173,chronology_and_bibliography_ready,True,40,68,2,"[""dating_range"", ""dendrochronology""]",108,108,1,19,108,9863,coarse_spatial_context_only,not_captured_by_repository_sources,65
4146,Gålarmora,Sweden,60.3364979894,18.013698688,https://browser.sead.se/site/4146,chronology_and_bibliography_ready,True,38,68,2,"[""dating_range"", ""dendrochronology""]",102,102,1,17,102,3238,coarse_spatial_context_only,not_captured_by_repository_sources,66
4114,Härads kyrka,Sweden,59.3598703443,16.9092602778,https://browser.sead.se/site/4114,chronology_and_bibliography_ready,True,50,67,2,"[""dating_range"", ""dendrochronology""]",128,128,1,21,128,15126,coarse_spatial_context_only,not_captured_by_repository_sources,67
3834,Tosterup 32:2,Sweden,55.4800716178,13.9867459422,https://browser.sead.se/site/3834,chronology_and_bibliography_ready,True,41,65,2,"[""dating_range"", ""dendrochronology""]",130,130,1,19,130,6654,coarse_spatial_context_only,not_captured_by_repository_sources,68
3987,Särslövs kyrka,Sweden,55.6213576114,13.1598571309,https://browser.sead.se/site/3987,chronology_and_bibliography_ready,True,44,64,2,"[""dating_range"", ""dendrochronology""]",130,130,1,19,130,6654,coarse_spatial_context_only,not_captured_by_repository_sources,69
4036,Resmo kyrka,Sweden,56.5413620819,16.443276332,https://browser.sead.se/site/4036,chronology_and_bibliography_ready,True,59,63,2,"[""dating_range"", ""dendrochronology""]",186,186,1,32,186,6159,coarse_spatial_context_only,not_captured_by_repository_sources,70
4197,Brönnestads kyrka,Sweden,56.0801435964,13.6984040659,https://browser.sead.se/site/4197,chronology_and_bibliography_ready,True,33,62,2,"[""dating_range"", ""dendrochronology""]",119,119,1,18,119,8912,coarse_spatial_context_only,not_captured_by_repository_sources,71
4176,Farhults kyrka,Sweden,56.2140163145,12.7123001788,https://browser.sead.se/site/4176,chronology_and_bibliography_ready,True,41,61,2,"[""dating_range"", ""dendrochronology""]",147,146,1,22,146,6333,coarse_spatial_context_only,not_captured_by_repository_sources,72
3960,Viggesbo säteri,Sweden,57.69034414,15.5156977131,https://browser.sead.se/site/3960,chronology_and_bibliography_ready,True,29,61,2,"[""dating_range"", ""dendrochronology""]",103,103,5,15,103,4004,coarse_spatial_context_only,not_captured_by_repository_sources,73
4205,Bosebo kyrka,Sweden,57.3061935154,13.3510066476,https://browser.sead.se/site/4205,chronology_and_bibliography_ready,True,38,60,2,"[""dating_range"", ""dendrochronology""]",189,189,1,29,189,8587,coarse_spatial_context_only,not_captured_by_repository_sources,74
3956,Visseltofta kyrka,Sweden,56.427730662,13.8564207006,https://browser.sead.se/site/3956,chronology_and_bibliography_ready,True,52,60,2,"[""dating_range"", ""dendrochronology""]",129,129,1,19,129,8912,coarse_spatial_context_only,not_captured_by_repository_sources,75
4078,Lilla Rotsunda,Sweden,59.4860246206,17.9218579973,https://browser.sead.se/site/4078,chronology_and_bibliography_ready,True,6,60,2,"[""dating_range"", ""dendrochronology""]",102,102,1,17,102,27450,coarse_spatial_context_only,not_captured_by_repository_sources,76
4544,"Myrby trask, Tunåsen",Sweden,59.89865,17.623966,https://browser.sead.se/site/4544,chronology_and_bibliography_ready,True,2,60,2,"[""analysis_entity_age"", ""relative_period""]",5,32,1,30,81,27450,coarse_spatial_context_only,not_captured_by_repository_sources,77
3862,Prästtorp,Sweden,58.4028209933,14.8474776891,https://browser.sead.se/site/3862,chronology_and_bibliography_ready,True,43,59,2,"[""dating_range"", ""dendrochronology""]",176,176,1,27,176,3815,coarse_spatial_context_only,not_captured_by_repository_sources,78
4033,Rusthållargården,Sweden,59.616572509,18.4348167539,https://browser.sead.se/site/4033,chronology_and_bibliography_ready,True,20,59,2,"[""dating_range"", ""dendrochronology""]",84,84,1,14,84,10763,coarse_spatial_context_only,not_captured_by_repository_sources,79
4061,Mellby kyrka,Sweden,57.5560526033,15.1079898518,https://browser.sead.se/site/4061,chronology_and_bibliography_ready,True,47,58,2,"[""dating_range"", ""dendrochronology""]",180,180,2,30,180,4004,coarse_spatial_context_only,not_captured_by_repository_sources,80
3886,Kvarteret Guldsmeden,Sweden,57.6675696327,14.9710674526,https://browser.sead.se/site/3886,chronology_and_bibliography_ready,True,42,57,2,"[""dating_range"", ""dendrochronology""]",138,138,2,24,138,8067,coarse_spatial_context_only,not_captured_by_repository_sources,81
4178,Etelhems kyrka,Sweden,57.337221976,18.4958931378,https://browser.sead.se/site/4178,chronology_and_bibliography_ready,True,13,57,2,"[""dating_range"", ""dendrochronology""]",126,126,1,21,126,13558,coarse_spatial_context_only,not_captured_by_repository_sources,82
4202,Bro kyrka,Sweden,57.6700592876,18.4747985406,https://browser.sead.se/site/4202,chronology_and_bibliography_ready,True,18,57,2,"[""dating_range"", ""dendrochronology""]",114,113,1,18,113,13558,coarse_spatial_context_only,not_captured_by_repository_sources,83
3953,Voxtorps kyrka,Sweden,56.5384067914,16.1426361678,https://browser.sead.se/site/3953,chronology_and_bibliography_ready,True,54,56,2,"[""dating_range"", ""dendrochronology""]",108,108,1,18,108,6159,coarse_spatial_context_only,not_captured_by_repository_sources,84
3999,Sproge gamla stavkyrka,Sweden,57.2536558517,18.2109779133,https://browser.sead.se/site/3999,chronology_and_bibliography_ready,True,52,56,2,"[""dating_range"", ""dendrochronology""]",90,90,1,15,90,13558,coarse_spatial_context_only,not_captured_by_repository_sources,85
3942,Västra Nöbbelövs kyrka,Sweden,55.435257265,13.6169241057,https://browser.sead.se/site/3942,chronology_and_bibliography_ready,True,44,56,2,"[""dating_range"", ""dendrochronology""]",90,90,1,15,90,6654,coarse_spatial_context_only,not_captured_by_repository_sources,86
4084,Kärnan,Sweden,56.0482731299,12.6975215329,https://browser.sead.se/site/4084,chronology_and_bibliography_ready,True,33,55,2,"[""dating_range"", ""dendrochronology""]",180,180,1,33,180,6333,coarse_spatial_context_only,not_captured_by_repository_sources,87
3950,Värna kyrka,Sweden,58.3139760359,15.9247175364,https://browser.sead.se/site/3950,chronology_and_bibliography_ready,True,29,55,2,"[""dating_range"", ""dendrochronology""]",115,115,1,17,115,9863,coarse_spatial_context_only,not_captured_by_repository_sources,88
4075,Linderöds kyrka,Sweden,55.9376955798,13.8238972477,https://browser.sead.se/site/4075,chronology_and_bibliography_ready,True,32,54,2,"[""dating_range"", ""dendrochronology""]",145,145,1,22,145,6654,coarse_spatial_context_only,not_captured_by_repository_sources,89
3933,Östensbo,Sweden,60.3339385481,18.0553473546,https://browser.sead.se/site/3933,chronology_and_bibliography_ready,True,20,54,2,"[""dating_range"", ""dendrochronology""]",84,84,1,14,84,3238,coarse_spatial_context_only,not_captured_by_repository_sources,90
4231,Allemora,Sweden,59.623258476,18.459772415,https://browser.sead.se/site/4231,chronology_and_bibliography_ready,True,20,54,2,"[""dating_range"", ""dendrochronology""]",78,78,1,13,78,10763,coarse_spatial_context_only,not_captured_by_repository_sources,91
4177,Fallebo gård,Sweden,57.2825301121,16.4599047102,https://browser.sead.se/site/4177,chronology_and_bibliography_ready,True,21,53,2,"[""dating_range"", ""dendrochronology""]",116,116,1,17,116,8480,coarse_spatial_context_only,not_captured_by_repository_sources,92
4004,Smedstorps slott,Sweden,55.5630381446,14.1077989281,https://browser.sead.se/site/4004,chronology_and_bibliography_ready,True,47,53,2,"[""dating_range"", ""dendrochronology""]",115,115,1,17,115,3205,coarse_spatial_context_only,not_captured_by_repository_sources,93
3940,Väversunda kyrka,Sweden,58.3465756683,14.7105073647,https://browser.sead.se/site/3940,chronology_and_bibliography_ready,True,49,53,2,"[""dating_range"", ""dendrochronology""]",84,84,1,14,84,3815,coarse_spatial_context_only,not_captured_by_repository_sources,94
3998,Steninge slott,Sweden,59.6020978067,17.8044417982,https://browser.sead.se/site/3998,chronology_and_bibliography_ready,True,18,52,2,"[""dating_range"", ""dendrochronology""]",129,129,4,20,129,27450,coarse_spatial_context_only,not_captured_by_repository_sources,95
3883,Kvarteret Kommendanten,Sweden,56.028818534,14.1550941057,https://browser.sead.se/site/3883,chronology_and_bibliography_ready,True,36,52,2,"[""dating_range"", ""dendrochronology""]",114,114,1,19,114,10817,coarse_spatial_context_only,not_captured_by_repository_sources,96
4203,Bredsätra kyrka,Sweden,56.8448438336,16.7938090021,https://browser.sead.se/site/4203,chronology_and_bibliography_ready,True,50,52,2,"[""dating_range"", ""dendrochronology""]",72,72,1,12,72,6159,coarse_spatial_context_only,not_captured_by_repository_sources,97
4044,Näs kyrka,Sweden,57.1101560368,18.2624139623,https://browser.sead.se/site/4044,chronology_and_bibliography_ready,True,19,50,2,"[""dating_range"", ""dendrochronology""]",84,84,1,14,84,13558,coarse_spatial_context_only,not_captured_by_repository_sources,98
4108,Hörsne kyrka,Sweden,57.5585118971,18.5974471903,https://browser.sead.se/site/4108,chronology_and_bibliography_ready,True,42,50,2,"[""dating_range"", ""dendrochronology""]",83,83,1,13,83,13558,coarse_spatial_context_only,not_captured_by_repository_sources,99
3969,Ulriksdals slott,Sweden,59.3882458255,18.0148647054,https://browser.sead.se/site/3969,chronology_and_bibliography_ready,True,32,50,2,"[""dating_range"", ""dendrochronology""]",78,78,1,13,78,10763,coarse_spatial_context_only,not_captured_by_repository_sources,100
4100,Kleva gård,Sweden,59.01385283,17.0847642233,https://browser.sead.se/site/4100,chronology_and_bibliography_ready,True,32,49,2,"[""dating_range"", ""dendrochronology""]",96,96,2,14,96,27450,coarse_spatial_context_only,not_captured_by_repository_sources,101
4081,Lassor,Sweden,57.9708347187,19.2317309103,https://browser.sead.se/site/4081,chronology_and_bibliography_ready,True,12,49,2,"[""dating_range"", ""dendrochronology""]",72,72,1,12,72,,coarse_spatial_context_only,not_captured_by_repository_sources,102
4109,Hörja kyrka,Sweden,56.2056145128,13.5898355804,https://browser.sead.se/site/4109,chronology_and_bibliography_ready,True,42,48,2,"[""dating_range"", ""dendrochronology""]",112,112,1,17,112,8912,coarse_spatial_context_only,not_captured_by_repository_sources,103
4207,Borgmästargården,Sweden,57.6663230944,15.8477446388,https://browser.sead.se/site/4207,chronology_and_bibliography_ready,True,12,48,2,"[""dating_range"", ""dendrochronology""]",96,96,1,14,96,4004,coarse_spatial_context_only,not_captured_by_repository_sources,104
4122,Hossmo kyrka,Sweden,56.6371820488,16.225186553,https://browser.sead.se/site/4122,chronology_and_bibliography_ready,True,44,48,2,"[""dating_range"", ""dendrochronology""]",96,96,1,16,96,6159,coarse_spatial_context_only,not_captured_by_repository_sources,105
4198,Brunsta gård,Sweden,58.780304488,16.9499694894,https://browser.sead.se/site/4198,chronology_and_bibliography_ready,True,26,48,2,"[""dating_range"", ""dendrochronology""]",95,95,3,15,95,12413,coarse_spatial_context_only,not_captured_by_repository_sources,106
4113,Härlövs kyrka,Sweden,56.9613678499,14.6376292336,https://browser.sead.se/site/4113,chronology_and_bibliography_ready,True,46,48,2,"[""dating_range"", ""dendrochronology""]",78,78,1,14,78,10817,coarse_spatial_context_only,not_captured_by_repository_sources,107
4087,Kyrkvärdsgården,Sweden,60.3168837117,17.4959218268,https://browser.sead.se/site/4087,chronology_and_bibliography_ready,True,8,48,2,"[""dating_range"", ""dendrochronology""]",78,78,1,13,78,5060,coarse_spatial_context_only,not_captured_by_repository_sources,108
4091,Kumlaby kyrka,Sweden,58.0551699017,14.3483650835,https://browser.sead.se/site/4091,chronology_and_bibliography_ready,True,38,48,2,"[""dating_range"", ""dendrochronology""]",77,77,1,11,77,3815,coarse_spatial_context_only,not_captured_by_repository_sources,109
3957,Visby domkyrka,Sweden,57.6417959686,18.2980570848,https://browser.sead.se/site/3957,chronology_and_bibliography_ready,True,10,48,2,"[""dating_range"", ""dendrochronology""]",72,72,1,12,72,13558,coarse_spatial_context_only,not_captured_by_repository_sources,110
4905,Stavsåkra,Sweden,57.024166,14.813056,https://browser.sead.se/site/4905,chronology_and_bibliography_ready,True,2,48,2,"[""analysis_entity_age"", ""relative_period""]",4,27,2,69,113,8067,coarse_spatial_context_only,not_captured_by_repository_sources,111
3852,Stora Harrie,Sweden,55.8041967345,13.1735470066,https://browser.sead.se/site/3852,chronology_and_bibliography_ready,True,37,47,2,"[""dating_range"", ""dendrochronology""]",66,66,1,11,66,6654,coarse_spatial_context_only,not_captured_by_repository_sources,112
4171,Fleringe kyrka,Sweden,57.8696514934,18.8770787951,https://browser.sead.se/site/4171,chronology_and_bibliography_ready,True,20,46,2,"[""dating_range"", ""dendrochronology""]",78,78,1,13,78,13558,coarse_spatial_context_only,not_captured_by_repository_sources,113
4011,Skårby kyrka,Sweden,55.4865440236,13.7133457284,https://browser.sead.se/site/4011,chronology_and_bibliography_ready,True,37,45,2,"[""dating_range"", ""dendrochronology""]",138,138,1,26,138,6654,coarse_spatial_context_only,not_captured_by_repository_sources,114
4159,Gamla prästgården,Sweden,55.7923702296,13.204679547,https://browser.sead.se/site/4159,chronology_and_bibliography_ready,True,20,44,2,"[""dating_range"", ""dendrochronology""]",83,83,1,12,83,6654,coarse_spatial_context_only,not_captured_by_repository_sources,115
4215,Bjäresjö kyrka,Sweden,55.4623008363,13.7500069282,https://browser.sead.se/site/4215,chronology_and_bibliography_ready,True,44,44,2,"[""dating_range"", ""dendrochronology""]",78,78,1,14,78,6654,coarse_spatial_context_only,not_captured_by_repository_sources,116
3970,Törnbotten,Sweden,56.6695248019,16.5481613697,https://browser.sead.se/site/3970,chronology_and_bibliography_ready,True,38,44,2,"[""dating_range"", ""dendrochronology""]",78,78,2,14,78,6159,coarse_spatial_context_only,not_captured_by_repository_sources,117
4095,Kråkvik,Sweden,58.0430129509,16.7038344946,https://browser.sead.se/site/4095,chronology_and_bibliography_ready,True,16,44,2,"[""dating_range"", ""dendrochronology""]",77,77,1,11,77,12413,coarse_spatial_context_only,not_captured_by_repository_sources,118
3918,Billsta,Sweden,59.0798667177,17.5123126198,https://browser.sead.se/site/3918,chronology_and_bibliography_ready,True,2,44,2,"[""dating_range"", ""dendrochronology""]",72,72,1,12,72,27450,coarse_spatial_context_only,not_captured_by_repository_sources,119
4220,Berkinge Herrgård,Sweden,60.3698070737,18.0282795601,https://browser.sead.se/site/4220,chronology_and_bibliography_ready,True,2,44,2,"[""dating_range"", ""dendrochronology""]",66,66,1,11,66,3238,coarse_spatial_context_only,not_captured_by_repository_sources,120
4186,Dörby kyrka,Sweden,56.6716229714,16.2331583797,https://browser.sead.se/site/4186,chronology_and_bibliography_ready,True,14,44,2,"[""dating_range"", ""dendrochronology""]",66,66,1,11,66,6159,coarse_spatial_context_only,not_captured_by_repository_sources,121
4127,Hemse kyrka,Sweden,57.2329277258,18.3730658735,https://browser.sead.se/site/4127,chronology_and_bibliography_ready,True,44,44,2,"[""dating_range"", ""dendrochronology""]",66,66,1,11,66,13558,coarse_spatial_context_only,not_captured_by_repository_sources,122
4801,Toppeladugård,Sweden,55.60085,13.364639,https://browser.sead.se/site/4801,chronology_and_bibliography_ready,True,4,44,2,"[""analysis_entity_age"", ""relative_period""]",8,26,2,22,66,6654,coarse_spatial_context_only,not_captured_by_repository_sources,123
4094,Kullerstads kyrka,Sweden,58.5802606909,15.9437001903,https://browser.sead.se/site/4094,chronology_and_bibliography_ready,True,30,43,2,"[""dating_range"", ""dendrochronology""]",106,106,1,16,106,9863,coarse_spatial_context_only,not_captured_by_repository_sources,124
3964,Vamlingbo prästgård,Sweden,56.9692204162,18.2291867481,https://browser.sead.se/site/3964,chronology_and_bibliography_ready,True,18,43,2,"[""dating_range"", ""dendrochronology""]",66,66,1,11,66,,coarse_spatial_context_only,not_captured_by_repository_sources,125
3983,Tingstäde kyrka,Sweden,57.7363463435,18.61508962,https://browser.sead.se/site/3983,chronology_and_bibliography_ready,True,24,43,2,"[""dating_range"", ""dendrochronology""]",60,60,1,10,60,13558,coarse_spatial_context_only,not_captured_by_repository_sources,126
4199,Brunnby kyrka,Sweden,56.2592047646,12.5736108173,https://browser.sead.se/site/4199,chronology_and_bibliography_ready,True,34,41,2,"[""dating_range"", ""dendrochronology""]",136,136,1,22,136,6333,coarse_spatial_context_only,not_captured_by_repository_sources,127
3892,Kvarteret Borgmästaren,Sweden,56.663040622,16.3667343936,https://browser.sead.se/site/3892,chronology_and_bibliography_ready,True,29,41,2,"[""dating_range"", ""dendrochronology""]",88,88,2,13,88,6159,coarse_spatial_context_only,not_captured_by_repository_sources,128
4140,Hall kyrka,Sweden,57.8920701027,18.715963847,https://browser.sead.se/site/4140,chronology_and_bibliography_ready,True,15,41,2,"[""dating_range"", ""dendrochronology""]",78,78,1,13,78,13558,coarse_spatial_context_only,not_captured_by_repository_sources,129
4020,Sigfridsgården,Sweden,58.0836600816,16.4944629982,https://browser.sead.se/site/4020,chronology_and_bibliography_ready,True,10,41,2,"[""dating_range"", ""dendrochronology""]",74,74,3,11,74,12413,coarse_spatial_context_only,not_captured_by_repository_sources,130
3932,Östra ryds kyrka,Sweden,59.4486841128,18.1962528262,https://browser.sead.se/site/3932,chronology_and_bibliography_ready,True,24,40,2,"[""dating_range"", ""dendrochronology""]",118,118,1,18,118,10763,coarse_spatial_context_only,not_captured_by_repository_sources,131
4001,Sonnorps frälsegård,Sweden,58.5253465014,15.0956199379,https://browser.sead.se/site/4001,chronology_and_bibliography_ready,True,20,40,2,"[""dating_range"", ""dendrochronology""]",90,90,3,15,90,9863,coarse_spatial_context_only,not_captured_by_repository_sources,132
4126,Herrestad kyrka,Sweden,58.3899654744,14.8114946006,https://browser.sead.se/site/4126,chronology_and_bibliography_ready,True,38,40,2,"[""dating_range"", ""dendrochronology""]",84,84,1,15,84,3815,coarse_spatial_context_only,not_captured_by_repository_sources,133
3867,Lövö,Sweden,56.982687405,16.4670895041,https://browser.sead.se/site/3867,chronology_and_bibliography_ready,True,18,40,2,"[""dating_range"", ""dendrochronology""]",77,77,1,11,77,6159,coarse_spatial_context_only,not_captured_by_repository_sources,134
4132,Heda hembygdsgård,Sweden,58.2868011797,14.7020076462,https://browser.sead.se/site/4132,chronology_and_bibliography_ready,True,12,40,2,"[""dating_range"", ""dendrochronology""]",76,76,1,11,76,3815,coarse_spatial_context_only,not_captured_by_repository_sources,135
4181,Em's herrgård,Sweden,57.127675854,16.4979303262,https://browser.sead.se/site/4181,chronology_and_bibliography_ready,True,18,40,2,"[""dating_range"", ""dendrochronology""]",70,70,1,10,70,8480,coarse_spatial_context_only,not_captured_by_repository_sources,136
3919,Mjölnargården,Sweden,59.3239915857,18.0969600422,https://browser.sead.se/site/3919,chronology_and_bibliography_ready,True,6,40,2,"[""dating_range"", ""dendrochronology""]",70,70,1,10,70,10763,coarse_spatial_context_only,not_captured_by_repository_sources,137
3978,Tovastugan,Sweden,58.7474760743,17.0144328194,https://browser.sead.se/site/3978,chronology_and_bibliography_ready,True,28,40,2,"[""dating_range"", ""dendrochronology""]",70,70,1,10,70,4303,coarse_spatial_context_only,not_captured_by_repository_sources,138
4040,Pedersborg,Sweden,59.7461323276,18.8157655584,https://browser.sead.se/site/4040,chronology_and_bibliography_ready,True,4,40,2,"[""dating_range"", ""dendrochronology""]",66,66,1,11,66,10763,coarse_spatial_context_only,not_captured_by_repository_sources,139
4157,Gammelgarn kyrka,Sweden,57.4045836353,18.8045670233,https://browser.sead.se/site/4157,chronology_and_bibliography_ready,True,10,40,2,"[""dating_range"", ""dendrochronology""]",60,60,1,10,60,13558,coarse_spatial_context_only,not_captured_by_repository_sources,140
4154,Gimo Herrgård,Sweden,60.1790929337,18.1734389044,https://browser.sead.se/site/4154,chronology_and_bibliography_ready,True,4,40,2,"[""dating_range"", ""dendrochronology""]",60,60,1,10,60,3238,coarse_spatial_context_only,not_captured_by_repository_sources,141
4090,Kummelnäs gård,Sweden,59.351292562,18.2676698306,https://browser.sead.se/site/4090,chronology_and_bibliography_ready,True,14,40,2,"[""dating_range"", ""dendrochronology""]",60,60,1,10,60,10763,coarse_spatial_context_only,not_captured_by_repository_sources,142
4021,Sibbo,Sweden,60.2470811174,17.8295483346,https://browser.sead.se/site/4021,chronology_and_bibliography_ready,True,6,40,2,"[""dating_range"", ""dendrochronology""]",60,60,1,10,60,5060,coarse_spatial_context_only,not_captured_by_repository_sources,143
3965,Valla,Sweden,59.9008131767,18.516524033,https://browser.sead.se/site/3965,chronology_and_bibliography_ready,True,30,40,2,"[""dating_range"", ""dendrochronology""]",60,60,1,10,60,10763,coarse_spatial_context_only,not_captured_by_repository_sources,144
4569,Oskarshamn wreck,Sweden,57.2849,16.483486,https://browser.sead.se/site/4569,chronology_and_bibliography_ready,True,6,40,2,"[""analysis_entity_age"", ""relative_period""]",2,32,1,10,50,8480,coarse_spatial_context_only,not_captured_by_repository_sources,145
4048,Norrby,Sweden,60.2941280435,18.1089948739,https://browser.sead.se/site/4048,chronology_and_bibliography_ready,True,14,39,2,"[""dating_range"", ""dendrochronology""]",60,60,1,10,60,3238,coarse_spatial_context_only,not_captured_by_repository_sources,146
4060,Mortorps kyrka,Sweden,56.5883680818,16.0848067211,https://browser.sead.se/site/4060,chronology_and_bibliography_ready,True,5,38,2,"[""dating_range"", ""dendrochronology""]",78,78,1,13,78,6159,coarse_spatial_context_only,not_captured_by_repository_sources,147
3838,Väster Lakbäck,Sweden,60.1743047169,16.9659864264,https://browser.sead.se/site/3838,chronology_and_bibliography_ready,True,23,38,2,"[""dating_range"", ""dendrochronology""]",77,77,1,11,77,4239,coarse_spatial_context_only,not_captured_by_repository_sources,148
4009,Slevringe gård,Sweden,58.2027733697,15.9603993335,https://browser.sead.se/site/4009,chronology_and_bibliography_ready,True,26,38,2,"[""dating_range"", ""dendrochronology""]",72,72,1,11,72,9863,coarse_spatial_context_only,not_captured_by_repository_sources,149
4089,Kungsholms kyrka/Ulrika Eleonora kyrka,Sweden,59.3289201851,18.0488017984,https://browser.sead.se/site/4089,chronology_and_bibliography_ready,True,22,38,2,"[""dating_range"", ""dendrochronology""]",66,66,1,11,66,10763,coarse_spatial_context_only,not_captured_by_repository_sources,150
4193,Burs kyrka,Sweden,57.2456587785,18.508769627,https://browser.sead.se/site/4193,chronology_and_bibliography_ready,True,32,38,2,"[""dating_range"", ""dendrochronology""]",60,60,1,10,60,13558,coarse_spatial_context_only,not_captured_by_repository_sources,151
4012,Skeppsås kyrka,Sweden,58.453699333,15.2315984439,https://browser.sead.se/site/4012,chronology_and_bibliography_ready,True,25,37,2,"[""dating_range"", ""dendrochronology""]",129,129,1,22,129,9863,coarse_spatial_context_only,not_captured_by_repository_sources,152
4200,Bromma kyrka,Sweden,55.470354386,13.8013871193,https://browser.sead.se/site/4200,chronology_and_bibliography_ready,True,27,37,2,"[""dating_range"", ""dendrochronology""]",102,102,1,22,102,6654,coarse_spatial_context_only,not_captured_by_repository_sources,153
3825,75533 Örsjö,Sweden,56.6844593966,15.7263416363,https://browser.sead.se/site/3825,chronology_and_bibliography_ready,True,32,37,2,"[""dating_range"", ""dendrochronology""]",94,94,1,16,94,5849,coarse_spatial_context_only,not_captured_by_repository_sources,154
4043,Nääs gård,Sweden,57.9527626474,15.1425988749,https://browser.sead.se/site/4043,chronology_and_bibliography_ready,True,18,37,2,"[""dating_range"", ""dendrochronology""]",70,70,1,10,70,4004,coarse_spatial_context_only,not_captured_by_repository_sources,155
4227,Arby kyrka,Sweden,56.5667765411,16.1224000967,https://browser.sead.se/site/4227,chronology_and_bibliography_ready,True,32,36,2,"[""dating_range"", ""dendrochronology""]",228,228,1,38,228,6159,coarse_spatial_context_only,not_captured_by_repository_sources,156
4201,Broarps gästgiveri,Sweden,57.6347443674,14.8676935405,https://browser.sead.se/site/4201,chronology_and_bibliography_ready,True,26,36,2,"[""dating_range"", ""dendrochronology""]",73,73,1,13,73,8067,coarse_spatial_context_only,not_captured_by_repository_sources,157
3902,Högsjö gård,Sweden,59.0303156826,15.6846029132,https://browser.sead.se/site/3902,chronology_and_bibliography_ready,True,4,36,2,"[""dating_range"", ""dendrochronology""]",69,69,2,10,69,3873,coarse_spatial_context_only,not_captured_by_repository_sources,158
3858,Sandemar,Sweden,59.1308438944,18.3681539736,https://browser.sead.se/site/3858,chronology_and_bibliography_ready,True,26,36,2,"[""dating_range"", ""dendrochronology""]",66,66,1,11,66,10763,coarse_spatial_context_only,not_captured_by_repository_sources,159
3943,Västra Klagstorps kyrka,Sweden,55.5281739447,12.9947204671,https://browser.sead.se/site/3943,chronology_and_bibliography_ready,True,36,36,2,"[""dating_range"", ""dendrochronology""]",66,66,1,11,66,1226,coarse_spatial_context_only,not_captured_by_repository_sources,160
3925,Biby säteri,Sweden,59.2985850114,16.361841554,https://browser.sead.se/site/3925,chronology_and_bibliography_ready,True,20,36,2,"[""dating_range"", ""dendrochronology""]",63,63,1,9,63,15126,coarse_spatial_context_only,not_captured_by_repository_sources,161
3873,Kvarteret Vaxblekaren,Sweden,57.6677943959,14.9719557061,https://browser.sead.se/site/3873,chronology_and_bibliography_ready,True,16,36,2,"[""dating_range"", ""dendrochronology""]",63,63,1,9,63,8067,coarse_spatial_context_only,not_captured_by_repository_sources,162
4035,Ristomta gård,Sweden,58.9867577024,17.8041573423,https://browser.sead.se/site/4035,chronology_and_bibliography_ready,True,4,36,2,"[""dating_range"", ""dendrochronology""]",63,63,1,9,63,4303,coarse_spatial_context_only,not_captured_by_repository_sources,163
3856,Skrickerum,Sweden,58.1512730179,16.416873182,https://browser.sead.se/site/3856,chronology_and_bibliography_ready,True,24,36,2,"[""dating_range"", ""dendrochronology""]",63,63,1,9,63,12413,coarse_spatial_context_only,not_captured_by_repository_sources,164
3980,Torpa prästgård,Sweden,57.9634423864,15.1426074673,https://browser.sead.se/site/3980,chronology_and_bibliography_ready,True,6,36,2,"[""dating_range"", ""dendrochronology""]",63,63,2,9,63,4004,coarse_spatial_context_only,not_captured_by_repository_sources,165
4027,Sandby prästgård,Sweden,56.8769833036,16.8243131497,https://browser.sead.se/site/4027,chronology_and_bibliography_ready,True,32,36,2,"[""dating_range"", ""dendrochronology""]",60,60,1,11,60,6159,coarse_spatial_context_only,not_captured_by_repository_sources,166
3935,Örs kyrka,Sweden,56.9948172027,14.6748643969,https://browser.sead.se/site/3935,chronology_and_bibliography_ready,True,30,36,2,"[""dating_range"", ""dendrochronology""]",60,60,1,12,60,10817,coarse_spatial_context_only,not_captured_by_repository_sources,167
4179,Eriksöre,Sweden,56.6085306117,16.4788957813,https://browser.sead.se/site/4179,chronology_and_bibliography_ready,True,36,36,2,"[""dating_range"", ""dendrochronology""]",54,54,1,9,54,6159,coarse_spatial_context_only,not_captured_by_repository_sources,168
3846,Torhult,Sweden,56.4844293717,15.7508352053,https://browser.sead.se/site/3846,chronology_and_bibliography_ready,True,8,36,2,"[""dating_range"", ""dendrochronology""]",54,54,1,9,54,5849,coarse_spatial_context_only,not_captured_by_repository_sources,169
4228,Appelbergska magasinet,Sweden,59.756832605,18.7068083482,https://browser.sead.se/site/4228,chronology_and_bibliography_ready,True,9,35,2,"[""dating_range"", ""dendrochronology""]",88,88,1,13,88,10763,coarse_spatial_context_only,not_captured_by_repository_sources,170
4037,Ravlunda kyrka,Sweden,55.7137487946,14.1508450575,https://browser.sead.se/site/4037,chronology_and_bibliography_ready,True,30,33,2,"[""dating_range"", ""dendrochronology""]",102,102,1,17,102,3205,coarse_spatial_context_only,not_captured_by_repository_sources,171
3937,Önsbo,Sweden,60.4588287576,17.960450914,https://browser.sead.se/site/3937,chronology_and_bibliography_ready,True,8,33,2,"[""dating_range"", ""dendrochronology""]",78,78,1,13,78,5060,coarse_spatial_context_only,not_captured_by_repository_sources,172
4041,Ottenby kungsgård,Sweden,56.2324481195,16.4131022179,https://browser.sead.se/site/4041,chronology_and_bibliography_ready,True,21,33,2,"[""dating_range"", ""dendrochronology""]",74,73,1,11,73,6159,coarse_spatial_context_only,not_captured_by_repository_sources,173
4110,Hönstorp,Sweden,56.6625014058,16.5529641114,https://browser.sead.se/site/4110,chronology_and_bibliography_ready,True,19,33,2,"[""dating_range"", ""dendrochronology""]",60,60,1,10,60,6159,coarse_spatial_context_only,not_captured_by_repository_sources,174
4051,Norra Rörums kyrka,Sweden,56.0203410643,13.5107429543,https://browser.sead.se/site/4051,chronology_and_bibliography_ready,True,25,33,2,"[""dating_range"", ""dendrochronology""]",56,56,1,8,56,8912,coarse_spatial_context_only,not_captured_by_repository_sources,175
3833,12051 Bro,Sweden,57.6698565725,18.4661389697,https://browser.sead.se/site/3833,chronology_and_bibliography_ready,True,24,33,2,"[""dating_range"", ""dendrochronology""]",54,54,1,10,54,13558,coarse_spatial_context_only,not_captured_by_repository_sources,176
4170,Flistads kyrka,Sweden,58.4756256101,15.4129405934,https://browser.sead.se/site/4170,chronology_and_bibliography_ready,True,32,32,2,"[""dating_range"", ""dendrochronology""]",156,156,1,26,156,9863,coarse_spatial_context_only,not_captured_by_repository_sources,177
3837,Åby,Sweden,56.0570831082,14.4880012647,https://browser.sead.se/site/3837,chronology_and_bibliography_ready,True,20,32,2,"[""dating_range"", ""dendrochronology""]",74,74,1,11,74,10817,coarse_spatial_context_only,not_captured_by_repository_sources,178
4120,Hovs kyrka,Sweden,58.37878837,14.9183533241,https://browser.sead.se/site/4120,chronology_and_bibliography_ready,True,26,32,2,"[""dating_range"", ""dendrochronology""]",66,66,1,11,66,3815,coarse_spatial_context_only,not_captured_by_repository_sources,179
3963,Vanserum,Sweden,56.6902758413,16.6648810588,https://browser.sead.se/site/3963,chronology_and_bibliography_ready,True,30,32,2,"[""dating_range"", ""dendrochronology""]",66,66,1,11,66,6159,coarse_spatial_context_only,not_captured_by_repository_sources,180
4188,Djursnäs säteri,Sweden,58.9251999602,17.8122643018,https://browser.sead.se/site/4188,chronology_and_bibliography_ready,True,12,32,2,"[""dating_range"", ""dendrochronology""]",61,61,2,9,61,4303,coarse_spatial_context_only,not_captured_by_repository_sources,181
3977,Trehörna säteri,Sweden,58.1525781452,14.8366734133,https://browser.sead.se/site/3977,chronology_and_bibliography_ready,True,6,32,2,"[""dating_range"", ""dendrochronology""]",60,60,1,10,60,3815,coarse_spatial_context_only,not_captured_by_repository_sources,182
4141,Hakarps kyrka,Sweden,57.796370601,14.3113491593,https://browser.sead.se/site/4141,chronology_and_bibliography_ready,True,20,32,2,"[""dating_range"", ""dendrochronology""]",56,56,1,8,56,8067,coarse_spatial_context_only,not_captured_by_repository_sources,183
3898,Karkebo,Sweden,60.2495692205,17.8630769664,https://browser.sead.se/site/3898,chronology_and_bibliography_ready,True,8,32,2,"[""dating_range"", ""dendrochronology""]",56,56,1,8,56,5060,coarse_spatial_context_only,not_captured_by_repository_sources,184
3901,Ilnestorp,Sweden,55.9122321444,13.9472829936,https://browser.sead.se/site/3901,chronology_and_bibliography_ready,True,30,32,2,"[""dating_range"", ""dendrochronology""]",48,48,2,10,48,6654,coarse_spatial_context_only,not_captured_by_repository_sources,185
3949,Väsby kvarn,Sweden,59.5330507391,18.067232364,https://browser.sead.se/site/3949,chronology_and_bibliography_ready,True,12,32,2,"[""dating_range"", ""dendrochronology""]",48,48,1,8,48,10763,coarse_spatial_context_only,not_captured_by_repository_sources,186
4064,Löts kyrka,Sweden,56.9181649388,16.837723756,https://browser.sead.se/site/4064,chronology_and_bibliography_ready,True,31,31,2,"[""dating_range"", ""dendrochronology""]",66,66,1,11,66,6159,coarse_spatial_context_only,not_captured_by_repository_sources,187
4102,Kisa hotell och konferens,Sweden,57.9869621622,15.6367139929,https://browser.sead.se/site/4102,chronology_and_bibliography_ready,True,20,30,2,"[""dating_range"", ""dendrochronology""]",55,55,1,11,55,4004,coarse_spatial_context_only,not_captured_by_repository_sources,188
3986,Södermanland-Nerikes nation,Sweden,59.858988942,17.6288659692,https://browser.sead.se/site/3986,chronology_and_bibliography_ready,True,20,29,2,"[""dating_range"", ""dendrochronology""]",78,78,1,13,78,27450,coarse_spatial_context_only,not_captured_by_repository_sources,189
3921,Hessensteinska huset,Sweden,59.3252796064,18.0645470173,https://browser.sead.se/site/3921,chronology_and_bibliography_ready,True,24,29,2,"[""dating_range"", ""dendrochronology""]",72,72,1,12,72,10763,coarse_spatial_context_only,not_captured_by_repository_sources,190
4000,Spargott,Sweden,55.9426474373,12.9631975336,https://browser.sead.se/site/4000,chronology_and_bibliography_ready,True,12,29,2,"[""dating_range"", ""dendrochronology""]",55,55,2,8,55,1226,coarse_spatial_context_only,not_captured_by_repository_sources,191
4147,Guldrupe kyrka,Sweden,57.4303913604,18.4266631287,https://browser.sead.se/site/4147,chronology_and_bibliography_ready,True,20,28,2,"[""dating_range"", ""dendrochronology""]",149,149,1,24,149,13558,coarse_spatial_context_only,not_captured_by_repository_sources,192
3828,75549 Nybro,Sweden,56.7376874617,15.9333443683,https://browser.sead.se/site/3828,chronology_and_bibliography_ready,True,26,28,2,"[""dating_range"", ""dendrochronology""]",138,138,1,23,138,5849,coarse_spatial_context_only,not_captured_by_repository_sources,193
4105,Kaga kyrka,Sweden,58.4532111432,15.529385322,https://browser.sead.se/site/4105,chronology_and_bibliography_ready,True,21,28,2,"[""dating_range"", ""dendrochronology""]",114,114,1,19,114,9863,coarse_spatial_context_only,not_captured_by_repository_sources,194
3958,Vireda kyrka,Sweden,57.915504815,14.6333559785,https://browser.sead.se/site/3958,chronology_and_bibliography_ready,True,28,28,2,"[""dating_range"", ""dendrochronology""]",103,103,1,16,103,8067,coarse_spatial_context_only,not_captured_by_repository_sources,195
3922,Wrangelska palatset,Sweden,59.3251154621,18.0627386877,https://browser.sead.se/site/3922,chronology_and_bibliography_ready,True,18,28,2,"[""dating_range"", ""dendrochronology""]",102,102,1,16,102,10763,coarse_spatial_context_only,not_captured_by_repository_sources,196
4194,Burmeisterska huset,Sweden,57.6392324458,18.2915723418,https://browser.sead.se/site/4194,chronology_and_bibliography_ready,True,20,28,2,"[""dating_range"", ""dendrochronology""]",78,78,1,13,78,13558,coarse_spatial_context_only,not_captured_by_repository_sources,197
4071,Lopperstad,Sweden,56.6863049239,16.6934905697,https://browser.sead.se/site/4071,chronology_and_bibliography_ready,True,26,28,2,"[""dating_range"", ""dendrochronology""]",78,78,1,13,78,6159,coarse_spatial_context_only,not_captured_by_repository_sources,198
3938,Älvestads kyrka,Sweden,58.4457789678,15.2964228007,https://browser.sead.se/site/3938,chronology_and_bibliography_ready,True,20,28,2,"[""dating_range"", ""dendrochronology""]",67,67,1,10,67,9863,coarse_spatial_context_only,not_captured_by_repository_sources,199
4125,Hester gamla gästgiveri,Sweden,58.1545506911,14.992625859,https://browser.sead.se/site/4125,chronology_and_bibliography_ready,True,10,28,2,"[""dating_range"", ""dendrochronology""]",65,65,2,10,65,3815,coarse_spatial_context_only,not_captured_by_repository_sources,200
4083,Kävlinge gamla kyrka,Sweden,55.7904585547,13.1060322317,https://browser.sead.se/site/4083,chronology_and_bibliography_ready,True,28,28,2,"[""dating_range"", ""dendrochronology""]",61,61,1,9,61,6654,coarse_spatial_context_only,not_captured_by_repository_sources,201
4230,Alskogs kyrka,Sweden,57.3315279724,18.627353896,https://browser.sead.se/site/4230,chronology_and_bibliography_ready,True,7,28,2,"[""dating_range"", ""dendrochronology""]",60,60,1,10,60,13558,coarse_spatial_context_only,not_captured_by_repository_sources,202
4189,Dalby kyrka,Sweden,55.6643446666,13.3441935422,https://browser.sead.se/site/4189,chronology_and_bibliography_ready,True,27,28,2,"[""dating_range"", ""dendrochronology""]",59,59,1,9,59,6654,coarse_spatial_context_only,not_captured_by_repository_sources,203
4070,Lunds domkyrka,Sweden,55.7041071246,13.1934823315,https://browser.sead.se/site/4070,chronology_and_bibliography_ready,True,18,28,2,"[""dating_range"", ""dendrochronology""]",55,55,1,8,55,6654,coarse_spatial_context_only,not_captured_by_repository_sources,204
3959,Villie kyrka,Sweden,55.4790114805,13.5977963404,https://browser.sead.se/site/3959,chronology_and_bibliography_ready,True,14,28,2,"[""dating_range"", ""dendrochronology""]",54,54,1,9,54,6654,coarse_spatial_context_only,not_captured_by_repository_sources,205
4206,Bosarp,Sweden,56.3232396441,14.1353757535,https://browser.sead.se/site/4206,chronology_and_bibliography_ready,True,28,28,2,"[""dating_range"", ""dendrochronology""]",51,51,1,8,51,10817,coarse_spatial_context_only,not_captured_by_repository_sources,206
3888,Kvarteret Färgaren,Sweden,57.6689523502,14.9685853665,https://browser.sead.se/site/3888,chronology_and_bibliography_ready,True,18,28,2,"[""dating_range"", ""dendrochronology""]",49,49,1,7,49,8067,coarse_spatial_context_only,not_captured_by_repository_sources,207
3997,Stensjö,Sweden,58.9697934324,16.3298735473,https://browser.sead.se/site/3997,chronology_and_bibliography_ready,True,6,28,2,"[""dating_range"", ""dendrochronology""]",49,49,1,7,49,12413,coarse_spatial_context_only,not_captured_by_repository_sources,208
4190,Dalby kungsgård,Sweden,55.6645794767,13.3442790198,https://browser.sead.se/site/4190,chronology_and_bibliography_ready,True,28,28,2,"[""dating_range"", ""dendrochronology""]",48,48,1,9,48,6654,coarse_spatial_context_only,not_captured_by_repository_sources,209
4067,Länsmansgården,Sweden,59.4934711749,18.3284417206,https://browser.sead.se/site/4067,chronology_and_bibliography_ready,True,18,28,2,"[""dating_range"", ""dendrochronology""]",45,45,1,7,45,10763,coarse_spatial_context_only,not_captured_by_repository_sources,210
3917,Björkenäs,Sweden,57.7879896964,15.8513684344,https://browser.sead.se/site/3917,chronology_and_bibliography_ready,True,18,28,2,"[""dating_range"", ""dendrochronology""]",42,42,1,7,42,4004,coarse_spatial_context_only,not_captured_by_repository_sources,211
3896,Krogsfall,Sweden,58.0468080488,15.6153996599,https://browser.sead.se/site/3896,chronology_and_bibliography_ready,True,2,28,2,"[""dating_range"", ""dendrochronology""]",42,42,1,7,42,9863,coarse_spatial_context_only,not_captured_by_repository_sources,212
4058,Måcketorpsboden,Sweden,57.1672248969,15.3526086089,https://browser.sead.se/site/4058,chronology_and_bibliography_ready,True,27,28,2,"[""dating_range"", ""dendrochronology""]",42,42,1,6,42,4004,coarse_spatial_context_only,not_captured_by_repository_sources,213
3967,Vadstena rådhus,Sweden,58.4471680385,14.8876316008,https://browser.sead.se/site/3967,chronology_and_bibliography_ready,True,16,27,2,"[""dating_range"", ""dendrochronology""]",36,36,1,6,36,3815,coarse_spatial_context_only,not_captured_by_repository_sources,214
3817,75525 Småland,Sweden,57.0999947302,14.8833206377,https://browser.sead.se/site/3817,chronology_and_bibliography_ready,True,16,26,2,"[""dating_range"", ""dendrochronology""]",46,46,1,8,46,8067,coarse_spatial_context_only,not_captured_by_repository_sources,215
3884,Kvarteret Kassamannen,Sweden,57.6704795196,14.969154026,https://browser.sead.se/site/3884,chronology_and_bibliography_ready,True,20,26,2,"[""dating_range"", ""dendrochronology""]",36,36,1,6,36,8067,coarse_spatial_context_only,not_captured_by_repository_sources,216
4050,Norra Solberga gamla kyrka,Sweden,57.7216499252,14.8437225965,https://browser.sead.se/site/4050,chronology_and_bibliography_ready,True,25,25,2,"[""dating_range"", ""dendrochronology""]",65,65,1,10,65,8067,coarse_spatial_context_only,not_captured_by_repository_sources,217
3975,Tumbo kyrka,Sweden,59.4259717935,16.3388589456,https://browser.sead.se/site/3975,chronology_and_bibliography_ready,True,25,25,2,"[""dating_range"", ""dendrochronology""]",54,54,1,9,54,15126,coarse_spatial_context_only,not_captured_by_repository_sources,218
3971,Tångerda gård,Sweden,57.4625230012,15.0716759291,https://browser.sead.se/site/3971,chronology_and_bibliography_ready,True,12,25,2,"[""dating_range"", ""dendrochronology""]",54,54,3,8,54,4004,coarse_spatial_context_only,not_captured_by_repository_sources,219
4101,Kista hembygdsgård,Sweden,59.9594680567,18.8475983058,https://browser.sead.se/site/4101,chronology_and_bibliography_ready,True,10,25,2,"[""dating_range"", ""dendrochronology""]",42,42,2,6,42,10763,coarse_spatial_context_only,not_captured_by_repository_sources,220
4144,Gärdslösa kyrka,Sweden,56.7935501423,16.7376193603,https://browser.sead.se/site/4144,chronology_and_bibliography_ready,True,24,24,2,"[""dating_range"", ""dendrochronology""]",96,96,1,16,96,6159,coarse_spatial_context_only,not_captured_by_repository_sources,221
4123,Horns kyrka,Sweden,57.9010708522,15.8381807879,https://browser.sead.se/site/4123,chronology_and_bibliography_ready,True,22,24,2,"[""dating_range"", ""dendrochronology""]",84,84,1,14,84,4004,coarse_spatial_context_only,not_captured_by_repository_sources,222
4106,Jönköpings regemente,Sweden,57.7658874387,14.1974942821,https://browser.sead.se/site/4106,chronology_and_bibliography_ready,True,22,24,2,"[""dating_range"", ""dendrochronology""]",66,66,1,11,66,8067,coarse_spatial_context_only,not_captured_by_repository_sources,223
3894,Kvarteret Almen,Sweden,57.7822875189,14.1719727915,https://browser.sead.se/site/3894,chronology_and_bibliography_ready,True,12,24,2,"[""dating_range"", ""dendrochronology""]",60,60,1,9,60,8067,coarse_spatial_context_only,not_captured_by_repository_sources,224
3911,Föra,Sweden,57.0217696502,16.866672345,https://browser.sead.se/site/3911,chronology_and_bibliography_ready,True,18,24,2,"[""dating_range"", ""dendrochronology""]",56,56,1,9,56,8480,coarse_spatial_context_only,not_captured_by_repository_sources,225
3995,Stora Kolfly,Sweden,56.668258298,15.7252303996,https://browser.sead.se/site/3995,chronology_and_bibliography_ready,True,18,24,2,"[""dating_range"", ""dendrochronology""]",54,54,2,9,54,5849,coarse_spatial_context_only,not_captured_by_repository_sources,226
4195,Burlövs gamla kyrka,Sweden,55.6366912361,13.1132212027,https://browser.sead.se/site/4195,chronology_and_bibliography_ready,True,24,24,2,"[""dating_range"", ""dendrochronology""]",53,53,1,8,53,6654,coarse_spatial_context_only,not_captured_by_repository_sources,227
3831,75246 Eksjö,Sweden,57.6939534023,14.9827888955,https://browser.sead.se/site/3831,chronology_and_bibliography_ready,True,24,24,2,"[""dating_range"", ""dendrochronology""]",48,48,1,8,48,8067,coarse_spatial_context_only,not_captured_by_repository_sources,228
3929,Östrabo biskopsgård,Sweden,56.8796868193,14.8186359964,https://browser.sead.se/site/3929,chronology_and_bibliography_ready,True,12,24,2,"[""dating_range"", ""dendrochronology""]",48,48,1,7,48,10817,coarse_spatial_context_only,not_captured_by_repository_sources,229
4107,Janssongården,Sweden,59.1678809041,18.2375194949,https://browser.sead.se/site/4107,chronology_and_bibliography_ready,True,6,24,2,"[""dating_range"", ""dendrochronology""]",42,42,1,6,42,10763,coarse_spatial_context_only,not_captured_by_repository_sources,230
3889,Kvarteret Fältskären,Sweden,56.6617207235,16.3633745572,https://browser.sead.se/site/3889,chronology_and_bibliography_ready,True,2,24,2,"[""dating_range"", ""dendrochronology""]",42,42,1,6,42,6159,coarse_spatial_context_only,not_captured_by_repository_sources,231
3876,Kvarteret Skonaren,Sweden,57.7606213966,16.6356561089,https://browser.sead.se/site/3876,chronology_and_bibliography_ready,True,6,24,2,"[""dating_range"", ""dendrochronology""]",42,42,1,6,42,8480,coarse_spatial_context_only,not_captured_by_repository_sources,232
4077,Lilla Rätö gård,Sweden,57.8528391698,16.5862815869,https://browser.sead.se/site/4077,chronology_and_bibliography_ready,True,4,24,2,"[""dating_range"", ""dendrochronology""]",42,42,1,6,42,8480,coarse_spatial_context_only,not_captured_by_repository_sources,233
3848,Svaneberg,Sweden,56.67043776,16.3156127792,https://browser.sead.se/site/3848,chronology_and_bibliography_ready,True,2,24,2,"[""dating_range"", ""dendrochronology""]",42,42,1,6,42,6159,coarse_spatial_context_only,not_captured_by_repository_sources,234
3845,Uggelbo,Sweden,59.920988305,17.1302683973,https://browser.sead.se/site/3845,chronology_and_bibliography_ready,True,6,24,2,"[""dating_range"", ""dendrochronology""]",42,42,1,6,42,27450,coarse_spatial_context_only,not_captured_by_repository_sources,235
3927,Övraby kyrka,Sweden,55.5033468311,13.9526785727,https://browser.sead.se/site/3927,chronology_and_bibliography_ready,True,14,24,2,"[""dating_range"", ""dendrochronology""]",42,42,1,6,42,6654,coarse_spatial_context_only,not_captured_by_repository_sources,236
3822,75710 Jönköping,Sweden,57.5320112095,14.4060082223,https://browser.sead.se/site/3822,chronology_and_bibliography_ready,True,8,24,2,"[""dating_range"", ""dendrochronology""]",36,36,1,6,36,8067,coarse_spatial_context_only,not_captured_by_repository_sources,237
4024,Sankt Lars kyrka,Sweden,58.4113830519,15.6252519646,https://browser.sead.se/site/4024,chronology_and_bibliography_ready,True,24,24,2,"[""dating_range"", ""dendrochronology""]",36,36,1,6,36,9863,coarse_spatial_context_only,not_captured_by_repository_sources,238
3857,Skedshult,Sweden,58.0836600816,16.4944629982,https://browser.sead.se/site/3857,chronology_and_bibliography_ready,True,12,24,2,"[""dating_range"", ""dendrochronology""]",36,36,1,6,36,12413,coarse_spatial_context_only,not_captured_by_repository_sources,239
4531,Mickelsmossen,Sweden,55.95,13.45,https://browser.sead.se/site/4531,chronology_and_bibliography_ready,True,2,24,2,"[""analysis_entity_age"", ""relative_period""]",2,14,1,12,36,6654,coarse_spatial_context_only,not_captured_by_repository_sources,240
3866,Malmstorp,Sweden,58.6819182804,15.5684635643,https://browser.sead.se/site/3866,chronology_and_bibliography_ready,True,12,22,2,"[""dating_range"", ""dendrochronology""]",42,42,1,6,42,9863,coarse_spatial_context_only,not_captured_by_repository_sources,241
4160,Gamla Apoteket,Sweden,57.6412918614,18.2929155225,https://browser.sead.se/site/4160,chronology_and_bibliography_ready,True,14,22,2,"[""dating_range"", ""dendrochronology""]",36,36,1,6,36,13558,coarse_spatial_context_only,not_captured_by_repository_sources,242
4795,Pilgrimstad,Sweden,62.96106,15.05776,https://browser.sead.se/site/4795,chronology_and_bibliography_ready,True,2,22,2,"[""analysis_entity_age"", ""relative_period""]",5,13,1,11,33,1173,coarse_spatial_context_only,not_captured_by_repository_sources,243
4185,Eke kyrka,Sweden,57.168046693,18.3791792559,https://browser.sead.se/site/4185,chronology_and_bibliography_ready,True,21,21,2,"[""dating_range"", ""dendrochronology""]",126,126,1,21,126,13558,coarse_spatial_context_only,not_captured_by_repository_sources,244
4145,Gällstaö Gård,Sweden,59.2824802673,17.8451896473,https://browser.sead.se/site/4145,chronology_and_bibliography_ready,True,8,21,2,"[""dating_range"", ""dendrochronology""]",65,65,1,11,65,27450,coarse_spatial_context_only,not_captured_by_repository_sources,245
3985,Södra Möckleby kyrka,Sweden,56.3564864357,16.421603983,https://browser.sead.se/site/3985,chronology_and_bibliography_ready,True,19,21,2,"[""dating_range"", ""dendrochronology""]",60,60,1,10,60,6159,coarse_spatial_context_only,not_captured_by_repository_sources,246
3981,Torpa kyrka,Sweden,57.9619772617,15.1435311483,https://browser.sead.se/site/3981,chronology_and_bibliography_ready,True,19,21,2,"[""dating_range"", ""dendrochronology""]",49,49,1,7,49,4004,coarse_spatial_context_only,not_captured_by_repository_sources,247
4023,Sankt Peters klosters kyrka,Sweden,55.7042571221,13.1859792061,https://browser.sead.se/site/4023,chronology_and_bibliography_ready,True,8,21,2,"[""dating_range"", ""dendrochronology""]",48,48,1,8,48,6654,coarse_spatial_context_only,not_captured_by_repository_sources,248
3851,Stora Hulterska,Sweden,58.7029188555,16.8021290152,https://browser.sead.se/site/3851,chronology_and_bibliography_ready,True,4,21,2,"[""dating_range"", ""dendrochronology""]",41,41,1,6,41,12413,coarse_spatial_context_only,not_captured_by_repository_sources,249
4096,Kruttornet,Sweden,57.6422680797,18.2913277078,https://browser.sead.se/site/4096,chronology_and_bibliography_ready,True,17,21,2,"[""dating_range"", ""dendrochronology""]",36,36,1,6,36,13558,coarse_spatial_context_only,not_captured_by_repository_sources,250
3923,Stenbockska palatset,Sweden,59.3251236041,18.0627745883,https://browser.sead.se/site/3923,chronology_and_bibliography_ready,True,12,20,2,"[""dating_range"", ""dendrochronology""]",77,77,1,12,77,10763,coarse_spatial_context_only,not_captured_by_repository_sources,251
4002,Solbaddet,Sweden,59.3629570089,18.0230932849,https://browser.sead.se/site/4002,chronology_and_bibliography_ready,True,8,20,2,"[""dating_range"", ""dendrochronology""]",65,65,1,10,65,10763,coarse_spatial_context_only,not_captured_by_repository_sources,252
4016,Sjörups gamla kyrka,Sweden,55.440969436,13.6350301362,https://browser.sead.se/site/4016,chronology_and_bibliography_ready,True,12,20,2,"[""dating_range"", ""dendrochronology""]",48,48,1,11,48,6654,coarse_spatial_context_only,not_captured_by_repository_sources,253
4167,Fornminnesgården,Sweden,57.6690964084,14.9699766107,https://browser.sead.se/site/4167,chronology_and_bibliography_ready,True,18,20,2,"[""dating_range"", ""dendrochronology""]",42,42,1,7,42,8067,coarse_spatial_context_only,not_captured_by_repository_sources,254
3869,Lohärads Prästgård,Sweden,59.8065381953,18.5612982869,https://browser.sead.se/site/3869,chronology_and_bibliography_ready,True,2,20,2,"[""dating_range"", ""dendrochronology""]",42,42,1,6,42,10763,coarse_spatial_context_only,not_captured_by_repository_sources,255
4111,Häverö kyrka,Sweden,60.0412829391,18.6804237713,https://browser.sead.se/site/4111,chronology_and_bibliography_ready,True,10,20,2,"[""dating_range"", ""dendrochronology""]",41,41,1,6,41,3238,coarse_spatial_context_only,not_captured_by_repository_sources,256
3878,Kvarteret Repslagaren,Sweden,56.6661231227,16.3707621787,https://browser.sead.se/site/3878,chronology_and_bibliography_ready,True,6,20,2,"[""dating_range"", ""dendrochronology""]",41,41,1,6,41,6159,coarse_spatial_context_only,not_captured_by_repository_sources,257
4166,Fröjden,Sweden,58.0836551307,16.4887472928,https://browser.sead.se/site/4166,chronology_and_bibliography_ready,True,10,20,2,"[""dating_range"", ""dendrochronology""]",36,36,1,6,36,12413,coarse_spatial_context_only,not_captured_by_repository_sources,258
3979,Torö kyrka,Sweden,58.8402885051,17.841172899,https://browser.sead.se/site/3979,chronology_and_bibliography_ready,True,4,20,2,"[""dating_range"", ""dendrochronology""]",35,35,1,5,35,4303,coarse_spatial_context_only,not_captured_by_repository_sources,259
4221,Bellmanhuset,Sweden,59.3242063671,18.0977532733,https://browser.sead.se/site/4221,chronology_and_bibliography_ready,True,6,20,2,"[""dating_range"", ""dendrochronology""]",32,32,1,5,32,10763,coarse_spatial_context_only,not_captured_by_repository_sources,260
3930,Östra Vrams kyrka,Sweden,55.9310962627,14.0229459209,https://browser.sead.se/site/3930,chronology_and_bibliography_ready,True,18,20,2,"[""dating_range"", ""dendrochronology""]",30,30,1,5,30,3205,coarse_spatial_context_only,not_captured_by_repository_sources,261
5378,Gammelhemmet,Sweden,64.4325,18.614834,https://browser.sead.se/site/5378,chronology_and_bibliography_ready,True,2,20,2,"[""analysis_entity_age"", ""relative_period""]",2,12,1,10,30,1242,coarse_spatial_context_only,not_captured_by_repository_sources,262
4772,Björsjöås,Sweden,57.83943,12.102767,https://browser.sead.se/site/4772,chronology_and_bibliography_ready,True,2,20,2,"[""analysis_entity_age"", ""relative_period""]",1,12,1,10,29,8569,coarse_spatial_context_only,not_captured_by_repository_sources,263
4008,Slottsskogen,Sweden,57.6870565543,11.9401224056,https://browser.sead.se/site/4008,chronology_and_bibliography_ready,True,17,19,2,"[""dating_range"", ""dendrochronology""]",72,72,4,11,72,5005,coarse_spatial_context_only,not_captured_by_repository_sources,264
4092,Kumla kyrka,Sweden,58.3301518879,14.8820609603,https://browser.sead.se/site/4092,chronology_and_bibliography_ready,True,19,19,2,"[""dating_range"", ""dendrochronology""]",70,70,1,11,70,3815,coarse_spatial_context_only,not_captured_by_repository_sources,265
3972,Tyresö kyrka,Sweden,59.2367220698,18.3015079932,https://browser.sead.se/site/3972,chronology_and_bibliography_ready,True,6,18,2,"[""dating_range"", ""dendrochronology""]",82,82,1,13,82,10763,coarse_spatial_context_only,not_captured_by_repository_sources,266
3872,Kvarteret Vinskänken,Sweden,57.6675874623,14.970480741,https://browser.sead.se/site/3872,chronology_and_bibliography_ready,True,14,18,2,"[""dating_range"", ""dendrochronology""]",28,28,1,4,28,8067,coarse_spatial_context_only,not_captured_by_repository_sources,267
4701,Uppsala: Bryggaren 2,Sweden,59.859974,17.640041,https://browser.sead.se/site/4701,chronology_and_bibliography_ready,True,2,18,2,"[""analysis_entity_age"", ""relative_period""]",1,11,1,9,27,27450,coarse_spatial_context_only,not_captured_by_repository_sources,268
3895,Kvarteret Allön,Sweden,56.0300847179,14.1549862137,https://browser.sead.se/site/3895,chronology_and_bibliography_ready,True,12,17,2,"[""dating_range"", ""dendrochronology""]",72,72,1,12,72,10817,coarse_spatial_context_only,not_captured_by_repository_sources,269
3863,Näs,Sweden,57.6636863995,15.3713909548,https://browser.sead.se/site/3863,chronology_and_bibliography_ready,True,11,17,2,"[""dating_range"", ""dendrochronology""]",35,35,1,5,35,4004,coarse_spatial_context_only,not_captured_by_repository_sources,270
4007,Slästorp,Sweden,58.1918290817,15.1483176423,https://browser.sead.se/site/4007,chronology_and_bibliography_ready,True,9,17,2,"[""dating_range"", ""dendrochronology""]",28,28,2,4,28,9863,coarse_spatial_context_only,not_captured_by_repository_sources,271
4136,Hallstorps kyrka,Sweden,56.4993020289,16.1102204665,https://browser.sead.se/site/4136,chronology_and_bibliography_ready,True,14,16,2,"[""dating_range"", ""dendrochronology""]",66,66,1,11,66,6159,coarse_spatial_context_only,not_captured_by_repository_sources,272
4156,Garde kyrka,Sweden,57.3171570885,18.5823675922,https://browser.sead.se/site/4156,chronology_and_bibliography_ready,True,16,16,2,"[""dating_range"", ""dendrochronology""]",59,59,1,9,59,13558,coarse_spatial_context_only,not_captured_by_repository_sources,273
4180,Erikskulle,Sweden,59.8905697613,18.7118577513,https://browser.sead.se/site/4180,chronology_and_bibliography_ready,True,14,16,2,"[""dating_range"", ""dendrochronology""]",54,54,1,9,54,10763,coarse_spatial_context_only,not_captured_by_repository_sources,274
3844,Vallsnäs,Sweden,56.941149812,13.5397199636,https://browser.sead.se/site/3844,chronology_and_bibliography_ready,True,6,16,2,"[""dating_range"", ""dendrochronology""]",52,52,1,8,52,8912,coarse_spatial_context_only,not_captured_by_repository_sources,275
4119,Hulterstads kyrka,Sweden,56.4494462203,16.5673979521,https://browser.sead.se/site/4119,chronology_and_bibliography_ready,True,12,16,2,"[""dating_range"", ""dendrochronology""]",50,50,1,8,50,6159,coarse_spatial_context_only,not_captured_by_repository_sources,276
3885,Kvarteret Hattmakaren,Sweden,56.6631034526,16.3626413075,https://browser.sead.se/site/3885,chronology_and_bibliography_ready,True,14,16,2,"[""dating_range"", ""dendrochronology""]",46,46,1,7,46,6159,coarse_spatial_context_only,not_captured_by_repository_sources,277
3976,Träne kyrka,Sweden,55.9888691077,13.9912243349,https://browser.sead.se/site/3976,chronology_and_bibliography_ready,True,14,16,2,"[""dating_range"", ""dendrochronology""]",46,46,1,7,46,6654,coarse_spatial_context_only,not_captured_by_repository_sources,278
3954,Vives,Sweden,57.4382079215,18.2393610784,https://browser.sead.se/site/3954,chronology_and_bibliography_ready,True,16,16,2,"[""dating_range"", ""dendrochronology""]",42,42,1,7,42,13558,coarse_spatial_context_only,not_captured_by_repository_sources,279
3826,62858 Skånela,Sweden,59.5921656685,17.9253260553,https://browser.sead.se/site/3826,chronology_and_bibliography_ready,True,8,16,2,"[""dating_range"", ""dendrochronology""]",40,40,1,6,40,27450,coarse_spatial_context_only,not_captured_by_repository_sources,280
3909,Grisslehamn,Sweden,60.1021465278,18.8113333236,https://browser.sead.se/site/3909,chronology_and_bibliography_ready,True,8,16,2,"[""dating_range"", ""dendrochronology""]",35,35,1,5,35,3238,coarse_spatial_context_only,not_captured_by_repository_sources,281
3847,Tofta,Sweden,57.7925944619,14.7835679577,https://browser.sead.se/site/3847,chronology_and_bibliography_ready,True,2,16,2,"[""dating_range"", ""dendrochronology""]",34,34,1,5,34,8067,coarse_spatial_context_only,not_captured_by_repository_sources,282
4168,Follingbo kyrka,Sweden,57.582323119,18.3833762446,https://browser.sead.se/site/4168,chronology_and_bibliography_ready,True,6,16,2,"[""dating_range"", ""dendrochronology""]",30,30,1,5,30,13558,coarse_spatial_context_only,not_captured_by_repository_sources,283
3952,Våthults kyrka,Sweden,57.3077526466,13.4568705069,https://browser.sead.se/site/3952,chronology_and_bibliography_ready,True,16,16,2,"[""dating_range"", ""dendrochronology""]",30,30,1,5,30,8587,coarse_spatial_context_only,not_captured_by_repository_sources,284
3835,Ängstigen,Sweden,59.505929373,18.0649806527,https://browser.sead.se/site/3835,chronology_and_bibliography_ready,True,10,16,2,"[""dating_range"", ""dendrochronology""]",30,30,1,5,30,10763,coarse_spatial_context_only,not_captured_by_repository_sources,285
3914,Ekeby,Sweden,59.9309248608,18.7352302992,https://browser.sead.se/site/3914,chronology_and_bibliography_ready,True,6,16,2,"[""dating_range"", ""dendrochronology""]",28,28,1,4,28,10763,coarse_spatial_context_only,not_captured_by_repository_sources,286
4182,Ektorpet,Sweden,59.2242707916,18.3087201531,https://browser.sead.se/site/4182,chronology_and_bibliography_ready,True,6,16,2,"[""dating_range"", ""dendrochronology""]",28,28,1,4,28,10763,coarse_spatial_context_only,not_captured_by_repository_sources,287
3905,Husby,Sweden,58.825337753,17.0722182678,https://browser.sead.se/site/3905,chronology_and_bibliography_ready,True,8,16,2,"[""dating_range"", ""dendrochronology""]",28,28,1,4,28,4303,coarse_spatial_context_only,not_captured_by_repository_sources,288
4079,Lilla Lögla,Sweden,59.6367550656,18.734143853,https://browser.sead.se/site/4079,chronology_and_bibliography_ready,True,4,16,2,"[""dating_range"", ""dendrochronology""]",28,28,1,4,28,10763,coarse_spatial_context_only,not_captured_by_repository_sources,289
4042,Orkesta kyrka,Sweden,59.6047544634,18.1101330621,https://browser.sead.se/site/4042,chronology_and_bibliography_ready,True,14,16,2,"[""dating_range"", ""dendrochronology""]",28,28,1,4,28,10763,coarse_spatial_context_only,not_captured_by_repository_sources,290
3854,Sköldsborg,Sweden,58.4072010098,15.845373135,https://browser.sead.se/site/3854,chronology_and_bibliography_ready,True,4,16,2,"[""dating_range"", ""dendrochronology""]",28,28,1,4,28,9863,coarse_spatial_context_only,not_captured_by_repository_sources,291
4223,Balkåkra kyrkoruin,Sweden,55.4469192657,13.7156158412,https://browser.sead.se/site/4223,chronology_and_bibliography_ready,True,14,16,2,"[""dating_range"", ""dendrochronology""]",24,24,1,4,24,6654,coarse_spatial_context_only,not_captured_by_repository_sources,292
3881,Kvarteret Museet,Sweden,57.6394993709,18.2923675582,https://browser.sead.se/site/3881,chronology_and_bibliography_ready,True,16,16,2,"[""dating_range"", ""dendrochronology""]",24,24,1,4,24,13558,coarse_spatial_context_only,not_captured_by_repository_sources,293
4499,Leveaniemi,Sweden,67.61667,21.016666,https://browser.sead.se/site/4499,chronology_and_bibliography_ready,True,2,16,2,"[""analysis_entity_age"", ""relative_period""]",3,10,1,8,22,1142,coarse_spatial_context_only,not_captured_by_repository_sources,294
5290,Sandåkra,Sweden,56.06691,13.733375,https://browser.sead.se/site/5290,chronology_and_bibliography_ready,True,2,16,2,"[""analysis_entity_age"", ""relative_period""]",3,10,1,8,24,8912,coarse_spatial_context_only,not_captured_by_repository_sources,295
4233,Ada Blocks hus,Sweden,57.6414647577,18.2969709754,https://browser.sead.se/site/4233,chronology_and_bibliography_ready,True,11,14,2,"[""dating_range"", ""dendrochronology""]",30,30,1,5,30,13558,coarse_spatial_context_only,not_captured_by_repository_sources,296
4229,Alva kyrka,Sweden,57.207482496,18.3615153428,https://browser.sead.se/site/4229,chronology_and_bibliography_ready,True,12,14,2,"[""dating_range"", ""dendrochronology""]",18,18,1,3,18,13558,coarse_spatial_context_only,not_captured_by_repository_sources,297
3936,Örberga kyrka,Sweden,58.4346795121,14.8023330488,https://browser.sead.se/site/3936,chronology_and_bibliography_ready,True,11,13,2,"[""dating_range"", ""dendrochronology""]",36,36,1,6,36,3815,coarse_spatial_context_only,not_captured_by_repository_sources,298
3966,Vall kyrka,Sweden,57.5207796756,18.3450564287,https://browser.sead.se/site/3966,chronology_and_bibliography_ready,True,10,13,2,"[""dating_range"", ""dendrochronology""]",30,30,1,5,30,13558,coarse_spatial_context_only,not_captured_by_repository_sources,299
4103,Katthamra,Sweden,57.43267109,18.8521965856,https://browser.sead.se/site/4103,chronology_and_bibliography_ready,True,12,13,2,"[""dating_range"", ""dendrochronology""]",18,18,1,3,18,13558,coarse_spatial_context_only,not_captured_by_repository_sources,300
5606,Moarna,Sweden,57.047806,12.35677,https://browser.sead.se/site/5606,chronology_and_bibliography_ready,True,5,13,2,"[""geochronology"", ""relative_period""]",3,14,1,11,24,8569,coarse_spatial_context_only,not_captured_by_repository_sources,301
4187,Drottningholms slott,Sweden,59.32165393,17.8869837339,https://browser.sead.se/site/4187,chronology_and_bibliography_ready,True,10,12,2,"[""dating_range"", ""dendrochronology""]",63,63,1,10,63,27450,coarse_spatial_context_only,not_captured_by_repository_sources,302
4093,Kulltorps gård,Sweden,58.0871147666,16.4801731603,https://browser.sead.se/site/4093,chronology_and_bibliography_ready,True,8,12,2,"[""dating_range"", ""dendrochronology""]",42,42,1,7,42,12413,coarse_spatial_context_only,not_captured_by_repository_sources,303
3849,Stämmeryd,Sweden,56.8065070548,16.0519570649,https://browser.sead.se/site/3849,chronology_and_bibliography_ready,True,12,12,2,"[""dating_range"", ""dendrochronology""]",39,39,1,6,39,6159,coarse_spatial_context_only,not_captured_by_repository_sources,304
4029,Röhälla,Sweden,56.7231108407,16.5131997805,https://browser.sead.se/site/4029,chronology_and_bibliography_ready,True,12,12,2,"[""dating_range"", ""dendrochronology""]",36,36,1,6,36,6159,coarse_spatial_context_only,not_captured_by_repository_sources,305
4072,Lojsta kyrka,Sweden,57.3128325904,18.3838930155,https://browser.sead.se/site/4072,chronology_and_bibliography_ready,True,12,12,2,"[""dating_range"", ""dendrochronology""]",30,30,1,5,30,13558,coarse_spatial_context_only,not_captured_by_repository_sources,306
4068,Långlöts kyrka,Sweden,56.7391604322,16.7247256312,https://browser.sead.se/site/4068,chronology_and_bibliography_ready,True,12,12,2,"[""dating_range"", ""dendrochronology""]",27,27,1,4,27,6159,coarse_spatial_context_only,not_captured_by_repository_sources,307
4003,Snåret,Sweden,59.5994479031,18.4839007765,https://browser.sead.se/site/4003,chronology_and_bibliography_ready,True,4,12,2,"[""dating_range"", ""dendrochronology""]",27,27,1,4,27,10763,coarse_spatial_context_only,not_captured_by_repository_sources,308
3992,Stora Rickby,Sweden,59.6919816711,17.8877828299,https://browser.sead.se/site/3992,chronology_and_bibliography_ready,True,6,12,2,"[""dating_range"", ""dendrochronology""]",26,26,1,4,26,27450,coarse_spatial_context_only,not_captured_by_repository_sources,309
4065,Löddeköpinge kyrka,Sweden,55.7591932866,13.0205569903,https://browser.sead.se/site/4065,chronology_and_bibliography_ready,True,12,12,2,"[""dating_range"", ""dendrochronology""]",24,24,1,5,24,6654,coarse_spatial_context_only,not_captured_by_repository_sources,310
3962,Viby gård,Sweden,59.4656271685,17.8919882594,https://browser.sead.se/site/3962,chronology_and_bibliography_ready,True,4,12,2,"[""dating_range"", ""dendrochronology""]",24,24,2,4,24,27450,coarse_spatial_context_only,not_captured_by_repository_sources,311
3823,17200 Ödeshög,Sweden,58.2171235319,14.67374088,https://browser.sead.se/site/3823,chronology_and_bibliography_ready,True,4,12,2,"[""dating_range"", ""dendrochronology""]",21,21,1,3,21,3815,coarse_spatial_context_only,not_captured_by_repository_sources,312
3830,62928 Faringe,Sweden,59.9777584604,18.1645160986,https://browser.sead.se/site/3830,chronology_and_bibliography_ready,True,6,12,2,"[""dating_range"", ""dendrochronology""]",21,21,1,3,21,10763,coarse_spatial_context_only,not_captured_by_repository_sources,313
4133,Harpsund,Sweden,59.0991847349,16.485494231,https://browser.sead.se/site/4133,chronology_and_bibliography_ready,True,2,12,2,"[""dating_range"", ""dendrochronology""]",21,21,1,3,21,15126,coarse_spatial_context_only,not_captured_by_repository_sources,314
3904,Hårsbäck Sör,Sweden,59.8796537658,16.9228252458,https://browser.sead.se/site/3904,chronology_and_bibliography_ready,True,2,12,2,"[""dating_range"", ""dendrochronology""]",21,21,1,3,21,15126,coarse_spatial_context_only,not_captured_by_repository_sources,315
3882,Kvarteret Krögaren,Sweden,56.6634543544,16.3683320541,https://browser.sead.se/site/3882,chronology_and_bibliography_ready,True,8,12,2,"[""dating_range"", ""dendrochronology""]",21,21,1,3,21,6159,coarse_spatial_context_only,not_captured_by_repository_sources,316
3861,Qvarnarp,Sweden,57.6472984191,14.9847376269,https://browser.sead.se/site/3861,chronology_and_bibliography_ready,True,8,12,2,"[""dating_range"", ""dendrochronology""]",21,21,1,3,21,8067,coarse_spatial_context_only,not_captured_by_repository_sources,317
4030,Ränneslätt,Sweden,57.6711118854,14.951869383,https://browser.sead.se/site/4030,chronology_and_bibliography_ready,True,2,12,2,"[""dating_range"", ""dendrochronology""]",21,21,1,3,21,8067,coarse_spatial_context_only,not_captured_by_repository_sources,318
3855,Skålsta,Sweden,59.6918257743,17.7340431894,https://browser.sead.se/site/3855,chronology_and_bibliography_ready,True,2,12,2,"[""dating_range"", ""dendrochronology""]",21,21,1,3,21,27450,coarse_spatial_context_only,not_captured_by_repository_sources,319
3993,Stora Lund,Sweden,58.3639363937,15.7329137085,https://browser.sead.se/site/3993,chronology_and_bibliography_ready,True,2,12,2,"[""dating_range"", ""dendrochronology""]",21,21,1,3,21,9863,coarse_spatial_context_only,not_captured_by_repository_sources,320
3842,Viggeby,Sweden,59.7663912098,17.556815695,https://browser.sead.se/site/3842,chronology_and_bibliography_ready,True,8,12,2,"[""dating_range"", ""dendrochronology""]",21,21,1,3,21,27450,coarse_spatial_context_only,not_captured_by_repository_sources,321
3955,"Vita Holmen, Löwenströmska sjukhusområdet",Sweden,59.5452811222,17.9091170484,https://browser.sead.se/site/3955,chronology_and_bibliography_ready,True,10,12,2,"[""dating_range"", ""dendrochronology""]",21,21,1,3,21,27450,coarse_spatial_context_only,not_captured_by_repository_sources,322
3951,Värmdö kyrka,Sweden,59.357572679,18.4975908876,https://browser.sead.se/site/3951,chronology_and_bibliography_ready,True,8,12,2,"[""dating_range"", ""dendrochronology""]",21,21,1,3,21,10763,coarse_spatial_context_only,not_captured_by_repository_sources,323
4210,Boqvistudden,Sweden,58.1811905314,16.9249755122,https://browser.sead.se/site/4210,chronology_and_bibliography_ready,True,4,12,2,"[""dating_range"", ""dendrochronology""]",18,18,1,3,18,12413,coarse_spatial_context_only,not_captured_by_repository_sources,324
4184,Ekeby kyrka,Sweden,57.5951278453,18.514838803,https://browser.sead.se/site/4184,chronology_and_bibliography_ready,True,8,12,2,"[""dating_range"", ""dendrochronology""]",18,18,1,3,18,13558,coarse_spatial_context_only,not_captured_by_repository_sources,325
4128,Hellvi kyrka,Sweden,57.7750977341,18.8953010319,https://browser.sead.se/site/4128,chronology_and_bibliography_ready,True,10,12,2,"[""dating_range"", ""dendrochronology""]",18,18,1,3,18,13558,coarse_spatial_context_only,not_captured_by_repository_sources,326
3907,Hults kulla,Sweden,57.6064706378,15.1924987628,https://browser.sead.se/site/3907,chronology_and_bibliography_ready,True,10,12,2,"[""dating_range"", ""dendrochronology""]",18,18,1,3,18,4004,coarse_spatial_context_only,not_captured_by_repository_sources,327
4062,Mattemåla,Sweden,56.7171345403,15.549081692,https://browser.sead.se/site/4062,chronology_and_bibliography_ready,True,12,12,2,"[""dating_range"", ""dendrochronology""]",18,18,1,3,18,5849,coarse_spatial_context_only,not_captured_by_repository_sources,328
4055,Nedre Hävla bruk,Sweden,58.905121173,15.8724814843,https://browser.sead.se/site/4055,chronology_and_bibliography_ready,True,2,12,2,"[""dating_range"", ""dendrochronology""]",18,18,1,3,18,9863,coarse_spatial_context_only,not_captured_by_repository_sources,329
3853,Stallbacksvägen,Sweden,59.1832425393,17.4296699654,https://browser.sead.se/site/3853,chronology_and_bibliography_ready,True,8,12,2,"[""dating_range"", ""dendrochronology""]",18,18,1,3,18,27450,coarse_spatial_context_only,not_captured_by_repository_sources,330
3974,Tuntorps gård,Sweden,59.0054030408,17.1128119693,https://browser.sead.se/site/3974,chronology_and_bibliography_ready,True,2,12,2,"[""dating_range"", ""dendrochronology""]",18,18,1,3,18,27450,coarse_spatial_context_only,not_captured_by_repository_sources,331
3839,Värdshusbacken,Sweden,59.3168343545,17.9843813614,https://browser.sead.se/site/3839,chronology_and_bibliography_ready,True,6,12,2,"[""dating_range"", ""dendrochronology""]",18,18,1,3,18,27450,coarse_spatial_context_only,not_captured_by_repository_sources,332
4917,Hemavan,Sweden,65.833336,15.0,https://browser.sead.se/site/4917,chronology_and_bibliography_ready,True,12,12,2,"[""analysis_entity_age"", ""geochronology""]",3,4,1,10,22,766,coarse_spatial_context_only,not_captured_by_repository_sources,333
4519,"Lundbacken, Tillinge",Sweden,59.65365,16.954866,https://browser.sead.se/site/4519,chronology_and_bibliography_ready,True,2,12,2,"[""analysis_entity_age"", ""relative_period""]",2,8,1,6,18,15126,coarse_spatial_context_only,not_captured_by_repository_sources,334
5554,Lund Minster,Sweden,55.703888,13.195,https://browser.sead.se/site/5554,chronology_and_bibliography_ready,True,3,12,2,"[""analysis_entity_age"", ""relative_period""]",1,10,1,4,16,6654,coarse_spatial_context_only,not_captured_by_repository_sources,335
5112,Birka,Sweden,59.33621,17.545465,https://browser.sead.se/site/5112,chronology_and_bibliography_ready,True,2,12,2,"[""analysis_entity_age"", ""relative_period""]",1,8,1,6,18,27450,coarse_spatial_context_only,not_captured_by_repository_sources,336
4700,Uppsala: Bryggaren 1,Sweden,59.859974,17.640041,https://browser.sead.se/site/4700,chronology_and_bibliography_ready,True,2,12,2,"[""analysis_entity_age"", ""relative_period""]",1,8,1,6,18,27450,coarse_spatial_context_only,not_captured_by_repository_sources,337
4183,Ekelunda,Sweden,56.5714921145,16.576268413,https://browser.sead.se/site/4183,chronology_and_bibliography_ready,True,10,10,2,"[""dating_range"", ""dendrochronology""]",78,78,1,13,78,6159,coarse_spatial_context_only,not_captured_by_repository_sources,338
3824,12068 Gotland,Sweden,57.6101525719,18.6794564984,https://browser.sead.se/site/3824,chronology_and_bibliography_ready,True,4,10,2,"[""dating_range"", ""dendrochronology""]",48,48,1,8,48,13558,coarse_spatial_context_only,not_captured_by_repository_sources,339
4155,Genarps kyrka,Sweden,55.6032954613,13.3961349048,https://browser.sead.se/site/4155,chronology_and_bibliography_ready,True,9,10,2,"[""dating_range"", ""dendrochronology""]",14,14,1,2,14,6654,coarse_spatial_context_only,not_captured_by_repository_sources,340
3887,Kvarteret Garvaren,Sweden,57.6696892072,14.9697749558,https://browser.sead.se/site/3887,chronology_and_bibliography_ready,True,6,10,2,"[""dating_range"", ""dendrochronology""]",14,14,1,2,14,8067,coarse_spatial_context_only,not_captured_by_repository_sources,341
3946,Västergård,Sweden,55.9128297957,12.9780268743,https://browser.sead.se/site/3946,chronology_and_bibliography_ready,True,9,9,2,"[""dating_range"", ""dendrochronology""]",48,48,1,8,48,1226,coarse_spatial_context_only,not_captured_by_repository_sources,342
4115,Häglinge kyrka,Sweden,55.9907201538,13.704648923,https://browser.sead.se/site/4115,chronology_and_bibliography_ready,True,9,9,2,"[""dating_range"", ""dendrochronology""]",28,28,1,4,28,6654,coarse_spatial_context_only,not_captured_by_repository_sources,343
4148,Grönsö gård,Sweden,58.8541099826,17.4744822171,https://browser.sead.se/site/4148,chronology_and_bibliography_ready,True,3,9,2,"[""dating_range"", ""dendrochronology""]",24,24,1,4,24,4303,coarse_spatial_context_only,not_captured_by_repository_sources,344
4192,Bäl kyrka,Sweden,57.6447900202,18.6329661548,https://browser.sead.se/site/4192,chronology_and_bibliography_ready,True,8,9,2,"[""dating_range"", ""dendrochronology""]",14,14,1,2,14,13558,coarse_spatial_context_only,not_captured_by_repository_sources,345
3915,Bruksgatan,Sweden,60.2622542951,17.6633643451,https://browser.sead.se/site/3915,chronology_and_bibliography_ready,True,9,9,2,"[""dating_range"", ""dendrochronology""]",12,12,1,2,12,5060,coarse_spatial_context_only,not_captured_by_repository_sources,346
4431,Halmstad,Sweden,56.683334,12.85,https://browser.sead.se/site/4431,chronology_and_bibliography_ready,True,3,9,2,"[""analysis_entity_age"", ""relative_period""]",4,8,1,3,12,6333,coarse_spatial_context_only,not_captured_by_repository_sources,347
4131,Hedeskoga kyrka,Sweden,55.4510198918,13.7981628029,https://browser.sead.se/site/4131,chronology_and_bibliography_ready,True,8,8,2,"[""dating_range"", ""dendrochronology""]",60,60,1,10,60,6654,coarse_spatial_context_only,not_captured_by_repository_sources,348
3928,Överselö kyrka,Sweden,59.4189025381,17.1310342492,https://browser.sead.se/site/3928,chronology_and_bibliography_ready,True,2,8,2,"[""dating_range"", ""dendrochronology""]",56,56,1,9,56,27450,coarse_spatial_context_only,not_captured_by_repository_sources,349
4063,Marjsö,Sweden,57.0325591106,16.86076993,https://browser.sead.se/site/4063,chronology_and_bibliography_ready,True,4,8,2,"[""dating_range"", ""dendrochronology""]",48,48,1,8,48,8480,coarse_spatial_context_only,not_captured_by_repository_sources,350
3961,Vickleby kyrka,Sweden,56.5771519097,16.4600724707,https://browser.sead.se/site/3961,chronology_and_bibliography_ready,True,8,8,2,"[""dating_range"", ""dendrochronology""]",38,38,1,6,38,6159,coarse_spatial_context_only,not_captured_by_repository_sources,351
3947,Västergarn kyrka,Sweden,57.4408299712,18.1508926891,https://browser.sead.se/site/3947,chronology_and_bibliography_ready,True,4,8,2,"[""dating_range"", ""dendrochronology""]",36,36,1,6,36,13558,coarse_spatial_context_only,not_captured_by_repository_sources,352
3871,Kvarteret Östergötland,Sweden,59.3174360133,18.0690616945,https://browser.sead.se/site/3871,chronology_and_bibliography_ready,True,8,8,2,"[""dating_range"", ""dendrochronology""]",30,30,1,5,30,10763,coarse_spatial_context_only,not_captured_by_repository_sources,353
4175,Farstorps församlingshem,Sweden,56.2771504105,13.7959109196,https://browser.sead.se/site/4175,chronology_and_bibliography_ready,True,8,8,2,"[""dating_range"", ""dendrochronology""]",26,26,1,4,26,8912,coarse_spatial_context_only,not_captured_by_repository_sources,354
3908,Herrökna gård,Sweden,59.1158613488,16.9618752991,https://browser.sead.se/site/3908,chronology_and_bibliography_ready,True,4,8,2,"[""dating_range"", ""dendrochronology""]",25,25,1,4,25,15126,coarse_spatial_context_only,not_captured_by_repository_sources,355
3912,Fåglarp,Sweden,57.7302432397,14.9888334886,https://browser.sead.se/site/3912,chronology_and_bibliography_ready,True,6,8,2,"[""dating_range"", ""dendrochronology""]",20,20,1,3,20,8067,coarse_spatial_context_only,not_captured_by_repository_sources,356
3926,Övre Häfla bruk,Sweden,58.9004942603,15.8248252094,https://browser.sead.se/site/3926,chronology_and_bibliography_ready,True,2,8,2,"[""dating_range"", ""dendrochronology""]",18,18,1,3,18,9863,coarse_spatial_context_only,not_captured_by_repository_sources,357
4153,Glabro,Sweden,58.0905775745,16.5051168223,https://browser.sead.se/site/4153,chronology_and_bibliography_ready,True,4,8,2,"[""dating_range"", ""dendrochronology""]",14,14,1,2,14,12413,coarse_spatial_context_only,not_captured_by_repository_sources,358
4151,Gothem kyrka,Sweden,57.5754626247,18.7349928797,https://browser.sead.se/site/4151,chronology_and_bibliography_ready,True,6,8,2,"[""dating_range"", ""dendrochronology""]",14,14,1,2,14,13558,coarse_spatial_context_only,not_captured_by_repository_sources,359
4139,"Halla kyrka, Nyköping",Sweden,58.8583065942,16.6254432029,https://browser.sead.se/site/4139,chronology_and_bibliography_ready,True,8,8,2,"[""dating_range"", ""dendrochronology""]",14,14,1,2,14,12413,coarse_spatial_context_only,not_captured_by_repository_sources,360
3903,Häljaryd,Sweden,56.9459010335,14.9851896895,https://browser.sead.se/site/3903,chronology_and_bibliography_ready,True,4,8,2,"[""dating_range"", ""dendrochronology""]",14,14,1,2,14,10817,coarse_spatial_context_only,not_captured_by_repository_sources,361
3891,Kvarteret Båtsmannen,Sweden,57.757533626,16.6423907987,https://browser.sead.se/site/3891,chronology_and_bibliography_ready,True,8,8,2,"[""dating_range"", ""dendrochronology""]",14,14,1,2,14,8480,coarse_spatial_context_only,not_captured_by_repository_sources,362
3877,Kvarteret Rådhuset,Sweden,57.7584051198,16.6368333533,https://browser.sead.se/site/3877,chronology_and_bibliography_ready,True,6,8,2,"[""dating_range"", ""dendrochronology""]",14,14,1,2,14,8480,coarse_spatial_context_only,not_captured_by_repository_sources,363
3816,Låga längan,Sweden,59.324024,18.097877,https://browser.sead.se/site/3816,chronology_and_bibliography_ready,True,2,8,2,"[""dating_range"", ""dendrochronology""]",14,14,1,2,14,10763,coarse_spatial_context_only,not_captured_by_repository_sources,364
3836,Åkarp,Sweden,55.7466125559,13.400742912,https://browser.sead.se/site/3836,chronology_and_bibliography_ready,True,6,8,2,"[""dating_range"", ""dendrochronology""]",14,14,1,2,14,6654,coarse_spatial_context_only,not_captured_by_repository_sources,365
4158,Gammelgarn kastal,Sweden,57.4043835849,18.8040465235,https://browser.sead.se/site/4158,chronology_and_bibliography_ready,True,6,8,2,"[""dating_range"", ""dendrochronology""]",13,13,1,2,13,13558,coarse_spatial_context_only,not_captured_by_repository_sources,366
3827,12709 Stenkumla,Sweden,57.5438649389,18.2403310627,https://browser.sead.se/site/3827,chronology_and_bibliography_ready,True,6,8,2,"[""dating_range"", ""dendrochronology""]",12,12,1,2,12,13558,coarse_spatial_context_only,not_captured_by_repository_sources,367
4211,Bonäs,Sweden,58.9966370047,16.2082655153,https://browser.sead.se/site/4211,chronology_and_bibliography_ready,True,4,8,2,"[""dating_range"", ""dendrochronology""]",12,12,1,2,12,12413,coarse_spatial_context_only,not_captured_by_repository_sources,368
4150,Grindstu,Sweden,59.1138143625,15.9985116014,https://browser.sead.se/site/4150,chronology_and_bibliography_ready,True,2,8,2,"[""dating_range"", ""dendrochronology""]",12,12,1,2,12,3873,coarse_spatial_context_only,not_captured_by_repository_sources,369
3874,Kvarteret Svartbrodern,Sweden,57.6389679773,18.2934424244,https://browser.sead.se/site/3874,chronology_and_bibliography_ready,True,8,8,2,"[""dating_range"", ""dendrochronology""]",12,12,1,2,12,13558,coarse_spatial_context_only,not_captured_by_repository_sources,370
3865,Mariannelund,Sweden,57.6154818529,15.5721692125,https://browser.sead.se/site/3865,chronology_and_bibliography_ready,True,4,8,2,"[""dating_range"", ""dendrochronology""]",12,12,1,2,12,4004,coarse_spatial_context_only,not_captured_by_repository_sources,371
5288,Kallsjö,Sweden,55.482063,13.467472,https://browser.sead.se/site/5288,chronology_and_bibliography_ready,True,2,8,2,"[""analysis_entity_age"", ""relative_period""]",4,6,1,4,12,6654,coarse_spatial_context_only,not_captured_by_repository_sources,372
5293,Sote Mosse,Sweden,55.499084,13.537445,https://browser.sead.se/site/5293,chronology_and_bibliography_ready,True,2,8,2,"[""analysis_entity_age"", ""relative_period""]",4,6,1,4,12,6654,coarse_spatial_context_only,not_captured_by_repository_sources,373
4467,Juomajärvi,Sweden,66.86667,23.033333,https://browser.sead.se/site/4467,chronology_and_bibliography_ready,True,2,8,2,"[""analysis_entity_age"", ""relative_period""]",2,6,1,4,12,984,coarse_spatial_context_only,not_captured_by_repository_sources,374
4617,Samnan,Sweden,59.90505,17.631268,https://browser.sead.se/site/4617,chronology_and_bibliography_ready,True,2,8,2,"[""analysis_entity_age"", ""relative_period""]",1,6,1,4,12,27450,coarse_spatial_context_only,not_captured_by_repository_sources,375
4708,Valsgarde,Sweden,59.928032,17.624384,https://browser.sead.se/site/4708,chronology_and_bibliography_ready,True,2,7,2,"[""analysis_entity_age"", ""relative_period""]",2,6,1,3,10,27450,coarse_spatial_context_only,not_captured_by_repository_sources,376
4226,Asby kyrka,Sweden,57.9039487107,15.2051888625,https://browser.sead.se/site/4226,chronology_and_bibliography_ready,True,4,6,2,"[""dating_range"", ""dendrochronology""]",31,31,1,5,31,4004,coarse_spatial_context_only,not_captured_by_repository_sources,377
4217,Bisslinge gård,Sweden,59.4941434395,17.8807695573,https://browser.sead.se/site/4217,chronology_and_bibliography_ready,True,3,6,2,"[""dating_range"", ""dendrochronology""]",19,19,1,3,19,27450,coarse_spatial_context_only,not_captured_by_repository_sources,378
4483,Kurujärvi,Sweden,67.433334,22.516666,https://browser.sead.se/site/4483,chronology_and_bibliography_ready,True,2,6,2,"[""analysis_entity_age"", ""relative_period""]",5,5,1,3,9,803,coarse_spatial_context_only,not_captured_by_repository_sources,379
4566,Onttovaara,Sweden,67.166664,22.633333,https://browser.sead.se/site/4566,chronology_and_bibliography_ready,True,2,6,2,"[""analysis_entity_age"", ""relative_period""]",5,5,1,3,9,803,coarse_spatial_context_only,not_captured_by_repository_sources,380
5291,Hylteberga,Sweden,55.48498,13.534627,https://browser.sead.se/site/5291,chronology_and_bibliography_ready,True,2,6,2,"[""analysis_entity_age"", ""relative_period""]",4,5,1,3,9,6654,coarse_spatial_context_only,not_captured_by_repository_sources,381
4466,Järavallen 2 (Skateholm),Sweden,55.7667,12.95,https://browser.sead.se/site/4466,chronology_and_bibliography_ready,True,6,6,2,"[""analysis_entity_age"", ""relative_period""]",3,5,1,3,9,1226,coarse_spatial_context_only,not_captured_by_repository_sources,382
5284,Svedala,Sweden,55.509583,13.237038,https://browser.sead.se/site/5284,chronology_and_bibliography_ready,True,2,6,2,"[""analysis_entity_age"", ""relative_period""]",3,5,1,3,9,6654,coarse_spatial_context_only,not_captured_by_repository_sources,383
4707,"Vallby, Tillberga",Sweden,59.73097,16.6307,https://browser.sead.se/site/4707,chronology_and_bibliography_ready,True,3,6,2,"[""analysis_entity_age"", ""relative_period""]",2,6,1,2,8,15126,coarse_spatial_context_only,not_captured_by_repository_sources,384
4088,Kvarntorp,Sweden,59.8330775377,17.4598257284,https://browser.sead.se/site/4088,chronology_and_bibliography_ready,True,3,5,2,"[""dating_range"", ""dendrochronology""]",38,38,1,6,38,27450,coarse_spatial_context_only,not_captured_by_repository_sources,385
3941,Västra trädgårdsgatan 13,Sweden,58.7502298238,17.0083693034,https://browser.sead.se/site/3941,chronology_and_bibliography_ready,True,5,5,2,"[""dating_range"", ""dendrochronology""]",31,31,1,5,31,4303,coarse_spatial_context_only,not_captured_by_repository_sources,386
4209,Borgarhuset,Sweden,55.7044565627,13.1970790412,https://browser.sead.se/site/4209,chronology_and_bibliography_ready,True,5,5,2,"[""dating_range"", ""dendrochronology""]",19,19,1,3,19,6654,coarse_spatial_context_only,not_captured_by_repository_sources,387
3984,Tidersrums kyrka,Sweden,57.9266234251,15.4943461311,https://browser.sead.se/site/3984,chronology_and_bibliography_ready,True,5,5,2,"[""dating_range"", ""dendrochronology""]",7,7,1,1,7,4004,coarse_spatial_context_only,not_captured_by_repository_sources,388
3968,Vadsbro kyrka,Sweden,58.9766928294,16.5681074665,https://browser.sead.se/site/3968,chronology_and_bibliography_ready,True,4,5,2,"[""dating_range"", ""dendrochronology""]",7,7,1,1,7,12413,coarse_spatial_context_only,not_captured_by_repository_sources,389
3944,Västerås domkyrka,Sweden,59.6125134217,16.5412050217,https://browser.sead.se/site/3944,chronology_and_bibliography_ready,True,5,5,2,"[""dating_range"", ""dendrochronology""]",7,7,1,1,7,15126,coarse_spatial_context_only,not_captured_by_repository_sources,390
4046,Norrvidinge kyrka,Sweden,55.8384177559,13.0975841452,https://browser.sead.se/site/4046,chronology_and_bibliography_ready,True,5,5,2,"[""dating_range"", ""dendrochronology""]",6,6,1,1,6,6654,coarse_spatial_context_only,not_captured_by_repository_sources,391
3931,Östra Skrukeby kyrka,Sweden,58.4998073545,15.818514302,https://browser.sead.se/site/3931,chronology_and_bibliography_ready,True,5,5,2,"[""dating_range"", ""dendrochronology""]",6,6,1,1,6,9863,coarse_spatial_context_only,not_captured_by_repository_sources,392
3832,12076 Ekeby,Sweden,57.5943919123,18.5254327344,https://browser.sead.se/site/3832,chronology_and_bibliography_ready,True,4,4,2,"[""dating_range"", ""dendrochronology""]",36,36,1,6,36,13558,coarse_spatial_context_only,not_captured_by_repository_sources,393
3880,Kvarteret Ormen,Sweden,59.3193051014,18.070970803,https://browser.sead.se/site/3880,chronology_and_bibliography_ready,True,2,4,2,"[""dating_range"", ""dendrochronology""]",31,31,1,5,31,10763,coarse_spatial_context_only,not_captured_by_repository_sources,394
4073,Linköpings slott,Sweden,58.4104585174,15.6158568043,https://browser.sead.se/site/4073,chronology_and_bibliography_ready,True,2,4,2,"[""dating_range"", ""dendrochronology""]",31,31,1,5,31,9863,coarse_spatial_context_only,not_captured_by_repository_sources,395
3991,Strömby,Sweden,56.503487256,15.9129286367,https://browser.sead.se/site/3991,chronology_and_bibliography_ready,True,4,4,2,"[""dating_range"", ""dendrochronology""]",24,24,1,4,24,5849,coarse_spatial_context_only,not_captured_by_repository_sources,396
4025,Sankt Clemens kyrkoruin,Sweden,57.6431405566,18.2961340134,https://browser.sead.se/site/4025,chronology_and_bibliography_ready,True,4,4,2,"[""dating_range"", ""dendrochronology""]",19,19,1,3,19,13558,coarse_spatial_context_only,not_captured_by_repository_sources,397
4104,Kapitelhuset,Sweden,57.6417470734,18.296141695,https://browser.sead.se/site/4104,chronology_and_bibliography_ready,True,4,4,2,"[""dating_range"", ""dendrochronology""]",18,18,1,3,18,13558,coarse_spatial_context_only,not_captured_by_repository_sources,398
4076,Linde kyrka,Sweden,57.2796924645,18.3797198479,https://browser.sead.se/site/4076,chronology_and_bibliography_ready,True,2,4,2,"[""dating_range"", ""dendrochronology""]",18,18,1,3,18,13558,coarse_spatial_context_only,not_captured_by_repository_sources,399
4047,Norrlanda kyrka,Sweden,57.5015452994,18.6597394102,https://browser.sead.se/site/4047,chronology_and_bibliography_ready,True,4,4,2,"[""dating_range"", ""dendrochronology""]",18,18,1,4,18,13558,coarse_spatial_context_only,not_captured_by_repository_sources,400
4015,Sjöstugan,Sweden,59.1953522018,16.9142181099,https://browser.sead.se/site/4015,chronology_and_bibliography_ready,True,2,4,2,"[""dating_range"", ""dendrochronology""]",18,18,1,3,18,15126,coarse_spatial_context_only,not_captured_by_repository_sources,401
4019,Silte kyrka,Sweden,57.2210286963,18.2367579286,https://browser.sead.se/site/4019,chronology_and_bibliography_ready,True,2,4,2,"[""dating_range"", ""dendrochronology""]",13,13,1,2,13,13558,coarse_spatial_context_only,not_captured_by_repository_sources,402
4099,Knappsmåla,Sweden,56.6620491335,15.7629932746,https://browser.sead.se/site/4099,chronology_and_bibliography_ready,True,4,4,2,"[""dating_range"", ""dendrochronology""]",12,12,1,2,12,5849,coarse_spatial_context_only,not_captured_by_repository_sources,403
3868,Lögla,Sweden,59.6337874186,18.7329262838,https://browser.sead.se/site/3868,chronology_and_bibliography_ready,True,2,4,2,"[""dating_range"", ""dendrochronology""]",12,12,1,2,12,10763,coarse_spatial_context_only,not_captured_by_repository_sources,404
4057,Möllebacken,Sweden,56.0455325558,12.7004467553,https://browser.sead.se/site/4057,chronology_and_bibliography_ready,True,4,4,2,"[""dating_range"", ""dendrochronology""]",12,12,1,2,12,6333,coarse_spatial_context_only,not_captured_by_repository_sources,405
4018,Sisshammar,Sweden,59.2078632658,18.3415861294,https://browser.sead.se/site/4018,chronology_and_bibliography_ready,True,2,4,2,"[""dating_range"", ""dendrochronology""]",12,12,1,2,12,10763,coarse_spatial_context_only,not_captured_by_repository_sources,406
3829,72257 Lilla Malma,Sweden,59.1405014709,16.6793557719,https://browser.sead.se/site/3829,chronology_and_bibliography_ready,True,2,4,2,"[""dating_range"", ""dendrochronology""]",7,7,1,1,7,15126,coarse_spatial_context_only,not_captured_by_repository_sources,407
4216,Bjälbo kyrka,Sweden,58.3720422065,15.0054363737,https://browser.sead.se/site/4216,chronology_and_bibliography_ready,True,4,4,2,"[""dating_range"", ""dendrochronology""]",7,7,1,1,7,9863,coarse_spatial_context_only,not_captured_by_repository_sources,408
4208,Borgholms stadsmuseum,Sweden,56.8824646065,16.6835115227,https://browser.sead.se/site/4208,chronology_and_bibliography_ready,True,4,4,2,"[""dating_range"", ""dendrochronology""]",7,7,1,1,7,6159,coarse_spatial_context_only,not_captured_by_repository_sources,409
4204,Brahekyrkan,Sweden,58.0349336355,14.3432633174,https://browser.sead.se/site/4204,chronology_and_bibliography_ready,True,4,4,2,"[""dating_range"", ""dendrochronology""]",7,7,1,1,7,3815,coarse_spatial_context_only,not_captured_by_repository_sources,410
4196,Burge,Sweden,57.2758716176,18.2978991037,https://browser.sead.se/site/4196,chronology_and_bibliography_ready,True,2,4,2,"[""dating_range"", ""dendrochronology""]",7,7,1,1,7,13558,coarse_spatial_context_only,not_captured_by_repository_sources,411
4134,Haneberg säteri,Sweden,59.1863826033,16.2865415067,https://browser.sead.se/site/4134,chronology_and_bibliography_ready,True,2,4,2,"[""dating_range"", ""dendrochronology""]",7,7,1,1,7,15126,coarse_spatial_context_only,not_captured_by_repository_sources,412
4118,Hults kyrka,Sweden,57.6308200388,15.1223284047,https://browser.sead.se/site/4118,chronology_and_bibliography_ready,True,4,4,2,"[""dating_range"", ""dendrochronology""]",7,7,1,1,7,4004,coarse_spatial_context_only,not_captured_by_repository_sources,413
3879,Kvarteret Prelaten,Sweden,58.4490150617,14.8944959842,https://browser.sead.se/site/3879,chronology_and_bibliography_ready,True,2,4,2,"[""dating_range"", ""dendrochronology""]",7,7,1,1,7,3815,coarse_spatial_context_only,not_captured_by_repository_sources,414
3864,Mellanköpinge,Sweden,55.3830376757,13.1958516631,https://browser.sead.se/site/3864,chronology_and_bibliography_ready,True,2,4,2,"[""dating_range"", ""dendrochronology""]",7,7,1,1,7,6654,coarse_spatial_context_only,not_captured_by_repository_sources,415
3860,Ryssebo,Sweden,57.6337670915,15.3551085325,https://browser.sead.se/site/3860,chronology_and_bibliography_ready,True,2,4,2,"[""dating_range"", ""dendrochronology""]",7,7,1,1,7,4004,coarse_spatial_context_only,not_captured_by_repository_sources,416
4026,Sandemar slott,Sweden,59.1301042402,18.3682561405,https://browser.sead.se/site/4026,chronology_and_bibliography_ready,True,2,4,2,"[""dating_range"", ""dendrochronology""]",7,7,1,1,7,10763,coarse_spatial_context_only,not_captured_by_repository_sources,417
4010,Skönberga kyrka,Sweden,58.4653502294,16.3586699892,https://browser.sead.se/site/4010,chronology_and_bibliography_ready,True,4,4,2,"[""dating_range"", ""dendrochronology""]",7,7,1,1,7,12413,coarse_spatial_context_only,not_captured_by_repository_sources,418
3948,Väsby kyrka,Sweden,56.2073516765,12.5955294635,https://browser.sead.se/site/3948,chronology_and_bibliography_ready,True,4,4,2,"[""dating_range"", ""dendrochronology""]",7,7,1,1,7,6333,coarse_spatial_context_only,not_captured_by_repository_sources,419
4232,Adamsbergs gård,Sweden,59.6965557293,18.3891358998,https://browser.sead.se/site/4232,chronology_and_bibliography_ready,True,2,4,2,"[""dating_range"", ""dendrochronology""]",6,6,1,1,6,10763,coarse_spatial_context_only,not_captured_by_repository_sources,420
4163,Fäbohagen,Sweden,59.2564593792,17.2107675191,https://browser.sead.se/site/4163,chronology_and_bibliography_ready,True,2,4,2,"[""dating_range"", ""dendrochronology""]",6,6,1,1,6,27450,coarse_spatial_context_only,not_captured_by_repository_sources,421
4116,Häglinge,Sweden,55.9910745179,13.7050218344,https://browser.sead.se/site/4116,chronology_and_bibliography_ready,True,4,4,2,"[""dating_range"", ""dendrochronology""]",6,6,1,1,6,6654,coarse_spatial_context_only,not_captured_by_repository_sources,422
3897,Kolstad,Sweden,58.3004148895,15.1723499465,https://browser.sead.se/site/3897,chronology_and_bibliography_ready,True,2,4,2,"[""dating_range"", ""dendrochronology""]",6,6,1,1,6,9863,coarse_spatial_context_only,not_captured_by_repository_sources,423
3875,Kvarteret Specksrum,Sweden,57.6422931957,18.2931236185,https://browser.sead.se/site/3875,chronology_and_bibliography_ready,True,2,4,2,"[""dating_range"", ""dendrochronology""]",6,6,1,1,6,13558,coarse_spatial_context_only,not_captured_by_repository_sources,424
4086,Källa gamla kyrka,Sweden,57.1113483626,16.9862830461,https://browser.sead.se/site/4086,chronology_and_bibliography_ready,True,4,4,2,"[""dating_range"", ""dendrochronology""]",6,6,1,1,6,8480,coarse_spatial_context_only,not_captured_by_repository_sources,425
4056,Mörbylånga kyrka,Sweden,56.5196949786,16.3980123551,https://browser.sead.se/site/4056,chronology_and_bibliography_ready,True,4,4,2,"[""dating_range"", ""dendrochronology""]",6,6,1,1,6,6159,coarse_spatial_context_only,not_captured_by_repository_sources,426
3859,Salvarp,Sweden,57.9029939781,15.2068031606,https://browser.sead.se/site/3859,chronology_and_bibliography_ready,True,2,4,2,"[""dating_range"", ""dendrochronology""]",6,6,1,1,6,4004,coarse_spatial_context_only,not_captured_by_repository_sources,427
3841,Vingåker-Kvarngölet,Sweden,58.9683555819,16.0928748286,https://browser.sead.se/site/3841,chronology_and_bibliography_ready,True,2,4,2,"[""dating_range"", ""dendrochronology""]",6,6,1,1,6,12413,coarse_spatial_context_only,not_captured_by_repository_sources,428
5294,Mossby,Sweden,55.416103,13.633847,https://browser.sead.se/site/5294,chronology_and_bibliography_ready,True,4,4,2,"[""analysis_entity_age"", ""relative_period""]",5,4,1,2,6,6654,coarse_spatial_context_only,not_captured_by_repository_sources,429
5292,Hassle Bösarp,Sweden,55.450096,13.516688,https://browser.sead.se/site/5292,chronology_and_bibliography_ready,True,2,4,2,"[""analysis_entity_age"", ""relative_period""]",4,4,1,2,6,6654,coarse_spatial_context_only,not_captured_by_repository_sources,430
4615,Sondre Tunåsen,Sweden,59.89045,17.534033,https://browser.sead.se/site/4615,chronology_and_bibliography_ready,True,2,4,2,"[""analysis_entity_age"", ""relative_period""]",4,4,1,2,6,27450,coarse_spatial_context_only,not_captured_by_repository_sources,431
4249,Ängdala,Sweden,55.583332,13.116667,https://browser.sead.se/site/4249,chronology_and_bibliography_ready,True,3,3,2,"[""analysis_entity_age"", ""relative_period""]",2,4,1,1,4,6654,coarse_spatial_context_only,not_captured_by_repository_sources,432
4420,Goteborg,Sweden,57.7167,11.9667,https://browser.sead.se/site/4420,chronology_and_bibliography_ready,True,3,3,2,"[""analysis_entity_age"", ""relative_period""]",1,4,1,1,4,5005,coarse_spatial_context_only,not_captured_by_repository_sources,433
5084,Skurup,Sweden,55.481964,13.5,https://browser.sead.se/site/5084,chronology_and_bibliography_ready,True,2,2,2,"[""analysis_entity_age"", ""relative_period""]",5,3,1,3,5,6654,coarse_spatial_context_only,not_captured_by_repository_sources,434
5289,Elinelund,Sweden,55.579723,12.952222,https://browser.sead.se/site/5289,chronology_and_bibliography_ready,True,2,2,2,"[""analysis_entity_age"", ""relative_period""]",4,3,1,1,3,1226,coarse_spatial_context_only,not_captured_by_repository_sources,435
4856,Empohultet,Sweden,66.3167,22.8333,https://browser.sead.se/site/4856,chronology_and_bibliography_ready,True,2,2,2,"[""analysis_entity_age"", ""relative_period""]",4,3,1,1,3,1472,coarse_spatial_context_only,not_captured_by_repository_sources,436
4857,Hirvijärvi,Sweden,66.8333,23.6667,https://browser.sead.se/site/4857,chronology_and_bibliography_ready,True,2,2,2,"[""analysis_entity_age"", ""relative_period""]",4,3,1,1,3,984,coarse_spatial_context_only,not_captured_by_repository_sources,437
4852,Juomajärvi 1,Sweden,66.8667,23.0333,https://browser.sead.se/site/4852,chronology_and_bibliography_ready,True,2,2,2,"[""analysis_entity_age"", ""relative_period""]",4,3,1,1,3,984,coarse_spatial_context_only,not_captured_by_repository_sources,438
4850,Kainulasjärvi,Sweden,67.1667,22.65,https://browser.sead.se/site/4850,chronology_and_bibliography_ready,True,2,2,2,"[""analysis_entity_age"", ""relative_period""]",4,3,1,1,3,803,coarse_spatial_context_only,not_captured_by_repository_sources,439
4504,Lindved,Sweden,55.49184,13.299274,https://browser.sead.se/site/4504,chronology_and_bibliography_ready,True,2,2,2,"[""analysis_entity_age"", ""relative_period""]",4,3,1,1,3,6654,coarse_spatial_context_only,not_captured_by_repository_sources,440
4489,Långsele,Sweden,63.25,17.1,https://browser.sead.se/site/4489,chronology_and_bibliography_ready,True,2,2,2,"[""analysis_entity_age"", ""relative_period""]",4,3,1,2,4,2199,coarse_spatial_context_only,not_captured_by_repository_sources,441
4853,Missesberget,Sweden,66.3167,22.8333,https://browser.sead.se/site/4853,chronology_and_bibliography_ready,True,2,2,2,"[""analysis_entity_age"", ""relative_period""]",4,3,1,1,3,1472,coarse_spatial_context_only,not_captured_by_repository_sources,442
4848,Onttoharjut,Sweden,67.166664,22.65,https://browser.sead.se/site/4848,chronology_and_bibliography_ready,True,2,2,2,"[""analysis_entity_age"", ""relative_period""]",4,3,1,1,3,803,coarse_spatial_context_only,not_captured_by_repository_sources,443
4847,Outojärvi,Sweden,67.433334,22.516666,https://browser.sead.se/site/4847,chronology_and_bibliography_ready,True,2,2,2,"[""analysis_entity_age"", ""relative_period""]",4,3,1,1,3,803,coarse_spatial_context_only,not_captured_by_repository_sources,444
4851,Purasharju,Sweden,66.8667,23.0333,https://browser.sead.se/site/4851,chronology_and_bibliography_ready,True,2,2,2,"[""analysis_entity_age"", ""relative_period""]",4,3,1,1,3,984,coarse_spatial_context_only,not_captured_by_repository_sources,445
4844,Riipiharju,Sweden,67.4333,22.5166,https://browser.sead.se/site/4844,chronology_and_bibliography_ready,True,2,2,2,"[""analysis_entity_age"", ""relative_period""]",4,3,1,1,3,803,coarse_spatial_context_only,not_captured_by_repository_sources,446
4846,Sarkasvaara,Sweden,67.433334,20.516666,https://browser.sead.se/site/4846,chronology_and_bibliography_ready,True,2,2,2,"[""analysis_entity_age"", ""relative_period""]",4,3,1,1,3,965,coarse_spatial_context_only,not_captured_by_repository_sources,447
4845,Sivakkojärvi,Sweden,67.433334,22.516666,https://browser.sead.se/site/4845,chronology_and_bibliography_ready,True,2,2,2,"[""analysis_entity_age"", ""relative_period""]",4,3,1,1,3,803,coarse_spatial_context_only,not_captured_by_repository_sources,448
4854,Snårberget,Sweden,66.3833,23.6667,https://browser.sead.se/site/4854,chronology_and_bibliography_ready,True,2,2,2,"[""analysis_entity_age"", ""relative_period""]",4,3,1,1,3,984,coarse_spatial_context_only,not_captured_by_repository_sources,449
4858,Särkivuoma,Sweden,66.3833,23.6667,https://browser.sead.se/site/4858,chronology_and_bibliography_ready,True,2,2,2,"[""analysis_entity_age"", ""relative_period""]",4,3,1,1,3,984,coarse_spatial_context_only,not_captured_by_repository_sources,450
4849,Takkanenmännikö,Sweden,67.1667,22.65,https://browser.sead.se/site/4849,chronology_and_bibliography_ready,True,2,2,2,"[""analysis_entity_age"", ""relative_period""]",4,3,1,1,3,803,coarse_spatial_context_only,not_captured_by_repository_sources,451
5285,Trelleborg: brick pit,Sweden,55.476128,13.219721,https://browser.sead.se/site/5285,chronology_and_bibliography_ready,True,2,2,2,"[""analysis_entity_age"", ""relative_period""]",4,3,1,1,3,6654,coarse_spatial_context_only,not_captured_by_repository_sources,452
5286,Bara,Sweden,55.581135,13.179038,https://browser.sead.se/site/5286,chronology_and_bibliography_ready,True,2,2,2,"[""analysis_entity_age"", ""relative_period""]",3,3,1,1,3,6654,coarse_spatial_context_only,not_captured_by_repository_sources,453
5287,Gärdslöv,Sweden,55.482746,13.466778,https://browser.sead.se/site/5287,chronology_and_bibliography_ready,True,2,2,2,"[""analysis_entity_age"", ""relative_period""]",3,3,1,1,3,6654,coarse_spatial_context_only,not_captured_by_repository_sources,454
5484,Hässeldala Port,Sweden,56.266666,15.016666,https://browser.sead.se/site/5484,chronology_and_bibliography_ready,True,2,2,2,"[""analysis_entity_age"", ""relative_period""]",3,3,1,1,3,5849,coarse_spatial_context_only,not_captured_by_repository_sources,455
4855,Rotheden,Sweden,66.3167,22.8333,https://browser.sead.se/site/4855,chronology_and_bibliography_ready,True,2,2,2,"[""analysis_entity_age"", ""relative_period""]",3,3,1,1,3,1472,coarse_spatial_context_only,not_captured_by_repository_sources,456
5295,Skateholm,Sweden,55.38155,13.486218,https://browser.sead.se/site/5295,chronology_and_bibliography_ready,True,2,2,2,"[""analysis_entity_age"", ""relative_period""]",3,3,1,1,3,6654,coarse_spatial_context_only,not_captured_by_repository_sources,457
5064,Evertsberg,Sweden,61.137005,13.957672,https://browser.sead.se/site/5064,chronology_and_bibliography_ready,True,2,2,2,"[""analysis_entity_age"", ""relative_period""]",2,3,1,1,3,634,coarse_spatial_context_only,not_captured_by_repository_sources,458
5048,Lundfors,Sweden,64.68667,20.693333,https://browser.sead.se/site/5048,chronology_and_bibliography_ready,True,2,2,2,"[""analysis_entity_age"", ""relative_period""]",2,3,1,1,3,1860,coarse_spatial_context_only,not_captured_by_repository_sources,459
5066,Piteå: Borgsfors,Sweden,65.50694,21.101944,https://browser.sead.se/site/5066,chronology_and_bibliography_ready,True,2,2,2,"[""analysis_entity_age"", ""relative_period""]",2,3,1,1,3,1647,coarse_spatial_context_only,not_captured_by_repository_sources,460
5062,Skattmansö,Sweden,59.85,17.016666,https://browser.sead.se/site/5062,chronology_and_bibliography_ready,True,2,2,2,"[""analysis_entity_age"", ""relative_period""]",2,3,1,1,3,27450,coarse_spatial_context_only,not_captured_by_repository_sources,461
5024,Svartemosse,Sweden,57.09028,12.533334,https://browser.sead.se/site/5024,chronology_and_bibliography_ready,True,2,2,2,"[""analysis_entity_age"", ""relative_period""]",2,3,1,1,3,8569,coarse_spatial_context_only,not_captured_by_repository_sources,462
4421,Gothenburg,Sweden,57.716667,12.0,https://browser.sead.se/site/4421,chronology_and_bibliography_ready,True,2,2,2,"[""analysis_entity_age"", ""relative_period""]",1,3,1,1,3,8569,coarse_spatial_context_only,not_captured_by_repository_sources,463
5049,Sigtuna,Sweden,59.600555,17.723888,https://browser.sead.se/site/5049,chronology_and_bibliography_ready,True,2,2,2,"[""analysis_entity_age"", ""relative_period""]",1,3,1,1,3,27450,coarse_spatial_context_only,not_captured_by_repository_sources,464
5065,Stora Tuna Skärsjö,Sweden,60.45,15.466666,https://browser.sead.se/site/5065,chronology_and_bibliography_ready,True,2,2,2,"[""analysis_entity_age"", ""relative_period""]",1,3,1,1,3,3988,coarse_spatial_context_only,not_captured_by_repository_sources,465
3752,Dalby,Sweden,55.6653476548,13.3452641314,https://browser.sead.se/site/3752,chronology_and_bibliography_ready,True,1,339,1,"[""relative_period""]",341,339,113,113,339,6654,coarse_spatial_context_only,not_captured_by_repository_sources,466
3790,"Birka, Cemetery",Sweden,59.3356206619,17.5455298764,https://browser.sead.se/site/3790,chronology_and_bibliography_ready,True,2,186,1,"[""relative_period""]",187,186,57,57,186,27450,coarse_spatial_context_only,not_captured_by_repository_sources,467
3432,Uppåkra,Sweden,55.6644396201,13.1681066727,https://browser.sead.se/site/3432,chronology_and_bibliography_ready,True,3,173,1,"[""relative_period""]",175,173,58,58,173,6654,coarse_spatial_context_only,not_captured_by_repository_sources,468
3805,Apalle,Sweden,59.594589,17.462282,https://browser.sead.se/site/3805,chronology_and_bibliography_ready,True,1,146,1,"[""relative_period""]",148,146,37,37,146,27450,coarse_spatial_context_only,not_captured_by_repository_sources,469
3753,Dagstorp (SU 21),Sweden,55.8188822611,13.064329747,https://browser.sead.se/site/3753,chronology_and_bibliography_ready,True,4,141,1,"[""relative_period""]",145,141,47,47,141,6654,coarse_spatial_context_only,not_captured_by_repository_sources,470
3617,Kv. Kleopatra,Sweden,59.6089872248,16.5386155114,https://browser.sead.se/site/3617,chronology_and_bibliography_ready,True,1,141,1,"[""relative_period""]",143,141,37,37,141,15126,coarse_spatial_context_only,not_captured_by_repository_sources,471
3556,Masmo,Sweden,59.2443247603,17.8848770494,https://browser.sead.se/site/3556,chronology_and_bibliography_ready,True,2,136,1,"[""relative_period""]",3,136,42,42,136,27450,coarse_spatial_context_only,not_captured_by_repository_sources,472
3713,Gualöv,Sweden,56.0475548946,14.4335923819,https://browser.sead.se/site/3713,chronology_and_bibliography_ready,True,1,131,1,"[""relative_period""]",132,131,33,33,131,10817,coarse_spatial_context_only,not_captured_by_repository_sources,473
3573,Löddeköpinge,Sweden,55.7597030669,13.0181722363,https://browser.sead.se/site/3573,chronology_and_bibliography_ready,True,2,129,1,"[""relative_period""]",17,129,43,43,129,6654,coarse_spatial_context_only,not_captured_by_repository_sources,474
3640,Kristineberg (Oxie 15:1),Sweden,55.5363945567,13.0849531327,https://browser.sead.se/site/3640,chronology_and_bibliography_ready,True,1,122,1,"[""relative_period""]",122,122,39,39,122,6654,coarse_spatial_context_only,not_captured_by_repository_sources,475
3628,kv Trädgårdsmästaren,Sweden,59.6156751672,17.7196034236,https://browser.sead.se/site/3628,chronology_and_bibliography_ready,True,13,120,1,"[""relative_period""]",121,120,40,40,120,27450,coarse_spatial_context_only,not_captured_by_repository_sources,476
3679,Hyllie 149,Sweden,55.5652013575,12.9733263438,https://browser.sead.se/site/3679,chronology_and_bibliography_ready,True,1,118,1,"[""relative_period""]",119,118,40,40,118,1226,coarse_spatial_context_only,not_captured_by_repository_sources,477
3778,Bollbacken,Sweden,59.6696144591,16.7198857467,https://browser.sead.se/site/3778,chronology_and_bibliography_ready,True,1,117,1,"[""relative_period""]",2,117,38,38,117,15126,coarse_spatial_context_only,not_captured_by_repository_sources,478
3625,kv. Diplomaten,Sweden,57.7801326029,14.1776385425,https://browser.sead.se/site/3625,chronology_and_bibliography_ready,True,1,108,1,"[""relative_period""]",109,108,36,36,108,8067,coarse_spatial_context_only,not_captured_by_repository_sources,479
3571,Löderup,Sweden,55.3942660175,14.119624284,https://browser.sead.se/site/3571,chronology_and_bibliography_ready,True,11,107,1,"[""relative_period""]",108,107,28,28,107,3205,coarse_spatial_context_only,not_captured_by_repository_sources,480
3567,Löderup 3,Sweden,55.4117618327,14.1870925819,https://browser.sead.se/site/3567,chronology_and_bibliography_ready,True,3,102,1,"[""relative_period""]",103,102,26,26,102,3205,coarse_spatial_context_only,not_captured_by_repository_sources,481
3501,Ryssgärdet,Sweden,60.0223094737,17.6252835439,https://browser.sead.se/site/3501,chronology_and_bibliography_ready,True,2,91,1,"[""relative_period""]",93,91,31,31,91,5060,coarse_spatial_context_only,not_captured_by_repository_sources,482
3618,Kv. Hjärtat,Sweden,56.674845,12.857945,https://browser.sead.se/site/3618,chronology_and_bibliography_ready,True,1,88,1,"[""relative_period""]",90,88,22,22,88,6333,coarse_spatial_context_only,not_captured_by_repository_sources,483
3627,kv. Apeln,Sweden,57.7809344937,14.1766281681,https://browser.sead.se/site/3627,chronology_and_bibliography_ready,True,1,88,1,"[""relative_period""]",89,88,30,30,88,8067,coarse_spatial_context_only,not_captured_by_repository_sources,484
3529,Ottenby,Sweden,56.2312599091,16.4093480592,https://browser.sead.se/site/3529,chronology_and_bibliography_ready,True,2,75,1,"[""relative_period""]",78,75,25,25,75,6159,coarse_spatial_context_only,not_captured_by_repository_sources,485
3527,Oxiegården,Sweden,55.5519036958,13.1003383787,https://browser.sead.se/site/3527,chronology_and_bibliography_ready,True,1,75,1,"[""relative_period""]",76,75,21,21,75,6654,coarse_spatial_context_only,not_captured_by_repository_sources,486
3695,Helgö,Sweden,59.275121525,17.7048666706,https://browser.sead.se/site/3695,chronology_and_bibliography_ready,True,2,69,1,"[""relative_period""]",43,69,29,29,69,27450,coarse_spatial_context_only,not_captured_by_repository_sources,487
3472,Snåret,Sweden,60.17375132,17.5145672855,https://browser.sead.se/site/3472,chronology_and_bibliography_ready,True,3,69,1,"[""relative_period""]",2,69,23,23,69,5060,coarse_spatial_context_only,not_captured_by_repository_sources,488
3699,Havor Cemetery,Sweden,57.2156940511,18.2994724079,https://browser.sead.se/site/3699,chronology_and_bibliography_ready,True,2,67,1,"[""relative_period""]",2,67,22,22,67,13558,coarse_spatial_context_only,not_captured_by_repository_sources,489
3694,Hellerö,Sweden,57.97224691,16.6431397144,https://browser.sead.se/site/3694,chronology_and_bibliography_ready,True,2,65,1,"[""relative_period""]",1,65,22,22,65,8480,coarse_spatial_context_only,not_captured_by_repository_sources,490
3712,Gualöv 24,Sweden,56.0423536211,14.4660770572,https://browser.sead.se/site/3712,chronology_and_bibliography_ready,True,2,64,1,"[""relative_period""]",65,64,16,16,64,10817,coarse_spatial_context_only,not_captured_by_repository_sources,491
3814,Alvastra,Sweden,58.2998488401,14.6750613418,https://browser.sead.se/site/3814,chronology_and_bibliography_ready,True,1,60,1,"[""relative_period""]",61,60,20,20,60,3815,coarse_spatial_context_only,not_captured_by_repository_sources,492
3668,Ire,Sweden,57.8345976669,18.6031426781,https://browser.sead.se/site/3668,chronology_and_bibliography_ready,True,1,59,1,"[""relative_period""]",1,59,15,15,59,13558,coarse_spatial_context_only,not_captured_by_repository_sources,493
3655,Karlsfält,Sweden,55.4847331698,13.9070741296,https://browser.sead.se/site/3655,chronology_and_bibliography_ready,True,3,57,1,"[""relative_period""]",58,57,19,19,57,6654,coarse_spatial_context_only,not_captured_by_repository_sources,494
3606,Kärringsjön,Sweden,56.7265579,12.9178706946,https://browser.sead.se/site/3606,chronology_and_bibliography_ready,True,1,57,1,"[""relative_period""]",58,57,15,15,57,6333,coarse_spatial_context_only,not_captured_by_repository_sources,495
3603,Köpingsvik,Sweden,56.8808595397,16.7247647751,https://browser.sead.se/site/3603,chronology_and_bibliography_ready,True,1,57,1,"[""relative_period""]",58,57,19,19,57,6159,coarse_spatial_context_only,not_captured_by_repository_sources,496
3484,Skogsmossen,Sweden,59.380961662,15.5486308036,https://browser.sead.se/site/3484,chronology_and_bibliography_ready,True,1,57,1,"[""relative_period""]",1,57,19,19,57,3873,coarse_spatial_context_only,not_captured_by_repository_sources,497
3696,Helgeandsholmen,Sweden,59.3280421196,18.0693505287,https://browser.sead.se/site/3696,chronology_and_bibliography_ready,True,1,56,1,"[""relative_period""]",57,56,14,14,56,10763,coarse_spatial_context_only,not_captured_by_repository_sources,498
3810,Alvastra Megalithic,Sweden,58.2955658303,14.6483695136,https://browser.sead.se/site/3810,chronology_and_bibliography_ready,True,2,54,1,"[""relative_period""]",55,54,14,14,54,3815,coarse_spatial_context_only,not_captured_by_repository_sources,499
3721,Grevie 365,Sweden,56.3699296725,12.8068788244,https://browser.sead.se/site/3721,chronology_and_bibliography_ready,True,4,51,1,"[""relative_period""]",52,51,17,17,51,6333,coarse_spatial_context_only,not_captured_by_repository_sources,500
3642,Kriminalvårdsanstalten,Sweden,58.3997851642,15.0912249017,https://browser.sead.se/site/3642,chronology_and_bibliography_ready,True,1,48,1,"[""relative_period""]",48,48,16,16,48,9863,coarse_spatial_context_only,not_captured_by_repository_sources,501
3534,Näsan (Sandbro),Sweden,60.0189187641,17.5757477535,https://browser.sead.se/site/3534,chronology_and_bibliography_ready,True,1,46,1,"[""relative_period""]",47,46,12,12,46,5060,coarse_spatial_context_only,not_captured_by_repository_sources,502
3675,Högom,Sweden,62.4011949944,17.2584923185,https://browser.sead.se/site/3675,chronology_and_bibliography_ready,True,2,45,1,"[""relative_period""]",46,45,15,15,45,3577,coarse_spatial_context_only,not_captured_by_repository_sources,503
3644,Klörup-Aggarp,Sweden,55.4617788533,13.1923840822,https://browser.sead.se/site/3644,chronology_and_bibliography_ready,True,1,45,1,"[""relative_period""]",46,45,15,15,45,6654,coarse_spatial_context_only,not_captured_by_repository_sources,504
3629,kv Transval,Sweden,55.9129932095,14.2711883377,https://browser.sead.se/site/3629,chronology_and_bibliography_ready,True,1,45,1,"[""relative_period""]",1,45,15,15,45,3205,coarse_spatial_context_only,not_captured_by_repository_sources,505
3446,Tofta 19,Sweden,55.8613309856,12.9180757959,https://browser.sead.se/site/3446,chronology_and_bibliography_ready,True,2,45,1,"[""relative_period""]",1,45,15,15,45,1226,coarse_spatial_context_only,not_captured_by_repository_sources,506
3765,Bäckby,Sweden,59.6105213849,16.4747040526,https://browser.sead.se/site/3765,chronology_and_bibliography_ready,True,2,42,1,"[""relative_period""]",33,42,14,14,42,15126,coarse_spatial_context_only,not_captured_by_repository_sources,507
3425,Valtersberg,Sweden,57.8819565197,11.9922636942,https://browser.sead.se/site/3425,chronology_and_bibliography_ready,True,1,41,1,"[""relative_period""]",2,41,11,11,41,5005,coarse_spatial_context_only,not_captured_by_repository_sources,508
3439,Tygapil,Sweden,55.3991926004,14.0940762635,https://browser.sead.se/site/3439,chronology_and_bibliography_ready,True,2,40,1,"[""relative_period""]",42,40,10,10,40,3205,coarse_spatial_context_only,not_captured_by_repository_sources,509
3533,Nöbbelöv,Sweden,55.7375244339,13.1442946794,https://browser.sead.se/site/3533,chronology_and_bibliography_ready,True,1,40,1,"[""relative_period""]",41,40,10,10,40,6654,coarse_spatial_context_only,not_captured_by_repository_sources,510
3413,Västervång,Sweden,55.393044865,13.1498252554,https://browser.sead.se/site/3413,chronology_and_bibliography_ready,True,3,39,1,"[""relative_period""]",40,39,13,13,39,6654,coarse_spatial_context_only,not_captured_by_repository_sources,511
3405,Öggestorp,Sweden,57.7181041092,14.3790256531,https://browser.sead.se/site/3405,chronology_and_bibliography_ready,True,1,39,1,"[""relative_period""]",40,39,13,13,39,8067,coarse_spatial_context_only,not_captured_by_repository_sources,512
3781,Björklinge 67,Sweden,60.0238821868,17.5658307313,https://browser.sead.se/site/3781,chronology_and_bibliography_ready,True,6,39,1,"[""relative_period""]",27,39,11,11,39,5060,coarse_spatial_context_only,not_captured_by_repository_sources,513
3704,Hamre,Sweden,59.5939573995,16.6092138172,https://browser.sead.se/site/3704,chronology_and_bibliography_ready,True,2,39,1,"[""relative_period""]",2,39,13,13,39,15126,coarse_spatial_context_only,not_captured_by_repository_sources,514
3572,Löddesborg,Sweden,55.7327738858,12.9760863039,https://browser.sead.se/site/3572,chronology_and_bibliography_ready,True,2,39,1,"[""relative_period""]",1,39,10,10,39,1226,coarse_spatial_context_only,not_captured_by_repository_sources,515
3498,Råinget,Sweden,63.46731987,16.8554086665,https://browser.sead.se/site/3498,chronology_and_bibliography_ready,True,2,36,1,"[""relative_period""]",38,36,13,13,36,1855,coarse_spatial_context_only,not_captured_by_repository_sources,516
3680,Hyllie 106,Sweden,55.5675574832,12.9843075888,https://browser.sead.se/site/3680,chronology_and_bibliography_ready,True,1,36,1,"[""relative_period""]",37,36,12,12,36,1226,coarse_spatial_context_only,not_captured_by_repository_sources,517
3747,Dragby,Sweden,59.9796541212,17.5797046104,https://browser.sead.se/site/3747,chronology_and_bibliography_ready,True,3,36,1,"[""relative_period""]",2,36,12,12,36,27450,coarse_spatial_context_only,not_captured_by_repository_sources,518
3725,Glädjen,Sweden,60.2005055974,17.4968905667,https://browser.sead.se/site/3725,chronology_and_bibliography_ready,True,3,36,1,"[""relative_period""]",1,36,12,12,36,5060,coarse_spatial_context_only,not_captured_by_repository_sources,519
3517,Pryssgården,Sweden,58.6053722728,16.1289079804,https://browser.sead.se/site/3517,chronology_and_bibliography_ready,True,1,35,1,"[""relative_period""]",1,35,12,12,35,12413,coarse_spatial_context_only,not_captured_by_repository_sources,520
3732,Fredriksberg 13D,Sweden,55.5601589807,13.0764550071,https://browser.sead.se/site/3732,chronology_and_bibliography_ready,True,2,34,1,"[""relative_period""]",35,34,9,9,34,6654,coarse_spatial_context_only,not_captured_by_repository_sources,521
3706,Hallunda,Sweden,59.2536012527,17.819165065,https://browser.sead.se/site/3706,chronology_and_bibliography_ready,True,1,33,1,"[""relative_period""]",35,33,11,11,33,27450,coarse_spatial_context_only,not_captured_by_repository_sources,522
3562,Malmahed,Sweden,59.1352959095,16.7303463557,https://browser.sead.se/site/3562,chronology_and_bibliography_ready,True,1,33,1,"[""relative_period""]",35,33,11,11,33,15126,coarse_spatial_context_only,not_captured_by_repository_sources,523
3461,Stävie 3:1,Sweden,55.7682158124,13.0656621037,https://browser.sead.se/site/3461,chronology_and_bibliography_ready,True,1,33,1,"[""relative_period""]",35,33,11,11,33,6654,coarse_spatial_context_only,not_captured_by_repository_sources,524
3624,kv. Dromedaren,Sweden,57.7803345692,14.182476882,https://browser.sead.se/site/3624,chronology_and_bibliography_ready,True,1,33,1,"[""relative_period""]",34,33,11,11,33,8067,coarse_spatial_context_only,not_captured_by_repository_sources,525
3795,Barshaldershed,Sweden,57.1065632606,18.3180837861,https://browser.sead.se/site/3795,chronology_and_bibliography_ready,True,1,33,1,"[""relative_period""]",5,33,10,10,33,13558,coarse_spatial_context_only,not_captured_by_repository_sources,526
3605,Kättsta,Sweden,59.96193244,17.6484353865,https://browser.sead.se/site/3605,chronology_and_bibliography_ready,True,2,33,1,"[""relative_period""]",2,33,11,11,33,27450,coarse_spatial_context_only,not_captured_by_repository_sources,527
3727,Gene,Sweden,63.2498906237,18.7052871436,https://browser.sead.se/site/3727,chronology_and_bibliography_ready,True,1,33,1,"[""relative_period""]",1,33,10,10,33,1672,coarse_spatial_context_only,not_captured_by_repository_sources,528
3474,Smällan,Sweden,59.1566599447,17.8264367691,https://browser.sead.se/site/3474,chronology_and_bibliography_ready,True,2,33,1,"[""relative_period""]",1,33,11,11,33,27450,coarse_spatial_context_only,not_captured_by_repository_sources,529
3705,Hamnparken,Sweden,57.7831578373,14.1663359689,https://browser.sead.se/site/3705,chronology_and_bibliography_ready,True,1,32,1,"[""relative_period""]",32,32,13,13,32,8067,coarse_spatial_context_only,not_captured_by_repository_sources,530
3551,Mjäla,Sweden,63.2465951671,18.4410039506,https://browser.sead.se/site/3551,chronology_and_bibliography_ready,True,2,30,1,"[""relative_period""]",33,30,10,10,30,1672,coarse_spatial_context_only,not_captured_by_repository_sources,531
3811,Almhov subarea 1,Sweden,55.560345197,12.9450954079,https://browser.sead.se/site/3811,chronology_and_bibliography_ready,True,1,30,1,"[""relative_period""]",31,30,10,10,30,1226,coarse_spatial_context_only,not_captured_by_repository_sources,532
3809,Amhult,Sweden,57.7142363439,11.7782901544,https://browser.sead.se/site/3809,chronology_and_bibliography_ready,True,1,30,1,"[""relative_period""]",31,30,10,10,30,5005,coarse_spatial_context_only,not_captured_by_repository_sources,533
3786,Bjäresjö,Sweden,55.4539044278,13.7400730712,https://browser.sead.se/site/3786,chronology_and_bibliography_ready,True,1,30,1,"[""relative_period""]",31,30,10,10,30,6654,coarse_spatial_context_only,not_captured_by_repository_sources,534
3783,Bjästamon,Sweden,63.217454034,18.4769625082,https://browser.sead.se/site/3783,chronology_and_bibliography_ready,True,1,30,1,"[""relative_period""]",31,30,10,10,30,1672,coarse_spatial_context_only,not_captured_by_repository_sources,535
3773,Broåsen,Sweden,57.1224545596,12.3945008421,https://browser.sead.se/site/3773,chronology_and_bibliography_ready,True,1,30,1,"[""relative_period""]",31,30,10,10,30,8569,coarse_spatial_context_only,not_captured_by_repository_sources,536
3663,Järrestad,Sweden,55.5386383556,14.2927224111,https://browser.sead.se/site/3663,chronology_and_bibliography_ready,True,1,30,1,"[""relative_period""]",31,30,10,10,30,3205,coarse_spatial_context_only,not_captured_by_repository_sources,537
3662,Järrestad SU1,Sweden,55.5353450009,14.2756056403,https://browser.sead.se/site/3662,chronology_and_bibliography_ready,True,2,30,1,"[""relative_period""]",31,30,10,10,30,3205,coarse_spatial_context_only,not_captured_by_repository_sources,538
3661,Järrestad SU2,Sweden,55.5348436416,14.2804949899,https://browser.sead.se/site/3661,chronology_and_bibliography_ready,True,2,30,1,"[""relative_period""]",31,30,10,10,30,3205,coarse_spatial_context_only,not_captured_by_repository_sources,539
3620,"kv. Havren, Djurängen",Sweden,56.6857290515,16.3359655674,https://browser.sead.se/site/3620,chronology_and_bibliography_ready,True,1,30,1,"[""relative_period""]",31,30,10,10,30,6159,coarse_spatial_context_only,not_captured_by_repository_sources,540
3700,Hasslösa,Sweden,58.4278306536,13.2814309958,https://browser.sead.se/site/3700,chronology_and_bibliography_ready,True,1,30,1,"[""relative_period""]",1,30,8,8,30,10501,coarse_spatial_context_only,not_captured_by_repository_sources,541
3540,Norra Nöbbelöv,Sweden,55.7375244339,13.1442946794,https://browser.sead.se/site/3540,chronology_and_bibliography_ready,True,2,30,1,"[""relative_period""]",1,30,10,10,30,6654,coarse_spatial_context_only,not_captured_by_repository_sources,542
3526,"Oxsätra, Anneberg",Sweden,59.9975636047,17.3615351055,https://browser.sead.se/site/3526,chronology_and_bibliography_ready,True,1,30,1,"[""relative_period""]",1,30,10,10,30,27450,coarse_spatial_context_only,not_captured_by_repository_sources,543
3815,Lockarp 7B,Sweden,55.5483095632,13.0170149303,https://browser.sead.se/site/3815,chronology_and_bibliography_ready,True,4,29,1,"[""relative_period""]",30,29,10,10,29,6654,coarse_spatial_context_only,not_captured_by_repository_sources,544
3630,kv Tankbåten,Sweden,55.4266962053,13.792960182,https://browser.sead.se/site/3630,chronology_and_bibliography_ready,True,1,28,1,"[""relative_period""]",31,28,8,8,28,6654,coarse_spatial_context_only,not_captured_by_repository_sources,545
3731,Fredriksberg 13E,Sweden,55.5666972007,13.0882208523,https://browser.sead.se/site/3731,chronology_and_bibliography_ready,True,1,28,1,"[""relative_period""]",29,28,7,7,28,6654,coarse_spatial_context_only,not_captured_by_repository_sources,546
3489,Saxtorp (SU 8),Sweden,55.8478896616,12.9644832433,https://browser.sead.se/site/3489,chronology_and_bibliography_ready,True,1,27,1,"[""relative_period""]",29,27,9,9,27,1226,coarse_spatial_context_only,not_captured_by_repository_sources,547
3418,Vistad,Sweden,58.3166922306,14.9618853709,https://browser.sead.se/site/3418,chronology_and_bibliography_ready,True,1,27,1,"[""relative_period""]",29,27,9,9,27,3815,coarse_spatial_context_only,not_captured_by_repository_sources,548
3509,Ringeby,Sweden,58.631513014,16.1568613192,https://browser.sead.se/site/3509,chronology_and_bibliography_ready,True,2,27,1,"[""relative_period""]",28,27,7,7,27,12413,coarse_spatial_context_only,not_captured_by_repository_sources,549
3462,Ställverksboplatsen,Sweden,63.4390824281,16.887205619,https://browser.sead.se/site/3462,chronology_and_bibliography_ready,True,3,26,1,"[""relative_period""]",28,26,9,9,26,1855,coarse_spatial_context_only,not_captured_by_repository_sources,550
3619,kv. Hemmet,Sweden,57.7817481867,14.1609872027,https://browser.sead.se/site/3619,chronology_and_bibliography_ready,True,1,26,1,"[""relative_period""]",26,26,11,11,26,8067,coarse_spatial_context_only,not_captured_by_repository_sources,551
3745,Dösjebro (SU 19),Sweden,55.8203973334,13.0402615544,https://browser.sead.se/site/3745,chronology_and_bibliography_ready,True,1,24,1,"[""relative_period""]",26,24,8,8,24,6654,coarse_spatial_context_only,not_captured_by_repository_sources,552
3683,Husby,Sweden,59.306730261,15.3765346176,https://browser.sead.se/site/3683,chronology_and_bibliography_ready,True,1,24,1,"[""relative_period""]",25,24,8,8,24,3873,coarse_spatial_context_only,not_captured_by_repository_sources,553
3476,Smedsbo,Sweden,60.1068567683,17.1996429863,https://browser.sead.se/site/3476,chronology_and_bibliography_ready,True,1,24,1,"[""relative_period""]",25,24,6,6,24,5060,coarse_spatial_context_only,not_captured_by_repository_sources,554
3428,Valje,Sweden,56.0640559691,14.5528904401,https://browser.sead.se/site/3428,chronology_and_bibliography_ready,True,1,24,1,"[""relative_period""]",25,24,8,8,24,10817,coarse_spatial_context_only,not_captured_by_repository_sources,555
3449,Tannefors,Sweden,58.4030694274,15.7009580259,https://browser.sead.se/site/3449,chronology_and_bibliography_ready,True,2,24,1,"[""relative_period""]",24,24,8,8,24,9863,coarse_spatial_context_only,not_captured_by_repository_sources,556
3538,Norrsunda 167,Sweden,59.5823823298,17.9006114213,https://browser.sead.se/site/3538,chronology_and_bibliography_ready,True,2,24,1,"[""relative_period""]",17,24,8,8,24,27450,coarse_spatial_context_only,not_captured_by_repository_sources,557
3709,Gödåker,Sweden,60.0496770632,17.6677705788,https://browser.sead.se/site/3709,chronology_and_bibliography_ready,True,1,24,1,"[""relative_period""]",5,24,8,8,24,5060,coarse_spatial_context_only,not_captured_by_repository_sources,558
3633,kv Kastanjegården,Sweden,55.5551992037,13.0234541473,https://browser.sead.se/site/3633,chronology_and_bibliography_ready,True,5,23,1,"[""relative_period""]",24,23,6,6,23,6654,coarse_spatial_context_only,not_captured_by_repository_sources,559
3670,Ingelstorp: Cemetery 4,Sweden,55.4191368397,14.0369346669,https://browser.sead.se/site/3670,chronology_and_bibliography_ready,True,1,22,1,"[""relative_period""]",23,22,6,6,22,3205,coarse_spatial_context_only,not_captured_by_repository_sources,560
3623,kv. Elektronen,Sweden,57.78773619,14.2645885962,https://browser.sead.se/site/3623,chronology_and_bibliography_ready,True,1,21,1,"[""relative_period""]",22,21,7,7,21,8067,coarse_spatial_context_only,not_captured_by_repository_sources,561
3470,Sockengränsen,Sweden,56.0588566108,14.4531948768,https://browser.sead.se/site/3470,chronology_and_bibliography_ready,True,1,21,1,"[""relative_period""]",22,21,7,7,21,10817,coarse_spatial_context_only,not_captured_by_repository_sources,562
3424,Vanneberga,Sweden,55.9944577384,14.3472834655,https://browser.sead.se/site/3424,chronology_and_bibliography_ready,True,1,21,1,"[""relative_period""]",22,21,7,7,21,3205,coarse_spatial_context_only,not_captured_by_repository_sources,563
3609,Kyrkheddinge,Sweden,55.646106645,13.2715920476,https://browser.sead.se/site/3609,chronology_and_bibliography_ready,True,1,21,1,"[""relative_period""]",21,21,7,7,21,6654,coarse_spatial_context_only,not_captured_by_repository_sources,564
3777,Borgeby,Sweden,55.7505648796,13.0378850708,https://browser.sead.se/site/3777,chronology_and_bibliography_ready,True,1,21,1,"[""relative_period""]",1,21,7,7,21,6654,coarse_spatial_context_only,not_captured_by_repository_sources,565
3455,Säbyholm,Sweden,55.9063531786,12.8303871012,https://browser.sead.se/site/3455,chronology_and_bibliography_ready,True,1,21,1,"[""relative_period""]",1,21,7,7,21,1226,coarse_spatial_context_only,not_captured_by_repository_sources,566
3677,Hällby,Sweden,59.6556606765,17.2808209765,https://browser.sead.se/site/3677,chronology_and_bibliography_ready,True,2,20,1,"[""relative_period""]",22,20,5,5,20,27450,coarse_spatial_context_only,not_captured_by_repository_sources,567
3689,Hjulberga 2,Sweden,59.336867764,15.1143608104,https://browser.sead.se/site/3689,chronology_and_bibliography_ready,True,1,20,1,"[""relative_period""]",21,20,5,5,20,3873,coarse_spatial_context_only,not_captured_by_repository_sources,568
3580,Lunda omr. B,Sweden,59.3686002744,16.9530090902,https://browser.sead.se/site/3580,chronology_and_bibliography_ready,True,1,20,1,"[""relative_period""]",21,20,5,5,20,15126,coarse_spatial_context_only,not_captured_by_repository_sources,569
3576,Lundströms plats,Sweden,57.7831319901,14.1610560072,https://browser.sead.se/site/3576,chronology_and_bibliography_ready,True,1,20,1,"[""relative_period""]",21,20,7,7,20,8067,coarse_spatial_context_only,not_captured_by_repository_sources,570
3570,Löderup 103,Sweden,55.3947333561,14.1385603467,https://browser.sead.se/site/3570,chronology_and_bibliography_ready,True,1,20,1,"[""relative_period""]",21,20,5,5,20,3205,coarse_spatial_context_only,not_captured_by_repository_sources,571
3516,Prästgården,Sweden,60.0288075655,17.5466800928,https://browser.sead.se/site/3516,chronology_and_bibliography_ready,True,2,20,1,"[""relative_period""]",21,20,5,5,20,5060,coarse_spatial_context_only,not_captured_by_repository_sources,572
3581,Lockarp 7A,Sweden,55.5474961774,13.0123000965,https://browser.sead.se/site/3581,chronology_and_bibliography_ready,True,3,20,1,"[""relative_period""]",13,12,3,3,12,6654,coarse_spatial_context_only,not_captured_by_repository_sources,573
3669,Ingelstorp: Granhill,Sweden,55.4209398021,14.0285645566,https://browser.sead.se/site/3669,chronology_and_bibliography_ready,True,1,19,1,"[""relative_period""]",20,19,5,5,19,3205,coarse_spatial_context_only,not_captured_by_repository_sources,574
3483,Skrea 106,Sweden,56.9039003636,12.5733134738,https://browser.sead.se/site/3483,chronology_and_bibliography_ready,True,2,19,1,"[""relative_period""]",20,19,8,8,19,6333,coarse_spatial_context_only,not_captured_by_repository_sources,575
3507,Roes,Sweden,57.1065632606,18.3180837861,https://browser.sead.se/site/3507,chronology_and_bibliography_ready,True,1,19,1,"[""relative_period""]",1,19,5,5,19,13558,coarse_spatial_context_only,not_captured_by_repository_sources,576
6,Stafsinge Raä 116,Sweden,56.9213888892,12.4922222219,https://browser.sead.se/site/6,chronology_and_bibliography_ready,True,3,18,1,"[""relative_period""]",23,23,7,177,538,6333,coarse_spatial_context_only,not_captured_by_repository_sources,577
3451,Söderåkra,Sweden,56.4518101707,16.0762879288,https://browser.sead.se/site/3451,chronology_and_bibliography_ready,True,2,18,1,"[""relative_period""]",20,18,6,6,18,6159,coarse_spatial_context_only,not_captured_by_repository_sources,578
3632,kv Katten,Sweden,55.375629596,13.1458401693,https://browser.sead.se/site/3632,chronology_and_bibliography_ready,True,1,18,1,"[""relative_period""]",19,18,6,6,18,6654,coarse_spatial_context_only,not_captured_by_repository_sources,579
3591,Lilla Tvären,Sweden,55.4317889627,13.7827217761,https://browser.sead.se/site/3591,chronology_and_bibliography_ready,True,1,18,1,"[""relative_period""]",18,18,6,6,18,6654,coarse_spatial_context_only,not_captured_by_repository_sources,580
3616,kv. Specksrum,Sweden,57.6423694195,18.2943374631,https://browser.sead.se/site/3616,chronology_and_bibliography_ready,True,1,18,1,"[""relative_period""]",16,18,6,6,18,13558,coarse_spatial_context_only,not_captured_by_repository_sources,581
3575,Lundåkra,Sweden,55.7821241478,12.936672096,https://browser.sead.se/site/3575,chronology_and_bibliography_ready,True,1,18,1,"[""relative_period""]",1,18,6,6,18,1226,coarse_spatial_context_only,not_captured_by_repository_sources,582
3454,Särslöv,Sweden,55.8177808202,13.0748875974,https://browser.sead.se/site/3454,chronology_and_bibliography_ready,True,1,18,1,"[""relative_period""]",1,18,6,6,18,6654,coarse_spatial_context_only,not_captured_by_repository_sources,583
3452,Söderby,Sweden,59.8049127342,17.7595491137,https://browser.sead.se/site/3452,chronology_and_bibliography_ready,True,1,18,1,"[""relative_period""]",1,18,6,6,18,27450,coarse_spatial_context_only,not_captured_by_repository_sources,584
3764,Carlshögen,Sweden,55.4138031246,14.1425526023,https://browser.sead.se/site/3764,chronology_and_bibliography_ready,True,1,16,1,"[""relative_period""]",18,16,4,4,16,3205,coarse_spatial_context_only,not_captured_by_repository_sources,585
3513,Ramshög,Sweden,55.4089171856,14.1716094028,https://browser.sead.se/site/3513,chronology_and_bibliography_ready,True,1,16,1,"[""relative_period""]",18,16,4,4,16,3205,coarse_spatial_context_only,not_captured_by_repository_sources,586
3486,Siretorp,Sweden,56.0228937093,14.6077538519,https://browser.sead.se/site/3486,chronology_and_bibliography_ready,True,3,16,1,"[""relative_period""]",18,16,5,5,16,10817,coarse_spatial_context_only,not_captured_by_repository_sources,587
3690,Hjulberga 1,Sweden,59.3407215532,15.1128794848,https://browser.sead.se/site/3690,chronology_and_bibliography_ready,True,1,16,1,"[""relative_period""]",17,16,4,4,16,3873,coarse_spatial_context_only,not_captured_by_repository_sources,588
3673,Ingelstorp 14,Sweden,55.4162743064,14.0351718095,https://browser.sead.se/site/3673,chronology_and_bibliography_ready,True,1,16,1,"[""relative_period""]",17,16,4,4,16,3205,coarse_spatial_context_only,not_captured_by_repository_sources,589
3637,Kungsnäs,Sweden,62.405592897,17.2053946237,https://browser.sead.se/site/3637,chronology_and_bibliography_ready,True,1,16,1,"[""relative_period""]",17,16,4,4,16,3577,coarse_spatial_context_only,not_captured_by_repository_sources,590
3622,kv. Galeasen,Sweden,57.7814057077,14.1635344017,https://browser.sead.se/site/3622,chronology_and_bibliography_ready,True,1,16,1,"[""relative_period""]",16,16,6,6,16,8067,coarse_spatial_context_only,not_captured_by_repository_sources,591
3450,Söderåkra (Eket),Sweden,56.4592866705,16.0782357655,https://browser.sead.se/site/3450,chronology_and_bibliography_ready,True,2,16,1,"[""relative_period""]",1,16,5,5,16,6159,coarse_spatial_context_only,not_captured_by_repository_sources,592
3807,Annelöv,Sweden,55.8268344247,13.0062972237,https://browser.sead.se/site/3807,chronology_and_bibliography_ready,True,1,15,1,"[""relative_period""]",17,15,5,5,15,6654,coarse_spatial_context_only,not_captured_by_repository_sources,593
3547,Mören,Sweden,56.6181953073,16.1539430666,https://browser.sead.se/site/3547,chronology_and_bibliography_ready,True,2,15,1,"[""relative_period""]",17,15,5,5,15,6159,coarse_spatial_context_only,not_captured_by_repository_sources,594
3782,Björkekärr,Sweden,56.1078818239,15.8110374181,https://browser.sead.se/site/3782,chronology_and_bibliography_ready,True,1,15,1,"[""relative_period""]",16,15,5,5,15,5849,coarse_spatial_context_only,not_captured_by_repository_sources,595
3702,Harplinge 151,Sweden,56.7137605358,12.71284495,https://browser.sead.se/site/3702,chronology_and_bibliography_ready,True,2,15,1,"[""relative_period""]",16,15,5,5,15,6333,coarse_spatial_context_only,not_captured_by_repository_sources,596
3569,Löderup 21,Sweden,55.4070184609,14.188642964,https://browser.sead.se/site/3569,chronology_and_bibliography_ready,True,2,15,1,"[""relative_period""]",16,15,4,4,15,3205,coarse_spatial_context_only,not_captured_by_repository_sources,597
3546,Mötesstation Kosjärv,Sweden,65.9296806316,22.8561489804,https://browser.sead.se/site/3546,chronology_and_bibliography_ready,True,1,15,1,"[""relative_period""]",16,15,5,5,15,654,coarse_spatial_context_only,not_captured_by_repository_sources,598
3468,Soldattorpet (Limhamn),Sweden,55.5897104075,12.9414976957,https://browser.sead.se/site/3468,chronology_and_bibliography_ready,True,1,15,1,"[""relative_period""]",16,15,5,5,15,1226,coarse_spatial_context_only,not_captured_by_repository_sources,599
3404,Östra Spång,Sweden,56.2879514518,13.3279141309,https://browser.sead.se/site/3404,chronology_and_bibliography_ready,True,1,15,1,"[""relative_period""]",16,15,5,5,15,8912,coarse_spatial_context_only,not_captured_by_repository_sources,600
3799,Backa,Sweden,59.4032293793,12.1372490483,https://browser.sead.se/site/3799,chronology_and_bibliography_ready,True,1,15,1,"[""relative_period""]",15,15,5,5,15,3762,coarse_spatial_context_only,not_captured_by_repository_sources,601
3585,Linköping 188,Sweden,58.39742625,15.6360396796,https://browser.sead.se/site/3585,chronology_and_bibliography_ready,True,1,15,1,"[""relative_period""]",15,15,5,5,15,9863,coarse_spatial_context_only,not_captured_by_repository_sources,602
3678,Håga,Sweden,59.8373397267,17.5824619728,https://browser.sead.se/site/3678,chronology_and_bibliography_ready,True,1,15,1,"[""relative_period""]",2,15,5,5,15,27450,coarse_spatial_context_only,not_captured_by_repository_sources,603
3785,Bjärred,Sweden,55.7258029158,13.0287762699,https://browser.sead.se/site/3785,chronology_and_bibliography_ready,True,1,15,1,"[""relative_period""]",1,15,5,5,15,6654,coarse_spatial_context_only,not_captured_by_repository_sources,604
3741,Eklundshov,Sweden,59.1885552299,17.9032000709,https://browser.sead.se/site/3741,chronology_and_bibliography_ready,True,2,15,1,"[""relative_period""]",1,15,5,5,15,27450,coarse_spatial_context_only,not_captured_by_repository_sources,605
3812,Alby,Sweden,56.4894623638,16.5763567902,https://browser.sead.se/site/3812,chronology_and_bibliography_ready,True,1,12,1,"[""relative_period""]",14,12,4,4,12,6159,coarse_spatial_context_only,not_captured_by_repository_sources,606
3754,Dagstorp (SU 17),Sweden,55.8231621926,13.0378076627,https://browser.sead.se/site/3754,chronology_and_bibliography_ready,True,1,12,1,"[""relative_period""]",14,12,4,4,12,6654,coarse_spatial_context_only,not_captured_by_repository_sources,607
3626,kv. Bronsyxan,Sweden,55.5650588849,13.0425139125,https://browser.sead.se/site/3626,chronology_and_bibliography_ready,True,1,12,1,"[""relative_period""]",14,12,3,3,12,6654,coarse_spatial_context_only,not_captured_by_repository_sources,608
3774,Brogård,Sweden,56.7269567418,12.9418776008,https://browser.sead.se/site/3774,chronology_and_bibliography_ready,True,1,12,1,"[""relative_period""]",13,12,4,4,12,6333,coarse_spatial_context_only,not_captured_by_repository_sources,609
3722,Grevie 363,Sweden,56.3632478676,12.7990216084,https://browser.sead.se/site/3722,chronology_and_bibliography_ready,True,2,12,1,"[""relative_period""]",13,12,4,4,12,6333,coarse_spatial_context_only,not_captured_by_repository_sources,610
3685,Hune hall/Arlösa,Sweden,56.7200399504,12.9193096558,https://browser.sead.se/site/3685,chronology_and_bibliography_ready,True,1,12,1,"[""relative_period""]",13,12,4,4,12,6333,coarse_spatial_context_only,not_captured_by_repository_sources,611
3676,Hästholmen,Sweden,59.3751155269,11.9281022166,https://browser.sead.se/site/3676,chronology_and_bibliography_ready,True,1,12,1,"[""relative_period""]",13,12,4,4,12,1520,coarse_spatial_context_only,not_captured_by_repository_sources,612
3667,Ivetofta,Sweden,56.0885117271,14.4645066099,https://browser.sead.se/site/3667,chronology_and_bibliography_ready,True,1,12,1,"[""relative_period""]",13,12,3,3,12,10817,coarse_spatial_context_only,not_captured_by_repository_sources,613
3634,kv Gröningen,Sweden,55.3769870556,13.1464553701,https://browser.sead.se/site/3634,chronology_and_bibliography_ready,True,1,12,1,"[""relative_period""]",13,12,4,4,12,6654,coarse_spatial_context_only,not_captured_by_repository_sources,614
3614,Kvarnbacken/kv. Cisternen/Galgegärdsbacken,Sweden,58.4415750789,14.9140626991,https://browser.sead.se/site/3614,chronology_and_bibliography_ready,True,1,12,1,"[""relative_period""]",13,12,4,4,12,3815,coarse_spatial_context_only,not_captured_by_repository_sources,615
3561,Malmö 32,Sweden,55.5926550673,13.124444939,https://browser.sead.se/site/3561,chronology_and_bibliography_ready,True,2,12,1,"[""relative_period""]",13,12,3,3,12,6654,coarse_spatial_context_only,not_captured_by_repository_sources,616
3553,Millingsmossen 1,Sweden,59.0333818016,17.9577919364,https://browser.sead.se/site/3553,chronology_and_bibliography_ready,True,2,12,1,"[""relative_period""]",13,12,4,4,12,27450,coarse_spatial_context_only,not_captured_by_repository_sources,617
3459,Svågertorp 8B-C,Sweden,55.5468493119,12.9941183078,https://browser.sead.se/site/3459,chronology_and_bibliography_ready,True,1,12,1,"[""relative_period""]",13,12,3,3,12,1226,coarse_spatial_context_only,not_captured_by_repository_sources,618
3430,Valboön,Sweden,60.6304902634,16.9968297732,https://browser.sead.se/site/3430,chronology_and_bibliography_ready,True,1,12,1,"[""relative_period""]",13,12,3,3,12,4239,coarse_spatial_context_only,not_captured_by_repository_sources,619
3410,Ål 291,Sweden,60.6822232925,15.0880178416,https://browser.sead.se/site/3410,chronology_and_bibliography_ready,True,1,12,1,"[""relative_period""]",13,12,3,3,12,3988,coarse_spatial_context_only,not_captured_by_repository_sources,620
3621,kv. Gladan,Sweden,57.7817481867,14.1609872027,https://browser.sead.se/site/3621,chronology_and_bibliography_ready,True,1,12,1,"[""relative_period""]",12,12,5,5,12,8067,coarse_spatial_context_only,not_captured_by_repository_sources,621
3543,Nibble,Sweden,59.6483203386,16.9979235775,https://browser.sead.se/site/3543,chronology_and_bibliography_ready,True,1,12,1,"[""relative_period""]",12,12,3,3,12,15126,coarse_spatial_context_only,not_captured_by_repository_sources,622
3482,Skummeslöv,Sweden,56.4509794793,12.9534679856,https://browser.sead.se/site/3482,chronology_and_bibliography_ready,True,1,12,1,"[""relative_period""]",12,12,3,3,12,6333,coarse_spatial_context_only,not_captured_by_repository_sources,623
3613,Kvedesta,Sweden,59.1426078909,17.6288234942,https://browser.sead.se/site/3613,chronology_and_bibliography_ready,True,1,12,1,"[""relative_period""]",1,12,4,4,12,27450,coarse_spatial_context_only,not_captured_by_repository_sources,624
3899,Juteboda,Sweden,56.2017762609,14.3819028171,https://browser.sead.se/site/3899,chronology_and_bibliography_ready,True,7,11,1,"[""dating_range""]",90,90,1,18,90,10817,coarse_spatial_context_only,not_captured_by_repository_sources,625
3672,Ingelstorp 8,Sweden,55.4302139533,14.0468895814,https://browser.sead.se/site/3672,chronology_and_bibliography_ready,True,2,10,1,"[""relative_period""]",12,10,3,3,10,3205,coarse_spatial_context_only,not_captured_by_repository_sources,626
6486,Skänninge Abbey,Sweden,58.398269,15.082804,https://browser.sead.se/site/6486,chronology_and_bibliography_ready,True,1,10,1,"[""relative_period""]",11,10,5,5,10,9863,coarse_spatial_context_only,not_captured_by_repository_sources,627
3638,Kungsbro Motorcykel,Sweden,58.5006165622,15.5356922244,https://browser.sead.se/site/3638,chronology_and_bibliography_ready,True,1,10,1,"[""relative_period""]",10,10,5,5,10,9863,coarse_spatial_context_only,not_captured_by_repository_sources,628
3564,Lövstaholm,Sweden,59.8998399562,17.6530552591,https://browser.sead.se/site/3564,chronology_and_bibliography_ready,True,1,10,1,"[""relative_period""]",10,10,10,10,10,27450,coarse_spatial_context_only,not_captured_by_repository_sources,629
3466,Sommaränge Skog,Sweden,60.0810828871,17.5993343957,https://browser.sead.se/site/3466,chronology_and_bibliography_ready,True,1,9,1,"[""relative_period""]",11,9,3,3,9,5060,coarse_spatial_context_only,not_captured_by_repository_sources,630
3420,Vik,Sweden,55.6137376283,14.2879259394,https://browser.sead.se/site/3420,chronology_and_bibliography_ready,True,1,9,1,"[""relative_period""]",11,9,3,3,9,3205,coarse_spatial_context_only,not_captured_by_repository_sources,631
3408,Årup (Skräbeån),Sweden,56.0627308134,14.4742592081,https://browser.sead.se/site/3408,chronology_and_bibliography_ready,True,1,9,1,"[""relative_period""]",11,9,3,3,9,10817,coarse_spatial_context_only,not_captured_by_repository_sources,632
3780,Björkön,Sweden,58.784668681,12.473268136,https://browser.sead.se/site/3780,chronology_and_bibliography_ready,True,1,9,1,"[""relative_period""]",10,9,3,3,9,7321,coarse_spatial_context_only,not_captured_by_repository_sources,633
3760,Charlottendal,Sweden,57.7910440589,13.1336652361,https://browser.sead.se/site/3760,chronology_and_bibliography_ready,True,1,9,1,"[""relative_period""]",10,9,3,3,9,8587,coarse_spatial_context_only,not_captured_by_repository_sources,634
3493,Rössberga Megalithic,Sweden,58.2295448068,13.6062499925,https://browser.sead.se/site/3493,chronology_and_bibliography_ready,True,1,9,1,"[""relative_period""]",10,9,3,3,9,10501,coarse_spatial_context_only,not_captured_by_repository_sources,635
3480,Skånes-Fagerhult 125,Sweden,56.3198756727,13.4229256424,https://browser.sead.se/site/3480,chronology_and_bibliography_ready,True,1,9,1,"[""relative_period""]",10,9,3,3,9,8912,coarse_spatial_context_only,not_captured_by_repository_sources,636
3422,Veta 45,Sweden,58.3509511955,15.2594751972,https://browser.sead.se/site/3422,chronology_and_bibliography_ready,True,1,9,1,"[""relative_period""]",9,9,3,3,9,9863,coarse_spatial_context_only,not_captured_by_repository_sources,637
3784,Bjärtrå stronghold,Sweden,63.0055413423,17.8368904605,https://browser.sead.se/site/3784,chronology_and_bibliography_ready,True,1,9,1,"[""relative_period""]",1,9,3,3,9,2199,coarse_spatial_context_only,not_captured_by_repository_sources,638
3749,Darsgärde,Sweden,59.7179456261,18.4872232051,https://browser.sead.se/site/3749,chronology_and_bibliography_ready,True,1,9,1,"[""relative_period""]",1,9,3,3,9,10763,coarse_spatial_context_only,not_captured_by_repository_sources,639
3481,Skumparberget,Sweden,59.3765721103,15.3849637001,https://browser.sead.se/site/3481,chronology_and_bibliography_ready,True,1,9,1,"[""relative_period""]",1,9,3,3,9,3873,coarse_spatial_context_only,not_captured_by_repository_sources,640
3464,Sotmyra,Sweden,60.0355893976,17.4536866826,https://browser.sead.se/site/3464,chronology_and_bibliography_ready,True,1,9,1,"[""relative_period""]",1,9,3,3,9,5060,coarse_spatial_context_only,not_captured_by_repository_sources,641
3813,Albertshög,Sweden,55.4051851535,14.126014565,https://browser.sead.se/site/3813,chronology_and_bibliography_ready,True,1,8,1,"[""relative_period""]",10,8,2,2,8,3205,coarse_spatial_context_only,not_captured_by_repository_sources,642
3794,Beddinge,Sweden,55.3813999067,13.4456315785,https://browser.sead.se/site/3794,chronology_and_bibliography_ready,True,1,8,1,"[""relative_period""]",9,8,2,2,8,6654,coarse_spatial_context_only,not_captured_by_repository_sources,643
3594,Lexby,Sweden,57.744930248,12.1316691989,https://browser.sead.se/site/3594,chronology_and_bibliography_ready,True,1,8,1,"[""relative_period""]",9,8,2,2,8,8569,coarse_spatial_context_only,not_captured_by_repository_sources,644
3531,Orraryd,Sweden,56.6976711797,14.9855975611,https://browser.sead.se/site/3531,chronology_and_bibliography_ready,True,1,8,1,"[""relative_period""]",9,8,2,2,8,10817,coarse_spatial_context_only,not_captured_by_repository_sources,645
3471,Snöstorp 106,Sweden,56.6390765233,12.9308154089,https://browser.sead.se/site/3471,chronology_and_bibliography_ready,True,1,8,1,"[""relative_period""]",2,8,3,3,8,6333,coarse_spatial_context_only,not_captured_by_repository_sources,646
3806,Annexhemmanet,Sweden,57.2277522941,18.3716316341,https://browser.sead.se/site/3806,chronology_and_bibliography_ready,True,1,8,1,"[""relative_period""]",1,8,2,2,8,13558,coarse_spatial_context_only,not_captured_by_repository_sources,647
3687,Hubbo,Sweden,59.6596582175,16.614970102,https://browser.sead.se/site/3687,chronology_and_bibliography_ready,True,2,8,1,"[""relative_period""]",1,8,3,3,8,15126,coarse_spatial_context_only,not_captured_by_repository_sources,648
3434,Uddvide,Sweden,57.1065632606,18.3180837861,https://browser.sead.se/site/3434,chronology_and_bibliography_ready,True,1,8,1,"[""relative_period""]",1,8,2,2,8,13558,coarse_spatial_context_only,not_captured_by_repository_sources,649
3767,Burlöv 20C,Sweden,55.6336364936,13.1080299741,https://browser.sead.se/site/3767,chronology_and_bibliography_ready,True,2,7,1,"[""relative_period""]",12,11,3,3,11,6654,coarse_spatial_context_only,not_captured_by_repository_sources,650
3590,Lilla Ulvgryt,Sweden,59.2474249776,15.0600284814,https://browser.sead.se/site/3590,chronology_and_bibliography_ready,True,1,7,1,"[""relative_period""]",8,7,2,2,7,3873,coarse_spatial_context_only,not_captured_by_repository_sources,651
3431,V Sandudden,Sweden,65.6483993174,18.3407217548,https://browser.sead.se/site/3431,chronology_and_bibliography_ready,True,1,7,1,"[""relative_period""]",8,7,3,3,7,1168,coarse_spatial_context_only,not_captured_by_repository_sources,652
3427,Vallby,Sweden,59.3613691005,15.0865799962,https://browser.sead.se/site/3427,chronology_and_bibliography_ready,True,2,7,1,"[""relative_period""]",6,7,2,2,7,3873,coarse_spatial_context_only,not_captured_by_repository_sources,653
3595,Lesjön,Sweden,63.9159767382,16.2725933747,https://browser.sead.se/site/3595,chronology_and_bibliography_ready,True,2,7,1,"[""relative_period""]",5,7,3,3,7,1855,coarse_spatial_context_only,not_captured_by_repository_sources,654
3674,Hötofta,Sweden,55.4944327562,13.0775391121,https://browser.sead.se/site/3674,chronology_and_bibliography_ready,True,1,7,1,"[""relative_period""]",1,7,2,2,7,6654,coarse_spatial_context_only,not_captured_by_repository_sources,655
3870,Lilla Björkudden,Sweden,57.8519241425,14.5144450883,https://browser.sead.se/site/3870,chronology_and_bibliography_ready,True,3,6,1,"[""dating_range""]",42,42,1,7,42,8067,coarse_spatial_context_only,not_captured_by_repository_sources,656
3611,Kvinnsgröta,Sweden,56.3166820098,16.4928983618,https://browser.sead.se/site/3611,chronology_and_bibliography_ready,True,1,6,1,"[""relative_period""]",8,6,2,2,6,6159,coarse_spatial_context_only,not_captured_by_repository_sources,657
3607,Källingemöre,Sweden,56.8754976437,16.7587486261,https://browser.sead.se/site/3607,chronology_and_bibliography_ready,True,1,6,1,"[""relative_period""]",8,6,2,2,6,6159,coarse_spatial_context_only,not_captured_by_repository_sources,658
3549,Mysinge,Sweden,56.5179494219,16.4406957949,https://browser.sead.se/site/3549,chronology_and_bibliography_ready,True,1,6,1,"[""relative_period""]",8,6,2,2,6,6159,coarse_spatial_context_only,not_captured_by_repository_sources,659
3520,Pinnekulla,Sweden,56.8885366286,16.7732816631,https://browser.sead.se/site/3520,chronology_and_bibliography_ready,True,1,6,1,"[""relative_period""]",8,6,2,2,6,6159,coarse_spatial_context_only,not_captured_by_repository_sources,660
3793,Bengtstorp,Sweden,59.2478788839,15.0683218771,https://browser.sead.se/site/3793,chronology_and_bibliography_ready,True,1,6,1,"[""relative_period""]",7,6,2,2,6,3873,coarse_spatial_context_only,not_captured_by_repository_sources,661
3788,Bjurselet,Sweden,64.9992115511,21.0550224689,https://browser.sead.se/site/3788,chronology_and_bibliography_ready,True,1,6,1,"[""relative_period""]",7,6,2,2,6,1413,coarse_spatial_context_only,not_captured_by_repository_sources,662
3734,Fosie,Sweden,55.5602926412,13.0283204272,https://browser.sead.se/site/3734,chronology_and_bibliography_ready,True,1,6,1,"[""relative_period""]",7,6,2,2,6,6654,coarse_spatial_context_only,not_captured_by_repository_sources,663
3728,Gamla Uppsala,Sweden,59.897239779,17.6357879882,https://browser.sead.se/site/3728,chronology_and_bibliography_ready,True,1,6,1,"[""relative_period""]",7,6,2,2,6,27450,coarse_spatial_context_only,not_captured_by_repository_sources,664
3639,Kråkeslätt,Sweden,56.0607212216,14.4583396069,https://browser.sead.se/site/3639,chronology_and_bibliography_ready,True,1,6,1,"[""relative_period""]",7,6,2,2,6,10817,coarse_spatial_context_only,not_captured_by_repository_sources,665
3631,kv Kråkvinkeln,Sweden,55.3760342637,13.1488201091,https://browser.sead.se/site/3631,chronology_and_bibliography_ready,True,1,6,1,"[""relative_period""]",7,6,2,2,6,6654,coarse_spatial_context_only,not_captured_by_repository_sources,666
3592,Lilla Beddinge,Sweden,55.3813999067,13.4456315785,https://browser.sead.se/site/3592,chronology_and_bibliography_ready,True,1,6,1,"[""relative_period""]",7,6,2,2,6,6654,coarse_spatial_context_only,not_captured_by_repository_sources,667
3584,Lisseläng,Sweden,59.0284210617,17.9522932006,https://browser.sead.se/site/3584,chronology_and_bibliography_ready,True,1,6,1,"[""relative_period""]",7,6,2,2,6,27450,coarse_spatial_context_only,not_captured_by_repository_sources,668
3582,Lockarp,Sweden,55.5418603382,13.0446497559,https://browser.sead.se/site/3582,chronology_and_bibliography_ready,True,1,6,1,"[""relative_period""]",7,6,2,2,6,6654,coarse_spatial_context_only,not_captured_by_repository_sources,669
3511,Rappasundet,Sweden,66.0796031652,17.9193991018,https://browser.sead.se/site/3511,chronology_and_bibliography_ready,True,1,6,1,"[""relative_period""]",7,6,2,2,6,1226,coarse_spatial_context_only,not_captured_by_repository_sources,670
3494,"Rörstrand, Bottna Herrgård",Sweden,59.339988426,18.0261870191,https://browser.sead.se/site/3494,chronology_and_bibliography_ready,True,1,6,1,"[""relative_period""]",7,6,2,2,6,10763,coarse_spatial_context_only,not_captured_by_repository_sources,671
3419,Vintriediket,Sweden,55.5544711134,12.9755594907,https://browser.sead.se/site/3419,chronology_and_bibliography_ready,True,1,6,1,"[""relative_period""]",7,6,2,2,6,1226,coarse_spatial_context_only,not_captured_by_repository_sources,672
3407,Årups norre vång,Sweden,56.0605211402,14.4660348079,https://browser.sead.se/site/3407,chronology_and_bibliography_ready,True,1,6,1,"[""relative_period""]",7,6,2,2,6,10817,coarse_spatial_context_only,not_captured_by_repository_sources,673
3490,Santa Maria,Sweden,57.6417257737,18.2983356792,https://browser.sead.se/site/3490,chronology_and_bibliography_ready,True,1,6,1,"[""relative_period""]",6,6,2,2,6,13558,coarse_spatial_context_only,not_captured_by_repository_sources,674
3488,Schweitzergränd,Sweden,57.6396964715,18.295151108,https://browser.sead.se/site/3488,chronology_and_bibliography_ready,True,1,6,1,"[""relative_period""]",6,6,2,2,6,13558,coarse_spatial_context_only,not_captured_by_repository_sources,675
3475,Smissarve,Sweden,57.2216104154,18.2375546116,https://browser.sead.se/site/3475,chronology_and_bibliography_ready,True,1,6,1,"[""relative_period""]",5,6,2,2,6,13558,coarse_spatial_context_only,not_captured_by_repository_sources,676
3608,Kyrsta,Sweden,59.9800875,17.6409047348,https://browser.sead.se/site/3608,chronology_and_bibliography_ready,True,1,6,1,"[""relative_period""]",2,6,2,2,6,27450,coarse_spatial_context_only,not_captured_by_repository_sources,677
3423,Vaxmyra,Sweden,59.9709979975,17.6466146569,https://browser.sead.se/site/3423,chronology_and_bibliography_ready,True,1,6,1,"[""relative_period""]",2,6,2,2,6,27450,coarse_spatial_context_only,not_captured_by_repository_sources,678
3496,Röetved II,Sweden,56.157921905,14.2143290696,https://browser.sead.se/site/3496,chronology_and_bibliography_ready,True,1,6,1,"[""relative_period""]",1,6,2,2,6,10817,coarse_spatial_context_only,not_captured_by_repository_sources,679
3438,Täby,Sweden,59.2938779467,16.1413410195,https://browser.sead.se/site/3438,chronology_and_bibliography_ready,True,1,6,1,"[""relative_period""]",1,6,2,2,6,15126,coarse_spatial_context_only,not_captured_by_repository_sources,680
4017,Sjonhem kyrka,Sweden,57.4856020267,18.5207076727,https://browser.sead.se/site/4017,chronology_and_bibliography_ready,True,1,4,1,"[""dating_range""]",42,42,1,7,42,13558,coarse_spatial_context_only,not_captured_by_repository_sources,681
3791,Binga,Sweden,56.6371978921,16.2134803482,https://browser.sead.se/site/3791,chronology_and_bibliography_ready,True,1,4,1,"[""relative_period""]",6,4,1,1,4,6159,coarse_spatial_context_only,not_captured_by_repository_sources,682
3586,Linga,Sweden,59.0665236311,17.5850182827,https://browser.sead.se/site/3586,chronology_and_bibliography_ready,True,1,4,1,"[""relative_period""]",6,4,1,1,4,27450,coarse_spatial_context_only,not_captured_by_repository_sources,683
3802,Augerum,Sweden,56.2078447356,15.6774392049,https://browser.sead.se/site/3802,chronology_and_bibliography_ready,True,1,4,1,"[""relative_period""]",5,4,1,1,4,5849,coarse_spatial_context_only,not_captured_by_repository_sources,684
3787,Bjuröklubb,Sweden,64.453697943,21.6040916694,https://browser.sead.se/site/3787,chronology_and_bibliography_ready,True,1,4,1,"[""relative_period""]",5,4,1,1,4,1413,coarse_spatial_context_only,not_captured_by_repository_sources,685
3768,Bunkeflo 68,Sweden,55.5476445671,13.0048418226,https://browser.sead.se/site/3768,chronology_and_bibliography_ready,True,1,4,1,"[""relative_period""]",5,4,1,1,4,6654,coarse_spatial_context_only,not_captured_by_repository_sources,686
3726,Glemminge,Sweden,55.4561811108,14.0248363532,https://browser.sead.se/site/3726,chronology_and_bibliography_ready,True,1,4,1,"[""relative_period""]",5,4,1,1,4,3205,coarse_spatial_context_only,not_captured_by_repository_sources,687
3671,Ingelstorp: Cemetery 2,Sweden,55.4310318281,14.0423027173,https://browser.sead.se/site/3671,chronology_and_bibliography_ready,True,1,4,1,"[""relative_period""]",5,4,1,1,4,3205,coarse_spatial_context_only,not_captured_by_repository_sources,688
3664,Jäder,Sweden,58.7565262035,16.7188454998,https://browser.sead.se/site/3664,chronology_and_bibliography_ready,True,1,4,1,"[""relative_period""]",5,4,1,1,4,12413,coarse_spatial_context_only,not_captured_by_repository_sources,689
3636,Kunsta,Sweden,59.401281692,17.4989016198,https://browser.sead.se/site/3636,chronology_and_bibliography_ready,True,1,4,1,"[""relative_period""]",5,4,1,1,4,27450,coarse_spatial_context_only,not_captured_by_repository_sources,690
3568,Löderup 27,Sweden,55.4130825453,14.1539255304,https://browser.sead.se/site/3568,chronology_and_bibliography_ready,True,1,4,1,"[""relative_period""]",5,4,1,1,4,3205,coarse_spatial_context_only,not_captured_by_repository_sources,691
3566,Löderup 36,Sweden,55.4138962228,14.1905081365,https://browser.sead.se/site/3566,chronology_and_bibliography_ready,True,1,4,1,"[""relative_period""]",5,4,1,1,4,3205,coarse_spatial_context_only,not_captured_by_repository_sources,692
3808,Anfasterö,Sweden,58.2060432093,11.9102547484,https://browser.sead.se/site/3808,chronology_and_bibliography_ready,True,1,4,1,"[""relative_period""]",4,4,1,1,4,16773,coarse_spatial_context_only,not_captured_by_repository_sources,693
4999,Alvastra,Sweden,58.283333,14.683333,https://browser.sead.se/site/4999,chronology_and_bibliography_ready,True,1,4,1,"[""analysis_entity_age""]",2,2,1,4,7,3815,coarse_spatial_context_only,not_captured_by_repository_sources,694
3766,Båtsberg,Sweden,57.1456028163,12.3493576875,https://browser.sead.se/site/3766,chronology_and_bibliography_ready,True,1,4,1,"[""relative_period""]",1,4,1,1,4,8569,coarse_spatial_context_only,not_captured_by_repository_sources,695
3729,Fågelsjö,Sweden,61.7915130563,14.6180877928,https://browser.sead.se/site/3729,chronology_and_bibliography_ready,True,1,4,1,"[""relative_period""]",1,4,1,1,4,1202,coarse_spatial_context_only,not_captured_by_repository_sources,696
3539,Norrkvie,Sweden,57.1065632606,18.3180837861,https://browser.sead.se/site/3539,chronology_and_bibliography_ready,True,1,4,1,"[""relative_period""]",1,4,1,1,4,13558,coarse_spatial_context_only,not_captured_by_repository_sources,697
3776,Borgholm,Sweden,56.8686414604,16.6399051987,https://browser.sead.se/site/3776,chronology_and_bibliography_ready,True,1,3,1,"[""relative_period""]",5,3,1,1,3,6159,coarse_spatial_context_only,not_captured_by_repository_sources,698
3523,Parboäng,Sweden,56.2577790363,16.4154239294,https://browser.sead.se/site/3523,chronology_and_bibliography_ready,True,1,3,1,"[""relative_period""]",5,3,1,1,3,6159,coarse_spatial_context_only,not_captured_by_repository_sources,699
3512,Ramsättra,Sweden,56.85426224,16.7248198551,https://browser.sead.se/site/3512,chronology_and_bibliography_ready,True,1,3,1,"[""relative_period""]",5,3,1,1,3,6159,coarse_spatial_context_only,not_captured_by_repository_sources,700
3485,Skedemosse,Sweden,56.8530817165,16.7508906514,https://browser.sead.se/site/3485,chronology_and_bibliography_ready,True,1,3,1,"[""relative_period""]",5,3,1,1,3,6159,coarse_spatial_context_only,not_captured_by_repository_sources,701
3792,Berga,Sweden,59.4219309046,16.3579273467,https://browser.sead.se/site/3792,chronology_and_bibliography_ready,True,1,3,1,"[""relative_period""]",4,3,1,1,3,15126,coarse_spatial_context_only,not_captured_by_repository_sources,702
3742,Ekeby,Sweden,59.8415746933,17.5790769183,https://browser.sead.se/site/3742,chronology_and_bibliography_ready,True,1,3,1,"[""relative_period""]",4,3,1,1,3,27450,coarse_spatial_context_only,not_captured_by_repository_sources,703
3736,Fjärås 486,Sweden,57.4513558183,12.1846511914,https://browser.sead.se/site/3736,chronology_and_bibliography_ready,True,1,3,1,"[""relative_period""]",4,3,1,1,3,8569,coarse_spatial_context_only,not_captured_by_repository_sources,704
3723,Gotska Sandön,Sweden,58.3435357571,19.2135690369,https://browser.sead.se/site/3723,chronology_and_bibliography_ready,True,1,3,1,"[""relative_period""]",4,3,1,1,3,,coarse_spatial_context_only,not_captured_by_repository_sources,705
3720,Grimeton k:a,Sweden,57.1141181826,12.4294954263,https://browser.sead.se/site/3720,chronology_and_bibliography_ready,True,1,3,1,"[""relative_period""]",4,3,1,1,3,8569,coarse_spatial_context_only,not_captured_by_repository_sources,706
3682,"Husby, Ingjaldshögen",Sweden,59.4237707482,16.933746727,https://browser.sead.se/site/3682,chronology_and_bibliography_ready,True,1,3,1,"[""relative_period""]",4,3,1,1,3,15126,coarse_spatial_context_only,not_captured_by_repository_sources,707
3681,Hyggby,Sweden,59.4347995045,16.5561069216,https://browser.sead.se/site/3681,chronology_and_bibliography_ready,True,1,3,1,"[""relative_period""]",4,3,1,1,3,15126,coarse_spatial_context_only,not_captured_by_repository_sources,708
3648,Killebäckstorp,Sweden,56.3845898779,12.7498551494,https://browser.sead.se/site/3648,chronology_and_bibliography_ready,True,1,3,1,"[""relative_period""]",4,3,1,1,3,6333,coarse_spatial_context_only,not_captured_by_repository_sources,709
3645,Kjulaås,Sweden,59.3834313343,16.672411331,https://browser.sead.se/site/3645,chronology_and_bibliography_ready,True,1,3,1,"[""relative_period""]",4,3,1,1,3,15126,coarse_spatial_context_only,not_captured_by_repository_sources,710
3615,kv. Trädgårdsmästaren,Sweden,59.6156751672,17.7196034236,https://browser.sead.se/site/3615,chronology_and_bibliography_ready,True,1,3,1,"[""relative_period""]",4,3,1,1,3,27450,coarse_spatial_context_only,not_captured_by_repository_sources,711
3612,Kvie,Sweden,57.6141820854,18.4609649831,https://browser.sead.se/site/3612,chronology_and_bibliography_ready,True,1,3,1,"[""relative_period""]",4,3,1,1,3,13558,coarse_spatial_context_only,not_captured_by_repository_sources,712
3587,Lindab området,Sweden,56.3829210993,12.7874546022,https://browser.sead.se/site/3587,chronology_and_bibliography_ready,True,1,3,1,"[""relative_period""]",4,3,1,1,3,6333,coarse_spatial_context_only,not_captured_by_repository_sources,713
3563,Maksjön,Sweden,64.6696322169,16.5107649579,https://browser.sead.se/site/3563,chronology_and_bibliography_ready,True,1,3,1,"[""relative_period""]",4,3,1,1,3,1031,coarse_spatial_context_only,not_captured_by_repository_sources,714
3558,"Marieberg (Heby herrgård, Uppland)",Sweden,59.3252914013,18.0170898365,https://browser.sead.se/site/3558,chronology_and_bibliography_ready,True,1,3,1,"[""relative_period""]",4,3,1,1,3,10763,coarse_spatial_context_only,not_captured_by_repository_sources,715
3557,Mark,Sweden,59.246559932,15.2813768936,https://browser.sead.se/site/3557,chronology_and_bibliography_ready,True,1,3,1,"[""relative_period""]",4,3,1,1,3,3873,coarse_spatial_context_only,not_captured_by_repository_sources,716
3491,Sanda,Sweden,59.5083499561,17.9559991096,https://browser.sead.se/site/3491,chronology_and_bibliography_ready,True,1,3,1,"[""relative_period""]",4,3,1,1,3,27450,coarse_spatial_context_only,not_captured_by_repository_sources,717
3469,"Solberga, Linköping",Sweden,58.4242057283,15.8771645851,https://browser.sead.se/site/3469,chronology_and_bibliography_ready,True,1,3,1,"[""relative_period""]",4,3,1,1,3,9863,coarse_spatial_context_only,not_captured_by_repository_sources,718
3463,St. Gatan. Kv. Handelsmannen 8-9,Sweden,59.6168653169,17.7224306497,https://browser.sead.se/site/3463,chronology_and_bibliography_ready,True,1,3,1,"[""relative_period""]",4,3,1,1,3,27450,coarse_spatial_context_only,not_captured_by_repository_sources,719
3414,Västerljung Grav,Sweden,58.9209283539,17.4490501954,https://browser.sead.se/site/3414,chronology_and_bibliography_ready,True,1,3,1,"[""relative_period""]",4,3,1,1,3,4303,coarse_spatial_context_only,not_captured_by_repository_sources,720
3412,Ytterby,Sweden,60.0244244778,18.6063665051,https://browser.sead.se/site/3412,chronology_and_bibliography_ready,True,1,3,1,"[""relative_period""]",4,3,1,1,3,3238,coarse_spatial_context_only,not_captured_by_repository_sources,721
3409,Årsta,Sweden,59.0897381433,18.1786279464,https://browser.sead.se/site/3409,chronology_and_bibliography_ready,True,1,3,1,"[""relative_period""]",4,3,1,1,3,10763,coarse_spatial_context_only,not_captured_by_repository_sources,722
3406,Ås-Husby,Sweden,59.5908195477,17.9070979103,https://browser.sead.se/site/3406,chronology_and_bibliography_ready,True,1,3,1,"[""relative_period""]",4,3,1,1,3,27450,coarse_spatial_context_only,not_captured_by_repository_sources,723
3651,Katarina,Sweden,57.6404316318,18.2955697837,https://browser.sead.se/site/3651,chronology_and_bibliography_ready,True,1,3,1,"[""relative_period""]",3,3,1,1,3,13558,coarse_spatial_context_only,not_captured_by_repository_sources,724
3610,Kyrkebo,Sweden,58.4700491904,13.4782148146,https://browser.sead.se/site/3610,chronology_and_bibliography_ready,True,1,3,1,"[""relative_period""]",3,3,1,1,3,10501,coarse_spatial_context_only,not_captured_by_repository_sources,725
3597,Leonardsberg,Sweden,59.3686114824,13.1111734847,https://browser.sead.se/site/3597,chronology_and_bibliography_ready,True,1,3,1,"[""relative_period""]",3,3,1,1,3,3490,coarse_spatial_context_only,not_captured_by_repository_sources,726
3502,Rya,Sweden,55.9794233169,12.7825512609,https://browser.sead.se/site/3502,chronology_and_bibliography_ready,True,1,3,1,"[""relative_period""]",3,3,1,1,3,1226,coarse_spatial_context_only,not_captured_by_repository_sources,727
3440,Trollasten,Sweden,55.4654098438,13.9498724704,https://browser.sead.se/site/3440,chronology_and_bibliography_ready,True,1,3,1,"[""relative_period""]",3,3,1,1,3,6654,coarse_spatial_context_only,not_captured_by_repository_sources,728
3403,Östra Ve,Sweden,59.418633475,13.8322949528,https://browser.sead.se/site/3403,chronology_and_bibliography_ready,True,1,3,1,"[""relative_period""]",3,3,1,1,3,3490,coarse_spatial_context_only,not_captured_by_repository_sources,729
3796,Barrsjö,Sweden,59.1642475694,16.6705314999,https://browser.sead.se/site/3796,chronology_and_bibliography_ready,True,1,3,1,"[""relative_period""]",1,3,1,1,3,15126,coarse_spatial_context_only,not_captured_by_repository_sources,730
3751,Dalskarlstorp,Sweden,59.8333381886,16.502886243,https://browser.sead.se/site/3751,chronology_and_bibliography_ready,True,1,3,1,"[""relative_period""]",1,3,1,1,3,15126,coarse_spatial_context_only,not_captured_by_repository_sources,731
3724,Gläntan,Sweden,59.1970259309,17.4262182633,https://browser.sead.se/site/3724,chronology_and_bibliography_ready,True,1,3,1,"[""relative_period""]",1,3,1,1,3,27450,coarse_spatial_context_only,not_captured_by_repository_sources,732
3635,kv Apotekaren,Sweden,55.7035727385,13.1919791291,https://browser.sead.se/site/3635,chronology_and_bibliography_ready,True,1,3,1,"[""relative_period""]",1,3,1,1,3,6654,coarse_spatial_context_only,not_captured_by_repository_sources,733
3598,Lappviken,Sweden,65.3272155404,19.9479071528,https://browser.sead.se/site/3598,chronology_and_bibliography_ready,True,1,3,1,"[""relative_period""]",1,3,1,1,3,1623,coarse_spatial_context_only,not_captured_by_repository_sources,734
3444,Torslunda,Sweden,60.3096532057,17.4877290289,https://browser.sead.se/site/3444,chronology_and_bibliography_ready,True,1,3,1,"[""relative_period""]",1,3,1,1,3,5060,coarse_spatial_context_only,not_captured_by_repository_sources,735
3779,Björnstorp,Sweden,55.8032892219,13.0230745659,https://browser.sead.se/site/3779,chronology_and_bibliography_ready,True,1,2,1,"[""relative_period""]",4,2,1,1,2,6654,coarse_spatial_context_only,not_captured_by_repository_sources,736
3479,Skälby,Sweden,59.6588633511,17.1071191049,https://browser.sead.se/site/3479,chronology_and_bibliography_ready,True,1,2,1,"[""relative_period""]",4,2,1,1,2,27450,coarse_spatial_context_only,not_captured_by_repository_sources,737
3730,Fristad,Sweden,58.5251751194,16.3895916066,https://browser.sead.se/site/3730,chronology_and_bibliography_ready,True,1,2,1,"[""relative_period""]",3,2,1,1,2,12413,coarse_spatial_context_only,not_captured_by_repository_sources,738
3717,Grundskatan,Sweden,64.4425490705,21.6071325685,https://browser.sead.se/site/3717,chronology_and_bibliography_ready,True,1,2,1,"[""relative_period""]",3,2,1,1,2,1413,coarse_spatial_context_only,not_captured_by_repository_sources,739
3654,Karlskrona,Sweden,56.1608685358,15.5847708121,https://browser.sead.se/site/3654,chronology_and_bibliography_ready,True,1,2,1,"[""relative_period""]",3,2,1,1,2,5849,coarse_spatial_context_only,not_captured_by_repository_sources,740
3574,Lyngåkra,Sweden,56.7500769524,12.7559140758,https://browser.sead.se/site/3574,chronology_and_bibliography_ready,True,1,2,1,"[""relative_period""]",3,2,1,1,2,6333,coarse_spatial_context_only,not_captured_by_repository_sources,741
3560,Mangsarve,Sweden,57.5935408406,18.5133963927,https://browser.sead.se/site/3560,chronology_and_bibliography_ready,True,1,2,1,"[""relative_period""]",3,2,1,1,2,13558,coarse_spatial_context_only,not_captured_by_repository_sources,742
3477,Smalogava,Sweden,66.0717732197,17.9467846379,https://browser.sead.se/site/3477,chronology_and_bibliography_ready,True,1,2,1,"[""relative_period""]",3,2,1,1,2,1226,coarse_spatial_context_only,not_captured_by_repository_sources,743
3421,Vettsta,Sweden,60.1191526511,18.1446141934,https://browser.sead.se/site/3421,chronology_and_bibliography_ready,True,1,2,1,"[""relative_period""]",3,2,1,1,2,3238,coarse_spatial_context_only,not_captured_by_repository_sources,744
3433,Ullisjaur,Sweden,65.5385000571,16.1164565045,https://browser.sead.se/site/3433,chronology_and_bibliography_ready,True,1,2,1,"[""relative_period""]",2,2,1,1,2,331,coarse_spatial_context_only,not_captured_by_repository_sources,745
3417,Vojmsjön,Sweden,64.8768240125,16.7313612395,https://browser.sead.se/site/3417,chronology_and_bibliography_ready,True,1,2,1,"[""relative_period""]",2,2,1,1,2,1031,coarse_spatial_context_only,not_captured_by_repository_sources,746
3416,Vojmsjöns utlopp,Sweden,64.8647793587,16.7336253556,https://browser.sead.se/site/3416,chronology_and_bibliography_ready,True,1,2,1,"[""relative_period""]",2,2,1,1,2,1031,coarse_spatial_context_only,not_captured_by_repository_sources,747
3798,Backarne,Sweden,63.8124177659,16.4061031358,https://browser.sead.se/site/3798,chronology_and_bibliography_ready,True,1,2,1,"[""relative_period""]",1,2,1,1,2,1855,coarse_spatial_context_only,not_captured_by_repository_sources,748
3910,Glömminge prästgård,Sweden,56.7181986672,16.5335588224,https://browser.sead.se/site/3910,chronology_and_bibliography_ready,True,1,1,1,"[""dating_range""]",12,12,1,2,12,6159,coarse_spatial_context_only,not_captured_by_repository_sources,749
4028,Sanda kyrka,Sweden,57.4293000977,18.2232416792,https://browser.sead.se/site/4028,chronology_and_bibliography_ready,True,1,1,1,"[""dating_range""]",12,12,1,2,12,13558,coarse_spatial_context_only,not_captured_by_repository_sources,750
4053,Nora Kyrka,Sweden,60.1537654551,16.9199328071,https://browser.sead.se/site/4053,chronology_and_bibliography_ready,True,1,1,1,"[""dating_range""]",6,6,1,1,6,4239,coarse_spatial_context_only,not_captured_by_repository_sources,751
5097,Snårestad,Sweden,55.43359,13.666549,https://browser.sead.se/site/5097,chronology_and_bibliography_ready,True,1,1,1,"[""relative_period""]",4,2,1,1,2,6654,coarse_spatial_context_only,not_captured_by_repository_sources,752
5078,Skurup: Saritslöv,Sweden,55.468174,13.493779,https://browser.sead.se/site/5078,chronology_and_bibliography_ready,True,1,1,1,"[""relative_period""]",3,2,1,1,2,6654,coarse_spatial_context_only,not_captured_by_repository_sources,753
5099,Sproge: Snoder,Sweden,57.5,18.2,https://browser.sead.se/site/5099,chronology_and_bibliography_ready,True,1,1,1,"[""relative_period""]",3,2,1,1,2,13558,coarse_spatial_context_only,not_captured_by_repository_sources,754
4897,Eslövs Mosse,Sweden,55.836166,13.297264,https://browser.sead.se/site/4897,chronology_and_bibliography_ready,True,1,1,1,"[""relative_period""]",2,2,1,1,2,6654,coarse_spatial_context_only,not_captured_by_repository_sources,755
4465,Järavallen 1,Sweden,55.7667,12.95,https://browser.sead.se/site/4465,chronology_and_bibliography_ready,True,1,1,1,"[""analysis_entity_age""]",2,2,1,1,2,1226,coarse_spatial_context_only,not_captured_by_repository_sources,756
5061,Mellerud,Sweden,58.708763,12.4525,https://browser.sead.se/site/5061,chronology_and_bibliography_ready,True,1,1,1,"[""relative_period""]",2,2,1,1,2,7321,coarse_spatial_context_only,not_captured_by_repository_sources,757
3593,Liden under Storegården,Sweden,57.9346164533,13.498647941,https://browser.sead.se/site/3593,chronology_and_bibliography_ready,True,1,1,1,"[""relative_period""]",2,1,1,1,1,8587,coarse_spatial_context_only,not_captured_by_repository_sources,758
3473,Snotterholmen,Sweden,65.6575714708,18.3230108022,https://browser.sead.se/site/3473,chronology_and_bibliography_ready,True,1,1,1,"[""relative_period""]",2,1,1,1,1,1168,coarse_spatial_context_only,not_captured_by_repository_sources,759
4645,Spjalko,Sweden,56.1667,15.2167,https://browser.sead.se/site/4645,chronology_and_bibliography_ready,True,1,1,1,"[""analysis_entity_age""]",1,2,1,1,2,5849,coarse_spatial_context_only,not_captured_by_repository_sources,760
3660,Kalmar slottsfjärd,Sweden,56.6592918435,16.3562389968,https://browser.sead.se/site/3660,chronology_and_bibliography_ready,True,1,1,1,"[""relative_period""]",1,1,1,1,1,6159,coarse_spatial_context_only,not_captured_by_repository_sources,761
3599,Lappvallen,Sweden,64.6946607846,16.3930220382,https://browser.sead.se/site/3599,chronology_and_bibliography_ready,True,1,1,1,"[""relative_period""]",1,1,1,1,1,1031,coarse_spatial_context_only,not_captured_by_repository_sources,762
3426,Vallviksvallen,Sweden,64.7002525283,16.3891562684,https://browser.sead.se/site/3426,chronology_and_bibliography_ready,True,1,1,1,"[""relative_period""]",1,1,1,1,1,1031,coarse_spatial_context_only,not_captured_by_repository_sources,763
3684,Hunneberget,Sweden,56.0336937531,14.263892386,https://browser.sead.se/site/3684,chronology_ready,True,2,114,1,"[""relative_period""]",0,114,38,38,114,10817,coarse_spatial_context_only,not_captured_by_repository_sources,764
3737,Fagervik,Sweden,58.6626320354,16.4144311908,https://browser.sead.se/site/3737,chronology_ready,True,1,45,1,"[""relative_period""]",0,45,15,15,45,12413,coarse_spatial_context_only,not_captured_by_repository_sources,765
3499,Råga Hörstad,Sweden,55.8835613054,12.9167576982,https://browser.sead.se/site/3499,chronology_ready,True,2,30,1,"[""relative_period""]",0,30,10,10,30,1226,coarse_spatial_context_only,not_captured_by_repository_sources,766
3458,"Svälinge, Tåkern",Sweden,58.3827989492,14.8455975309,https://browser.sead.se/site/3458,chronology_ready,True,1,25,1,"[""relative_period""]",0,25,8,8,25,3815,coarse_spatial_context_only,not_captured_by_repository_sources,767
3750,Danmarksby,Sweden,59.8265858232,17.7422661074,https://browser.sead.se/site/3750,chronology_ready,True,1,24,1,"[""relative_period""]",0,24,6,6,24,27450,coarse_spatial_context_only,not_captured_by_repository_sources,768
3708,Gökhem 71,Sweden,58.1592522693,13.455612567,https://browser.sead.se/site/3708,chronology_ready,True,1,21,1,"[""relative_period""]",0,21,7,7,21,10501,coarse_spatial_context_only,not_captured_by_repository_sources,769
3656,Karleby 57,Sweden,58.1528563033,13.6377627944,https://browser.sead.se/site/3656,chronology_ready,True,1,18,1,"[""relative_period""]",0,18,6,6,18,10501,coarse_spatial_context_only,not_captured_by_repository_sources,770
3707,Gökhem 78,Sweden,58.1523155571,13.4341113096,https://browser.sead.se/site/3707,chronology_ready,True,1,12,1,"[""relative_period""]",0,12,4,4,12,10501,coarse_spatial_context_only,not_captured_by_repository_sources,771
3443,Trelleborg 19,Sweden,55.3769870556,13.1464553701,https://browser.sead.se/site/3443,chronology_ready,True,1,12,1,"[""relative_period""]",0,12,4,4,12,6654,coarse_spatial_context_only,not_captured_by_repository_sources,772
3411,Åby,Sweden,58.663456768,16.1772440843,https://browser.sead.se/site/3411,chronology_ready,True,1,12,1,"[""relative_period""]",0,12,4,4,12,12413,coarse_spatial_context_only,not_captured_by_repository_sources,773
3453,Säter,Sweden,58.6400517885,16.5984370666,https://browser.sead.se/site/3453,chronology_ready,True,1,9,1,"[""relative_period""]",0,9,3,3,9,12413,coarse_spatial_context_only,not_captured_by_repository_sources,774
3714,Gräne,Sweden,57.4421685362,18.3396382261,https://browser.sead.se/site/3714,chronology_ready,True,1,6,1,"[""relative_period""]",0,6,2,2,6,13558,coarse_spatial_context_only,not_captured_by_repository_sources,775
3537,Norrvidinge,Sweden,55.8447836057,13.1106107779,https://browser.sead.se/site/3537,chronology_ready,True,1,3,1,"[""relative_period""]",0,3,1,1,3,6654,coarse_spatial_context_only,not_captured_by_repository_sources,776
5366,Abisko 2004-5,Sweden,68.35436,18.815762,https://browser.sead.se/site/5366,chronology_ready,True,1,2,1,"[""relative_period""]",0,3,1,2,4,214,coarse_spatial_context_only,not_captured_by_repository_sources,777
4138,"Halla kyrka, Gotland",Sweden,57.510912404,18.4973233678,https://browser.sead.se/site/4138,bibliography_ready,False,0,0,0,[],102,102,1,17,102,13558,coarse_spatial_context_only,not_captured_by_repository_sources,778
4225,Asks kyrka,Sweden,58.5184230979,15.1343977717,https://browser.sead.se/site/4225,bibliography_ready,False,0,0,0,[],78,78,1,13,78,9863,coarse_spatial_context_only,not_captured_by_repository_sources,779
4059,Musikskolan,Sweden,57.6422047012,18.2941046094,https://browser.sead.se/site/4059,bibliography_ready,False,0,0,0,[],60,60,1,10,60,13558,coarse_spatial_context_only,not_captured_by_repository_sources,780
3996,Stora Herrestads kyrka,Sweden,55.4759171398,13.8733175902,https://browser.sead.se/site/3996,bibliography_ready,False,0,0,0,[],54,54,1,12,54,6654,coarse_spatial_context_only,not_captured_by_repository_sources,781
3850,Stångsmåla,Sweden,56.5349098019,15.4744942597,https://browser.sead.se/site/3850,bibliography_ready,False,0,0,0,[],48,48,1,8,48,5849,coarse_spatial_context_only,not_captured_by_repository_sources,782
257,Citytunnelprojektet delområde Hotelltomten,Sweden,55.5647222222,12.9733333,https://browser.sead.se/site/257,bibliography_ready,False,0,0,0,[],45,92,22,388,1940,1226,coarse_spatial_context_only,not_captured_by_repository_sources,783
4038,Radio Gotland,Sweden,57.6426003406,18.2937549301,https://browser.sead.se/site/4038,bibliography_ready,False,0,0,0,[],42,42,1,7,42,13558,coarse_spatial_context_only,not_captured_by_repository_sources,784
77,Skrea Raä 193,Sweden,56.8969444441,12.5783333337,https://browser.sead.se/site/77,bibliography_ready,False,0,0,0,[],38,117,25,587,2720,6333,coarse_spatial_context_only,not_captured_by_repository_sources,785
79,Citytunnelprojektet delområde 1,Sweden,55.5588888889,12.9461111108,https://browser.sead.se/site/79,bibliography_ready,False,0,0,0,[],36,142,35,1419,6570,1226,coarse_spatial_context_only,not_captured_by_repository_sources,786
3945,Västermo kyrka,Sweden,59.2907932117,16.0796879584,https://browser.sead.se/site/3945,bibliography_ready,False,0,0,0,[],36,36,1,6,36,15126,coarse_spatial_context_only,not_captured_by_repository_sources,787
76,Nätra Raä 307,Sweden,63.2175000003,18.4769444448,https://browser.sead.se/site/76,bibliography_ready,False,0,0,0,[],33,127,32,1286,5855,1672,coarse_spatial_context_only,not_captured_by_repository_sources,788
83,Citytunnelprojektet delområde 2,Sweden,55.5597222222,12.9622222222,https://browser.sead.se/site/83,bibliography_ready,False,0,0,0,[],30,140,33,664,3383,1226,coarse_spatial_context_only,not_captured_by_repository_sources,789
115,Skrea Raä 195,Sweden,56.9008333333,12.5758333337,https://browser.sead.se/site/115,bibliography_ready,False,0,0,0,[],30,70,18,260,971,6333,coarse_spatial_context_only,not_captured_by_repository_sources,790
3,Skrea Raä 177,Sweden,56.8805555559,12.6169444448,https://browser.sead.se/site/3,bibliography_ready,False,0,0,0,[],30,32,16,651,1363,6333,coarse_spatial_context_only,not_captured_by_repository_sources,791
4006,Slättåkra lillegård,Sweden,57.3927660812,15.2725168521,https://browser.sead.se/site/4006,bibliography_ready,False,0,0,0,[],30,30,1,5,30,4004,coarse_spatial_context_only,not_captured_by_repository_sources,792
259,Citytunnelprojektet delområde 7,Sweden,55.5444444441,13.0375,https://browser.sead.se/site/259,bibliography_ready,False,0,0,0,[],27,104,26,679,3395,6654,coarse_spatial_context_only,not_captured_by_repository_sources,793
105,Citytunnelprojektet delområde 3,Sweden,55.5611111111,12.9716667,https://browser.sead.se/site/105,bibliography_ready,False,0,0,0,[],25,104,26,462,2310,1226,coarse_spatial_context_only,not_captured_by_repository_sources,794
263,Arvidsjaur Raä 3941,Sweden,66.0135277778,19.1056666667,https://browser.sead.se/site/263,bibliography_ready,False,0,0,0,[],24,32,12,297,1254,1338,coarse_spatial_context_only,not_captured_by_repository_sources,795
4082,Landsnora kvarn,Sweden,59.4358782265,17.970310152,https://browser.sead.se/site/4082,bibliography_ready,False,0,0,0,[],24,24,1,4,24,27450,coarse_spatial_context_only,not_captured_by_repository_sources,796
3989,Sundre kyrka,Sweden,56.935889228,18.1818396796,https://browser.sead.se/site/3989,bibliography_ready,False,0,0,0,[],24,24,1,4,24,,coarse_spatial_context_only,not_captured_by_repository_sources,797
3939,Westööska huset,Sweden,57.6398104349,18.295262014,https://browser.sead.se/site/3939,bibliography_ready,False,0,0,0,[],24,24,1,4,24,13558,coarse_spatial_context_only,not_captured_by_repository_sources,798
4218,Biskopshuset,Sweden,58.4482149666,14.8935903588,https://browser.sead.se/site/4218,bibliography_ready,False,0,0,0,[],18,18,1,3,18,3815,coarse_spatial_context_only,not_captured_by_repository_sources,799
4124,Hofterups kyrka,Sweden,55.7842266844,12.9760982944,https://browser.sead.se/site/4124,bibliography_ready,False,0,0,0,[],18,18,1,4,18,1226,coarse_spatial_context_only,not_captured_by_repository_sources,800
4069,Lye kyrka,Sweden,57.2979156597,18.5265200841,https://browser.sead.se/site/4069,bibliography_ready,False,0,0,0,[],18,18,1,4,18,13558,coarse_spatial_context_only,not_captured_by_repository_sources,801
4031,Ryssby kyrka,Sweden,56.8019798682,16.3513483539,https://browser.sead.se/site/4031,bibliography_ready,False,0,0,0,[],18,18,1,3,18,6159,coarse_spatial_context_only,not_captured_by_repository_sources,802
3934,Ösmo gamla prästgård,Sweden,58.9856750157,17.89776251,https://browser.sead.se/site/3934,bibliography_ready,False,0,0,0,[],18,18,1,3,18,4303,coarse_spatial_context_only,not_captured_by_repository_sources,803
78,Citytunnelprojektet delområde 5,Sweden,55.5672222226,12.9844444,https://browser.sead.se/site/78,bibliography_ready,False,0,0,0,[],17,65,16,657,2942,1226,coarse_spatial_context_only,not_captured_by_repository_sources,804
269,Citytunnelprojektet delområde 6,Sweden,55.5463888886,13.0288888889,https://browser.sead.se/site/269,bibliography_ready,False,0,0,0,[],15,56,14,350,1750,6654,coarse_spatial_context_only,not_captured_by_repository_sources,805
266,Nederluleå Raä 330,Sweden,65.6458888886,22.0269361111,https://browser.sead.se/site/266,bibliography_ready,False,0,0,0,[],14,26,7,61,300,654,coarse_spatial_context_only,not_captured_by_repository_sources,806
312,Knivsta Raä 16,Sweden,59.7590166667,17.7687555559,https://browser.sead.se/site/312,bibliography_ready,False,0,0,0,[],14,15,14,127,132,27450,coarse_spatial_context_only,not_captured_by_repository_sources,807
89,Nätra Raä 306,Sweden,63.2152777778,18.466666667,https://browser.sead.se/site/89,bibliography_ready,False,0,0,0,[],13,53,12,426,1978,1672,coarse_spatial_context_only,not_captured_by_repository_sources,808
279,Brattbergstorpet,Sweden,58.5888249997,11.2945388886,https://browser.sead.se/site/279,bibliography_ready,False,0,0,0,[],13,48,12,52,260,16773,coarse_spatial_context_only,not_captured_by_repository_sources,809
84,Citytunnelprojektet delområde 4,Sweden,55.5638888889,12.9794444,https://browser.sead.se/site/84,bibliography_ready,False,0,0,0,[],13,46,12,479,2264,1226,coarse_spatial_context_only,not_captured_by_repository_sources,810
3821,75519 Småland,Sweden,57.0999947302,14.8833206377,https://browser.sead.se/site/3821,bibliography_ready,False,0,0,0,[],12,12,1,2,12,8067,coarse_spatial_context_only,not_captured_by_repository_sources,811
3820,75521 Småland,Sweden,57.0999947302,14.8833206377,https://browser.sead.se/site/3820,bibliography_ready,False,0,0,0,[],12,12,1,2,12,8067,coarse_spatial_context_only,not_captured_by_repository_sources,812
4234,Abbotens hus,Sweden,57.5276850784,18.4412092411,https://browser.sead.se/site/4234,bibliography_ready,False,0,0,0,[],12,12,1,2,12,13558,coarse_spatial_context_only,not_captured_by_repository_sources,813
4097,Krusenbergs herrgård,Sweden,59.7409314,17.6819873672,https://browser.sead.se/site/4097,bibliography_ready,False,0,0,0,[],12,12,1,2,12,27450,coarse_spatial_context_only,not_captured_by_repository_sources,814
4085,Källunge kyrka,Sweden,57.6078670191,18.5848410722,https://browser.sead.se/site/4085,bibliography_ready,False,0,0,0,[],12,12,1,2,12,13558,coarse_spatial_context_only,not_captured_by_repository_sources,815
4074,Linköpings domkyrka,Sweden,58.411179883,15.617135894,https://browser.sead.se/site/4074,bibliography_ready,False,0,0,0,[],12,12,1,2,12,9863,coarse_spatial_context_only,not_captured_by_repository_sources,816
4045,Nykyrka kyrka,Sweden,58.8307814957,16.745372246,https://browser.sead.se/site/4045,bibliography_ready,False,0,0,0,[],12,12,1,2,12,12413,coarse_spatial_context_only,not_captured_by_repository_sources,817
270,Arvidsjaur Raä 3913,Sweden,65.9910527774,19.0952611111,https://browser.sead.se/site/270,bibliography_ready,False,0,0,0,[],11,24,11,124,479,1623,coarse_spatial_context_only,not_captured_by_repository_sources,818
2,Skrea Raä 194,Sweden,56.5849999997,12.5974999997,https://browser.sead.se/site/2,bibliography_ready,False,0,0,0,[],10,30,9,984,3024,6333,coarse_spatial_context_only,not_captured_by_repository_sources,819
92,Grundsunda Raä 345,Sweden,63.3169444448,19.0086111111,https://browser.sead.se/site/92,bibliography_ready,False,0,0,0,[],9,26,4,572,1479,954,coarse_spatial_context_only,not_captured_by_repository_sources,820
308,Kvarteret Örtedalen,Sweden,59.8569638889,17.6363611108,https://browser.sead.se/site/308,bibliography_ready,False,0,0,0,[],9,10,8,22,23,27450,coarse_spatial_context_only,not_captured_by_repository_sources,821
96,Nora Raä 5,Sweden,62.9045611111,18.0929888889,https://browser.sead.se/site/96,bibliography_ready,False,0,0,0,[],9,7,4,289,997,692,coarse_spatial_context_only,not_captured_by_repository_sources,822
56,Stafsinge 118,Sweden,56.9213500003,12.4920999997,https://browser.sead.se/site/56,bibliography_ready,False,0,0,0,[],9,7,3,140,613,6333,coarse_spatial_context_only,not_captured_by_repository_sources,823
260,Citytunnelprojektet delområdet Vintrie IP,Sweden,55.5525,12.9619444444,https://browser.sead.se/site/260,bibliography_ready,False,0,0,0,[],8,27,7,232,976,1226,coarse_spatial_context_only,not_captured_by_repository_sources,824
275,Torsby Raä 100,Sweden,57.8465555552,11.7595472222,https://browser.sead.se/site/275,bibliography_ready,False,0,0,0,[],8,14,4,144,321,5005,coarse_spatial_context_only,not_captured_by_repository_sources,825
87,Askim Raä 281,Sweden,57.5955638886,11.9273583337,https://browser.sead.se/site/87,bibliography_ready,False,0,0,0,[],7,32,8,80,400,5005,coarse_spatial_context_only,not_captured_by_repository_sources,826
4,Onsala 327,Sweden,57.3805833337,12.0180333334,https://browser.sead.se/site/4,bibliography_ready,False,0,0,0,[],6,15,4,95,462,8569,coarse_spatial_context_only,not_captured_by_repository_sources,827
131,Arnäs Raä 256,Sweden,63.316666667,18.9886111108,https://browser.sead.se/site/131,bibliography_ready,False,0,0,0,[],6,13,5,122,320,1672,coarse_spatial_context_only,not_captured_by_repository_sources,828
166,Härnösand Raä 119,Sweden,62.6308333337,17.9469444441,https://browser.sead.se/site/166,bibliography_ready,False,0,0,0,[],6,9,5,52,80,3577,coarse_spatial_context_only,not_captured_by_repository_sources,829
125,Skog Raä 7,Sweden,62.9169444448,18.0955555555,https://browser.sead.se/site/125,bibliography_ready,False,0,0,0,[],6,8,5,180,498,692,coarse_spatial_context_only,not_captured_by_repository_sources,830
3819,75523 Småland,Sweden,57.0999947302,14.8833206377,https://browser.sead.se/site/3819,bibliography_ready,False,0,0,0,[],6,6,1,1,6,8067,coarse_spatial_context_only,not_captured_by_repository_sources,831
3818,75524 Småland,Sweden,57.0999947302,14.8833206377,https://browser.sead.se/site/3818,bibliography_ready,False,0,0,0,[],6,6,1,1,6,8067,coarse_spatial_context_only,not_captured_by_repository_sources,832
4129,Helgelsens gård,Sweden,59.9859375582,17.8981097968,https://browser.sead.se/site/4129,bibliography_ready,False,0,0,0,[],6,6,1,1,6,27450,coarse_spatial_context_only,not_captured_by_repository_sources,833
13,Fjärås Raä 504,Sweden,57.4261111114,12.2163888889,https://browser.sead.se/site/13,bibliography_ready,False,0,0,0,[],6,5,5,18,17,8569,coarse_spatial_context_only,not_captured_by_repository_sources,834
16,Slöinge Raä 115,Sweden,56.835833333,12.7061111111,https://browser.sead.se/site/16,bibliography_ready,False,0,0,0,[],6,5,5,27,22,6333,coarse_spatial_context_only,not_captured_by_repository_sources,835
348,Högom grav 4?,Sweden,62.4011972222,17.2585,https://browser.sead.se/site/348,bibliography_ready,False,0,0,0,[],6,4,4,19,19,3577,coarse_spatial_context_only,not_captured_by_repository_sources,836
88,Fors Raä 125,Sweden,58.2239611114,12.2150388889,https://browser.sead.se/site/88,bibliography_ready,False,0,0,0,[],5,29,5,37,249,7321,coarse_spatial_context_only,not_captured_by_repository_sources,837
102,Norra Björke Raä 57,Sweden,58.2962444441,12.5179,https://browser.sead.se/site/102,bibliography_ready,False,0,0,0,[],5,24,4,55,315,7321,coarse_spatial_context_only,not_captured_by_repository_sources,838
311,Strängnäs Raä 443,Sweden,59.3613666667,17.0247166667,https://browser.sead.se/site/311,bibliography_ready,False,0,0,0,[],5,20,4,15,85,27450,coarse_spatial_context_only,not_captured_by_repository_sources,839
283,Nyköping 231,Sweden,58.7519722222,17.0113527778,https://browser.sead.se/site/283,bibliography_ready,False,0,0,0,[],5,14,3,14,89,4303,coarse_spatial_context_only,not_captured_by_repository_sources,840
149,Sånga Raä 8,Sweden,63.1722222226,17.5113888889,https://browser.sead.se/site/149,bibliography_ready,False,0,0,0,[],5,4,3,9,14,2199,coarse_spatial_context_only,not_captured_by_repository_sources,841
278,Lockarp 8:4,Sweden,55.55491,12.9971,https://browser.sead.se/site/278,bibliography_ready,False,0,0,0,[],4,14,4,61,212,1226,coarse_spatial_context_only,not_captured_by_repository_sources,842
326,Älvsbyn Raä 958,Sweden,65.850025,20.3905916663,https://browser.sead.se/site/326,bibliography_ready,False,0,0,0,[],4,8,4,78,156,1818,coarse_spatial_context_only,not_captured_by_repository_sources,843
1,Slöinge Raä 114,Sweden,56.8663888889,12.6683333337,https://browser.sead.se/site/1,bibliography_ready,False,0,0,0,[],4,7,3,695,2997,6333,coarse_spatial_context_only,not_captured_by_repository_sources,844
296,Södra Hee,Sweden,58.8779361114,11.3724888892,https://browser.sead.se/site/296,bibliography_ready,False,0,0,0,[],4,7,2,79,178,16773,coarse_spatial_context_only,not_captured_by_repository_sources,845
151,Berghem Raä 100,Sweden,57.444508333,12.5644722222,https://browser.sead.se/site/151,bibliography_ready,False,0,0,0,[],4,4,4,11,11,8569,coarse_spatial_context_only,not_captured_by_repository_sources,846
66,Norum Raä 285,Sweden,58.0485222222,11.8583972222,https://browser.sead.se/site/66,bibliography_ready,False,0,0,0,[],4,4,2,7,4,16773,coarse_spatial_context_only,not_captured_by_repository_sources,847
299,Solberga,Sweden,59.3343861108,17.0215,https://browser.sead.se/site/299,bibliography_ready,False,0,0,0,[],3,15,3,15,79,27450,coarse_spatial_context_only,not_captured_by_repository_sources,848
158,Ledsjö Raä 73,Sweden,58.4847805552,13.4824083337,https://browser.sead.se/site/158,bibliography_ready,False,0,0,0,[],3,13,3,46,238,10501,coarse_spatial_context_only,not_captured_by_repository_sources,849
82,Grundsunda Raä 364,Sweden,63.3372222219,19.1161111111,https://browser.sead.se/site/82,bibliography_ready,False,0,0,0,[],3,12,3,84,420,954,coarse_spatial_context_only,not_captured_by_repository_sources,850
351,Norra Ryssmasterna,Sweden,59.8647222222,18.5477777774,https://browser.sead.se/site/351,bibliography_ready,False,0,0,0,[],3,12,3,7,35,10763,coarse_spatial_context_only,not_captured_by_repository_sources,851
301,Undersåker Raä 204,Sweden,63.20505,12.3967861108,https://browser.sead.se/site/301,bibliography_ready,False,0,0,0,[],3,12,3,64,320,912,coarse_spatial_context_only,not_captured_by_repository_sources,852
313,Vilhelmina Raä 1647,Sweden,64.6519138889,16.8592666667,https://browser.sead.se/site/313,bibliography_ready,False,0,0,0,[],3,12,3,62,310,1031,coarse_spatial_context_only,not_captured_by_repository_sources,853
94,Överlännäs Raä 20,Sweden,63.1736111114,17.5922222219,https://browser.sead.se/site/94,bibliography_ready,False,0,0,0,[],3,10,2,6,36,2199,coarse_spatial_context_only,not_captured_by_repository_sources,854
58,Uddevalla Raä 133:1,Sweden,58.3318277781,12.0645,https://browser.sead.se/site/58,bibliography_ready,False,0,0,0,[],3,8,3,76,380,7321,coarse_spatial_context_only,not_captured_by_repository_sources,855
155,Nätra Raä 359,Sweden,63.2141666667,18.4611111111,https://browser.sead.se/site/155,bibliography_ready,False,0,0,0,[],3,7,2,123,274,1672,coarse_spatial_context_only,not_captured_by_repository_sources,856
302,Ytterby Raä 22,Sweden,57.85745,11.9120777778,https://browser.sead.se/site/302,bibliography_ready,False,0,0,0,[],3,6,2,23,87,5005,coarse_spatial_context_only,not_captured_by_repository_sources,857
57,Skrea Raä 162,Sweden,56.8882889,12.5898222,https://browser.sead.se/site/57,bibliography_ready,False,0,0,0,[],3,5,2,117,557,6333,coarse_spatial_context_only,not_captured_by_repository_sources,858
304,Svarteborg 585,Sweden,58.5112111111,11.5557388889,https://browser.sead.se/site/304,bibliography_ready,False,0,0,0,[],3,5,1,5,19,16773,coarse_spatial_context_only,not_captured_by_repository_sources,859
365,Svarteborg 88,Sweden,58.512425,11.5545694444,https://browser.sead.se/site/365,bibliography_ready,False,0,0,0,[],3,5,1,5,16,16773,coarse_spatial_context_only,not_captured_by_repository_sources,860
21,Fjärås Raä 499,Sweden,57.4294444448,12.1652777778,https://browser.sead.se/site/21,bibliography_ready,False,0,0,0,[],3,3,2,13,16,8569,coarse_spatial_context_only,not_captured_by_repository_sources,861
27,Kvibille Raä 131,Sweden,56.7941666663,12.8505555556,https://browser.sead.se/site/27,bibliography_ready,False,0,0,0,[],3,3,1,4,12,6333,coarse_spatial_context_only,not_captured_by_repository_sources,862
328,Odensala Raä 402,Sweden,59.673225,17.8628361,https://browser.sead.se/site/328,bibliography_ready,False,0,0,0,[],3,3,3,28,28,27450,coarse_spatial_context_only,not_captured_by_repository_sources,863
295,Tillinge Raä 314,Sweden,59.6536444444,16.9555166667,https://browser.sead.se/site/295,bibliography_ready,False,0,0,0,[],3,3,3,12,12,15126,coarse_spatial_context_only,not_captured_by_repository_sources,864
388,Morlanda 367,Sweden,58.1640194444,11.4787333337,https://browser.sead.se/site/388,bibliography_ready,False,0,0,0,[],3,1,1,2,2,16773,coarse_spatial_context_only,not_captured_by_repository_sources,865
244,Umeå socken Raä 225,Sweden,63.8361138886,20.1533694444,https://browser.sead.se/site/244,bibliography_ready,False,0,0,0,[],3,1,1,8,8,663,coarse_spatial_context_only,not_captured_by_repository_sources,866
339,Naverstad 373,Sweden,58.8871388886,11.481691667,https://browser.sead.se/site/339,bibliography_ready,False,0,0,0,[],2,12,2,9,52,16773,coarse_spatial_context_only,not_captured_by_repository_sources,867
24,"Hallagård, Stomma kulle",Sweden,56.9208333337,12.4938888886,https://browser.sead.se/site/24,bibliography_ready,False,0,0,0,[],2,11,2,59,309,6333,coarse_spatial_context_only,not_captured_by_repository_sources,868
106,Ledsjö Raä 149,Sweden,58.4670222226,13.4781305559,https://browser.sead.se/site/106,bibliography_ready,False,0,0,0,[],2,10,2,65,366,10501,coarse_spatial_context_only,not_captured_by_repository_sources,869
306,Vänge Raä 88:1,Sweden,59.8569638889,17.6363611108,https://browser.sead.se/site/306,bibliography_ready,False,0,0,0,[],2,10,2,19,98,27450,coarse_spatial_context_only,not_captured_by_repository_sources,870
124,Ledsjö Raä 153,Sweden,58.4809444448,13.4798472,https://browser.sead.se/site/124,bibliography_ready,False,0,0,0,[],2,9,2,47,249,10501,coarse_spatial_context_only,not_captured_by_repository_sources,871
265,Arvidsjaur Raä 633,Sweden,66.0518222222,19.0087361111,https://browser.sead.se/site/265,bibliography_ready,False,0,0,0,[],2,8,2,165,825,1338,coarse_spatial_context_only,not_captured_by_repository_sources,872
261,Björlanda 459,Sweden,57.7406499997,11.8653388889,https://browser.sead.se/site/261,bibliography_ready,False,0,0,0,[],2,8,2,374,901,5005,coarse_spatial_context_only,not_captured_by_repository_sources,873
305,Fåröarna,Sweden,59.6830555559,18.9266667,https://browser.sead.se/site/305,bibliography_ready,False,0,0,0,[],2,8,2,10,50,10763,coarse_spatial_context_only,not_captured_by_repository_sources,874
358,Marskärskobben,Sweden,59.683333333,18.9552778,https://browser.sead.se/site/358,bibliography_ready,False,0,0,0,[],2,8,2,6,30,10763,coarse_spatial_context_only,not_captured_by_repository_sources,875
349,Mjölingsören,Sweden,59.5663888889,18.6738888892,https://browser.sead.se/site/349,bibliography_ready,False,0,0,0,[],2,8,2,5,25,10763,coarse_spatial_context_only,not_captured_by_repository_sources,876
332,Nickösörarna,Sweden,59.5663888889,18.6738888892,https://browser.sead.se/site/332,bibliography_ready,False,0,0,0,[],2,8,2,7,35,10763,coarse_spatial_context_only,not_captured_by_repository_sources,877
289,Norra Småholmen,Sweden,59.5347222,18.5644444,https://browser.sead.se/site/289,bibliography_ready,False,0,0,0,[],2,8,2,7,35,10763,coarse_spatial_context_only,not_captured_by_repository_sources,878
109,Ramsele Raä 160,Sweden,63.5927777774,16.3575,https://browser.sead.se/site/109,bibliography_ready,False,0,0,0,[],2,8,2,177,882,1855,coarse_spatial_context_only,not_captured_by_repository_sources,879
258,Ägglösen,Sweden,59.5261111,18.9977778,https://browser.sead.se/site/258,bibliography_ready,False,0,0,0,[],2,8,2,6,30,10763,coarse_spatial_context_only,not_captured_by_repository_sources,880
357,Citytunnelprojektet delområde 8,Sweden,55.5427777774,13.0466666666,https://browser.sead.se/site/357,bibliography_ready,False,0,0,0,[],2,7,1,3,27,6654,coarse_spatial_context_only,not_captured_by_repository_sources,881
382,Foss Raä 166,Sweden,58.4597166667,11.6554166667,https://browser.sead.se/site/382,bibliography_ready,False,0,0,0,[],2,6,1,4,27,16773,coarse_spatial_context_only,not_captured_by_repository_sources,882
323,Foss Raä 440,Sweden,58.4447777774,11.6953722219,https://browser.sead.se/site/323,bibliography_ready,False,0,0,0,[],2,6,1,3,20,16773,coarse_spatial_context_only,not_captured_by_repository_sources,883
286,Herrestad Raä 14,Sweden,58.3468166663,11.8249333337,https://browser.sead.se/site/286,bibliography_ready,False,0,0,0,[],2,6,2,253,533,16773,coarse_spatial_context_only,not_captured_by_repository_sources,884
293,Svarteborg Raä 589,Sweden,58.5267194448,11.5446999997,https://browser.sead.se/site/293,bibliography_ready,False,0,0,0,[],2,6,1,16,88,16773,coarse_spatial_context_only,not_captured_by_repository_sources,885
338,Svarteborg Raä 590,Sweden,58.540708333,11.5235388892,https://browser.sead.se/site/338,bibliography_ready,False,0,0,0,[],2,6,1,26,126,16773,coarse_spatial_context_only,not_captured_by_repository_sources,886
222,Västra Frölunda Raä 411,Sweden,57.6708388892,11.9288333337,https://browser.sead.se/site/222,bibliography_ready,False,0,0,0,[],2,6,1,11,76,5005,coarse_spatial_context_only,not_captured_by_repository_sources,887
245,Askim Raä 290,Sweden,57.568341667,11.9385027774,https://browser.sead.se/site/245,bibliography_ready,False,0,0,0,[],2,5,1,3,18,5005,coarse_spatial_context_only,not_captured_by_repository_sources,888
307,Björlanda Raä 374,Sweden,57.7656055556,11.8248027781,https://browser.sead.se/site/307,bibliography_ready,False,0,0,0,[],2,5,2,24,117,5005,coarse_spatial_context_only,not_captured_by_repository_sources,889
324,Foss 438:1,Sweden,58.4546138889,11.6670222226,https://browser.sead.se/site/324,bibliography_ready,False,0,0,0,[],2,5,1,10,51,16773,coarse_spatial_context_only,not_captured_by_repository_sources,890
256,Laforsen,Sweden,61.9449138886,15.5052805556,https://browser.sead.se/site/256,bibliography_ready,False,0,0,0,[],2,5,2,264,661,1607,coarse_spatial_context_only,not_captured_by_repository_sources,891
116,Mölndal Raä 79,Sweden,57.6383805552,12.0058416667,https://browser.sead.se/site/116,bibliography_ready,False,0,0,0,[],2,5,1,10,55,8569,coarse_spatial_context_only,not_captured_by_repository_sources,892
239,Styrsö Raä 117,Sweden,57.6479166663,11.7768861114,https://browser.sead.se/site/239,bibliography_ready,False,0,0,0,[],2,5,1,2,12,5005,coarse_spatial_context_only,not_captured_by_repository_sources,893
290,Tanum 1892,Sweden,58.6984055552,11.2502361111,https://browser.sead.se/site/290,bibliography_ready,False,0,0,0,[],2,5,1,16,84,16773,coarse_spatial_context_only,not_captured_by_repository_sources,894
377,Tanum Raä 1840,Sweden,58.7404555552,11.2934972219,https://browser.sead.se/site/377,bibliography_ready,False,0,0,0,[],2,5,1,7,36,16773,coarse_spatial_context_only,not_captured_by_repository_sources,895
363,Tanum Raä 544,Sweden,58.7483305552,11.2905416663,https://browser.sead.se/site/363,bibliography_ready,False,0,0,0,[],2,5,1,7,37,16773,coarse_spatial_context_only,not_captured_by_repository_sources,896
366,Tanum Raä 546,Sweden,58.7508555556,11.287283333,https://browser.sead.se/site/366,bibliography_ready,False,0,0,0,[],2,5,1,4,21,16773,coarse_spatial_context_only,not_captured_by_repository_sources,897
53,Torslanda 108:1,Sweden,57.7143527778,11.7620833333,https://browser.sead.se/site/53,bibliography_ready,False,0,0,0,[],2,5,2,116,328,5005,coarse_spatial_context_only,not_captured_by_repository_sources,898
300,Torö Raä 75,Sweden,58.7564444444,17.8620972222,https://browser.sead.se/site/300,bibliography_ready,False,0,0,0,[],2,5,1,4,23,4303,coarse_spatial_context_only,not_captured_by_repository_sources,899
303,Uppsala Raä 499,Sweden,59.8544138889,17.6010972222,https://browser.sead.se/site/303,bibliography_ready,False,0,0,0,[],2,5,1,11,63,27450,coarse_spatial_context_only,not_captured_by_repository_sources,900
189,Ödskölt Raä 122,Sweden,58.826166667,12.129841667,https://browser.sead.se/site/189,bibliography_ready,False,0,0,0,[],2,5,1,3,18,7321,coarse_spatial_context_only,not_captured_by_repository_sources,901
359,Norum 291,Sweden,58.0452944444,11.8201611114,https://browser.sead.se/site/359,bibliography_ready,False,0,0,0,[],2,4,1,1,5,16773,coarse_spatial_context_only,not_captured_by_repository_sources,902
329,Odensala 6 (386),Sweden,59.6725277781,17.8686277781,https://browser.sead.se/site/329,bibliography_ready,False,0,0,0,[],2,4,2,14,17,27450,coarse_spatial_context_only,not_captured_by_repository_sources,903
345,Själstuga,Sweden,61.133166667,16.9196917,https://browser.sead.se/site/345,bibliography_ready,False,0,0,0,[],2,4,2,33,66,3464,coarse_spatial_context_only,not_captured_by_repository_sources,904
298,Töre Raä 320,Sweden,66.0195444445,22.6299277781,https://browser.sead.se/site/298,bibliography_ready,False,0,0,0,[],2,4,2,68,74,1472,coarse_spatial_context_only,not_captured_by_repository_sources,905
133,Umeå socken Raä 227,Sweden,63.8852472219,20.3235027781,https://browser.sead.se/site/133,bibliography_ready,False,0,0,0,[],2,4,1,68,340,663,coarse_spatial_context_only,not_captured_by_repository_sources,906
294,Åssjiejávrátje,Sweden,65.9783861114,19.1512028,https://browser.sead.se/site/294,bibliography_ready,False,0,0,0,[],2,4,2,53,106,1623,coarse_spatial_context_only,not_captured_by_repository_sources,907
167,Grums Raä 41:1,Sweden,59.3328361114,13.10035,https://browser.sead.se/site/167,bibliography_ready,False,0,0,0,[],2,3,1,7,12,3490,coarse_spatial_context_only,not_captured_by_repository_sources,908
399,Norum Raä 5,Sweden,58.0447833333,11.8191722226,https://browser.sead.se/site/399,bibliography_ready,False,0,0,0,[],2,3,1,1,4,16773,coarse_spatial_context_only,not_captured_by_repository_sources,909
207,Burträsk Raä 52,Sweden,64.496983333,20.9015305556,https://browser.sead.se/site/207,bibliography_ready,False,0,0,0,[],2,2,1,1,2,1860,coarse_spatial_context_only,not_captured_by_repository_sources,910
218,Grundsunda Raä 126,Sweden,63.2580555556,19.0488888889,https://browser.sead.se/site/218,bibliography_ready,False,0,0,0,[],2,2,1,4,5,954,coarse_spatial_context_only,not_captured_by_repository_sources,911
321,Hällekind 1636,Sweden,58.9242277781,11.1931305552,https://browser.sead.se/site/321,bibliography_ready,False,0,0,0,[],2,2,1,42,84,16773,coarse_spatial_context_only,not_captured_by_repository_sources,912
327,Hällekind 1639,Sweden,58.9240194448,11.1903805552,https://browser.sead.se/site/327,bibliography_ready,False,0,0,0,[],2,2,1,23,46,16773,coarse_spatial_context_only,not_captured_by_repository_sources,913
4915,Lockarp 7B,Sweden,55.533333,13.026944,https://browser.sead.se/site/4915,bibliography_ready,False,0,0,0,[],2,2,2,7,7,6654,coarse_spatial_context_only,not_captured_by_repository_sources,914
371,Njurunda Raä 837,Sweden,62.2919472219,17.3500833333,https://browser.sead.se/site/371,bibliography_ready,False,0,0,0,[],2,2,1,3,5,3577,coarse_spatial_context_only,not_captured_by_repository_sources,915
325,Selånger Raä 136,Sweden,62.4051944444,17.2116527778,https://browser.sead.se/site/325,bibliography_ready,False,0,0,0,[],2,2,2,7,7,3577,coarse_spatial_context_only,not_captured_by_repository_sources,916
240,Sorsele Raä 277,Sweden,65.2428361108,17.675291667,https://browser.sead.se/site/240,bibliography_ready,False,0,0,0,[],2,2,1,3,5,749,coarse_spatial_context_only,not_captured_by_repository_sources,917
156,Torsåker Raä 1589,Sweden,60.4607916667,16.446508333,https://browser.sead.se/site/156,bibliography_ready,False,0,0,0,[],2,2,1,96,192,4239,coarse_spatial_context_only,not_captured_by_repository_sources,918
172,Viby Raä 220,Sweden,59.0376583333,14.9076694444,https://browser.sead.se/site/172,bibliography_ready,False,0,0,0,[],2,2,1,30,60,2617,coarse_spatial_context_only,not_captured_by_repository_sources,919
215,Viby Raä 222,Sweden,59.0350166666,14.8725444448,https://browser.sead.se/site/215,bibliography_ready,False,0,0,0,[],2,2,1,15,29,2617,coarse_spatial_context_only,not_captured_by_repository_sources,920
157,"Älgtjärn, Jovan ekopark",Sweden,64.9175000003,17.5891666663,https://browser.sead.se/site/157,bibliography_ready,False,0,0,0,[],2,2,2,13,13,730,coarse_spatial_context_only,not_captured_by_repository_sources,921
368,Österhaninge Raä 72,Sweden,59.1566,18.1210722226,https://browser.sead.se/site/368,bibliography_ready,False,0,0,0,[],2,2,2,12,12,10763,coarse_spatial_context_only,not_captured_by_repository_sources,922
247,Askim Raä 287,Sweden,58.5108583333,13.5077055556,https://browser.sead.se/site/247,bibliography_ready,False,0,0,0,[],2,1,1,6,6,10501,coarse_spatial_context_only,not_captured_by_repository_sources,923
249,Bureå Raä 128,Sweden,64.5990888886,21.1950166663,https://browser.sead.se/site/249,bibliography_ready,False,0,0,0,[],2,1,1,9,9,1413,coarse_spatial_context_only,not_captured_by_repository_sources,924
334,Hogstorp,Sweden,58.391419,11.756439,https://browser.sead.se/site/334,bibliography_ready,False,0,0,0,[],2,1,1,9,9,16773,coarse_spatial_context_only,not_captured_by_repository_sources,925
60,Hogstorp 327:1,Sweden,58.391419,11.756439,https://browser.sead.se/site/60,bibliography_ready,False,0,0,0,[],2,1,1,14,9,16773,coarse_spatial_context_only,not_captured_by_repository_sources,926
211,Härnösand Raä 1,Sweden,62.619166667,17.9927777774,https://browser.sead.se/site/211,bibliography_ready,False,0,0,0,[],2,1,1,5,5,3577,coarse_spatial_context_only,not_captured_by_repository_sources,927
391,Håby Raä 4:1,Sweden,58.4870944441,11.592458333,https://browser.sead.se/site/391,bibliography_ready,False,0,0,0,[],2,1,1,2,2,16773,coarse_spatial_context_only,not_captured_by_repository_sources,928
11,Landa Raä 35,Sweden,57.3363888886,12.1658333333,https://browser.sead.se/site/11,bibliography_ready,False,0,0,0,[],2,1,1,13,13,8569,coarse_spatial_context_only,not_captured_by_repository_sources,929
12,Onsala Raä 369,Sweden,57.4072222222,12.0111111111,https://browser.sead.se/site/12,bibliography_ready,False,0,0,0,[],2,1,1,3,3,8569,coarse_spatial_context_only,not_captured_by_repository_sources,930
204,Skellefteå socken Raä 198,Sweden,64.7520666667,20.9232833337,https://browser.sead.se/site/204,bibliography_ready,False,0,0,0,[],2,1,1,4,4,1860,coarse_spatial_context_only,not_captured_by_repository_sources,931
255,Skellefteå stad Raä 632,Sweden,64.6908555552,21.0389666666,https://browser.sead.se/site/255,bibliography_ready,False,0,0,0,[],2,1,1,2,2,1413,coarse_spatial_context_only,not_captured_by_repository_sources,932
29,Skrea Raä 106,Sweden,56.9038888889,12.5733333337,https://browser.sead.se/site/29,bibliography_ready,False,0,0,0,[],2,1,1,2,2,6333,coarse_spatial_context_only,not_captured_by_repository_sources,933
352,Skön Raä 164,Sweden,62.4507888889,17.355925,https://browser.sead.se/site/352,bibliography_ready,False,0,0,0,[],2,1,1,1,1,3577,coarse_spatial_context_only,not_captured_by_repository_sources,934
342,Sundsvall stad,Sweden,62.369866667,17.2668000003,https://browser.sead.se/site/342,bibliography_ready,False,0,0,0,[],2,1,1,2,3,3577,coarse_spatial_context_only,not_captured_by_repository_sources,935
346,Svarteborg Raä 403,Sweden,58.5448749997,11.5169861114,https://browser.sead.se/site/346,bibliography_ready,False,0,0,0,[],2,1,1,17,17,16773,coarse_spatial_context_only,not_captured_by_repository_sources,936
392,Tanum 1209,Sweden,58.7306277781,11.334683333,https://browser.sead.se/site/392,bibliography_ready,False,0,0,0,[],2,1,1,1,1,16773,coarse_spatial_context_only,not_captured_by_repository_sources,937
297,Tanum 1229,Sweden,58.744758333,11.2345222219,https://browser.sead.se/site/297,bibliography_ready,False,0,0,0,[],2,1,1,4,4,16773,coarse_spatial_context_only,not_captured_by_repository_sources,938
367,Tanum 544,Sweden,58.7490194441,11.2910666663,https://browser.sead.se/site/367,bibliography_ready,False,0,0,0,[],2,1,1,5,5,16773,coarse_spatial_context_only,not_captured_by_repository_sources,939
389,Tanum Raä 539,Sweden,58.7407916663,11.3022416667,https://browser.sead.se/site/389,bibliography_ready,False,0,0,0,[],2,1,1,4,4,16773,coarse_spatial_context_only,not_captured_by_repository_sources,940
25,Tröinge 4:9,Sweden,56.9208333337,12.515,https://browser.sead.se/site/25,bibliography_ready,False,0,0,0,[],2,1,1,3,3,6333,coarse_spatial_context_only,not_captured_by_repository_sources,941
353,Tuna Raä 330,Sweden,62.3594861111,17.0279861111,https://browser.sead.se/site/353,bibliography_ready,False,0,0,0,[],2,1,1,7,7,3577,coarse_spatial_context_only,not_captured_by_repository_sources,942
396,Turinge 415,Sweden,59.1970222219,17.426216667,https://browser.sead.se/site/396,bibliography_ready,False,0,0,0,[],2,1,1,1,1,27450,coarse_spatial_context_only,not_captured_by_repository_sources,943
383,Västerhaninge Raä 201,Sweden,59.1240472226,18.1088222222,https://browser.sead.se/site/383,bibliography_ready,False,0,0,0,[],2,1,1,1,1,10763,coarse_spatial_context_only,not_captured_by_repository_sources,944
69,Kallsås 426:1,Sweden,58.4054722222,11.7384916663,https://browser.sead.se/site/69,bibliography_ready,False,0,0,0,[],2,0,1,2,0,16773,coarse_spatial_context_only,not_captured_by_repository_sources,945
70,Kallsås 430:1,Sweden,58.4019527778,11.7438138886,https://browser.sead.se/site/70,bibliography_ready,False,0,0,0,[],2,0,1,2,0,16773,coarse_spatial_context_only,not_captured_by_repository_sources,946
276,Svarteborg 593,Sweden,58.5202027781,11.5466749997,https://browser.sead.se/site/276,bibliography_ready,False,0,0,0,[],1,30,6,49,283,16773,coarse_spatial_context_only,not_captured_by_repository_sources,947
337,Skederid Raä 190,Sweden,59.6973222,18.4795028,https://browser.sead.se/site/337,bibliography_ready,False,0,0,0,[],1,7,5,21,24,10763,coarse_spatial_context_only,not_captured_by_repository_sources,948
354,Åkroken,Sweden,58.7519722,17.0113527778,https://browser.sead.se/site/354,bibliography_ready,False,0,0,0,[],1,6,1,6,36,4303,coarse_spatial_context_only,not_captured_by_repository_sources,949
190,Berghem Raä 10,Sweden,57.4424916663,12.5605416667,https://browser.sead.se/site/190,bibliography_ready,False,0,0,0,[],1,5,1,8,28,8569,coarse_spatial_context_only,not_captured_by_repository_sources,950
320,Bergskärit,Sweden,59.5152777778,18.7777778,https://browser.sead.se/site/320,bibliography_ready,False,0,0,0,[],1,5,1,3,18,10763,coarse_spatial_context_only,not_captured_by_repository_sources,951
118,Fors Raä 143,Sweden,58.2090361111,12.1793527781,https://browser.sead.se/site/118,bibliography_ready,False,0,0,0,[],1,5,1,33,198,7321,coarse_spatial_context_only,not_captured_by_repository_sources,952
23,Hasslöv Raä 86,Sweden,56.4213888892,13.02,https://browser.sead.se/site/23,bibliography_ready,False,0,0,0,[],1,5,1,5,27,8912,coarse_spatial_context_only,not_captured_by_repository_sources,953
214,Idre Raä 14,Sweden,62.1064111111,12.2913611108,https://browser.sead.se/site/214,bibliography_ready,False,0,0,0,[],1,5,1,3,18,2243,coarse_spatial_context_only,not_captured_by_repository_sources,954
335,Kall Raä 599,Sweden,63.8758888892,13.1717222226,https://browser.sead.se/site/335,bibliography_ready,False,0,0,0,[],1,5,1,7,38,1147,coarse_spatial_context_only,not_captured_by_repository_sources,955
235,Karleby Raä 105,Sweden,58.1900666663,13.6327972226,https://browser.sead.se/site/235,bibliography_ready,False,0,0,0,[],1,5,1,5,30,10501,coarse_spatial_context_only,not_captured_by_repository_sources,956
154,Leksberg Raä 69,Sweden,58.687358333,13.8174111114,https://browser.sead.se/site/154,bibliography_ready,False,0,0,0,[],1,5,1,3,18,10501,coarse_spatial_context_only,not_captured_by_repository_sources,957
395,Lohärad Raä 167:1,Sweden,59.8034916667,18.4577472222,https://browser.sead.se/site/395,bibliography_ready,False,0,0,0,[],1,5,1,1,6,10763,coarse_spatial_context_only,not_captured_by_repository_sources,958
169,Lundby Raä 8,Sweden,57.7061416667,11.8197583337,https://browser.sead.se/site/169,bibliography_ready,False,0,0,0,[],1,5,1,10,60,5005,coarse_spatial_context_only,not_captured_by_repository_sources,959
361,Lövleforsen,Sweden,63.177091667,16.1733500003,https://browser.sead.se/site/361,bibliography_ready,False,0,0,0,[],1,5,1,1,6,1855,coarse_spatial_context_only,not_captured_by_repository_sources,960
360,Nyköpingshus,Sweden,58.748183333,17.0115111111,https://browser.sead.se/site/360,bibliography_ready,False,0,0,0,[],1,5,1,4,22,4303,coarse_spatial_context_only,not_captured_by_repository_sources,961
182,Skeby Raä 46,Sweden,58.5012388889,13.3002416667,https://browser.sead.se/site/182,bibliography_ready,False,0,0,0,[],1,5,1,1,6,10501,coarse_spatial_context_only,not_captured_by_repository_sources,962
241,Skövde Raä 158,Sweden,58.3846361108,13.8942833,https://browser.sead.se/site/241,bibliography_ready,False,0,0,0,[],1,5,1,4,24,10501,coarse_spatial_context_only,not_captured_by_repository_sources,963
309,Svarteborg Raä 116,Sweden,58.539258333,11.5270861114,https://browser.sead.se/site/309,bibliography_ready,False,0,0,0,[],1,5,1,31,125,16773,coarse_spatial_context_only,not_captured_by_repository_sources,964
8,Tjärby Raä 59,Sweden,56.5583333333,13.0566666667,https://browser.sead.se/site/8,bibliography_ready,False,0,0,0,[],1,5,1,7,42,8912,coarse_spatial_context_only,not_captured_by_repository_sources,965
73,Torslanda Raä 96,Sweden,57.7193583337,11.7625138889,https://browser.sead.se/site/73,bibliography_ready,False,0,0,0,[],1,5,1,4,19,5005,coarse_spatial_context_only,not_captured_by_repository_sources,966
310,Tossene Raä 446,Sweden,58.4501194444,11.3669750003,https://browser.sead.se/site/310,bibliography_ready,False,0,0,0,[],1,5,1,3,18,16773,coarse_spatial_context_only,not_captured_by_repository_sources,967
198,Västerbitterna Raä 34,Sweden,58.1316583337,12.9218305559,https://browser.sead.se/site/198,bibliography_ready,False,0,0,0,[],1,5,1,4,24,7321,coarse_spatial_context_only,not_captured_by_repository_sources,968
281,Arvidsjaur Raä 1877,Sweden,66.0606444444,18.9779388892,https://browser.sead.se/site/281,bibliography_ready,False,0,0,0,[],1,4,1,240,1200,1913,coarse_spatial_context_only,not_captured_by_repository_sources,969
285,Askum raä 6,Sweden,58.4194555559,11.3440194441,https://browser.sead.se/site/285,bibliography_ready,False,0,0,0,[],1,4,1,167,835,16773,coarse_spatial_context_only,not_captured_by_repository_sources,970
267,Askum Raä 67,Sweden,58.4024138889,11.3591305556,https://browser.sead.se/site/267,bibliography_ready,False,0,0,0,[],1,4,1,241,1205,16773,coarse_spatial_context_only,not_captured_by_repository_sources,971
187,Borgsjö 165:1,Sweden,62.4011555556,15.6396777774,https://browser.sead.se/site/187,bibliography_ready,False,0,0,0,[],1,4,1,2,10,1173,coarse_spatial_context_only,not_captured_by_repository_sources,972
322,Borgsjö Raä 165,Sweden,62.4011555556,15.6396777774,https://browser.sead.se/site/322,bibliography_ready,False,0,0,0,[],1,4,1,2,10,1173,coarse_spatial_context_only,not_captured_by_repository_sources,973
146,Göteborg Raä 218,Sweden,57.7275222226,12.0069638889,https://browser.sead.se/site/146,bibliography_ready,False,0,0,0,[],1,4,1,9,45,8569,coarse_spatial_context_only,not_captured_by_repository_sources,974
152,Göteborg Raä 365,Sweden,57.6424166663,11.9136666667,https://browser.sead.se/site/152,bibliography_ready,False,0,0,0,[],1,4,1,99,495,5005,coarse_spatial_context_only,not_captured_by_repository_sources,975
316,"Hagen, Bäve",Sweden,58.3313888892,12.0213888889,https://browser.sead.se/site/316,bibliography_ready,False,0,0,0,[],1,4,1,40,200,7321,coarse_spatial_context_only,not_captured_by_repository_sources,976
160,Ledsjö Raä 148,Sweden,58.4652388889,13.4775388892,https://browser.sead.se/site/160,bibliography_ready,False,0,0,0,[],1,4,1,26,130,10501,coarse_spatial_context_only,not_captured_by_repository_sources,977
336,Nederkalix Raä 722,Sweden,65.8521333333,23.3933999997,https://browser.sead.se/site/336,bibliography_ready,False,0,0,0,[],1,4,1,4,20,635,coarse_spatial_context_only,not_captured_by_repository_sources,978
343,Ripkallhögen,Sweden,62.6955249997,12.9432499997,https://browser.sead.se/site/343,bibliography_ready,False,0,0,0,[],1,4,1,9,45,2243,coarse_spatial_context_only,not_captured_by_repository_sources,979
314,Tanum Raä 59,Sweden,58.5487999997,11.335158333,https://browser.sead.se/site/314,bibliography_ready,False,0,0,0,[],1,4,1,2,10,16773,coarse_spatial_context_only,not_captured_by_repository_sources,980
68,Torslanda 99:1,Sweden,57.7151388889,11.7701222226,https://browser.sead.se/site/68,bibliography_ready,False,0,0,0,[],1,4,1,8,40,5005,coarse_spatial_context_only,not_captured_by_repository_sources,981
274,Töre 341:1,Sweden,66.0216444445,22.6287333337,https://browser.sead.se/site/274,bibliography_ready,False,0,0,0,[],1,4,1,81,405,1472,coarse_spatial_context_only,not_captured_by_repository_sources,982
384,Töre 422,Sweden,66.0217556,22.6267111,https://browser.sead.se/site/384,bibliography_ready,False,0,0,0,[],1,4,1,2,10,1472,coarse_spatial_context_only,not_captured_by_repository_sources,983
216,Umeå stad Raä 15,Sweden,63.8260972226,20.3033944444,https://browser.sead.se/site/216,bibliography_ready,False,0,0,0,[],1,4,1,7,35,663,coarse_spatial_context_only,not_captured_by_repository_sources,984
148,Umeå Stadsliden 6:6,Sweden,63.8275500003,20.3144694444,https://browser.sead.se/site/148,bibliography_ready,False,0,0,0,[],1,4,1,80,400,663,coarse_spatial_context_only,not_captured_by_repository_sources,985
341,Vaksala Raä 300,Sweden,59.8923638886,17.7237888892,https://browser.sead.se/site/341,bibliography_ready,False,0,0,0,[],1,4,1,5,20,27450,coarse_spatial_context_only,not_captured_by_repository_sources,986
144,Vänersborg Raä 149,Sweden,58.333558333,12.2002972222,https://browser.sead.se/site/144,bibliography_ready,False,0,0,0,[],1,4,1,86,430,7321,coarse_spatial_context_only,not_captured_by_repository_sources,987
107,Vättlösa Raä 158,Sweden,58.5108583333,13.5077055556,https://browser.sead.se/site/107,bibliography_ready,False,0,0,0,[],1,4,1,31,155,10501,coarse_spatial_context_only,not_captured_by_repository_sources,988
178,Yttre Medväga,Sweden,60.5190944448,15.4388,https://browser.sead.se/site/178,bibliography_ready,False,0,0,0,[],1,4,1,8,40,3988,coarse_spatial_context_only,not_captured_by_repository_sources,989
271,Nederluleå Raä 601,Sweden,65.5766305559,21.9684555559,https://browser.sead.se/site/271,bibliography_ready,False,0,0,0,[],1,3,1,137,411,1647,coarse_spatial_context_only,not_captured_by_repository_sources,990
55,Torslanda 110:1,Sweden,57.7142361111,11.7782888892,https://browser.sead.se/site/55,bibliography_ready,False,0,0,0,[],1,3,1,25,125,5005,coarse_spatial_context_only,not_captured_by_repository_sources,991
210,Bjurholm Raä 295,Sweden,63.862175,19.2311277781,https://browser.sead.se/site/210,bibliography_ready,False,0,0,0,[],1,2,1,3,6,954,coarse_spatial_context_only,not_captured_by_repository_sources,992
232,Bothnia lina JP 62B/62:11,Sweden,63.4836111108,19.2972222219,https://browser.sead.se/site/232,bibliography_ready,False,0,0,0,[],1,2,1,18,36,954,coarse_spatial_context_only,not_captured_by_repository_sources,993
129,Bothnia line JP 22A,Sweden,63.1838888886,17.9230555559,https://browser.sead.se/site/129,bibliography_ready,False,0,0,0,[],1,2,1,14,28,2199,coarse_spatial_context_only,not_captured_by_repository_sources,994
108,Bothnia line JP 22C,Sweden,63.1702777781,17.819166667,https://browser.sead.se/site/108,bibliography_ready,False,0,0,0,[],1,2,1,33,66,2199,coarse_spatial_context_only,not_captured_by_repository_sources,995
237,Bothnia line JP 22D,Sweden,63.1680555559,17.8152777778,https://browser.sead.se/site/237,bibliography_ready,False,0,0,0,[],1,2,1,8,16,2199,coarse_spatial_context_only,not_captured_by_repository_sources,996
175,Bothnia line JP 31A,Sweden,63.2116666667,18.3608333333,https://browser.sead.se/site/175,bibliography_ready,False,0,0,0,[],1,2,1,24,48,1672,coarse_spatial_context_only,not_captured_by_repository_sources,997
236,Bothnia line JP 31B,Sweden,63.2513888889,18.3488888886,https://browser.sead.se/site/236,bibliography_ready,False,0,0,0,[],1,2,1,31,62,1672,coarse_spatial_context_only,not_captured_by_repository_sources,998
150,Bothnia line JP 31D,Sweden,63.2352777774,18.2852777774,https://browser.sead.se/site/150,bibliography_ready,False,0,0,0,[],1,2,1,19,38,1672,coarse_spatial_context_only,not_captured_by_repository_sources,999
101,Bothnia line JP 31E,Sweden,63.2361111108,18.2819444448,https://browser.sead.se/site/101,bibliography_ready,False,0,0,0,[],1,2,1,19,38,1672,coarse_spatial_context_only,not_captured_by_repository_sources,1000
104,Bothnia line JP 31F,Sweden,63.2416666663,18.2622222222,https://browser.sead.se/site/104,bibliography_ready,False,0,0,0,[],1,2,1,18,36,1672,coarse_spatial_context_only,not_captured_by_repository_sources,1001
200,Bothnia line JP 31G,Sweden,63.2472222219,18.2424999997,https://browser.sead.se/site/200,bibliography_ready,False,0,0,0,[],1,2,1,6,12,1672,coarse_spatial_context_only,not_captured_by_repository_sources,1002
80,Bothnia line JP 31H,Sweden,63.2480555552,18.2094444444,https://browser.sead.se/site/80,bibliography_ready,False,0,0,0,[],1,2,1,7,14,1672,coarse_spatial_context_only,not_captured_by_repository_sources,1003
217,Bothnia line JP 31I,Sweden,63.2533333333,18.2119444444,https://browser.sead.se/site/217,bibliography_ready,False,0,0,0,[],1,2,1,12,24,1672,coarse_spatial_context_only,not_captured_by_repository_sources,1004
209,Bothnia line jp 31J1,Sweden,63.22265,18.0569333,https://browser.sead.se/site/209,bibliography_ready,False,0,0,0,[],1,2,1,10,20,1672,coarse_spatial_context_only,not_captured_by_repository_sources,1005
117,Bothnia line JP 31J2,Sweden,63.2247222226,18.0875,https://browser.sead.se/site/117,bibliography_ready,False,0,0,0,[],1,2,1,11,22,1672,coarse_spatial_context_only,not_captured_by_repository_sources,1006
224,Bothnia line JP 31J3,Sweden,63.2208333337,18.0330555556,https://browser.sead.se/site/224,bibliography_ready,False,0,0,0,[],1,2,1,13,26,1672,coarse_spatial_context_only,not_captured_by_repository_sources,1007
194,Bothnia line JP 31J4,Sweden,63.2205555559,18.0283333334,https://browser.sead.se/site/194,bibliography_ready,False,0,0,0,[],1,2,1,4,8,1672,coarse_spatial_context_only,not_captured_by_repository_sources,1008
230,Bothnia line JP 31K,Sweden,63.2380555552,18.1361111108,https://browser.sead.se/site/230,bibliography_ready,False,0,0,0,[],1,2,1,6,12,1672,coarse_spatial_context_only,not_captured_by_repository_sources,1009
162,Bothnia line JP 32B,Sweden,63.2105555556,18.4075,https://browser.sead.se/site/162,bibliography_ready,False,0,0,0,[],1,2,1,33,66,1672,coarse_spatial_context_only,not_captured_by_repository_sources,1010
141,Bothnia line JP 32C,Sweden,63.2094444444,18.4213888892,https://browser.sead.se/site/141,bibliography_ready,False,0,0,0,[],1,2,1,12,24,1672,coarse_spatial_context_only,not_captured_by_repository_sources,1011
145,Bothnia line JP 32D,Sweden,63.2208333337,18.4861111108,https://browser.sead.se/site/145,bibliography_ready,False,0,0,0,[],1,2,1,72,144,1672,coarse_spatial_context_only,not_captured_by_repository_sources,1012
177,Bothnia line JP 32E,Sweden,63.2413888886,18.5075,https://browser.sead.se/site/177,bibliography_ready,False,0,0,0,[],1,2,1,19,38,1672,coarse_spatial_context_only,not_captured_by_repository_sources,1013
201,Bothnia line JP 32F,Sweden,63.2808333337,18.5636111111,https://browser.sead.se/site/201,bibliography_ready,False,0,0,0,[],1,2,1,31,62,1672,coarse_spatial_context_only,not_captured_by_repository_sources,1014
188,Bothnia line JP 32G,Sweden,63.2819444448,18.576666667,https://browser.sead.se/site/188,bibliography_ready,False,0,0,0,[],1,2,1,21,42,1672,coarse_spatial_context_only,not_captured_by_repository_sources,1015
180,Bothnia line JP 32H,Sweden,63.2588888889,18.5405555552,https://browser.sead.se/site/180,bibliography_ready,False,0,0,0,[],1,2,1,33,66,1672,coarse_spatial_context_only,not_captured_by_repository_sources,1016
130,Bothnia line JP 62A/62:17,Sweden,63.4769444448,19.2874999997,https://browser.sead.se/site/130,bibliography_ready,False,0,0,0,[],1,2,1,52,104,954,coarse_spatial_context_only,not_captured_by_repository_sources,1017
110,Bothnia line JP 71A1/71:31,Sweden,63.5802777781,19.5355555552,https://browser.sead.se/site/110,bibliography_ready,False,0,0,0,[],1,2,1,70,140,954,coarse_spatial_context_only,not_captured_by_repository_sources,1018
137,Bothnia line JP 71A2/71:29,Sweden,63.5847222219,19.5422222219,https://browser.sead.se/site/137,bibliography_ready,False,0,0,0,[],1,2,1,59,118,954,coarse_spatial_context_only,not_captured_by_repository_sources,1019
191,Bothnia line JP 71B,Sweden,63.5849999997,19.5822222226,https://browser.sead.se/site/191,bibliography_ready,False,0,0,0,[],1,2,1,12,24,954,coarse_spatial_context_only,not_captured_by_repository_sources,1020
176,Bothnia line JP 71C1/71:24,Sweden,63.5844444441,19.5839944,https://browser.sead.se/site/176,bibliography_ready,False,0,0,0,[],1,2,1,41,82,954,coarse_spatial_context_only,not_captured_by_repository_sources,1021
98,Bothnia line JP 71D/71:17,Sweden,63.5847222219,19.6075,https://browser.sead.se/site/98,bibliography_ready,False,0,0,0,[],1,2,1,98,196,954,coarse_spatial_context_only,not_captured_by_repository_sources,1022
86,Bothnia line JP 71E/71:14,Sweden,63.5797222226,19.6761111114,https://browser.sead.se/site/86,bibliography_ready,False,0,0,0,[],1,2,1,80,160,954,coarse_spatial_context_only,not_captured_by_repository_sources,1023
139,Bothnia line JP 71F1,Sweden,63.586175,19.7208,https://browser.sead.se/site/139,bibliography_ready,False,0,0,0,[],1,2,1,21,42,954,coarse_spatial_context_only,not_captured_by_repository_sources,1024
179,Bothnia line JP 71F2/71:12,Sweden,63.5863888886,19.719166667,https://browser.sead.se/site/179,bibliography_ready,False,0,0,0,[],1,2,1,49,98,954,coarse_spatial_context_only,not_captured_by_repository_sources,1025
147,Bothnia line JP 71G/71:1,Sweden,63.6086111111,19.8300000003,https://browser.sead.se/site/147,bibliography_ready,False,0,0,0,[],1,2,1,27,54,954,coarse_spatial_context_only,not_captured_by_repository_sources,1026
142,Bothnia line JP 72A/72:1,Sweden,63.6877777774,20.0497222222,https://browser.sead.se/site/142,bibliography_ready,False,0,0,0,[],1,2,1,54,107,663,coarse_spatial_context_only,not_captured_by_repository_sources,1027
95,Bothnia line JP 72B/73:26,Sweden,63.6916666663,20.0605555556,https://browser.sead.se/site/95,bibliography_ready,False,0,0,0,[],1,2,1,31,62,663,coarse_spatial_context_only,not_captured_by_repository_sources,1028
114,Bothnia line JP 72C/72:2,Sweden,63.6852777774,20.0433333333,https://browser.sead.se/site/114,bibliography_ready,False,0,0,0,[],1,2,1,18,36,663,coarse_spatial_context_only,not_captured_by_repository_sources,1029
203,Bothnia line JP 72E,Sweden,63.6594167,19.9786472,https://browser.sead.se/site/203,bibliography_ready,False,0,0,0,[],1,2,1,12,24,954,coarse_spatial_context_only,not_captured_by_repository_sources,1030
208,Bothnia line JP 72G2,Sweden,63.6308333337,19.9013888889,https://browser.sead.se/site/208,bibliography_ready,False,0,0,0,[],1,2,1,8,16,954,coarse_spatial_context_only,not_captured_by_repository_sources,1031
171,Bothnia line JP 72H,Sweden,63.6319444448,19.8888888886,https://browser.sead.se/site/171,bibliography_ready,False,0,0,0,[],1,2,1,24,48,954,coarse_spatial_context_only,not_captured_by_repository_sources,1032
183,Bothnia line JP 72I,Sweden,63.6255555559,19.879166667,https://browser.sead.se/site/183,bibliography_ready,False,0,0,0,[],1,2,1,8,16,954,coarse_spatial_context_only,not_captured_by_repository_sources,1033
225,Bothnia line JP 72J,Sweden,63.6169444448,19.8558333333,https://browser.sead.se/site/225,bibliography_ready,False,0,0,0,[],1,2,1,2,4,954,coarse_spatial_context_only,not_captured_by_repository_sources,1034
199,Bothnia line JP 73A,Sweden,63.6944444441,20.0708333334,https://browser.sead.se/site/199,bibliography_ready,False,0,0,0,[],1,2,1,16,32,663,coarse_spatial_context_only,not_captured_by_repository_sources,1035
164,Bothnia line JP 73B,Sweden,63.7027777778,20.0872222222,https://browser.sead.se/site/164,bibliography_ready,False,0,0,0,[],1,2,1,17,34,663,coarse_spatial_context_only,not_captured_by_repository_sources,1036
226,Bothnia line JP 73C,Sweden,63.7144444444,20.1305555559,https://browser.sead.se/site/226,bibliography_ready,False,0,0,0,[],1,2,1,11,22,663,coarse_spatial_context_only,not_captured_by_repository_sources,1037
134,Bothnia line JP 73D,Sweden,63.7177777781,20.1419444441,https://browser.sead.se/site/134,bibliography_ready,False,0,0,0,[],1,2,1,60,120,663,coarse_spatial_context_only,not_captured_by_repository_sources,1038
220,Bothnia line JP 73F,Sweden,63.7230555559,20.1927777774,https://browser.sead.se/site/220,bibliography_ready,False,0,0,0,[],1,2,1,18,36,663,coarse_spatial_context_only,not_captured_by_repository_sources,1039
193,Bothnia line JP 73G,Sweden,63.7231278,20.1977083,https://browser.sead.se/site/193,bibliography_ready,False,0,0,0,[],1,2,1,8,16,663,coarse_spatial_context_only,not_captured_by_repository_sources,1040
221,Bothnia line JP 73H,Sweden,63.7247222226,20.2138888889,https://browser.sead.se/site/221,bibliography_ready,False,0,0,0,[],1,2,1,3,6,663,coarse_spatial_context_only,not_captured_by_repository_sources,1041
219,Bothnia line JP 73J,Sweden,63.7322222226,20.2399999997,https://browser.sead.se/site/219,bibliography_ready,False,0,0,0,[],1,2,1,5,10,663,coarse_spatial_context_only,not_captured_by_repository_sources,1042
238,Bothnia line JP 73K,Sweden,63.7352777774,20.2452777774,https://browser.sead.se/site/238,bibliography_ready,False,0,0,0,[],1,2,1,12,24,663,coarse_spatial_context_only,not_captured_by_repository_sources,1043
168,Bothnia line JP 73L,Sweden,63.738333333,20.248333333,https://browser.sead.se/site/168,bibliography_ready,False,0,0,0,[],1,2,1,24,48,663,coarse_spatial_context_only,not_captured_by_repository_sources,1044
113,Bothnia line JP 75A/75:7,Sweden,63.8622222222,20.2344444441,https://browser.sead.se/site/113,bibliography_ready,False,0,0,0,[],1,2,1,26,52,663,coarse_spatial_context_only,not_captured_by_repository_sources,1045
197,Bothnia line JP 75B1,Sweden,63.8544444444,20.1566666667,https://browser.sead.se/site/197,bibliography_ready,False,0,0,0,[],1,2,1,20,40,663,coarse_spatial_context_only,not_captured_by_repository_sources,1046
81,Bothnia line JP 75B2,Sweden,63.8547222222,20.1469444441,https://browser.sead.se/site/81,bibliography_ready,False,0,0,0,[],1,2,1,38,76,663,coarse_spatial_context_only,not_captured_by_repository_sources,1047
120,Bothnia line JP 75C1/75:2,Sweden,63.8694444448,20.1061111111,https://browser.sead.se/site/120,bibliography_ready,False,0,0,0,[],1,2,1,26,52,663,coarse_spatial_context_only,not_captured_by_repository_sources,1048
185,Bothnia line JP 75C2,Sweden,63.8663888889,20.1080555556,https://browser.sead.se/site/185,bibliography_ready,False,0,0,0,[],1,2,1,8,16,663,coarse_spatial_context_only,not_captured_by_repository_sources,1049
227,Bothnia line JP 75D/75:3,Sweden,63.8552777778,20.1311111114,https://browser.sead.se/site/227,bibliography_ready,False,0,0,0,[],1,2,1,12,24,663,coarse_spatial_context_only,not_captured_by_repository_sources,1050
251,Bothnia line JP 75E,Sweden,63.8608333333,20.121666667,https://browser.sead.se/site/251,bibliography_ready,False,0,0,0,[],1,2,1,4,8,663,coarse_spatial_context_only,not_captured_by_repository_sources,1051
317,Bro Raä 195:1,Sweden,58.4077861111,11.4299000003,https://browser.sead.se/site/317,bibliography_ready,False,0,0,0,[],1,2,1,3,3,16773,coarse_spatial_context_only,not_captured_by_repository_sources,1052
252,Bureå Raä 11,Sweden,64.6183805559,21.2117388889,https://browser.sead.se/site/252,bibliography_ready,False,0,0,0,[],1,2,1,7,14,1413,coarse_spatial_context_only,not_captured_by_repository_sources,1053
61,Dammen Raä 195:1,Sweden,58.4077861111,11.4299000003,https://browser.sead.se/site/61,bibliography_ready,False,0,0,0,[],1,2,1,3,3,16773,coarse_spatial_context_only,not_captured_by_repository_sources,1054
282,Forshälla Raä 360,Sweden,58.3163361111,11.8579027778,https://browser.sead.se/site/282,bibliography_ready,False,0,0,0,[],1,2,1,201,401,16773,coarse_spatial_context_only,not_captured_by_repository_sources,1055
347,"Forskningsparken, Huddinge",Sweden,59.216666667,17.9382722219,https://browser.sead.se/site/347,bibliography_ready,False,0,0,0,[],1,2,1,5,7,27450,coarse_spatial_context_only,not_captured_by_repository_sources,1056
376,Foss 173,Sweden,58.4581361111,11.6554472222,https://browser.sead.se/site/376,bibliography_ready,False,0,0,0,[],1,2,1,5,10,16773,coarse_spatial_context_only,not_captured_by_repository_sources,1057
364,"Gammelstad, Luleå",Sweden,65.6458888886,22.0269361111,https://browser.sead.se/site/364,bibliography_ready,False,0,0,0,[],1,2,1,2,2,654,coarse_spatial_context_only,not_captured_by_repository_sources,1058
196,Grundsunda Raä 121,Sweden,63.2552777778,19.0677777778,https://browser.sead.se/site/196,bibliography_ready,False,0,0,0,[],1,2,1,15,30,954,coarse_spatial_context_only,not_captured_by_repository_sources,1059
250,Gunnarskog Raä 595,Sweden,59.8048027778,12.5792750003,https://browser.sead.se/site/250,bibliography_ready,False,0,0,0,[],1,2,1,4,8,3762,coarse_spatial_context_only,not_captured_by_repository_sources,1060
205,Hedesunda Raä 113,Sweden,60.4911277774,16.9367388886,https://browser.sead.se/site/205,bibliography_ready,False,0,0,0,[],1,2,1,38,76,4239,coarse_spatial_context_only,not_captured_by_repository_sources,1061
17,Laholm Raä 205,Sweden,56.5197222226,13.0077777778,https://browser.sead.se/site/17,bibliography_ready,False,0,0,0,[],1,2,1,12,17,8912,coarse_spatial_context_only,not_captured_by_repository_sources,1062
272,Norrsunda Raä 185,Sweden,59.6030416667,17.9006972222,https://browser.sead.se/site/272,bibliography_ready,False,0,0,0,[],1,2,1,58,83,27450,coarse_spatial_context_only,not_captured_by_repository_sources,1063
22,Skrea Raä 191,Sweden,56.8759861114,12.626091667,https://browser.sead.se/site/22,bibliography_ready,False,0,0,0,[],1,2,1,2,2,6333,coarse_spatial_context_only,not_captured_by_repository_sources,1064
9,Stafsinge Raä 120,Sweden,56.9218694448,12.4882222219,https://browser.sead.se/site/9,bibliography_ready,False,0,0,0,[],1,2,1,77,154,6333,coarse_spatial_context_only,not_captured_by_repository_sources,1065
20,Stafsinge Raä 122,Sweden,56.9240694448,12.4817361114,https://browser.sead.se/site/20,bibliography_ready,False,0,0,0,[],1,2,1,41,82,6333,coarse_spatial_context_only,not_captured_by_repository_sources,1066
18,Värö Raä 323,Sweden,57.2836111108,12.1686111114,https://browser.sead.se/site/18,bibliography_ready,False,0,0,0,[],1,2,1,4,6,8569,coarse_spatial_context_only,not_captured_by_repository_sources,1067
344,Västerhaninge Raä 479,Sweden,59.1262805559,18.1122972222,https://browser.sead.se/site/344,bibliography_ready,False,0,0,0,[],1,2,2,8,8,10763,coarse_spatial_context_only,not_captured_by_repository_sources,1068
174,Våmb Raä 59,Sweden,58.3876444441,13.8043083333,https://browser.sead.se/site/174,bibliography_ready,False,0,0,0,[],1,2,1,15,30,10501,coarse_spatial_context_only,not_captured_by_repository_sources,1069
90,Örby Raä 98,Sweden,57.4808833337,12.685775,https://browser.sead.se/site/90,bibliography_ready,False,0,0,0,[],1,2,1,228,456,8569,coarse_spatial_context_only,not_captured_by_repository_sources,1070
340,Österhaninge Raä 238,Sweden,59.1535472222,18.1315388892,https://browser.sead.se/site/340,bibliography_ready,False,0,0,0,[],1,2,1,5,6,10763,coarse_spatial_context_only,not_captured_by_repository_sources,1071
213,"Alväng, Götlunda",Sweden,59.380325,15.6283583,https://browser.sead.se/site/213,bibliography_ready,False,0,0,0,[],1,1,1,4,4,3873,coarse_spatial_context_only,not_captured_by_repository_sources,1072
394,Arboga Raä 65,Sweden,59.4112555556,15.7701583337,https://browser.sead.se/site/394,bibliography_ready,False,0,0,0,[],1,1,1,2,2,3873,coarse_spatial_context_only,not_captured_by_repository_sources,1073
372,Björlanda 348,Sweden,57.7587,11.8384472219,https://browser.sead.se/site/372,bibliography_ready,False,0,0,0,[],1,1,1,1,1,5005,coarse_spatial_context_only,not_captured_by_repository_sources,1074
4775,Bollnäs,Sweden,61.349434,16.396141,https://browser.sead.se/site/4775,bibliography_ready,False,0,0,0,[],1,1,1,1,1,3464,coarse_spatial_context_only,not_captured_by_repository_sources,1075
333,Enånger Raä 145,Sweden,61.5299138892,16.9779083337,https://browser.sead.se/site/333,bibliography_ready,False,0,0,0,[],1,1,1,16,16,3464,coarse_spatial_context_only,not_captured_by_repository_sources,1076
319,Enånger Raä 146,Sweden,61.4907611108,16.9850916663,https://browser.sead.se/site/319,bibliography_ready,False,0,0,0,[],1,1,1,50,50,3464,coarse_spatial_context_only,not_captured_by_repository_sources,1077
202,Falköping Raä 3,Sweden,58.1698194448,13.5780611114,https://browser.sead.se/site/202,bibliography_ready,False,0,0,0,[],1,1,1,4,4,10501,coarse_spatial_context_only,not_captured_by_repository_sources,1078
64,Forshälla Raä 140,Sweden,58.3026027778,11.859825,https://browser.sead.se/site/64,bibliography_ready,False,0,0,0,[],1,1,1,7,5,16773,coarse_spatial_context_only,not_captured_by_repository_sources,1079
393,Fresta 87:3,Sweden,59.4734972226,17.9924444441,https://browser.sead.se/site/393,bibliography_ready,False,0,0,0,[],1,1,1,1,1,27450,coarse_spatial_context_only,not_captured_by_repository_sources,1080
10,Getinge Raä 93,Sweden,56.8250000003,12.7105555556,https://browser.sead.se/site/10,bibliography_ready,False,0,0,0,[],1,1,1,5,5,6333,coarse_spatial_context_only,not_captured_by_repository_sources,1081
254,Grundsunda Raä 30,Sweden,63.3916194,19.2470694,https://browser.sead.se/site/254,bibliography_ready,False,0,0,0,[],1,1,1,2,2,954,coarse_spatial_context_only,not_captured_by_repository_sources,1082
223,Gävle Raä 303,Sweden,60.5512444444,17.2585555556,https://browser.sead.se/site/223,bibliography_ready,False,0,0,0,[],1,1,1,6,6,5060,coarse_spatial_context_only,not_captured_by_repository_sources,1083
173,Göteborg Raä 66,Sweden,57.6833444441,12.0124444444,https://browser.sead.se/site/173,bibliography_ready,False,0,0,0,[],1,1,1,3,3,8569,coarse_spatial_context_only,not_captured_by_repository_sources,1084
15,Halmstad Raä 44,Sweden,56.6747222226,12.8575,https://browser.sead.se/site/15,bibliography_ready,False,0,0,0,[],1,1,1,1,1,6333,coarse_spatial_context_only,not_captured_by_repository_sources,1085
373,Hedningsgärdet,Sweden,62.5760694448,12.567775,https://browser.sead.se/site/373,bibliography_ready,False,0,0,0,[],1,1,1,3,3,2243,coarse_spatial_context_only,not_captured_by_repository_sources,1086
71,Hogdal 444 + 445,Sweden,59.002375,11.2316055559,https://browser.sead.se/site/71,bibliography_ready,False,0,0,0,[],1,1,1,5,1,1520,coarse_spatial_context_only,not_captured_by_repository_sources,1087
65,Hålta Raä 130,Sweden,57.9128194444,11.8302222226,https://browser.sead.se/site/65,bibliography_ready,False,0,0,0,[],1,1,1,8,5,5005,coarse_spatial_context_only,not_captured_by_repository_sources,1088
356,Kolbäck Raä 355,Sweden,59.5608388889,16.2416111108,https://browser.sead.se/site/356,bibliography_ready,False,0,0,0,[],1,1,1,4,4,15126,coarse_spatial_context_only,not_captured_by_repository_sources,1089
291,Kosjärv,Sweden,65.9296833337,22.8561528,https://browser.sead.se/site/291,bibliography_ready,False,0,0,0,[],1,1,1,3,3,654,coarse_spatial_context_only,not_captured_by_repository_sources,1090
390,Lillberget,Sweden,66.4058944444,22.6675083337,https://browser.sead.se/site/390,bibliography_ready,False,0,0,0,[],1,1,1,2,2,1472,coarse_spatial_context_only,not_captured_by_repository_sources,1091
233,Månstad Raä 81,Sweden,57.5864805552,13.302275,https://browser.sead.se/site/233,bibliography_ready,False,0,0,0,[],1,1,1,1,1,8587,coarse_spatial_context_only,not_captured_by_repository_sources,1092
398,Njurunda 838,Sweden,62.287133333,17.3487027774,https://browser.sead.se/site/398,bibliography_ready,False,0,0,0,[],1,1,1,1,1,3577,coarse_spatial_context_only,not_captured_by_repository_sources,1093
380,Njurunda Raä 125,Sweden,62.2856694441,17.3668222226,https://browser.sead.se/site/380,bibliography_ready,False,0,0,0,[],1,1,1,1,1,3577,coarse_spatial_context_only,not_captured_by_repository_sources,1094
387,Odlaren 1:1,Sweden,59.3411666663,16.5846138886,https://browser.sead.se/site/387,bibliography_ready,False,0,0,0,[],1,1,1,2,2,15126,coarse_spatial_context_only,not_captured_by_repository_sources,1095
181,Ovansjö Raä 307,Sweden,60.5661138889,16.4898666663,https://browser.sead.se/site/181,bibliography_ready,False,0,0,0,[],1,1,1,40,40,4239,coarse_spatial_context_only,not_captured_by_repository_sources,1096
186,Prästsjödiket Umeå,Sweden,63.8449999997,20.1447222,https://browser.sead.se/site/186,bibliography_ready,False,0,0,0,[],1,1,1,23,23,663,coarse_spatial_context_only,not_captured_by_repository_sources,1097
184,Råda Raä 101,Sweden,58.4912472219,13.0980638889,https://browser.sead.se/site/184,bibliography_ready,False,0,0,0,[],1,1,1,4,4,10501,coarse_spatial_context_only,not_captured_by_repository_sources,1098
370,Råneå 414,Sweden,65.9683472226,22.1054222222,https://browser.sead.se/site/370,bibliography_ready,False,0,0,0,[],1,1,1,1,1,654,coarse_spatial_context_only,not_captured_by_repository_sources,1099
369,Rönnby-Skultuna,Sweden,59.70141,16.49855,https://browser.sead.se/site/369,bibliography_ready,False,0,0,0,[],1,1,1,4,4,15126,coarse_spatial_context_only,not_captured_by_repository_sources,1100
381,Skederid 106,Sweden,59.6948527774,18.4733277781,https://browser.sead.se/site/381,bibliography_ready,False,0,0,0,[],1,1,1,4,4,10763,coarse_spatial_context_only,not_captured_by_repository_sources,1101
67,Skee 1593:1,Sweden,58.9640361111,11.2347166663,https://browser.sead.se/site/67,bibliography_ready,False,0,0,0,[],1,1,1,24,12,16773,coarse_spatial_context_only,not_captured_by_repository_sources,1102
19,Skrea Raä 77,Sweden,56.9025,12.5800000003,https://browser.sead.se/site/19,bibliography_ready,False,0,0,0,[],1,1,1,6,6,6333,coarse_spatial_context_only,not_captured_by_repository_sources,1103
378,Solberg 1:15,Sweden,58.6117388889,11.454014,https://browser.sead.se/site/378,bibliography_ready,False,0,0,0,[],1,1,1,1,1,16773,coarse_spatial_context_only,not_captured_by_repository_sources,1104
62,Stare 1:13,Sweden,58.9202277781,11.208675,https://browser.sead.se/site/62,bibliography_ready,False,0,0,0,[],1,1,1,3,3,16773,coarse_spatial_context_only,not_captured_by_repository_sources,1105
229,Sävar Raä 56,Sweden,63.8986249997,20.5627861111,https://browser.sead.se/site/229,bibliography_ready,False,0,0,0,[],1,1,1,6,6,663,coarse_spatial_context_only,not_captured_by_repository_sources,1106
14,Söndrum Raä 100,Sweden,56.6758333337,12.8111111111,https://browser.sead.se/site/14,bibliography_ready,False,0,0,0,[],1,1,1,10,10,6333,coarse_spatial_context_only,not_captured_by_repository_sources,1107
242,Torbjörntorp Raä 86,Sweden,58.2025583333,13.6334527774,https://browser.sead.se/site/242,bibliography_ready,False,0,0,0,[],1,1,1,2,2,10501,coarse_spatial_context_only,not_captured_by_repository_sources,1108
331,Torslanda 220,Sweden,57.7295583337,11.7836111108,https://browser.sead.se/site/331,bibliography_ready,False,0,0,0,[],1,1,1,5,5,5005,coarse_spatial_context_only,not_captured_by_repository_sources,1109
375,Tossene 446,Sweden,58.45,11.3671944448,https://browser.sead.se/site/375,bibliography_ready,False,0,0,0,[],1,1,1,2,2,16773,coarse_spatial_context_only,not_captured_by_repository_sources,1110
400,Tynderö 27,Sweden,62.4459722219,17.648183333,https://browser.sead.se/site/400,bibliography_ready,False,0,0,0,[],1,1,1,1,1,3577,coarse_spatial_context_only,not_captured_by_repository_sources,1111
386,Tåme,Sweden,64.9952583,21.3126556,https://browser.sead.se/site/386,bibliography_ready,False,0,0,0,[],1,1,1,1,1,1413,coarse_spatial_context_only,not_captured_by_repository_sources,1112
161,Tölö Raä 173,Sweden,57.5002777778,12.0644444444,https://browser.sead.se/site/161,bibliography_ready,False,0,0,0,[],1,1,1,45,45,8569,coarse_spatial_context_only,not_captured_by_repository_sources,1113
192,Umeå socken Raä 318,Sweden,63.8461999997,20.1519388889,https://browser.sead.se/site/192,bibliography_ready,False,0,0,0,[],1,1,1,1,1,663,coarse_spatial_context_only,not_captured_by_repository_sources,1114
253,Umeå socken Raä 586,Sweden,63.8434999997,20.1777111114,https://browser.sead.se/site/253,bibliography_ready,False,0,0,0,[],1,1,1,1,1,663,coarse_spatial_context_only,not_captured_by_repository_sources,1115
248,Umeå socken Raä 590,Sweden,63.8448444441,20.1663,https://browser.sead.se/site/248,bibliography_ready,False,0,0,0,[],1,1,1,1,1,663,coarse_spatial_context_only,not_captured_by_repository_sources,1116
246,Valbo Raä 399,Sweden,60.5320944448,17.2695805559,https://browser.sead.se/site/246,bibliography_ready,False,0,0,0,[],1,1,1,6,6,5060,coarse_spatial_context_only,not_captured_by_repository_sources,1117
5,Vallda Raä 293,Sweden,57.4763888892,11.9980555552,https://browser.sead.se/site/5,bibliography_ready,False,0,0,0,[],1,1,1,2,2,5005,coarse_spatial_context_only,not_captured_by_repository_sources,1118
234,Viby Raä 225,Sweden,59.0361972222,14.8888249997,https://browser.sead.se/site/234,bibliography_ready,False,0,0,0,[],1,1,1,6,6,2617,coarse_spatial_context_only,not_captured_by_repository_sources,1119
99,Vika Raä 260,Sweden,60.5116444444,15.7119055556,https://browser.sead.se/site/99,bibliography_ready,False,0,0,0,[],1,1,1,5,5,3988,coarse_spatial_context_only,not_captured_by_repository_sources,1120
231,Vinberg Raä 97,Sweden,56.9580555556,12.5508333333,https://browser.sead.se/site/231,bibliography_ready,False,0,0,0,[],1,1,1,4,4,6333,coarse_spatial_context_only,not_captured_by_repository_sources,1121
163,Västerbitterna 3:17,Sweden,58.1368305552,12.9879639,https://browser.sead.se/site/163,bibliography_ready,False,0,0,0,[],1,1,1,2,2,7321,coarse_spatial_context_only,not_captured_by_repository_sources,1122
268,Västra Skälby,Sweden,59.5927222219,16.4485111,https://browser.sead.se/site/268,bibliography_ready,False,0,0,0,[],1,1,1,41,41,15126,coarse_spatial_context_only,not_captured_by_repository_sources,1123
379,Älgtjärn,Sweden,64.9175000003,19.0087361111,https://browser.sead.se/site/379,bibliography_ready,False,0,0,0,[],1,1,1,9,9,1153,coarse_spatial_context_only,not_captured_by_repository_sources,1124
7,Årstad Raä 3,Sweden,56.9327777781,12.6849999997,https://browser.sead.se/site/7,bibliography_ready,False,0,0,0,[],1,1,1,23,23,6333,coarse_spatial_context_only,not_captured_by_repository_sources,1125
112,Örsås Raä 291,Sweden,57.443158333,13.1642138889,https://browser.sead.se/site/112,bibliography_ready,False,0,0,0,[],1,1,1,14,14,8587,coarse_spatial_context_only,not_captured_by_repository_sources,1126
385,Österhaninge Raä 230,Sweden,59.1350388886,18.122291667,https://browser.sead.se/site/385,bibliography_ready,False,0,0,0,[],1,1,1,6,6,10763,coarse_spatial_context_only,not_captured_by_repository_sources,1127
355,Österhaninge Raä 239,Sweden,59.1591833333,18.1138472222,https://browser.sead.se/site/355,bibliography_ready,False,0,0,0,[],1,1,1,1,1,10763,coarse_spatial_context_only,not_captured_by_repository_sources,1128
397,Övertorneå 427,Sweden,66.6893638886,23.8398194441,https://browser.sead.se/site/397,bibliography_ready,False,0,0,0,[],1,1,1,1,1,984,coarse_spatial_context_only,not_captured_by_repository_sources,1129
195,Övraby Raä 70,Sweden,56.6912638886,12.8948666663,https://browser.sead.se/site/195,bibliography_ready,False,0,0,0,[],1,1,1,7,7,6333,coarse_spatial_context_only,not_captured_by_repository_sources,1130
4394,Falun,Sweden,60.60641,15.630175,https://browser.sead.se/site/4394,bibliography_ready,False,0,0,0,[],1,0,0,0,0,3988,coarse_spatial_context_only,not_captured_by_repository_sources,1131
54,Hogdal 443,Sweden,59.0056055556,11.2326555559,https://browser.sead.se/site/54,bibliography_ready,False,0,0,0,[],1,0,1,2,0,1520,coarse_spatial_context_only,not_captured_by_repository_sources,1132
63,Håby 6:1,Sweden,58.4911111108,11.6144444444,https://browser.sead.se/site/63,bibliography_ready,False,0,0,0,[],1,0,1,1,0,16773,coarse_spatial_context_only,not_captured_by_repository_sources,1133
4518,Lund,Sweden,55.7,13.1833,https://browser.sead.se/site/4518,bibliography_ready,False,0,0,0,[],1,0,0,0,0,6654,coarse_spatial_context_only,not_captured_by_repository_sources,1134
4885,Lövdalen,Sweden,55.733334,14.2,https://browser.sead.se/site/4885,bibliography_ready,False,0,0,0,[],1,0,0,0,0,3205,coarse_spatial_context_only,not_captured_by_repository_sources,1135
4702,Uppsala: Centrum,Sweden,59.859974,17.640041,https://browser.sead.se/site/4702,bibliography_ready,False,0,0,0,[],1,0,0,0,0,27450,coarse_spatial_context_only,not_captured_by_repository_sources,1136
262,Hyllie 155,Sweden,55.75,13.0,https://browser.sead.se/site/262,inventory_only,False,0,0,0,[],0,56,14,514,2570,6654,coarse_spatial_context_only,not_captured_by_repository_sources,1137
264,Gåsinge-Dillnäs Raä 94,Sweden,59.1208083337,17.2063861111,https://browser.sead.se/site/264,inventory_only,False,0,0,0,[],0,49,13,394,1934,27450,coarse_spatial_context_only,not_captured_by_repository_sources,1138
3800,Axamo flygplats,Sweden,57.7687883904,14.0872375419,https://browser.sead.se/site/3800,inventory_only,False,0,0,0,[],0,24,6,6,24,8067,coarse_spatial_context_only,not_captured_by_repository_sources,1139
292,Töre 408:1,Sweden,66.0250167,22.6166667,https://browser.sead.se/site/292,inventory_only,False,0,0,0,[],0,10,4,60,270,1472,coarse_spatial_context_only,not_captured_by_repository_sources,1140
277,Töre 318:1,Sweden,66.0253888889,22.6292777781,https://browser.sead.se/site/277,inventory_only,False,0,0,0,[],0,8,3,55,248,1472,coarse_spatial_context_only,not_captured_by_repository_sources,1141
287,Foss 217,Sweden,58.4863916663,11.6884166663,https://browser.sead.se/site/287,inventory_only,False,0,0,0,[],0,4,1,84,420,16773,coarse_spatial_context_only,not_captured_by_repository_sources,1142
280,Norrala Raä 177,Sweden,61.4394111108,16.9907749997,https://browser.sead.se/site/280,inventory_only,False,0,0,0,[],0,4,2,162,324,3464,coarse_spatial_context_only,not_captured_by_repository_sources,1143
350,Stora Halmören,Sweden,59.5775,18.9636111,https://browser.sead.se/site/350,inventory_only,False,0,0,0,[],0,4,1,7,35,10763,coarse_spatial_context_only,not_captured_by_repository_sources,1144
374,Stora Träskär,Sweden,59.5655555556,18.9725,https://browser.sead.se/site/374,inventory_only,False,0,0,0,[],0,4,1,5,25,10763,coarse_spatial_context_only,not_captured_by_repository_sources,1145
315,Svarteborg 592,Sweden,58.5067805556,11.56055,https://browser.sead.se/site/315,inventory_only,False,0,0,0,[],0,4,1,22,61,16773,coarse_spatial_context_only,not_captured_by_repository_sources,1146
284,Trogsta 71,Sweden,61.7170861114,16.9193694448,https://browser.sead.se/site/284,inventory_only,False,0,0,0,[],0,4,4,36,40,3464,coarse_spatial_context_only,not_captured_by_repository_sources,1147
273,Tuna Raä 328:1,Sweden,62.3526166667,17.0121472222,https://browser.sead.se/site/273,inventory_only,False,0,0,0,[],0,4,2,41,65,3577,coarse_spatial_context_only,not_captured_by_repository_sources,1148
288,Töre 405:2,Sweden,66.0204306,22.6298389,https://browser.sead.se/site/288,inventory_only,False,0,0,0,[],0,4,1,43,215,1472,coarse_spatial_context_only,not_captured_by_repository_sources,1149
206,Bothnia line JP 72F1,Sweden,63.6441666663,19.9577777778,https://browser.sead.se/site/206,inventory_only,False,0,0,0,[],0,2,1,20,40,954,coarse_spatial_context_only,not_captured_by_repository_sources,1150
212,Bothnia line JP 72G1,Sweden,63.6313888892,19.9052777778,https://browser.sead.se/site/212,inventory_only,False,0,0,0,[],0,2,1,10,20,954,coarse_spatial_context_only,not_captured_by_repository_sources,1151
170,Falun Raä 68,Sweden,60.6087638889,15.6267027781,https://browser.sead.se/site/170,inventory_only,False,0,0,0,[],0,2,1,4,6,3988,coarse_spatial_context_only,not_captured_by_repository_sources,1152
318,Forsa,Sweden,61.741133333,16.9312611114,https://browser.sead.se/site/318,inventory_only,False,0,0,0,[],0,2,2,41,41,3464,coarse_spatial_context_only,not_captured_by_repository_sources,1153
28,Eftra Raä 110,Sweden,56.8330555559,12.6577777778,https://browser.sead.se/site/28,inventory_only,False,0,0,0,[],0,1,1,2,2,6333,coarse_spatial_context_only,not_captured_by_repository_sources,1154
228,Götene Raä 52,Sweden,58.5362805552,13.4909527774,https://browser.sead.se/site/228,inventory_only,False,0,0,0,[],0,1,1,1,1,10501,coarse_spatial_context_only,not_captured_by_repository_sources,1155
362,Medåker Raä 176,Sweden,59.4039388889,15.7409111108,https://browser.sead.se/site/362,inventory_only,False,0,0,0,[],0,1,1,2,2,3873,coarse_spatial_context_only,not_captured_by_repository_sources,1156
6468,10412 Fjälkinge,Sweden,56.0388744,14.28308648,https://browser.sead.se/site/6468,inventory_only,False,0,0,0,[],0,0,0,0,0,10817,coarse_spatial_context_only,not_captured_by_repository_sources,1157
6469,10469 Kvistofta,Sweden,55.97600294,12.78226617,https://browser.sead.se/site/6469,inventory_only,False,0,0,0,[],0,0,0,0,0,1226,coarse_spatial_context_only,not_captured_by_repository_sources,1158
6481,10531 Örkelljunga,Sweden,56.26433343,13.30787277,https://browser.sead.se/site/6481,inventory_only,False,0,0,0,[],0,0,0,0,0,8912,coarse_spatial_context_only,not_captured_by_repository_sources,1159
6482,10535 Skåne,Sweden,55.76421568,13.5324126,https://browser.sead.se/site/6482,inventory_only,False,0,0,0,[],0,0,0,0,0,6654,coarse_spatial_context_only,not_captured_by_repository_sources,1160
6478,12590 Hall,Sweden,57.88985228,18.70972493,https://browser.sead.se/site/6478,inventory_only,False,0,0,0,[],0,0,0,0,0,13558,coarse_spatial_context_only,not_captured_by_repository_sources,1161
6466,12615 Stelor,Sweden,57.4508638,18.15078924,https://browser.sead.se/site/6466,inventory_only,False,0,0,0,[],0,0,0,0,0,13558,coarse_spatial_context_only,not_captured_by_repository_sources,1162
6447,12628 Länna,Sweden,57.71560584,18.80151631,https://browser.sead.se/site/6447,inventory_only,False,0,0,0,[],0,0,0,0,0,13558,coarse_spatial_context_only,not_captured_by_repository_sources,1163
6479,12673 Fröjel,Sweden,57.33365346,18.18498422,https://browser.sead.se/site/6479,inventory_only,False,0,0,0,[],0,0,0,0,0,13558,coarse_spatial_context_only,not_captured_by_repository_sources,1164
6480,12711 Othem,Sweden,57.74815493,18.73686656,https://browser.sead.se/site/6480,inventory_only,False,0,0,0,[],0,0,0,0,0,13558,coarse_spatial_context_only,not_captured_by_repository_sources,1165
6453,14295 Ringarum,Sweden,58.32874046,16.45366524,https://browser.sead.se/site/6453,inventory_only,False,0,0,0,[],0,0,0,0,0,12413,coarse_spatial_context_only,not_captured_by_repository_sources,1166
6470,14851 Norrköping,Sweden,58.59245497,16.18005369,https://browser.sead.se/site/6470,inventory_only,False,0,0,0,[],0,0,0,0,0,12413,coarse_spatial_context_only,not_captured_by_repository_sources,1167
6456,14885 Strömmen,Sweden,58.59268086,16.18088712,https://browser.sead.se/site/6456,inventory_only,False,0,0,0,[],0,0,0,0,0,12413,coarse_spatial_context_only,not_captured_by_repository_sources,1168
6483,14889 Östergötland,Sweden,58.36779998,16.04571872,https://browser.sead.se/site/6483,inventory_only,False,0,0,0,[],0,0,0,0,0,12413,coarse_spatial_context_only,not_captured_by_repository_sources,1169
6330,16014 Älgarås,Sweden,58.8106752651,14.2554178027,https://browser.sead.se/site/6330,inventory_only,False,0,0,0,[],0,0,0,0,0,3815,coarse_spatial_context_only,not_captured_by_repository_sources,1170
6332,16024 Finnerödja,Sweden,58.9269777777,14.4398983504,https://browser.sead.se/site/6332,inventory_only,False,0,0,0,[],0,0,0,0,0,3815,coarse_spatial_context_only,not_captured_by_repository_sources,1171
6335,16560 Hova,Sweden,58.8552509332,14.2147667852,https://browser.sead.se/site/6335,inventory_only,False,0,0,0,[],0,0,0,0,0,3815,coarse_spatial_context_only,not_captured_by_repository_sources,1172
6458,17118 Sörby,Sweden,58.3114729,15.11490733,https://browser.sead.se/site/6458,inventory_only,False,0,0,0,[],0,0,0,0,0,9863,coarse_spatial_context_only,not_captured_by_repository_sources,1173
5652,41093 Tranås,Sweden,58.047367,14.900205,https://browser.sead.se/site/5652,inventory_only,False,0,0,0,[],0,0,0,0,0,3815,coarse_spatial_context_only,not_captured_by_repository_sources,1174
6341,51840 Malung-Sälen,Sweden,60.894862,13.3924109733,https://browser.sead.se/site/6341,inventory_only,False,0,0,0,[],0,0,0,0,0,5468,coarse_spatial_context_only,not_captured_by_repository_sources,1175
6471,57333 Yttergran,Sweden,59.60482601,17.48706025,https://browser.sead.se/site/6471,inventory_only,False,0,0,0,[],0,0,0,0,0,27450,coarse_spatial_context_only,not_captured_by_repository_sources,1176
6445,58060 Ölands värdshus,Sweden,56.86795363,16.72758305,https://browser.sead.se/site/6445,inventory_only,False,0,0,0,[],0,0,0,0,0,6159,coarse_spatial_context_only,not_captured_by_repository_sources,1177
6484,58194 Kalmar,Sweden,56.20995434,16.41254874,https://browser.sead.se/site/6484,inventory_only,False,0,0,0,[],0,0,0,0,0,6159,coarse_spatial_context_only,not_captured_by_repository_sources,1178
5653,58195 Böda,Sweden,57.259089,17.037224,https://browser.sead.se/site/5653,inventory_only,False,0,0,0,[],0,0,0,0,0,,coarse_spatial_context_only,not_captured_by_repository_sources,1179
6462,61094 Kronobäck,Sweden,57.01833022,16.44619032,https://browser.sead.se/site/6462,inventory_only,False,0,0,0,[],0,0,0,0,0,8480,coarse_spatial_context_only,not_captured_by_repository_sources,1180
5654,61779 Söderåkra,Sweden,56.447886,16.064545,https://browser.sead.se/site/5654,inventory_only,False,0,0,0,[],0,0,0,0,0,6159,coarse_spatial_context_only,not_captured_by_repository_sources,1181
6450,62771 Norra Vallby,Sweden,60.32251012,17.51767125,https://browser.sead.se/site/6450,inventory_only,False,0,0,0,[],0,0,0,0,0,5060,coarse_spatial_context_only,not_captured_by_repository_sources,1182
6472,62790 Uppsala,Sweden,59.85624691,17.64286633,https://browser.sead.se/site/6472,inventory_only,False,0,0,0,[],0,0,0,0,0,27450,coarse_spatial_context_only,not_captured_by_repository_sources,1183
6336,63118 Hovsta,Sweden,59.3160876406,15.2631367376,https://browser.sead.se/site/6336,inventory_only,False,0,0,0,[],0,0,0,0,0,3873,coarse_spatial_context_only,not_captured_by_repository_sources,1184
6473,66401 Västra Karaby,Sweden,55.80906258,13.04521993,https://browser.sead.se/site/6473,inventory_only,False,0,0,0,[],0,0,0,0,0,6654,coarse_spatial_context_only,not_captured_by_repository_sources,1185
6446,66501 Lyckeby,Sweden,56.19700782,15.64574065,https://browser.sead.se/site/6446,inventory_only,False,0,0,0,[],0,0,0,0,0,5849,coarse_spatial_context_only,not_captured_by_repository_sources,1186
6460,66601 Tommarp,Sweden,55.53640274,14.2323762,https://browser.sead.se/site/6460,inventory_only,False,0,0,0,[],0,0,0,0,0,3205,coarse_spatial_context_only,not_captured_by_repository_sources,1187
6467,66701 Önnerup,Sweden,55.70987099,13.07195316,https://browser.sead.se/site/6467,inventory_only,False,0,0,0,[],0,0,0,0,0,6654,coarse_spatial_context_only,not_captured_by_repository_sources,1188
6474,66863 Saxtorp,Sweden,55.82886505,12.93759852,https://browser.sead.se/site/6474,inventory_only,False,0,0,0,[],0,0,0,0,0,1226,coarse_spatial_context_only,not_captured_by_repository_sources,1189
6461,70500 Trollebergsvägen,Sweden,55.70351711,13.18333974,https://browser.sead.se/site/6461,inventory_only,False,0,0,0,[],0,0,0,0,0,6654,coarse_spatial_context_only,not_captured_by_repository_sources,1190
5671,71372 Alfta,Sweden,61.350334,16.067502,https://browser.sead.se/site/5671,inventory_only,False,0,0,0,[],0,0,0,0,0,3464,coarse_spatial_context_only,not_captured_by_repository_sources,1191
5672,71372 Arbrå,Sweden,61.485673,16.503527,https://browser.sead.se/site/5672,inventory_only,False,0,0,0,[],0,0,0,0,0,3464,coarse_spatial_context_only,not_captured_by_repository_sources,1192
5673,71409 Voxna,Sweden,61.37847,15.579989,https://browser.sead.se/site/5673,inventory_only,False,0,0,0,[],0,0,0,0,0,1607,coarse_spatial_context_only,not_captured_by_repository_sources,1193
5674,71410 Voxna,Sweden,61.495225,15.431937,https://browser.sead.se/site/5674,inventory_only,False,0,0,0,[],0,0,0,0,0,1607,coarse_spatial_context_only,not_captured_by_repository_sources,1194
5675,71502 Gammelbokskogen,Sweden,61.135943,16.536403,https://browser.sead.se/site/5675,inventory_only,False,0,0,0,[],0,0,0,0,0,3464,coarse_spatial_context_only,not_captured_by_repository_sources,1195
6475,72180 Mariefred,Sweden,59.25932321,17.22353218,https://browser.sead.se/site/6475,inventory_only,False,0,0,0,[],0,0,0,0,0,27450,coarse_spatial_context_only,not_captured_by_repository_sources,1196
6339,72775 Nyköping,Sweden,58.7517282811,17.0107894109,https://browser.sead.se/site/6339,inventory_only,False,0,0,0,[],0,0,0,0,0,4303,coarse_spatial_context_only,not_captured_by_repository_sources,1197
6485,75343 Kalmar,Sweden,56.69463153,16.34279648,https://browser.sead.se/site/6485,inventory_only,False,0,0,0,[],0,0,0,0,0,6159,coarse_spatial_context_only,not_captured_by_repository_sources,1198
6476,75437 Sjösås,Sweden,57.06875273,15.04254912,https://browser.sead.se/site/6476,inventory_only,False,0,0,0,[],0,0,0,0,0,4004,coarse_spatial_context_only,not_captured_by_repository_sources,1199
5657,75501 Kalmar,Sweden,56.730128,15.735165,https://browser.sead.se/site/5657,inventory_only,False,0,0,0,[],0,0,0,0,0,5849,coarse_spatial_context_only,not_captured_by_repository_sources,1200
5658,75515 Kalmar,Sweden,56.730128,15.735165,https://browser.sead.se/site/5658,inventory_only,False,0,0,0,[],0,0,0,0,0,5849,coarse_spatial_context_only,not_captured_by_repository_sources,1201
5659,75601 Hälleberga,Sweden,56.884623,15.685302,https://browser.sead.se/site/5659,inventory_only,False,0,0,0,[],0,0,0,0,0,5849,coarse_spatial_context_only,not_captured_by_repository_sources,1202
6477,75847 Mörlunda,Sweden,57.32023706,15.87263982,https://browser.sead.se/site/6477,inventory_only,False,0,0,0,[],0,0,0,0,0,4004,coarse_spatial_context_only,not_captured_by_repository_sources,1203
5661,77249 Blekinge,Sweden,56.246789,15.235244,https://browser.sead.se/site/5661,inventory_only,False,0,0,0,[],0,0,0,0,0,5849,coarse_spatial_context_only,not_captured_by_repository_sources,1204
5663,77321 Blekinge,Sweden,56.170481,14.865814,https://browser.sead.se/site/5663,inventory_only,False,0,0,0,[],0,0,0,0,0,10817,coarse_spatial_context_only,not_captured_by_repository_sources,1205
6334,78183 Hässleholm,Sweden,56.1602734451,13.7672371066,https://browser.sead.se/site/6334,inventory_only,False,0,0,0,[],0,0,0,0,0,8912,coarse_spatial_context_only,not_captured_by_repository_sources,1206
6340,80033 Tvååker,Sweden,57.0407991503,12.4006515187,https://browser.sead.se/site/6340,inventory_only,False,0,0,0,[],0,0,0,0,0,8569,coarse_spatial_context_only,not_captured_by_repository_sources,1207
5667,80501 Värö,Sweden,57.230266,12.113944,https://browser.sead.se/site/5667,inventory_only,False,0,0,0,[],0,0,0,0,0,8569,coarse_spatial_context_only,not_captured_by_repository_sources,1208
6333,80848 Harplinge,Sweden,56.7365336708,12.7384900088,https://browser.sead.se/site/6333,inventory_only,False,0,0,0,[],0,0,0,0,0,6333,coarse_spatial_context_only,not_captured_by_repository_sources,1209
6331,82191 Falun,Sweden,60.614602685,15.640417581,https://browser.sead.se/site/6331,inventory_only,False,0,0,0,[],0,0,0,0,0,3988,coarse_spatial_context_only,not_captured_by_repository_sources,1210
6338,82864 Malung,Sweden,60.6809172267,13.7109409653,https://browser.sead.se/site/6338,inventory_only,False,0,0,0,[],0,0,0,0,0,5468,coarse_spatial_context_only,not_captured_by_repository_sources,1211
6337,93139 Ljusterö,Sweden,59.4715060358,18.7626682187,https://browser.sead.se/site/6337,inventory_only,False,0,0,0,[],0,0,0,0,0,10763,coarse_spatial_context_only,not_captured_by_repository_sources,1212
5669,93279 Österlövsta,Sweden,60.408321,17.879567,https://browser.sead.se/site/5669,inventory_only,False,0,0,0,[],0,0,0,0,0,5060,coarse_spatial_context_only,not_captured_by_repository_sources,1213
5677,Abilds kyrka,Sweden,56.9387832137,12.7220827718,https://browser.sead.se/site/5677,inventory_only,False,0,0,0,[],0,0,0,0,0,6333,coarse_spatial_context_only,not_captured_by_repository_sources,1214
5678,Acksi,Sweden,60.9152076546,14.2316669828,https://browser.sead.se/site/5678,inventory_only,False,0,0,0,[],0,0,0,0,0,1731,coarse_spatial_context_only,not_captured_by_repository_sources,1215
6424,Adelsö 119:1,Sweden,59.33561906,17.54553698,https://browser.sead.se/site/6424,inventory_only,False,0,0,0,[],0,0,0,0,0,27450,coarse_spatial_context_only,not_captured_by_repository_sources,1216
5679,Agges i Flenarna,Sweden,60.7821284459,14.6078644467,https://browser.sead.se/site/5679,inventory_only,False,0,0,0,[],0,0,0,0,0,1731,coarse_spatial_context_only,not_captured_by_repository_sources,1217
6427,Akademiska sjukhuset,Sweden,59.84900017,17.64000579,https://browser.sead.se/site/6427,inventory_only,False,0,0,0,[],0,0,0,0,0,27450,coarse_spatial_context_only,not_captured_by_repository_sources,1218
5682,Albostugan,Sweden,55.7178804489,13.9740234731,https://browser.sead.se/site/5682,inventory_only,False,0,0,0,[],0,0,0,0,0,6654,coarse_spatial_context_only,not_captured_by_repository_sources,1219
6363,Algutsboda 79:1,Sweden,56.64494055,15.57759784,https://browser.sead.se/site/6363,inventory_only,False,0,0,0,[],0,0,0,0,0,5849,coarse_spatial_context_only,not_captured_by_repository_sources,1220
6276,Alhammar,Sweden,57.7341894557,13.3733308622,https://browser.sead.se/site/6276,inventory_only,False,0,0,0,[],0,0,0,0,0,8587,coarse_spatial_context_only,not_captured_by_repository_sources,1221
6428,Almare-Stäket,Sweden,59.4683395,17.77990762,https://browser.sead.se/site/6428,inventory_only,False,0,0,0,[],0,0,0,0,0,27450,coarse_spatial_context_only,not_captured_by_repository_sources,1222
5684,Alntorpsö,Sweden,59.5156907163,15.0538249109,https://browser.sead.se/site/5684,inventory_only,False,0,0,0,[],0,0,0,0,0,3873,coarse_spatial_context_only,not_captured_by_repository_sources,1223
5683,Alnö kyrka,Sweden,62.4476642342,17.4052256459,https://browser.sead.se/site/5683,inventory_only,False,0,0,0,[],0,0,0,0,0,3577,coarse_spatial_context_only,not_captured_by_repository_sources,1224
5685,Andersson i Lund,Sweden,60.5169226583,16.6997292811,https://browser.sead.se/site/5685,inventory_only,False,0,0,0,[],0,0,0,0,0,4239,coarse_spatial_context_only,not_captured_by_repository_sources,1225
5686,Andersson i Sjör,Sweden,63.2520188855,14.8655391821,https://browser.sead.se/site/5686,inventory_only,False,0,0,0,[],0,0,0,0,0,3868,coarse_spatial_context_only,not_captured_by_repository_sources,1226
5687,Anderssons i Gäle,Sweden,62.9535444504,14.6521582906,https://browser.sead.se/site/5687,inventory_only,False,0,0,0,[],0,0,0,0,0,1940,coarse_spatial_context_only,not_captured_by_repository_sources,1227
5688,Anderssons i Sidsjö,Sweden,62.7306653204,15.1563227157,https://browser.sead.se/site/5688,inventory_only,False,0,0,0,[],0,0,0,0,0,1173,coarse_spatial_context_only,not_captured_by_repository_sources,1228
5692,Arendals stamgård,Sweden,57.6978617248,11.834994489,https://browser.sead.se/site/5692,inventory_only,False,0,0,0,[],0,0,0,0,0,5005,coarse_spatial_context_only,not_captured_by_repository_sources,1229
5693,Aschanska gården,Sweden,57.6675965841,14.9710841939,https://browser.sead.se/site/5693,inventory_only,False,0,0,0,[],0,0,0,0,0,8067,coarse_spatial_context_only,not_captured_by_repository_sources,1230
6405,Askeby 271,Sweden,58.40850182,15.85663591,https://browser.sead.se/site/6405,inventory_only,False,0,0,0,[],0,0,0,0,0,9863,coarse_spatial_context_only,not_captured_by_repository_sources,1231
5694,Askeby kyrka,Sweden,58.4089893767,15.8573959429,https://browser.sead.se/site/5694,inventory_only,False,0,0,0,[],0,0,0,0,0,9863,coarse_spatial_context_only,not_captured_by_repository_sources,1232
5695,Atteby gård,Sweden,58.3364624427,14.1606036979,https://browser.sead.se/site/5695,inventory_only,False,0,0,0,[],0,0,0,0,0,3815,coarse_spatial_context_only,not_captured_by_repository_sources,1233
5696,Augerums kyrka,Sweden,56.2165260274,15.6754477356,https://browser.sead.se/site/5696,inventory_only,False,0,0,0,[],0,0,0,0,0,5849,coarse_spatial_context_only,not_captured_by_repository_sources,1234
5699,Backollas i Risholn,Sweden,60.7891038641,15.2015649568,https://browser.sead.se/site/5699,inventory_only,False,0,0,0,[],0,0,0,0,0,3988,coarse_spatial_context_only,not_captured_by_repository_sources,1235
5700,Badelunda kyrka,Sweden,59.6405805647,16.6281209417,https://browser.sead.se/site/5700,inventory_only,False,0,0,0,[],0,0,0,0,0,15126,coarse_spatial_context_only,not_captured_by_repository_sources,1236
5701,Ballingstorp,Sweden,56.1287466812,14.1310247004,https://browser.sead.se/site/5701,inventory_only,False,0,0,0,[],0,0,0,0,0,10817,coarse_spatial_context_only,not_captured_by_repository_sources,1237
5702,Barsebäcks kyrka,Sweden,55.7708347267,12.9570386012,https://browser.sead.se/site/5702,inventory_only,False,0,0,0,[],0,0,0,0,0,1226,coarse_spatial_context_only,not_captured_by_repository_sources,1238
6280,Beckombergavägen,Sweden,59.3484292121,17.9040549343,https://browser.sead.se/site/6280,inventory_only,False,0,0,0,[],0,0,0,0,0,27450,coarse_spatial_context_only,not_captured_by_repository_sources,1239
5707,Berg,Sweden,60.1743242328,17.1005196755,https://browser.sead.se/site/5707,inventory_only,False,0,0,0,[],0,0,0,0,0,5060,coarse_spatial_context_only,not_captured_by_repository_sources,1240
5708,Berglundsgården i Skålö,Sweden,60.5662184991,14.2957820392,https://browser.sead.se/site/5708,inventory_only,False,0,0,0,[],0,0,0,0,0,1731,coarse_spatial_context_only,not_captured_by_repository_sources,1241
5709,Bergmanska gården,Sweden,57.6675694658,14.9703466534,https://browser.sead.se/site/5709,inventory_only,False,0,0,0,[],0,0,0,0,0,8067,coarse_spatial_context_only,not_captured_by_repository_sources,1242
5710,Bergolas i kyrkbyn,Sweden,62.5311322114,14.1861795856,https://browser.sead.se/site/5710,inventory_only,False,0,0,0,[],0,0,0,0,0,1940,coarse_spatial_context_only,not_captured_by_repository_sources,1243
5711,Bergsbyn,Sweden,62.8123558242,14.4418651771,https://browser.sead.se/site/5711,inventory_only,False,0,0,0,[],0,0,0,0,0,1940,coarse_spatial_context_only,not_captured_by_repository_sources,1244
3789,"Birka, Settlement",Sweden,59.3370196193,17.5507169936,https://browser.sead.se/site/3789,inventory_only,False,0,0,0,[],0,0,0,0,0,27450,coarse_spatial_context_only,not_captured_by_repository_sources,1245
5716,Bjus i Ygsbo,Sweden,61.8192977504,15.9332659289,https://browser.sead.se/site/5716,inventory_only,False,0,0,0,[],0,0,0,0,0,1607,coarse_spatial_context_only,not_captured_by_repository_sources,1246
6429,Bjälbo trädgård,Sweden,58.37170097,15.00364131,https://browser.sead.se/site/6429,inventory_only,False,0,0,0,[],0,0,0,0,0,9863,coarse_spatial_context_only,not_captured_by_repository_sources,1247
5712,Björken i Rälta,Sweden,60.6386440557,15.0079160282,https://browser.sead.se/site/5712,inventory_only,False,0,0,0,[],0,0,0,0,0,3988,coarse_spatial_context_only,not_captured_by_repository_sources,1248
5713,Björkviks säteri,Sweden,58.3643094995,16.0947240178,https://browser.sead.se/site/5713,inventory_only,False,0,0,0,[],0,0,0,0,0,12413,coarse_spatial_context_only,not_captured_by_repository_sources,1249
5714,Björlings i Färnäs,Sweden,60.9969222743,14.6269240709,https://browser.sead.se/site/5714,inventory_only,False,0,0,0,[],0,0,0,0,0,1731,coarse_spatial_context_only,not_captured_by_repository_sources,1250
5715,Björs i Stene,Sweden,61.7093397448,16.1885727914,https://browser.sead.se/site/5715,inventory_only,False,0,0,0,[],0,0,0,0,0,3464,coarse_spatial_context_only,not_captured_by_repository_sources,1251
6281,Blankeberg,Sweden,57.1206258649,16.1852631455,https://browser.sead.se/site/6281,inventory_only,False,0,0,0,[],0,0,0,0,0,8480,coarse_spatial_context_only,not_captured_by_repository_sources,1252
5717,Bleckos i Röjeråsen,Sweden,60.9425642286,14.9861212271,https://browser.sead.se/site/5717,inventory_only,False,0,0,0,[],0,0,0,0,0,1731,coarse_spatial_context_only,not_captured_by_repository_sources,1253
5718,Bleckstuggu Danielsgården i Almbergsbjörken,Sweden,60.7512225994,15.1479958705,https://browser.sead.se/site/5718,inventory_only,False,0,0,0,[],0,0,0,0,0,3988,coarse_spatial_context_only,not_captured_by_repository_sources,1254
5719,Blekingegården,Sweden,56.2841039242,14.5923392266,https://browser.sead.se/site/5719,inventory_only,False,0,0,0,[],0,0,0,0,0,10817,coarse_spatial_context_only,not_captured_by_repository_sources,1255
5720,Blomstugan i Lindbodarna,Sweden,60.6727599218,14.8680119585,https://browser.sead.se/site/5720,inventory_only,False,0,0,0,[],0,0,0,0,0,1731,coarse_spatial_context_only,not_captured_by_repository_sources,1256
5721,Blomtorpet i Hara,Sweden,63.0391067553,14.4650124221,https://browser.sead.se/site/5721,inventory_only,False,0,0,0,[],0,0,0,0,0,3868,coarse_spatial_context_only,not_captured_by_repository_sources,1257
5722,Boarp,Sweden,58.2913214372,15.4506029757,https://browser.sead.se/site/5722,inventory_only,False,0,0,0,[],0,0,0,0,0,9863,coarse_spatial_context_only,not_captured_by_repository_sources,1258
5723,Bobergs i Nyhyttan,Sweden,60.4974996552,15.798894115,https://browser.sead.se/site/5723,inventory_only,False,0,0,0,[],0,0,0,0,0,3988,coarse_spatial_context_only,not_captured_by_repository_sources,1259
5724,Bobergska gården,Sweden,56.1619790471,15.5817283728,https://browser.sead.se/site/5724,inventory_only,False,0,0,0,[],0,0,0,0,0,5849,coarse_spatial_context_only,not_captured_by_repository_sources,1260
5725,Bodarps kyrka,Sweden,55.4362570387,13.0690184376,https://browser.sead.se/site/5725,inventory_only,False,0,0,0,[],0,0,0,0,0,6654,coarse_spatial_context_only,not_captured_by_repository_sources,1261
5726,Boddas bönhus,Sweden,62.8391591521,14.949814483,https://browser.sead.se/site/5726,inventory_only,False,0,0,0,[],0,0,0,0,0,1940,coarse_spatial_context_only,not_captured_by_repository_sources,1262
5727,Bois i Biskopsbyn,Sweden,60.9185586349,13.3617592444,https://browser.sead.se/site/5727,inventory_only,False,0,0,0,[],0,0,0,0,0,5468,coarse_spatial_context_only,not_captured_by_repository_sources,1263
5728,Bollerups kyrka,Sweden,55.4925196996,14.0474749296,https://browser.sead.se/site/5728,inventory_only,False,0,0,0,[],0,0,0,0,0,3205,coarse_spatial_context_only,not_captured_by_repository_sources,1264
6282,Bomsarvet,Sweden,60.549608252,15.4259825366,https://browser.sead.se/site/6282,inventory_only,False,0,0,0,[],0,0,0,0,0,3988,coarse_spatial_context_only,not_captured_by_repository_sources,1265
5729,Bond Hans i Tallhed,Sweden,61.2100566763,14.703116703,https://browser.sead.se/site/5729,inventory_only,False,0,0,0,[],0,0,0,0,0,1202,coarse_spatial_context_only,not_captured_by_repository_sources,1266
5730,Bondes gård i Sundbornsbyn,Sweden,60.6536654237,15.7721567376,https://browser.sead.se/site/5730,inventory_only,False,0,0,0,[],0,0,0,0,0,3988,coarse_spatial_context_only,not_captured_by_repository_sources,1267
5731,Bondoll i Ersholen,Sweden,60.4913285254,14.9612364635,https://browser.sead.se/site/5731,inventory_only,False,0,0,0,[],0,0,0,0,0,1731,coarse_spatial_context_only,not_captured_by_repository_sources,1268
5732,Bondrumsgården,Sweden,55.6564520129,14.0314507107,https://browser.sead.se/site/5732,inventory_only,False,0,0,0,[],0,0,0,0,0,3205,coarse_spatial_context_only,not_captured_by_repository_sources,1269
5734,Borgeby kyrka,Sweden,55.7518274976,13.0409768789,https://browser.sead.se/site/5734,inventory_only,False,0,0,0,[],0,0,0,0,0,6654,coarse_spatial_context_only,not_captured_by_repository_sources,1270
5735,Botkyrka kyrka,Sweden,59.239077706,17.8184740706,https://browser.sead.se/site/5735,inventory_only,False,0,0,0,[],0,0,0,0,0,27450,coarse_spatial_context_only,not_captured_by_repository_sources,1271
5736,Bottna kyrka,Sweden,58.5043135422,11.3793279122,https://browser.sead.se/site/5736,inventory_only,False,0,0,0,[],0,0,0,0,0,16773,coarse_spatial_context_only,not_captured_by_repository_sources,1272
5738,Brandstorps kyrka,Sweden,58.1016166892,14.1858609187,https://browser.sead.se/site/5738,inventory_only,False,0,0,0,[],0,0,0,0,0,3815,coarse_spatial_context_only,not_captured_by_repository_sources,1273
5739,Breareds kyrka,Sweden,56.7249824591,13.1373892253,https://browser.sead.se/site/5739,inventory_only,False,0,0,0,[],0,0,0,0,0,8912,coarse_spatial_context_only,not_captured_by_repository_sources,1274
5740,Bremerska gården,Sweden,56.6633696808,16.366224183,https://browser.sead.se/site/5740,inventory_only,False,0,0,0,[],0,0,0,0,0,6159,coarse_spatial_context_only,not_captured_by_repository_sources,1275
5741,Brevik kyrka,Sweden,58.4395969519,14.4132669282,https://browser.sead.se/site/5741,inventory_only,False,0,0,0,[],0,0,0,0,0,3815,coarse_spatial_context_only,not_captured_by_repository_sources,1276
6283,Bricken,Sweden,59.8604544486,15.8459527016,https://browser.sead.se/site/6283,inventory_only,False,0,0,0,[],0,0,0,0,0,3873,coarse_spatial_context_only,not_captured_by_repository_sources,1277
6430,Broläggning Rickeby,Sweden,59.91147386,18.22868582,https://browser.sead.se/site/6430,inventory_only,False,0,0,0,[],0,0,0,0,0,10763,coarse_spatial_context_only,not_captured_by_repository_sources,1278
5742,Brunflo kastal,Sweden,63.0900221218,14.8200864196,https://browser.sead.se/site/5742,inventory_only,False,0,0,0,[],0,0,0,0,0,3868,coarse_spatial_context_only,not_captured_by_repository_sources,1279
5743,Bryktgard i Axi,Sweden,60.9161282188,14.229358089,https://browser.sead.se/site/5743,inventory_only,False,0,0,0,[],0,0,0,0,0,1731,coarse_spatial_context_only,not_captured_by_repository_sources,1280
5744,Brynje,Sweden,63.1828710126,14.9190828455,https://browser.sead.se/site/5744,inventory_only,False,0,0,0,[],0,0,0,0,0,3868,coarse_spatial_context_only,not_captured_by_repository_sources,1281
5737,Brämöns kapell,Sweden,62.2199588666,17.7329504673,https://browser.sead.se/site/5737,inventory_only,False,0,0,0,[],0,0,0,0,0,3577,coarse_spatial_context_only,not_captured_by_repository_sources,1282
5745,Budasmyren Nusnäs,Sweden,60.973772753,14.6737869503,https://browser.sead.se/site/5745,inventory_only,False,0,0,0,[],0,0,0,0,0,1731,coarse_spatial_context_only,not_captured_by_repository_sources,1283
5746,Bullas i Östnor,Sweden,61.0279546291,14.4932817945,https://browser.sead.se/site/5746,inventory_only,False,0,0,0,[],0,0,0,0,0,1202,coarse_spatial_context_only,not_captured_by_repository_sources,1284
5747,Byberget,Sweden,62.5016985529,15.2792452158,https://browser.sead.se/site/5747,inventory_only,False,0,0,0,[],0,0,0,0,0,1173,coarse_spatial_context_only,not_captured_by_repository_sources,1285
5748,Byss Hans i Oljonsbyn,Sweden,61.0955452399,14.647071631,https://browser.sead.se/site/5748,inventory_only,False,0,0,0,[],0,0,0,0,0,1202,coarse_spatial_context_only,not_captured_by_repository_sources,1286
5697,Bäckaby gamla kyrka,Sweden,57.2676899822,14.9257681387,https://browser.sead.se/site/5697,inventory_only,False,0,0,0,[],0,0,0,0,0,8067,coarse_spatial_context_only,not_captured_by_repository_sources,1287
5698,Bäckegården i Västra Utsjö,Sweden,60.6368408298,13.731112474,https://browser.sead.se/site/5698,inventory_only,False,0,0,0,[],0,0,0,0,0,5468,coarse_spatial_context_only,not_captured_by_repository_sources,1288
6431,Bälinge kyrka,Sweden,59.94609288,17.52949558,https://browser.sead.se/site/6431,inventory_only,False,0,0,0,[],0,0,0,0,0,27450,coarse_spatial_context_only,not_captured_by_repository_sources,1289
5703,Bärsta,Sweden,61.9404018032,17.1943717832,https://browser.sead.se/site/5703,inventory_only,False,0,0,0,[],0,0,0,0,0,2270,coarse_spatial_context_only,not_captured_by_repository_sources,1290
6279,Bårabygd,Sweden,56.2991731127,15.0737495078,https://browser.sead.se/site/6279,inventory_only,False,0,0,0,[],0,0,0,0,0,5849,coarse_spatial_context_only,not_captured_by_repository_sources,1291
5704,Båthus Laknäs Zorns gammelgård,Sweden,60.8396854333,14.9994297089,https://browser.sead.se/site/5704,inventory_only,False,0,0,0,[],0,0,0,0,0,1731,coarse_spatial_context_only,not_captured_by_repository_sources,1292
5705,Båthus Nusnäs Zorns gammelgård,Sweden,60.9589628963,14.6468312521,https://browser.sead.se/site/5705,inventory_only,False,0,0,0,[],0,0,0,0,0,1731,coarse_spatial_context_only,not_captured_by_repository_sources,1293
5706,Båthus Öje Zorns gammelgård,Sweden,60.8088009846,13.857628247,https://browser.sead.se/site/5706,inventory_only,False,0,0,0,[],0,0,0,0,0,5468,coarse_spatial_context_only,not_captured_by_repository_sources,1294
5733,Böösgården i Åselby,Sweden,60.4605415252,15.4552700225,https://browser.sead.se/site/5733,inventory_only,False,0,0,0,[],0,0,0,0,0,3988,coarse_spatial_context_only,not_captured_by_repository_sources,1295
6389,Dagstorp 16:1,Sweden,55.81977029,13.06282341,https://browser.sead.se/site/6389,inventory_only,False,0,0,0,[],0,0,0,0,0,6654,coarse_spatial_context_only,not_captured_by_repository_sources,1296
5750,Dahlbergsladan Skamhed,Sweden,60.5204431441,14.2871215321,https://browser.sead.se/site/5750,inventory_only,False,0,0,0,[],0,0,0,0,0,1731,coarse_spatial_context_only,not_captured_by_repository_sources,1297
5751,Dahlgrens i Nedre Gärdsjö,Sweden,60.9356415519,15.2262010365,https://browser.sead.se/site/5751,inventory_only,False,0,0,0,[],0,0,0,0,0,3988,coarse_spatial_context_only,not_captured_by_repository_sources,1298
5752,Dahlström i Sölvsved,Sweden,63.4689160096,13.2817917462,https://browser.sead.se/site/5752,inventory_only,False,0,0,0,[],0,0,0,0,0,1147,coarse_spatial_context_only,not_captured_by_repository_sources,1299
5753,Dahlströms i Vallavallen,Sweden,61.7263013911,16.8031201255,https://browser.sead.se/site/5753,inventory_only,False,0,0,0,[],0,0,0,0,0,3464,coarse_spatial_context_only,not_captured_by_repository_sources,1300
5754,Dahlströmska huset,Sweden,57.6983516742,11.933327284,https://browser.sead.se/site/5754,inventory_only,False,0,0,0,[],0,0,0,0,0,5005,coarse_spatial_context_only,not_captured_by_repository_sources,1301
5755,Dalänger i Öster-Svartåsen,Sweden,62.7847325097,14.0013850774,https://browser.sead.se/site/5755,inventory_only,False,0,0,0,[],0,0,0,0,0,1940,coarse_spatial_context_only,not_captured_by_repository_sources,1302
5756,Daniel Pers i Nedre Gärdsjö,Sweden,60.9356415519,15.2262010365,https://browser.sead.se/site/5756,inventory_only,False,0,0,0,[],0,0,0,0,0,3988,coarse_spatial_context_only,not_captured_by_repository_sources,1303
5757,Danielssons i Pålgård,Sweden,63.1072646703,16.3897120677,https://browser.sead.se/site/5757,inventory_only,False,0,0,0,[],0,0,0,0,0,1855,coarse_spatial_context_only,not_captured_by_repository_sources,1304
6284,Danshyttan,Sweden,59.7304446498,15.0679520875,https://browser.sead.se/site/6284,inventory_only,False,0,0,0,[],0,0,0,0,0,3873,coarse_spatial_context_only,not_captured_by_repository_sources,1305
5758,Danskladan i Södra Kättbo,Sweden,60.8339514576,14.1962219534,https://browser.sead.se/site/5758,inventory_only,False,0,0,0,[],0,0,0,0,0,1731,coarse_spatial_context_only,not_captured_by_repository_sources,1306
5759,Deckers i Kyrkbyn,Sweden,62.4756861816,14.549153221,https://browser.sead.se/site/5759,inventory_only,False,0,0,0,[],0,0,0,0,0,1940,coarse_spatial_context_only,not_captured_by_repository_sources,1307
5760,Dikmanska gården,Sweden,60.6047870905,15.6256307962,https://browser.sead.se/site/5760,inventory_only,False,0,0,0,[],0,0,0,0,0,3988,coarse_spatial_context_only,not_captured_by_repository_sources,1308
6432,Djurgårdsbrunn,Sweden,59.33014419,18.13241245,https://browser.sead.se/site/6432,inventory_only,False,0,0,0,[],0,0,0,0,0,10763,coarse_spatial_context_only,not_captured_by_repository_sources,1309
6285,Djurgårdsbrunnsvägen,Sweden,59.3309181798,18.1319913022,https://browser.sead.se/site/6285,inventory_only,False,0,0,0,[],0,0,0,0,0,10763,coarse_spatial_context_only,not_captured_by_repository_sources,1310
6286,Drottningholm,Sweden,59.3255963914,17.8895161594,https://browser.sead.se/site/6286,inventory_only,False,0,0,0,[],0,0,0,0,0,27450,coarse_spatial_context_only,not_captured_by_repository_sources,1311
5762,Drändj-gard i Färnäs,Sweden,60.9969222743,14.6269240709,https://browser.sead.se/site/5762,inventory_only,False,0,0,0,[],0,0,0,0,0,1731,coarse_spatial_context_only,not_captured_by_repository_sources,1312
5763,Dubbelbod i Laxvadet,Sweden,61.0197185666,13.3267537453,https://browser.sead.se/site/5763,inventory_only,False,0,0,0,[],0,0,0,0,0,634,coarse_spatial_context_only,not_captured_by_repository_sources,1313
5764,Dubbelhärbre Kråkberg,Sweden,61.0328764345,14.5284807138,https://browser.sead.se/site/5764,inventory_only,False,0,0,0,[],0,0,0,0,0,1202,coarse_spatial_context_only,not_captured_by_repository_sources,1314
5749,Dädesjö gamla kyrka,Sweden,57.0106364947,15.1068325929,https://browser.sead.se/site/5749,inventory_only,False,0,0,0,[],0,0,0,0,0,4004,coarse_spatial_context_only,not_captured_by_repository_sources,1315
5761,Dössgården i Fudal,Sweden,60.955196599,14.7087988487,https://browser.sead.se/site/5761,inventory_only,False,0,0,0,[],0,0,0,0,0,1731,coarse_spatial_context_only,not_captured_by_repository_sources,1316
5766,Edestads kyrka,Sweden,56.2172715997,15.3598350198,https://browser.sead.se/site/5766,inventory_only,False,0,0,0,[],0,0,0,0,0,5849,coarse_spatial_context_only,not_captured_by_repository_sources,1317
5768,Edshults herrgård,Sweden,60.7255455659,15.0025663655,https://browser.sead.se/site/5768,inventory_only,False,0,0,0,[],0,0,0,0,0,3988,coarse_spatial_context_only,not_captured_by_repository_sources,1318
5767,Edsåsen,Sweden,63.3136874322,13.1879635155,https://browser.sead.se/site/5767,inventory_only,False,0,0,0,[],0,0,0,0,0,1147,coarse_spatial_context_only,not_captured_by_repository_sources,1319
5769,Edvin Jannes i Kyrkbyn Boda,Sweden,61.0103147209,15.2131381023,https://browser.sead.se/site/5769,inventory_only,False,0,0,0,[],0,0,0,0,0,1607,coarse_spatial_context_only,not_captured_by_repository_sources,1320
5765,Edåsa kyrka,Sweden,58.2834234932,13.9404491387,https://browser.sead.se/site/5765,inventory_only,False,0,0,0,[],0,0,0,0,0,10501,coarse_spatial_context_only,not_captured_by_repository_sources,1321
5770,Eggeby bytomt,Sweden,58.5718075586,16.3192888322,https://browser.sead.se/site/5770,inventory_only,False,0,0,0,[],0,0,0,0,0,12413,coarse_spatial_context_only,not_captured_by_repository_sources,1322
5771,Egnelius i Östra Pålgård,Sweden,63.1072646703,16.3897120677,https://browser.sead.se/site/5771,inventory_only,False,0,0,0,[],0,0,0,0,0,1855,coarse_spatial_context_only,not_captured_by_repository_sources,1323
6287,Ekebo,Sweden,58.6667064052,13.1862551106,https://browser.sead.se/site/6287,inventory_only,False,0,0,0,[],0,0,0,0,0,10501,coarse_spatial_context_only,not_captured_by_repository_sources,1324
5662,Ekö,Sweden,56.14553,14.982135,https://browser.sead.se/site/5662,inventory_only,False,0,0,0,[],0,0,0,0,0,10817,coarse_spatial_context_only,not_captured_by_repository_sources,1325
5772,Eldhus Fageråsen,Sweden,61.068501614,14.1749420798,https://browser.sead.se/site/5772,inventory_only,False,0,0,0,[],0,0,0,0,0,1202,coarse_spatial_context_only,not_captured_by_repository_sources,1326
5773,Eldhus Selja,Sweden,61.0191135954,14.4682248651,https://browser.sead.se/site/5773,inventory_only,False,0,0,0,[],0,0,0,0,0,1202,coarse_spatial_context_only,not_captured_by_repository_sources,1327
5774,Eliasgården i Tasbäck,Sweden,60.7707441034,14.8927217839,https://browser.sead.se/site/5774,inventory_only,False,0,0,0,[],0,0,0,0,0,1731,coarse_spatial_context_only,not_captured_by_repository_sources,1328
5775,Emilsson i Tand,Sweden,63.0108416618,14.7293697434,https://browser.sead.se/site/5775,inventory_only,False,0,0,0,[],0,0,0,0,0,3868,coarse_spatial_context_only,not_captured_by_repository_sources,1329
5777,Engelsbergs herrgård,Sweden,59.9708371996,16.0103837902,https://browser.sead.se/site/5777,inventory_only,False,0,0,0,[],0,0,0,0,0,15126,coarse_spatial_context_only,not_captured_by_repository_sources,1330
6349,Enköping 26:1,Sweden,59.63596694,17.07898949,https://browser.sead.se/site/6349,inventory_only,False,0,0,0,[],0,0,0,0,0,27450,coarse_spatial_context_only,not_captured_by_repository_sources,1331
5776,Enån Färnäs,Sweden,60.9969222743,14.6269240709,https://browser.sead.se/site/5776,inventory_only,False,0,0,0,[],0,0,0,0,0,1731,coarse_spatial_context_only,not_captured_by_repository_sources,1332
5778,Erik Hanssons i Sanna,Sweden,61.6942089419,16.1774605096,https://browser.sead.se/site/5778,inventory_only,False,0,0,0,[],0,0,0,0,0,3464,coarse_spatial_context_only,not_captured_by_repository_sources,1333
5779,Erik Ingels i Ovanmyra,Sweden,61.0018321457,15.2232693952,https://browser.sead.se/site/5779,inventory_only,False,0,0,0,[],0,0,0,0,0,1607,coarse_spatial_context_only,not_captured_by_repository_sources,1334
5780,Erik Karlströms i Nedre Gärdsjö,Sweden,60.9356415519,15.2262010365,https://browser.sead.se/site/5780,inventory_only,False,0,0,0,[],0,0,0,0,0,3988,coarse_spatial_context_only,not_captured_by_repository_sources,1335
5781,Erik Laggar i Änderåsen,Sweden,61.0367815803,15.1953418955,https://browser.sead.se/site/5781,inventory_only,False,0,0,0,[],0,0,0,0,0,1607,coarse_spatial_context_only,not_captured_by_repository_sources,1336
5782,Erik-Anders i Vallsbo,Sweden,60.9291788877,16.5905528713,https://browser.sead.se/site/5782,inventory_only,False,0,0,0,[],0,0,0,0,0,4239,coarse_spatial_context_only,not_captured_by_repository_sources,1337
5783,Eriksbergs gamla kyrka,Sweden,58.0302731896,13.2714530617,https://browser.sead.se/site/5783,inventory_only,False,0,0,0,[],0,0,0,0,0,10501,coarse_spatial_context_only,not_captured_by_repository_sources,1338
5784,Erikssons i Bräcke,Sweden,63.0515001706,14.4458974037,https://browser.sead.se/site/5784,inventory_only,False,0,0,0,[],0,0,0,0,0,3868,coarse_spatial_context_only,not_captured_by_repository_sources,1339
5785,Erikssons i Norrböle,Sweden,62.9078925877,14.8485398444,https://browser.sead.se/site/5785,inventory_only,False,0,0,0,[],0,0,0,0,0,1940,coarse_spatial_context_only,not_captured_by_repository_sources,1340
5786,Erikssons i Orrviken,Sweden,63.1025254112,14.4435789223,https://browser.sead.se/site/5786,inventory_only,False,0,0,0,[],0,0,0,0,0,3868,coarse_spatial_context_only,not_captured_by_repository_sources,1341
5787,Erskpers i Vängsbo,Sweden,61.3828293095,15.9249062551,https://browser.sead.se/site/5787,inventory_only,False,0,0,0,[],0,0,0,0,0,1607,coarse_spatial_context_only,not_captured_by_repository_sources,1342
6433,Erstavik,Sweden,59.26876213,18.25120449,https://browser.sead.se/site/6433,inventory_only,False,0,0,0,[],0,0,0,0,0,10763,coarse_spatial_context_only,not_captured_by_repository_sources,1343
6378,Eskilstuna 554:1,Sweden,59.36965531,16.52258761,https://browser.sead.se/site/6378,inventory_only,False,0,0,0,[],0,0,0,0,0,15126,coarse_spatial_context_only,not_captured_by_repository_sources,1344
5788,Fahlströmsta loftboden,Sweden,59.3938269924,15.8369030819,https://browser.sead.se/site/5788,inventory_only,False,0,0,0,[],0,0,0,0,0,3873,coarse_spatial_context_only,not_captured_by_repository_sources,1345
6390,Falsterbo 15:1,Sweden,55.39246798,12.83306627,https://browser.sead.se/site/6390,inventory_only,False,0,0,0,[],0,0,0,0,0,1226,coarse_spatial_context_only,not_captured_by_repository_sources,1346
5790,Falsterbo kyrka,Sweden,55.3897127427,12.8382962391,https://browser.sead.se/site/5790,inventory_only,False,0,0,0,[],0,0,0,0,0,1226,coarse_spatial_context_only,not_captured_by_repository_sources,1347
6288,Farstorp,Sweden,56.0801468085,13.3485775323,https://browser.sead.se/site/6288,inventory_only,False,0,0,0,[],0,0,0,0,0,8912,coarse_spatial_context_only,not_captured_by_repository_sources,1348
5792,Finja kyrka,Sweden,56.1585299655,13.6835657268,https://browser.sead.se/site/5792,inventory_only,False,0,0,0,[],0,0,0,0,0,8912,coarse_spatial_context_only,not_captured_by_repository_sources,1349
5793,Fiskgårdarna i Noret,Sweden,60.734038884,14.9936557359,https://browser.sead.se/site/5793,inventory_only,False,0,0,0,[],0,0,0,0,0,1731,coarse_spatial_context_only,not_captured_by_repository_sources,1350
5794,Fjällsta,Sweden,62.9722599526,15.1631737003,https://browser.sead.se/site/5794,inventory_only,False,0,0,0,[],0,0,0,0,0,1173,coarse_spatial_context_only,not_captured_by_repository_sources,1351
5795,Fjärdmans i Övre Gärdsjö,Sweden,60.9325167309,15.246916772,https://browser.sead.se/site/5795,inventory_only,False,0,0,0,[],0,0,0,0,0,3988,coarse_spatial_context_only,not_captured_by_repository_sources,1352
6381,Fleninge 75:2,Sweden,56.1053062,12.74827725,https://browser.sead.se/site/6381,inventory_only,False,0,0,0,[],0,0,0,0,0,6333,coarse_spatial_context_only,not_captured_by_repository_sources,1353
5796,Flensburgska gården,Sweden,55.604773811,13.0007036675,https://browser.sead.se/site/5796,inventory_only,False,0,0,0,[],0,0,0,0,0,6654,coarse_spatial_context_only,not_captured_by_repository_sources,1354
5797,Flint Johans i Gruddbo,Sweden,60.9092421328,14.617218832,https://browser.sead.se/site/5797,inventory_only,False,0,0,0,[],0,0,0,0,0,1731,coarse_spatial_context_only,not_captured_by_repository_sources,1355
5798,Flivik,Sweden,57.5378544959,16.5846836468,https://browser.sead.se/site/5798,inventory_only,False,0,0,0,[],0,0,0,0,0,8480,coarse_spatial_context_only,not_captured_by_repository_sources,1356
6388,Flädie 9:4,Sweden,55.72477754,13.02970309,https://browser.sead.se/site/6388,inventory_only,False,0,0,0,[],0,0,0,0,0,6654,coarse_spatial_context_only,not_captured_by_repository_sources,1357
5799,Foderbod Fudal Zorns gammelgård,Sweden,60.9546100798,14.7074379521,https://browser.sead.se/site/5799,inventory_only,False,0,0,0,[],0,0,0,0,0,1731,coarse_spatial_context_only,not_captured_by_repository_sources,1358
5800,Foderbod i Selbäck,Sweden,60.9878853533,14.4475288085,https://browser.sead.se/site/5800,inventory_only,False,0,0,0,[],0,0,0,0,0,1731,coarse_spatial_context_only,not_captured_by_repository_sources,1359
5801,Foderbod Kansbol,Sweden,61.112189194,14.3586158332,https://browser.sead.se/site/5801,inventory_only,False,0,0,0,[],0,0,0,0,0,1202,coarse_spatial_context_only,not_captured_by_repository_sources,1360
5803,Forshems kyrka,Sweden,58.6198045221,13.4900130458,https://browser.sead.se/site/5803,inventory_only,False,0,0,0,[],0,0,0,0,0,10501,coarse_spatial_context_only,not_captured_by_repository_sources,1361
5804,Forssa kyrka,Sweden,58.995960061,16.7350124023,https://browser.sead.se/site/5804,inventory_only,False,0,0,0,[],0,0,0,0,0,12413,coarse_spatial_context_only,not_captured_by_repository_sources,1362
5649,Forsvik,Sweden,58.578545,14.43397,https://browser.sead.se/site/5649,inventory_only,False,0,0,0,[],0,0,0,0,0,3815,coarse_spatial_context_only,not_captured_by_repository_sources,1363
5805,Framgården i Nederhögen,Sweden,62.4068504451,14.401919218,https://browser.sead.se/site/5805,inventory_only,False,0,0,0,[],0,0,0,0,0,1940,coarse_spatial_context_only,not_captured_by_repository_sources,1364
6369,Fröjel 380,Sweden,57.33919096,18.17290577,https://browser.sead.se/site/6369,inventory_only,False,0,0,0,[],0,0,0,0,0,13558,coarse_spatial_context_only,not_captured_by_repository_sources,1365
5806,Frösö kyrka,Sweden,63.1791313456,14.5202375862,https://browser.sead.se/site/5806,inventory_only,False,0,0,0,[],0,0,0,0,0,3868,coarse_spatial_context_only,not_captured_by_repository_sources,1366
5807,Frövifors bruksherrgård,Sweden,59.4803086004,15.3299205582,https://browser.sead.se/site/5807,inventory_only,False,0,0,0,[],0,0,0,0,0,3873,coarse_spatial_context_only,not_captured_by_repository_sources,1367
5808,Fudalboden Zorns gammelgård,Sweden,60.9546100798,14.7074379521,https://browser.sead.se/site/5808,inventory_only,False,0,0,0,[],0,0,0,0,0,1731,coarse_spatial_context_only,not_captured_by_repository_sources,1368
5809,Fudalfähus Zorns gammelgård,Sweden,60.9546100798,14.7074379521,https://browser.sead.se/site/5809,inventory_only,False,0,0,0,[],0,0,0,0,0,1731,coarse_spatial_context_only,not_captured_by_repository_sources,1369
5664,Fulltofta,Sweden,55.656374,14.045519,https://browser.sead.se/site/5664,inventory_only,False,0,0,0,[],0,0,0,0,0,3205,coarse_spatial_context_only,not_captured_by_repository_sources,1370
5811,Fulltofta kyrka,Sweden,55.8773181055,13.6186882486,https://browser.sead.se/site/5811,inventory_only,False,0,0,0,[],0,0,0,0,0,6654,coarse_spatial_context_only,not_captured_by_repository_sources,1371
5810,Fullösa kyrka,Sweden,58.5817713641,13.4785277723,https://browser.sead.se/site/5810,inventory_only,False,0,0,0,[],0,0,0,0,0,10501,coarse_spatial_context_only,not_captured_by_repository_sources,1372
5789,Fähus Bomansberg,Sweden,61.0105291601,14.7496663477,https://browser.sead.se/site/5789,inventory_only,False,0,0,0,[],0,0,0,0,0,1202,coarse_spatial_context_only,not_captured_by_repository_sources,1373
5791,Färjolles i Måga,Sweden,61.8356683636,16.0222259981,https://browser.sead.se/site/5791,inventory_only,False,0,0,0,[],0,0,0,0,0,3464,coarse_spatial_context_only,not_captured_by_repository_sources,1374
6434,Färlöv,Sweden,56.11445719,14.0882143,https://browser.sead.se/site/6434,inventory_only,False,0,0,0,[],0,0,0,0,0,10817,coarse_spatial_context_only,not_captured_by_repository_sources,1375
5802,Församlingshemmet,Sweden,58.4106699372,15.6185817249,https://browser.sead.se/site/5802,inventory_only,False,0,0,0,[],0,0,0,0,0,9863,coarse_spatial_context_only,not_captured_by_repository_sources,1376
5812,Gagnef gamla prästgård,Sweden,60.5897070118,15.0608228617,https://browser.sead.se/site/5812,inventory_only,False,0,0,0,[],0,0,0,0,0,3988,coarse_spatial_context_only,not_captured_by_repository_sources,1377
6289,Gamla byvägen,Sweden,55.8814896311,14.228282047,https://browser.sead.se/site/6289,inventory_only,False,0,0,0,[],0,0,0,0,0,3205,coarse_spatial_context_only,not_captured_by_repository_sources,1378
6435,Gamla hamnen på Enholmen,Sweden,57.6953206,18.82125098,https://browser.sead.se/site/6435,inventory_only,False,0,0,0,[],0,0,0,0,0,13558,coarse_spatial_context_only,not_captured_by_repository_sources,1379
5813,Gamla Linköping,Sweden,58.4058221225,15.5895085513,https://browser.sead.se/site/5813,inventory_only,False,0,0,0,[],0,0,0,0,0,9863,coarse_spatial_context_only,not_captured_by_repository_sources,1380
5814,Gamla rådhuset,Sweden,58.503997553,13.157617373,https://browser.sead.se/site/5814,inventory_only,False,0,0,0,[],0,0,0,0,0,10501,coarse_spatial_context_only,not_captured_by_repository_sources,1381
6290,Gamla Viker,Sweden,59.4724740237,14.8646388831,https://browser.sead.se/site/6290,inventory_only,False,0,0,0,[],0,0,0,0,0,2617,coarse_spatial_context_only,not_captured_by_repository_sources,1382
6360,Gamleby 450:1,Sweden,57.89956743,16.40802837,https://browser.sead.se/site/6360,inventory_only,False,0,0,0,[],0,0,0,0,0,8480,coarse_spatial_context_only,not_captured_by_repository_sources,1383
5815,Gammelgården i Fluren,Sweden,61.5473604693,16.0593586632,https://browser.sead.se/site/5815,inventory_only,False,0,0,0,[],0,0,0,0,0,3464,coarse_spatial_context_only,not_captured_by_repository_sources,1384
5820,Gathenhielmska huset,Sweden,57.6985774695,11.9341139819,https://browser.sead.se/site/5820,inventory_only,False,0,0,0,[],0,0,0,0,0,5005,coarse_spatial_context_only,not_captured_by_repository_sources,1385
5821,Getladan i Östanhol,Sweden,60.8333533785,15.0258051707,https://browser.sead.se/site/5821,inventory_only,False,0,0,0,[],0,0,0,0,0,3988,coarse_spatial_context_only,not_captured_by_repository_sources,1386
5822,Gisselås,Sweden,63.6809881874,15.3918428841,https://browser.sead.se/site/5822,inventory_only,False,0,0,0,[],0,0,0,0,0,1538,coarse_spatial_context_only,not_captured_by_repository_sources,1387
6359,Gladhammar 155:1,Sweden,57.71908793,16.42344526,https://browser.sead.se/site/6359,inventory_only,False,0,0,0,[],0,0,0,0,0,8480,coarse_spatial_context_only,not_captured_by_repository_sources,1388
6358,Gladhammar 277:1,Sweden,57.72314687,16.45149012,https://browser.sead.se/site/6358,inventory_only,False,0,0,0,[],0,0,0,0,0,8480,coarse_spatial_context_only,not_captured_by_repository_sources,1389
5830,Granbacken i Bagghyttan,Sweden,60.4070997505,16.4604107505,https://browser.sead.se/site/5830,inventory_only,False,0,0,0,[],0,0,0,0,0,4239,coarse_spatial_context_only,not_captured_by_repository_sources,1390
5831,Grangärdes-Hästberg,Sweden,60.3222322352,15.0629499418,https://browser.sead.se/site/5831,inventory_only,False,0,0,0,[],0,0,0,0,0,3988,coarse_spatial_context_only,not_captured_by_repository_sources,1391
5832,Granhults kyrka,Sweden,57.0471527579,15.2080731484,https://browser.sead.se/site/5832,inventory_only,False,0,0,0,[],0,0,0,0,0,4004,coarse_spatial_context_only,not_captured_by_repository_sources,1392
5833,Grannas i Färnäs,Sweden,60.9969222743,14.6269240709,https://browser.sead.se/site/5833,inventory_only,False,0,0,0,[],0,0,0,0,0,1731,coarse_spatial_context_only,not_captured_by_repository_sources,1393
5834,Grevbäcks kyrka,Sweden,58.3522152276,14.3485241469,https://browser.sead.se/site/5834,inventory_only,False,0,0,0,[],0,0,0,0,0,3815,coarse_spatial_context_only,not_captured_by_repository_sources,1394
5835,Grimmatorpet,Sweden,56.4612097515,14.4592089018,https://browser.sead.se/site/5835,inventory_only,False,0,0,0,[],0,0,0,0,0,10817,coarse_spatial_context_only,not_captured_by_repository_sources,1395
6291,Grimsta,Sweden,59.4873734641,17.9474152628,https://browser.sead.se/site/6291,inventory_only,False,0,0,0,[],0,0,0,0,0,27450,coarse_spatial_context_only,not_captured_by_repository_sources,1396
5836,Grisskär,Sweden,58.7368117665,17.3995063242,https://browser.sead.se/site/5836,inventory_only,False,0,0,0,[],0,0,0,0,0,4303,coarse_spatial_context_only,not_captured_by_repository_sources,1397
5838,Gruvris i Gulleråsen,Sweden,61.0666771696,15.1830195398,https://browser.sead.se/site/5838,inventory_only,False,0,0,0,[],0,0,0,0,0,1607,coarse_spatial_context_only,not_captured_by_repository_sources,1398
6414,Gryt 4:2,Sweden,58.198045,16.892519,https://browser.sead.se/site/6414,inventory_only,False,0,0,0,[],0,0,0,0,0,12413,coarse_spatial_context_only,not_captured_by_repository_sources,1399
5648,Grönhult,Sweden,58.578904,14.436114,https://browser.sead.se/site/5648,inventory_only,False,0,0,0,[],0,0,0,0,0,3815,coarse_spatial_context_only,not_captured_by_repository_sources,1400
5837,Grönås,Sweden,61.6771047311,16.0795207737,https://browser.sead.se/site/5837,inventory_only,False,0,0,0,[],0,0,0,0,0,3464,coarse_spatial_context_only,not_captured_by_repository_sources,1401
6373,Grötlingbo 258:1,Sweden,57.14628429,18.34729225,https://browser.sead.se/site/6373,inventory_only,False,0,0,0,[],0,0,0,0,0,13558,coarse_spatial_context_only,not_captured_by_repository_sources,1402
5839,Gubbänget i Delsbo,Sweden,61.8012020263,16.5569103981,https://browser.sead.se/site/5839,inventory_only,False,0,0,0,[],0,0,0,0,0,3464,coarse_spatial_context_only,not_captured_by_repository_sources,1403
5840,Gullo Lars i Höjen,Sweden,61.1335923572,14.4480867009,https://browser.sead.se/site/5840,inventory_only,False,0,0,0,[],0,0,0,0,0,1202,coarse_spatial_context_only,not_captured_by_repository_sources,1404
5841,Gumdes i Näset,Sweden,61.2339080554,15.2854106768,https://browser.sead.se/site/5841,inventory_only,False,0,0,0,[],0,0,0,0,0,1607,coarse_spatial_context_only,not_captured_by_repository_sources,1405
5842,Gustavs Torg,Sweden,60.6120095899,15.624857235,https://browser.sead.se/site/5842,inventory_only,False,0,0,0,[],0,0,0,0,0,3988,coarse_spatial_context_only,not_captured_by_repository_sources,1406
5818,Gärdsjölindorna i Nedre Gärdsjö,Sweden,60.9354398446,15.2339124462,https://browser.sead.se/site/5818,inventory_only,False,0,0,0,[],0,0,0,0,0,3988,coarse_spatial_context_only,not_captured_by_repository_sources,1407
5816,Gärdås,Sweden,60.7083267937,13.5994779196,https://browser.sead.se/site/5816,inventory_only,False,0,0,0,[],0,0,0,0,0,5468,coarse_spatial_context_only,not_captured_by_repository_sources,1408
5819,Gästgivaregården i Grådö,Sweden,60.245882808,16.0333490162,https://browser.sead.se/site/5819,inventory_only,False,0,0,0,[],0,0,0,0,0,4239,coarse_spatial_context_only,not_captured_by_repository_sources,1409
6353,Gårdby 81,Sweden,56.60068403,16.63691206,https://browser.sead.se/site/6353,inventory_only,False,0,0,0,[],0,0,0,0,0,6159,coarse_spatial_context_only,not_captured_by_repository_sources,1410
5817,Gården Berget i Backen,Sweden,63.6665616552,14.6065377815,https://browser.sead.se/site/5817,inventory_only,False,0,0,0,[],0,0,0,0,0,3868,coarse_spatial_context_only,not_captured_by_repository_sources,1411
5823,Gödelövs kyrka,Sweden,55.6145666261,13.4045349693,https://browser.sead.se/site/5823,inventory_only,False,0,0,0,[],0,0,0,0,0,6654,coarse_spatial_context_only,not_captured_by_repository_sources,1412
5824,Gökhems kyrka,Sweden,58.1737372995,13.4076989961,https://browser.sead.se/site/5824,inventory_only,False,0,0,0,[],0,0,0,0,0,10501,coarse_spatial_context_only,not_captured_by_repository_sources,1413
5825,Göran Nygårds i Nedre Gärdsjö,Sweden,60.9356415519,15.2262010365,https://browser.sead.se/site/5825,inventory_only,False,0,0,0,[],0,0,0,0,0,3988,coarse_spatial_context_only,not_captured_by_repository_sources,1414
5826,Göranstorp,Sweden,58.7527500512,14.137872031,https://browser.sead.se/site/5826,inventory_only,False,0,0,0,[],0,0,0,0,0,3815,coarse_spatial_context_only,not_captured_by_repository_sources,1415
5827,Göras i Ede,Sweden,61.7658444964,16.1626884154,https://browser.sead.se/site/5827,inventory_only,False,0,0,0,[],0,0,0,0,0,3464,coarse_spatial_context_only,not_captured_by_repository_sources,1416
6436,"Göta kanal, hamnen",Sweden,58.4914867,16.29996058,https://browser.sead.se/site/6436,inventory_only,False,0,0,0,[],0,0,0,0,0,12413,coarse_spatial_context_only,not_captured_by_repository_sources,1417
5828,Götene kyrka,Sweden,58.5310953956,13.501059349,https://browser.sead.se/site/5828,inventory_only,False,0,0,0,[],0,0,0,0,0,10501,coarse_spatial_context_only,not_captured_by_repository_sources,1418
5829,Göteve kyrka,Sweden,58.1238296959,13.4130675184,https://browser.sead.se/site/5829,inventory_only,False,0,0,0,[],0,0,0,0,0,10501,coarse_spatial_context_only,not_captured_by_repository_sources,1419
5843,Hackås kyrka,Sweden,62.9218957847,14.5045233958,https://browser.sead.se/site/5843,inventory_only,False,0,0,0,[],0,0,0,0,0,1940,coarse_spatial_context_only,not_captured_by_repository_sources,1420
5844,Hagaloftet i Rissätra,Sweden,60.8725055301,13.4116044788,https://browser.sead.se/site/5844,inventory_only,False,0,0,0,[],0,0,0,0,0,5468,coarse_spatial_context_only,not_captured_by_repository_sources,1421
5845,Hagalund,Sweden,59.3793942166,17.4872539898,https://browser.sead.se/site/5845,inventory_only,False,0,0,0,[],0,0,0,0,0,27450,coarse_spatial_context_only,not_captured_by_repository_sources,1422
5670,Hagaparken,Sweden,59.362821,18.032024,https://browser.sead.se/site/5670,inventory_only,False,0,0,0,[],0,0,0,0,0,10763,coarse_spatial_context_only,not_captured_by_repository_sources,1423
5846,Hagen i Gällö,Sweden,62.9157031141,15.2297903572,https://browser.sead.se/site/5846,inventory_only,False,0,0,0,[],0,0,0,0,0,1173,coarse_spatial_context_only,not_captured_by_repository_sources,1424
6368,Hagshult 29:1,Sweden,57.35463,14.295941,https://browser.sead.se/site/6368,inventory_only,False,0,0,0,[],0,0,0,0,0,8067,coarse_spatial_context_only,not_captured_by_repository_sources,1425
5847,Hagshult kyrka,Sweden,57.3394782853,14.1903353806,https://browser.sead.se/site/5847,inventory_only,False,0,0,0,[],0,0,0,0,0,8067,coarse_spatial_context_only,not_captured_by_repository_sources,1426
5848,Hagströms i Norrböle,Sweden,62.9078925877,14.8485398444,https://browser.sead.se/site/5848,inventory_only,False,0,0,0,[],0,0,0,0,0,1940,coarse_spatial_context_only,not_captured_by_repository_sources,1427
6292,Hagverksmo,Sweden,56.5960416879,14.6236261532,https://browser.sead.se/site/6292,inventory_only,False,0,0,0,[],0,0,0,0,0,10817,coarse_spatial_context_only,not_captured_by_repository_sources,1428
5849,Hall i Byom,Sweden,63.3960189602,14.7719808102,https://browser.sead.se/site/5849,inventory_only,False,0,0,0,[],0,0,0,0,0,3868,coarse_spatial_context_only,not_captured_by_repository_sources,1429
6293,Hallarum,Sweden,56.1734914376,15.8352432971,https://browser.sead.se/site/6293,inventory_only,False,0,0,0,[],0,0,0,0,0,5849,coarse_spatial_context_only,not_captured_by_repository_sources,1430
5851,Hallen,Sweden,61.6961225406,17.1244039124,https://browser.sead.se/site/5851,inventory_only,False,0,0,0,[],0,0,0,0,0,2270,coarse_spatial_context_only,not_captured_by_repository_sources,1431
5852,Hallens kyrka,Sweden,63.1783136021,14.0904431712,https://browser.sead.se/site/5852,inventory_only,False,0,0,0,[],0,0,0,0,0,3868,coarse_spatial_context_only,not_captured_by_repository_sources,1432
5854,Hallingebergs kyrka,Sweden,57.8308974562,16.2480135151,https://browser.sead.se/site/5854,inventory_only,False,0,0,0,[],0,0,0,0,0,8480,coarse_spatial_context_only,not_captured_by_repository_sources,1433
5855,Halmstads slott,Sweden,56.6715380686,12.8576744773,https://browser.sead.se/site/5855,inventory_only,False,0,0,0,[],0,0,0,0,0,6333,coarse_spatial_context_only,not_captured_by_repository_sources,1434
5856,Halvarssons i Hammarbyn,Sweden,60.9958053884,13.3188404228,https://browser.sead.se/site/5856,inventory_only,False,0,0,0,[],0,0,0,0,0,5468,coarse_spatial_context_only,not_captured_by_repository_sources,1435
5857,Handog,Sweden,63.3104102457,14.9927365566,https://browser.sead.se/site/5857,inventory_only,False,0,0,0,[],0,0,0,0,0,3868,coarse_spatial_context_only,not_captured_by_repository_sources,1436
5858,Haneberg,Sweden,60.0489648291,16.7499628185,https://browser.sead.se/site/5858,inventory_only,False,0,0,0,[],0,0,0,0,0,4239,coarse_spatial_context_only,not_captured_by_repository_sources,1437
5859,Hanmora gård,Sweden,59.3737012462,17.479548634,https://browser.sead.se/site/5859,inventory_only,False,0,0,0,[],0,0,0,0,0,27450,coarse_spatial_context_only,not_captured_by_repository_sources,1438
5860,Hansanders i Sundsjöåsen,Sweden,63.0893944233,15.1484229832,https://browser.sead.se/site/5860,inventory_only,False,0,0,0,[],0,0,0,0,0,1538,coarse_spatial_context_only,not_captured_by_repository_sources,1439
5861,Hansbacks i Näset,Sweden,61.2543903041,14.0753661835,https://browser.sead.se/site/5861,inventory_only,False,0,0,0,[],0,0,0,0,0,1202,coarse_spatial_context_only,not_captured_by_repository_sources,1440
3701,Harplinge 155,Sweden,56.718038884,12.7138599486,https://browser.sead.se/site/3701,inventory_only,False,0,0,0,[],0,0,0,0,0,6333,coarse_spatial_context_only,not_captured_by_repository_sources,1441
3698,Havor Fort,Sweden,57.2162639536,18.3183396651,https://browser.sead.se/site/3698,inventory_only,False,0,0,0,[],0,0,0,0,0,13558,coarse_spatial_context_only,not_captured_by_repository_sources,1442
5873,Hebbeska huset,Sweden,59.3242016378,18.0652938925,https://browser.sead.se/site/5873,inventory_only,False,0,0,0,[],0,0,0,0,0,10763,coarse_spatial_context_only,not_captured_by_repository_sources,1443
5874,Hedningaladan Perlars i Ribbåsen,Sweden,61.3283628833,14.0560168816,https://browser.sead.se/site/5874,inventory_only,False,0,0,0,[],0,0,0,0,0,1202,coarse_spatial_context_only,not_captured_by_repository_sources,1444
5875,Hedninghuset Erkasjers i Idbäck,Sweden,60.6980163664,13.6590027022,https://browser.sead.se/site/5875,inventory_only,False,0,0,0,[],0,0,0,0,0,5468,coarse_spatial_context_only,not_captured_by_repository_sources,1445
5876,Heliga Kors Kyrka,Sweden,56.2117580629,15.2785593728,https://browser.sead.se/site/5876,inventory_only,False,0,0,0,[],0,0,0,0,0,5849,coarse_spatial_context_only,not_captured_by_repository_sources,1446
6392,Helsingborg 226:1,Sweden,56.06303922,12.74759243,https://browser.sead.se/site/6392,inventory_only,False,0,0,0,[],0,0,0,0,0,6333,coarse_spatial_context_only,not_captured_by_repository_sources,1447
6380,Helsingborg 252,Sweden,56.04581245,12.69278213,https://browser.sead.se/site/6380,inventory_only,False,0,0,0,[],0,0,0,0,0,6333,coarse_spatial_context_only,not_captured_by_repository_sources,1448
6382,Helsingborg 42:1,Sweden,56.04756728,12.69758514,https://browser.sead.se/site/6382,inventory_only,False,0,0,0,[],0,0,0,0,0,6333,coarse_spatial_context_only,not_captured_by_repository_sources,1449
5877,Hembygdsgården,Sweden,59.3617389038,17.5288845479,https://browser.sead.se/site/5877,inventory_only,False,0,0,0,[],0,0,0,0,0,27450,coarse_spatial_context_only,not_captured_by_repository_sources,1450
5878,Henriksson i Tångeråsen,Sweden,63.5690208557,13.8121697347,https://browser.sead.se/site/5878,inventory_only,False,0,0,0,[],0,0,0,0,0,1147,coarse_spatial_context_only,not_captured_by_repository_sources,1451
6295,Hill,Sweden,57.9288499017,12.5305317322,https://browser.sead.se/site/6295,inventory_only,False,0,0,0,[],0,0,0,0,0,8569,coarse_spatial_context_only,not_captured_by_repository_sources,1452
5880,Hjelms bod,Sweden,63.4804178841,13.1937190781,https://browser.sead.se/site/5880,inventory_only,False,0,0,0,[],0,0,0,0,0,1147,coarse_spatial_context_only,not_captured_by_repository_sources,1453
5881,Hjortgården i Lenåsen,Sweden,61.0046584345,15.2449802574,https://browser.sead.se/site/5881,inventory_only,False,0,0,0,[],0,0,0,0,0,1607,coarse_spatial_context_only,not_captured_by_repository_sources,1454
5882,Hjortsberga kyrka,Sweden,56.2254676821,15.4083766719,https://browser.sead.se/site/5882,inventory_only,False,0,0,0,[],0,0,0,0,0,5849,coarse_spatial_context_only,not_captured_by_repository_sources,1455
5879,Hjältanstorp,Sweden,62.3464763001,16.3698295127,https://browser.sead.se/site/5879,inventory_only,False,0,0,0,[],0,0,0,0,0,1674,coarse_spatial_context_only,not_captured_by_repository_sources,1456
5884,Holländarhuset,Sweden,56.1741474222,14.858585649,https://browser.sead.se/site/5884,inventory_only,False,0,0,0,[],0,0,0,0,0,10817,coarse_spatial_context_only,not_captured_by_repository_sources,1457
6437,Holmen,Sweden,58.59302046,16.18205129,https://browser.sead.se/site/6437,inventory_only,False,0,0,0,[],0,0,0,0,0,12413,coarse_spatial_context_only,not_captured_by_repository_sources,1458
6296,Hucksjöåsen,Sweden,62.8526005303,15.904520284,https://browser.sead.se/site/6296,inventory_only,False,0,0,0,[],0,0,0,0,0,1173,coarse_spatial_context_only,not_captured_by_repository_sources,1459
6342,Huddunge 252,Sweden,60.0561929,16.89383269,https://browser.sead.se/site/6342,inventory_only,False,0,0,0,[],0,0,0,0,0,4239,coarse_spatial_context_only,not_captured_by_repository_sources,1460
6297,Hulevik,Sweden,56.625724211,14.6144807958,https://browser.sead.se/site/6297,inventory_only,False,0,0,0,[],0,0,0,0,0,10817,coarse_spatial_context_only,not_captured_by_repository_sources,1461
5886,Hults gård,Sweden,57.9139655577,12.1658864507,https://browser.sead.se/site/5886,inventory_only,False,0,0,0,[],0,0,0,0,0,8569,coarse_spatial_context_only,not_captured_by_repository_sources,1462
6298,Husarö,Sweden,59.5066057136,18.8494873703,https://browser.sead.se/site/6298,inventory_only,False,0,0,0,[],0,0,0,0,0,10763,coarse_spatial_context_only,not_captured_by_repository_sources,1463
6454,Husie bog,Sweden,55.57936064,13.09342791,https://browser.sead.se/site/6454,inventory_only,False,0,0,0,[],0,0,0,0,0,6654,coarse_spatial_context_only,not_captured_by_repository_sources,1464
6294,Hälleberget A,Sweden,57.6979778911,11.9323684568,https://browser.sead.se/site/6294,inventory_only,False,0,0,0,[],0,0,0,0,0,5005,coarse_spatial_context_only,not_captured_by_repository_sources,1465
5862,Härbre Färnästjärn,Sweden,61.0117970983,14.6428782159,https://browser.sead.se/site/5862,inventory_only,False,0,0,0,[],0,0,0,0,0,1202,coarse_spatial_context_only,not_captured_by_repository_sources,1466
5863,Härbre Gopshus,Sweden,61.0990891441,14.2389703752,https://browser.sead.se/site/5863,inventory_only,False,0,0,0,[],0,0,0,0,0,1202,coarse_spatial_context_only,not_captured_by_repository_sources,1467
5864,Härbre Gopsmorsgård,Sweden,61.1163837915,14.2315026099,https://browser.sead.se/site/5864,inventory_only,False,0,0,0,[],0,0,0,0,0,1202,coarse_spatial_context_only,not_captured_by_repository_sources,1468
5865,Härbre i Färnäs,Sweden,60.9976134565,14.6268789893,https://browser.sead.se/site/5865,inventory_only,False,0,0,0,[],0,0,0,0,0,1731,coarse_spatial_context_only,not_captured_by_repository_sources,1469
5866,Härbre i Kallmora,Sweden,61.1786748199,14.7752395219,https://browser.sead.se/site/5866,inventory_only,False,0,0,0,[],0,0,0,0,0,1202,coarse_spatial_context_only,not_captured_by_repository_sources,1470
5867,Härbre i Öna,Sweden,61.0220077172,14.5218701499,https://browser.sead.se/site/5867,inventory_only,False,0,0,0,[],0,0,0,0,0,1202,coarse_spatial_context_only,not_captured_by_repository_sources,1471
5868,Härbre i Östäng,Sweden,61.2196118318,14.0460187703,https://browser.sead.se/site/5868,inventory_only,False,0,0,0,[],0,0,0,0,0,1202,coarse_spatial_context_only,not_captured_by_repository_sources,1472
5869,Härbre Nusnäs,Sweden,60.9589628963,14.6468312521,https://browser.sead.se/site/5869,inventory_only,False,0,0,0,[],0,0,0,0,0,1731,coarse_spatial_context_only,not_captured_by_repository_sources,1473
5871,Härbre Vika,Sweden,60.9472353833,14.4593826549,https://browser.sead.se/site/5871,inventory_only,False,0,0,0,[],0,0,0,0,0,1731,coarse_spatial_context_only,not_captured_by_repository_sources,1474
5870,Härbre Västerberg,Sweden,61.2111317299,16.5152693002,https://browser.sead.se/site/5870,inventory_only,False,0,0,0,[],0,0,0,0,0,3464,coarse_spatial_context_only,not_captured_by_repository_sources,1475
5872,Härlarsloftet från Idbäck,Sweden,60.6980528186,13.6599537276,https://browser.sead.se/site/5872,inventory_only,False,0,0,0,[],0,0,0,0,0,5468,coarse_spatial_context_only,not_captured_by_repository_sources,1476
5850,Hållbus i Selbäck,Sweden,60.9888487072,14.4459964696,https://browser.sead.se/site/5850,inventory_only,False,0,0,0,[],0,0,0,0,0,1731,coarse_spatial_context_only,not_captured_by_repository_sources,1477
5853,Hållgården Kulåra,Sweden,60.8934610065,14.6212592988,https://browser.sead.se/site/5853,inventory_only,False,0,0,0,[],0,0,0,0,0,1731,coarse_spatial_context_only,not_captured_by_repository_sources,1478
5883,Högs kyrka,Sweden,61.7662010397,17.0394505342,https://browser.sead.se/site/5883,inventory_only,False,0,0,0,[],0,0,0,0,0,2270,coarse_spatial_context_only,not_captured_by_repository_sources,1479
5645,Höje,Sweden,58.314587,14.667604,https://browser.sead.se/site/5645,inventory_only,False,0,0,0,[],0,0,0,0,0,3815,coarse_spatial_context_only,not_captured_by_repository_sources,1480
6425,Hölö 320:1,Sweden,58.977378,17.619753,https://browser.sead.se/site/6425,inventory_only,False,0,0,0,[],0,0,0,0,0,4303,coarse_spatial_context_only,not_captured_by_repository_sources,1481
5885,Hörnsjöfors,Sweden,59.9488550842,16.2205869803,https://browser.sead.se/site/5885,inventory_only,False,0,0,0,[],0,0,0,0,0,15126,coarse_spatial_context_only,not_captured_by_repository_sources,1482
6438,Igelsfors,Sweden,58.84550337,15.69980662,https://browser.sead.se/site/6438,inventory_only,False,0,0,0,[],0,0,0,0,0,9863,coarse_spatial_context_only,not_captured_by_repository_sources,1483
5887,Ignaberga gamla kyrka,Sweden,56.1218129221,13.8307519819,https://browser.sead.se/site/5887,inventory_only,False,0,0,0,[],0,0,0,0,0,8912,coarse_spatial_context_only,not_captured_by_repository_sources,1484
5888,Ingbergs i Laknäs,Sweden,60.8401433177,14.9994664942,https://browser.sead.se/site/5888,inventory_only,False,0,0,0,[],0,0,0,0,0,1731,coarse_spatial_context_only,not_captured_by_repository_sources,1485
6299,Ingelsta,Sweden,58.8356099642,17.0730916291,https://browser.sead.se/site/6299,inventory_only,False,0,0,0,[],0,0,0,0,0,4303,coarse_spatial_context_only,not_captured_by_repository_sources,1486
6300,Ingestorp övre,Sweden,57.5946266711,13.2197570497,https://browser.sead.se/site/6300,inventory_only,False,0,0,0,[],0,0,0,0,0,8587,coarse_spatial_context_only,not_captured_by_repository_sources,1487
5889,Ivarshärbret från Utsälje,Sweden,60.5300146831,14.3730426993,https://browser.sead.se/site/5889,inventory_only,False,0,0,0,[],0,0,0,0,0,1731,coarse_spatial_context_only,not_captured_by_repository_sources,1488
5890,Jacob Nickelsens hus,Sweden,55.6072049625,13.0015325629,https://browser.sead.se/site/5890,inventory_only,False,0,0,0,[],0,0,0,0,0,6654,coarse_spatial_context_only,not_captured_by_repository_sources,1489
5892,Jan-Mats i Åsmundshyttan,Sweden,60.4776335937,16.4715125909,https://browser.sead.se/site/5892,inventory_only,False,0,0,0,[],0,0,0,0,0,4239,coarse_spatial_context_only,not_captured_by_repository_sources,1490
5893,Janngården Änderåsen,Sweden,61.0370931398,15.1971763785,https://browser.sead.se/site/5893,inventory_only,False,0,0,0,[],0,0,0,0,0,1607,coarse_spatial_context_only,not_captured_by_repository_sources,1491
5895,Jedeurska huset,Sweden,57.6982558851,11.9330835768,https://browser.sead.se/site/5895,inventory_only,False,0,0,0,[],0,0,0,0,0,5005,coarse_spatial_context_only,not_captured_by_repository_sources,1492
5896,John Bixbo i Bye,Sweden,63.3109472203,13.6414153735,https://browser.sead.se/site/5896,inventory_only,False,0,0,0,[],0,0,0,0,0,1147,coarse_spatial_context_only,not_captured_by_repository_sources,1493
5897,Johnssons i Bergsbyn,Sweden,62.8123558242,14.4418651771,https://browser.sead.se/site/5897,inventory_only,False,0,0,0,[],0,0,0,0,0,1940,coarse_spatial_context_only,not_captured_by_repository_sources,1494
5898,Jon Backs i Nedre Gärdsjö,Sweden,60.9356415519,15.2262010365,https://browser.sead.se/site/5898,inventory_only,False,0,0,0,[],0,0,0,0,0,3988,coarse_spatial_context_only,not_captured_by_repository_sources,1495
5902,Jon-Lars i Långhed,Sweden,61.3899467345,16.0513117866,https://browser.sead.se/site/5902,inventory_only,False,0,0,0,[],0,0,0,0,0,3464,coarse_spatial_context_only,not_captured_by_repository_sources,1496
5909,Jon-Svens i Ygsbo,Sweden,61.8192977504,15.9332659289,https://browser.sead.se/site/5909,inventory_only,False,0,0,0,[],0,0,0,0,0,1607,coarse_spatial_context_only,not_captured_by_repository_sources,1497
5899,Jonasson i Haga,Sweden,62.9894689377,14.8859500507,https://browser.sead.se/site/5899,inventory_only,False,0,0,0,[],0,0,0,0,0,1940,coarse_spatial_context_only,not_captured_by_repository_sources,1498
5900,Joners i Homnabo,Sweden,61.4614111888,15.8984143198,https://browser.sead.se/site/5900,inventory_only,False,0,0,0,[],0,0,0,0,0,1607,coarse_spatial_context_only,not_captured_by_repository_sources,1499
5901,Jones i Ovanmyra,Sweden,61.0029569022,15.2271418937,https://browser.sead.se/site/5901,inventory_only,False,0,0,0,[],0,0,0,0,0,1607,coarse_spatial_context_only,not_captured_by_repository_sources,1500
5906,Jonsson i Skickja,Sweden,63.3180148789,14.9577651084,https://browser.sead.se/site/5906,inventory_only,False,0,0,0,[],0,0,0,0,0,3868,coarse_spatial_context_only,not_captured_by_repository_sources,1501
5910,Jontes i Gäle,Sweden,62.9535444504,14.6521582906,https://browser.sead.se/site/5910,inventory_only,False,0,0,0,[],0,0,0,0,0,1940,coarse_spatial_context_only,not_captured_by_repository_sources,1502
5911,Jugasgården,Sweden,60.4772944358,14.0563935732,https://browser.sead.se/site/5911,inventory_only,False,0,0,0,[],0,0,0,0,0,1731,coarse_spatial_context_only,not_captured_by_repository_sources,1503
6439,Juleboda,Sweden,55.76935421,14.19111189,https://browser.sead.se/site/6439,inventory_only,False,0,0,0,[],0,0,0,0,0,3205,coarse_spatial_context_only,not_captured_by_repository_sources,1504
6440,Julita gård,Sweden,59.15093767,16.03917568,https://browser.sead.se/site/6440,inventory_only,False,0,0,0,[],0,0,0,0,0,15126,coarse_spatial_context_only,not_captured_by_repository_sources,1505
5891,Jäla kyrka,Sweden,58.0192600645,13.3597671214,https://browser.sead.se/site/5891,inventory_only,False,0,0,0,[],0,0,0,0,0,10501,coarse_spatial_context_only,not_captured_by_repository_sources,1506
5894,Järna kyrka,Sweden,60.544291777,14.365602476,https://browser.sead.se/site/5894,inventory_only,False,0,0,0,[],0,0,0,0,0,1731,coarse_spatial_context_only,not_captured_by_repository_sources,1507
6393,Järrestad 45:1,Sweden,55.53447321,14.27995915,https://browser.sead.se/site/6393,inventory_only,False,0,0,0,[],0,0,0,0,0,3205,coarse_spatial_context_only,not_captured_by_repository_sources,1508
6367,Jönköping 137:1,Sweden,57.78162402,14.16637057,https://browser.sead.se/site/6367,inventory_only,False,0,0,0,[],0,0,0,0,0,8067,coarse_spatial_context_only,not_captured_by_repository_sources,1509
6366,Jönköping 50:1,Sweden,57.78061738,14.17218199,https://browser.sead.se/site/6366,inventory_only,False,0,0,0,[],0,0,0,0,0,8067,coarse_spatial_context_only,not_captured_by_repository_sources,1510
5903,Jönses i Vreta,Sweden,60.3308803374,16.7899061347,https://browser.sead.se/site/5903,inventory_only,False,0,0,0,[],0,0,0,0,0,4239,coarse_spatial_context_only,not_captured_by_repository_sources,1511
5904,Jönsson i Dille,Sweden,63.2622885253,14.5992814055,https://browser.sead.se/site/5904,inventory_only,False,0,0,0,[],0,0,0,0,0,3868,coarse_spatial_context_only,not_captured_by_repository_sources,1512
5905,Jönsson i Fanbyn,Sweden,62.9650590611,15.1312679624,https://browser.sead.se/site/5905,inventory_only,False,0,0,0,[],0,0,0,0,0,1173,coarse_spatial_context_only,not_captured_by_repository_sources,1513
5907,Jönsson i Smedsta,Sweden,63.2885810086,14.8378923416,https://browser.sead.se/site/5907,inventory_only,False,0,0,0,[],0,0,0,0,0,3868,coarse_spatial_context_only,not_captured_by_repository_sources,1514
5908,Jönssons i Hara,Sweden,63.0391067553,14.4650124221,https://browser.sead.se/site/5908,inventory_only,False,0,0,0,[],0,0,0,0,0,3868,coarse_spatial_context_only,not_captured_by_repository_sources,1515
74,Jörlanda Raä 184,Sweden,58.0103,11.8138583333,https://browser.sead.se/site/74,inventory_only,False,0,0,0,[],0,0,0,0,0,16773,coarse_spatial_context_only,not_captured_by_repository_sources,1516
5912,Kalles i Persbo,Sweden,60.2077595841,15.2222361983,https://browser.sead.se/site/5912,inventory_only,False,0,0,0,[],0,0,0,0,0,3988,coarse_spatial_context_only,not_captured_by_repository_sources,1517
5913,Kallurgården,Sweden,60.9268226981,15.1246629091,https://browser.sead.se/site/5913,inventory_only,False,0,0,0,[],0,0,0,0,0,3988,coarse_spatial_context_only,not_captured_by_repository_sources,1518
6362,Kalmar 93:1,Sweden,56.66469526,16.36262223,https://browser.sead.se/site/6362,inventory_only,False,0,0,0,[],0,0,0,0,0,6159,coarse_spatial_context_only,not_captured_by_repository_sources,1519
6361,Kalmar 94:1,Sweden,56.65944182,16.35046651,https://browser.sead.se/site/6361,inventory_only,False,0,0,0,[],0,0,0,0,0,6159,coarse_spatial_context_only,not_captured_by_repository_sources,1520
6441,"Kanaljorden, Söderköping",Sweden,58.48299104,16.32264678,https://browser.sead.se/site/6441,inventory_only,False,0,0,0,[],0,0,0,0,0,12413,coarse_spatial_context_only,not_captured_by_repository_sources,1521
5915,Kapellbacken i Amundsböle,Sweden,61.1354503029,15.1666315799,https://browser.sead.se/site/5915,inventory_only,False,0,0,0,[],0,0,0,0,0,1607,coarse_spatial_context_only,not_captured_by_repository_sources,1522
5916,"Kares, Peres och Sandins i Vikarbyn",Sweden,60.9087615266,15.0181412931,https://browser.sead.se/site/5916,inventory_only,False,0,0,0,[],0,0,0,0,0,3988,coarse_spatial_context_only,not_captured_by_repository_sources,1523
5917,Karin Nyréns i Hulån,Sweden,60.5463067875,14.2913290275,https://browser.sead.se/site/5917,inventory_only,False,0,0,0,[],0,0,0,0,0,1731,coarse_spatial_context_only,not_captured_by_repository_sources,1524
5918,Karins i Gärde,Sweden,63.5660374597,13.7786067428,https://browser.sead.se/site/5918,inventory_only,False,0,0,0,[],0,0,0,0,0,1147,coarse_spatial_context_only,not_captured_by_repository_sources,1525
5919,Karl Pettersson i Röjeråsen,Sweden,60.9425642286,14.9861212271,https://browser.sead.se/site/5919,inventory_only,False,0,0,0,[],0,0,0,0,0,1731,coarse_spatial_context_only,not_captured_by_repository_sources,1526
5920,Karlquist i Nybo,Sweden,63.3535879439,14.3399053134,https://browser.sead.se/site/5920,inventory_only,False,0,0,0,[],0,0,0,0,0,3868,coarse_spatial_context_only,not_captured_by_repository_sources,1527
5921,Karlsson i Börön,Sweden,62.9533394567,14.9195992765,https://browser.sead.se/site/5921,inventory_only,False,0,0,0,[],0,0,0,0,0,1940,coarse_spatial_context_only,not_captured_by_repository_sources,1528
5922,Karlsson i Edsäng,Sweden,61.8271887476,16.4894506065,https://browser.sead.se/site/5922,inventory_only,False,0,0,0,[],0,0,0,0,0,3464,coarse_spatial_context_only,not_captured_by_repository_sources,1529
5923,Karlssons i Hara,Sweden,63.0391067553,14.4650124221,https://browser.sead.se/site/5923,inventory_only,False,0,0,0,[],0,0,0,0,0,3868,coarse_spatial_context_only,not_captured_by_repository_sources,1530
5925,Kastalen vid Fellingsbro kyrka,Sweden,59.4586281164,15.5766328216,https://browser.sead.se/site/5925,inventory_only,False,0,0,0,[],0,0,0,0,0,3873,coarse_spatial_context_only,not_captured_by_repository_sources,1531
5926,Kestads kyrka,Sweden,58.5653709556,13.4501324238,https://browser.sead.se/site/5926,inventory_only,False,0,0,0,[],0,0,0,0,0,10501,coarse_spatial_context_only,not_captured_by_repository_sources,1532
5927,Kimsundets fiskarvall,Sweden,61.8149419722,17.3493292765,https://browser.sead.se/site/5927,inventory_only,False,0,0,0,[],0,0,0,0,0,2270,coarse_spatial_context_only,not_captured_by_repository_sources,1533
5928,Kinnareds kyrka,Sweden,57.0264151995,13.09338568,https://browser.sead.se/site/5928,inventory_only,False,0,0,0,[],0,0,0,0,0,8587,coarse_spatial_context_only,not_captured_by_repository_sources,1534
5929,Kinne-Vedums kyrka,Sweden,58.5586691078,13.5061899041,https://browser.sead.se/site/5929,inventory_only,False,0,0,0,[],0,0,0,0,0,10501,coarse_spatial_context_only,not_captured_by_repository_sources,1535
5930,Klasgården i Laknäs,Sweden,60.8402959454,14.9993929043,https://browser.sead.se/site/5930,inventory_only,False,0,0,0,[],0,0,0,0,0,1731,coarse_spatial_context_only,not_captured_by_repository_sources,1536
5931,Klaus Mortensens hus,Sweden,55.6045678016,13.0029526263,https://browser.sead.se/site/5931,inventory_only,False,0,0,0,[],0,0,0,0,0,6654,coarse_spatial_context_only,not_captured_by_repository_sources,1537
5932,Klintahuset,Sweden,56.3901649599,12.6535587421,https://browser.sead.se/site/5932,inventory_only,False,0,0,0,[],0,0,0,0,0,6333,coarse_spatial_context_only,not_captured_by_repository_sources,1538
5933,Klitten,Sweden,61.2782199149,14.1009859756,https://browser.sead.se/site/5933,inventory_only,False,0,0,0,[],0,0,0,0,0,1202,coarse_spatial_context_only,not_captured_by_repository_sources,1539
5934,Klockars i Loka,Sweden,61.2736589462,14.0081776606,https://browser.sead.se/site/5934,inventory_only,False,0,0,0,[],0,0,0,0,0,1202,coarse_spatial_context_only,not_captured_by_repository_sources,1540
5935,Klösta,Sweden,63.3196175341,14.8032253444,https://browser.sead.se/site/5935,inventory_only,False,0,0,0,[],0,0,0,0,0,3868,coarse_spatial_context_only,not_captured_by_repository_sources,1541
5936,Knutssons i Nederhögen,Sweden,62.4068504451,14.401919218,https://browser.sead.se/site/5936,inventory_only,False,0,0,0,[],0,0,0,0,0,1940,coarse_spatial_context_only,not_captured_by_repository_sources,1542
5937,Konga kyrka,Sweden,55.9786547754,13.1996318848,https://browser.sead.se/site/5937,inventory_only,False,0,0,0,[],0,0,0,0,0,6654,coarse_spatial_context_only,not_captured_by_repository_sources,1543
5938,Kopparbergs tingshus,Sweden,59.8757510411,14.9977673269,https://browser.sead.se/site/5938,inventory_only,False,0,0,0,[],0,0,0,0,0,2617,coarse_spatial_context_only,not_captured_by_repository_sources,1544
5939,Korsnäsgården,Sweden,60.7246297777,15.0027679297,https://browser.sead.se/site/5939,inventory_only,False,0,0,0,[],0,0,0,0,0,3988,coarse_spatial_context_only,not_captured_by_repository_sources,1545
6302,Kringelvägen,Sweden,56.1557764606,14.8532600543,https://browser.sead.se/site/6302,inventory_only,False,0,0,0,[],0,0,0,0,0,10817,coarse_spatial_context_only,not_captured_by_repository_sources,1546
6395,Kristianstad 215:1,Sweden,56.03777481,14.12258475,https://browser.sead.se/site/6395,inventory_only,False,0,0,0,[],0,0,0,0,0,10817,coarse_spatial_context_only,not_captured_by_repository_sources,1547
6396,Kristianstad 217:1,Sweden,56.03065511,14.12740941,https://browser.sead.se/site/6396,inventory_only,False,0,0,0,[],0,0,0,0,0,10817,coarse_spatial_context_only,not_captured_by_repository_sources,1548
6401,Kristianstad 93:1,Sweden,56.03047065,14.15512337,https://browser.sead.se/site/6401,inventory_only,False,0,0,0,[],0,0,0,0,0,10817,coarse_spatial_context_only,not_captured_by_repository_sources,1549
5941,Kristoffersson i Mälgåsen,Sweden,62.8512709369,15.3242590187,https://browser.sead.se/site/5941,inventory_only,False,0,0,0,[],0,0,0,0,0,1173,coarse_spatial_context_only,not_captured_by_repository_sources,1550
5942,Kroa,Sweden,57.6154818529,15.5721692125,https://browser.sead.se/site/5942,inventory_only,False,0,0,0,[],0,0,0,0,0,4004,coarse_spatial_context_only,not_captured_by_repository_sources,1551
5943,Kropp kyrka,Sweden,56.0859864623,12.7975682023,https://browser.sead.se/site/5943,inventory_only,False,0,0,0,[],0,0,0,0,0,6333,coarse_spatial_context_only,not_captured_by_repository_sources,1552
5940,Kråkgården i södra Bomansberg,Sweden,61.0044066557,14.7597925609,https://browser.sead.se/site/5940,inventory_only,False,0,0,0,[],0,0,0,0,0,1202,coarse_spatial_context_only,not_captured_by_repository_sources,1553
5944,Kullen,Sweden,57.6974115229,11.9331046347,https://browser.sead.se/site/5944,inventory_only,False,0,0,0,[],0,0,0,0,0,5005,coarse_spatial_context_only,not_captured_by_repository_sources,1554
5945,Kungslena kyrka,Sweden,58.2273759891,13.8053393414,https://browser.sead.se/site/5945,inventory_only,False,0,0,0,[],0,0,0,0,0,10501,coarse_spatial_context_only,not_captured_by_repository_sources,1555
5946,Kusens i Österstråsjö,Sweden,61.9502959125,16.3095489394,https://browser.sead.se/site/5946,inventory_only,False,0,0,0,[],0,0,0,0,0,3464,coarse_spatial_context_only,not_captured_by_repository_sources,1556
5947,Kvarnbacken i Sundborn,Sweden,60.6545958612,15.777392148,https://browser.sead.se/site/5947,inventory_only,False,0,0,0,[],0,0,0,0,0,3988,coarse_spatial_context_only,not_captured_by_repository_sources,1557
6426,"Kvarnfallet, Uppsala",Sweden,59.859176,17.634828,https://browser.sead.se/site/6426,inventory_only,False,0,0,0,[],0,0,0,0,0,27450,coarse_spatial_context_only,not_captured_by_repository_sources,1558
6303,Kvarter General Ulfeldt,Sweden,56.0296258995,14.1562157967,https://browser.sead.se/site/6303,inventory_only,False,0,0,0,[],0,0,0,0,0,10817,coarse_spatial_context_only,not_captured_by_repository_sources,1559
6463,Kvarteret Gamla Holmarna,Sweden,58.58904033,16.17825283,https://browser.sead.se/site/6463,inventory_only,False,0,0,0,[],0,0,0,0,0,12413,coarse_spatial_context_only,not_captured_by_repository_sources,1560
6304,Kvarteret Iphigenia,Sweden,59.3246778561,18.0687304301,https://browser.sead.se/site/6304,inventory_only,False,0,0,0,[],0,0,0,0,0,10763,coarse_spatial_context_only,not_captured_by_repository_sources,1561
6305,Kvarteret Mercurius,Sweden,59.3253895499,18.0675110165,https://browser.sead.se/site/6305,inventory_only,False,0,0,0,[],0,0,0,0,0,10763,coarse_spatial_context_only,not_captured_by_repository_sources,1562
6464,Kvarteret Spinnrocken,Sweden,58.58690953,16.19211471,https://browser.sead.se/site/6464,inventory_only,False,0,0,0,[],0,0,0,0,0,12413,coarse_spatial_context_only,not_captured_by_repository_sources,1563
6465,Kvarteret Örtedalen,Sweden,59.86255873,17.63590028,https://browser.sead.se/site/6465,inventory_only,False,0,0,0,[],0,0,0,0,0,27450,coarse_spatial_context_only,not_captured_by_repository_sources,1564
5948,Kvibergsnäs landeri,Sweden,57.7331967441,12.0404875533,https://browser.sead.se/site/5948,inventory_only,False,0,0,0,[],0,0,0,0,0,8569,coarse_spatial_context_only,not_captured_by_repository_sources,1565
5949,Kvistgården i Lenåsen,Sweden,61.0046584345,15.2449802574,https://browser.sead.se/site/5949,inventory_only,False,0,0,0,[],0,0,0,0,0,1607,coarse_spatial_context_only,not_captured_by_repository_sources,1566
5951,Kyrkbåthus i Laknäs,Sweden,60.8402959454,14.9993929043,https://browser.sead.se/site/5951,inventory_only,False,0,0,0,[],0,0,0,0,0,1731,coarse_spatial_context_only,not_captured_by_repository_sources,1567
6400,Kyrkheddinge 6:1,Sweden,55.64611009,13.27159975,https://browser.sead.se/site/6400,inventory_only,False,0,0,0,[],0,0,0,0,0,6654,coarse_spatial_context_only,not_captured_by_repository_sources,1568
5952,Kyrkhärbret Älvdalen,Sweden,61.2258005042,14.0425724197,https://browser.sead.se/site/5952,inventory_only,False,0,0,0,[],0,0,0,0,0,1202,coarse_spatial_context_only,not_captured_by_repository_sources,1569
5953,Kyrkladan Bur Mats i Tiberget,Sweden,61.0112595792,13.8211894757,https://browser.sead.se/site/5953,inventory_only,False,0,0,0,[],0,0,0,0,0,634,coarse_spatial_context_only,not_captured_by_repository_sources,1570
5954,Kyrkladan från Haverö,Sweden,62.3835100506,15.075138671,https://browser.sead.se/site/5954,inventory_only,False,0,0,0,[],0,0,0,0,0,1173,coarse_spatial_context_only,not_captured_by_repository_sources,1571
5950,Kyrkås gamla kyrka,Sweden,63.2228519902,14.8258663819,https://browser.sead.se/site/5950,inventory_only,False,0,0,0,[],0,0,0,0,0,3868,coarse_spatial_context_only,not_captured_by_repository_sources,1572
6301,Kågbo,Sweden,60.4448327265,17.2271688128,https://browser.sead.se/site/6301,inventory_only,False,0,0,0,[],0,0,0,0,0,5060,coarse_spatial_context_only,not_captured_by_repository_sources,1573
5914,Kånna kyrka,Sweden,56.778800809,13.9003104818,https://browser.sead.se/site/5914,inventory_only,False,0,0,0,[],0,0,0,0,0,8912,coarse_spatial_context_only,not_captured_by_repository_sources,1574
5924,Kåseholms slott,Sweden,55.5901178975,13.8845032442,https://browser.sead.se/site/5924,inventory_only,False,0,0,0,[],0,0,0,0,0,6654,coarse_spatial_context_only,not_captured_by_repository_sources,1575
6403,Köping 148:1,Sweden,59.51271952,15.99566777,https://browser.sead.se/site/6403,inventory_only,False,0,0,0,[],0,0,0,0,0,3873,coarse_spatial_context_only,not_captured_by_repository_sources,1576
5955,Labbgård,Sweden,63.3872502716,15.0280109707,https://browser.sead.se/site/5955,inventory_only,False,0,0,0,[],0,0,0,0,0,1538,coarse_spatial_context_only,not_captured_by_repository_sources,1577
5956,Lada Mellan-Selbäck,Sweden,60.9886562828,14.4472381801,https://browser.sead.se/site/5956,inventory_only,False,0,0,0,[],0,0,0,0,0,1731,coarse_spatial_context_only,not_captured_by_repository_sources,1578
5957,Landbybon Vänjan,Sweden,60.7685487422,14.1407700929,https://browser.sead.se/site/5957,inventory_only,False,0,0,0,[],0,0,0,0,0,1731,coarse_spatial_context_only,not_captured_by_repository_sources,1579
5959,Landgren i Bye,Sweden,63.2823707262,14.8548920424,https://browser.sead.se/site/5959,inventory_only,False,0,0,0,[],0,0,0,0,0,3868,coarse_spatial_context_only,not_captured_by_repository_sources,1580
5958,Landgården i Mon,Sweden,60.7866088557,14.8930360738,https://browser.sead.se/site/5958,inventory_only,False,0,0,0,[],0,0,0,0,0,1731,coarse_spatial_context_only,not_captured_by_repository_sources,1581
6384,Landskrona 12:1,Sweden,55.87209941,12.83161072,https://browser.sead.se/site/6384,inventory_only,False,0,0,0,[],0,0,0,0,0,1226,coarse_spatial_context_only,not_captured_by_repository_sources,1582
5963,Lantbruksstyrelsen i Ede,Sweden,63.0579564099,14.8152399688,https://browser.sead.se/site/5963,inventory_only,False,0,0,0,[],0,0,0,0,0,3868,coarse_spatial_context_only,not_captured_by_repository_sources,1583
5964,Lars Jonnsson i Fudal,Sweden,60.955196599,14.7087988487,https://browser.sead.se/site/5964,inventory_only,False,0,0,0,[],0,0,0,0,0,1731,coarse_spatial_context_only,not_captured_by_repository_sources,1584
5965,Lars-Danielsgården i Persbo,Sweden,60.2077595841,15.2222361983,https://browser.sead.se/site/5965,inventory_only,False,0,0,0,[],0,0,0,0,0,3988,coarse_spatial_context_only,not_captured_by_repository_sources,1585
5966,Larsgården i nedre Gärdsjö,Sweden,60.9356415519,15.2262010365,https://browser.sead.se/site/5966,inventory_only,False,0,0,0,[],0,0,0,0,0,3988,coarse_spatial_context_only,not_captured_by_repository_sources,1586
5967,Larspers i Nusnäs,Sweden,60.9589628963,14.6468312521,https://browser.sead.se/site/5967,inventory_only,False,0,0,0,[],0,0,0,0,0,1731,coarse_spatial_context_only,not_captured_by_repository_sources,1587
5968,Larssimilis i Persbo,Sweden,60.2077595841,15.2222361983,https://browser.sead.se/site/5968,inventory_only,False,0,0,0,[],0,0,0,0,0,3988,coarse_spatial_context_only,not_captured_by_repository_sources,1588
5969,Larsson i Smedsbo,Sweden,61.8408802919,16.4745182857,https://browser.sead.se/site/5969,inventory_only,False,0,0,0,[],0,0,0,0,0,3464,coarse_spatial_context_only,not_captured_by_repository_sources,1589
5970,Larsson i Tångeråsen,Sweden,63.5690208557,13.8121697347,https://browser.sead.se/site/5970,inventory_only,False,0,0,0,[],0,0,0,0,0,1147,coarse_spatial_context_only,not_captured_by_repository_sources,1590
5971,Larssons i By,Sweden,63.2430037834,14.4473487314,https://browser.sead.se/site/5971,inventory_only,False,0,0,0,[],0,0,0,0,0,3868,coarse_spatial_context_only,not_captured_by_repository_sources,1591
5972,Lathman i Bodal,Sweden,63.0718933208,14.8918222083,https://browser.sead.se/site/5972,inventory_only,False,0,0,0,[],0,0,0,0,0,3868,coarse_spatial_context_only,not_captured_by_repository_sources,1592
5973,Leksands kyrka,Sweden,60.7312637639,14.9837373505,https://browser.sead.se/site/5973,inventory_only,False,0,0,0,[],0,0,0,0,0,1731,coarse_spatial_context_only,not_captured_by_repository_sources,1593
6364,Lena 7:1,Sweden,57.99657775,12.64835823,https://browser.sead.se/site/6364,inventory_only,False,0,0,0,[],0,0,0,0,0,8569,coarse_spatial_context_only,not_captured_by_repository_sources,1594
5974,Levene kyrka,Sweden,58.3299031114,12.9025155686,https://browser.sead.se/site/5974,inventory_only,False,0,0,0,[],0,0,0,0,0,7321,coarse_spatial_context_only,not_captured_by_repository_sources,1595
5975,Lids kyrka,Sweden,58.9119930159,16.9904696494,https://browser.sead.se/site/5975,inventory_only,False,0,0,0,[],0,0,0,0,0,12413,coarse_spatial_context_only,not_captured_by_repository_sources,1596
5976,Lilla Främsbacka,Sweden,60.6034408264,15.7414808542,https://browser.sead.se/site/5976,inventory_only,False,0,0,0,[],0,0,0,0,0,3988,coarse_spatial_context_only,not_captured_by_repository_sources,1597
6306,Lilla Korpebo,Sweden,57.7268057462,13.4180964988,https://browser.sead.se/site/6306,inventory_only,False,0,0,0,[],0,0,0,0,0,8587,coarse_spatial_context_only,not_captured_by_repository_sources,1598
5666,Lilla Pålsjö,Sweden,56.068218,12.688009,https://browser.sead.se/site/5666,inventory_only,False,0,0,0,[],0,0,0,0,0,6333,coarse_spatial_context_only,not_captured_by_repository_sources,1599
6307,Lillanäs,Sweden,58.0419648071,14.7526082329,https://browser.sead.se/site/6307,inventory_only,False,0,0,0,[],0,0,0,0,0,3815,coarse_spatial_context_only,not_captured_by_repository_sources,1600
5977,Limkläloftet från Hallosbacken,Sweden,61.0366464845,15.1956372329,https://browser.sead.se/site/5977,inventory_only,False,0,0,0,[],0,0,0,0,0,1607,coarse_spatial_context_only,not_captured_by_repository_sources,1601
6444,Lina bog,Sweden,57.5781928,18.73236074,https://browser.sead.se/site/6444,inventory_only,False,0,0,0,[],0,0,0,0,0,13558,coarse_spatial_context_only,not_captured_by_repository_sources,1602
5979,Lindborg i Långsillremon,Sweden,62.4674024317,14.8677023445,https://browser.sead.se/site/5979,inventory_only,False,0,0,0,[],0,0,0,0,0,1940,coarse_spatial_context_only,not_captured_by_repository_sources,1603
5980,Lindgren i Tunvågen,Sweden,62.8836654797,14.6650007563,https://browser.sead.se/site/5980,inventory_only,False,0,0,0,[],0,0,0,0,0,1940,coarse_spatial_context_only,not_captured_by_repository_sources,1604
5981,Lindmansgården i Eggen,Sweden,63.3092516385,13.6700736596,https://browser.sead.se/site/5981,inventory_only,False,0,0,0,[],0,0,0,0,0,1147,coarse_spatial_context_only,not_captured_by_repository_sources,1605
5978,Lindås,Sweden,57.5296303225,13.6423996398,https://browser.sead.se/site/5978,inventory_only,False,0,0,0,[],0,0,0,0,0,8587,coarse_spatial_context_only,not_captured_by_repository_sources,1606
6413,Linköping 153:1,Sweden,58.4108464,15.6220944,https://browser.sead.se/site/6413,inventory_only,False,0,0,0,[],0,0,0,0,0,9863,coarse_spatial_context_only,not_captured_by_repository_sources,1607
6406,Linköping 503,Sweden,58.4317723,15.63323285,https://browser.sead.se/site/6406,inventory_only,False,0,0,0,[],0,0,0,0,0,9863,coarse_spatial_context_only,not_captured_by_repository_sources,1608
5982,Lisskvarngården i Malmsta,Sweden,60.4749890032,14.469566465,https://browser.sead.se/site/5982,inventory_only,False,0,0,0,[],0,0,0,0,0,1731,coarse_spatial_context_only,not_captured_by_repository_sources,1609
5983,Lithströms i Österuppland,Sweden,63.3114516063,13.601673836,https://browser.sead.se/site/5983,inventory_only,False,0,0,0,[],0,0,0,0,0,1147,coarse_spatial_context_only,not_captured_by_repository_sources,1610
3583,Litslena 561,Sweden,59.6398208741,17.2434797452,https://browser.sead.se/site/3583,inventory_only,False,0,0,0,[],0,0,0,0,0,27450,coarse_spatial_context_only,not_captured_by_repository_sources,1611
5984,Ljungsarps kyrka,Sweden,57.5657611087,13.5785295252,https://browser.sead.se/site/5984,inventory_only,False,0,0,0,[],0,0,0,0,0,8587,coarse_spatial_context_only,not_captured_by_repository_sources,1612
5655,Ljusträdet i Lundagård,Sweden,55.705497,13.195137,https://browser.sead.se/site/5655,inventory_only,False,0,0,0,[],0,0,0,0,0,6654,coarse_spatial_context_only,not_captured_by_repository_sources,1613
5985,Loft i Ytterocke,Sweden,63.2627551152,13.8417506919,https://browser.sead.se/site/5985,inventory_only,False,0,0,0,[],0,0,0,0,0,1147,coarse_spatial_context_only,not_captured_by_repository_sources,1614
5990,Losgården i Gråda,Sweden,60.610493654,15.0297734116,https://browser.sead.se/site/5990,inventory_only,False,0,0,0,[],0,0,0,0,0,3988,coarse_spatial_context_only,not_captured_by_repository_sources,1615
6308,Lovö prästgård,Sweden,59.3224403323,17.8265550414,https://browser.sead.se/site/6308,inventory_only,False,0,0,0,[],0,0,0,0,0,27450,coarse_spatial_context_only,not_captured_by_repository_sources,1616
6385,Lund 73:1,Sweden,55.7034776,13.19281795,https://browser.sead.se/site/6385,inventory_only,False,0,0,0,[],0,0,0,0,0,6654,coarse_spatial_context_only,not_captured_by_repository_sources,1617
5991,Lund i Hov,Sweden,63.1534520385,14.3565655882,https://browser.sead.se/site/5991,inventory_only,False,0,0,0,[],0,0,0,0,0,3868,coarse_spatial_context_only,not_captured_by_repository_sources,1618
5992,Lundins i Norrskog,Sweden,60.7203076313,14.7626128212,https://browser.sead.se/site/5992,inventory_only,False,0,0,0,[],0,0,0,0,0,1731,coarse_spatial_context_only,not_captured_by_repository_sources,1619
5993,Lunnahöje,Sweden,56.0679715311,13.7324194237,https://browser.sead.se/site/5993,inventory_only,False,0,0,0,[],0,0,0,0,0,8912,coarse_spatial_context_only,not_captured_by_repository_sources,1620
5646,Lyckås,Sweden,57.879129,14.34737,https://browser.sead.se/site/5646,inventory_only,False,0,0,0,[],0,0,0,0,0,8067,coarse_spatial_context_only,not_captured_by_repository_sources,1621
5994,Lyngsjö kyrka,Sweden,55.9353353031,14.0714715859,https://browser.sead.se/site/5994,inventory_only,False,0,0,0,[],0,0,0,0,0,3205,coarse_spatial_context_only,not_captured_by_repository_sources,1622
5961,Lännavägen,Sweden,59.2055234589,18.0062122095,https://browser.sead.se/site/5961,inventory_only,False,0,0,0,[],0,0,0,0,0,10763,coarse_spatial_context_only,not_captured_by_repository_sources,1623
5962,Länsmansgården i Klösta,Sweden,63.3196175341,14.8032253444,https://browser.sead.se/site/5962,inventory_only,False,0,0,0,[],0,0,0,0,0,3868,coarse_spatial_context_only,not_captured_by_repository_sources,1624
6372,Lärbro 579:1,Sweden,57.78801902,18.79781922,https://browser.sead.se/site/6372,inventory_only,False,0,0,0,[],0,0,0,0,0,13558,coarse_spatial_context_only,not_captured_by_repository_sources,1625
5960,Långsved,Sweden,62.9059662408,14.3904538021,https://browser.sead.se/site/5960,inventory_only,False,0,0,0,[],0,0,0,0,0,1940,coarse_spatial_context_only,not_captured_by_repository_sources,1626
5986,Lökes i Skästra,Sweden,61.7435568634,16.1600301757,https://browser.sead.se/site/5986,inventory_only,False,0,0,0,[],0,0,0,0,0,3464,coarse_spatial_context_only,not_captured_by_repository_sources,1627
5987,Lönneberga kyrka,Sweden,57.5348593409,15.6942516982,https://browser.sead.se/site/5987,inventory_only,False,0,0,0,[],0,0,0,0,0,4004,coarse_spatial_context_only,not_captured_by_repository_sources,1628
5988,Lörans kapell,Sweden,62.2313241149,17.6518382221,https://browser.sead.se/site/5988,inventory_only,False,0,0,0,[],0,0,0,0,0,3577,coarse_spatial_context_only,not_captured_by_repository_sources,1629
5989,Lösens kyrka,Sweden,56.1969571537,15.6884482118,https://browser.sead.se/site/5989,inventory_only,False,0,0,0,[],0,0,0,0,0,5849,coarse_spatial_context_only,not_captured_by_repository_sources,1630
6309,Maglehem,Sweden,55.7733466846,14.1528496589,https://browser.sead.se/site/6309,inventory_only,False,0,0,0,[],0,0,0,0,0,3205,coarse_spatial_context_only,not_captured_by_repository_sources,1631
5995,Maglö borg,Sweden,56.0525506836,13.6256785241,https://browser.sead.se/site/5995,inventory_only,False,0,0,0,[],0,0,0,0,0,8912,coarse_spatial_context_only,not_captured_by_repository_sources,1632
5996,Malungs kyrka,Sweden,60.6682875489,13.7321077718,https://browser.sead.se/site/5996,inventory_only,False,0,0,0,[],0,0,0,0,0,5468,coarse_spatial_context_only,not_captured_by_repository_sources,1633
5997,Manberg i Sjör,Sweden,63.2520188855,14.8655391821,https://browser.sead.se/site/5997,inventory_only,False,0,0,0,[],0,0,0,0,0,3868,coarse_spatial_context_only,not_captured_by_repository_sources,1634
5998,Mankas i Torsgård,Sweden,63.1114586857,16.3858490583,https://browser.sead.se/site/5998,inventory_only,False,0,0,0,[],0,0,0,0,0,1855,coarse_spatial_context_only,not_captured_by_repository_sources,1635
6000,Marby gamla kyrka,Sweden,63.1301837214,14.2862821472,https://browser.sead.se/site/6000,inventory_only,False,0,0,0,[],0,0,0,0,0,3868,coarse_spatial_context_only,not_captured_by_repository_sources,1636
6377,Mariefred 21:1,Sweden,59.25951373,17.22364326,https://browser.sead.se/site/6377,inventory_only,False,0,0,0,[],0,0,0,0,0,27450,coarse_spatial_context_only,not_captured_by_repository_sources,1637
6001,Marka kyrka,Sweden,58.158892028,13.4802212002,https://browser.sead.se/site/6001,inventory_only,False,0,0,0,[],0,0,0,0,0,10501,coarse_spatial_context_only,not_captured_by_repository_sources,1638
6002,Marmaverken,Sweden,61.2769444615,16.865985183,https://browser.sead.se/site/6002,inventory_only,False,0,0,0,[],0,0,0,0,0,3464,coarse_spatial_context_only,not_captured_by_repository_sources,1639
6311,Marstrand,Sweden,57.8855666636,11.5831837968,https://browser.sead.se/site/6311,inventory_only,False,0,0,0,[],0,0,0,0,0,5005,coarse_spatial_context_only,not_captured_by_repository_sources,1640
6448,Martebomyr,Sweden,57.7380639,18.5464599,https://browser.sead.se/site/6448,inventory_only,False,0,0,0,[],0,0,0,0,0,13558,coarse_spatial_context_only,not_captured_by_repository_sources,1641
6004,Martin Bränd i Nedre Gärdsjö,Sweden,60.9356415519,15.2262010365,https://browser.sead.se/site/6004,inventory_only,False,0,0,0,[],0,0,0,0,0,3988,coarse_spatial_context_only,not_captured_by_repository_sources,1642
6005,Marums kyrka,Sweden,58.3568089222,13.3679481763,https://browser.sead.se/site/6005,inventory_only,False,0,0,0,[],0,0,0,0,0,10501,coarse_spatial_context_only,not_captured_by_repository_sources,1643
6006,Matspers i Fåsås,Sweden,60.9667757931,14.8013381755,https://browser.sead.se/site/6006,inventory_only,False,0,0,0,[],0,0,0,0,0,1731,coarse_spatial_context_only,not_captured_by_repository_sources,1644
6007,Mattmars kyrka,Sweden,63.3042568619,13.8956126604,https://browser.sead.se/site/6007,inventory_only,False,0,0,0,[],0,0,0,0,0,1147,coarse_spatial_context_only,not_captured_by_repository_sources,1645
6008,Mattson i Stora Snöån,Sweden,60.0780324506,15.2150371074,https://browser.sead.se/site/6008,inventory_only,False,0,0,0,[],0,0,0,0,0,3988,coarse_spatial_context_only,not_captured_by_repository_sources,1646
6009,Melins härbre,Sweden,60.9272605584,14.6265767575,https://browser.sead.se/site/6009,inventory_only,False,0,0,0,[],0,0,0,0,0,1731,coarse_spatial_context_only,not_captured_by_repository_sources,1647
6010,Mellanhärbret från kyrkvallen,Sweden,61.2244902498,14.0413831708,https://browser.sead.se/site/6010,inventory_only,False,0,0,0,[],0,0,0,0,0,1202,coarse_spatial_context_only,not_captured_by_repository_sources,1648
6012,Mjellrumsgården,Sweden,58.4002029009,15.5848636001,https://browser.sead.se/site/6012,inventory_only,False,0,0,0,[],0,0,0,0,0,9863,coarse_spatial_context_only,not_captured_by_repository_sources,1649
6011,Mjäldrunga kyrka,Sweden,58.0755519797,13.2458638875,https://browser.sead.se/site/6011,inventory_only,False,0,0,0,[],0,0,0,0,0,10501,coarse_spatial_context_only,not_captured_by_repository_sources,1650
6013,Modigs i Ingärdningsbodarna,Sweden,60.9828924442,14.8682802587,https://browser.sead.se/site/6013,inventory_only,False,0,0,0,[],0,0,0,0,0,1731,coarse_spatial_context_only,not_captured_by_repository_sources,1651
6312,Morbygden,Sweden,60.597016283,15.5311008963,https://browser.sead.se/site/6312,inventory_only,False,0,0,0,[],0,0,0,0,0,3988,coarse_spatial_context_only,not_captured_by_repository_sources,1652
6016,Morlinggården i Utby,Sweden,60.5386253012,14.3846136789,https://browser.sead.se/site/6016,inventory_only,False,0,0,0,[],0,0,0,0,0,1731,coarse_spatial_context_only,not_captured_by_repository_sources,1653
6412,Motala 173:1,Sweden,58.53362056,15.05000705,https://browser.sead.se/site/6412,inventory_only,False,0,0,0,[],0,0,0,0,0,9863,coarse_spatial_context_only,not_captured_by_repository_sources,1654
6018,Muréns i Ope,Sweden,63.1316948317,14.7654497157,https://browser.sead.se/site/6018,inventory_only,False,0,0,0,[],0,0,0,0,0,3868,coarse_spatial_context_only,not_captured_by_repository_sources,1655
6019,Myhrs i Selja,Sweden,61.0191560761,14.4676136315,https://browser.sead.se/site/6019,inventory_only,False,0,0,0,[],0,0,0,0,0,1202,coarse_spatial_context_only,not_captured_by_repository_sources,1656
6020,Myssjö kyrka,Sweden,62.9250956399,14.3684928791,https://browser.sead.se/site/6020,inventory_only,False,0,0,0,[],0,0,0,0,0,1940,coarse_spatial_context_only,not_captured_by_repository_sources,1657
6310,Målen,Sweden,56.1892589981,15.0128096293,https://browser.sead.se/site/6310,inventory_only,False,0,0,0,[],0,0,0,0,0,5849,coarse_spatial_context_only,not_captured_by_repository_sources,1658
6352,Målilla 381,Sweden,57.38807174,15.78600373,https://browser.sead.se/site/6352,inventory_only,False,0,0,0,[],0,0,0,0,0,4004,coarse_spatial_context_only,not_captured_by_repository_sources,1659
5999,Månstads kyrka,Sweden,57.6028672067,13.3468672252,https://browser.sead.se/site/5999,inventory_only,False,0,0,0,[],0,0,0,0,0,8587,coarse_spatial_context_only,not_captured_by_repository_sources,1660
6003,Mårtens i Bäck,Sweden,61.1387496623,14.4403084552,https://browser.sead.se/site/6003,inventory_only,False,0,0,0,[],0,0,0,0,0,1202,coarse_spatial_context_only,not_captured_by_repository_sources,1661
6014,Mölleberga kyrka,Sweden,55.6082279574,13.1773489748,https://browser.sead.se/site/6014,inventory_only,False,0,0,0,[],0,0,0,0,0,6654,coarse_spatial_context_only,not_captured_by_repository_sources,1662
6015,Mölltorps kyrka,Sweden,58.4942994585,14.4064363487,https://browser.sead.se/site/6015,inventory_only,False,0,0,0,[],0,0,0,0,0,3815,coarse_spatial_context_only,not_captured_by_repository_sources,1663
6357,Mönsterås 376:1,Sweden,57.061524,16.514938,https://browser.sead.se/site/6357,inventory_only,False,0,0,0,[],0,0,0,0,0,8480,coarse_spatial_context_only,not_captured_by_repository_sources,1664
6017,Mörtviksvägen,Sweden,59.2427026931,18.445770199,https://browser.sead.se/site/6017,inventory_only,False,0,0,0,[],0,0,0,0,0,10763,coarse_spatial_context_only,not_captured_by_repository_sources,1665
6025,Naverstads kyrka,Sweden,58.7634807815,11.5672556676,https://browser.sead.se/site/6025,inventory_only,False,0,0,0,[],0,0,0,0,0,16773,coarse_spatial_context_only,not_captured_by_repository_sources,1666
6026,Nicklasson i Järpen,Sweden,63.3869038473,13.4204807452,https://browser.sead.se/site/6026,inventory_only,False,0,0,0,[],0,0,0,0,0,1147,coarse_spatial_context_only,not_captured_by_repository_sources,1667
6027,Nils Erik Olssons i Noret,Sweden,60.5574476642,14.423501043,https://browser.sead.se/site/6027,inventory_only,False,0,0,0,[],0,0,0,0,0,1731,coarse_spatial_context_only,not_captured_by_repository_sources,1668
6343,Nora 416,Sweden,60.07900505,16.91405861,https://browser.sead.se/site/6343,inventory_only,False,0,0,0,[],0,0,0,0,0,4239,coarse_spatial_context_only,not_captured_by_repository_sources,1669
6313,Norbergsby,Sweden,60.0682671318,15.9260618326,https://browser.sead.se/site/6313,inventory_only,False,0,0,0,[],0,0,0,0,0,3988,coarse_spatial_context_only,not_captured_by_repository_sources,1670
6028,Nordanå gård,Sweden,56.2896984384,14.0320738126,https://browser.sead.se/site/6028,inventory_only,False,0,0,0,[],0,0,0,0,0,10817,coarse_spatial_context_only,not_captured_by_repository_sources,1671
6029,Norderö kyrka,Sweden,63.1491443327,14.3606497403,https://browser.sead.se/site/6029,inventory_only,False,0,0,0,[],0,0,0,0,0,3868,coarse_spatial_context_only,not_captured_by_repository_sources,1672
6030,Nordvästra härbret Zorns gammelgård,Sweden,60.998192934,14.5464294488,https://browser.sead.se/site/6030,inventory_only,False,0,0,0,[],0,0,0,0,0,1731,coarse_spatial_context_only,not_captured_by_repository_sources,1673
6032,Noring i Sanne,Sweden,62.9672812486,14.490798893,https://browser.sead.se/site/6032,inventory_only,False,0,0,0,[],0,0,0,0,0,1940,coarse_spatial_context_only,not_captured_by_repository_sources,1674
6033,Norra Fågelås kyrka,Sweden,58.2671866017,14.2661531689,https://browser.sead.se/site/6033,inventory_only,False,0,0,0,[],0,0,0,0,0,3815,coarse_spatial_context_only,not_captured_by_repository_sources,1675
6034,Norra Strö kyrka,Sweden,56.1081062135,14.0306063794,https://browser.sead.se/site/6034,inventory_only,False,0,0,0,[],0,0,0,0,0,10817,coarse_spatial_context_only,not_captured_by_repository_sources,1676
6035,Norrgården i Östansjö,Sweden,63.0121887477,16.3359803771,https://browser.sead.se/site/6035,inventory_only,False,0,0,0,[],0,0,0,0,0,1855,coarse_spatial_context_only,not_captured_by_repository_sources,1677
6036,Norup,Sweden,56.1239030415,14.1207744426,https://browser.sead.se/site/6036,inventory_only,False,0,0,0,[],0,0,0,0,0,10817,coarse_spatial_context_only,not_captured_by_repository_sources,1678
6031,Norén i Trusta,Sweden,63.2547475172,14.4081871524,https://browser.sead.se/site/6031,inventory_only,False,0,0,0,[],0,0,0,0,0,3868,coarse_spatial_context_only,not_captured_by_repository_sources,1679
6039,Nygårds i Nedre Gärdsjö,Sweden,60.9354398446,15.2339124462,https://browser.sead.se/site/6039,inventory_only,False,0,0,0,[],0,0,0,0,0,3988,coarse_spatial_context_only,not_captured_by_repository_sources,1680
6040,Nygårds i Ovanmyra,Sweden,61.0018321457,15.2232693952,https://browser.sead.se/site/6040,inventory_only,False,0,0,0,[],0,0,0,0,0,1607,coarse_spatial_context_only,not_captured_by_repository_sources,1681
6374,Nyköping 661,Sweden,58.74822085,17.01368293,https://browser.sead.se/site/6374,inventory_only,False,0,0,0,[],0,0,0,0,0,4303,coarse_spatial_context_only,not_captured_by_repository_sources,1682
6370,När 219,Sweden,57.23985049,18.67004835,https://browser.sead.se/site/6370,inventory_only,False,0,0,0,[],0,0,0,0,0,13558,coarse_spatial_context_only,not_captured_by_repository_sources,1683
6021,Näs gård i Persbo,Sweden,60.2077595841,15.2222361983,https://browser.sead.se/site/6021,inventory_only,False,0,0,0,[],0,0,0,0,0,3988,coarse_spatial_context_only,not_captured_by_repository_sources,1684
6022,Näs Herrgård,Sweden,57.8616543524,13.7795412167,https://browser.sead.se/site/6022,inventory_only,False,0,0,0,[],0,0,0,0,0,8587,coarse_spatial_context_only,not_captured_by_repository_sources,1685
6023,Näsjonases i Andtjärabo,Sweden,61.4293146624,15.6599728984,https://browser.sead.se/site/6023,inventory_only,False,0,0,0,[],0,0,0,0,0,1607,coarse_spatial_context_only,not_captured_by_repository_sources,1686
6024,Näsjons i Åberga,Sweden,61.1600898134,14.7589259398,https://browser.sead.se/site/6024,inventory_only,False,0,0,0,[],0,0,0,0,0,1202,coarse_spatial_context_only,not_captured_by_repository_sources,1687
6037,Nösslinge kyrka,Sweden,57.2096745098,12.5548795231,https://browser.sead.se/site/6037,inventory_only,False,0,0,0,[],0,0,0,0,0,8569,coarse_spatial_context_only,not_captured_by_repository_sources,1688
6038,Nöttja kyrka,Sweden,56.7148941188,13.7650829385,https://browser.sead.se/site/6038,inventory_only,False,0,0,0,[],0,0,0,0,0,8912,coarse_spatial_context_only,not_captured_by_repository_sources,1689
6041,Odelbergs Ön,Sweden,62.4044894151,15.0021284183,https://browser.sead.se/site/6041,inventory_only,False,0,0,0,[],0,0,0,0,0,1173,coarse_spatial_context_only,not_captured_by_repository_sources,1690
6042,Ods kyrka,Sweden,57.9432448817,13.1875016082,https://browser.sead.se/site/6042,inventory_only,False,0,0,0,[],0,0,0,0,0,8587,coarse_spatial_context_only,not_captured_by_repository_sources,1691
6043,Offerdals kyrka,Sweden,63.4635503086,14.0071061459,https://browser.sead.se/site/6043,inventory_only,False,0,0,0,[],0,0,0,0,0,3868,coarse_spatial_context_only,not_captured_by_repository_sources,1692
6045,Olaloftet från norra Mon,Sweden,60.7058235711,13.6802064566,https://browser.sead.se/site/6045,inventory_only,False,0,0,0,[],0,0,0,0,0,5468,coarse_spatial_context_only,not_captured_by_repository_sources,1693
6046,Olars i Holen Västra Öje,Sweden,60.811130614,13.8434094346,https://browser.sead.se/site/6046,inventory_only,False,0,0,0,[],0,0,0,0,0,5468,coarse_spatial_context_only,not_captured_by_repository_sources,1694
6047,Olars i Knåda,Sweden,61.3875002227,15.8963857086,https://browser.sead.se/site/6047,inventory_only,False,0,0,0,[],0,0,0,0,0,1607,coarse_spatial_context_only,not_captured_by_repository_sources,1695
6048,Olers-gården i Stenshyttan,Sweden,60.4904042089,16.2826366479,https://browser.sead.se/site/6048,inventory_only,False,0,0,0,[],0,0,0,0,0,4239,coarse_spatial_context_only,not_captured_by_repository_sources,1696
6049,Oljonsgården i Hara,Sweden,63.0391067553,14.4650124221,https://browser.sead.se/site/6049,inventory_only,False,0,0,0,[],0,0,0,0,0,3868,coarse_spatial_context_only,not_captured_by_repository_sources,1697
6050,Ollars i Orsbleck,Sweden,61.1365262655,14.7059796769,https://browser.sead.se/site/6050,inventory_only,False,0,0,0,[],0,0,0,0,0,1202,coarse_spatial_context_only,not_captured_by_repository_sources,1698
6051,Ollas i Ovanmyra,Sweden,61.0029569022,15.2271418937,https://browser.sead.se/site/6051,inventory_only,False,0,0,0,[],0,0,0,0,0,1607,coarse_spatial_context_only,not_captured_by_repository_sources,1699
6053,Olmats i Noret,Sweden,61.0024041724,14.5915609211,https://browser.sead.se/site/6053,inventory_only,False,0,0,0,[],0,0,0,0,0,1202,coarse_spatial_context_only,not_captured_by_repository_sources,1700
6052,Olmårs i Vik,Sweden,61.6834852831,16.1903756464,https://browser.sead.se/site/6052,inventory_only,False,0,0,0,[],0,0,0,0,0,3464,coarse_spatial_context_only,not_captured_by_repository_sources,1701
6054,Olofsson i Gärde,Sweden,63.5660374597,13.7786067428,https://browser.sead.se/site/6054,inventory_only,False,0,0,0,[],0,0,0,0,0,1147,coarse_spatial_context_only,not_captured_by_repository_sources,1702
6055,Olols vallstuga,Sweden,61.5024308665,15.6938355111,https://browser.sead.se/site/6055,inventory_only,False,0,0,0,[],0,0,0,0,0,1607,coarse_spatial_context_only,not_captured_by_repository_sources,1703
6056,Olovsson i Hölje,Sweden,63.2872297514,14.7987605505,https://browser.sead.se/site/6056,inventory_only,False,0,0,0,[],0,0,0,0,0,3868,coarse_spatial_context_only,not_captured_by_repository_sources,1704
6057,Olperås i Färnäs,Sweden,60.9969222743,14.6269240709,https://browser.sead.se/site/6057,inventory_only,False,0,0,0,[],0,0,0,0,0,1731,coarse_spatial_context_only,not_captured_by_repository_sources,1705
6058,Olsson i Medvigge,Sweden,62.8454305414,14.3855609192,https://browser.sead.se/site/6058,inventory_only,False,0,0,0,[],0,0,0,0,0,1940,coarse_spatial_context_only,not_captured_by_repository_sources,1706
6059,Olsson i Sjör,Sweden,63.2520188855,14.8655391821,https://browser.sead.se/site/6059,inventory_only,False,0,0,0,[],0,0,0,0,0,3868,coarse_spatial_context_only,not_captured_by_repository_sources,1707
6060,Olssons i Harabygden,Sweden,63.0337979941,14.46864778,https://browser.sead.se/site/6060,inventory_only,False,0,0,0,[],0,0,0,0,0,3868,coarse_spatial_context_only,not_captured_by_repository_sources,1708
6061,Olssons i Ringsta,Sweden,63.4022872972,14.7476086853,https://browser.sead.se/site/6061,inventory_only,False,0,0,0,[],0,0,0,0,0,3868,coarse_spatial_context_only,not_captured_by_repository_sources,1709
6062,Olvarberget,Sweden,60.4171607271,14.4108053066,https://browser.sead.se/site/6062,inventory_only,False,0,0,0,[],0,0,0,0,0,1731,coarse_spatial_context_only,not_captured_by_repository_sources,1710
5665,Onsjöstugan,Sweden,55.984271,13.450913,https://browser.sead.se/site/5665,inventory_only,False,0,0,0,[],0,0,0,0,0,6654,coarse_spatial_context_only,not_captured_by_repository_sources,1711
6063,Ornässtugan,Sweden,60.507051121,15.5528435049,https://browser.sead.se/site/6063,inventory_only,False,0,0,0,[],0,0,0,0,0,3988,coarse_spatial_context_only,not_captured_by_repository_sources,1712
6064,Orsa kyrka,Sweden,61.1199838979,14.6145244063,https://browser.sead.se/site/6064,inventory_only,False,0,0,0,[],0,0,0,0,0,1202,coarse_spatial_context_only,not_captured_by_repository_sources,1713
6074,Oxsjön,Sweden,62.355062286,16.108280208,https://browser.sead.se/site/6074,inventory_only,False,0,0,0,[],0,0,0,0,0,1674,coarse_spatial_context_only,not_captured_by_repository_sources,1714
6076,Parhäbre i Mon,Sweden,60.7865639356,14.8929994914,https://browser.sead.se/site/6076,inventory_only,False,0,0,0,[],0,0,0,0,0,1731,coarse_spatial_context_only,not_captured_by_repository_sources,1715
6077,Pedersens i Berget,Sweden,60.9089504986,15.2828331477,https://browser.sead.se/site/6077,inventory_only,False,0,0,0,[],0,0,0,0,0,3988,coarse_spatial_context_only,not_captured_by_repository_sources,1716
6078,Pellas i Färnäs,Sweden,60.9969222743,14.6269240709,https://browser.sead.se/site/6078,inventory_only,False,0,0,0,[],0,0,0,0,0,1731,coarse_spatial_context_only,not_captured_by_repository_sources,1717
6079,Pellas i Östra Björken,Sweden,60.785182997,14.8563470361,https://browser.sead.se/site/6079,inventory_only,False,0,0,0,[],0,0,0,0,0,1731,coarse_spatial_context_only,not_captured_by_repository_sources,1718
6080,Pellebergs i Älgberget,Sweden,60.6055053123,14.6236696171,https://browser.sead.se/site/6080,inventory_only,False,0,0,0,[],0,0,0,0,0,1731,coarse_spatial_context_only,not_captured_by_repository_sources,1719
6081,Pellgården i Västanå,Sweden,60.9828327591,15.2017741387,https://browser.sead.se/site/6081,inventory_only,False,0,0,0,[],0,0,0,0,0,3988,coarse_spatial_context_only,not_captured_by_repository_sources,1720
6082,Peres i Blecket,Sweden,60.9218309157,15.2756803855,https://browser.sead.se/site/6082,inventory_only,False,0,0,0,[],0,0,0,0,0,3988,coarse_spatial_context_only,not_captured_by_repository_sources,1721
6083,Peres i Vikarbyn,Sweden,60.9098832596,15.0216633825,https://browser.sead.se/site/6083,inventory_only,False,0,0,0,[],0,0,0,0,0,3988,coarse_spatial_context_only,not_captured_by_repository_sources,1722
6084,PerJons i Vik,Sweden,61.6834852831,16.1903756464,https://browser.sead.se/site/6084,inventory_only,False,0,0,0,[],0,0,0,0,0,3464,coarse_spatial_context_only,not_captured_by_repository_sources,1723
6085,Perols i Nedre Gärdsjö,Sweden,60.9356415519,15.2262010365,https://browser.sead.se/site/6085,inventory_only,False,0,0,0,[],0,0,0,0,0,3988,coarse_spatial_context_only,not_captured_by_repository_sources,1724
6086,Perols i Övre Gärdsjö,Sweden,60.9325167309,15.246916772,https://browser.sead.se/site/6086,inventory_only,False,0,0,0,[],0,0,0,0,0,3988,coarse_spatial_context_only,not_captured_by_repository_sources,1725
6087,Persgården,Sweden,58.4512764487,12.7764999143,https://browser.sead.se/site/6087,inventory_only,False,0,0,0,[],0,0,0,0,0,7321,coarse_spatial_context_only,not_captured_by_repository_sources,1726
6088,Persson i Böle,Sweden,63.4794568768,14.2806796474,https://browser.sead.se/site/6088,inventory_only,False,0,0,0,[],0,0,0,0,0,3868,coarse_spatial_context_only,not_captured_by_repository_sources,1727
6089,Persson i Lungre,Sweden,63.2249443028,14.8593381395,https://browser.sead.se/site/6089,inventory_only,False,0,0,0,[],0,0,0,0,0,3868,coarse_spatial_context_only,not_captured_by_repository_sources,1728
6090,Perssons i Borr,Sweden,61.8285788633,16.0469015781,https://browser.sead.se/site/6090,inventory_only,False,0,0,0,[],0,0,0,0,0,3464,coarse_spatial_context_only,not_captured_by_repository_sources,1729
6091,Perstorp kyrka,Sweden,56.1418255928,13.3864777911,https://browser.sead.se/site/6091,inventory_only,False,0,0,0,[],0,0,0,0,0,8912,coarse_spatial_context_only,not_captured_by_repository_sources,1730
6092,Petersenska huset,Sweden,59.3241842091,18.0675605634,https://browser.sead.se/site/6092,inventory_only,False,0,0,0,[],0,0,0,0,0,10763,coarse_spatial_context_only,not_captured_by_repository_sources,1731
6093,Petter Pers i Flatenberg,Sweden,60.1301256497,15.4219896123,https://browser.sead.se/site/6093,inventory_only,False,0,0,0,[],0,0,0,0,0,3988,coarse_spatial_context_only,not_captured_by_repository_sources,1732
6094,Petterssons i Norrböle,Sweden,62.9078925877,14.8485398444,https://browser.sead.se/site/6094,inventory_only,False,0,0,0,[],0,0,0,0,0,1940,coarse_spatial_context_only,not_captured_by_repository_sources,1733
6095,Piper Pers i Vålberg,Sweden,60.7066485012,15.2676252326,https://browser.sead.se/site/6095,inventory_only,False,0,0,0,[],0,0,0,0,0,3988,coarse_spatial_context_only,not_captured_by_repository_sources,1734
6096,Plintsberg,Sweden,60.8142838071,15.0257714354,https://browser.sead.se/site/6096,inventory_only,False,0,0,0,[],0,0,0,0,0,3988,coarse_spatial_context_only,not_captured_by_repository_sources,1735
6098,Prans i Västbjörka,Sweden,60.9223810498,14.9808918696,https://browser.sead.se/site/6098,inventory_only,False,0,0,0,[],0,0,0,0,0,1731,coarse_spatial_context_only,not_captured_by_repository_sources,1736
6100,Prostgården,Sweden,60.7233368367,14.9948859512,https://browser.sead.se/site/6100,inventory_only,False,0,0,0,[],0,0,0,0,0,1731,coarse_spatial_context_only,not_captured_by_repository_sources,1737
6099,Prästgårdsloftet Älvdalen,Sweden,61.2252415651,14.0435205281,https://browser.sead.se/site/6099,inventory_only,False,0,0,0,[],0,0,0,0,0,1202,coarse_spatial_context_only,not_captured_by_repository_sources,1738
6075,Päbul i Östnor,Sweden,61.0279546291,14.4932817945,https://browser.sead.se/site/6075,inventory_only,False,0,0,0,[],0,0,0,0,0,1202,coarse_spatial_context_only,not_captured_by_repository_sources,1739
6097,Pörte i Burängsberget,Sweden,60.2593978727,14.2055049744,https://browser.sead.se/site/6097,inventory_only,False,0,0,0,[],0,0,0,0,0,1731,coarse_spatial_context_only,not_captured_by_repository_sources,1740
6101,Ragunda gamla kyrka,Sweden,63.1080374182,16.3684039209,https://browser.sead.se/site/6101,inventory_only,False,0,0,0,[],0,0,0,0,0,1855,coarse_spatial_context_only,not_captured_by_repository_sources,1741
6102,Rankhyttan,Sweden,60.4747538819,15.7220444669,https://browser.sead.se/site/6102,inventory_only,False,0,0,0,[],0,0,0,0,0,3988,coarse_spatial_context_only,not_captured_by_repository_sources,1742
6103,Ransbergs kyrka,Sweden,58.4584611861,14.2515818141,https://browser.sead.se/site/6103,inventory_only,False,0,0,0,[],0,0,0,0,0,3815,coarse_spatial_context_only,not_captured_by_repository_sources,1743
6104,Rapptorpen,Sweden,63.3402382491,14.8612323781,https://browser.sead.se/site/6104,inventory_only,False,0,0,0,[],0,0,0,0,0,3868,coarse_spatial_context_only,not_captured_by_repository_sources,1744
6107,Renbergs i Öje,Sweden,61.7178930464,16.1648361726,https://browser.sead.se/site/6107,inventory_only,False,0,0,0,[],0,0,0,0,0,3464,coarse_spatial_context_only,not_captured_by_repository_sources,1745
6108,Resare-Olssons i Västberg,Sweden,60.8039983887,15.0460502882,https://browser.sead.se/site/6108,inventory_only,False,0,0,0,[],0,0,0,0,0,3988,coarse_spatial_context_only,not_captured_by_repository_sources,1746
6316,Reutersberg,Sweden,59.4087370987,15.9822155008,https://browser.sead.se/site/6316,inventory_only,False,0,0,0,[],0,0,0,0,0,3873,coarse_spatial_context_only,not_captured_by_repository_sources,1747
6109,Ribetua gård,Sweden,55.7588038635,13.5557559587,https://browser.sead.se/site/6109,inventory_only,False,0,0,0,[],0,0,0,0,0,6654,coarse_spatial_context_only,not_captured_by_repository_sources,1748
6317,Ringestena,Sweden,57.5333960116,13.0251907475,https://browser.sead.se/site/6317,inventory_only,False,0,0,0,[],0,0,0,0,0,8587,coarse_spatial_context_only,not_captured_by_repository_sources,1749
6110,Ringsta,Sweden,63.4022872972,14.7476086853,https://browser.sead.se/site/6110,inventory_only,False,0,0,0,[],0,0,0,0,0,3868,coarse_spatial_context_only,not_captured_by_repository_sources,1750
6318,Ringsö,Sweden,58.7261656568,17.4528987314,https://browser.sead.se/site/6318,inventory_only,False,0,0,0,[],0,0,0,0,0,4303,coarse_spatial_context_only,not_captured_by_repository_sources,1751
6111,Ripsa kyrka,Sweden,58.9821152462,16.9318337286,https://browser.sead.se/site/6111,inventory_only,False,0,0,0,[],0,0,0,0,0,12413,coarse_spatial_context_only,not_captured_by_repository_sources,1752
6112,Risaloftet,Sweden,60.7821382465,15.1062879408,https://browser.sead.se/site/6112,inventory_only,False,0,0,0,[],0,0,0,0,0,3988,coarse_spatial_context_only,not_captured_by_repository_sources,1753
6113,Rombins i Östnor,Sweden,61.0279546291,14.4932817945,https://browser.sead.se/site/6113,inventory_only,False,0,0,0,[],0,0,0,0,0,1202,coarse_spatial_context_only,not_captured_by_repository_sources,1754
6114,Romson-gården i Noret,Sweden,61.0040547891,14.597087243,https://browser.sead.se/site/6114,inventory_only,False,0,0,0,[],0,0,0,0,0,1202,coarse_spatial_context_only,not_captured_by_repository_sources,1755
6115,Rosenvingeska huset,Sweden,55.606859889,12.9980096213,https://browser.sead.se/site/6115,inventory_only,False,0,0,0,[],0,0,0,0,0,1226,coarse_spatial_context_only,not_captured_by_repository_sources,1756
5656,Roslättsgård,Sweden,55.532951,13.215774,https://browser.sead.se/site/5656,inventory_only,False,0,0,0,[],0,0,0,0,0,6654,coarse_spatial_context_only,not_captured_by_repository_sources,1757
6116,Roth i Sterte,Sweden,60.3184519442,16.6924447579,https://browser.sead.se/site/6116,inventory_only,False,0,0,0,[],0,0,0,0,0,4239,coarse_spatial_context_only,not_captured_by_repository_sources,1758
5676,RTM Buxabygd,Sweden,56.821306,14.109528,https://browser.sead.se/site/5676,inventory_only,False,0,0,0,[],0,0,0,0,0,10817,coarse_spatial_context_only,not_captured_by_repository_sources,1759
6354,Rumskulla 234:1,Sweden,57.69207636,15.49379536,https://browser.sead.se/site/6354,inventory_only,False,0,0,0,[],0,0,0,0,0,4004,coarse_spatial_context_only,not_captured_by_repository_sources,1760
6117,Runtuna kyrka,Sweden,58.8911413748,17.0440810676,https://browser.sead.se/site/6117,inventory_only,False,0,0,0,[],0,0,0,0,0,4303,coarse_spatial_context_only,not_captured_by_repository_sources,1761
6118,Rutå Lars Rutån,Sweden,60.4922867925,14.3078871327,https://browser.sead.se/site/6118,inventory_only,False,0,0,0,[],0,0,0,0,0,1731,coarse_spatial_context_only,not_captured_by_repository_sources,1762
6119,Ryds herrgård,Sweden,58.4099100989,15.5632551194,https://browser.sead.se/site/6119,inventory_only,False,0,0,0,[],0,0,0,0,0,9863,coarse_spatial_context_only,not_captured_by_repository_sources,1763
6120,Ryttartorpet,Sweden,58.4169981693,15.5159524142,https://browser.sead.se/site/6120,inventory_only,False,0,0,0,[],0,0,0,0,0,9863,coarse_spatial_context_only,not_captured_by_repository_sources,1764
6121,Ryttartorpet bod,Sweden,57.8826004646,15.338333737,https://browser.sead.se/site/6121,inventory_only,False,0,0,0,[],0,0,0,0,0,4004,coarse_spatial_context_only,not_captured_by_repository_sources,1765
6122,Ryttartorpet fähus,Sweden,57.8826004646,15.338333737,https://browser.sead.se/site/6122,inventory_only,False,0,0,0,[],0,0,0,0,0,4004,coarse_spatial_context_only,not_captured_by_repository_sources,1766
6123,Ryttartorpet tröskloge,Sweden,57.8826004646,15.338333737,https://browser.sead.se/site/6123,inventory_only,False,0,0,0,[],0,0,0,0,0,4004,coarse_spatial_context_only,not_captured_by_repository_sources,1767
6105,Rättviks kyrka,Sweden,60.8908528363,15.096551947,https://browser.sead.se/site/6105,inventory_only,False,0,0,0,[],0,0,0,0,0,3988,coarse_spatial_context_only,not_captured_by_repository_sources,1768
6106,Rävinge kyrka,Sweden,56.7996205576,12.7251922287,https://browser.sead.se/site/6106,inventory_only,False,0,0,0,[],0,0,0,0,0,6333,coarse_spatial_context_only,not_captured_by_repository_sources,1769
6137,S'Ers-gården i Österby,Sweden,60.6666207414,16.5313359321,https://browser.sead.se/site/6137,inventory_only,False,0,0,0,[],0,0,0,0,0,4239,coarse_spatial_context_only,not_captured_by_repository_sources,1770
6124,Sahréns i Färnäs,Sweden,60.9969222743,14.6269240709,https://browser.sead.se/site/6124,inventory_only,False,0,0,0,[],0,0,0,0,0,1731,coarse_spatial_context_only,not_captured_by_repository_sources,1771
6125,Sala sockenkyrka,Sweden,59.9321291945,16.6174792956,https://browser.sead.se/site/6125,inventory_only,False,0,0,0,[],0,0,0,0,0,15126,coarse_spatial_context_only,not_captured_by_repository_sources,1772
6127,Saltosas i Klappsta,Sweden,60.322052271,16.8005236927,https://browser.sead.se/site/6127,inventory_only,False,0,0,0,[],0,0,0,0,0,4239,coarse_spatial_context_only,not_captured_by_repository_sources,1773
6128,Samlängan Hjältanstorp,Sweden,62.3464763001,16.3698295127,https://browser.sead.se/site/6128,inventory_only,False,0,0,0,[],0,0,0,0,0,1674,coarse_spatial_context_only,not_captured_by_repository_sources,1774
6129,Sandvikshärbret,Sweden,61.9868789712,16.0481853171,https://browser.sead.se/site/6129,inventory_only,False,0,0,0,[],0,0,0,0,0,3464,coarse_spatial_context_only,not_captured_by_repository_sources,1775
6408,Sankt Johannes 96:1,Sweden,58.59103461,16.18404607,https://browser.sead.se/site/6408,inventory_only,False,0,0,0,[],0,0,0,0,0,12413,coarse_spatial_context_only,not_captured_by_repository_sources,1776
6130,Sankt Petri Kyrka,Sweden,55.6069285875,13.0033248081,https://browser.sead.se/site/6130,inventory_only,False,0,0,0,[],0,0,0,0,0,6654,coarse_spatial_context_only,not_captured_by_repository_sources,1777
6131,Sankta Karins kapell,Sweden,59.3950868935,15.8364939219,https://browser.sead.se/site/6131,inventory_only,False,0,0,0,[],0,0,0,0,0,3873,coarse_spatial_context_only,not_captured_by_repository_sources,1778
6132,Sannagård i Sillerbo,Sweden,61.8796593423,15.9763542847,https://browser.sead.se/site/6132,inventory_only,False,0,0,0,[],0,0,0,0,0,1607,coarse_spatial_context_only,not_captured_by_repository_sources,1779
6133,Sarasgården Isala,Sweden,60.7720573452,15.9424896931,https://browser.sead.se/site/6133,inventory_only,False,0,0,0,[],0,0,0,0,0,3988,coarse_spatial_context_only,not_captured_by_repository_sources,1780
6136,Selens fäbod,Sweden,60.8039225699,14.3704143123,https://browser.sead.se/site/6136,inventory_only,False,0,0,0,[],0,0,0,0,0,1731,coarse_spatial_context_only,not_captured_by_repository_sources,1781
6138,Sibbolängena i Nedre Gärdsjö,Sweden,60.9354398446,15.2339124462,https://browser.sead.se/site/6138,inventory_only,False,0,0,0,[],0,0,0,0,0,3988,coarse_spatial_context_only,not_captured_by_repository_sources,1782
6421,Sigtuna 195:1,Sweden,59.61577079,17.71960505,https://browser.sead.se/site/6421,inventory_only,False,0,0,0,[],0,0,0,0,0,27450,coarse_spatial_context_only,not_captured_by_repository_sources,1783
6321,Silje,Sweden,63.2413568393,14.4302797057,https://browser.sead.se/site/6321,inventory_only,False,0,0,0,[],0,0,0,0,0,3868,coarse_spatial_context_only,not_captured_by_repository_sources,1784
6386,Silvåkra 10:1,Sweden,55.70755362,13.51516416,https://browser.sead.se/site/6386,inventory_only,False,0,0,0,[],0,0,0,0,0,6654,coarse_spatial_context_only,not_captured_by_repository_sources,1785
6139,Sjöbloms i Gärde,Sweden,62.9586201817,14.4908903469,https://browser.sead.se/site/6139,inventory_only,False,0,0,0,[],0,0,0,0,0,1940,coarse_spatial_context_only,not_captured_by_repository_sources,1786
6140,Sjösås gamla kyrka,Sweden,57.0688010434,15.0566662643,https://browser.sead.se/site/6140,inventory_only,False,0,0,0,[],0,0,0,0,0,4004,coarse_spatial_context_only,not_captured_by_repository_sources,1787
6141,Skagerholms gård,Sweden,58.9549947768,14.3875718797,https://browser.sead.se/site/6141,inventory_only,False,0,0,0,[],0,0,0,0,0,3815,coarse_spatial_context_only,not_captured_by_repository_sources,1788
6144,Skalunda kyrka,Sweden,58.5510580198,13.0075281953,https://browser.sead.se/site/6144,inventory_only,False,0,0,0,[],0,0,0,0,0,10501,coarse_spatial_context_only,not_captured_by_repository_sources,1789
6146,Skanör Stubbamölla,Sweden,55.414108939,12.8425094595,https://browser.sead.se/site/6146,inventory_only,False,0,0,0,[],0,0,0,0,0,1226,coarse_spatial_context_only,not_captured_by_repository_sources,1790
6147,Skog-gard i Nusnäs,Sweden,60.9589628963,14.6468312521,https://browser.sead.se/site/6147,inventory_only,False,0,0,0,[],0,0,0,0,0,1731,coarse_spatial_context_only,not_captured_by_repository_sources,1791
6148,Skom Lars i Tällberg,Sweden,60.8188112081,14.995992178,https://browser.sead.se/site/6148,inventory_only,False,0,0,0,[],0,0,0,0,0,1731,coarse_spatial_context_only,not_captured_by_repository_sources,1792
6149,Skommars i Heden,Sweden,60.8797361939,13.3853603646,https://browser.sead.se/site/6149,inventory_only,False,0,0,0,[],0,0,0,0,0,5468,coarse_spatial_context_only,not_captured_by_repository_sources,1793
6151,Skottsbergska gården,Sweden,56.1743993607,14.8589068537,https://browser.sead.se/site/6151,inventory_only,False,0,0,0,[],0,0,0,0,0,10817,coarse_spatial_context_only,not_captured_by_repository_sources,1794
6153,Skraders i Ribbåsen,Sweden,61.3283628833,14.0560168816,https://browser.sead.se/site/6153,inventory_only,False,0,0,0,[],0,0,0,0,0,1202,coarse_spatial_context_only,not_captured_by_repository_sources,1795
6152,Skräddars,Sweden,61.9102280194,17.1847622226,https://browser.sead.se/site/6152,inventory_only,False,0,0,0,[],0,0,0,0,0,2270,coarse_spatial_context_only,not_captured_by_repository_sources,1796
6142,Skäggalösa Norregård,Sweden,56.7490874266,14.6215249186,https://browser.sead.se/site/6142,inventory_only,False,0,0,0,[],0,0,0,0,0,10817,coarse_spatial_context_only,not_captured_by_repository_sources,1797
6455,Skällvik 222:1,Sweden,58.44152578,16.59831671,https://browser.sead.se/site/6455,inventory_only,False,0,0,0,[],0,0,0,0,0,12413,coarse_spatial_context_only,not_captured_by_repository_sources,1798
6145,Skälvums kyrka,Sweden,58.510983146,13.4056337593,https://browser.sead.se/site/6145,inventory_only,False,0,0,0,[],0,0,0,0,0,10501,coarse_spatial_context_only,not_captured_by_repository_sources,1799
6404,Skänninge 52,Sweden,58.4001775,15.09879201,https://browser.sead.se/site/6404,inventory_only,False,0,0,0,[],0,0,0,0,0,9863,coarse_spatial_context_only,not_captured_by_repository_sources,1800
6411,Skänninge 5:1,Sweden,58.39530401,15.08668195,https://browser.sead.se/site/6411,inventory_only,False,0,0,0,[],0,0,0,0,0,9863,coarse_spatial_context_only,not_captured_by_repository_sources,1801
6143,Skålö,Sweden,60.5649806178,14.2960096104,https://browser.sead.se/site/6143,inventory_only,False,0,0,0,[],0,0,0,0,0,1731,coarse_spatial_context_only,not_captured_by_repository_sources,1802
6150,Skörstorps kyrka,Sweden,58.1257840498,13.7320640997,https://browser.sead.se/site/6150,inventory_only,False,0,0,0,[],0,0,0,0,0,10501,coarse_spatial_context_only,not_captured_by_repository_sources,1803
5660,Slättåkra,Sweden,57.392766,15.272517,https://browser.sead.se/site/5660,inventory_only,False,0,0,0,[],0,0,0,0,0,4004,coarse_spatial_context_only,not_captured_by_repository_sources,1804
6155,Smedja Nusnäs Zorns gammelgård,Sweden,60.9589628963,14.6468312521,https://browser.sead.se/site/6155,inventory_only,False,0,0,0,[],0,0,0,0,0,1731,coarse_spatial_context_only,not_captured_by_repository_sources,1805
6156,Smedjan i Läde,Sweden,61.0458044244,14.3490882391,https://browser.sead.se/site/6156,inventory_only,False,0,0,0,[],0,0,0,0,0,1202,coarse_spatial_context_only,not_captured_by_repository_sources,1806
6157,Smedjegatan 22,Sweden,57.7818698925,14.1726718261,https://browser.sead.se/site/6157,inventory_only,False,0,0,0,[],0,0,0,0,0,8067,coarse_spatial_context_only,not_captured_by_repository_sources,1807
6158,Smens i Yg,Sweden,61.7876967051,15.9065006623,https://browser.sead.se/site/6158,inventory_only,False,0,0,0,[],0,0,0,0,0,1607,coarse_spatial_context_only,not_captured_by_repository_sources,1808
6159,Smensgård i Torrbergsbo,Sweden,61.4288597745,15.9366899529,https://browser.sead.se/site/6159,inventory_only,False,0,0,0,[],0,0,0,0,0,1607,coarse_spatial_context_only,not_captured_by_repository_sources,1809
6154,Smälingsgården,Sweden,58.0286263674,13.1666036202,https://browser.sead.se/site/6154,inventory_only,False,0,0,0,[],0,0,0,0,0,10501,coarse_spatial_context_only,not_captured_by_repository_sources,1810
26,Snöstorp Raä 106,Sweden,56.6391666663,12.9308333337,https://browser.sead.se/site/26,inventory_only,False,0,0,0,[],0,0,0,0,0,6333,coarse_spatial_context_only,not_captured_by_repository_sources,1811
6164,Solna kyrka,Sweden,59.3530151653,18.0240036196,https://browser.sead.se/site/6164,inventory_only,False,0,0,0,[],0,0,0,0,0,10763,coarse_spatial_context_only,not_captured_by_repository_sources,1812
6165,Solna kyrka ladan,Sweden,59.3530159805,18.0247428025,https://browser.sead.se/site/6165,inventory_only,False,0,0,0,[],0,0,0,0,0,10763,coarse_spatial_context_only,not_captured_by_repository_sources,1813
6166,Solumnshamn,Sweden,62.5607537531,17.9493161352,https://browser.sead.se/site/6166,inventory_only,False,0,0,0,[],0,0,0,0,0,3577,coarse_spatial_context_only,not_captured_by_repository_sources,1814
6167,Solviks i kyrkbyn Boda,Sweden,61.0103147209,15.2131381023,https://browser.sead.se/site/6167,inventory_only,False,0,0,0,[],0,0,0,0,0,1607,coarse_spatial_context_only,not_captured_by_repository_sources,1815
6169,Sommarlagård Hjältanstorp,Sweden,62.3464763001,16.3698295127,https://browser.sead.se/site/6169,inventory_only,False,0,0,0,[],0,0,0,0,0,1674,coarse_spatial_context_only,not_captured_by_repository_sources,1816
6170,Sonaboda,Sweden,56.3075413052,13.9015710934,https://browser.sead.se/site/6170,inventory_only,False,0,0,0,[],0,0,0,0,0,8912,coarse_spatial_context_only,not_captured_by_repository_sources,1817
6173,Sosserladan Fåsås,Sweden,60.9667757931,14.8013381755,https://browser.sead.se/site/6173,inventory_only,False,0,0,0,[],0,0,0,0,0,1731,coarse_spatial_context_only,not_captured_by_repository_sources,1818
6174,Sotarskärsviken i Ältebo,Sweden,60.5344867068,16.5415482426,https://browser.sead.se/site/6174,inventory_only,False,0,0,0,[],0,0,0,0,0,4239,coarse_spatial_context_only,not_captured_by_repository_sources,1819
6176,Sparreska palatset,Sweden,59.3245021547,18.0635978,https://browser.sead.se/site/6176,inventory_only,False,0,0,0,[],0,0,0,0,0,10763,coarse_spatial_context_only,not_captured_by_repository_sources,1820
6177,Sparrgården i Indor,Sweden,61.136686024,14.4130664216,https://browser.sead.se/site/6177,inventory_only,False,0,0,0,[],0,0,0,0,0,1202,coarse_spatial_context_only,not_captured_by_repository_sources,1821
6178,Sparvgården i Backa,Sweden,60.9273501286,15.1171939206,https://browser.sead.se/site/6178,inventory_only,False,0,0,0,[],0,0,0,0,0,3988,coarse_spatial_context_only,not_captured_by_repository_sources,1822
5651,Spinkarp,Sweden,58.067832,14.756769,https://browser.sead.se/site/5651,inventory_only,False,0,0,0,[],0,0,0,0,0,3815,coarse_spatial_context_only,not_captured_by_repository_sources,1823
6179,Spinkarps gård,Sweden,58.0678497078,14.7566159048,https://browser.sead.se/site/6179,inventory_only,False,0,0,0,[],0,0,0,0,0,3815,coarse_spatial_context_only,not_captured_by_repository_sources,1824
6180,Sporrakulla,Sweden,56.287862408,14.2417622949,https://browser.sead.se/site/6180,inventory_only,False,0,0,0,[],0,0,0,0,0,10817,coarse_spatial_context_only,not_captured_by_repository_sources,1825
6181,Staffans i Åsen,Sweden,61.2742507835,13.8196064815,https://browser.sead.se/site/6181,inventory_only,False,0,0,0,[],0,0,0,0,0,634,coarse_spatial_context_only,not_captured_by_repository_sources,1826
6182,Staffas i Nedre Gärdsjö,Sweden,60.9356415519,15.2262010365,https://browser.sead.se/site/6182,inventory_only,False,0,0,0,[],0,0,0,0,0,3988,coarse_spatial_context_only,not_captured_by_repository_sources,1827
6183,Staffas i Ovanmyra,Sweden,61.0018321457,15.2232693952,https://browser.sead.se/site/6183,inventory_only,False,0,0,0,[],0,0,0,0,0,1607,coarse_spatial_context_only,not_captured_by_repository_sources,1828
6185,Stall Fudal Zorns gammelgård,Sweden,60.9546100798,14.7074379521,https://browser.sead.se/site/6185,inventory_only,False,0,0,0,[],0,0,0,0,0,1731,coarse_spatial_context_only,not_captured_by_repository_sources,1829
6186,Stall i Grönlokshol,Sweden,60.9652788982,14.681021488,https://browser.sead.se/site/6186,inventory_only,False,0,0,0,[],0,0,0,0,0,1731,coarse_spatial_context_only,not_captured_by_repository_sources,1830
6187,Stall i Noret,Sweden,61.0046137956,14.5889436553,https://browser.sead.se/site/6187,inventory_only,False,0,0,0,[],0,0,0,0,0,1202,coarse_spatial_context_only,not_captured_by_repository_sources,1831
6188,Stall Sturhans i Fåsås,Sweden,60.9667757931,14.8013381755,https://browser.sead.se/site/6188,inventory_only,False,0,0,0,[],0,0,0,0,0,1731,coarse_spatial_context_only,not_captured_by_repository_sources,1832
6189,Stavsholmen,Sweden,59.4941787111,16.2626466743,https://browser.sead.se/site/6189,inventory_only,False,0,0,0,[],0,0,0,0,0,15126,coarse_spatial_context_only,not_captured_by_repository_sources,1833
6190,Stavsjöbodarna,Sweden,62.2372850845,15.2475880697,https://browser.sead.se/site/6190,inventory_only,False,0,0,0,[],0,0,0,0,0,1173,coarse_spatial_context_only,not_captured_by_repository_sources,1834
6191,Steninge kyrka,Sweden,56.7825637329,12.6774054215,https://browser.sead.se/site/6191,inventory_only,False,0,0,0,[],0,0,0,0,0,6333,coarse_spatial_context_only,not_captured_by_repository_sources,1835
6323,Stensmålen,Sweden,58.1927456198,15.6932569099,https://browser.sead.se/site/6323,inventory_only,False,0,0,0,[],0,0,0,0,0,9863,coarse_spatial_context_only,not_captured_by_repository_sources,1836
6192,Sticko Erik Perssons gård i Färnäs,Sweden,60.9969222743,14.6269240709,https://browser.sead.se/site/6192,inventory_only,False,0,0,0,[],0,0,0,0,0,1731,coarse_spatial_context_only,not_captured_by_repository_sources,1837
6422,Stockholm 103:1,Sweden,59.32661935,18.07138803,https://browser.sead.se/site/6422,inventory_only,False,0,0,0,[],0,0,0,0,0,10763,coarse_spatial_context_only,not_captured_by_repository_sources,1838
6416,Stockholm 704,Sweden,59.32817981,18.06970369,https://browser.sead.se/site/6416,inventory_only,False,0,0,0,[],0,0,0,0,0,10763,coarse_spatial_context_only,not_captured_by_repository_sources,1839
6417,Stockholm 705,Sweden,59.32817229,18.0697338,https://browser.sead.se/site/6417,inventory_only,False,0,0,0,[],0,0,0,0,0,10763,coarse_spatial_context_only,not_captured_by_repository_sources,1840
6418,Stockholm 706,Sweden,59.32821798,18.06963609,https://browser.sead.se/site/6418,inventory_only,False,0,0,0,[],0,0,0,0,0,10763,coarse_spatial_context_only,not_captured_by_repository_sources,1841
6420,Stockholm 707,Sweden,59.32820726,18.06968883,https://browser.sead.se/site/6420,inventory_only,False,0,0,0,[],0,0,0,0,0,10763,coarse_spatial_context_only,not_captured_by_repository_sources,1842
6419,Stockholm 709,Sweden,59.32826153,18.06978144,https://browser.sead.se/site/6419,inventory_only,False,0,0,0,[],0,0,0,0,0,10763,coarse_spatial_context_only,not_captured_by_repository_sources,1843
6415,Stockholm 710,Sweden,59.32822936,18.06984267,https://browser.sead.se/site/6415,inventory_only,False,0,0,0,[],0,0,0,0,0,10763,coarse_spatial_context_only,not_captured_by_repository_sources,1844
6193,Stockholmsgården i Gåda,Sweden,62.0671780916,15.7846959453,https://browser.sead.se/site/6193,inventory_only,False,0,0,0,[],0,0,0,0,0,1173,coarse_spatial_context_only,not_captured_by_repository_sources,1845
6194,Stora Bråmåmyr i Nusnäs,Sweden,60.9613579458,14.6564444152,https://browser.sead.se/site/6194,inventory_only,False,0,0,0,[],0,0,0,0,0,1731,coarse_spatial_context_only,not_captured_by_repository_sources,1846
6195,Stora Gårda Herrgård,Sweden,57.6982932924,12.0070608592,https://browser.sead.se/site/6195,inventory_only,False,0,0,0,[],0,0,0,0,0,8569,coarse_spatial_context_only,not_captured_by_repository_sources,1847
6375,Stora Malm 229:1,Sweden,58.96721704,16.25558395,https://browser.sead.se/site/6375,inventory_only,False,0,0,0,[],0,0,0,0,0,12413,coarse_spatial_context_only,not_captured_by_repository_sources,1848
6196,Stora Skedelid,Sweden,58.5916968365,13.3821246871,https://browser.sead.se/site/6196,inventory_only,False,0,0,0,[],0,0,0,0,0,10501,coarse_spatial_context_only,not_captured_by_repository_sources,1849
6197,Stora skedvi kyrka,Sweden,60.4066509806,15.8045624727,https://browser.sead.se/site/6197,inventory_only,False,0,0,0,[],0,0,0,0,0,3988,coarse_spatial_context_only,not_captured_by_repository_sources,1850
6198,Storpers i Södra Kättbo,Sweden,60.8339514576,14.1962219534,https://browser.sead.se/site/6198,inventory_only,False,0,0,0,[],0,0,0,0,0,1731,coarse_spatial_context_only,not_captured_by_repository_sources,1851
6199,Storsved i Berge,Sweden,62.9465609122,14.8687952075,https://browser.sead.se/site/6199,inventory_only,False,0,0,0,[],0,0,0,0,0,1940,coarse_spatial_context_only,not_captured_by_repository_sources,1852
6201,Stråvalla kyrka,Sweden,57.2988062687,12.21752508,https://browser.sead.se/site/6201,inventory_only,False,0,0,0,[],0,0,0,0,0,8569,coarse_spatial_context_only,not_captured_by_repository_sources,1853
6202,Strö kyrka,Sweden,58.5819064115,13.0710059857,https://browser.sead.se/site/6202,inventory_only,False,0,0,0,[],0,0,0,0,0,10501,coarse_spatial_context_only,not_captured_by_repository_sources,1854
6324,Strömmen,Sweden,57.6408043063,13.2094046988,https://browser.sead.se/site/6324,inventory_only,False,0,0,0,[],0,0,0,0,0,8587,coarse_spatial_context_only,not_captured_by_repository_sources,1855
6203,Strömsholms slott,Sweden,59.5241124226,16.2635712504,https://browser.sead.se/site/6203,inventory_only,False,0,0,0,[],0,0,0,0,0,15126,coarse_spatial_context_only,not_captured_by_repository_sources,1856
6204,Stubbamöllan,Sweden,55.7308509362,13.2441986035,https://browser.sead.se/site/6204,inventory_only,False,0,0,0,[],0,0,0,0,0,6654,coarse_spatial_context_only,not_captured_by_repository_sources,1857
6205,Stuga Fudal Zorns gammelgård,Sweden,60.9546100798,14.7074379521,https://browser.sead.se/site/6205,inventory_only,False,0,0,0,[],0,0,0,0,0,1731,coarse_spatial_context_only,not_captured_by_repository_sources,1858
6206,Stuga i Nybingsbo,Sweden,60.7445157043,14.7351960683,https://browser.sead.se/site/6206,inventory_only,False,0,0,0,[],0,0,0,0,0,1731,coarse_spatial_context_only,not_captured_by_repository_sources,1859
6207,Stuga Selja,Sweden,61.0191135954,14.4682248651,https://browser.sead.se/site/6207,inventory_only,False,0,0,0,[],0,0,0,0,0,1202,coarse_spatial_context_only,not_captured_by_repository_sources,1860
6208,Stuga Skålö by,Sweden,60.5666693114,14.2961370722,https://browser.sead.se/site/6208,inventory_only,False,0,0,0,[],0,0,0,0,0,1731,coarse_spatial_context_only,not_captured_by_repository_sources,1861
6209,Sturhanslars Olovs i Fåsås,Sweden,60.9667757931,14.8013381755,https://browser.sead.se/site/6209,inventory_only,False,0,0,0,[],0,0,0,0,0,1731,coarse_spatial_context_only,not_captured_by_repository_sources,1862
6184,Stäket,Sweden,55.7015456297,13.1922477974,https://browser.sead.se/site/6184,inventory_only,False,0,0,0,[],0,0,0,0,0,6654,coarse_spatial_context_only,not_captured_by_repository_sources,1863
6457,Stäksundet,Sweden,58.78782291,17.37445398,https://browser.sead.se/site/6457,inventory_only,False,0,0,0,[],0,0,0,0,0,4303,coarse_spatial_context_only,not_captured_by_repository_sources,1864
6200,Stötollas i Lenåsen,Sweden,61.0048281728,15.2454438656,https://browser.sead.se/site/6200,inventory_only,False,0,0,0,[],0,0,0,0,0,1607,coarse_spatial_context_only,not_captured_by_repository_sources,1865
6210,Sundbergs i Heden,Sweden,61.1494544614,14.6636533603,https://browser.sead.se/site/6210,inventory_only,False,0,0,0,[],0,0,0,0,0,1202,coarse_spatial_context_only,not_captured_by_repository_sources,1866
6211,Sundkvists i Söderhögen,Sweden,62.4009893964,14.3916657691,https://browser.sead.se/site/6211,inventory_only,False,0,0,0,[],0,0,0,0,0,1940,coarse_spatial_context_only,not_captured_by_repository_sources,1867
6212,Sunnanås,Sweden,61.8084545627,16.0523074238,https://browser.sead.se/site/6212,inventory_only,False,0,0,0,[],0,0,0,0,0,3464,coarse_spatial_context_only,not_captured_by_repository_sources,1868
6213,Svanebäck,Sweden,56.1597745087,12.5690784701,https://browser.sead.se/site/6213,inventory_only,False,0,0,0,[],0,0,0,0,0,6333,coarse_spatial_context_only,not_captured_by_repository_sources,1869
6214,Svarv Jöns i Utanmyra,Sweden,60.9279517278,14.6014615081,https://browser.sead.se/site/6214,inventory_only,False,0,0,0,[],0,0,0,0,0,1731,coarse_spatial_context_only,not_captured_by_repository_sources,1870
6391,Svedala 7:1,Sweden,55.49695833,13.29821849,https://browser.sead.se/site/6391,inventory_only,False,0,0,0,[],0,0,0,0,0,6654,coarse_spatial_context_only,not_captured_by_repository_sources,1871
6215,Svedvi kyrka,Sweden,59.5919771755,16.2723514452,https://browser.sead.se/site/6215,inventory_only,False,0,0,0,[],0,0,0,0,0,15126,coarse_spatial_context_only,not_captured_by_repository_sources,1872
6216,Sven Bogg i Bonäs,Sweden,61.0706150304,14.4924335962,https://browser.sead.se/site/6216,inventory_only,False,0,0,0,[],0,0,0,0,0,1202,coarse_spatial_context_only,not_captured_by_repository_sources,1873
6217,Sven Frimodigs i Sör Lindberg,Sweden,60.7982555545,15.125430623,https://browser.sead.se/site/6217,inventory_only,False,0,0,0,[],0,0,0,0,0,3988,coarse_spatial_context_only,not_captured_by_repository_sources,1874
6218,Sven Mårs i Born,Sweden,60.9598223936,15.2774309109,https://browser.sead.se/site/6218,inventory_only,False,0,0,0,[],0,0,0,0,0,3988,coarse_spatial_context_only,not_captured_by_repository_sources,1875
6219,Sven Ollén i Näsbyggebyn,Sweden,60.7679635964,14.8751282349,https://browser.sead.se/site/6219,inventory_only,False,0,0,0,[],0,0,0,0,0,1731,coarse_spatial_context_only,not_captured_by_repository_sources,1876
6220,Svensåsen,Sweden,62.9711777281,14.4124290936,https://browser.sead.se/site/6220,inventory_only,False,0,0,0,[],0,0,0,0,0,1940,coarse_spatial_context_only,not_captured_by_repository_sources,1877
6221,Sydöstra härbret Zorns gammelgård,Sweden,60.998192934,14.5464294488,https://browser.sead.se/site/6221,inventory_only,False,0,0,0,[],0,0,0,0,0,1731,coarse_spatial_context_only,not_captured_by_repository_sources,1878
6222,Sysslomansgården,Sweden,58.4118401026,15.618054545,https://browser.sead.se/site/6222,inventory_only,False,0,0,0,[],0,0,0,0,0,9863,coarse_spatial_context_only,not_captured_by_repository_sources,1879
3456,Säby 5,Sweden,55.9045303022,12.8499433536,https://browser.sead.se/site/3456,inventory_only,False,0,0,0,[],0,0,0,0,0,1226,coarse_spatial_context_only,not_captured_by_repository_sources,1880
3988,Sälja,Sweden,60.1538097098,16.9292502393,https://browser.sead.se/site/3988,inventory_only,False,0,0,0,[],0,0,1,10,0,4239,coarse_spatial_context_only,not_captured_by_repository_sources,1881
6126,Sällstorps kyrka,Sweden,57.2363256173,12.3603165578,https://browser.sead.se/site/6126,inventory_only,False,0,0,0,[],0,0,0,0,0,8569,coarse_spatial_context_only,not_captured_by_repository_sources,1882
6319,Särdal,Sweden,56.7487970909,12.6451409407,https://browser.sead.se/site/6319,inventory_only,False,0,0,0,[],0,0,0,0,0,6333,coarse_spatial_context_only,not_captured_by_repository_sources,1883
6134,Säternybodarna,Sweden,62.3904326139,15.1326351134,https://browser.sead.se/site/6134,inventory_only,False,0,0,0,[],0,0,0,0,0,1173,coarse_spatial_context_only,not_captured_by_repository_sources,1884
6135,Sätersfors,Sweden,57.9376036494,13.9755553806,https://browser.sead.se/site/6135,inventory_only,False,0,0,0,[],0,0,0,0,0,8587,coarse_spatial_context_only,not_captured_by_repository_sources,1885
6320,Sätila Strömma,Sweden,57.5645622275,12.4574485145,https://browser.sead.se/site/6320,inventory_only,False,0,0,0,[],0,0,0,0,0,8569,coarse_spatial_context_only,not_captured_by_repository_sources,1886
6160,Söderala kyrka,Sweden,61.2805764647,16.9568672082,https://browser.sead.se/site/6160,inventory_only,False,0,0,0,[],0,0,0,0,0,3464,coarse_spatial_context_only,not_captured_by_repository_sources,1887
6161,Söderbackan i Västerbor,Sweden,60.3455088743,16.7508936948,https://browser.sead.se/site/6161,inventory_only,False,0,0,0,[],0,0,0,0,0,4239,coarse_spatial_context_only,not_captured_by_repository_sources,1888
6162,Söderholm i Grötom,Sweden,63.5029392562,13.1547592212,https://browser.sead.se/site/6162,inventory_only,False,0,0,0,[],0,0,0,0,0,1147,coarse_spatial_context_only,not_captured_by_repository_sources,1889
6410,Söderköping 14:1,Sweden,58.48116957,16.3212451,https://browser.sead.se/site/6410,inventory_only,False,0,0,0,[],0,0,0,0,0,12413,coarse_spatial_context_only,not_captured_by_repository_sources,1890
6163,Söderlundska gården,Sweden,60.7302680543,14.994628175,https://browser.sead.se/site/6163,inventory_only,False,0,0,0,[],0,0,0,0,0,1731,coarse_spatial_context_only,not_captured_by_repository_sources,1891
6355,Södra Vi 6:1,Sweden,57.732664,15.821486,https://browser.sead.se/site/6355,inventory_only,False,0,0,0,[],0,0,0,0,0,4004,coarse_spatial_context_only,not_captured_by_repository_sources,1892
6168,Sölvsved,Sweden,63.4705689521,13.2826359156,https://browser.sead.se/site/6168,inventory_only,False,0,0,0,[],0,0,0,0,0,1147,coarse_spatial_context_only,not_captured_by_repository_sources,1893
6171,Söne kyrka,Sweden,58.5355059845,12.9679007724,https://browser.sead.se/site/6171,inventory_only,False,0,0,0,[],0,0,0,0,0,7321,coarse_spatial_context_only,not_captured_by_repository_sources,1894
6172,Sörgården i Tornäs,Sweden,63.6569239505,14.6412499091,https://browser.sead.se/site/6172,inventory_only,False,0,0,0,[],0,0,0,0,0,3868,coarse_spatial_context_only,not_captured_by_repository_sources,1895
6322,Sörsylta,Sweden,59.5074420422,16.1929812373,https://browser.sead.se/site/6322,inventory_only,False,0,0,0,[],0,0,0,0,0,15126,coarse_spatial_context_only,not_captured_by_repository_sources,1896
6175,Sövestads kyrka,Sweden,55.5009053644,13.7974353421,https://browser.sead.se/site/6175,inventory_only,False,0,0,0,[],0,0,0,0,0,6654,coarse_spatial_context_only,not_captured_by_repository_sources,1897
6223,Tand,Sweden,63.0108416618,14.7293697434,https://browser.sead.se/site/6223,inventory_only,False,0,0,0,[],0,0,0,0,0,3868,coarse_spatial_context_only,not_captured_by_repository_sources,1898
6451,The Police Station park,Sweden,59.33103232,18.04186857,https://browser.sead.se/site/6451,inventory_only,False,0,0,0,[],0,0,0,0,0,10763,coarse_spatial_context_only,not_captured_by_repository_sources,1899
6452,The Prince house,Sweden,59.856118,17.644803,https://browser.sead.se/site/6452,inventory_only,False,0,0,0,[],0,0,0,0,0,27450,coarse_spatial_context_only,not_captured_by_repository_sources,1900
6227,Thodéns i Gruvriset,Sweden,60.5868950952,15.6095140804,https://browser.sead.se/site/6227,inventory_only,False,0,0,0,[],0,0,0,0,0,3988,coarse_spatial_context_only,not_captured_by_repository_sources,1901
6228,Thomsén i Östergrav,Sweden,60.8355652474,15.1382134994,https://browser.sead.se/site/6228,inventory_only,False,0,0,0,[],0,0,0,0,0,3988,coarse_spatial_context_only,not_captured_by_repository_sources,1902
6449,Tierp 458,Sweden,60.32172562,17.51463114,https://browser.sead.se/site/6449,inventory_only,False,0,0,0,[],0,0,0,0,0,5060,coarse_spatial_context_only,not_captured_by_repository_sources,1903
6459,Tingstäde träsk,Sweden,57.72743978,18.63100512,https://browser.sead.se/site/6459,inventory_only,False,0,0,0,[],0,0,0,0,0,13558,coarse_spatial_context_only,not_captured_by_repository_sources,1904
6229,Tittolles i Stavsätra,Sweden,61.6243462008,15.7990178367,https://browser.sead.se/site/6229,inventory_only,False,0,0,0,[],0,0,0,0,0,1607,coarse_spatial_context_only,not_captured_by_repository_sources,1905
6230,Tjustgöls gård,Sweden,57.5113351107,16.5823817245,https://browser.sead.se/site/6230,inventory_only,False,0,0,0,[],0,0,0,0,0,8480,coarse_spatial_context_only,not_captured_by_repository_sources,1906
6231,Tobaksladan,Sweden,56.1737439392,14.8593119138,https://browser.sead.se/site/6231,inventory_only,False,0,0,0,[],0,0,0,0,0,10817,coarse_spatial_context_only,not_captured_by_repository_sources,1907
3445,Tofta 39,Sweden,55.8583589589,12.9315616122,https://browser.sead.se/site/3445,inventory_only,False,0,0,0,[],0,0,0,0,0,1226,coarse_spatial_context_only,not_captured_by_repository_sources,1908
6233,Torkelsbo,Sweden,61.8912903994,16.125034627,https://browser.sead.se/site/6233,inventory_only,False,0,0,0,[],0,0,0,0,0,3464,coarse_spatial_context_only,not_captured_by_repository_sources,1909
6325,Torkelsrud,Sweden,58.5223371787,11.8386756351,https://browser.sead.se/site/6325,inventory_only,False,0,0,0,[],0,0,0,0,0,16773,coarse_spatial_context_only,not_captured_by_repository_sources,1910
6234,Torkstuga Nusnäs Zorns gammelgård,Sweden,60.9589628963,14.6468312521,https://browser.sead.se/site/6234,inventory_only,False,0,0,0,[],0,0,0,0,0,1731,coarse_spatial_context_only,not_captured_by_repository_sources,1911
5647,Torpa stenhus,Sweden,57.649909,13.279524,https://browser.sead.se/site/5647,inventory_only,False,0,0,0,[],0,0,0,0,0,8587,coarse_spatial_context_only,not_captured_by_repository_sources,1912
6236,Torsklok-härbret i Västra Lillmon,Sweden,60.8646435744,13.4021247744,https://browser.sead.se/site/6236,inventory_only,False,0,0,0,[],0,0,0,0,0,5468,coarse_spatial_context_only,not_captured_by_repository_sources,1913
6235,Torsångs kyrka,Sweden,60.4640780919,15.5700058037,https://browser.sead.se/site/6235,inventory_only,False,0,0,0,[],0,0,0,0,0,3988,coarse_spatial_context_only,not_captured_by_repository_sources,1914
6237,Torup slott,Sweden,55.5651742284,13.208698852,https://browser.sead.se/site/6237,inventory_only,False,0,0,0,[],0,0,0,0,0,6654,coarse_spatial_context_only,not_captured_by_repository_sources,1915
6326,Transtorpsvägen,Sweden,56.749083781,15.9279690002,https://browser.sead.se/site/6326,inventory_only,False,0,0,0,[],0,0,0,0,0,5849,coarse_spatial_context_only,not_captured_by_repository_sources,1916
6239,Trappgården i Mångberg,Sweden,60.8537844835,14.5899806477,https://browser.sead.se/site/6239,inventory_only,False,0,0,0,[],0,0,0,0,0,1731,coarse_spatial_context_only,not_captured_by_repository_sources,1917
6387,Trelleborg 19:1,Sweden,55.37480382,13.15168813,https://browser.sead.se/site/6387,inventory_only,False,0,0,0,[],0,0,0,0,0,6654,coarse_spatial_context_only,not_captured_by_repository_sources,1918
6379,Trelleborg 48,Sweden,55.37604866,13.1478197,https://browser.sead.se/site/6379,inventory_only,False,0,0,0,[],0,0,0,0,0,6654,coarse_spatial_context_only,not_captured_by_repository_sources,1919
6242,Trulsatorpet,Sweden,56.4685577664,14.4288334061,https://browser.sead.se/site/6242,inventory_only,False,0,0,0,[],0,0,0,0,0,10817,coarse_spatial_context_only,not_captured_by_repository_sources,1920
6238,Trädgårdsmästarbostaden,Sweden,59.3227047465,18.1364571599,https://browser.sead.se/site/6238,inventory_only,False,0,0,0,[],0,0,0,0,0,10763,coarse_spatial_context_only,not_captured_by_repository_sources,1921
6240,Trösklada Bergkarlås,Sweden,61.0357897995,14.6374811734,https://browser.sead.se/site/6240,inventory_only,False,0,0,0,[],0,0,0,0,0,1202,coarse_spatial_context_only,not_captured_by_repository_sources,1922
6241,Trösklada Östnor,Sweden,61.0279546291,14.4932817945,https://browser.sead.se/site/6241,inventory_only,False,0,0,0,[],0,0,0,0,0,1202,coarse_spatial_context_only,not_captured_by_repository_sources,1923
6243,Tullinge gård,Sweden,59.2107609085,17.8849694226,https://browser.sead.se/site/6243,inventory_only,False,0,0,0,[],0,0,0,0,0,27450,coarse_spatial_context_only,not_captured_by_repository_sources,1924
6244,Tullsåkra,Sweden,55.7804506438,13.704841299,https://browser.sead.se/site/6244,inventory_only,False,0,0,0,[],0,0,0,0,0,6654,coarse_spatial_context_only,not_captured_by_repository_sources,1925
6327,Tuna,Sweden,55.9136656975,12.6894258987,https://browser.sead.se/site/6327,inventory_only,False,0,0,0,[],0,0,0,0,0,1226,coarse_spatial_context_only,not_captured_by_repository_sources,1926
5650,Tvartorps gård,Sweden,58.835671,15.846533,https://browser.sead.se/site/5650,inventory_only,False,0,0,0,[],0,0,0,0,0,9863,coarse_spatial_context_only,not_captured_by_repository_sources,1927
6328,Tvärgränd,Sweden,55.4288752877,13.8219868342,https://browser.sead.se/site/6328,inventory_only,False,0,0,0,[],0,0,0,0,0,6654,coarse_spatial_context_only,not_captured_by_repository_sources,1928
6245,"Tvåan, Röda kvarn",Sweden,58.5799518694,14.4353916794,https://browser.sead.se/site/6245,inventory_only,False,0,0,0,[],0,0,0,0,0,3815,coarse_spatial_context_only,not_captured_by_repository_sources,1929
30,Tvååker Raä 193,Sweden,57.0547222222,12.2905555552,https://browser.sead.se/site/30,inventory_only,False,0,0,0,[],0,0,0,0,0,8569,coarse_spatial_context_only,not_captured_by_repository_sources,1930
6246,Tynningö,Sweden,59.3771145945,18.3962641403,https://browser.sead.se/site/6246,inventory_only,False,0,0,0,[],0,0,0,0,0,10763,coarse_spatial_context_only,not_captured_by_repository_sources,1931
6247,Tysk Karin Olsson i Kärvsåsen,Sweden,61.0536974484,15.2004094801,https://browser.sead.se/site/6247,inventory_only,False,0,0,0,[],0,0,0,0,0,1607,coarse_spatial_context_only,not_captured_by_repository_sources,1932
6248,Tysk Sven i Västra Stumsnäs,Sweden,60.8776793047,14.947065668,https://browser.sead.se/site/6248,inventory_only,False,0,0,0,[],0,0,0,0,0,1731,coarse_spatial_context_only,not_captured_by_repository_sources,1933
6249,Tystberga kyrka,Sweden,58.8670230069,17.2581132103,https://browser.sead.se/site/6249,inventory_only,False,0,0,0,[],0,0,0,0,0,4303,coarse_spatial_context_only,not_captured_by_repository_sources,1934
6224,Täpp Kerstin i Nedre Gärdsjö,Sweden,60.9356415519,15.2262010365,https://browser.sead.se/site/6224,inventory_only,False,0,0,0,[],0,0,0,0,0,3988,coarse_spatial_context_only,not_captured_by_repository_sources,1935
6225,Tärna hembygdsgård,Sweden,59.8214314527,16.7497868667,https://browser.sead.se/site/6225,inventory_only,False,0,0,0,[],0,0,0,0,0,15126,coarse_spatial_context_only,not_captured_by_repository_sources,1936
6226,Tåstarps kyrka,Sweden,56.2779511569,12.9502183039,https://browser.sead.se/site/6226,inventory_only,False,0,0,0,[],0,0,0,0,0,6333,coarse_spatial_context_only,not_captured_by_repository_sources,1937
6232,Tönnersjö kyrka,Sweden,56.6373623138,13.0626875377,https://browser.sead.se/site/6232,inventory_only,False,0,0,0,[],0,0,0,0,0,8912,coarse_spatial_context_only,not_captured_by_repository_sources,1938
6250,Ulfsparregatan 2,Sweden,57.7812957033,14.1838677192,https://browser.sead.se/site/6250,inventory_only,False,0,0,0,[],0,0,0,0,0,8067,coarse_spatial_context_only,not_captured_by_repository_sources,1939
6251,Ullbergs i Kall,Sweden,63.4722877681,13.2364657716,https://browser.sead.se/site/6251,inventory_only,False,0,0,0,[],0,0,0,0,0,1147,coarse_spatial_context_only,not_captured_by_repository_sources,1940
6252,Ulvängen,Sweden,58.4743132131,13.9393398409,https://browser.sead.se/site/6252,inventory_only,False,0,0,0,[],0,0,0,0,0,10501,coarse_spatial_context_only,not_captured_by_repository_sources,1941
6347,Uppsala 262:1,Sweden,59.89837722,17.62911643,https://browser.sead.se/site/6347,inventory_only,False,0,0,0,[],0,0,0,0,0,27450,coarse_spatial_context_only,not_captured_by_repository_sources,1942
6344,Uppsala 670,Sweden,59.90170423,17.62632209,https://browser.sead.se/site/6344,inventory_only,False,0,0,0,[],0,0,0,0,0,27450,coarse_spatial_context_only,not_captured_by_repository_sources,1943
6346,Uppsala 88:1,Sweden,59.85696405,17.63636033,https://browser.sead.se/site/6346,inventory_only,False,0,0,0,[],0,0,0,0,0,27450,coarse_spatial_context_only,not_captured_by_repository_sources,1944
6253,Utatgården på Öhn,Sweden,63.8892896511,15.465835941,https://browser.sead.se/site/6253,inventory_only,False,0,0,0,[],0,0,0,0,0,1538,coarse_spatial_context_only,not_captured_by_repository_sources,1945
6254,Utmelanda,Sweden,60.9965102903,14.5373946057,https://browser.sead.se/site/6254,inventory_only,False,0,0,0,[],0,0,0,0,0,1731,coarse_spatial_context_only,not_captured_by_repository_sources,1946
6409,Vadstena 21:1,Sweden,58.44784015,14.88992523,https://browser.sead.se/site/6409,inventory_only,False,0,0,0,[],0,0,0,0,0,3815,coarse_spatial_context_only,not_captured_by_repository_sources,1947
6442,Vadstena 35,Sweden,58.44174208,14.91404064,https://browser.sead.se/site/6442,inventory_only,False,0,0,0,[],0,0,0,0,0,3815,coarse_spatial_context_only,not_captured_by_repository_sources,1948
6257,Valbo kyrka,Sweden,60.6645921266,17.070138488,https://browser.sead.se/site/6257,inventory_only,False,0,0,0,[],0,0,0,0,0,5060,coarse_spatial_context_only,not_captured_by_repository_sources,1949
6329,Vallagatan,Sweden,56.1580631599,15.5908783976,https://browser.sead.se/site/6329,inventory_only,False,0,0,0,[],0,0,0,0,0,5849,coarse_spatial_context_only,not_captured_by_repository_sources,1950
6258,Vallby kyrka,Sweden,59.4219870187,16.5655122196,https://browser.sead.se/site/6258,inventory_only,False,0,0,0,[],0,0,0,0,0,15126,coarse_spatial_context_only,not_captured_by_repository_sources,1951
6259,Vallen i Gammelsträng,Sweden,61.825973208,16.825468563,https://browser.sead.se/site/6259,inventory_only,False,0,0,0,[],0,0,0,0,0,3464,coarse_spatial_context_only,not_captured_by_repository_sources,1952
6423,Vallentuna 495:1,Sweden,59.514023,18.070843,https://browser.sead.se/site/6423,inventory_only,False,0,0,0,[],0,0,0,0,0,10763,coarse_spatial_context_only,not_captured_by_repository_sources,1953
6260,Vallins i Östansjö,Sweden,63.0121887477,16.3359803771,https://browser.sead.se/site/6260,inventory_only,False,0,0,0,[],0,0,0,0,0,1855,coarse_spatial_context_only,not_captured_by_repository_sources,1954
6261,Valtorps kyrka,Sweden,58.2287137468,13.6509999725,https://browser.sead.se/site/6261,inventory_only,False,0,0,0,[],0,0,0,0,0,10501,coarse_spatial_context_only,not_captured_by_repository_sources,1955
6345,Valö 123:1,Sweden,60.29648959,18.12863347,https://browser.sead.se/site/6345,inventory_only,False,0,0,0,[],0,0,0,0,0,3238,coarse_spatial_context_only,not_captured_by_repository_sources,1956
6263,Varbergs fästning,Sweden,57.105616151,12.2397751158,https://browser.sead.se/site/6263,inventory_only,False,0,0,0,[],0,0,0,0,0,8569,coarse_spatial_context_only,not_captured_by_repository_sources,1957
6264,Varras i Råsjön,Sweden,62.4131149178,15.6229033107,https://browser.sead.se/site/6264,inventory_only,False,0,0,0,[],0,0,0,0,0,1173,coarse_spatial_context_only,not_captured_by_repository_sources,1958
6267,Veinge kyrka,Sweden,56.5717308832,13.0925141395,https://browser.sead.se/site/6267,inventory_only,False,0,0,0,[],0,0,0,0,0,8912,coarse_spatial_context_only,not_captured_by_repository_sources,1959
6268,Verkstadsstuga Östnor,Sweden,61.0279546291,14.4932817945,https://browser.sead.se/site/6268,inventory_only,False,0,0,0,[],0,0,0,0,0,1202,coarse_spatial_context_only,not_captured_by_repository_sources,1960
6397,Verum 4:2,Sweden,56.36122057,13.8883623,https://browser.sead.se/site/6397,inventory_only,False,0,0,0,[],0,0,0,0,0,8912,coarse_spatial_context_only,not_captured_by_repository_sources,1961
6269,Vikenhärbret,Sweden,62.4867933583,16.1523021797,https://browser.sead.se/site/6269,inventory_only,False,0,0,0,[],0,0,0,0,0,1674,coarse_spatial_context_only,not_captured_by_repository_sources,1962
6270,Vikström i Bodsjö,Sweden,62.8138040839,14.914193036,https://browser.sead.se/site/6270,inventory_only,False,0,0,0,[],0,0,0,0,0,1940,coarse_spatial_context_only,not_captured_by_repository_sources,1963
6371,Visby 107:1,Sweden,57.64082696,18.29558747,https://browser.sead.se/site/6371,inventory_only,False,0,0,0,[],0,0,0,0,0,13558,coarse_spatial_context_only,not_captured_by_repository_sources,1964
6365,Visingsö 182,Sweden,57.99926536,14.28572089,https://browser.sead.se/site/6365,inventory_only,False,0,0,0,[],0,0,0,0,0,8067,coarse_spatial_context_only,not_captured_by_repository_sources,1965
6394,Vittsjö 24:1,Sweden,56.35206099,13.64736394,https://browser.sead.se/site/6394,inventory_only,False,0,0,0,[],0,0,0,0,0,8912,coarse_spatial_context_only,not_captured_by_repository_sources,1966
6399,Vittskövle 1:1,Sweden,55.85699508,14.14648092,https://browser.sead.se/site/6399,inventory_only,False,0,0,0,[],0,0,0,0,0,3205,coarse_spatial_context_only,not_captured_by_repository_sources,1967
6271,Vretarne Bergmans gård,Sweden,59.8908864412,15.9808452878,https://browser.sead.se/site/6271,inventory_only,False,0,0,0,[],0,0,0,0,0,3873,coarse_spatial_context_only,not_captured_by_repository_sources,1968
6255,Vä kyrka,Sweden,55.9917825123,14.0872083323,https://browser.sead.se/site/6255,inventory_only,False,0,0,0,[],0,0,0,0,0,3205,coarse_spatial_context_only,not_captured_by_repository_sources,1969
6256,Vähusen,Sweden,56.0299204037,14.1572363781,https://browser.sead.se/site/6256,inventory_only,False,0,0,0,[],0,0,0,0,0,10817,coarse_spatial_context_only,not_captured_by_repository_sources,1970
6350,Västerlövsta 395:1,Sweden,59.97057936,16.83724966,https://browser.sead.se/site/6350,inventory_only,False,0,0,0,[],0,0,0,0,0,15126,coarse_spatial_context_only,not_captured_by_repository_sources,1971
6265,Västerplana kyrka,Sweden,58.560231953,13.3505018592,https://browser.sead.se/site/6265,inventory_only,False,0,0,0,[],0,0,0,0,0,10501,coarse_spatial_context_only,not_captured_by_repository_sources,1972
6356,Västervik 94:1,Sweden,57.75931792,16.63843269,https://browser.sead.se/site/6356,inventory_only,False,0,0,0,[],0,0,0,0,0,8480,coarse_spatial_context_only,not_captured_by_repository_sources,1973
6402,Västerås 232:1,Sweden,59.61054165,16.54281236,https://browser.sead.se/site/6402,inventory_only,False,0,0,0,[],0,0,0,0,0,15126,coarse_spatial_context_only,not_captured_by_repository_sources,1974
6266,Västra Eds kyrkoruin,Sweden,58.0149663745,16.4750595395,https://browser.sead.se/site/6266,inventory_only,False,0,0,0,[],0,0,0,0,0,12413,coarse_spatial_context_only,not_captured_by_repository_sources,1975
6351,Växjö 61:1,Sweden,56.8494246,14.85548705,https://browser.sead.se/site/6351,inventory_only,False,0,0,0,[],0,0,0,0,0,10817,coarse_spatial_context_only,not_captured_by_repository_sources,1976
6262,Våmhusvägen Bonäs,Sweden,61.0737250013,14.4886217263,https://browser.sead.se/site/6262,inventory_only,False,0,0,0,[],0,0,0,0,0,1202,coarse_spatial_context_only,not_captured_by_repository_sources,1977
6272,Wahléns i Oxberg,Sweden,61.1183673727,14.1764821556,https://browser.sead.se/site/6272,inventory_only,False,0,0,0,[],0,0,0,0,0,1202,coarse_spatial_context_only,not_captured_by_repository_sources,1978
6273,Waxängs gård,Sweden,59.3651832487,17.1370965238,https://browser.sead.se/site/6273,inventory_only,False,0,0,0,[],0,0,0,0,0,27450,coarse_spatial_context_only,not_captured_by_repository_sources,1979
6274,Ysby kyrka,Sweden,56.4941674198,13.1181459288,https://browser.sead.se/site/6274,inventory_only,False,0,0,0,[],0,0,0,0,0,8912,coarse_spatial_context_only,not_captured_by_repository_sources,1980
6383,Ystad 50:1,Sweden,55.42891943,13.81979266,https://browser.sead.se/site/6383,inventory_only,False,0,0,0,[],0,0,0,0,0,6654,coarse_spatial_context_only,not_captured_by_repository_sources,1981
6275,Ytterselö kyrka,Sweden,59.3769403787,17.2571786036,https://browser.sead.se/site/6275,inventory_only,False,0,0,0,[],0,0,0,0,0,27450,coarse_spatial_context_only,not_captured_by_repository_sources,1982
5668,Äskhult,Sweden,57.427149,12.283078,https://browser.sead.se/site/5668,inventory_only,False,0,0,0,[],0,0,0,0,0,8569,coarse_spatial_context_only,not_captured_by_repository_sources,1983
5680,Ågren i Rännberg,Sweden,63.3913650279,12.7793399057,https://browser.sead.se/site/5680,inventory_only,False,0,0,0,[],0,0,0,0,0,912,coarse_spatial_context_only,not_captured_by_repository_sources,1984
6398,Åhus 23:1,Sweden,55.92440201,14.29533609,https://browser.sead.se/site/6398,inventory_only,False,0,0,0,[],0,0,0,0,0,3205,coarse_spatial_context_only,not_captured_by_repository_sources,1985
6376,Åker 270:1,Sweden,59.2730289,17.13218858,https://browser.sead.se/site/6376,inventory_only,False,0,0,0,[],0,0,0,0,0,27450,coarse_spatial_context_only,not_captured_by_repository_sources,1986
6443,Åker 303:1,Sweden,59.261426,17.121804,https://browser.sead.se/site/6443,inventory_only,False,0,0,0,[],0,0,0,0,0,27450,coarse_spatial_context_only,not_captured_by_repository_sources,1987
5681,Åkerblads pensionat,Sweden,60.8267028214,14.9920375487,https://browser.sead.se/site/5681,inventory_only,False,0,0,0,[],0,0,0,0,0,1731,coarse_spatial_context_only,not_captured_by_repository_sources,1988
5689,Årdala kyrka,Sweden,58.9938270593,16.8293009505,https://browser.sead.se/site/5689,inventory_only,False,0,0,0,[],0,0,0,0,0,12413,coarse_spatial_context_only,not_captured_by_repository_sources,1989
5690,Åre gamla kyrka,Sweden,63.3975186119,13.0813288953,https://browser.sead.se/site/5690,inventory_only,False,0,0,0,[],0,0,0,0,0,1147,coarse_spatial_context_only,not_captured_by_repository_sources,1990
5691,Årebergs gård,Sweden,58.4422675554,14.1644069581,https://browser.sead.se/site/5691,inventory_only,False,0,0,0,[],0,0,0,0,0,3815,coarse_spatial_context_only,not_captured_by_repository_sources,1991
6277,Åsen,Sweden,60.4277937316,15.677572782,https://browser.sead.se/site/6277,inventory_only,False,0,0,0,[],0,0,0,0,0,3988,coarse_spatial_context_only,not_captured_by_repository_sources,1992
6278,Åsögatan,Sweden,59.313464019,18.0793380103,https://browser.sead.se/site/6278,inventory_only,False,0,0,0,[],0,0,0,0,0,10763,coarse_spatial_context_only,not_captured_by_repository_sources,1993
6407,Ödeshög 215:1,Sweden,58.22846444,14.65545724,https://browser.sead.se/site/6407,inventory_only,False,0,0,0,[],0,0,0,0,0,3815,coarse_spatial_context_only,not_captured_by_repository_sources,1994
6044,Öhlanders,Sweden,62.542090398,15.6610145913,https://browser.sead.se/site/6044,inventory_only,False,0,0,0,[],0,0,0,0,0,1173,coarse_spatial_context_only,not_captured_by_repository_sources,1995
6314,Örsaskögle,Sweden,57.2794577707,15.6895036269,https://browser.sead.se/site/6314,inventory_only,False,0,0,0,[],0,0,0,0,0,4004,coarse_spatial_context_only,not_captured_by_repository_sources,1996
6065,Örtofta slott,Sweden,55.7845986496,13.2452742151,https://browser.sead.se/site/6065,inventory_only,False,0,0,0,[],0,0,0,0,0,6654,coarse_spatial_context_only,not_captured_by_repository_sources,1997
6066,Örup Stenhus,Sweden,55.5213892957,13.9368190126,https://browser.sead.se/site/6066,inventory_only,False,0,0,0,[],0,0,0,0,0,6654,coarse_spatial_context_only,not_captured_by_repository_sources,1998
6067,Östboda,Sweden,62.7112649837,15.2078115604,https://browser.sead.se/site/6067,inventory_only,False,0,0,0,[],0,0,0,0,0,1173,coarse_spatial_context_only,not_captured_by_repository_sources,1999
6068,Östbyhärbret,Sweden,62.5281976393,15.977600405,https://browser.sead.se/site/6068,inventory_only,False,0,0,0,[],0,0,0,0,0,1173,coarse_spatial_context_only,not_captured_by_repository_sources,2000
6315,Östbyvägen,Sweden,60.8938600831,16.7504959796,https://browser.sead.se/site/6315,inventory_only,False,0,0,0,[],0,0,0,0,0,4239,coarse_spatial_context_only,not_captured_by_repository_sources,2001
6069,Österslövs gamla prästgård,Sweden,56.0993783778,14.2510008287,https://browser.sead.se/site/6069,inventory_only,False,0,0,0,[],0,0,0,0,0,10817,coarse_spatial_context_only,not_captured_by_repository_sources,2002
6070,Östnorsstugan,Sweden,61.0301106235,14.4912301403,https://browser.sead.se/site/6070,inventory_only,False,0,0,0,[],0,0,0,0,0,1202,coarse_spatial_context_only,not_captured_by_repository_sources,2003
6071,Östnorsstugan stall och lider,Sweden,61.0301106235,14.4912301403,https://browser.sead.se/site/6071,inventory_only,False,0,0,0,[],0,0,0,0,0,1202,coarse_spatial_context_only,not_captured_by_repository_sources,2004
6072,Östra Sallerups kyrka,Sweden,55.8013758815,13.7294970708,https://browser.sead.se/site/6072,inventory_only,False,0,0,0,[],0,0,0,0,0,6654,coarse_spatial_context_only,not_captured_by_repository_sources,2005
6073,Östra Söderåsen,Sweden,63.4989569584,13.9737568855,https://browser.sead.se/site/6073,inventory_only,False,0,0,0,[],0,0,0,0,0,1147,coarse_spatial_context_only,not_captured_by_repository_sources,2006
6348,Övergran 280:1,Sweden,59.5940871,17.45781762,https://browser.sead.se/site/6348,inventory_only,False,0,0,0,[],0,0,0,0,0,27450,coarse_spatial_context_only,not_captured_by_repository_sources,2007
