site_id,site_uuid,site_name,country,latitude,longitude,source_url,discovery_readiness,chronology_resolved,chronology_interval_count,chronology_record_count,chronology_kind_count,chronology_kinds,bibliography_count,dataset_count,sample_group_count,physical_sample_count,analysis_entity_count,raa_density_context_count,raa_context_role,current_activity_status,discovery_rank
4149,bb77097a-0593-4699-861e-4715bf18e27a,Grävsten herrgård,Sweden,58.3515719205,15.8922615755,https://browser.sead.se/site/4149,chronology_and_bibliography_ready,True,89,398,2,"[""dating_range"", ""dendrochronology""]",691,690,6,116,690,9863,coarse_spatial_context_only,not_captured_by_repository_sources,1
3973,d4efb75a-b957-44b5-9c24-e42adb7a56a5,Tvartorps gård,Sweden,58.8356707398,15.8465332706,https://browser.sead.se/site/3973,chronology_and_bibliography_ready,True,152,289,2,"[""dating_range"", ""dendrochronology""]",504,504,15,84,504,9863,coarse_spatial_context_only,not_captured_by_repository_sources,2
4052,52de9e4d-d13e-459a-9ccf-0702b6d5588a,Norra Mellby kyrka,Sweden,56.0487252518,13.7194676553,https://browser.sead.se/site/4052,chronology_and_bibliography_ready,True,216,253,2,"[""dating_range"", ""dendrochronology""]",454,454,2,70,454,8912,coarse_spatial_context_only,not_captured_by_repository_sources,3
4066,157aaed0-c5d8-4cf4-aef5-e1a9652ce37f,Lärbro kyrka,Sweden,57.7871605877,18.7938608719,https://browser.sead.se/site/4066,chronology_and_bibliography_ready,True,109,252,2,"[""dating_range"", ""dendrochronology""]",426,426,1,72,426,13558,coarse_spatial_context_only,not_captured_by_repository_sources,4
3890,d7e8b031-ce90-44d8-9637-a0fffce70368,Kvarteret Ciselören,Sweden,57.6684137998,14.9702453854,https://browser.sead.se/site/3890,chronology_and_bibliography_ready,True,102,236,2,"[""dating_range"", ""dendrochronology""]",378,378,1,64,378,8067,coarse_spatial_context_only,not_captured_by_repository_sources,5
3924,bebb6adb-fefb-461e-80bd-779e7d799ac3,Ösjöfors handpappersbruk,Sweden,57.7558690113,15.5669247642,https://browser.sead.se/site/3924,chronology_and_bibliography_ready,True,78,232,2,"[""dating_range"", ""dendrochronology""]",406,406,4,58,406,4004,coarse_spatial_context_only,not_captured_by_repository_sources,6
4152,e6b74e68-d8ef-4b50-a458-2c2e55943c1c,Glimmingehus,Sweden,55.5009089705,14.2310562858,https://browser.sead.se/site/4152,chronology_and_bibliography_ready,True,163,221,2,"[""dating_range"", ""dendrochronology""]",548,548,3,85,548,3205,coarse_spatial_context_only,not_captured_by_repository_sources,7
4034,6ea8dd44-eb50-4fc2-8688-cf5e0eb24dd7,Rogslösa kyrka,Sweden,58.3828598943,14.7435739026,https://browser.sead.se/site/4034,chronology_and_bibliography_ready,True,143,203,2,"[""dating_range"", ""dendrochronology""]",361,360,1,63,360,3815,coarse_spatial_context_only,not_captured_by_repository_sources,8
3906,ca39e951-7745-4e4c-8e84-7627921796b3,Hunnebergsgatan,Sweden,58.412078418,15.613317767,https://browser.sead.se/site/3906,chronology_and_bibliography_ready,True,86,186,2,"[""dating_range"", ""dendrochronology""]",434,434,5,67,434,9863,coarse_spatial_context_only,not_captured_by_repository_sources,9
4161,1cbb1bae-963b-4c37-99bd-643d270f607a,Föllingsö säteri,Sweden,57.9792353144,15.5982792286,https://browser.sead.se/site/4161,chronology_and_bibliography_ready,True,65,169,2,"[""dating_range"", ""dendrochronology""]",258,258,6,43,258,4004,coarse_spatial_context_only,not_captured_by_repository_sources,10
4191,1c94061f-62b9-4493-9375-5796254d3078,Cramérska huset,Sweden,57.6413266574,18.2957180164,https://browser.sead.se/site/4191,chronology_and_bibliography_ready,True,94,163,2,"[""dating_range"", ""dendrochronology""]",258,258,1,43,258,13558,coarse_spatial_context_only,not_captured_by_repository_sources,11
4049,906279cf-1297-4b6c-a6ef-6f60fb2d621f,Norra Åsums kyrka,Sweden,55.9895996121,14.1514451464,https://browser.sead.se/site/4049,chronology_and_bibliography_ready,True,141,161,2,"[""dating_range"", ""dendrochronology""]",335,335,1,50,335,3205,coarse_spatial_context_only,not_captured_by_repository_sources,12
4112,16c0f92e-091f-4e10-a646-2a16df15c14a,Härnevi kyrka,Sweden,59.7272333569,17.0759149131,https://browser.sead.se/site/4112,chronology_and_bibliography_ready,True,108,153,2,"[""dating_range"", ""dendrochronology""]",318,318,1,49,318,27450,coarse_spatial_context_only,not_captured_by_repository_sources,13
4169,129e9553-eda6-460c-bed3-02db461fac44,Flöxhult säteri,Sweden,57.0616855739,15.5916708875,https://browser.sead.se/site/4169,chronology_and_bibliography_ready,True,79,152,2,"[""dating_range"", ""dendrochronology""]",319,319,9,49,319,4004,coarse_spatial_context_only,not_captured_by_repository_sources,14
3843,af14f744-8d00-4b7b-899e-d6a3fba5a098,Verksgatan,Sweden,58.1988383361,16.0048511229,https://browser.sead.se/site/3843,chronology_and_bibliography_ready,True,32,148,2,"[""dating_range"", ""dendrochronology""]",204,204,3,34,204,12413,coarse_spatial_context_only,not_captured_by_repository_sources,15
4005,faaf84bc-385f-4ffc-8528-f250e5483ca1,Smedstorp,Sweden,57.9433759312,15.4137172846,https://browser.sead.se/site/4005,chronology_and_bibliography_ready,True,26,142,2,"[""dating_range"", ""dendrochronology""]",222,222,5,37,222,4004,coarse_spatial_context_only,not_captured_by_repository_sources,16
4117,673287d2-df18-4435-9b1c-fb6167fde8a6,Hunnebergsgatan 30A,Sweden,58.413038648,15.6097230179,https://browser.sead.se/site/4117,chronology_and_bibliography_ready,True,44,136,2,"[""dating_range"", ""dendrochronology""]",292,292,2,44,292,9863,coarse_spatial_context_only,not_captured_by_repository_sources,17
4135,80e1fded-df2d-4c15-98bd-de9219f4a6e0,Hammarlunda kyrka,Sweden,55.7370635839,13.438054968,https://browser.sead.se/site/4135,chronology_and_bibliography_ready,True,101,121,2,"[""dating_range"", ""dendrochronology""]",282,282,1,47,282,6654,coarse_spatial_context_only,not_captured_by_repository_sources,18
4165,e52feb52-2468-4640-b24a-9b372e626bf4,Fröken Löfgrens gård,Sweden,58.4124597098,15.627324903,https://browser.sead.se/site/4165,chronology_and_bibliography_ready,True,36,121,2,"[""dating_range"", ""dendrochronology""]",234,234,1,69,234,9863,coarse_spatial_context_only,not_captured_by_repository_sources,19
4013,ff4fb238-e084-4246-a8a7-c773f39abd28,Skarp-Ösby,Sweden,60.0592589036,18.1975051069,https://browser.sead.se/site/4013,chronology_and_bibliography_ready,True,26,118,2,"[""dating_range"", ""dendrochronology""]",168,168,2,28,168,3238,coarse_spatial_context_only,not_captured_by_repository_sources,20
4098,49780734-0a7e-495c-9a3e-9af5382cd4f1,Krapperups borg,Sweden,56.2620769233,12.5302627748,https://browser.sead.se/site/4098,chronology_and_bibliography_ready,True,107,116,2,"[""dating_range"", ""dendrochronology""]",283,283,1,43,283,6333,coarse_spatial_context_only,not_captured_by_repository_sources,21
4172,0d6f9784-e765-4355-b65a-65278e132025,Fjellskäfte säteri,Sweden,59.1191566711,16.3647591532,https://browser.sead.se/site/4172,chronology_and_bibliography_ready,True,51,110,2,"[""dating_range"", ""dendrochronology""]",203,203,2,29,203,15126,coarse_spatial_context_only,not_captured_by_repository_sources,22
3990,304d2e4d-1f39-491c-88eb-e5d1049a8e7e,Sundbyviks gård,Sweden,59.4496174411,16.3425451286,https://browser.sead.se/site/3990,chronology_and_bibliography_ready,True,6,108,2,"[""dating_range"", ""dendrochronology""]",162,162,2,27,162,15126,coarse_spatial_context_only,not_captured_by_repository_sources,23
4121,c9a36da6-d86c-48e6-9da5-e0c443c53c93,Hovdala slott,Sweden,56.1036848292,13.7137204295,https://browser.sead.se/site/4121,chronology_and_bibliography_ready,True,73,101,2,"[""dating_range"", ""dendrochronology""]",218,217,3,36,217,8912,coarse_spatial_context_only,not_captured_by_repository_sources,24
3900,05c7d809-4d43-4217-aa30-73f0228ca31c,Ingatorp,Sweden,57.6380382075,15.4073076125,https://browser.sead.se/site/3900,chronology_and_bibliography_ready,True,80,100,2,"[""dating_range"", ""dendrochronology""]",239,239,2,37,239,4004,coarse_spatial_context_only,not_captured_by_repository_sources,25
4222,573b0593-a046-42f8-9a7d-d0fd00ec7494,Bankekinds kyrka,Sweden,58.3760722953,15.8200924421,https://browser.sead.se/site/4222,chronology_and_bibliography_ready,True,74,100,2,"[""dating_range"", ""dendrochronology""]",162,162,1,28,162,9863,coarse_spatial_context_only,not_captured_by_repository_sources,26
4162,074373e7-f168-4eb8-9611-49402e600028,Färlövs kyrka,Sweden,56.0741126978,14.083255033,https://browser.sead.se/site/4162,chronology_and_bibliography_ready,True,88,92,2,"[""dating_range"", ""dendrochronology""]",156,156,1,26,156,10817,coarse_spatial_context_only,not_captured_by_repository_sources,27
4039,c32f2531-a19e-41fa-876a-f3f10c53700e,Perstorps kyrka,Sweden,56.1416136158,13.3867602912,https://browser.sead.se/site/4039,chronology_and_bibliography_ready,True,76,88,2,"[""dating_range"", ""dendrochronology""]",202,202,2,30,202,8912,coarse_spatial_context_only,not_captured_by_repository_sources,28
4164,9c6dbdb8-e169-4bb8-b912-2aa948cd8f92,Furingstads kyrka,Sweden,58.5554415248,16.3444366205,https://browser.sead.se/site/4164,chronology_and_bibliography_ready,True,73,85,2,"[""dating_range"", ""dendrochronology""]",160,160,1,24,160,12413,coarse_spatial_context_only,not_captured_by_repository_sources,29
4014,8eb636b3-b7d1-436c-8e09-cda8c69ee0de,Skabersjö slott,Sweden,55.5407035295,13.1471592635,https://browser.sead.se/site/4014,chronology_and_bibliography_ready,True,52,84,2,"[""dating_range"", ""dendrochronology""]",188,188,1,28,188,6654,coarse_spatial_context_only,not_captured_by_repository_sources,30
4214,551a6e4d-9b19-4892-91a1-978b53696281,Bjärsjöholms slott,Sweden,55.4534400797,13.7775800683,https://browser.sead.se/site/4214,chronology_and_bibliography_ready,True,58,84,2,"[""dating_range"", ""dendrochronology""]",162,162,1,27,162,6654,coarse_spatial_context_only,not_captured_by_repository_sources,31
3913,526acab1-74bc-434e-864e-e9582973c596,Friggestad,Sweden,55.9026716839,13.9326988282,https://browser.sead.se/site/3913,chronology_and_bibliography_ready,True,60,84,2,"[""dating_range"", ""dendrochronology""]",144,144,3,25,144,6654,coarse_spatial_context_only,not_captured_by_repository_sources,32
3994,fd107efc-6115-41cd-8d8b-55fe53fa786d,Stora Köpinge kyrka,Sweden,55.470583297,13.9474727836,https://browser.sead.se/site/3994,chronology_and_bibliography_ready,True,68,82,2,"[""dating_range"", ""dendrochronology""]",168,168,1,30,168,6654,coarse_spatial_context_only,not_captured_by_repository_sources,33
3840,000ef3d9-389f-46cd-8cf9-a9c49507f5cd,Vippröste,Sweden,58.1240511434,15.4352815847,https://browser.sead.se/site/3840,chronology_and_bibliography_ready,True,12,80,2,"[""dating_range"", ""dendrochronology""]",140,140,1,21,140,9863,coarse_spatial_context_only,not_captured_by_repository_sources,34
4174,5e3a3d5c-0bd1-4832-bdc2-69f717de8a2f,Finntorp,Sweden,58.8976171968,15.9373051965,https://browser.sead.se/site/4174,chronology_and_bibliography_ready,True,6,80,2,"[""dating_range"", ""dendrochronology""]",120,120,2,20,120,9863,coarse_spatial_context_only,not_captured_by_repository_sources,35
4080,369c946e-5ff5-4aa5-be6a-56ccead2300e,Lau Kyrka,Sweden,57.2829069812,18.6201900158,https://browser.sead.se/site/4080,chronology_and_bibliography_ready,True,26,77,2,"[""dating_range"", ""dendrochronology""]",120,120,1,20,120,13558,coarse_spatial_context_only,not_captured_by_repository_sources,36
3893,0f31d67c-544d-452b-ab1f-b19a26e6bde3,Kvarteret Boktryckaren,Sweden,57.6683956105,14.9693066636,https://browser.sead.se/site/3893,chronology_and_bibliography_ready,True,30,76,2,"[""dating_range"", ""dendrochronology""]",144,144,1,24,144,8067,coarse_spatial_context_only,not_captured_by_repository_sources,37
4130,90f62ffb-b8d5-402b-8db7-64ddce26859f,Hejde kyrka,Sweden,57.41279186,18.346056546,https://browser.sead.se/site/4130,chronology_and_bibliography_ready,True,29,75,2,"[""dating_range"", ""dendrochronology""]",123,123,1,20,123,13558,coarse_spatial_context_only,not_captured_by_repository_sources,38
4219,c95e0b67-3a85-48bc-b378-cf1cbf59aeb0,Biskops,Sweden,57.8524433281,19.0470244846,https://browser.sead.se/site/4219,chronology_and_bibliography_ready,True,46,75,2,"[""dating_range"", ""dendrochronology""]",114,114,1,19,114,,coarse_spatial_context_only,not_captured_by_repository_sources,39
4142,ebbaa6f2-770c-45c5-b8e7-a150ce8ac49a,Hagebyhöga kyrka,Sweden,58.46746785,14.9747329733,https://browser.sead.se/site/4142,chronology_and_bibliography_ready,True,60,74,2,"[""dating_range"", ""dendrochronology""]",211,211,1,34,211,3815,coarse_spatial_context_only,not_captured_by_repository_sources,40
4143,47772855-7860-4774-bd8c-3698cd842914,Hagby kyrka,Sweden,56.5546307122,16.1766390834,https://browser.sead.se/site/4143,chronology_and_bibliography_ready,True,30,72,2,"[""dating_range"", ""dendrochronology""]",132,132,1,22,132,6159,coarse_spatial_context_only,not_captured_by_repository_sources,41
3982,29fc07b9-556d-4e0c-b62a-07b85f1eeb1a,Toresbo,Sweden,56.687873753,15.794011781,https://browser.sead.se/site/3982,chronology_and_bibliography_ready,True,16,72,2,"[""dating_range"", ""dendrochronology""]",102,102,1,17,102,5849,coarse_spatial_context_only,not_captured_by_repository_sources,42
3920,675d9b53-e0e7-4aec-bfcf-004244dbf35d,Stockholms Slott,Sweden,59.3268384536,18.0716158312,https://browser.sead.se/site/3920,chronology_and_bibliography_ready,True,44,69,2,"[""dating_range"", ""dendrochronology""]",253,253,1,40,253,10763,coarse_spatial_context_only,not_captured_by_repository_sources,43
4224,881fae1e-f63c-4a2a-8f20-e15681223332,Baldringe kyrka,Sweden,55.5299390885,13.8401822932,https://browser.sead.se/site/4224,chronology_and_bibliography_ready,True,32,68,2,"[""dating_range"", ""dendrochronology""]",174,174,1,33,174,6654,coarse_spatial_context_only,not_captured_by_repository_sources,44
4213,32bbd3a2-412c-4987-a47c-6a3e2e6ee0d1,Björka kyrka,Sweden,55.656727137,13.6350501242,https://browser.sead.se/site/4213,chronology_and_bibliography_ready,True,56,68,2,"[""dating_range"", ""dendrochronology""]",137,137,1,20,137,6654,coarse_spatial_context_only,not_captured_by_repository_sources,45
3916,4b11319b-6831-45d4-8b6b-b1d02b5f80eb,Borntorp,Sweden,59.9812361508,18.7313972675,https://browser.sead.se/site/3916,chronology_and_bibliography_ready,True,18,68,2,"[""dating_range"", ""dendrochronology""]",131,131,1,19,131,10763,coarse_spatial_context_only,not_captured_by_repository_sources,46
4212,3fe83a56-9d5a-4477-8d85-ffdab003e52d,Bonderups kyrka,Sweden,55.6397157063,13.3565138671,https://browser.sead.se/site/4212,chronology_and_bibliography_ready,True,52,68,2,"[""dating_range"", ""dendrochronology""]",126,126,1,22,126,6654,coarse_spatial_context_only,not_captured_by_repository_sources,47
4054,bc85ede6-a2b8-4382-87ec-e7547f619c15,Noors Herrgård,Sweden,59.8749269109,18.8372757059,https://browser.sead.se/site/4054,chronology_and_bibliography_ready,True,8,68,2,"[""dating_range"", ""dendrochronology""]",123,123,2,19,123,10763,coarse_spatial_context_only,not_captured_by_repository_sources,48
4173,7e013126-2705-43a6-b109-bdd755ae2e28,Fivelstad kyrka,Sweden,58.4418912603,15.0022096889,https://browser.sead.se/site/4173,chronology_and_bibliography_ready,True,40,68,2,"[""dating_range"", ""dendrochronology""]",108,108,1,19,108,9863,coarse_spatial_context_only,not_captured_by_repository_sources,49
4146,e7bbda67-61e2-4b09-80c0-7bbdf869b082,Gålarmora,Sweden,60.3364979894,18.013698688,https://browser.sead.se/site/4146,chronology_and_bibliography_ready,True,38,68,2,"[""dating_range"", ""dendrochronology""]",102,102,1,17,102,3238,coarse_spatial_context_only,not_captured_by_repository_sources,50
4114,96e048bb-1dd5-4e9b-b5d7-7f105600ff82,Härads kyrka,Sweden,59.3598703443,16.9092602778,https://browser.sead.se/site/4114,chronology_and_bibliography_ready,True,50,67,2,"[""dating_range"", ""dendrochronology""]",128,128,1,21,128,15126,coarse_spatial_context_only,not_captured_by_repository_sources,51
3834,49398c8f-8c82-417e-9c56-c39c9aa15d3f,Tosterup 32:2,Sweden,55.4800716178,13.9867459422,https://browser.sead.se/site/3834,chronology_and_bibliography_ready,True,41,65,2,"[""dating_range"", ""dendrochronology""]",130,130,1,19,130,6654,coarse_spatial_context_only,not_captured_by_repository_sources,52
3987,bcea0173-10dc-44ef-be45-2ec0ca1439a3,Särslövs kyrka,Sweden,55.6213576114,13.1598571309,https://browser.sead.se/site/3987,chronology_and_bibliography_ready,True,44,64,2,"[""dating_range"", ""dendrochronology""]",130,130,1,19,130,6654,coarse_spatial_context_only,not_captured_by_repository_sources,53
4036,731fec52-0950-4e13-b50c-571c4d91b988,Resmo kyrka,Sweden,56.5413620819,16.443276332,https://browser.sead.se/site/4036,chronology_and_bibliography_ready,True,59,63,2,"[""dating_range"", ""dendrochronology""]",186,186,1,32,186,6159,coarse_spatial_context_only,not_captured_by_repository_sources,54
4197,a72ce5b4-cdc7-48c2-af8c-f6baa8ea71ce,Brönnestads kyrka,Sweden,56.0801435964,13.6984040659,https://browser.sead.se/site/4197,chronology_and_bibliography_ready,True,33,62,2,"[""dating_range"", ""dendrochronology""]",119,119,1,18,119,8912,coarse_spatial_context_only,not_captured_by_repository_sources,55
4176,80e960a9-7d2f-4c08-a913-4b94fb5dd801,Farhults kyrka,Sweden,56.2140163145,12.7123001788,https://browser.sead.se/site/4176,chronology_and_bibliography_ready,True,41,61,2,"[""dating_range"", ""dendrochronology""]",147,146,1,22,146,6333,coarse_spatial_context_only,not_captured_by_repository_sources,56
3960,68ae9c5a-f388-4c2a-bb68-a39f836bf1c4,Viggesbo säteri,Sweden,57.69034414,15.5156977131,https://browser.sead.se/site/3960,chronology_and_bibliography_ready,True,29,61,2,"[""dating_range"", ""dendrochronology""]",103,103,5,15,103,4004,coarse_spatial_context_only,not_captured_by_repository_sources,57
4205,758ce4dc-facb-49b0-96a4-a5be2d68fdaa,Bosebo kyrka,Sweden,57.3061935154,13.3510066476,https://browser.sead.se/site/4205,chronology_and_bibliography_ready,True,38,60,2,"[""dating_range"", ""dendrochronology""]",189,189,1,29,189,8587,coarse_spatial_context_only,not_captured_by_repository_sources,58
3956,7a032551-0a4d-458b-9d28-9c44622ea736,Visseltofta kyrka,Sweden,56.427730662,13.8564207006,https://browser.sead.se/site/3956,chronology_and_bibliography_ready,True,52,60,2,"[""dating_range"", ""dendrochronology""]",129,129,1,19,129,8912,coarse_spatial_context_only,not_captured_by_repository_sources,59
4078,9d635daf-cd52-43a1-97c1-f97401cd683c,Lilla Rotsunda,Sweden,59.4860246206,17.9218579973,https://browser.sead.se/site/4078,chronology_and_bibliography_ready,True,6,60,2,"[""dating_range"", ""dendrochronology""]",102,102,1,17,102,27450,coarse_spatial_context_only,not_captured_by_repository_sources,60
3862,637c83bc-d692-4ed5-a9a3-c67e0b317774,Prästtorp,Sweden,58.4028209933,14.8474776891,https://browser.sead.se/site/3862,chronology_and_bibliography_ready,True,43,59,2,"[""dating_range"", ""dendrochronology""]",176,176,1,27,176,3815,coarse_spatial_context_only,not_captured_by_repository_sources,61
4033,6d7c3da7-ad99-4e7c-ade2-266d21889285,Rusthållargården,Sweden,59.616572509,18.4348167539,https://browser.sead.se/site/4033,chronology_and_bibliography_ready,True,20,59,2,"[""dating_range"", ""dendrochronology""]",84,84,1,14,84,10763,coarse_spatial_context_only,not_captured_by_repository_sources,62
4061,6049e35b-132d-41ac-85ed-ee04415b81af,Mellby kyrka,Sweden,57.5560526033,15.1079898518,https://browser.sead.se/site/4061,chronology_and_bibliography_ready,True,47,58,2,"[""dating_range"", ""dendrochronology""]",180,180,2,30,180,4004,coarse_spatial_context_only,not_captured_by_repository_sources,63
3886,039da16a-89ad-40dd-af30-6bd7f1363fb5,Kvarteret Guldsmeden,Sweden,57.6675696327,14.9710674526,https://browser.sead.se/site/3886,chronology_and_bibliography_ready,True,42,57,2,"[""dating_range"", ""dendrochronology""]",138,138,2,24,138,8067,coarse_spatial_context_only,not_captured_by_repository_sources,64
4202,875ab058-0fcf-4081-9e09-24bb92e6227c,Bro kyrka,Sweden,57.6700592876,18.4747985406,https://browser.sead.se/site/4202,chronology_and_bibliography_ready,True,18,57,2,"[""dating_range"", ""dendrochronology""]",114,113,1,18,113,13558,coarse_spatial_context_only,not_captured_by_repository_sources,65
4178,3be79edd-3302-4567-bfa8-e9184037ac44,Etelhems kyrka,Sweden,57.337221976,18.4958931378,https://browser.sead.se/site/4178,chronology_and_bibliography_ready,True,12,56,2,"[""dating_range"", ""dendrochronology""]",126,126,1,21,126,13558,coarse_spatial_context_only,not_captured_by_repository_sources,66
3953,63c21cf2-0ebd-4ef6-8886-dbabca394d0a,Voxtorps kyrka,Sweden,56.5384067914,16.1426361678,https://browser.sead.se/site/3953,chronology_and_bibliography_ready,True,54,56,2,"[""dating_range"", ""dendrochronology""]",108,108,1,18,108,6159,coarse_spatial_context_only,not_captured_by_repository_sources,67
3999,79553ea8-a9dd-4830-90bb-2ebb56736998,Sproge gamla stavkyrka,Sweden,57.2536558517,18.2109779133,https://browser.sead.se/site/3999,chronology_and_bibliography_ready,True,52,56,2,"[""dating_range"", ""dendrochronology""]",90,90,1,15,90,13558,coarse_spatial_context_only,not_captured_by_repository_sources,68
3942,386b74e7-a4e3-4b06-8e59-eb77f854486f,Västra Nöbbelövs kyrka,Sweden,55.435257265,13.6169241057,https://browser.sead.se/site/3942,chronology_and_bibliography_ready,True,44,56,2,"[""dating_range"", ""dendrochronology""]",90,90,1,15,90,6654,coarse_spatial_context_only,not_captured_by_repository_sources,69
3950,a95c7790-bfbb-4db0-960f-16d1d226cd4e,Värna kyrka,Sweden,58.3139760359,15.9247175364,https://browser.sead.se/site/3950,chronology_and_bibliography_ready,True,29,55,2,"[""dating_range"", ""dendrochronology""]",115,115,1,17,115,9863,coarse_spatial_context_only,not_captured_by_repository_sources,70
4075,597195db-7e87-495d-a0dd-c8573f65b336,Linderöds kyrka,Sweden,55.9376955798,13.8238972477,https://browser.sead.se/site/4075,chronology_and_bibliography_ready,True,32,54,2,"[""dating_range"", ""dendrochronology""]",145,145,1,22,145,6654,coarse_spatial_context_only,not_captured_by_repository_sources,71
3933,ec13d6d4-f977-4392-8257-cb5f4eeb0723,Östensbo,Sweden,60.3339385481,18.0553473546,https://browser.sead.se/site/3933,chronology_and_bibliography_ready,True,20,54,2,"[""dating_range"", ""dendrochronology""]",84,84,1,14,84,3238,coarse_spatial_context_only,not_captured_by_repository_sources,72
4231,32741661-fd2a-41be-bde4-d7f9c1bc8c1c,Allemora,Sweden,59.623258476,18.459772415,https://browser.sead.se/site/4231,chronology_and_bibliography_ready,True,20,54,2,"[""dating_range"", ""dendrochronology""]",78,78,1,13,78,10763,coarse_spatial_context_only,not_captured_by_repository_sources,73
4177,d2b579a2-b1b7-4fa9-ae49-42611894798b,Fallebo gård,Sweden,57.2825301121,16.4599047102,https://browser.sead.se/site/4177,chronology_and_bibliography_ready,True,21,53,2,"[""dating_range"", ""dendrochronology""]",116,116,1,17,116,8480,coarse_spatial_context_only,not_captured_by_repository_sources,74
4004,fdc6e022-b4fe-4ad2-9dfb-425ff197b0a5,Smedstorps slott,Sweden,55.5630381446,14.1077989281,https://browser.sead.se/site/4004,chronology_and_bibliography_ready,True,47,53,2,"[""dating_range"", ""dendrochronology""]",115,115,1,17,115,3205,coarse_spatial_context_only,not_captured_by_repository_sources,75
3940,3750934a-75d0-4271-935f-873dd8a8404f,Väversunda kyrka,Sweden,58.3465756683,14.7105073647,https://browser.sead.se/site/3940,chronology_and_bibliography_ready,True,49,53,2,"[""dating_range"", ""dendrochronology""]",84,84,1,14,84,3815,coarse_spatial_context_only,not_captured_by_repository_sources,76
3998,4a655515-7fcc-4b8a-a90c-61095c27722d,Steninge slott,Sweden,59.6020978067,17.8044417982,https://browser.sead.se/site/3998,chronology_and_bibliography_ready,True,18,52,2,"[""dating_range"", ""dendrochronology""]",129,129,4,20,129,27450,coarse_spatial_context_only,not_captured_by_repository_sources,77
3883,0cf610f9-a6dd-48d4-9d78-60da25eabdb4,Kvarteret Kommendanten,Sweden,56.028818534,14.1550941057,https://browser.sead.se/site/3883,chronology_and_bibliography_ready,True,36,52,2,"[""dating_range"", ""dendrochronology""]",114,114,1,19,114,10817,coarse_spatial_context_only,not_captured_by_repository_sources,78
4203,82796ec0-1b8a-4667-b62c-927baca7d274,Bredsätra kyrka,Sweden,56.8448438336,16.7938090021,https://browser.sead.se/site/4203,chronology_and_bibliography_ready,True,50,52,2,"[""dating_range"", ""dendrochronology""]",72,72,1,12,72,6159,coarse_spatial_context_only,not_captured_by_repository_sources,79
4044,1a9ab94c-2ffb-4f03-accd-f0fa5e6c6adb,Näs kyrka,Sweden,57.1101560368,18.2624139623,https://browser.sead.se/site/4044,chronology_and_bibliography_ready,True,19,50,2,"[""dating_range"", ""dendrochronology""]",84,84,1,14,84,13558,coarse_spatial_context_only,not_captured_by_repository_sources,80
4108,3e64700b-3a49-4e01-9d0d-ca2da518236b,Hörsne kyrka,Sweden,57.5585118971,18.5974471903,https://browser.sead.se/site/4108,chronology_and_bibliography_ready,True,42,50,2,"[""dating_range"", ""dendrochronology""]",83,83,1,13,83,13558,coarse_spatial_context_only,not_captured_by_repository_sources,81
3969,3b1b0019-5dbd-4529-8cd0-6830f3ed43b5,Ulriksdals slott,Sweden,59.3882458255,18.0148647054,https://browser.sead.se/site/3969,chronology_and_bibliography_ready,True,32,50,2,"[""dating_range"", ""dendrochronology""]",78,78,1,13,78,10763,coarse_spatial_context_only,not_captured_by_repository_sources,82
4100,098ae136-6ec7-4a3c-835f-0e5e1ee48da6,Kleva gård,Sweden,59.01385283,17.0847642233,https://browser.sead.se/site/4100,chronology_and_bibliography_ready,True,32,49,2,"[""dating_range"", ""dendrochronology""]",96,96,2,14,96,27450,coarse_spatial_context_only,not_captured_by_repository_sources,83
4081,84cb8b7c-0aa4-4c93-b9e8-6c0af51e22dd,Lassor,Sweden,57.9708347187,19.2317309103,https://browser.sead.se/site/4081,chronology_and_bibliography_ready,True,12,49,2,"[""dating_range"", ""dendrochronology""]",72,72,1,12,72,,coarse_spatial_context_only,not_captured_by_repository_sources,84
4109,3323adeb-a682-4769-b3c4-72fccfff7d84,Hörja kyrka,Sweden,56.2056145128,13.5898355804,https://browser.sead.se/site/4109,chronology_and_bibliography_ready,True,42,48,2,"[""dating_range"", ""dendrochronology""]",112,112,1,17,112,8912,coarse_spatial_context_only,not_captured_by_repository_sources,85
4207,5fe96935-0dac-4559-88e7-fbcadddf0f9a,Borgmästargården,Sweden,57.6663230944,15.8477446388,https://browser.sead.se/site/4207,chronology_and_bibliography_ready,True,12,48,2,"[""dating_range"", ""dendrochronology""]",96,96,1,14,96,4004,coarse_spatial_context_only,not_captured_by_repository_sources,86
4122,043cd6a7-6ccf-408b-b68a-92ce62be8c56,Hossmo kyrka,Sweden,56.6371820488,16.225186553,https://browser.sead.se/site/4122,chronology_and_bibliography_ready,True,44,48,2,"[""dating_range"", ""dendrochronology""]",96,96,1,16,96,6159,coarse_spatial_context_only,not_captured_by_repository_sources,87
4198,08a231ea-e01c-4b06-9765-20b511490242,Brunsta gård,Sweden,58.780304488,16.9499694894,https://browser.sead.se/site/4198,chronology_and_bibliography_ready,True,26,48,2,"[""dating_range"", ""dendrochronology""]",95,95,3,15,95,12413,coarse_spatial_context_only,not_captured_by_repository_sources,88
4113,ed9112d6-8a18-4b96-9bbc-8c1bc31520d2,Härlövs kyrka,Sweden,56.9613678499,14.6376292336,https://browser.sead.se/site/4113,chronology_and_bibliography_ready,True,46,48,2,"[""dating_range"", ""dendrochronology""]",78,78,1,14,78,10817,coarse_spatial_context_only,not_captured_by_repository_sources,89
4087,bd9e6c2a-875f-49e3-bbd7-9fa723abca4d,Kyrkvärdsgården,Sweden,60.3168837117,17.4959218268,https://browser.sead.se/site/4087,chronology_and_bibliography_ready,True,8,48,2,"[""dating_range"", ""dendrochronology""]",78,78,1,13,78,5060,coarse_spatial_context_only,not_captured_by_repository_sources,90
4091,d689de2b-d047-4b90-96c5-1301552b176f,Kumlaby kyrka,Sweden,58.0551699017,14.3483650835,https://browser.sead.se/site/4091,chronology_and_bibliography_ready,True,38,48,2,"[""dating_range"", ""dendrochronology""]",77,77,1,11,77,3815,coarse_spatial_context_only,not_captured_by_repository_sources,91
3957,247f1c5e-f70e-49a1-83cd-c521179e90a2,Visby domkyrka,Sweden,57.6417959686,18.2980570848,https://browser.sead.se/site/3957,chronology_and_bibliography_ready,True,10,48,2,"[""dating_range"", ""dendrochronology""]",72,72,1,12,72,13558,coarse_spatial_context_only,not_captured_by_repository_sources,92
3852,1749abac-f01d-4300-ac3f-74ac26c1f338,Stora Harrie,Sweden,55.8041967345,13.1735470066,https://browser.sead.se/site/3852,chronology_and_bibliography_ready,True,37,47,2,"[""dating_range"", ""dendrochronology""]",66,66,1,11,66,6654,coarse_spatial_context_only,not_captured_by_repository_sources,93
4171,1959c373-a8f4-4abb-bb26-06fe461f7392,Fleringe kyrka,Sweden,57.8696514934,18.8770787951,https://browser.sead.se/site/4171,chronology_and_bibliography_ready,True,20,46,2,"[""dating_range"", ""dendrochronology""]",78,78,1,13,78,13558,coarse_spatial_context_only,not_captured_by_repository_sources,94
4011,394114d2-d915-486b-a42c-87c034b4c61a,Skårby kyrka,Sweden,55.4865440236,13.7133457284,https://browser.sead.se/site/4011,chronology_and_bibliography_ready,True,37,45,2,"[""dating_range"", ""dendrochronology""]",138,138,1,26,138,6654,coarse_spatial_context_only,not_captured_by_repository_sources,95
4159,ee98c7c2-668c-4051-b03d-e5a1adc5802c,Gamla prästgården,Sweden,55.7923702296,13.204679547,https://browser.sead.se/site/4159,chronology_and_bibliography_ready,True,20,44,2,"[""dating_range"", ""dendrochronology""]",83,83,1,12,83,6654,coarse_spatial_context_only,not_captured_by_repository_sources,96
4215,1ee2d7e1-017a-4d8c-88de-1b21a277b2b6,Bjäresjö kyrka,Sweden,55.4623008363,13.7500069282,https://browser.sead.se/site/4215,chronology_and_bibliography_ready,True,44,44,2,"[""dating_range"", ""dendrochronology""]",78,78,1,14,78,6654,coarse_spatial_context_only,not_captured_by_repository_sources,97
3970,af23ab28-64f6-4bb7-8376-a2fe1e13d305,Törnbotten,Sweden,56.6695248019,16.5481613697,https://browser.sead.se/site/3970,chronology_and_bibliography_ready,True,38,44,2,"[""dating_range"", ""dendrochronology""]",78,78,2,14,78,6159,coarse_spatial_context_only,not_captured_by_repository_sources,98
4095,f21fc5a8-603c-41b7-bf68-a3542d0e1779,Kråkvik,Sweden,58.0430129509,16.7038344946,https://browser.sead.se/site/4095,chronology_and_bibliography_ready,True,16,44,2,"[""dating_range"", ""dendrochronology""]",77,77,1,11,77,12413,coarse_spatial_context_only,not_captured_by_repository_sources,99
4220,473faead-b102-415a-92e4-d4add569d7b1,Berkinge Herrgård,Sweden,60.3698070737,18.0282795601,https://browser.sead.se/site/4220,chronology_and_bibliography_ready,True,2,44,2,"[""dating_range"", ""dendrochronology""]",66,66,1,11,66,3238,coarse_spatial_context_only,not_captured_by_repository_sources,100
4186,797bac68-f764-41c3-a6b6-b4ec527959f4,Dörby kyrka,Sweden,56.6716229714,16.2331583797,https://browser.sead.se/site/4186,chronology_and_bibliography_ready,True,14,44,2,"[""dating_range"", ""dendrochronology""]",66,66,1,11,66,6159,coarse_spatial_context_only,not_captured_by_repository_sources,101
4127,6792528c-2179-4556-b984-23595d863177,Hemse kyrka,Sweden,57.2329277258,18.3730658735,https://browser.sead.se/site/4127,chronology_and_bibliography_ready,True,44,44,2,"[""dating_range"", ""dendrochronology""]",66,66,1,11,66,13558,coarse_spatial_context_only,not_captured_by_repository_sources,102
4094,da6ced10-f01f-4702-a1bf-9d0fd8408818,Kullerstads kyrka,Sweden,58.5802606909,15.9437001903,https://browser.sead.se/site/4094,chronology_and_bibliography_ready,True,30,43,2,"[""dating_range"", ""dendrochronology""]",106,106,1,16,106,9863,coarse_spatial_context_only,not_captured_by_repository_sources,103
3964,2f922108-5c21-44b1-90b5-cd155c63ce04,Vamlingbo prästgård,Sweden,56.9692204162,18.2291867481,https://browser.sead.se/site/3964,chronology_and_bibliography_ready,True,18,43,2,"[""dating_range"", ""dendrochronology""]",66,66,1,11,66,,coarse_spatial_context_only,not_captured_by_repository_sources,104
3983,47de0eb5-1ab8-4765-acb7-eb447f7d1e6d,Tingstäde kyrka,Sweden,57.7363463435,18.61508962,https://browser.sead.se/site/3983,chronology_and_bibliography_ready,True,24,43,2,"[""dating_range"", ""dendrochronology""]",60,60,1,10,60,13558,coarse_spatial_context_only,not_captured_by_repository_sources,105
4199,98b70bb3-9279-45dc-91c5-d82ca9ec6dfb,Brunnby kyrka,Sweden,56.2592047646,12.5736108173,https://browser.sead.se/site/4199,chronology_and_bibliography_ready,True,34,41,2,"[""dating_range"", ""dendrochronology""]",136,136,1,22,136,6333,coarse_spatial_context_only,not_captured_by_repository_sources,106
3892,208a2ae6-a589-481f-950d-298659582249,Kvarteret Borgmästaren,Sweden,56.663040622,16.3667343936,https://browser.sead.se/site/3892,chronology_and_bibliography_ready,True,29,41,2,"[""dating_range"", ""dendrochronology""]",88,88,2,13,88,6159,coarse_spatial_context_only,not_captured_by_repository_sources,107
4140,fb1ab8fa-fb86-4827-8c08-5b6aa0fa26dd,Hall kyrka,Sweden,57.8920701027,18.715963847,https://browser.sead.se/site/4140,chronology_and_bibliography_ready,True,15,41,2,"[""dating_range"", ""dendrochronology""]",78,78,1,13,78,13558,coarse_spatial_context_only,not_captured_by_repository_sources,108
4020,fdaf2412-b39c-456f-81fe-bce22144303a,Sigfridsgården,Sweden,58.0836600816,16.4944629982,https://browser.sead.se/site/4020,chronology_and_bibliography_ready,True,10,41,2,"[""dating_range"", ""dendrochronology""]",74,74,3,11,74,12413,coarse_spatial_context_only,not_captured_by_repository_sources,109
4001,97f10926-df6f-45aa-85f2-666d9e42c7f4,Sonnorps frälsegård,Sweden,58.5253465014,15.0956199379,https://browser.sead.se/site/4001,chronology_and_bibliography_ready,True,20,40,2,"[""dating_range"", ""dendrochronology""]",90,90,3,15,90,9863,coarse_spatial_context_only,not_captured_by_repository_sources,110
4126,5bd00aa3-2a7c-4978-a1f9-bd227fc818f3,Herrestad kyrka,Sweden,58.3899654744,14.8114946006,https://browser.sead.se/site/4126,chronology_and_bibliography_ready,True,38,40,2,"[""dating_range"", ""dendrochronology""]",84,84,1,15,84,3815,coarse_spatial_context_only,not_captured_by_repository_sources,111
4132,b1ff405a-ce44-4399-8539-65468a71d985,Heda hembygdsgård,Sweden,58.2868011797,14.7020076462,https://browser.sead.se/site/4132,chronology_and_bibliography_ready,True,12,40,2,"[""dating_range"", ""dendrochronology""]",76,76,1,11,76,3815,coarse_spatial_context_only,not_captured_by_repository_sources,112
4181,c2deb3ed-0db4-4908-a2db-b1cf6c558924,Em's herrgård,Sweden,57.127675854,16.4979303262,https://browser.sead.se/site/4181,chronology_and_bibliography_ready,True,18,40,2,"[""dating_range"", ""dendrochronology""]",70,70,1,10,70,8480,coarse_spatial_context_only,not_captured_by_repository_sources,113
3919,f78b8c0a-11e2-4675-95fa-208e26436053,Mjölnargården,Sweden,59.3239915857,18.0969600422,https://browser.sead.se/site/3919,chronology_and_bibliography_ready,True,6,40,2,"[""dating_range"", ""dendrochronology""]",70,70,1,10,70,10763,coarse_spatial_context_only,not_captured_by_repository_sources,114
3978,d35e11a4-4373-436f-a96c-2f6b95d6a287,Tovastugan,Sweden,58.7474760743,17.0144328194,https://browser.sead.se/site/3978,chronology_and_bibliography_ready,True,28,40,2,"[""dating_range"", ""dendrochronology""]",70,70,1,10,70,4303,coarse_spatial_context_only,not_captured_by_repository_sources,115
4040,3ef5f4ae-9afd-49f8-bda0-9d213e4456a6,Pedersborg,Sweden,59.7461323276,18.8157655584,https://browser.sead.se/site/4040,chronology_and_bibliography_ready,True,4,40,2,"[""dating_range"", ""dendrochronology""]",66,66,1,11,66,10763,coarse_spatial_context_only,not_captured_by_repository_sources,116
4157,9e536895-2053-47cc-be8c-d30ac202d9a0,Gammelgarn kyrka,Sweden,57.4045836353,18.8045670233,https://browser.sead.se/site/4157,chronology_and_bibliography_ready,True,10,40,2,"[""dating_range"", ""dendrochronology""]",60,60,1,10,60,13558,coarse_spatial_context_only,not_captured_by_repository_sources,117
4154,1278c0ec-330c-4f46-937f-d11137f3bfe7,Gimo Herrgård,Sweden,60.1790929337,18.1734389044,https://browser.sead.se/site/4154,chronology_and_bibliography_ready,True,4,40,2,"[""dating_range"", ""dendrochronology""]",60,60,1,10,60,3238,coarse_spatial_context_only,not_captured_by_repository_sources,118
4090,ba46855b-97b8-4f4b-b944-ae181637df37,Kummelnäs gård,Sweden,59.351292562,18.2676698306,https://browser.sead.se/site/4090,chronology_and_bibliography_ready,True,14,40,2,"[""dating_range"", ""dendrochronology""]",60,60,1,10,60,10763,coarse_spatial_context_only,not_captured_by_repository_sources,119
4021,73617ef9-801b-4278-9135-8cd051e6a843,Sibbo,Sweden,60.2470811174,17.8295483346,https://browser.sead.se/site/4021,chronology_and_bibliography_ready,True,6,40,2,"[""dating_range"", ""dendrochronology""]",60,60,1,10,60,5060,coarse_spatial_context_only,not_captured_by_repository_sources,120
3965,7759a038-ed0a-4216-ac41-c9878ad33dc0,Valla,Sweden,59.9008131767,18.516524033,https://browser.sead.se/site/3965,chronology_and_bibliography_ready,True,30,40,2,"[""dating_range"", ""dendrochronology""]",60,60,1,10,60,10763,coarse_spatial_context_only,not_captured_by_repository_sources,121
4048,c9c2a8e5-49a5-4637-8ca1-b37dcbb03127,Norrby,Sweden,60.2941280435,18.1089948739,https://browser.sead.se/site/4048,chronology_and_bibliography_ready,True,14,39,2,"[""dating_range"", ""dendrochronology""]",60,60,1,10,60,3238,coarse_spatial_context_only,not_captured_by_repository_sources,122
4060,8a3badb2-aa93-4b1e-bffe-da2ab4867357,Mortorps kyrka,Sweden,56.5883680818,16.0848067211,https://browser.sead.se/site/4060,chronology_and_bibliography_ready,True,5,38,2,"[""dating_range"", ""dendrochronology""]",78,78,1,13,78,6159,coarse_spatial_context_only,not_captured_by_repository_sources,123
3838,304ed2f0-a334-4196-80d2-2074b1008805,Väster Lakbäck,Sweden,60.1743047169,16.9659864264,https://browser.sead.se/site/3838,chronology_and_bibliography_ready,True,23,38,2,"[""dating_range"", ""dendrochronology""]",77,77,1,11,77,4239,coarse_spatial_context_only,not_captured_by_repository_sources,124
4009,062dd47f-595e-4e24-902a-c691aec4f06a,Slevringe gård,Sweden,58.2027733697,15.9603993335,https://browser.sead.se/site/4009,chronology_and_bibliography_ready,True,26,38,2,"[""dating_range"", ""dendrochronology""]",72,72,1,11,72,9863,coarse_spatial_context_only,not_captured_by_repository_sources,125
4089,2e00f295-bd5c-411b-afba-779e52a503f8,Kungsholms kyrka/Ulrika Eleonora kyrka,Sweden,59.3289201851,18.0488017984,https://browser.sead.se/site/4089,chronology_and_bibliography_ready,True,22,38,2,"[""dating_range"", ""dendrochronology""]",66,66,1,11,66,10763,coarse_spatial_context_only,not_captured_by_repository_sources,126
4193,496ffd25-4b83-475a-9e88-0a0815b8b8c7,Burs kyrka,Sweden,57.2456587785,18.508769627,https://browser.sead.se/site/4193,chronology_and_bibliography_ready,True,32,38,2,"[""dating_range"", ""dendrochronology""]",60,60,1,10,60,13558,coarse_spatial_context_only,not_captured_by_repository_sources,127
4012,e0cc8565-946d-40d6-b6cc-05968d4d37c6,Skeppsås kyrka,Sweden,58.453699333,15.2315984439,https://browser.sead.se/site/4012,chronology_and_bibliography_ready,True,25,37,2,"[""dating_range"", ""dendrochronology""]",129,129,1,22,129,9863,coarse_spatial_context_only,not_captured_by_repository_sources,128
4200,f41fe4eb-55e4-4f59-83f7-8dc826dea5de,Bromma kyrka,Sweden,55.470354386,13.8013871193,https://browser.sead.se/site/4200,chronology_and_bibliography_ready,True,27,37,2,"[""dating_range"", ""dendrochronology""]",102,102,1,22,102,6654,coarse_spatial_context_only,not_captured_by_repository_sources,129
3825,a4bd3d00-fcbf-4232-9213-f6eaae8a3726,75533 Örsjö,Sweden,56.6844593966,15.7263416363,https://browser.sead.se/site/3825,chronology_and_bibliography_ready,True,32,37,2,"[""dating_range"", ""dendrochronology""]",94,94,1,16,94,5849,coarse_spatial_context_only,not_captured_by_repository_sources,130
4043,99071a8a-ec45-4b26-b71b-596d2f1608ec,Nääs gård,Sweden,57.9527626474,15.1425988749,https://browser.sead.se/site/4043,chronology_and_bibliography_ready,True,18,37,2,"[""dating_range"", ""dendrochronology""]",70,70,1,10,70,4004,coarse_spatial_context_only,not_captured_by_repository_sources,131
4227,4ed54c8d-baff-4a3d-92e0-09cb273db600,Arby kyrka,Sweden,56.5667765411,16.1224000967,https://browser.sead.se/site/4227,chronology_and_bibliography_ready,True,32,36,2,"[""dating_range"", ""dendrochronology""]",228,228,1,38,228,6159,coarse_spatial_context_only,not_captured_by_repository_sources,132
4201,aba6d419-15dd-4763-9179-94a8e10a9ac4,Broarps gästgiveri,Sweden,57.6347443674,14.8676935405,https://browser.sead.se/site/4201,chronology_and_bibliography_ready,True,26,36,2,"[""dating_range"", ""dendrochronology""]",73,73,1,13,73,8067,coarse_spatial_context_only,not_captured_by_repository_sources,133
3943,96ffb3bb-bf01-4278-92b2-e0880ab0a2b0,Västra Klagstorps kyrka,Sweden,55.5281739447,12.9947204671,https://browser.sead.se/site/3943,chronology_and_bibliography_ready,True,36,36,2,"[""dating_range"", ""dendrochronology""]",66,66,1,11,66,1226,coarse_spatial_context_only,not_captured_by_repository_sources,134
3925,da68aeab-a2cb-4b21-b82a-9d363db35bde,Biby säteri,Sweden,59.2985850114,16.361841554,https://browser.sead.se/site/3925,chronology_and_bibliography_ready,True,20,36,2,"[""dating_range"", ""dendrochronology""]",63,63,1,9,63,15126,coarse_spatial_context_only,not_captured_by_repository_sources,135
3873,00882a56-74f2-4329-9e1b-4b505bfbe8c1,Kvarteret Vaxblekaren,Sweden,57.6677943959,14.9719557061,https://browser.sead.se/site/3873,chronology_and_bibliography_ready,True,16,36,2,"[""dating_range"", ""dendrochronology""]",63,63,1,9,63,8067,coarse_spatial_context_only,not_captured_by_repository_sources,136
4035,fffe40bf-1e66-40d2-a0b7-d623e385c03c,Ristomta gård,Sweden,58.9867577024,17.8041573423,https://browser.sead.se/site/4035,chronology_and_bibliography_ready,True,4,36,2,"[""dating_range"", ""dendrochronology""]",63,63,1,9,63,4303,coarse_spatial_context_only,not_captured_by_repository_sources,137
3856,329f63a5-eb14-4081-b078-1b8a679287d4,Skrickerum,Sweden,58.1512730179,16.416873182,https://browser.sead.se/site/3856,chronology_and_bibliography_ready,True,24,36,2,"[""dating_range"", ""dendrochronology""]",63,63,1,9,63,12413,coarse_spatial_context_only,not_captured_by_repository_sources,138
3980,4c17d90b-7510-4d85-8452-9e968991db42,Torpa prästgård,Sweden,57.9634423864,15.1426074673,https://browser.sead.se/site/3980,chronology_and_bibliography_ready,True,6,36,2,"[""dating_range"", ""dendrochronology""]",63,63,2,9,63,4004,coarse_spatial_context_only,not_captured_by_repository_sources,139
4027,c791762e-fd71-4467-a379-35b30c9c4727,Sandby prästgård,Sweden,56.8769833036,16.8243131497,https://browser.sead.se/site/4027,chronology_and_bibliography_ready,True,32,36,2,"[""dating_range"", ""dendrochronology""]",60,60,1,11,60,6159,coarse_spatial_context_only,not_captured_by_repository_sources,140
3935,9b831ee6-ce65-4015-9002-1a4e66065118,Örs kyrka,Sweden,56.9948172027,14.6748643969,https://browser.sead.se/site/3935,chronology_and_bibliography_ready,True,30,36,2,"[""dating_range"", ""dendrochronology""]",60,60,1,12,60,10817,coarse_spatial_context_only,not_captured_by_repository_sources,141
4179,01fc30e4-8a8a-493b-b42a-a4080d408738,Eriksöre,Sweden,56.6085306117,16.4788957813,https://browser.sead.se/site/4179,chronology_and_bibliography_ready,True,36,36,2,"[""dating_range"", ""dendrochronology""]",54,54,1,9,54,6159,coarse_spatial_context_only,not_captured_by_repository_sources,142
3846,6d52aaad-b8c1-4959-bffd-f972212b36bc,Torhult,Sweden,56.4844293717,15.7508352053,https://browser.sead.se/site/3846,chronology_and_bibliography_ready,True,8,36,2,"[""dating_range"", ""dendrochronology""]",54,54,1,9,54,5849,coarse_spatial_context_only,not_captured_by_repository_sources,143
4228,bb622ba1-e9b4-454c-b8c6-c7a4ca973df0,Appelbergska magasinet,Sweden,59.756832605,18.7068083482,https://browser.sead.se/site/4228,chronology_and_bibliography_ready,True,9,35,2,"[""dating_range"", ""dendrochronology""]",88,88,1,13,88,10763,coarse_spatial_context_only,not_captured_by_repository_sources,144
4037,102db86f-ac90-4e45-a9eb-27ba2e24eeca,Ravlunda kyrka,Sweden,55.7137487946,14.1508450575,https://browser.sead.se/site/4037,chronology_and_bibliography_ready,True,30,33,2,"[""dating_range"", ""dendrochronology""]",102,102,1,17,102,3205,coarse_spatial_context_only,not_captured_by_repository_sources,145
3937,875f059e-2a2a-476e-b4d7-c76dbd5f5ac9,Önsbo,Sweden,60.4588287576,17.960450914,https://browser.sead.se/site/3937,chronology_and_bibliography_ready,True,8,33,2,"[""dating_range"", ""dendrochronology""]",78,78,1,13,78,5060,coarse_spatial_context_only,not_captured_by_repository_sources,146
4041,8a4d9002-e9d7-40bb-b392-f504b3c4e3a8,Ottenby kungsgård,Sweden,56.2324481195,16.4131022179,https://browser.sead.se/site/4041,chronology_and_bibliography_ready,True,21,33,2,"[""dating_range"", ""dendrochronology""]",74,73,1,11,73,6159,coarse_spatial_context_only,not_captured_by_repository_sources,147
4110,697e9b13-75f4-43e7-8dc2-4962ca60823a,Hönstorp,Sweden,56.6625014058,16.5529641114,https://browser.sead.se/site/4110,chronology_and_bibliography_ready,True,19,33,2,"[""dating_range"", ""dendrochronology""]",60,60,1,10,60,6159,coarse_spatial_context_only,not_captured_by_repository_sources,148
4051,caf27a5d-ed46-47fa-8a93-7c869b3e5638,Norra Rörums kyrka,Sweden,56.0203410643,13.5107429543,https://browser.sead.se/site/4051,chronology_and_bibliography_ready,True,25,33,2,"[""dating_range"", ""dendrochronology""]",56,56,1,8,56,8912,coarse_spatial_context_only,not_captured_by_repository_sources,149
3833,d80ee0d3-1156-4535-8741-752d87565743,12051 Bro,Sweden,57.6698565725,18.4661389697,https://browser.sead.se/site/3833,chronology_and_bibliography_ready,True,24,33,2,"[""dating_range"", ""dendrochronology""]",54,54,1,10,54,13558,coarse_spatial_context_only,not_captured_by_repository_sources,150
4170,a815d7e7-0283-43f1-b155-4229b60bd5fd,Flistads kyrka,Sweden,58.4756256101,15.4129405934,https://browser.sead.se/site/4170,chronology_and_bibliography_ready,True,32,32,2,"[""dating_range"", ""dendrochronology""]",156,156,1,26,156,9863,coarse_spatial_context_only,not_captured_by_repository_sources,151
3837,2029c1ce-a9dc-4b00-af3c-4f0493e69659,Åby,Sweden,56.0570831082,14.4880012647,https://browser.sead.se/site/3837,chronology_and_bibliography_ready,True,20,32,2,"[""dating_range"", ""dendrochronology""]",74,74,1,11,74,10817,coarse_spatial_context_only,not_captured_by_repository_sources,152
3902,081e40a9-39d9-4d3a-af1e-50cea2df6491,Högsjö gård,Sweden,59.0303156826,15.6846029132,https://browser.sead.se/site/3902,chronology_and_bibliography_ready,True,2,32,2,"[""dating_range"", ""dendrochronology""]",69,69,2,10,69,3873,coarse_spatial_context_only,not_captured_by_repository_sources,153
4120,c8f0d201-46cc-4623-bce8-e0ab8cc2e371,Hovs kyrka,Sweden,58.37878837,14.9183533241,https://browser.sead.se/site/4120,chronology_and_bibliography_ready,True,26,32,2,"[""dating_range"", ""dendrochronology""]",66,66,1,11,66,3815,coarse_spatial_context_only,not_captured_by_repository_sources,154
3963,1e5bba73-2281-44f0-a165-83d66d023ded,Vanserum,Sweden,56.6902758413,16.6648810588,https://browser.sead.se/site/3963,chronology_and_bibliography_ready,True,30,32,2,"[""dating_range"", ""dendrochronology""]",66,66,1,11,66,6159,coarse_spatial_context_only,not_captured_by_repository_sources,155
3977,2d3b3100-3d1d-4a84-a09c-51ae9fd932be,Trehörna säteri,Sweden,58.1525781452,14.8366734133,https://browser.sead.se/site/3977,chronology_and_bibliography_ready,True,6,32,2,"[""dating_range"", ""dendrochronology""]",60,60,1,10,60,3815,coarse_spatial_context_only,not_captured_by_repository_sources,156
4141,bf87896b-d996-40b9-a86e-f6adface5134,Hakarps kyrka,Sweden,57.796370601,14.3113491593,https://browser.sead.se/site/4141,chronology_and_bibliography_ready,True,20,32,2,"[""dating_range"", ""dendrochronology""]",56,56,1,8,56,8067,coarse_spatial_context_only,not_captured_by_repository_sources,157
3901,5d9aee3a-470b-416e-9967-79df72ae454d,Ilnestorp,Sweden,55.9122321444,13.9472829936,https://browser.sead.se/site/3901,chronology_and_bibliography_ready,True,30,32,2,"[""dating_range"", ""dendrochronology""]",48,48,2,10,48,6654,coarse_spatial_context_only,not_captured_by_repository_sources,158
3949,96661daf-0d5b-486b-ab8e-1e3f88a2d77d,Väsby kvarn,Sweden,59.5330507391,18.067232364,https://browser.sead.se/site/3949,chronology_and_bibliography_ready,True,12,32,2,"[""dating_range"", ""dendrochronology""]",48,48,1,8,48,10763,coarse_spatial_context_only,not_captured_by_repository_sources,159
4064,b253ef95-e28f-45ca-b71c-623c0480a352,Löts kyrka,Sweden,56.9181649388,16.837723756,https://browser.sead.se/site/4064,chronology_and_bibliography_ready,True,31,31,2,"[""dating_range"", ""dendrochronology""]",66,66,1,11,66,6159,coarse_spatial_context_only,not_captured_by_repository_sources,160
4102,8ef81840-0a53-4ebf-8e3e-1f0f796956c0,Kisa hotell och konferens,Sweden,57.9869621622,15.6367139929,https://browser.sead.se/site/4102,chronology_and_bibliography_ready,True,20,30,2,"[""dating_range"", ""dendrochronology""]",55,55,1,11,55,4004,coarse_spatial_context_only,not_captured_by_repository_sources,161
3986,e0370c95-6366-4b2a-b866-f749b0e0b3ae,Södermanland-Nerikes nation,Sweden,59.858988942,17.6288659692,https://browser.sead.se/site/3986,chronology_and_bibliography_ready,True,20,29,2,"[""dating_range"", ""dendrochronology""]",78,78,1,13,78,27450,coarse_spatial_context_only,not_captured_by_repository_sources,162
3921,66d3f1b0-e339-421d-8553-8a7c897376f0,Hessensteinska huset,Sweden,59.3252796064,18.0645470173,https://browser.sead.se/site/3921,chronology_and_bibliography_ready,True,24,29,2,"[""dating_range"", ""dendrochronology""]",72,72,1,12,72,10763,coarse_spatial_context_only,not_captured_by_repository_sources,163
4000,1613da3b-a71e-44da-9899-648183c66e46,Spargott,Sweden,55.9426474373,12.9631975336,https://browser.sead.se/site/4000,chronology_and_bibliography_ready,True,12,29,2,"[""dating_range"", ""dendrochronology""]",55,55,2,8,55,1226,coarse_spatial_context_only,not_captured_by_repository_sources,164
4147,487f255a-f21b-4fa5-8693-f8900ce106b4,Guldrupe kyrka,Sweden,57.4303913604,18.4266631287,https://browser.sead.se/site/4147,chronology_and_bibliography_ready,True,20,28,2,"[""dating_range"", ""dendrochronology""]",149,149,1,24,149,13558,coarse_spatial_context_only,not_captured_by_repository_sources,165
3828,c31f6056-e97c-441c-bbda-d636eb36a079,75549 Nybro,Sweden,56.7376874617,15.9333443683,https://browser.sead.se/site/3828,chronology_and_bibliography_ready,True,26,28,2,"[""dating_range"", ""dendrochronology""]",138,138,1,23,138,5849,coarse_spatial_context_only,not_captured_by_repository_sources,166
4105,b749b09f-6eb0-48bc-87c1-76d19df27cc0,Kaga kyrka,Sweden,58.4532111432,15.529385322,https://browser.sead.se/site/4105,chronology_and_bibliography_ready,True,21,28,2,"[""dating_range"", ""dendrochronology""]",114,114,1,19,114,9863,coarse_spatial_context_only,not_captured_by_repository_sources,167
3958,34eafd56-b9d4-4f7f-8d2c-97c6ab61025d,Vireda kyrka,Sweden,57.915504815,14.6333559785,https://browser.sead.se/site/3958,chronology_and_bibliography_ready,True,28,28,2,"[""dating_range"", ""dendrochronology""]",103,103,1,16,103,8067,coarse_spatial_context_only,not_captured_by_repository_sources,168
3922,efd03f8a-07c5-49af-8bb5-27bcdbec72ff,Wrangelska palatset,Sweden,59.3251154621,18.0627386877,https://browser.sead.se/site/3922,chronology_and_bibliography_ready,True,18,28,2,"[""dating_range"", ""dendrochronology""]",102,102,1,16,102,10763,coarse_spatial_context_only,not_captured_by_repository_sources,169
4194,18f2eb6f-2efc-464f-93dc-2c7196533fa0,Burmeisterska huset,Sweden,57.6392324458,18.2915723418,https://browser.sead.se/site/4194,chronology_and_bibliography_ready,True,20,28,2,"[""dating_range"", ""dendrochronology""]",78,78,1,13,78,13558,coarse_spatial_context_only,not_captured_by_repository_sources,170
4071,211fbeaa-bc89-4ed5-bf1d-521085156b27,Lopperstad,Sweden,56.6863049239,16.6934905697,https://browser.sead.se/site/4071,chronology_and_bibliography_ready,True,26,28,2,"[""dating_range"", ""dendrochronology""]",78,78,1,13,78,6159,coarse_spatial_context_only,not_captured_by_repository_sources,171
3938,334b1146-34b1-43bb-a688-45d350cf559c,Älvestads kyrka,Sweden,58.4457789678,15.2964228007,https://browser.sead.se/site/3938,chronology_and_bibliography_ready,True,20,28,2,"[""dating_range"", ""dendrochronology""]",67,67,1,10,67,9863,coarse_spatial_context_only,not_captured_by_repository_sources,172
4125,b460ce53-469e-4b0a-b345-239880d32475,Hester gamla gästgiveri,Sweden,58.1545506911,14.992625859,https://browser.sead.se/site/4125,chronology_and_bibliography_ready,True,10,28,2,"[""dating_range"", ""dendrochronology""]",65,65,2,10,65,3815,coarse_spatial_context_only,not_captured_by_repository_sources,173
4083,9f5fe79a-7358-4c61-96c1-556380529c78,Kävlinge gamla kyrka,Sweden,55.7904585547,13.1060322317,https://browser.sead.se/site/4083,chronology_and_bibliography_ready,True,28,28,2,"[""dating_range"", ""dendrochronology""]",61,61,1,9,61,6654,coarse_spatial_context_only,not_captured_by_repository_sources,174
4230,9303be83-59e6-464c-aff2-5fd0456b4e49,Alskogs kyrka,Sweden,57.3315279724,18.627353896,https://browser.sead.se/site/4230,chronology_and_bibliography_ready,True,7,28,2,"[""dating_range"", ""dendrochronology""]",60,60,1,10,60,13558,coarse_spatial_context_only,not_captured_by_repository_sources,175
4189,983bbd4d-be11-49a9-81c8-1dd51523322c,Dalby kyrka,Sweden,55.6643446666,13.3441935422,https://browser.sead.se/site/4189,chronology_and_bibliography_ready,True,27,28,2,"[""dating_range"", ""dendrochronology""]",59,59,1,9,59,6654,coarse_spatial_context_only,not_captured_by_repository_sources,176
3898,90e8a709-fc5a-4ded-8fd0-b2eaf1b13e7e,Karkebo,Sweden,60.2495692205,17.8630769664,https://browser.sead.se/site/3898,chronology_and_bibliography_ready,True,6,28,2,"[""dating_range"", ""dendrochronology""]",56,56,1,8,56,5060,coarse_spatial_context_only,not_captured_by_repository_sources,177
4070,7c776184-2f9f-4e3a-a7b6-888e0a3c1b9a,Lunds domkyrka,Sweden,55.7041071246,13.1934823315,https://browser.sead.se/site/4070,chronology_and_bibliography_ready,True,18,28,2,"[""dating_range"", ""dendrochronology""]",55,55,1,8,55,6654,coarse_spatial_context_only,not_captured_by_repository_sources,178
3959,83d1b3c1-cf8d-45ab-bb38-255ec2c3c6b2,Villie kyrka,Sweden,55.4790114805,13.5977963404,https://browser.sead.se/site/3959,chronology_and_bibliography_ready,True,14,28,2,"[""dating_range"", ""dendrochronology""]",54,54,1,9,54,6654,coarse_spatial_context_only,not_captured_by_repository_sources,179
4206,b1a30c8d-743b-4c3b-95ec-53ddfeb62fa0,Bosarp,Sweden,56.3232396441,14.1353757535,https://browser.sead.se/site/4206,chronology_and_bibliography_ready,True,28,28,2,"[""dating_range"", ""dendrochronology""]",51,51,1,8,51,10817,coarse_spatial_context_only,not_captured_by_repository_sources,180
3888,df69106f-ab50-49c5-84d0-b0a15ac1e1cf,Kvarteret Färgaren,Sweden,57.6689523502,14.9685853665,https://browser.sead.se/site/3888,chronology_and_bibliography_ready,True,18,28,2,"[""dating_range"", ""dendrochronology""]",49,49,1,7,49,8067,coarse_spatial_context_only,not_captured_by_repository_sources,181
3997,b696526b-e13f-4a89-a0b6-0436c14407c3,Stensjö,Sweden,58.9697934324,16.3298735473,https://browser.sead.se/site/3997,chronology_and_bibliography_ready,True,6,28,2,"[""dating_range"", ""dendrochronology""]",49,49,1,7,49,12413,coarse_spatial_context_only,not_captured_by_repository_sources,182
4190,deef55ed-34e7-4571-b95c-1de65c3cd887,Dalby kungsgård,Sweden,55.6645794767,13.3442790198,https://browser.sead.se/site/4190,chronology_and_bibliography_ready,True,28,28,2,"[""dating_range"", ""dendrochronology""]",48,48,1,9,48,6654,coarse_spatial_context_only,not_captured_by_repository_sources,183
4067,630520cd-232f-4e34-ae75-ac00e6befae1,Länsmansgården,Sweden,59.4934711749,18.3284417206,https://browser.sead.se/site/4067,chronology_and_bibliography_ready,True,18,28,2,"[""dating_range"", ""dendrochronology""]",45,45,1,7,45,10763,coarse_spatial_context_only,not_captured_by_repository_sources,184
3917,3482932d-2bfc-4a58-ae62-f241f1179556,Björkenäs,Sweden,57.7879896964,15.8513684344,https://browser.sead.se/site/3917,chronology_and_bibliography_ready,True,18,28,2,"[""dating_range"", ""dendrochronology""]",42,42,1,7,42,4004,coarse_spatial_context_only,not_captured_by_repository_sources,185
3896,d6b7597c-de03-4837-ad4c-c33287f034d4,Krogsfall,Sweden,58.0468080488,15.6153996599,https://browser.sead.se/site/3896,chronology_and_bibliography_ready,True,2,28,2,"[""dating_range"", ""dendrochronology""]",42,42,1,7,42,9863,coarse_spatial_context_only,not_captured_by_repository_sources,186
4058,e29127a4-50d6-4036-899c-4b8198d87943,Måcketorpsboden,Sweden,57.1672248969,15.3526086089,https://browser.sead.se/site/4058,chronology_and_bibliography_ready,True,27,28,2,"[""dating_range"", ""dendrochronology""]",42,42,1,6,42,4004,coarse_spatial_context_only,not_captured_by_repository_sources,187
3967,1cc41986-68be-46de-88b4-a5414fa9cd98,Vadstena rådhus,Sweden,58.4471680385,14.8876316008,https://browser.sead.se/site/3967,chronology_and_bibliography_ready,True,16,27,2,"[""dating_range"", ""dendrochronology""]",36,36,1,6,36,3815,coarse_spatial_context_only,not_captured_by_repository_sources,188
3817,afd94e40-dee9-49dc-a976-3b8f950b3dcf,75525 Småland,Sweden,57.0999947302,14.8833206377,https://browser.sead.se/site/3817,chronology_and_bibliography_ready,True,16,26,2,"[""dating_range"", ""dendrochronology""]",46,46,1,8,46,8067,coarse_spatial_context_only,not_captured_by_repository_sources,189
3884,4fe59139-fa69-4a7e-b426-d9eeb41763ee,Kvarteret Kassamannen,Sweden,57.6704795196,14.969154026,https://browser.sead.se/site/3884,chronology_and_bibliography_ready,True,20,26,2,"[""dating_range"", ""dendrochronology""]",36,36,1,6,36,8067,coarse_spatial_context_only,not_captured_by_repository_sources,190
4050,86761f3e-a3eb-437b-8095-f2aae4bd5ab9,Norra Solberga gamla kyrka,Sweden,57.7216499252,14.8437225965,https://browser.sead.se/site/4050,chronology_and_bibliography_ready,True,25,25,2,"[""dating_range"", ""dendrochronology""]",65,65,1,10,65,8067,coarse_spatial_context_only,not_captured_by_repository_sources,191
3975,627d80a7-a74c-460b-90b1-1400bee61383,Tumbo kyrka,Sweden,59.4259717935,16.3388589456,https://browser.sead.se/site/3975,chronology_and_bibliography_ready,True,25,25,2,"[""dating_range"", ""dendrochronology""]",54,54,1,9,54,15126,coarse_spatial_context_only,not_captured_by_repository_sources,192
3971,7b45cbf7-2a2c-4e44-964a-e27914a7ad84,Tångerda gård,Sweden,57.4625230012,15.0716759291,https://browser.sead.se/site/3971,chronology_and_bibliography_ready,True,12,25,2,"[""dating_range"", ""dendrochronology""]",54,54,3,8,54,4004,coarse_spatial_context_only,not_captured_by_repository_sources,193
4101,ffb32248-d1fc-4f61-8c6d-84f54930f225,Kista hembygdsgård,Sweden,59.9594680567,18.8475983058,https://browser.sead.se/site/4101,chronology_and_bibliography_ready,True,10,25,2,"[""dating_range"", ""dendrochronology""]",42,42,2,6,42,10763,coarse_spatial_context_only,not_captured_by_repository_sources,194
4144,64f55eb6-8259-4fd7-a71d-9e34d87deee3,Gärdslösa kyrka,Sweden,56.7935501423,16.7376193603,https://browser.sead.se/site/4144,chronology_and_bibliography_ready,True,24,24,2,"[""dating_range"", ""dendrochronology""]",96,96,1,16,96,6159,coarse_spatial_context_only,not_captured_by_repository_sources,195
4123,124fe8a8-438b-44b4-b2e2-30d87e130ee3,Horns kyrka,Sweden,57.9010708522,15.8381807879,https://browser.sead.se/site/4123,chronology_and_bibliography_ready,True,22,24,2,"[""dating_range"", ""dendrochronology""]",84,84,1,14,84,4004,coarse_spatial_context_only,not_captured_by_repository_sources,196
4106,4e238c39-2fc0-43f6-821f-9cd22bfadfa2,Jönköpings regemente,Sweden,57.7658874387,14.1974942821,https://browser.sead.se/site/4106,chronology_and_bibliography_ready,True,22,24,2,"[""dating_range"", ""dendrochronology""]",66,66,1,11,66,8067,coarse_spatial_context_only,not_captured_by_repository_sources,197
3894,a39893ac-3ba3-4ae1-96fc-ab52f51bb6bf,Kvarteret Almen,Sweden,57.7822875189,14.1719727915,https://browser.sead.se/site/3894,chronology_and_bibliography_ready,True,12,24,2,"[""dating_range"", ""dendrochronology""]",60,60,1,9,60,8067,coarse_spatial_context_only,not_captured_by_repository_sources,198
3911,5a0c2c7e-4998-4c24-a6d8-a0bb8e9264e6,Föra,Sweden,57.0217696502,16.866672345,https://browser.sead.se/site/3911,chronology_and_bibliography_ready,True,18,24,2,"[""dating_range"", ""dendrochronology""]",56,56,1,9,56,8480,coarse_spatial_context_only,not_captured_by_repository_sources,199
3995,95e88e61-3efd-487d-af96-da75c183db40,Stora Kolfly,Sweden,56.668258298,15.7252303996,https://browser.sead.se/site/3995,chronology_and_bibliography_ready,True,18,24,2,"[""dating_range"", ""dendrochronology""]",54,54,2,9,54,5849,coarse_spatial_context_only,not_captured_by_repository_sources,200
4195,4f944a6e-ac52-451a-bba9-6e7afe5ee11a,Burlövs gamla kyrka,Sweden,55.6366912361,13.1132212027,https://browser.sead.se/site/4195,chronology_and_bibliography_ready,True,24,24,2,"[""dating_range"", ""dendrochronology""]",53,53,1,8,53,6654,coarse_spatial_context_only,not_captured_by_repository_sources,201
3831,b129354a-3fe2-4f28-9b20-56f33e0629b8,75246 Eksjö,Sweden,57.6939534023,14.9827888955,https://browser.sead.se/site/3831,chronology_and_bibliography_ready,True,24,24,2,"[""dating_range"", ""dendrochronology""]",48,48,1,8,48,8067,coarse_spatial_context_only,not_captured_by_repository_sources,202
3929,02967f42-44c3-4af3-b832-8608a3468f16,Östrabo biskopsgård,Sweden,56.8796868193,14.8186359964,https://browser.sead.se/site/3929,chronology_and_bibliography_ready,True,12,24,2,"[""dating_range"", ""dendrochronology""]",48,48,1,7,48,10817,coarse_spatial_context_only,not_captured_by_repository_sources,203
4107,d140c11e-c773-4227-8b63-6603bf71f4c8,Janssongården,Sweden,59.1678809041,18.2375194949,https://browser.sead.se/site/4107,chronology_and_bibliography_ready,True,6,24,2,"[""dating_range"", ""dendrochronology""]",42,42,1,6,42,10763,coarse_spatial_context_only,not_captured_by_repository_sources,204
3889,ef98e833-3aaa-4ae7-aeb3-d152dc4cf759,Kvarteret Fältskären,Sweden,56.6617207235,16.3633745572,https://browser.sead.se/site/3889,chronology_and_bibliography_ready,True,2,24,2,"[""dating_range"", ""dendrochronology""]",42,42,1,6,42,6159,coarse_spatial_context_only,not_captured_by_repository_sources,205
3848,f8425ddb-1d3d-4565-ba20-bb2aa30e550f,Svaneberg,Sweden,56.67043776,16.3156127792,https://browser.sead.se/site/3848,chronology_and_bibliography_ready,True,2,24,2,"[""dating_range"", ""dendrochronology""]",42,42,1,6,42,6159,coarse_spatial_context_only,not_captured_by_repository_sources,206
3845,eba65fd7-da1b-433b-a22e-cf1b18eb7b63,Uggelbo,Sweden,59.920988305,17.1302683973,https://browser.sead.se/site/3845,chronology_and_bibliography_ready,True,6,24,2,"[""dating_range"", ""dendrochronology""]",42,42,1,6,42,27450,coarse_spatial_context_only,not_captured_by_repository_sources,207
3927,563468ad-f85d-450a-bc8f-5822e4860765,Övraby kyrka,Sweden,55.5033468311,13.9526785727,https://browser.sead.se/site/3927,chronology_and_bibliography_ready,True,14,24,2,"[""dating_range"", ""dendrochronology""]",42,42,1,6,42,6654,coarse_spatial_context_only,not_captured_by_repository_sources,208
3822,05a5990a-c32b-403c-9e5a-5ca69c4e2072,75710 Jönköping,Sweden,57.5320112095,14.4060082223,https://browser.sead.se/site/3822,chronology_and_bibliography_ready,True,8,24,2,"[""dating_range"", ""dendrochronology""]",36,36,1,6,36,8067,coarse_spatial_context_only,not_captured_by_repository_sources,209
4024,a0eab3e7-70b4-470e-a2d8-e2421acaae37,Sankt Lars kyrka,Sweden,58.4113830519,15.6252519646,https://browser.sead.se/site/4024,chronology_and_bibliography_ready,True,24,24,2,"[""dating_range"", ""dendrochronology""]",36,36,1,6,36,9863,coarse_spatial_context_only,not_captured_by_repository_sources,210
3857,351819c8-663c-41b1-8c54-2a80cc612894,Skedshult,Sweden,58.0836600816,16.4944629982,https://browser.sead.se/site/3857,chronology_and_bibliography_ready,True,12,24,2,"[""dating_range"", ""dendrochronology""]",36,36,1,6,36,12413,coarse_spatial_context_only,not_captured_by_repository_sources,211
3866,890d2673-5a5b-427f-ab8e-f65060bb18f6,Malmstorp,Sweden,58.6819182804,15.5684635643,https://browser.sead.se/site/3866,chronology_and_bibliography_ready,True,12,22,2,"[""dating_range"", ""dendrochronology""]",42,42,1,6,42,9863,coarse_spatial_context_only,not_captured_by_repository_sources,212
4160,44efd566-7878-4b09-91ed-4702f751b688,Gamla Apoteket,Sweden,57.6412918614,18.2929155225,https://browser.sead.se/site/4160,chronology_and_bibliography_ready,True,14,22,2,"[""dating_range"", ""dendrochronology""]",36,36,1,6,36,13558,coarse_spatial_context_only,not_captured_by_repository_sources,213
4185,6bc3c0a8-8dcd-450d-8c45-be104649d26e,Eke kyrka,Sweden,57.168046693,18.3791792559,https://browser.sead.se/site/4185,chronology_and_bibliography_ready,True,21,21,2,"[""dating_range"", ""dendrochronology""]",126,126,1,21,126,13558,coarse_spatial_context_only,not_captured_by_repository_sources,214
4145,a90d8fd8-735b-4ebf-9412-8440222f5659,Gällstaö Gård,Sweden,59.2824802673,17.8451896473,https://browser.sead.se/site/4145,chronology_and_bibliography_ready,True,8,21,2,"[""dating_range"", ""dendrochronology""]",65,65,1,11,65,27450,coarse_spatial_context_only,not_captured_by_repository_sources,215
3985,902fad00-9f78-47dc-9e4f-b85a9f8d98f5,Södra Möckleby kyrka,Sweden,56.3564864357,16.421603983,https://browser.sead.se/site/3985,chronology_and_bibliography_ready,True,19,21,2,"[""dating_range"", ""dendrochronology""]",60,60,1,10,60,6159,coarse_spatial_context_only,not_captured_by_repository_sources,216
3981,f8b653c9-183a-4e74-8397-dc83c487921c,Torpa kyrka,Sweden,57.9619772617,15.1435311483,https://browser.sead.se/site/3981,chronology_and_bibliography_ready,True,19,21,2,"[""dating_range"", ""dendrochronology""]",49,49,1,7,49,4004,coarse_spatial_context_only,not_captured_by_repository_sources,217
4023,6ff2b577-dcd7-4ec2-a607-549d8024eebc,Sankt Peters klosters kyrka,Sweden,55.7042571221,13.1859792061,https://browser.sead.se/site/4023,chronology_and_bibliography_ready,True,8,21,2,"[""dating_range"", ""dendrochronology""]",48,48,1,8,48,6654,coarse_spatial_context_only,not_captured_by_repository_sources,218
3851,99c030e5-d7cc-40d5-9a45-03e3c1e91a66,Stora Hulterska,Sweden,58.7029188555,16.8021290152,https://browser.sead.se/site/3851,chronology_and_bibliography_ready,True,4,21,2,"[""dating_range"", ""dendrochronology""]",41,41,1,6,41,12413,coarse_spatial_context_only,not_captured_by_repository_sources,219
4096,1efabc32-520b-46bf-9c5d-6a7cffcafe40,Kruttornet,Sweden,57.6422680797,18.2913277078,https://browser.sead.se/site/4096,chronology_and_bibliography_ready,True,17,21,2,"[""dating_range"", ""dendrochronology""]",36,36,1,6,36,13558,coarse_spatial_context_only,not_captured_by_repository_sources,220
3923,ae127299-1ab2-4b2e-b14c-fe919e2d705e,Stenbockska palatset,Sweden,59.3251236041,18.0627745883,https://browser.sead.se/site/3923,chronology_and_bibliography_ready,True,12,20,2,"[""dating_range"", ""dendrochronology""]",77,77,1,12,77,10763,coarse_spatial_context_only,not_captured_by_repository_sources,221
4002,852f80b1-05fe-49a4-8552-abc4a880daaf,Solbaddet,Sweden,59.3629570089,18.0230932849,https://browser.sead.se/site/4002,chronology_and_bibliography_ready,True,8,20,2,"[""dating_range"", ""dendrochronology""]",65,65,1,10,65,10763,coarse_spatial_context_only,not_captured_by_repository_sources,222
4016,a0f6cff2-a283-49b1-9349-b1b491cd6aea,Sjörups gamla kyrka,Sweden,55.440969436,13.6350301362,https://browser.sead.se/site/4016,chronology_and_bibliography_ready,True,12,20,2,"[""dating_range"", ""dendrochronology""]",48,48,1,11,48,6654,coarse_spatial_context_only,not_captured_by_repository_sources,223
4167,e37f250a-7cd3-4d99-a654-448f0197a597,Fornminnesgården,Sweden,57.6690964084,14.9699766107,https://browser.sead.se/site/4167,chronology_and_bibliography_ready,True,18,20,2,"[""dating_range"", ""dendrochronology""]",42,42,1,7,42,8067,coarse_spatial_context_only,not_captured_by_repository_sources,224
3869,fa80d56b-3ea1-4d7d-9971-6faf2f4336f4,Lohärads Prästgård,Sweden,59.8065381953,18.5612982869,https://browser.sead.se/site/3869,chronology_and_bibliography_ready,True,2,20,2,"[""dating_range"", ""dendrochronology""]",42,42,1,6,42,10763,coarse_spatial_context_only,not_captured_by_repository_sources,225
4111,a363c80e-a607-464d-a59f-2c0f66c4c542,Häverö kyrka,Sweden,60.0412829391,18.6804237713,https://browser.sead.se/site/4111,chronology_and_bibliography_ready,True,10,20,2,"[""dating_range"", ""dendrochronology""]",41,41,1,6,41,3238,coarse_spatial_context_only,not_captured_by_repository_sources,226
3878,b93f0069-6a95-4f4f-8a33-102bd9735d68,Kvarteret Repslagaren,Sweden,56.6661231227,16.3707621787,https://browser.sead.se/site/3878,chronology_and_bibliography_ready,True,6,20,2,"[""dating_range"", ""dendrochronology""]",41,41,1,6,41,6159,coarse_spatial_context_only,not_captured_by_repository_sources,227
4166,a3d9c052-267f-4234-8549-d744acc36477,Fröjden,Sweden,58.0836551307,16.4887472928,https://browser.sead.se/site/4166,chronology_and_bibliography_ready,True,10,20,2,"[""dating_range"", ""dendrochronology""]",36,36,1,6,36,12413,coarse_spatial_context_only,not_captured_by_repository_sources,228
4221,4a744ffd-924b-4b39-b592-9881e266ae2d,Bellmanhuset,Sweden,59.3242063671,18.0977532733,https://browser.sead.se/site/4221,chronology_and_bibliography_ready,True,6,20,2,"[""dating_range"", ""dendrochronology""]",32,32,1,5,32,10763,coarse_spatial_context_only,not_captured_by_repository_sources,229
3930,cc41d50c-917f-4db6-b91e-14da73fc86d9,Östra Vrams kyrka,Sweden,55.9310962627,14.0229459209,https://browser.sead.se/site/3930,chronology_and_bibliography_ready,True,18,20,2,"[""dating_range"", ""dendrochronology""]",30,30,1,5,30,3205,coarse_spatial_context_only,not_captured_by_repository_sources,230
4008,8e1abeea-6cfc-4cf7-b64b-d64313eee84d,Slottsskogen,Sweden,57.6870565543,11.9401224056,https://browser.sead.se/site/4008,chronology_and_bibliography_ready,True,17,19,2,"[""dating_range"", ""dendrochronology""]",72,72,4,11,72,5005,coarse_spatial_context_only,not_captured_by_repository_sources,231
4092,a738b610-6182-414a-a9d9-c192463f07a4,Kumla kyrka,Sweden,58.3301518879,14.8820609603,https://browser.sead.se/site/4092,chronology_and_bibliography_ready,True,19,19,2,"[""dating_range"", ""dendrochronology""]",70,70,1,11,70,3815,coarse_spatial_context_only,not_captured_by_repository_sources,232
3972,1258a9f8-57c3-466a-8523-30d9690ee7dd,Tyresö kyrka,Sweden,59.2367220698,18.3015079932,https://browser.sead.se/site/3972,chronology_and_bibliography_ready,True,6,18,2,"[""dating_range"", ""dendrochronology""]",82,82,1,13,82,10763,coarse_spatial_context_only,not_captured_by_repository_sources,233
3872,ad3ec518-6a23-485d-861c-9c854a53f3e8,Kvarteret Vinskänken,Sweden,57.6675874623,14.970480741,https://browser.sead.se/site/3872,chronology_and_bibliography_ready,True,14,18,2,"[""dating_range"", ""dendrochronology""]",28,28,1,4,28,8067,coarse_spatial_context_only,not_captured_by_repository_sources,234
3895,ca4623b0-ee81-4e15-8f09-d5022eadf2d3,Kvarteret Allön,Sweden,56.0300847179,14.1549862137,https://browser.sead.se/site/3895,chronology_and_bibliography_ready,True,12,17,2,"[""dating_range"", ""dendrochronology""]",72,72,1,12,72,10817,coarse_spatial_context_only,not_captured_by_repository_sources,235
3863,b21ac530-812f-44cd-bbe0-bfd7d4b88926,Näs,Sweden,57.6636863995,15.3713909548,https://browser.sead.se/site/3863,chronology_and_bibliography_ready,True,11,17,2,"[""dating_range"", ""dendrochronology""]",35,35,1,5,35,4004,coarse_spatial_context_only,not_captured_by_repository_sources,236
4007,3a042bd3-b8b6-4f5a-ab35-55d8f973c2f4,Slästorp,Sweden,58.1918290817,15.1483176423,https://browser.sead.se/site/4007,chronology_and_bibliography_ready,True,9,17,2,"[""dating_range"", ""dendrochronology""]",28,28,2,4,28,9863,coarse_spatial_context_only,not_captured_by_repository_sources,237
4136,6b851070-803f-4a4a-aa2d-b33e40849d1c,Hallstorps kyrka,Sweden,56.4993020289,16.1102204665,https://browser.sead.se/site/4136,chronology_and_bibliography_ready,True,14,16,2,"[""dating_range"", ""dendrochronology""]",66,66,1,11,66,6159,coarse_spatial_context_only,not_captured_by_repository_sources,238
4156,b8620883-ec7a-40ce-803e-0a09d08d5f4e,Garde kyrka,Sweden,57.3171570885,18.5823675922,https://browser.sead.se/site/4156,chronology_and_bibliography_ready,True,16,16,2,"[""dating_range"", ""dendrochronology""]",59,59,1,9,59,13558,coarse_spatial_context_only,not_captured_by_repository_sources,239
4180,b6147543-f1f9-42c1-bd67-a90c41e0aba8,Erikskulle,Sweden,59.8905697613,18.7118577513,https://browser.sead.se/site/4180,chronology_and_bibliography_ready,True,14,16,2,"[""dating_range"", ""dendrochronology""]",54,54,1,9,54,10763,coarse_spatial_context_only,not_captured_by_repository_sources,240
3844,edde89f4-ea4c-4b26-8ad4-b8a2d29e9bec,Vallsnäs,Sweden,56.941149812,13.5397199636,https://browser.sead.se/site/3844,chronology_and_bibliography_ready,True,6,16,2,"[""dating_range"", ""dendrochronology""]",52,52,1,8,52,8912,coarse_spatial_context_only,not_captured_by_repository_sources,241
4119,8d16cd64-4f52-47b1-ad6d-ae6c74f5fbcb,Hulterstads kyrka,Sweden,56.4494462203,16.5673979521,https://browser.sead.se/site/4119,chronology_and_bibliography_ready,True,12,16,2,"[""dating_range"", ""dendrochronology""]",50,50,1,8,50,6159,coarse_spatial_context_only,not_captured_by_repository_sources,242
3885,ed5a8908-85bf-4bd5-9c5c-447d154fe3d6,Kvarteret Hattmakaren,Sweden,56.6631034526,16.3626413075,https://browser.sead.se/site/3885,chronology_and_bibliography_ready,True,14,16,2,"[""dating_range"", ""dendrochronology""]",46,46,1,7,46,6159,coarse_spatial_context_only,not_captured_by_repository_sources,243
3976,7e6bbf9d-b01c-4f9f-8cec-e978d0901f82,Träne kyrka,Sweden,55.9888691077,13.9912243349,https://browser.sead.se/site/3976,chronology_and_bibliography_ready,True,14,16,2,"[""dating_range"", ""dendrochronology""]",46,46,1,7,46,6654,coarse_spatial_context_only,not_captured_by_repository_sources,244
3954,08f0cfc1-3639-487d-9ee5-f21a027de0c7,Vives,Sweden,57.4382079215,18.2393610784,https://browser.sead.se/site/3954,chronology_and_bibliography_ready,True,16,16,2,"[""dating_range"", ""dendrochronology""]",42,42,1,7,42,13558,coarse_spatial_context_only,not_captured_by_repository_sources,245
3826,7bf79726-b25a-4b8b-b7bb-c3bdf37d80e3,62858 Skånela,Sweden,59.5921656685,17.9253260553,https://browser.sead.se/site/3826,chronology_and_bibliography_ready,True,8,16,2,"[""dating_range"", ""dendrochronology""]",40,40,1,6,40,27450,coarse_spatial_context_only,not_captured_by_repository_sources,246
3909,be6194e7-d8a3-4857-b2c3-020d33cfd231,Grisslehamn,Sweden,60.1021465278,18.8113333236,https://browser.sead.se/site/3909,chronology_and_bibliography_ready,True,8,16,2,"[""dating_range"", ""dendrochronology""]",35,35,1,5,35,3238,coarse_spatial_context_only,not_captured_by_repository_sources,247
3847,878933aa-7969-487f-903f-edf7a7c4d5dd,Tofta,Sweden,57.7925944619,14.7835679577,https://browser.sead.se/site/3847,chronology_and_bibliography_ready,True,2,16,2,"[""dating_range"", ""dendrochronology""]",34,34,1,5,34,8067,coarse_spatial_context_only,not_captured_by_repository_sources,248
4168,22d864a6-45ba-44bb-8fe5-4b1c54c72ea0,Follingbo kyrka,Sweden,57.582323119,18.3833762446,https://browser.sead.se/site/4168,chronology_and_bibliography_ready,True,6,16,2,"[""dating_range"", ""dendrochronology""]",30,30,1,5,30,13558,coarse_spatial_context_only,not_captured_by_repository_sources,249
3952,71778b67-6696-48fb-914e-8058209c6a2a,Våthults kyrka,Sweden,57.3077526466,13.4568705069,https://browser.sead.se/site/3952,chronology_and_bibliography_ready,True,16,16,2,"[""dating_range"", ""dendrochronology""]",30,30,1,5,30,8587,coarse_spatial_context_only,not_captured_by_repository_sources,250
3835,9f8f7e6c-d20a-4a82-8d78-c258d3e30ed9,Ängstigen,Sweden,59.505929373,18.0649806527,https://browser.sead.se/site/3835,chronology_and_bibliography_ready,True,10,16,2,"[""dating_range"", ""dendrochronology""]",30,30,1,5,30,10763,coarse_spatial_context_only,not_captured_by_repository_sources,251
3914,ddbaa08d-95b9-4313-9638-dff0eb5d9e54,Ekeby,Sweden,59.9309248608,18.7352302992,https://browser.sead.se/site/3914,chronology_and_bibliography_ready,True,6,16,2,"[""dating_range"", ""dendrochronology""]",28,28,1,4,28,10763,coarse_spatial_context_only,not_captured_by_repository_sources,252
4182,6531f69e-6de4-41c8-9db8-2a4470f2e956,Ektorpet,Sweden,59.2242707916,18.3087201531,https://browser.sead.se/site/4182,chronology_and_bibliography_ready,True,6,16,2,"[""dating_range"", ""dendrochronology""]",28,28,1,4,28,10763,coarse_spatial_context_only,not_captured_by_repository_sources,253
3905,67390b0c-0c5a-4f19-b674-a1e4d79ae301,Husby,Sweden,58.825337753,17.0722182678,https://browser.sead.se/site/3905,chronology_and_bibliography_ready,True,8,16,2,"[""dating_range"", ""dendrochronology""]",28,28,1,4,28,4303,coarse_spatial_context_only,not_captured_by_repository_sources,254
4042,3cee1ae6-eff5-42f9-be4e-0590d34028c8,Orkesta kyrka,Sweden,59.6047544634,18.1101330621,https://browser.sead.se/site/4042,chronology_and_bibliography_ready,True,14,16,2,"[""dating_range"", ""dendrochronology""]",28,28,1,4,28,10763,coarse_spatial_context_only,not_captured_by_repository_sources,255
3854,2e94ced2-ab59-4490-8177-5bf4d8be4e25,Sköldsborg,Sweden,58.4072010098,15.845373135,https://browser.sead.se/site/3854,chronology_and_bibliography_ready,True,4,16,2,"[""dating_range"", ""dendrochronology""]",28,28,1,4,28,9863,coarse_spatial_context_only,not_captured_by_repository_sources,256
4223,aaba223c-d5f0-47ef-a48a-d31b9f6bec0a,Balkåkra kyrkoruin,Sweden,55.4469192657,13.7156158412,https://browser.sead.se/site/4223,chronology_and_bibliography_ready,True,14,16,2,"[""dating_range"", ""dendrochronology""]",24,24,1,4,24,6654,coarse_spatial_context_only,not_captured_by_repository_sources,257
3881,e7335202-6b37-40ac-8d32-6d7d8e727b8a,Kvarteret Museet,Sweden,57.6394993709,18.2923675582,https://browser.sead.se/site/3881,chronology_and_bibliography_ready,True,16,16,2,"[""dating_range"", ""dendrochronology""]",24,24,1,4,24,13558,coarse_spatial_context_only,not_captured_by_repository_sources,258
4233,c444161c-fac7-45e8-80f6-5ee923ca7db8,Ada Blocks hus,Sweden,57.6414647577,18.2969709754,https://browser.sead.se/site/4233,chronology_and_bibliography_ready,True,11,14,2,"[""dating_range"", ""dendrochronology""]",30,30,1,5,30,13558,coarse_spatial_context_only,not_captured_by_repository_sources,259
4229,18b1c00b-b6b4-406e-8994-4a49e9676527,Alva kyrka,Sweden,57.207482496,18.3615153428,https://browser.sead.se/site/4229,chronology_and_bibliography_ready,True,12,14,2,"[""dating_range"", ""dendrochronology""]",18,18,1,3,18,13558,coarse_spatial_context_only,not_captured_by_repository_sources,260
3936,d2f3e214-f552-496e-8bd0-2951144e0753,Örberga kyrka,Sweden,58.4346795121,14.8023330488,https://browser.sead.se/site/3936,chronology_and_bibliography_ready,True,11,13,2,"[""dating_range"", ""dendrochronology""]",36,36,1,6,36,3815,coarse_spatial_context_only,not_captured_by_repository_sources,261
3966,3bdf2c38-060b-424a-9417-30838ae372f1,Vall kyrka,Sweden,57.5207796756,18.3450564287,https://browser.sead.se/site/3966,chronology_and_bibliography_ready,True,10,13,2,"[""dating_range"", ""dendrochronology""]",30,30,1,5,30,13558,coarse_spatial_context_only,not_captured_by_repository_sources,262
4103,149ee35d-3b12-47d2-b6d9-c3e67b2a0a20,Katthamra,Sweden,57.43267109,18.8521965856,https://browser.sead.se/site/4103,chronology_and_bibliography_ready,True,12,13,2,"[""dating_range"", ""dendrochronology""]",18,18,1,3,18,13558,coarse_spatial_context_only,not_captured_by_repository_sources,263
4187,ab292446-9a2f-4f03-ad4e-d50700eb9b1d,Drottningholms slott,Sweden,59.32165393,17.8869837339,https://browser.sead.se/site/4187,chronology_and_bibliography_ready,True,10,12,2,"[""dating_range"", ""dendrochronology""]",63,63,1,10,63,27450,coarse_spatial_context_only,not_captured_by_repository_sources,264
4093,e2d3faa4-c272-456f-8fd6-69c8feadc3c6,Kulltorps gård,Sweden,58.0871147666,16.4801731603,https://browser.sead.se/site/4093,chronology_and_bibliography_ready,True,8,12,2,"[""dating_range"", ""dendrochronology""]",42,42,1,7,42,12413,coarse_spatial_context_only,not_captured_by_repository_sources,265
3849,30ca544b-efe2-4a58-ac5a-279bfd0c7bee,Stämmeryd,Sweden,56.8065070548,16.0519570649,https://browser.sead.se/site/3849,chronology_and_bibliography_ready,True,12,12,2,"[""dating_range"", ""dendrochronology""]",39,39,1,6,39,6159,coarse_spatial_context_only,not_captured_by_repository_sources,266
4072,9c908d8a-9f6e-4667-a52f-2d26a22ac204,Lojsta kyrka,Sweden,57.3128325904,18.3838930155,https://browser.sead.se/site/4072,chronology_and_bibliography_ready,True,12,12,2,"[""dating_range"", ""dendrochronology""]",30,30,1,5,30,13558,coarse_spatial_context_only,not_captured_by_repository_sources,267
4068,509b288f-9d3b-4c88-a91d-bc5c6afbad36,Långlöts kyrka,Sweden,56.7391604322,16.7247256312,https://browser.sead.se/site/4068,chronology_and_bibliography_ready,True,12,12,2,"[""dating_range"", ""dendrochronology""]",27,27,1,4,27,6159,coarse_spatial_context_only,not_captured_by_repository_sources,268
4003,71f2d18b-745d-43e8-b2c7-4b26e338a52b,Snåret,Sweden,59.5994479031,18.4839007765,https://browser.sead.se/site/4003,chronology_and_bibliography_ready,True,4,12,2,"[""dating_range"", ""dendrochronology""]",27,27,1,4,27,10763,coarse_spatial_context_only,not_captured_by_repository_sources,269
3992,b6bc684c-6eb8-4ff9-8ac2-c4b202f732eb,Stora Rickby,Sweden,59.6919816711,17.8877828299,https://browser.sead.se/site/3992,chronology_and_bibliography_ready,True,6,12,2,"[""dating_range"", ""dendrochronology""]",26,26,1,4,26,27450,coarse_spatial_context_only,not_captured_by_repository_sources,270
4065,5008f1af-7591-4cab-a891-06e583f5d808,Löddeköpinge kyrka,Sweden,55.7591932866,13.0205569903,https://browser.sead.se/site/4065,chronology_and_bibliography_ready,True,12,12,2,"[""dating_range"", ""dendrochronology""]",24,24,1,5,24,6654,coarse_spatial_context_only,not_captured_by_repository_sources,271
3962,93c58c6f-3e46-4c91-bc90-d0e65aed26c9,Viby gård,Sweden,59.4656271685,17.8919882594,https://browser.sead.se/site/3962,chronology_and_bibliography_ready,True,4,12,2,"[""dating_range"", ""dendrochronology""]",24,24,2,4,24,27450,coarse_spatial_context_only,not_captured_by_repository_sources,272
3823,26af438c-b49c-42f0-aaf5-baa55429c809,17200 Ödeshög,Sweden,58.2171235319,14.67374088,https://browser.sead.se/site/3823,chronology_and_bibliography_ready,True,4,12,2,"[""dating_range"", ""dendrochronology""]",21,21,1,3,21,3815,coarse_spatial_context_only,not_captured_by_repository_sources,273
3830,53ff4e91-5606-47d0-b10f-1cfcd05eea4b,62928 Faringe,Sweden,59.9777584604,18.1645160986,https://browser.sead.se/site/3830,chronology_and_bibliography_ready,True,6,12,2,"[""dating_range"", ""dendrochronology""]",21,21,1,3,21,10763,coarse_spatial_context_only,not_captured_by_repository_sources,274
4133,86f02c12-962c-433c-809e-fdbbc100e5e2,Harpsund,Sweden,59.0991847349,16.485494231,https://browser.sead.se/site/4133,chronology_and_bibliography_ready,True,2,12,2,"[""dating_range"", ""dendrochronology""]",21,21,1,3,21,15126,coarse_spatial_context_only,not_captured_by_repository_sources,275
3904,fb0a5c78-8f63-4a4f-b656-c083d32a4d60,Hårsbäck Sör,Sweden,59.8796537658,16.9228252458,https://browser.sead.se/site/3904,chronology_and_bibliography_ready,True,2,12,2,"[""dating_range"", ""dendrochronology""]",21,21,1,3,21,15126,coarse_spatial_context_only,not_captured_by_repository_sources,276
3882,572b8e0f-d8e9-4b16-ad93-35c6818a1fd5,Kvarteret Krögaren,Sweden,56.6634543544,16.3683320541,https://browser.sead.se/site/3882,chronology_and_bibliography_ready,True,8,12,2,"[""dating_range"", ""dendrochronology""]",21,21,1,3,21,6159,coarse_spatial_context_only,not_captured_by_repository_sources,277
3861,e03197c5-84b7-497e-bf51-5f35ea7eda47,Qvarnarp,Sweden,57.6472984191,14.9847376269,https://browser.sead.se/site/3861,chronology_and_bibliography_ready,True,8,12,2,"[""dating_range"", ""dendrochronology""]",21,21,1,3,21,8067,coarse_spatial_context_only,not_captured_by_repository_sources,278
4030,b10261a5-3efe-4b97-b3af-4d361f765588,Ränneslätt,Sweden,57.6711118854,14.951869383,https://browser.sead.se/site/4030,chronology_and_bibliography_ready,True,2,12,2,"[""dating_range"", ""dendrochronology""]",21,21,1,3,21,8067,coarse_spatial_context_only,not_captured_by_repository_sources,279
3855,0617b1b4-83e5-47df-9687-5808ec055f8a,Skålsta,Sweden,59.6918257743,17.7340431894,https://browser.sead.se/site/3855,chronology_and_bibliography_ready,True,2,12,2,"[""dating_range"", ""dendrochronology""]",21,21,1,3,21,27450,coarse_spatial_context_only,not_captured_by_repository_sources,280
3993,40d48b37-f56c-42d5-8fc1-59e0ad35c3d3,Stora Lund,Sweden,58.3639363937,15.7329137085,https://browser.sead.se/site/3993,chronology_and_bibliography_ready,True,2,12,2,"[""dating_range"", ""dendrochronology""]",21,21,1,3,21,9863,coarse_spatial_context_only,not_captured_by_repository_sources,281
3842,92590597-8f13-4701-91e6-bd4e8863f210,Viggeby,Sweden,59.7663912098,17.556815695,https://browser.sead.se/site/3842,chronology_and_bibliography_ready,True,8,12,2,"[""dating_range"", ""dendrochronology""]",21,21,1,3,21,27450,coarse_spatial_context_only,not_captured_by_repository_sources,282
3955,ffefa603-dbcd-4692-af6d-e64f99981049,"Vita Holmen, Löwenströmska sjukhusområdet",Sweden,59.5452811222,17.9091170484,https://browser.sead.se/site/3955,chronology_and_bibliography_ready,True,10,12,2,"[""dating_range"", ""dendrochronology""]",21,21,1,3,21,27450,coarse_spatial_context_only,not_captured_by_repository_sources,283
3951,ce180370-d1cc-4303-a32b-d2e6e69a2b14,Värmdö kyrka,Sweden,59.357572679,18.4975908876,https://browser.sead.se/site/3951,chronology_and_bibliography_ready,True,8,12,2,"[""dating_range"", ""dendrochronology""]",21,21,1,3,21,10763,coarse_spatial_context_only,not_captured_by_repository_sources,284
4184,14daead5-c8b3-416d-bb23-2af4bf41ccdb,Ekeby kyrka,Sweden,57.5951278453,18.514838803,https://browser.sead.se/site/4184,chronology_and_bibliography_ready,True,8,12,2,"[""dating_range"", ""dendrochronology""]",18,18,1,3,18,13558,coarse_spatial_context_only,not_captured_by_repository_sources,285
4128,1f2b3597-a23a-4b64-8633-1fc1a3a4ae18,Hellvi kyrka,Sweden,57.7750977341,18.8953010319,https://browser.sead.se/site/4128,chronology_and_bibliography_ready,True,10,12,2,"[""dating_range"", ""dendrochronology""]",18,18,1,3,18,13558,coarse_spatial_context_only,not_captured_by_repository_sources,286
3907,e134e033-976f-4ff7-8b98-5046f2e095a4,Hults kulla,Sweden,57.6064706378,15.1924987628,https://browser.sead.se/site/3907,chronology_and_bibliography_ready,True,10,12,2,"[""dating_range"", ""dendrochronology""]",18,18,1,3,18,4004,coarse_spatial_context_only,not_captured_by_repository_sources,287
4062,0ef35d99-93b1-4e2e-b656-a574e0125ba1,Mattemåla,Sweden,56.7171345403,15.549081692,https://browser.sead.se/site/4062,chronology_and_bibliography_ready,True,12,12,2,"[""dating_range"", ""dendrochronology""]",18,18,1,3,18,5849,coarse_spatial_context_only,not_captured_by_repository_sources,288
4055,42b49772-f08f-483e-a6c4-ec39be864e0a,Nedre Hävla bruk,Sweden,58.905121173,15.8724814843,https://browser.sead.se/site/4055,chronology_and_bibliography_ready,True,2,12,2,"[""dating_range"", ""dendrochronology""]",18,18,1,3,18,9863,coarse_spatial_context_only,not_captured_by_repository_sources,289
3853,5d70fc04-b91e-44ae-b179-61e856043c6d,Stallbacksvägen,Sweden,59.1832425393,17.4296699654,https://browser.sead.se/site/3853,chronology_and_bibliography_ready,True,8,12,2,"[""dating_range"", ""dendrochronology""]",18,18,1,3,18,27450,coarse_spatial_context_only,not_captured_by_repository_sources,290
3974,46374ae8-17c4-4352-a6e0-8225673e3b36,Tuntorps gård,Sweden,59.0054030408,17.1128119693,https://browser.sead.se/site/3974,chronology_and_bibliography_ready,True,2,12,2,"[""dating_range"", ""dendrochronology""]",18,18,1,3,18,27450,coarse_spatial_context_only,not_captured_by_repository_sources,291
3839,571286ae-7ebf-4e4b-8013-878289c8dcab,Värdshusbacken,Sweden,59.3168343545,17.9843813614,https://browser.sead.se/site/3839,chronology_and_bibliography_ready,True,6,12,2,"[""dating_range"", ""dendrochronology""]",18,18,1,3,18,27450,coarse_spatial_context_only,not_captured_by_repository_sources,292
4183,9deb8f9d-02e5-4e65-af8b-536145211414,Ekelunda,Sweden,56.5714921145,16.576268413,https://browser.sead.se/site/4183,chronology_and_bibliography_ready,True,10,10,2,"[""dating_range"", ""dendrochronology""]",78,78,1,13,78,6159,coarse_spatial_context_only,not_captured_by_repository_sources,293
3824,5636f80d-8b9d-4970-b1de-ee914ec0041c,12068 Gotland,Sweden,57.6101525719,18.6794564984,https://browser.sead.se/site/3824,chronology_and_bibliography_ready,True,4,10,2,"[""dating_range"", ""dendrochronology""]",48,48,1,8,48,13558,coarse_spatial_context_only,not_captured_by_repository_sources,294
4155,951fe508-2932-4a4b-9853-7d2d7c4a0c25,Genarps kyrka,Sweden,55.6032954613,13.3961349048,https://browser.sead.se/site/4155,chronology_and_bibliography_ready,True,9,10,2,"[""dating_range"", ""dendrochronology""]",14,14,1,2,14,6654,coarse_spatial_context_only,not_captured_by_repository_sources,295
3887,d5a49216-b975-44d1-a19f-5d799bc3cf05,Kvarteret Garvaren,Sweden,57.6696892072,14.9697749558,https://browser.sead.se/site/3887,chronology_and_bibliography_ready,True,6,10,2,"[""dating_range"", ""dendrochronology""]",14,14,1,2,14,8067,coarse_spatial_context_only,not_captured_by_repository_sources,296
3946,bea78d54-9d70-4444-9a60-90f4fc28349e,Västergård,Sweden,55.9128297957,12.9780268743,https://browser.sead.se/site/3946,chronology_and_bibliography_ready,True,9,9,2,"[""dating_range"", ""dendrochronology""]",48,48,1,8,48,1226,coarse_spatial_context_only,not_captured_by_repository_sources,297
4115,cb26b3e9-b363-40d8-b353-8bab3fd193b4,Häglinge kyrka,Sweden,55.9907201538,13.704648923,https://browser.sead.se/site/4115,chronology_and_bibliography_ready,True,9,9,2,"[""dating_range"", ""dendrochronology""]",28,28,1,4,28,6654,coarse_spatial_context_only,not_captured_by_repository_sources,298
4192,0513bcc9-d134-405e-9efe-244005bfca26,Bäl kyrka,Sweden,57.6447900202,18.6329661548,https://browser.sead.se/site/4192,chronology_and_bibliography_ready,True,8,9,2,"[""dating_range"", ""dendrochronology""]",14,14,1,2,14,13558,coarse_spatial_context_only,not_captured_by_repository_sources,299
3915,15769e13-a5b6-46cd-b196-f58b16ba86b6,Bruksgatan,Sweden,60.2622542951,17.6633643451,https://browser.sead.se/site/3915,chronology_and_bibliography_ready,True,9,9,2,"[""dating_range"", ""dendrochronology""]",12,12,1,2,12,5060,coarse_spatial_context_only,not_captured_by_repository_sources,300
4131,f1f2948d-d48e-4fe8-85e7-7397bb807252,Hedeskoga kyrka,Sweden,55.4510198918,13.7981628029,https://browser.sead.se/site/4131,chronology_and_bibliography_ready,True,8,8,2,"[""dating_range"", ""dendrochronology""]",60,60,1,10,60,6654,coarse_spatial_context_only,not_captured_by_repository_sources,301
3928,635e6e72-13bb-4b35-bfb4-9060dcc137c7,Överselö kyrka,Sweden,59.4189025381,17.1310342492,https://browser.sead.se/site/3928,chronology_and_bibliography_ready,True,2,8,2,"[""dating_range"", ""dendrochronology""]",56,56,1,9,56,27450,coarse_spatial_context_only,not_captured_by_repository_sources,302
4063,3f855224-d439-4972-ae5d-1f1acd3224e2,Marjsö,Sweden,57.0325591106,16.86076993,https://browser.sead.se/site/4063,chronology_and_bibliography_ready,True,4,8,2,"[""dating_range"", ""dendrochronology""]",48,48,1,8,48,8480,coarse_spatial_context_only,not_captured_by_repository_sources,303
3961,73f7670b-f248-445c-a41b-4b80d5cad976,Vickleby kyrka,Sweden,56.5771519097,16.4600724707,https://browser.sead.se/site/3961,chronology_and_bibliography_ready,True,8,8,2,"[""dating_range"", ""dendrochronology""]",38,38,1,6,38,6159,coarse_spatial_context_only,not_captured_by_repository_sources,304
3947,43a52990-c3db-4e87-afe2-938a117793aa,Västergarn kyrka,Sweden,57.4408299712,18.1508926891,https://browser.sead.se/site/3947,chronology_and_bibliography_ready,True,4,8,2,"[""dating_range"", ""dendrochronology""]",36,36,1,6,36,13558,coarse_spatial_context_only,not_captured_by_repository_sources,305
3871,0a5f999a-774d-4aec-9aaa-41f46696f691,Kvarteret Östergötland,Sweden,59.3174360133,18.0690616945,https://browser.sead.se/site/3871,chronology_and_bibliography_ready,True,8,8,2,"[""dating_range"", ""dendrochronology""]",30,30,1,5,30,10763,coarse_spatial_context_only,not_captured_by_repository_sources,306
4175,a64d91c4-1408-4cdb-9074-13962d6e0b2a,Farstorps församlingshem,Sweden,56.2771504105,13.7959109196,https://browser.sead.se/site/4175,chronology_and_bibliography_ready,True,8,8,2,"[""dating_range"", ""dendrochronology""]",26,26,1,4,26,8912,coarse_spatial_context_only,not_captured_by_repository_sources,307
3908,302aa600-4851-44f1-bf4b-8fcadc72ea8e,Herrökna gård,Sweden,59.1158613488,16.9618752991,https://browser.sead.se/site/3908,chronology_and_bibliography_ready,True,4,8,2,"[""dating_range"", ""dendrochronology""]",25,25,1,4,25,15126,coarse_spatial_context_only,not_captured_by_repository_sources,308
3912,51304647-9903-4f6b-b6c2-b8e94be543d2,Fåglarp,Sweden,57.7302432397,14.9888334886,https://browser.sead.se/site/3912,chronology_and_bibliography_ready,True,6,8,2,"[""dating_range"", ""dendrochronology""]",20,20,1,3,20,8067,coarse_spatial_context_only,not_captured_by_repository_sources,309
3926,f2d9bf9f-1ee2-4d7b-b78a-0163abf10a97,Övre Häfla bruk,Sweden,58.9004942603,15.8248252094,https://browser.sead.se/site/3926,chronology_and_bibliography_ready,True,2,8,2,"[""dating_range"", ""dendrochronology""]",18,18,1,3,18,9863,coarse_spatial_context_only,not_captured_by_repository_sources,310
4153,9d3c9d5f-6f38-49e6-aaf4-c32dbb811147,Glabro,Sweden,58.0905775745,16.5051168223,https://browser.sead.se/site/4153,chronology_and_bibliography_ready,True,4,8,2,"[""dating_range"", ""dendrochronology""]",14,14,1,2,14,12413,coarse_spatial_context_only,not_captured_by_repository_sources,311
4151,89dbfb79-bd72-4e90-8d01-e4d24c9d7ee4,Gothem kyrka,Sweden,57.5754626247,18.7349928797,https://browser.sead.se/site/4151,chronology_and_bibliography_ready,True,6,8,2,"[""dating_range"", ""dendrochronology""]",14,14,1,2,14,13558,coarse_spatial_context_only,not_captured_by_repository_sources,312
4139,fbb27bc5-30e8-4b1a-8cf1-4e1382e055cf,"Halla kyrka, Nyköping",Sweden,58.8583065942,16.6254432029,https://browser.sead.se/site/4139,chronology_and_bibliography_ready,True,8,8,2,"[""dating_range"", ""dendrochronology""]",14,14,1,2,14,12413,coarse_spatial_context_only,not_captured_by_repository_sources,313
3903,eb54bd94-3e22-41f9-8ebd-cbe58c1ae9ab,Häljaryd,Sweden,56.9459010335,14.9851896895,https://browser.sead.se/site/3903,chronology_and_bibliography_ready,True,4,8,2,"[""dating_range"", ""dendrochronology""]",14,14,1,2,14,10817,coarse_spatial_context_only,not_captured_by_repository_sources,314
3816,8c12f90b-851d-42c2-b855-f48bbd16b24d,Låga längan,Sweden,59.324024,18.097877,https://browser.sead.se/site/3816,chronology_and_bibliography_ready,True,2,8,2,"[""dating_range"", ""dendrochronology""]",14,14,1,2,14,10763,coarse_spatial_context_only,not_captured_by_repository_sources,315
3836,c1407cc0-5049-4859-b7e6-99c2a0bbaf8a,Åkarp,Sweden,55.7466125559,13.400742912,https://browser.sead.se/site/3836,chronology_and_bibliography_ready,True,6,8,2,"[""dating_range"", ""dendrochronology""]",14,14,1,2,14,6654,coarse_spatial_context_only,not_captured_by_repository_sources,316
4158,d18b620b-9466-4358-af7f-1892574ef1c6,Gammelgarn kastal,Sweden,57.4043835849,18.8040465235,https://browser.sead.se/site/4158,chronology_and_bibliography_ready,True,6,8,2,"[""dating_range"", ""dendrochronology""]",13,13,1,2,13,13558,coarse_spatial_context_only,not_captured_by_repository_sources,317
3827,f847fbd0-2dae-4a1b-a617-998c988dbec2,12709 Stenkumla,Sweden,57.5438649389,18.2403310627,https://browser.sead.se/site/3827,chronology_and_bibliography_ready,True,6,8,2,"[""dating_range"", ""dendrochronology""]",12,12,1,2,12,13558,coarse_spatial_context_only,not_captured_by_repository_sources,318
4211,dacec980-b94b-4fdc-9fc9-aa46927cf497,Bonäs,Sweden,58.9966370047,16.2082655153,https://browser.sead.se/site/4211,chronology_and_bibliography_ready,True,4,8,2,"[""dating_range"", ""dendrochronology""]",12,12,1,2,12,12413,coarse_spatial_context_only,not_captured_by_repository_sources,319
4150,78b44825-6381-4c09-a8fa-a2c60d84a1f7,Grindstu,Sweden,59.1138143625,15.9985116014,https://browser.sead.se/site/4150,chronology_and_bibliography_ready,True,2,8,2,"[""dating_range"", ""dendrochronology""]",12,12,1,2,12,3873,coarse_spatial_context_only,not_captured_by_repository_sources,320
3874,4f9aa2d6-bf76-443c-bac6-4b739533c7ad,Kvarteret Svartbrodern,Sweden,57.6389679773,18.2934424244,https://browser.sead.se/site/3874,chronology_and_bibliography_ready,True,8,8,2,"[""dating_range"", ""dendrochronology""]",12,12,1,2,12,13558,coarse_spatial_context_only,not_captured_by_repository_sources,321
3865,6a2680ec-425a-4ef3-8801-15c34623b1f3,Mariannelund,Sweden,57.6154818529,15.5721692125,https://browser.sead.se/site/3865,chronology_and_bibliography_ready,True,4,8,2,"[""dating_range"", ""dendrochronology""]",12,12,1,2,12,4004,coarse_spatial_context_only,not_captured_by_repository_sources,322
4217,53220fc7-7217-49d2-8ebe-223be0d20c2c,Bisslinge gård,Sweden,59.4941434395,17.8807695573,https://browser.sead.se/site/4217,chronology_and_bibliography_ready,True,3,6,2,"[""dating_range"", ""dendrochronology""]",19,19,1,3,19,27450,coarse_spatial_context_only,not_captured_by_repository_sources,323
4088,f02c38e5-e31a-47bf-8691-45f75a30454c,Kvarntorp,Sweden,59.8330775377,17.4598257284,https://browser.sead.se/site/4088,chronology_and_bibliography_ready,True,3,5,2,"[""dating_range"", ""dendrochronology""]",38,38,1,6,38,27450,coarse_spatial_context_only,not_captured_by_repository_sources,324
3941,f6de3d09-1fc5-4de3-8107-e6fbf97ecd6c,Västra trädgårdsgatan 13,Sweden,58.7502298238,17.0083693034,https://browser.sead.se/site/3941,chronology_and_bibliography_ready,True,5,5,2,"[""dating_range"", ""dendrochronology""]",31,31,1,5,31,4303,coarse_spatial_context_only,not_captured_by_repository_sources,325
4209,831806e3-4b50-4f2f-95a1-74929f9dfd21,Borgarhuset,Sweden,55.7044565627,13.1970790412,https://browser.sead.se/site/4209,chronology_and_bibliography_ready,True,5,5,2,"[""dating_range"", ""dendrochronology""]",19,19,1,3,19,6654,coarse_spatial_context_only,not_captured_by_repository_sources,326
3984,30b29926-1464-4bdb-99fc-0fee4708971b,Tidersrums kyrka,Sweden,57.9266234251,15.4943461311,https://browser.sead.se/site/3984,chronology_and_bibliography_ready,True,5,5,2,"[""dating_range"", ""dendrochronology""]",7,7,1,1,7,4004,coarse_spatial_context_only,not_captured_by_repository_sources,327
3968,11083008-a9a6-4dd0-b268-ce07e47e12b4,Vadsbro kyrka,Sweden,58.9766928294,16.5681074665,https://browser.sead.se/site/3968,chronology_and_bibliography_ready,True,4,5,2,"[""dating_range"", ""dendrochronology""]",7,7,1,1,7,12413,coarse_spatial_context_only,not_captured_by_repository_sources,328
3944,ffb67d88-a8cf-486b-9d7f-6a7ab685981e,Västerås domkyrka,Sweden,59.6125134217,16.5412050217,https://browser.sead.se/site/3944,chronology_and_bibliography_ready,True,5,5,2,"[""dating_range"", ""dendrochronology""]",7,7,1,1,7,15126,coarse_spatial_context_only,not_captured_by_repository_sources,329
4046,36c084b9-406a-4a28-992e-0bf733e4c77f,Norrvidinge kyrka,Sweden,55.8384177559,13.0975841452,https://browser.sead.se/site/4046,chronology_and_bibliography_ready,True,5,5,2,"[""dating_range"", ""dendrochronology""]",6,6,1,1,6,6654,coarse_spatial_context_only,not_captured_by_repository_sources,330
3931,bb425d08-01aa-4274-a9cf-41058d56efe7,Östra Skrukeby kyrka,Sweden,58.4998073545,15.818514302,https://browser.sead.se/site/3931,chronology_and_bibliography_ready,True,5,5,2,"[""dating_range"", ""dendrochronology""]",6,6,1,1,6,9863,coarse_spatial_context_only,not_captured_by_repository_sources,331
3832,1b0d1600-834f-46c9-a986-693e8335fc18,12076 Ekeby,Sweden,57.5943919123,18.5254327344,https://browser.sead.se/site/3832,chronology_and_bibliography_ready,True,4,4,2,"[""dating_range"", ""dendrochronology""]",36,36,1,6,36,13558,coarse_spatial_context_only,not_captured_by_repository_sources,332
4226,8022613e-f8b2-4b72-ad20-f021c9c91df4,Asby kyrka,Sweden,57.9039487107,15.2051888625,https://browser.sead.se/site/4226,chronology_and_bibliography_ready,True,2,4,2,"[""dating_range"", ""dendrochronology""]",31,31,1,5,31,4004,coarse_spatial_context_only,not_captured_by_repository_sources,333
3880,731052d9-5e45-4104-8b39-7f069db4a1d0,Kvarteret Ormen,Sweden,59.3193051014,18.070970803,https://browser.sead.se/site/3880,chronology_and_bibliography_ready,True,2,4,2,"[""dating_range"", ""dendrochronology""]",31,31,1,5,31,10763,coarse_spatial_context_only,not_captured_by_repository_sources,334
4073,abaf21d3-1f84-4db4-b0f7-d49314e00c14,Linköpings slott,Sweden,58.4104585174,15.6158568043,https://browser.sead.se/site/4073,chronology_and_bibliography_ready,True,2,4,2,"[""dating_range"", ""dendrochronology""]",31,31,1,5,31,9863,coarse_spatial_context_only,not_captured_by_repository_sources,335
3991,683b811d-f525-4dd6-b8b1-9e3bc854d710,Strömby,Sweden,56.503487256,15.9129286367,https://browser.sead.se/site/3991,chronology_and_bibliography_ready,True,4,4,2,"[""dating_range"", ""dendrochronology""]",24,24,1,4,24,5849,coarse_spatial_context_only,not_captured_by_repository_sources,336
4025,87123615-86bf-4366-917d-5d2eeb682820,Sankt Clemens kyrkoruin,Sweden,57.6431405566,18.2961340134,https://browser.sead.se/site/4025,chronology_and_bibliography_ready,True,4,4,2,"[""dating_range"", ""dendrochronology""]",19,19,1,3,19,13558,coarse_spatial_context_only,not_captured_by_repository_sources,337
4104,54b88cae-0ed5-488d-9e4e-2c7915945245,Kapitelhuset,Sweden,57.6417470734,18.296141695,https://browser.sead.se/site/4104,chronology_and_bibliography_ready,True,4,4,2,"[""dating_range"", ""dendrochronology""]",18,18,1,3,18,13558,coarse_spatial_context_only,not_captured_by_repository_sources,338
4076,9f7321ae-1cbe-44e1-bfc1-0e3da0364970,Linde kyrka,Sweden,57.2796924645,18.3797198479,https://browser.sead.se/site/4076,chronology_and_bibliography_ready,True,2,4,2,"[""dating_range"", ""dendrochronology""]",18,18,1,3,18,13558,coarse_spatial_context_only,not_captured_by_repository_sources,339
4047,5a9936a7-3114-435e-b919-29d069847416,Norrlanda kyrka,Sweden,57.5015452994,18.6597394102,https://browser.sead.se/site/4047,chronology_and_bibliography_ready,True,4,4,2,"[""dating_range"", ""dendrochronology""]",18,18,1,4,18,13558,coarse_spatial_context_only,not_captured_by_repository_sources,340
4015,3bfcacfd-0069-40ca-b4e3-d57d8fcbf84c,Sjöstugan,Sweden,59.1953522018,16.9142181099,https://browser.sead.se/site/4015,chronology_and_bibliography_ready,True,2,4,2,"[""dating_range"", ""dendrochronology""]",18,18,1,3,18,15126,coarse_spatial_context_only,not_captured_by_repository_sources,341
4019,5b9a039d-ddef-4e5f-9bca-aa8c581a5f70,Silte kyrka,Sweden,57.2210286963,18.2367579286,https://browser.sead.se/site/4019,chronology_and_bibliography_ready,True,2,4,2,"[""dating_range"", ""dendrochronology""]",13,13,1,2,13,13558,coarse_spatial_context_only,not_captured_by_repository_sources,342
4099,5261a1a5-ab2c-45de-a944-dee82bcfddda,Knappsmåla,Sweden,56.6620491335,15.7629932746,https://browser.sead.se/site/4099,chronology_and_bibliography_ready,True,4,4,2,"[""dating_range"", ""dendrochronology""]",12,12,1,2,12,5849,coarse_spatial_context_only,not_captured_by_repository_sources,343
4018,31155a1e-3214-499e-904e-1dee5a28b9bd,Sisshammar,Sweden,59.2078632658,18.3415861294,https://browser.sead.se/site/4018,chronology_and_bibliography_ready,True,2,4,2,"[""dating_range"", ""dendrochronology""]",12,12,1,2,12,10763,coarse_spatial_context_only,not_captured_by_repository_sources,344
3829,075c5d8a-a673-4e08-acda-f8176ac68c03,72257 Lilla Malma,Sweden,59.1405014709,16.6793557719,https://browser.sead.se/site/3829,chronology_and_bibliography_ready,True,2,4,2,"[""dating_range"", ""dendrochronology""]",7,7,1,1,7,15126,coarse_spatial_context_only,not_captured_by_repository_sources,345
4216,663dc6d5-c6af-4880-8310-32b557487654,Bjälbo kyrka,Sweden,58.3720422065,15.0054363737,https://browser.sead.se/site/4216,chronology_and_bibliography_ready,True,4,4,2,"[""dating_range"", ""dendrochronology""]",7,7,1,1,7,9863,coarse_spatial_context_only,not_captured_by_repository_sources,346
4208,0f965535-9e81-4976-a99b-ef2cb9615a3d,Borgholms stadsmuseum,Sweden,56.8824646065,16.6835115227,https://browser.sead.se/site/4208,chronology_and_bibliography_ready,True,4,4,2,"[""dating_range"", ""dendrochronology""]",7,7,1,1,7,6159,coarse_spatial_context_only,not_captured_by_repository_sources,347
4204,4644e20d-95da-4877-bd06-05e5684daf3f,Brahekyrkan,Sweden,58.0349336355,14.3432633174,https://browser.sead.se/site/4204,chronology_and_bibliography_ready,True,4,4,2,"[""dating_range"", ""dendrochronology""]",7,7,1,1,7,3815,coarse_spatial_context_only,not_captured_by_repository_sources,348
4196,3787c148-908c-4139-9b74-8805c95eb8f2,Burge,Sweden,57.2758716176,18.2978991037,https://browser.sead.se/site/4196,chronology_and_bibliography_ready,True,2,4,2,"[""dating_range"", ""dendrochronology""]",7,7,1,1,7,13558,coarse_spatial_context_only,not_captured_by_repository_sources,349
4134,b814a095-551d-444d-9eed-026cfce56dbd,Haneberg säteri,Sweden,59.1863826033,16.2865415067,https://browser.sead.se/site/4134,chronology_and_bibliography_ready,True,2,4,2,"[""dating_range"", ""dendrochronology""]",7,7,1,1,7,15126,coarse_spatial_context_only,not_captured_by_repository_sources,350
4118,b0adac24-00cc-4e92-817b-595f8e272378,Hults kyrka,Sweden,57.6308200388,15.1223284047,https://browser.sead.se/site/4118,chronology_and_bibliography_ready,True,4,4,2,"[""dating_range"", ""dendrochronology""]",7,7,1,1,7,4004,coarse_spatial_context_only,not_captured_by_repository_sources,351
3879,f7c65516-c43a-4b33-82cd-3145775a1ab7,Kvarteret Prelaten,Sweden,58.4490150617,14.8944959842,https://browser.sead.se/site/3879,chronology_and_bibliography_ready,True,2,4,2,"[""dating_range"", ""dendrochronology""]",7,7,1,1,7,3815,coarse_spatial_context_only,not_captured_by_repository_sources,352
3864,fd7236ca-431b-4d26-ae1e-12636545de88,Mellanköpinge,Sweden,55.3830376757,13.1958516631,https://browser.sead.se/site/3864,chronology_and_bibliography_ready,True,2,4,2,"[""dating_range"", ""dendrochronology""]",7,7,1,1,7,6654,coarse_spatial_context_only,not_captured_by_repository_sources,353
3860,fdade72d-ccb3-45d8-81dd-0da835dea164,Ryssebo,Sweden,57.6337670915,15.3551085325,https://browser.sead.se/site/3860,chronology_and_bibliography_ready,True,2,4,2,"[""dating_range"", ""dendrochronology""]",7,7,1,1,7,4004,coarse_spatial_context_only,not_captured_by_repository_sources,354
4010,5689ad1d-022b-48e3-927b-651e6a89ba5b,Skönberga kyrka,Sweden,58.4653502294,16.3586699892,https://browser.sead.se/site/4010,chronology_and_bibliography_ready,True,4,4,2,"[""dating_range"", ""dendrochronology""]",7,7,1,1,7,12413,coarse_spatial_context_only,not_captured_by_repository_sources,355
3948,9d0858c0-5f67-45e6-b0bf-da97142873d9,Väsby kyrka,Sweden,56.2073516765,12.5955294635,https://browser.sead.se/site/3948,chronology_and_bibliography_ready,True,4,4,2,"[""dating_range"", ""dendrochronology""]",7,7,1,1,7,6333,coarse_spatial_context_only,not_captured_by_repository_sources,356
4232,0bce5bdd-f531-42c6-8ce3-f98f30816358,Adamsbergs gård,Sweden,59.6965557293,18.3891358998,https://browser.sead.se/site/4232,chronology_and_bibliography_ready,True,2,4,2,"[""dating_range"", ""dendrochronology""]",6,6,1,1,6,10763,coarse_spatial_context_only,not_captured_by_repository_sources,357
4163,75f58201-0334-4a17-8db0-81157a4e4867,Fäbohagen,Sweden,59.2564593792,17.2107675191,https://browser.sead.se/site/4163,chronology_and_bibliography_ready,True,2,4,2,"[""dating_range"", ""dendrochronology""]",6,6,1,1,6,27450,coarse_spatial_context_only,not_captured_by_repository_sources,358
4116,3e3ba562-1ca7-4ae9-81cb-90f1445ebed8,Häglinge,Sweden,55.9910745179,13.7050218344,https://browser.sead.se/site/4116,chronology_and_bibliography_ready,True,4,4,2,"[""dating_range"", ""dendrochronology""]",6,6,1,1,6,6654,coarse_spatial_context_only,not_captured_by_repository_sources,359
3897,072da069-e70c-4355-bc4a-b66cab8f333c,Kolstad,Sweden,58.3004148895,15.1723499465,https://browser.sead.se/site/3897,chronology_and_bibliography_ready,True,2,4,2,"[""dating_range"", ""dendrochronology""]",6,6,1,1,6,9863,coarse_spatial_context_only,not_captured_by_repository_sources,360
3875,f9d9647b-679c-4353-8b5d-7f36e0343c85,Kvarteret Specksrum,Sweden,57.6422931957,18.2931236185,https://browser.sead.se/site/3875,chronology_and_bibliography_ready,True,2,4,2,"[""dating_range"", ""dendrochronology""]",6,6,1,1,6,13558,coarse_spatial_context_only,not_captured_by_repository_sources,361
4056,764f0a9e-c363-4eef-86c6-858734b1482b,Mörbylånga kyrka,Sweden,56.5196949786,16.3980123551,https://browser.sead.se/site/4056,chronology_and_bibliography_ready,True,4,4,2,"[""dating_range"", ""dendrochronology""]",6,6,1,1,6,6159,coarse_spatial_context_only,not_captured_by_repository_sources,362
3859,4bcedb0b-c43b-4558-902f-59d84208bf72,Salvarp,Sweden,57.9029939781,15.2068031606,https://browser.sead.se/site/3859,chronology_and_bibliography_ready,True,2,4,2,"[""dating_range"", ""dendrochronology""]",6,6,1,1,6,4004,coarse_spatial_context_only,not_captured_by_repository_sources,363
3841,2ae1f90a-e8ec-4600-a36b-c40148ab2c8e,Vingåker-Kvarngölet,Sweden,58.9683555819,16.0928748286,https://browser.sead.se/site/3841,chronology_and_bibliography_ready,True,2,4,2,"[""dating_range"", ""dendrochronology""]",6,6,1,1,6,12413,coarse_spatial_context_only,not_captured_by_repository_sources,364
3899,c8e52c18-d51f-4381-8733-18d348b1ade2,Juteboda,Sweden,56.2017762609,14.3819028171,https://browser.sead.se/site/3899,chronology_and_bibliography_ready,True,7,11,1,"[""dating_range""]",90,90,1,18,90,10817,coarse_spatial_context_only,not_captured_by_repository_sources,365
3870,5d276533-06d6-4738-b68b-cee076a60328,Lilla Björkudden,Sweden,57.8519241425,14.5144450883,https://browser.sead.se/site/3870,chronology_and_bibliography_ready,True,3,6,1,"[""dating_range""]",42,42,1,7,42,8067,coarse_spatial_context_only,not_captured_by_repository_sources,366
4017,ec2bfd2d-34ef-46f5-9137-a0843abc2d19,Sjonhem kyrka,Sweden,57.4856020267,18.5207076727,https://browser.sead.se/site/4017,chronology_and_bibliography_ready,True,1,4,1,"[""dating_range""]",42,42,1,7,42,13558,coarse_spatial_context_only,not_captured_by_repository_sources,367
3910,da44a54e-0495-4c12-90a2-098ca9c7a127,Glömminge prästgård,Sweden,56.7181986672,16.5335588224,https://browser.sead.se/site/3910,chronology_and_bibliography_ready,True,1,1,1,"[""dating_range""]",12,12,1,2,12,6159,coarse_spatial_context_only,not_captured_by_repository_sources,368
4028,0c40ca46-859b-45a0-8398-b731f6388fe5,Sanda kyrka,Sweden,57.4293000977,18.2232416792,https://browser.sead.se/site/4028,chronology_and_bibliography_ready,True,1,1,1,"[""dating_range""]",12,12,1,2,12,13558,coarse_spatial_context_only,not_captured_by_repository_sources,369
4053,a65dced3-fbd4-444f-8997-7d5a8d97669a,Nora Kyrka,Sweden,60.1537654551,16.9199328071,https://browser.sead.se/site/4053,chronology_and_bibliography_ready,True,1,1,1,"[""dating_range""]",6,6,1,1,6,4239,coarse_spatial_context_only,not_captured_by_repository_sources,370
3752,7f1eaf13-5c2c-4745-b3f4-43f63d6a6282,Dalby,Sweden,55.6653476548,13.3452641314,https://browser.sead.se/site/3752,bibliography_ready,False,0,0,0,[],341,339,113,113,339,6654,coarse_spatial_context_only,not_captured_by_repository_sources,371
3790,02d1710a-a08b-4f95-8914-c0dd2b20f32d,"Birka, Cemetery",Sweden,59.3356206619,17.5455298764,https://browser.sead.se/site/3790,bibliography_ready,False,0,0,0,[],187,186,57,57,186,27450,coarse_spatial_context_only,not_captured_by_repository_sources,372
3432,67c23e8c-9e33-41fc-9a2c-9e146d2dd5b4,Uppåkra,Sweden,55.6644396201,13.1681066727,https://browser.sead.se/site/3432,bibliography_ready,False,0,0,0,[],175,173,58,58,173,6654,coarse_spatial_context_only,not_captured_by_repository_sources,373
3805,d0171c4f-b332-451c-b756-675c78e6c614,Apalle,Sweden,59.594589,17.462282,https://browser.sead.se/site/3805,bibliography_ready,False,0,0,0,[],148,146,37,37,146,27450,coarse_spatial_context_only,not_captured_by_repository_sources,374
3753,119ea3f0-9849-452a-9b6a-d134943778bf,Dagstorp (SU 21),Sweden,55.8188822611,13.064329747,https://browser.sead.se/site/3753,bibliography_ready,False,0,0,0,[],145,141,47,47,141,6654,coarse_spatial_context_only,not_captured_by_repository_sources,375
3617,744e6aca-7cdf-4768-89e1-d49c778bd2e6,Kv. Kleopatra,Sweden,59.6089872248,16.5386155114,https://browser.sead.se/site/3617,bibliography_ready,False,0,0,0,[],143,141,37,37,141,15126,coarse_spatial_context_only,not_captured_by_repository_sources,376
3713,a6051ea5-f926-4abb-bf16-ce26cdc92f73,Gualöv,Sweden,56.0475548946,14.4335923819,https://browser.sead.se/site/3713,bibliography_ready,False,0,0,0,[],132,131,33,33,131,10817,coarse_spatial_context_only,not_captured_by_repository_sources,377
3640,ae642d29-2149-49b3-af24-99bdeb85a80e,Kristineberg (Oxie 15:1),Sweden,55.5363945567,13.0849531327,https://browser.sead.se/site/3640,bibliography_ready,False,0,0,0,[],122,122,39,39,122,6654,coarse_spatial_context_only,not_captured_by_repository_sources,378
3628,a4b4fbf2-bdb6-4c57-8279-f3c0d2d3c95b,kv Trädgårdsmästaren,Sweden,59.6156751672,17.7196034236,https://browser.sead.se/site/3628,bibliography_ready,False,0,0,0,[],121,120,40,40,120,27450,coarse_spatial_context_only,not_captured_by_repository_sources,379
3679,008c5275-9d6b-4e19-9edb-d293f2f773d2,Hyllie 149,Sweden,55.5652013575,12.9733263438,https://browser.sead.se/site/3679,bibliography_ready,False,0,0,0,[],119,118,40,40,118,1226,coarse_spatial_context_only,not_captured_by_repository_sources,380
3625,02357e63-1f27-40d1-8228-e731fc5ad22d,kv. Diplomaten,Sweden,57.7801326029,14.1776385425,https://browser.sead.se/site/3625,bibliography_ready,False,0,0,0,[],109,108,36,36,108,8067,coarse_spatial_context_only,not_captured_by_repository_sources,381
3571,3352b510-97e5-4cba-82c5-a567dce8d10c,Löderup,Sweden,55.3942660175,14.119624284,https://browser.sead.se/site/3571,bibliography_ready,False,0,0,0,[],108,107,28,28,107,3205,coarse_spatial_context_only,not_captured_by_repository_sources,382
3567,438cb6a1-de16-48e0-b11e-8aea9b2e49e6,Löderup 3,Sweden,55.4117618327,14.1870925819,https://browser.sead.se/site/3567,bibliography_ready,False,0,0,0,[],103,102,26,26,102,3205,coarse_spatial_context_only,not_captured_by_repository_sources,383
4138,55082ea6-a9f0-4292-9f85-e667ee3a9ebb,"Halla kyrka, Gotland",Sweden,57.510912404,18.4973233678,https://browser.sead.se/site/4138,bibliography_ready,False,0,0,0,[],102,102,1,17,102,13558,coarse_spatial_context_only,not_captured_by_repository_sources,384
3501,bd5a0788-bd0e-44c7-b04c-6a3deccaf66d,Ryssgärdet,Sweden,60.0223094737,17.6252835439,https://browser.sead.se/site/3501,bibliography_ready,False,0,0,0,[],93,91,31,31,91,5060,coarse_spatial_context_only,not_captured_by_repository_sources,385
3618,aed23a71-a5c9-4d7d-9ab9-a9e2d8ff1382,Kv. Hjärtat,Sweden,56.674845,12.857945,https://browser.sead.se/site/3618,bibliography_ready,False,0,0,0,[],90,88,22,22,88,6333,coarse_spatial_context_only,not_captured_by_repository_sources,386
3627,b34efe2d-60b4-49db-b69a-be0f592c1ccc,kv. Apeln,Sweden,57.7809344937,14.1766281681,https://browser.sead.se/site/3627,bibliography_ready,False,0,0,0,[],89,88,30,30,88,8067,coarse_spatial_context_only,not_captured_by_repository_sources,387
4225,968a069d-57ae-4aee-9dce-29d5ad555ac2,Asks kyrka,Sweden,58.5184230979,15.1343977717,https://browser.sead.se/site/4225,bibliography_ready,False,0,0,0,[],78,78,1,13,78,9863,coarse_spatial_context_only,not_captured_by_repository_sources,388
3527,c887f1a3-73eb-4e74-807a-dc891b4870e3,Oxiegården,Sweden,55.5519036958,13.1003383787,https://browser.sead.se/site/3527,bibliography_ready,False,0,0,0,[],76,75,21,21,75,6654,coarse_spatial_context_only,not_captured_by_repository_sources,389
3918,767172cd-7cf1-457c-834d-5aa3c8011880,Billsta,Sweden,59.0798667177,17.5123126198,https://browser.sead.se/site/3918,bibliography_ready,False,0,0,0,[],72,72,1,12,72,27450,coarse_spatial_context_only,not_captured_by_repository_sources,390
3712,ddc92d5a-7f7a-4d5d-908e-8b0f7fe02578,Gualöv 24,Sweden,56.0423536211,14.4660770572,https://browser.sead.se/site/3712,bibliography_ready,False,0,0,0,[],65,64,16,16,64,10817,coarse_spatial_context_only,not_captured_by_repository_sources,391
3814,7bf94d2a-cd25-4b12-aecb-2d57e3374b6f,Alvastra,Sweden,58.2998488401,14.6750613418,https://browser.sead.se/site/3814,bibliography_ready,False,0,0,0,[],61,60,20,20,60,3815,coarse_spatial_context_only,not_captured_by_repository_sources,392
4059,5dc42ac7-39a1-4344-a863-832b63625fd3,Musikskolan,Sweden,57.6422047012,18.2941046094,https://browser.sead.se/site/4059,bibliography_ready,False,0,0,0,[],60,60,1,10,60,13558,coarse_spatial_context_only,not_captured_by_repository_sources,393
3655,d31b62d9-b8db-4ec5-8c1a-d7163c2b569f,Karlsfält,Sweden,55.4847331698,13.9070741296,https://browser.sead.se/site/3655,bibliography_ready,False,0,0,0,[],58,57,19,19,57,6654,coarse_spatial_context_only,not_captured_by_repository_sources,394
3606,1432e5a9-e129-4f24-9e5f-55e224a0b9fd,Kärringsjön,Sweden,56.7265579,12.9178706946,https://browser.sead.se/site/3606,bibliography_ready,False,0,0,0,[],58,57,15,15,57,6333,coarse_spatial_context_only,not_captured_by_repository_sources,395
3603,785d2d62-d26f-4323-a232-de1eec6463c7,Köpingsvik,Sweden,56.8808595397,16.7247647751,https://browser.sead.se/site/3603,bibliography_ready,False,0,0,0,[],58,57,19,19,57,6159,coarse_spatial_context_only,not_captured_by_repository_sources,396
3696,fe85ec42-aeca-4702-a093-3facccb56fa7,Helgeandsholmen,Sweden,59.3280421196,18.0693505287,https://browser.sead.se/site/3696,bibliography_ready,False,0,0,0,[],57,56,14,14,56,10763,coarse_spatial_context_only,not_captured_by_repository_sources,397
3810,40dac98e-0697-4fc1-b56f-cc05dba36194,Alvastra Megalithic,Sweden,58.2955658303,14.6483695136,https://browser.sead.se/site/3810,bibliography_ready,False,0,0,0,[],55,54,14,14,54,3815,coarse_spatial_context_only,not_captured_by_repository_sources,398
3996,e6e71145-e3a0-4ddc-b27a-7422bda551d1,Stora Herrestads kyrka,Sweden,55.4759171398,13.8733175902,https://browser.sead.se/site/3996,bibliography_ready,False,0,0,0,[],54,54,1,12,54,6654,coarse_spatial_context_only,not_captured_by_repository_sources,399
3721,ef37c082-5a7c-468d-86ee-a66e08b8004a,Grevie 365,Sweden,56.3699296725,12.8068788244,https://browser.sead.se/site/3721,bibliography_ready,False,0,0,0,[],52,51,17,17,51,6333,coarse_spatial_context_only,not_captured_by_repository_sources,400
3642,1f4eeee4-c927-44f4-a23d-58c0628641dd,Kriminalvårdsanstalten,Sweden,58.3997851642,15.0912249017,https://browser.sead.se/site/3642,bibliography_ready,False,0,0,0,[],48,48,16,16,48,9863,coarse_spatial_context_only,not_captured_by_repository_sources,401
3850,1be62a62-f559-4b86-8252-f5988ab856ef,Stångsmåla,Sweden,56.5349098019,15.4744942597,https://browser.sead.se/site/3850,bibliography_ready,False,0,0,0,[],48,48,1,8,48,5849,coarse_spatial_context_only,not_captured_by_repository_sources,402
3534,b22407e3-09cc-4613-8f13-13042c1db44c,Näsan (Sandbro),Sweden,60.0189187641,17.5757477535,https://browser.sead.se/site/3534,bibliography_ready,False,0,0,0,[],47,46,12,12,46,5060,coarse_spatial_context_only,not_captured_by_repository_sources,403
3675,b8dd297b-319b-456a-8cff-f4fa786c9750,Högom,Sweden,62.4011949944,17.2584923185,https://browser.sead.se/site/3675,bibliography_ready,False,0,0,0,[],46,45,15,15,45,3577,coarse_spatial_context_only,not_captured_by_repository_sources,404
3644,a6a10e3e-b0ab-4848-9c46-94b62d9f2ed2,Klörup-Aggarp,Sweden,55.4617788533,13.1923840822,https://browser.sead.se/site/3644,bibliography_ready,False,0,0,0,[],46,45,15,15,45,6654,coarse_spatial_context_only,not_captured_by_repository_sources,405
257,e9c2e763-8b46-4f3c-81cf-f4f01e907ae7,Citytunnelprojektet delområde Hotelltomten,Sweden,55.5647222222,12.9733333,https://browser.sead.se/site/257,bibliography_ready,False,0,0,0,[],45,92,22,388,1940,1226,coarse_spatial_context_only,not_captured_by_repository_sources,406
3695,eac85f70-61aa-451c-bb31-d838c11025b3,Helgö,Sweden,59.275121525,17.7048666706,https://browser.sead.se/site/3695,bibliography_ready,False,0,0,0,[],43,69,29,29,69,27450,coarse_spatial_context_only,not_captured_by_repository_sources,407
4038,5f37a446-eb58-40df-b0eb-01e74e923581,Radio Gotland,Sweden,57.6426003406,18.2937549301,https://browser.sead.se/site/4038,bibliography_ready,False,0,0,0,[],42,42,1,7,42,13558,coarse_spatial_context_only,not_captured_by_repository_sources,408
3439,9a28aae2-22d6-4e35-87db-a433e1152403,Tygapil,Sweden,55.3991926004,14.0940762635,https://browser.sead.se/site/3439,bibliography_ready,False,0,0,0,[],42,40,10,10,40,3205,coarse_spatial_context_only,not_captured_by_repository_sources,409
3533,b904cc35-0f36-4b47-90a9-5b5d7a2b33d0,Nöbbelöv,Sweden,55.7375244339,13.1442946794,https://browser.sead.se/site/3533,bibliography_ready,False,0,0,0,[],41,40,10,10,40,6654,coarse_spatial_context_only,not_captured_by_repository_sources,410
3413,b441bec6-9805-453c-b5cf-04e877d3171b,Västervång,Sweden,55.393044865,13.1498252554,https://browser.sead.se/site/3413,bibliography_ready,False,0,0,0,[],40,39,13,13,39,6654,coarse_spatial_context_only,not_captured_by_repository_sources,411
3405,3a9083bb-aa55-42a2-8d57-60e2ac0b6a36,Öggestorp,Sweden,57.7181041092,14.3790256531,https://browser.sead.se/site/3405,bibliography_ready,False,0,0,0,[],40,39,13,13,39,8067,coarse_spatial_context_only,not_captured_by_repository_sources,412
77,8eb438a9-c1cf-46b8-8fd5-bde1b6e6256f,Skrea Raä 193,Sweden,56.8969444441,12.5783333337,https://browser.sead.se/site/77,bibliography_ready,False,0,0,0,[],38,117,25,587,2720,6333,coarse_spatial_context_only,not_captured_by_repository_sources,413
3498,b5a78e13-b2bb-47d2-9aec-e1eb6198259e,Råinget,Sweden,63.46731987,16.8554086665,https://browser.sead.se/site/3498,bibliography_ready,False,0,0,0,[],38,36,13,13,36,1855,coarse_spatial_context_only,not_captured_by_repository_sources,414
3680,1fe9c412-0c1e-4811-a349-18ec61c64833,Hyllie 106,Sweden,55.5675574832,12.9843075888,https://browser.sead.se/site/3680,bibliography_ready,False,0,0,0,[],37,36,12,12,36,1226,coarse_spatial_context_only,not_captured_by_repository_sources,415
79,20182d6a-2a34-477f-9308-56d46f670a22,Citytunnelprojektet delområde 1,Sweden,55.5588888889,12.9461111108,https://browser.sead.se/site/79,bibliography_ready,False,0,0,0,[],36,142,35,1419,6570,1226,coarse_spatial_context_only,not_captured_by_repository_sources,416
3945,0d075656-de95-4d71-9222-90021d78c92c,Västermo kyrka,Sweden,59.2907932117,16.0796879584,https://browser.sead.se/site/3945,bibliography_ready,False,0,0,0,[],36,36,1,6,36,15126,coarse_spatial_context_only,not_captured_by_repository_sources,417
3732,a5dfb626-e083-434f-b165-a9bbaae87474,Fredriksberg 13D,Sweden,55.5601589807,13.0764550071,https://browser.sead.se/site/3732,bibliography_ready,False,0,0,0,[],35,34,9,9,34,6654,coarse_spatial_context_only,not_captured_by_repository_sources,418
3706,9b996617-7fa2-4d50-92a9-9efc4d1a5c36,Hallunda,Sweden,59.2536012527,17.819165065,https://browser.sead.se/site/3706,bibliography_ready,False,0,0,0,[],35,33,11,11,33,27450,coarse_spatial_context_only,not_captured_by_repository_sources,419
3562,082a43b7-3bef-4dd4-b450-9c174a65b95b,Malmahed,Sweden,59.1352959095,16.7303463557,https://browser.sead.se/site/3562,bibliography_ready,False,0,0,0,[],35,33,11,11,33,15126,coarse_spatial_context_only,not_captured_by_repository_sources,420
3461,e1d42555-e87c-46cc-9283-4a92880d0da5,Stävie 3:1,Sweden,55.7682158124,13.0656621037,https://browser.sead.se/site/3461,bibliography_ready,False,0,0,0,[],35,33,11,11,33,6654,coarse_spatial_context_only,not_captured_by_repository_sources,421
3624,5d3ae0d5-f250-4f0f-8468-41593e9e3b77,kv. Dromedaren,Sweden,57.7803345692,14.182476882,https://browser.sead.se/site/3624,bibliography_ready,False,0,0,0,[],34,33,11,11,33,8067,coarse_spatial_context_only,not_captured_by_repository_sources,422
76,5bc40fc5-795b-4130-85cc-add8a6ecc261,Nätra Raä 307,Sweden,63.2175000003,18.4769444448,https://browser.sead.se/site/76,bibliography_ready,False,0,0,0,[],33,127,32,1286,5855,1672,coarse_spatial_context_only,not_captured_by_repository_sources,423
3765,1dd23afe-301d-4ed9-8ddc-64c5353911d2,Bäckby,Sweden,59.6105213849,16.4747040526,https://browser.sead.se/site/3765,bibliography_ready,False,0,0,0,[],33,42,14,14,42,15126,coarse_spatial_context_only,not_captured_by_repository_sources,424
3551,97e100ae-1ad5-4215-acf4-977acf4e6d14,Mjäla,Sweden,63.2465951671,18.4410039506,https://browser.sead.se/site/3551,bibliography_ready,False,0,0,0,[],33,30,10,10,30,1672,coarse_spatial_context_only,not_captured_by_repository_sources,425
3705,48859fe0-1706-423c-a5b8-9638b8ab458e,Hamnparken,Sweden,57.7831578373,14.1663359689,https://browser.sead.se/site/3705,bibliography_ready,False,0,0,0,[],32,32,13,13,32,8067,coarse_spatial_context_only,not_captured_by_repository_sources,426
3811,40fd2af3-3800-430a-ae31-ee8971ec0418,Almhov subarea 1,Sweden,55.560345197,12.9450954079,https://browser.sead.se/site/3811,bibliography_ready,False,0,0,0,[],31,30,10,10,30,1226,coarse_spatial_context_only,not_captured_by_repository_sources,427
3809,1569a12e-c193-4c94-b837-e8a394f90f45,Amhult,Sweden,57.7142363439,11.7782901544,https://browser.sead.se/site/3809,bibliography_ready,False,0,0,0,[],31,30,10,10,30,5005,coarse_spatial_context_only,not_captured_by_repository_sources,428
3786,d8836fde-8c65-4fab-8c36-416c68af6cfa,Bjäresjö,Sweden,55.4539044278,13.7400730712,https://browser.sead.se/site/3786,bibliography_ready,False,0,0,0,[],31,30,10,10,30,6654,coarse_spatial_context_only,not_captured_by_repository_sources,429
3783,1250662f-b6f6-4016-9cfb-ead644403b11,Bjästamon,Sweden,63.217454034,18.4769625082,https://browser.sead.se/site/3783,bibliography_ready,False,0,0,0,[],31,30,10,10,30,1672,coarse_spatial_context_only,not_captured_by_repository_sources,430
3773,5a27411a-e4fb-4ae1-8d36-f3bf0b0b9c7b,Broåsen,Sweden,57.1224545596,12.3945008421,https://browser.sead.se/site/3773,bibliography_ready,False,0,0,0,[],31,30,10,10,30,8569,coarse_spatial_context_only,not_captured_by_repository_sources,431
3663,26277770-2d21-46c9-b37d-eea82c105911,Järrestad,Sweden,55.5386383556,14.2927224111,https://browser.sead.se/site/3663,bibliography_ready,False,0,0,0,[],31,30,10,10,30,3205,coarse_spatial_context_only,not_captured_by_repository_sources,432
3662,50b4f246-4af8-465e-93c2-edc64eabb52c,Järrestad SU1,Sweden,55.5353450009,14.2756056403,https://browser.sead.se/site/3662,bibliography_ready,False,0,0,0,[],31,30,10,10,30,3205,coarse_spatial_context_only,not_captured_by_repository_sources,433
3661,f1fbe1f4-1d7b-45b3-a419-b18bf82110a2,Järrestad SU2,Sweden,55.5348436416,14.2804949899,https://browser.sead.se/site/3661,bibliography_ready,False,0,0,0,[],31,30,10,10,30,3205,coarse_spatial_context_only,not_captured_by_repository_sources,434
3620,571e3bf2-b686-42d5-a1d2-a7b95cfa3fa5,"kv. Havren, Djurängen",Sweden,56.6857290515,16.3359655674,https://browser.sead.se/site/3620,bibliography_ready,False,0,0,0,[],31,30,10,10,30,6159,coarse_spatial_context_only,not_captured_by_repository_sources,435
3630,16fa589f-d0a7-4da9-9577-1343ba75730a,kv Tankbåten,Sweden,55.4266962053,13.792960182,https://browser.sead.se/site/3630,bibliography_ready,False,0,0,0,[],31,28,8,8,28,6654,coarse_spatial_context_only,not_captured_by_repository_sources,436
83,c8d6beda-2167-4f81-839c-89337781fb6c,Citytunnelprojektet delområde 2,Sweden,55.5597222222,12.9622222222,https://browser.sead.se/site/83,bibliography_ready,False,0,0,0,[],30,140,33,664,3383,1226,coarse_spatial_context_only,not_captured_by_repository_sources,437
115,8ff24243-9328-4165-9449-438212ad1bb3,Skrea Raä 195,Sweden,56.9008333333,12.5758333337,https://browser.sead.se/site/115,bibliography_ready,False,0,0,0,[],30,70,18,260,971,6333,coarse_spatial_context_only,not_captured_by_repository_sources,438
3,3523ba37-9813-4df1-a8b3-4782b7dd49b1,Skrea Raä 177,Sweden,56.8805555559,12.6169444448,https://browser.sead.se/site/3,bibliography_ready,False,0,0,0,[],30,32,16,651,1363,6333,coarse_spatial_context_only,not_captured_by_repository_sources,439
4006,c2fb7eb7-d0bd-4e5e-aca1-d5294b4d1760,Slättåkra lillegård,Sweden,57.3927660812,15.2725168521,https://browser.sead.se/site/4006,bibliography_ready,False,0,0,0,[],30,30,1,5,30,4004,coarse_spatial_context_only,not_captured_by_repository_sources,440
3815,24e3118e-40f3-41fd-95f0-aabd3e43aaaa,Lockarp 7B,Sweden,55.5483095632,13.0170149303,https://browser.sead.se/site/3815,bibliography_ready,False,0,0,0,[],30,29,10,10,29,6654,coarse_spatial_context_only,not_captured_by_repository_sources,441
3731,9eff1f43-bf8e-4802-8dc2-585de6de6ed8,Fredriksberg 13E,Sweden,55.5666972007,13.0882208523,https://browser.sead.se/site/3731,bibliography_ready,False,0,0,0,[],29,28,7,7,28,6654,coarse_spatial_context_only,not_captured_by_repository_sources,442
3489,96622d06-bfce-4da7-96c2-c3e81bb94aca,Saxtorp (SU 8),Sweden,55.8478896616,12.9644832433,https://browser.sead.se/site/3489,bibliography_ready,False,0,0,0,[],29,27,9,9,27,1226,coarse_spatial_context_only,not_captured_by_repository_sources,443
3418,e41ec9f7-33b4-4ee8-8074-f7f8cbea28b7,Vistad,Sweden,58.3166922306,14.9618853709,https://browser.sead.se/site/3418,bibliography_ready,False,0,0,0,[],29,27,9,9,27,3815,coarse_spatial_context_only,not_captured_by_repository_sources,444
3509,792da3d0-b66e-43c2-9f54-abd3b126f2b2,Ringeby,Sweden,58.631513014,16.1568613192,https://browser.sead.se/site/3509,bibliography_ready,False,0,0,0,[],28,27,7,7,27,12413,coarse_spatial_context_only,not_captured_by_repository_sources,445
3462,b81f7b6f-f01b-486a-a82f-c55e48555e11,Ställverksboplatsen,Sweden,63.4390824281,16.887205619,https://browser.sead.se/site/3462,bibliography_ready,False,0,0,0,[],28,26,9,9,26,1855,coarse_spatial_context_only,not_captured_by_repository_sources,446
259,723bd81b-bf34-4486-890c-da31cf4d5d62,Citytunnelprojektet delområde 7,Sweden,55.5444444441,13.0375,https://browser.sead.se/site/259,bibliography_ready,False,0,0,0,[],27,104,26,679,3395,6654,coarse_spatial_context_only,not_captured_by_repository_sources,447
3781,2dec8fcf-25cf-4652-920c-1fb3d78eb6c1,Björklinge 67,Sweden,60.0238821868,17.5658307313,https://browser.sead.se/site/3781,bibliography_ready,False,0,0,0,[],27,39,11,11,39,5060,coarse_spatial_context_only,not_captured_by_repository_sources,448
3619,30010f4c-2cbd-4e2b-876b-eb7bddac0715,kv. Hemmet,Sweden,57.7817481867,14.1609872027,https://browser.sead.se/site/3619,bibliography_ready,False,0,0,0,[],26,26,11,11,26,8067,coarse_spatial_context_only,not_captured_by_repository_sources,449
3745,3d25e294-3fdd-4827-a7b8-91fdd460039c,Dösjebro (SU 19),Sweden,55.8203973334,13.0402615544,https://browser.sead.se/site/3745,bibliography_ready,False,0,0,0,[],26,24,8,8,24,6654,coarse_spatial_context_only,not_captured_by_repository_sources,450
105,ebb48271-63c1-4e47-b419-9a4fb63fdd1e,Citytunnelprojektet delområde 3,Sweden,55.5611111111,12.9716667,https://browser.sead.se/site/105,bibliography_ready,False,0,0,0,[],25,104,26,462,2310,1226,coarse_spatial_context_only,not_captured_by_repository_sources,451
3683,38f8cc03-f28e-49d4-81f5-368a98a3e73d,Husby,Sweden,59.306730261,15.3765346176,https://browser.sead.se/site/3683,bibliography_ready,False,0,0,0,[],25,24,8,8,24,3873,coarse_spatial_context_only,not_captured_by_repository_sources,452
3476,a43b7bf9-33ae-446e-9b5d-a7c3ffcf63ca,Smedsbo,Sweden,60.1068567683,17.1996429863,https://browser.sead.se/site/3476,bibliography_ready,False,0,0,0,[],25,24,6,6,24,5060,coarse_spatial_context_only,not_captured_by_repository_sources,453
3428,99fc8c87-0751-443d-b141-c79590242a6c,Valje,Sweden,56.0640559691,14.5528904401,https://browser.sead.se/site/3428,bibliography_ready,False,0,0,0,[],25,24,8,8,24,10817,coarse_spatial_context_only,not_captured_by_repository_sources,454
263,1ec22310-cde2-4478-b228-ec5d3fefde3d,Arvidsjaur Raä 3941,Sweden,66.0135277778,19.1056666667,https://browser.sead.se/site/263,bibliography_ready,False,0,0,0,[],24,32,12,297,1254,1338,coarse_spatial_context_only,not_captured_by_repository_sources,455
4082,e63e3adc-3193-4839-ad68-49b59227c597,Landsnora kvarn,Sweden,59.4358782265,17.970310152,https://browser.sead.se/site/4082,bibliography_ready,False,0,0,0,[],24,24,1,4,24,27450,coarse_spatial_context_only,not_captured_by_repository_sources,456
3989,ef066d23-538b-4229-8506-32f7cd66fccd,Sundre kyrka,Sweden,56.935889228,18.1818396796,https://browser.sead.se/site/3989,bibliography_ready,False,0,0,0,[],24,24,1,4,24,,coarse_spatial_context_only,not_captured_by_repository_sources,457
3449,b62095d4-9160-466d-887e-6de38a3414ee,Tannefors,Sweden,58.4030694274,15.7009580259,https://browser.sead.se/site/3449,bibliography_ready,False,0,0,0,[],24,24,8,8,24,9863,coarse_spatial_context_only,not_captured_by_repository_sources,458
3939,09a3ee98-d5ba-4c65-94cf-9bfe1a3f3462,Westööska huset,Sweden,57.6398104349,18.295262014,https://browser.sead.se/site/3939,bibliography_ready,False,0,0,0,[],24,24,1,4,24,13558,coarse_spatial_context_only,not_captured_by_repository_sources,459
3633,cd8cf6b3-f82b-49f2-bb8d-c4171a3aed1d,kv Kastanjegården,Sweden,55.5551992037,13.0234541473,https://browser.sead.se/site/3633,bibliography_ready,False,0,0,0,[],24,23,6,6,23,6654,coarse_spatial_context_only,not_captured_by_repository_sources,460
6,b147c93f-2b6f-4bb8-876f-50fb9a847f63,Stafsinge Raä 116,Sweden,56.9213888892,12.4922222219,https://browser.sead.se/site/6,bibliography_ready,False,0,0,0,[],23,23,7,177,538,6333,coarse_spatial_context_only,not_captured_by_repository_sources,461
3670,ec3a5f94-a224-444a-acc4-0bf026f1d1d1,Ingelstorp: Cemetery 4,Sweden,55.4191368397,14.0369346669,https://browser.sead.se/site/3670,bibliography_ready,False,0,0,0,[],23,22,6,6,22,3205,coarse_spatial_context_only,not_captured_by_repository_sources,462
3623,51dc3bf7-ab13-4f3d-b84b-b46e8d0edd0b,kv. Elektronen,Sweden,57.78773619,14.2645885962,https://browser.sead.se/site/3623,bibliography_ready,False,0,0,0,[],22,21,7,7,21,8067,coarse_spatial_context_only,not_captured_by_repository_sources,463
3470,8103fb9f-75fc-4a5d-b4e3-09af8e79bfd5,Sockengränsen,Sweden,56.0588566108,14.4531948768,https://browser.sead.se/site/3470,bibliography_ready,False,0,0,0,[],22,21,7,7,21,10817,coarse_spatial_context_only,not_captured_by_repository_sources,464
3424,f691f5db-33b4-40d0-b2b5-ea7390e38d82,Vanneberga,Sweden,55.9944577384,14.3472834655,https://browser.sead.se/site/3424,bibliography_ready,False,0,0,0,[],22,21,7,7,21,3205,coarse_spatial_context_only,not_captured_by_repository_sources,465
3677,d1f96144-38de-451f-b916-ac4f006144ef,Hällby,Sweden,59.6556606765,17.2808209765,https://browser.sead.se/site/3677,bibliography_ready,False,0,0,0,[],22,20,5,5,20,27450,coarse_spatial_context_only,not_captured_by_repository_sources,466
3609,68b5e883-b978-4049-a220-d746fd1aebf7,Kyrkheddinge,Sweden,55.646106645,13.2715920476,https://browser.sead.se/site/3609,bibliography_ready,False,0,0,0,[],21,21,7,7,21,6654,coarse_spatial_context_only,not_captured_by_repository_sources,467
3689,49354112-e282-4644-ad9d-cee9452bc9ab,Hjulberga 2,Sweden,59.336867764,15.1143608104,https://browser.sead.se/site/3689,bibliography_ready,False,0,0,0,[],21,20,5,5,20,3873,coarse_spatial_context_only,not_captured_by_repository_sources,468
3580,1c754781-e6a4-410a-a93e-5190d822ccbd,Lunda omr. B,Sweden,59.3686002744,16.9530090902,https://browser.sead.se/site/3580,bibliography_ready,False,0,0,0,[],21,20,5,5,20,15126,coarse_spatial_context_only,not_captured_by_repository_sources,469
3576,23d6868f-f95b-46fb-a44a-8ac0445fdbe7,Lundströms plats,Sweden,57.7831319901,14.1610560072,https://browser.sead.se/site/3576,bibliography_ready,False,0,0,0,[],21,20,7,7,20,8067,coarse_spatial_context_only,not_captured_by_repository_sources,470
3570,5c0595cb-c607-4d3a-9058-865d1e39069d,Löderup 103,Sweden,55.3947333561,14.1385603467,https://browser.sead.se/site/3570,bibliography_ready,False,0,0,0,[],21,20,5,5,20,3205,coarse_spatial_context_only,not_captured_by_repository_sources,471
3516,3acbf52f-c8dc-4f52-8492-c36e9d30efe5,Prästgården,Sweden,60.0288075655,17.5466800928,https://browser.sead.se/site/3516,bibliography_ready,False,0,0,0,[],21,20,5,5,20,5060,coarse_spatial_context_only,not_captured_by_repository_sources,472
3669,7187fe1a-d78c-478b-8049-dcaa7deb1748,Ingelstorp: Granhill,Sweden,55.4209398021,14.0285645566,https://browser.sead.se/site/3669,bibliography_ready,False,0,0,0,[],20,19,5,5,19,3205,coarse_spatial_context_only,not_captured_by_repository_sources,473
3483,1617c691-1c7e-4eae-bae6-357c95958a71,Skrea 106,Sweden,56.9039003636,12.5733134738,https://browser.sead.se/site/3483,bibliography_ready,False,0,0,0,[],20,19,8,8,19,6333,coarse_spatial_context_only,not_captured_by_repository_sources,474
3451,ee812345-b7da-4cf4-b416-9dc498ddde6d,Söderåkra,Sweden,56.4518101707,16.0762879288,https://browser.sead.se/site/3451,bibliography_ready,False,0,0,0,[],20,18,6,6,18,6159,coarse_spatial_context_only,not_captured_by_repository_sources,475
3632,973189fe-8aa3-4acb-ac71-ffa23dc2c4c1,kv Katten,Sweden,55.375629596,13.1458401693,https://browser.sead.se/site/3632,bibliography_ready,False,0,0,0,[],19,18,6,6,18,6654,coarse_spatial_context_only,not_captured_by_repository_sources,476
4218,4f273447-35f7-43cc-8284-0ee3b4c9dc56,Biskopshuset,Sweden,58.4482149666,14.8935903588,https://browser.sead.se/site/4218,bibliography_ready,False,0,0,0,[],18,18,1,3,18,3815,coarse_spatial_context_only,not_captured_by_repository_sources,477
4124,48d3c9e8-1a67-4320-9cfd-0f264725fddc,Hofterups kyrka,Sweden,55.7842266844,12.9760982944,https://browser.sead.se/site/4124,bibliography_ready,False,0,0,0,[],18,18,1,4,18,1226,coarse_spatial_context_only,not_captured_by_repository_sources,478
3591,a2316a0e-b720-4f1f-a051-d8b99e6aa6bb,Lilla Tvären,Sweden,55.4317889627,13.7827217761,https://browser.sead.se/site/3591,bibliography_ready,False,0,0,0,[],18,18,6,6,18,6654,coarse_spatial_context_only,not_captured_by_repository_sources,479
4069,0c63f912-9257-4493-8088-123e7294e683,Lye kyrka,Sweden,57.2979156597,18.5265200841,https://browser.sead.se/site/4069,bibliography_ready,False,0,0,0,[],18,18,1,4,18,13558,coarse_spatial_context_only,not_captured_by_repository_sources,480
4031,d1a37bf4-f2ff-49eb-b810-18ac9314a9e4,Ryssby kyrka,Sweden,56.8019798682,16.3513483539,https://browser.sead.se/site/4031,bibliography_ready,False,0,0,0,[],18,18,1,3,18,6159,coarse_spatial_context_only,not_captured_by_repository_sources,481
3934,522a9c71-d7d1-474b-85ae-7d4b064e07f9,Ösmo gamla prästgård,Sweden,58.9856750157,17.89776251,https://browser.sead.se/site/3934,bibliography_ready,False,0,0,0,[],18,18,1,3,18,4303,coarse_spatial_context_only,not_captured_by_repository_sources,482
3764,62981055-1366-4ca5-b266-ad16688a409f,Carlshögen,Sweden,55.4138031246,14.1425526023,https://browser.sead.se/site/3764,bibliography_ready,False,0,0,0,[],18,16,4,4,16,3205,coarse_spatial_context_only,not_captured_by_repository_sources,483
3513,0efa1c52-3402-4ca0-9cd2-3bda55e0a3c5,Ramshög,Sweden,55.4089171856,14.1716094028,https://browser.sead.se/site/3513,bibliography_ready,False,0,0,0,[],18,16,4,4,16,3205,coarse_spatial_context_only,not_captured_by_repository_sources,484
3573,6fd85690-dc78-42ee-aa0b-0bfca63108bf,Löddeköpinge,Sweden,55.7597030669,13.0181722363,https://browser.sead.se/site/3573,bibliography_ready,False,0,0,0,[],17,129,43,43,129,6654,coarse_spatial_context_only,not_captured_by_repository_sources,485
78,5b852827-324c-4645-8afd-8354915c98f5,Citytunnelprojektet delområde 5,Sweden,55.5672222226,12.9844444,https://browser.sead.se/site/78,bibliography_ready,False,0,0,0,[],17,65,16,657,2942,1226,coarse_spatial_context_only,not_captured_by_repository_sources,486
3538,3d5370d2-d539-48bf-b3c6-a9488ca5a68d,Norrsunda 167,Sweden,59.5823823298,17.9006114213,https://browser.sead.se/site/3538,bibliography_ready,False,0,0,0,[],17,24,8,8,24,27450,coarse_spatial_context_only,not_captured_by_repository_sources,487
3690,c205a792-b323-4d91-8845-03fac4b72542,Hjulberga 1,Sweden,59.3407215532,15.1128794848,https://browser.sead.se/site/3690,bibliography_ready,False,0,0,0,[],17,16,4,4,16,3873,coarse_spatial_context_only,not_captured_by_repository_sources,488
3673,fec0e57e-260d-4f57-9d21-786593903a5e,Ingelstorp 14,Sweden,55.4162743064,14.0351718095,https://browser.sead.se/site/3673,bibliography_ready,False,0,0,0,[],17,16,4,4,16,3205,coarse_spatial_context_only,not_captured_by_repository_sources,489
3637,2628ff0d-23ba-4112-9755-70dc15c6247d,Kungsnäs,Sweden,62.405592897,17.2053946237,https://browser.sead.se/site/3637,bibliography_ready,False,0,0,0,[],17,16,4,4,16,3577,coarse_spatial_context_only,not_captured_by_repository_sources,490
3807,4c2f345a-693d-42d8-aa5e-8cff9318fd14,Annelöv,Sweden,55.8268344247,13.0062972237,https://browser.sead.se/site/3807,bibliography_ready,False,0,0,0,[],17,15,5,5,15,6654,coarse_spatial_context_only,not_captured_by_repository_sources,491
3547,4f49105f-5ec7-4f04-8af0-91742d2313d5,Mören,Sweden,56.6181953073,16.1539430666,https://browser.sead.se/site/3547,bibliography_ready,False,0,0,0,[],17,15,5,5,15,6159,coarse_spatial_context_only,not_captured_by_repository_sources,492
3616,dbb12903-364a-48cf-a0dd-3c2be04bd5e9,kv. Specksrum,Sweden,57.6423694195,18.2943374631,https://browser.sead.se/site/3616,bibliography_ready,False,0,0,0,[],16,18,6,6,18,13558,coarse_spatial_context_only,not_captured_by_repository_sources,493
3622,e89453ce-29c5-4f74-a822-a9fd18701698,kv. Galeasen,Sweden,57.7814057077,14.1635344017,https://browser.sead.se/site/3622,bibliography_ready,False,0,0,0,[],16,16,6,6,16,8067,coarse_spatial_context_only,not_captured_by_repository_sources,494
3782,cfe9e1b2-4fb9-4bc3-ae9e-8cba4a42f201,Björkekärr,Sweden,56.1078818239,15.8110374181,https://browser.sead.se/site/3782,bibliography_ready,False,0,0,0,[],16,15,5,5,15,5849,coarse_spatial_context_only,not_captured_by_repository_sources,495
3702,3862da40-68bd-425d-bbfa-e769c927a352,Harplinge 151,Sweden,56.7137605358,12.71284495,https://browser.sead.se/site/3702,bibliography_ready,False,0,0,0,[],16,15,5,5,15,6333,coarse_spatial_context_only,not_captured_by_repository_sources,496
3569,bcafbf54-2761-4843-84aa-6a791bcc2db8,Löderup 21,Sweden,55.4070184609,14.188642964,https://browser.sead.se/site/3569,bibliography_ready,False,0,0,0,[],16,15,4,4,15,3205,coarse_spatial_context_only,not_captured_by_repository_sources,497
3546,8d399650-f9ec-4264-9aa2-cd100176401d,Mötesstation Kosjärv,Sweden,65.9296806316,22.8561489804,https://browser.sead.se/site/3546,bibliography_ready,False,0,0,0,[],16,15,5,5,15,654,coarse_spatial_context_only,not_captured_by_repository_sources,498
3404,fce5f651-830f-438e-9ff5-6d5495ef5f42,Östra Spång,Sweden,56.2879514518,13.3279141309,https://browser.sead.se/site/3404,bibliography_ready,False,0,0,0,[],16,15,5,5,15,8912,coarse_spatial_context_only,not_captured_by_repository_sources,499
269,10772750-daca-44f9-b1a6-1f12e55a1646,Citytunnelprojektet delområde 6,Sweden,55.5463888886,13.0288888889,https://browser.sead.se/site/269,bibliography_ready,False,0,0,0,[],15,56,14,350,1750,6654,coarse_spatial_context_only,not_captured_by_repository_sources,500
3799,14a55111-a121-4649-8c36-f07046130c87,Backa,Sweden,59.4032293793,12.1372490483,https://browser.sead.se/site/3799,bibliography_ready,False,0,0,0,[],15,15,5,5,15,3762,coarse_spatial_context_only,not_captured_by_repository_sources,501
3585,b62f1bc5-ebf7-483f-bd85-0c1e06b55fdc,Linköping 188,Sweden,58.39742625,15.6360396796,https://browser.sead.se/site/3585,bibliography_ready,False,0,0,0,[],15,15,5,5,15,9863,coarse_spatial_context_only,not_captured_by_repository_sources,502
266,c112e20a-3ece-4069-a9fe-f98f99e1b3e3,Nederluleå Raä 330,Sweden,65.6458888886,22.0269361111,https://browser.sead.se/site/266,bibliography_ready,False,0,0,0,[],14,26,7,61,300,654,coarse_spatial_context_only,not_captured_by_repository_sources,503
312,5bfb665a-ae78-4e05-8624-9d91ee9a6f23,Knivsta Raä 16,Sweden,59.7590166667,17.7687555559,https://browser.sead.se/site/312,bibliography_ready,False,0,0,0,[],14,15,14,127,132,27450,coarse_spatial_context_only,not_captured_by_repository_sources,504
3812,9467eea7-fd37-4efe-80c4-a0a3d8df125b,Alby,Sweden,56.4894623638,16.5763567902,https://browser.sead.se/site/3812,bibliography_ready,False,0,0,0,[],14,12,4,4,12,6159,coarse_spatial_context_only,not_captured_by_repository_sources,505
3754,81f169ba-729c-4086-9111-2158a0c76f71,Dagstorp (SU 17),Sweden,55.8231621926,13.0378076627,https://browser.sead.se/site/3754,bibliography_ready,False,0,0,0,[],14,12,4,4,12,6654,coarse_spatial_context_only,not_captured_by_repository_sources,506
3626,d29aac29-f9e7-4b9e-b3d2-4001a5a35da0,kv. Bronsyxan,Sweden,55.5650588849,13.0425139125,https://browser.sead.se/site/3626,bibliography_ready,False,0,0,0,[],14,12,3,3,12,6654,coarse_spatial_context_only,not_captured_by_repository_sources,507
89,f1679bb6-a3e5-4cf4-af2c-2187288d508a,Nätra Raä 306,Sweden,63.2152777778,18.466666667,https://browser.sead.se/site/89,bibliography_ready,False,0,0,0,[],13,53,12,426,1978,1672,coarse_spatial_context_only,not_captured_by_repository_sources,508
279,c57d5810-080e-4943-aede-b980c5e52894,Brattbergstorpet,Sweden,58.5888249997,11.2945388886,https://browser.sead.se/site/279,bibliography_ready,False,0,0,0,[],13,48,12,52,260,16773,coarse_spatial_context_only,not_captured_by_repository_sources,509
84,ed3b711e-7176-49e4-85f9-9d204062e183,Citytunnelprojektet delområde 4,Sweden,55.5638888889,12.9794444,https://browser.sead.se/site/84,bibliography_ready,False,0,0,0,[],13,46,12,479,2264,1226,coarse_spatial_context_only,not_captured_by_repository_sources,510
3774,6c06f2c5-92be-4879-925f-47c924216b0a,Brogård,Sweden,56.7269567418,12.9418776008,https://browser.sead.se/site/3774,bibliography_ready,False,0,0,0,[],13,12,4,4,12,6333,coarse_spatial_context_only,not_captured_by_repository_sources,511
3722,5e122059-532b-4c60-8a1e-b256ed2a3af9,Grevie 363,Sweden,56.3632478676,12.7990216084,https://browser.sead.se/site/3722,bibliography_ready,False,0,0,0,[],13,12,4,4,12,6333,coarse_spatial_context_only,not_captured_by_repository_sources,512
3685,d2577cca-004a-48d8-b588-894925b215ea,Hune hall/Arlösa,Sweden,56.7200399504,12.9193096558,https://browser.sead.se/site/3685,bibliography_ready,False,0,0,0,[],13,12,4,4,12,6333,coarse_spatial_context_only,not_captured_by_repository_sources,513
3676,de91d3cc-1831-4cea-b562-b6341a38f370,Hästholmen,Sweden,59.3751155269,11.9281022166,https://browser.sead.se/site/3676,bibliography_ready,False,0,0,0,[],13,12,4,4,12,1520,coarse_spatial_context_only,not_captured_by_repository_sources,514
3667,e5c7ac78-ef14-4abf-a96c-9f7f5927b90e,Ivetofta,Sweden,56.0885117271,14.4645066099,https://browser.sead.se/site/3667,bibliography_ready,False,0,0,0,[],13,12,3,3,12,10817,coarse_spatial_context_only,not_captured_by_repository_sources,515
3634,507342ad-036a-4551-8f93-369645b0d1ff,kv Gröningen,Sweden,55.3769870556,13.1464553701,https://browser.sead.se/site/3634,bibliography_ready,False,0,0,0,[],13,12,4,4,12,6654,coarse_spatial_context_only,not_captured_by_repository_sources,516
3614,130bcce0-e8b1-4cab-871e-a0071a6b0c02,Kvarnbacken/kv. Cisternen/Galgegärdsbacken,Sweden,58.4415750789,14.9140626991,https://browser.sead.se/site/3614,bibliography_ready,False,0,0,0,[],13,12,4,4,12,3815,coarse_spatial_context_only,not_captured_by_repository_sources,517
3581,5847c7da-0664-4b94-b5c9-85ec884b21dd,Lockarp 7A,Sweden,55.5474961774,13.0123000965,https://browser.sead.se/site/3581,bibliography_ready,False,0,0,0,[],13,12,3,3,12,6654,coarse_spatial_context_only,not_captured_by_repository_sources,518
3561,3da441f7-2d74-4f07-920d-88a3af9e6434,Malmö 32,Sweden,55.5926550673,13.124444939,https://browser.sead.se/site/3561,bibliography_ready,False,0,0,0,[],13,12,3,3,12,6654,coarse_spatial_context_only,not_captured_by_repository_sources,519
3553,49440952-f60f-43d4-b49f-15b1f23b6a25,Millingsmossen 1,Sweden,59.0333818016,17.9577919364,https://browser.sead.se/site/3553,bibliography_ready,False,0,0,0,[],13,12,4,4,12,27450,coarse_spatial_context_only,not_captured_by_repository_sources,520
3459,e46eafa4-258d-44e9-bf00-d3682d4518fe,Svågertorp 8B-C,Sweden,55.5468493119,12.9941183078,https://browser.sead.se/site/3459,bibliography_ready,False,0,0,0,[],13,12,3,3,12,1226,coarse_spatial_context_only,not_captured_by_repository_sources,521
3430,e52fba0a-a10a-4af3-b82f-323a13e5d7ff,Valboön,Sweden,60.6304902634,16.9968297732,https://browser.sead.se/site/3430,bibliography_ready,False,0,0,0,[],13,12,3,3,12,4239,coarse_spatial_context_only,not_captured_by_repository_sources,522
3410,3fcf63aa-6680-492b-8b96-db2b1703f8de,Ål 291,Sweden,60.6822232925,15.0880178416,https://browser.sead.se/site/3410,bibliography_ready,False,0,0,0,[],13,12,3,3,12,3988,coarse_spatial_context_only,not_captured_by_repository_sources,523
3821,02001113-0e14-4c59-8909-602f3f3448f8,75519 Småland,Sweden,57.0999947302,14.8833206377,https://browser.sead.se/site/3821,bibliography_ready,False,0,0,0,[],12,12,1,2,12,8067,coarse_spatial_context_only,not_captured_by_repository_sources,524
3820,4d201bbe-ff94-4019-bcb8-7aa31b842cd2,75521 Småland,Sweden,57.0999947302,14.8833206377,https://browser.sead.se/site/3820,bibliography_ready,False,0,0,0,[],12,12,1,2,12,8067,coarse_spatial_context_only,not_captured_by_repository_sources,525
4234,7242043c-abdd-48ba-9176-ec8a747d1a4d,Abbotens hus,Sweden,57.5276850784,18.4412092411,https://browser.sead.se/site/4234,bibliography_ready,False,0,0,0,[],12,12,1,2,12,13558,coarse_spatial_context_only,not_captured_by_repository_sources,526
4097,65da3dff-cd22-452d-ac14-4a1f0fecd8fc,Krusenbergs herrgård,Sweden,59.7409314,17.6819873672,https://browser.sead.se/site/4097,bibliography_ready,False,0,0,0,[],12,12,1,2,12,27450,coarse_spatial_context_only,not_captured_by_repository_sources,527
3621,0c30af04-95b8-45b3-a53e-13dcc072cf7f,kv. Gladan,Sweden,57.7817481867,14.1609872027,https://browser.sead.se/site/3621,bibliography_ready,False,0,0,0,[],12,12,5,5,12,8067,coarse_spatial_context_only,not_captured_by_repository_sources,528
4085,122cc469-f952-4bf8-b7ff-5f7333b0e0b5,Källunge kyrka,Sweden,57.6078670191,18.5848410722,https://browser.sead.se/site/4085,bibliography_ready,False,0,0,0,[],12,12,1,2,12,13558,coarse_spatial_context_only,not_captured_by_repository_sources,529
4074,fd1c8ceb-28f9-4e60-a5b4-bc14fe9f5833,Linköpings domkyrka,Sweden,58.411179883,15.617135894,https://browser.sead.se/site/4074,bibliography_ready,False,0,0,0,[],12,12,1,2,12,9863,coarse_spatial_context_only,not_captured_by_repository_sources,530
3543,e290a849-935d-4fe9-88cf-eeae2972dbce,Nibble,Sweden,59.6483203386,16.9979235775,https://browser.sead.se/site/3543,bibliography_ready,False,0,0,0,[],12,12,3,3,12,15126,coarse_spatial_context_only,not_captured_by_repository_sources,531
4045,343c188a-12b1-49f6-9b10-fd8841ecd865,Nykyrka kyrka,Sweden,58.8307814957,16.745372246,https://browser.sead.se/site/4045,bibliography_ready,False,0,0,0,[],12,12,1,2,12,12413,coarse_spatial_context_only,not_captured_by_repository_sources,532
3482,6ff5fd36-e06e-4be5-ab3b-71acf96959b5,Skummeslöv,Sweden,56.4509794793,12.9534679856,https://browser.sead.se/site/3482,bibliography_ready,False,0,0,0,[],12,12,3,3,12,6333,coarse_spatial_context_only,not_captured_by_repository_sources,533
3767,b31131a2-77c7-4aac-b1b6-0f7170ea7432,Burlöv 20C,Sweden,55.6336364936,13.1080299741,https://browser.sead.se/site/3767,bibliography_ready,False,0,0,0,[],12,11,3,3,11,6654,coarse_spatial_context_only,not_captured_by_repository_sources,534
3672,6255d353-1054-4021-861a-76887993c74b,Ingelstorp 8,Sweden,55.4302139533,14.0468895814,https://browser.sead.se/site/3672,bibliography_ready,False,0,0,0,[],12,10,3,3,10,3205,coarse_spatial_context_only,not_captured_by_repository_sources,535
270,4a31321d-6215-49a8-ab1b-185532bc0986,Arvidsjaur Raä 3913,Sweden,65.9910527774,19.0952611111,https://browser.sead.se/site/270,bibliography_ready,False,0,0,0,[],11,24,11,124,479,1623,coarse_spatial_context_only,not_captured_by_repository_sources,536
6486,ff88efde-ce68-4532-b49a-7b0a33d516ac,Skänninge Abbey,Sweden,58.398269,15.082804,https://browser.sead.se/site/6486,bibliography_ready,False,0,0,0,[],11,10,5,5,10,9863,coarse_spatial_context_only,not_captured_by_repository_sources,537
3466,2ec16934-7dd4-4e41-903c-e7dc8c7aa572,Sommaränge Skog,Sweden,60.0810828871,17.5993343957,https://browser.sead.se/site/3466,bibliography_ready,False,0,0,0,[],11,9,3,3,9,5060,coarse_spatial_context_only,not_captured_by_repository_sources,538
3420,50016ebc-316f-4a25-9682-79070b3035c0,Vik,Sweden,55.6137376283,14.2879259394,https://browser.sead.se/site/3420,bibliography_ready,False,0,0,0,[],11,9,3,3,9,3205,coarse_spatial_context_only,not_captured_by_repository_sources,539
3408,96e302c7-7972-4448-82d4-d2d0dbd6d8ba,Årup (Skräbeån),Sweden,56.0627308134,14.4742592081,https://browser.sead.se/site/3408,bibliography_ready,False,0,0,0,[],11,9,3,3,9,10817,coarse_spatial_context_only,not_captured_by_repository_sources,540
3638,642dd006-d7fe-4e60-b37d-9ce1a9a68ade,Kungsbro Motorcykel,Sweden,58.5006165622,15.5356922244,https://browser.sead.se/site/3638,bibliography_ready,False,0,0,0,[],10,10,5,5,10,9863,coarse_spatial_context_only,not_captured_by_repository_sources,541
3564,f0c82143-5f6f-4e8f-bfce-eb69530213ed,Lövstaholm,Sweden,59.8998399562,17.6530552591,https://browser.sead.se/site/3564,bibliography_ready,False,0,0,0,[],10,10,10,10,10,27450,coarse_spatial_context_only,not_captured_by_repository_sources,542
3780,6784d08a-4971-4d92-952c-69fd8235a25e,Björkön,Sweden,58.784668681,12.473268136,https://browser.sead.se/site/3780,bibliography_ready,False,0,0,0,[],10,9,3,3,9,7321,coarse_spatial_context_only,not_captured_by_repository_sources,543
3760,7eb82680-0171-4539-b809-1e03031b6a2d,Charlottendal,Sweden,57.7910440589,13.1336652361,https://browser.sead.se/site/3760,bibliography_ready,False,0,0,0,[],10,9,3,3,9,8587,coarse_spatial_context_only,not_captured_by_repository_sources,544
3493,e80755c8-d406-414f-afc7-cf5d5d4984b9,Rössberga Megalithic,Sweden,58.2295448068,13.6062499925,https://browser.sead.se/site/3493,bibliography_ready,False,0,0,0,[],10,9,3,3,9,10501,coarse_spatial_context_only,not_captured_by_repository_sources,545
3480,14636d61-58b3-4f67-99e3-fbd5086b43e9,Skånes-Fagerhult 125,Sweden,56.3198756727,13.4229256424,https://browser.sead.se/site/3480,bibliography_ready,False,0,0,0,[],10,9,3,3,9,8912,coarse_spatial_context_only,not_captured_by_repository_sources,546
3813,9958466e-91e8-414d-a964-816e6c69f3c6,Albertshög,Sweden,55.4051851535,14.126014565,https://browser.sead.se/site/3813,bibliography_ready,False,0,0,0,[],10,8,2,2,8,3205,coarse_spatial_context_only,not_captured_by_repository_sources,547
92,d2db548a-0926-4629-beee-da5a27bece78,Grundsunda Raä 345,Sweden,63.3169444448,19.0086111111,https://browser.sead.se/site/92,bibliography_ready,False,0,0,0,[],9,26,4,572,1479,954,coarse_spatial_context_only,not_captured_by_repository_sources,548
308,03792ffc-6e69-4bca-97f3-5ee27662882e,Kvarteret Örtedalen,Sweden,59.8569638889,17.6363611108,https://browser.sead.se/site/308,bibliography_ready,False,0,0,0,[],9,10,8,22,23,27450,coarse_spatial_context_only,not_captured_by_repository_sources,549
3422,f7bf5ce9-473f-4f87-a7c2-a6c79a07059b,Veta 45,Sweden,58.3509511955,15.2594751972,https://browser.sead.se/site/3422,bibliography_ready,False,0,0,0,[],9,9,3,3,9,9863,coarse_spatial_context_only,not_captured_by_repository_sources,550
3794,5a7032e6-3f7a-4550-94b3-d4d6c7390bc9,Beddinge,Sweden,55.3813999067,13.4456315785,https://browser.sead.se/site/3794,bibliography_ready,False,0,0,0,[],9,8,2,2,8,6654,coarse_spatial_context_only,not_captured_by_repository_sources,551
3594,3efd7d8e-df2c-45fb-b916-69b646a10fa5,Lexby,Sweden,57.744930248,12.1316691989,https://browser.sead.se/site/3594,bibliography_ready,False,0,0,0,[],9,8,2,2,8,8569,coarse_spatial_context_only,not_captured_by_repository_sources,552
3531,89da521f-3066-4d7f-80a8-33937b0dc1b0,Orraryd,Sweden,56.6976711797,14.9855975611,https://browser.sead.se/site/3531,bibliography_ready,False,0,0,0,[],9,8,2,2,8,10817,coarse_spatial_context_only,not_captured_by_repository_sources,553
96,a1d4e9a9-59e8-4663-92fd-8b87c26d2d1b,Nora Raä 5,Sweden,62.9045611111,18.0929888889,https://browser.sead.se/site/96,bibliography_ready,False,0,0,0,[],9,7,4,289,997,692,coarse_spatial_context_only,not_captured_by_repository_sources,554
56,edbf0d6e-bd03-48ef-9478-d561af057e9a,Stafsinge 118,Sweden,56.9213500003,12.4920999997,https://browser.sead.se/site/56,bibliography_ready,False,0,0,0,[],9,7,3,140,613,6333,coarse_spatial_context_only,not_captured_by_repository_sources,555
260,bfd29055-7c4d-41f2-9c4b-e5e55a818b6e,Citytunnelprojektet delområdet Vintrie IP,Sweden,55.5525,12.9619444444,https://browser.sead.se/site/260,bibliography_ready,False,0,0,0,[],8,27,7,232,976,1226,coarse_spatial_context_only,not_captured_by_repository_sources,556
4801,95af5d4a-cfab-400d-8327-95b373804144,Toppeladugård,Sweden,55.60085,13.364639,https://browser.sead.se/site/4801,bibliography_ready,False,0,0,0,[],8,26,2,22,66,6654,coarse_spatial_context_only,not_captured_by_repository_sources,557
275,e44ef683-a971-43a0-bd9a-5224a457378f,Torsby Raä 100,Sweden,57.8465555552,11.7595472222,https://browser.sead.se/site/275,bibliography_ready,False,0,0,0,[],8,14,4,144,321,5005,coarse_spatial_context_only,not_captured_by_repository_sources,558
3590,3ee67251-7091-4ac8-8c4d-531a4d3b61b6,Lilla Ulvgryt,Sweden,59.2474249776,15.0600284814,https://browser.sead.se/site/3590,bibliography_ready,False,0,0,0,[],8,7,2,2,7,3873,coarse_spatial_context_only,not_captured_by_repository_sources,559
3431,0e655876-eb76-4d7e-a69e-44d88f2aefa2,V Sandudden,Sweden,65.6483993174,18.3407217548,https://browser.sead.se/site/3431,bibliography_ready,False,0,0,0,[],8,7,3,3,7,1168,coarse_spatial_context_only,not_captured_by_repository_sources,560
3611,c806e800-7dec-465c-8f51-6a67e46bdede,Kvinnsgröta,Sweden,56.3166820098,16.4928983618,https://browser.sead.se/site/3611,bibliography_ready,False,0,0,0,[],8,6,2,2,6,6159,coarse_spatial_context_only,not_captured_by_repository_sources,561
3607,52836638-392e-4ee4-9862-dd74a98b1d9c,Källingemöre,Sweden,56.8754976437,16.7587486261,https://browser.sead.se/site/3607,bibliography_ready,False,0,0,0,[],8,6,2,2,6,6159,coarse_spatial_context_only,not_captured_by_repository_sources,562
3549,a135be7e-1a3a-4835-bf0d-64a06b366b3a,Mysinge,Sweden,56.5179494219,16.4406957949,https://browser.sead.se/site/3549,bibliography_ready,False,0,0,0,[],8,6,2,2,6,6159,coarse_spatial_context_only,not_captured_by_repository_sources,563
3520,4676dd8a-7b15-475f-88bb-1625ec897ebf,Pinnekulla,Sweden,56.8885366286,16.7732816631,https://browser.sead.se/site/3520,bibliography_ready,False,0,0,0,[],8,6,2,2,6,6159,coarse_spatial_context_only,not_captured_by_repository_sources,564
87,6d888e86-74b0-4b7f-9b54-1fee81e76b77,Askim Raä 281,Sweden,57.5955638886,11.9273583337,https://browser.sead.se/site/87,bibliography_ready,False,0,0,0,[],7,32,8,80,400,5005,coarse_spatial_context_only,not_captured_by_repository_sources,565
3793,6a4df8c0-b215-4655-a7e3-698416f708c8,Bengtstorp,Sweden,59.2478788839,15.0683218771,https://browser.sead.se/site/3793,bibliography_ready,False,0,0,0,[],7,6,2,2,6,3873,coarse_spatial_context_only,not_captured_by_repository_sources,566
3788,388527b8-3aea-4dcd-84b2-baac66d90fa1,Bjurselet,Sweden,64.9992115511,21.0550224689,https://browser.sead.se/site/3788,bibliography_ready,False,0,0,0,[],7,6,2,2,6,1413,coarse_spatial_context_only,not_captured_by_repository_sources,567
3734,b61aa975-a083-4bbb-b068-e55ae66a1817,Fosie,Sweden,55.5602926412,13.0283204272,https://browser.sead.se/site/3734,bibliography_ready,False,0,0,0,[],7,6,2,2,6,6654,coarse_spatial_context_only,not_captured_by_repository_sources,568
3728,50be5ee6-51a8-46a7-99c1-129bac7b6173,Gamla Uppsala,Sweden,59.897239779,17.6357879882,https://browser.sead.se/site/3728,bibliography_ready,False,0,0,0,[],7,6,2,2,6,27450,coarse_spatial_context_only,not_captured_by_repository_sources,569
3639,c34583c7-6473-4b23-9066-6b66bf3a0d26,Kråkeslätt,Sweden,56.0607212216,14.4583396069,https://browser.sead.se/site/3639,bibliography_ready,False,0,0,0,[],7,6,2,2,6,10817,coarse_spatial_context_only,not_captured_by_repository_sources,570
3631,ae4af69d-5c41-4b83-942c-cf6dd73028de,kv Kråkvinkeln,Sweden,55.3760342637,13.1488201091,https://browser.sead.se/site/3631,bibliography_ready,False,0,0,0,[],7,6,2,2,6,6654,coarse_spatial_context_only,not_captured_by_repository_sources,571
3592,7e48f365-7b6f-4482-84d9-518e0d3173b2,Lilla Beddinge,Sweden,55.3813999067,13.4456315785,https://browser.sead.se/site/3592,bibliography_ready,False,0,0,0,[],7,6,2,2,6,6654,coarse_spatial_context_only,not_captured_by_repository_sources,572
3584,a1673897-18ef-4ff8-9704-3b46154f1a79,Lisseläng,Sweden,59.0284210617,17.9522932006,https://browser.sead.se/site/3584,bibliography_ready,False,0,0,0,[],7,6,2,2,6,27450,coarse_spatial_context_only,not_captured_by_repository_sources,573
3582,5bcef9b1-123d-4448-8104-6b62941c86b1,Lockarp,Sweden,55.5418603382,13.0446497559,https://browser.sead.se/site/3582,bibliography_ready,False,0,0,0,[],7,6,2,2,6,6654,coarse_spatial_context_only,not_captured_by_repository_sources,574
3511,54b8d970-b84a-492b-b5e4-047382ac3a51,Rappasundet,Sweden,66.0796031652,17.9193991018,https://browser.sead.se/site/3511,bibliography_ready,False,0,0,0,[],7,6,2,2,6,1226,coarse_spatial_context_only,not_captured_by_repository_sources,575
3494,61dd7669-8064-4828-8172-bb804d00ab61,"Rörstrand, Bottna Herrgård",Sweden,59.339988426,18.0261870191,https://browser.sead.se/site/3494,bibliography_ready,False,0,0,0,[],7,6,2,2,6,10763,coarse_spatial_context_only,not_captured_by_repository_sources,576
3419,3c3b3206-a8c7-47a1-a2ca-2874f786368e,Vintriediket,Sweden,55.5544711134,12.9755594907,https://browser.sead.se/site/3419,bibliography_ready,False,0,0,0,[],7,6,2,2,6,1226,coarse_spatial_context_only,not_captured_by_repository_sources,577
3407,daffb053-815a-4f6a-973c-c29fcefbb3ce,Årups norre vång,Sweden,56.0605211402,14.4660348079,https://browser.sead.se/site/3407,bibliography_ready,False,0,0,0,[],7,6,2,2,6,10817,coarse_spatial_context_only,not_captured_by_repository_sources,578
131,0c9dd6ac-2293-4984-99ab-a8e75e8a9ef5,Arnäs Raä 256,Sweden,63.316666667,18.9886111108,https://browser.sead.se/site/131,bibliography_ready,False,0,0,0,[],6,13,5,122,320,1672,coarse_spatial_context_only,not_captured_by_repository_sources,579
166,8909b15a-b2f3-40e5-8a55-4e70429333fb,Härnösand Raä 119,Sweden,62.6308333337,17.9469444441,https://browser.sead.se/site/166,bibliography_ready,False,0,0,0,[],6,9,5,52,80,3577,coarse_spatial_context_only,not_captured_by_repository_sources,580
125,6494e7a2-e4bc-4719-b482-f18b21345246,Skog Raä 7,Sweden,62.9169444448,18.0955555555,https://browser.sead.se/site/125,bibliography_ready,False,0,0,0,[],6,8,5,180,498,692,coarse_spatial_context_only,not_captured_by_repository_sources,581
3427,16bacd11-0e6f-42ff-82ba-00e9c274a65d,Vallby,Sweden,59.3613691005,15.0865799962,https://browser.sead.se/site/3427,bibliography_ready,False,0,0,0,[],6,7,2,2,7,3873,coarse_spatial_context_only,not_captured_by_repository_sources,582
3819,bc412103-0e56-4b8d-890b-3c3b1bcdc6b4,75523 Småland,Sweden,57.0999947302,14.8833206377,https://browser.sead.se/site/3819,bibliography_ready,False,0,0,0,[],6,6,1,1,6,8067,coarse_spatial_context_only,not_captured_by_repository_sources,583
3818,61e04242-ad25-43e9-80e5-eba1c6c745f3,75524 Småland,Sweden,57.0999947302,14.8833206377,https://browser.sead.se/site/3818,bibliography_ready,False,0,0,0,[],6,6,1,1,6,8067,coarse_spatial_context_only,not_captured_by_repository_sources,584
4129,69fa3ab5-6eff-432d-886a-95dc43cfe7d7,Helgelsens gård,Sweden,59.9859375582,17.8981097968,https://browser.sead.se/site/4129,bibliography_ready,False,0,0,0,[],6,6,1,1,6,27450,coarse_spatial_context_only,not_captured_by_repository_sources,585
3490,f3cf1030-d360-482a-9156-bcdcc6506b4a,Santa Maria,Sweden,57.6417257737,18.2983356792,https://browser.sead.se/site/3490,bibliography_ready,False,0,0,0,[],6,6,2,2,6,13558,coarse_spatial_context_only,not_captured_by_repository_sources,586
3488,e5e4619f-4f7f-4bf4-9f1b-dc8d7edc1d9f,Schweitzergränd,Sweden,57.6396964715,18.295151108,https://browser.sead.se/site/3488,bibliography_ready,False,0,0,0,[],6,6,2,2,6,13558,coarse_spatial_context_only,not_captured_by_repository_sources,587
13,fa61b1fd-32a0-46df-8742-d6ca00998849,Fjärås Raä 504,Sweden,57.4261111114,12.2163888889,https://browser.sead.se/site/13,bibliography_ready,False,0,0,0,[],6,5,5,18,17,8569,coarse_spatial_context_only,not_captured_by_repository_sources,588
16,bdc04b46-0460-4025-9ab6-7aead415db36,Slöinge Raä 115,Sweden,56.835833333,12.7061111111,https://browser.sead.se/site/16,bibliography_ready,False,0,0,0,[],6,5,5,27,22,6333,coarse_spatial_context_only,not_captured_by_repository_sources,589
3791,669cef2f-aab9-4928-ba12-792a67045829,Binga,Sweden,56.6371978921,16.2134803482,https://browser.sead.se/site/3791,bibliography_ready,False,0,0,0,[],6,4,1,1,4,6159,coarse_spatial_context_only,not_captured_by_repository_sources,590
348,7306236a-11a9-4e26-8235-2b09254c7d3d,Högom grav 4?,Sweden,62.4011972222,17.2585,https://browser.sead.se/site/348,bibliography_ready,False,0,0,0,[],6,4,4,19,19,3577,coarse_spatial_context_only,not_captured_by_repository_sources,591
3586,acbe5c1f-10e3-4a08-96ef-2bd259ef17cb,Linga,Sweden,59.0665236311,17.5850182827,https://browser.sead.se/site/3586,bibliography_ready,False,0,0,0,[],6,4,1,1,4,27450,coarse_spatial_context_only,not_captured_by_repository_sources,592
3795,fe36e744-f27a-4379-bf9b-5cf5e9815e19,Barshaldershed,Sweden,57.1065632606,18.3180837861,https://browser.sead.se/site/3795,bibliography_ready,False,0,0,0,[],5,33,10,10,33,13558,coarse_spatial_context_only,not_captured_by_repository_sources,593
4544,fda6f420-303f-48c5-862d-10902dcd3f01,"Myrby trask, Tunåsen",Sweden,59.89865,17.623966,https://browser.sead.se/site/4544,bibliography_ready,False,0,0,0,[],5,32,1,30,81,27450,coarse_spatial_context_only,not_captured_by_repository_sources,594
88,123f4bfd-6a33-416f-8d0d-36a01fd71412,Fors Raä 125,Sweden,58.2239611114,12.2150388889,https://browser.sead.se/site/88,bibliography_ready,False,0,0,0,[],5,29,5,37,249,7321,coarse_spatial_context_only,not_captured_by_repository_sources,595
3709,742e27d3-b61d-481b-866c-f8adc40fa71d,Gödåker,Sweden,60.0496770632,17.6677705788,https://browser.sead.se/site/3709,bibliography_ready,False,0,0,0,[],5,24,8,8,24,5060,coarse_spatial_context_only,not_captured_by_repository_sources,596
102,c55c9c22-8d0a-4bb5-99b9-ef8ad3b565f4,Norra Björke Raä 57,Sweden,58.2962444441,12.5179,https://browser.sead.se/site/102,bibliography_ready,False,0,0,0,[],5,24,4,55,315,7321,coarse_spatial_context_only,not_captured_by_repository_sources,597
311,5a77351c-aa2c-4a8e-b6b6-02a87a6c6e76,Strängnäs Raä 443,Sweden,59.3613666667,17.0247166667,https://browser.sead.se/site/311,bibliography_ready,False,0,0,0,[],5,20,4,15,85,27450,coarse_spatial_context_only,not_captured_by_repository_sources,598
283,b90eb2ac-ca55-42aa-8a0a-801b9d1e5dff,Nyköping 231,Sweden,58.7519722222,17.0113527778,https://browser.sead.se/site/283,bibliography_ready,False,0,0,0,[],5,14,3,14,89,4303,coarse_spatial_context_only,not_captured_by_repository_sources,599
4795,40a7fcdf-26cc-4aff-9728-891a95eb7463,Pilgrimstad,Sweden,62.96106,15.05776,https://browser.sead.se/site/4795,bibliography_ready,False,0,0,0,[],5,13,1,11,33,1173,coarse_spatial_context_only,not_captured_by_repository_sources,600
3595,27a40ed4-ff7a-4e77-ace1-5af811cb2585,Lesjön,Sweden,63.9159767382,16.2725933747,https://browser.sead.se/site/3595,bibliography_ready,False,0,0,0,[],5,7,3,3,7,1855,coarse_spatial_context_only,not_captured_by_repository_sources,601
3475,43cfb7ed-acc4-408f-b627-e253f50e1706,Smissarve,Sweden,57.2216104154,18.2375546116,https://browser.sead.se/site/3475,bibliography_ready,False,0,0,0,[],5,6,2,2,6,13558,coarse_spatial_context_only,not_captured_by_repository_sources,602
4483,51e02b41-b2f6-4fdd-b472-2fafc471afc6,Kurujärvi,Sweden,67.433334,22.516666,https://browser.sead.se/site/4483,bibliography_ready,False,0,0,0,[],5,5,1,3,9,803,coarse_spatial_context_only,not_captured_by_repository_sources,603
4566,d360f0d4-2ade-45d7-afa7-6f5c68594b51,Onttovaara,Sweden,67.166664,22.633333,https://browser.sead.se/site/4566,bibliography_ready,False,0,0,0,[],5,5,1,3,9,803,coarse_spatial_context_only,not_captured_by_repository_sources,604
3802,90bc37eb-3b85-4234-b822-a24504d9693f,Augerum,Sweden,56.2078447356,15.6774392049,https://browser.sead.se/site/3802,bibliography_ready,False,0,0,0,[],5,4,1,1,4,5849,coarse_spatial_context_only,not_captured_by_repository_sources,605
3787,5f5686e6-7d03-46b6-8a43-e1fb8946ccd1,Bjuröklubb,Sweden,64.453697943,21.6040916694,https://browser.sead.se/site/3787,bibliography_ready,False,0,0,0,[],5,4,1,1,4,1413,coarse_spatial_context_only,not_captured_by_repository_sources,606
3768,3c3692c3-b17e-4683-82d4-612bcc4a6471,Bunkeflo 68,Sweden,55.5476445671,13.0048418226,https://browser.sead.se/site/3768,bibliography_ready,False,0,0,0,[],5,4,1,1,4,6654,coarse_spatial_context_only,not_captured_by_repository_sources,607
3726,528e9f12-491e-4781-8f9d-2c7ef4601aad,Glemminge,Sweden,55.4561811108,14.0248363532,https://browser.sead.se/site/3726,bibliography_ready,False,0,0,0,[],5,4,1,1,4,3205,coarse_spatial_context_only,not_captured_by_repository_sources,608
3671,22641039-f424-4951-9bd2-649a19447f05,Ingelstorp: Cemetery 2,Sweden,55.4310318281,14.0423027173,https://browser.sead.se/site/3671,bibliography_ready,False,0,0,0,[],5,4,1,1,4,3205,coarse_spatial_context_only,not_captured_by_repository_sources,609
3664,2b1c6291-3673-48f1-a99f-7375bd9bbb9d,Jäder,Sweden,58.7565262035,16.7188454998,https://browser.sead.se/site/3664,bibliography_ready,False,0,0,0,[],5,4,1,1,4,12413,coarse_spatial_context_only,not_captured_by_repository_sources,610
3636,22bc5118-122c-46cd-bece-76e4d5672d97,Kunsta,Sweden,59.401281692,17.4989016198,https://browser.sead.se/site/3636,bibliography_ready,False,0,0,0,[],5,4,1,1,4,27450,coarse_spatial_context_only,not_captured_by_repository_sources,611
3568,64aa9ca5-0002-43e4-a00d-af76c36cb6b4,Löderup 27,Sweden,55.4130825453,14.1539255304,https://browser.sead.se/site/3568,bibliography_ready,False,0,0,0,[],5,4,1,1,4,3205,coarse_spatial_context_only,not_captured_by_repository_sources,612
3566,0174d81f-817f-4d1b-8b28-4b7608038543,Löderup 36,Sweden,55.4138962228,14.1905081365,https://browser.sead.se/site/3566,bibliography_ready,False,0,0,0,[],5,4,1,1,4,3205,coarse_spatial_context_only,not_captured_by_repository_sources,613
149,2f61959b-a297-4437-ab2c-b7ed880490d4,Sånga Raä 8,Sweden,63.1722222226,17.5113888889,https://browser.sead.se/site/149,bibliography_ready,False,0,0,0,[],5,4,3,9,14,2199,coarse_spatial_context_only,not_captured_by_repository_sources,614
3776,0c559b4a-053d-4d21-9c1d-6c3fecf19bd0,Borgholm,Sweden,56.8686414604,16.6399051987,https://browser.sead.se/site/3776,bibliography_ready,False,0,0,0,[],5,3,1,1,3,6159,coarse_spatial_context_only,not_captured_by_repository_sources,615
3523,6067dd82-a25f-4647-8f8e-5b7403ddde37,Parboäng,Sweden,56.2577790363,16.4154239294,https://browser.sead.se/site/3523,bibliography_ready,False,0,0,0,[],5,3,1,1,3,6159,coarse_spatial_context_only,not_captured_by_repository_sources,616
3512,d94f6558-78cb-472d-b6e8-6b8780843504,Ramsättra,Sweden,56.85426224,16.7248198551,https://browser.sead.se/site/3512,bibliography_ready,False,0,0,0,[],5,3,1,1,3,6159,coarse_spatial_context_only,not_captured_by_repository_sources,617
3485,62d6a859-0a72-4463-89c7-1f0657a0924c,Skedemosse,Sweden,56.8530817165,16.7508906514,https://browser.sead.se/site/3485,bibliography_ready,False,0,0,0,[],5,3,1,1,3,6159,coarse_spatial_context_only,not_captured_by_repository_sources,618
5084,4f8b3a94-f627-4cce-810e-f37f9fcd7f0f,Skurup,Sweden,55.481964,13.5,https://browser.sead.se/site/5084,bibliography_ready,False,0,0,0,[],5,3,1,3,5,6654,coarse_spatial_context_only,not_captured_by_repository_sources,619
4905,2632eab3-3437-4a57-9009-0ec47fb71173,Stavsåkra,Sweden,57.024166,14.813056,https://browser.sead.se/site/4905,bibliography_ready,False,0,0,0,[],4,27,2,69,113,8067,coarse_spatial_context_only,not_captured_by_repository_sources,620
278,51d76c77-5cd4-459c-aa5e-5110fb65f92e,Lockarp 8:4,Sweden,55.55491,12.9971,https://browser.sead.se/site/278,bibliography_ready,False,0,0,0,[],4,14,4,61,212,1226,coarse_spatial_context_only,not_captured_by_repository_sources,621
4431,9afd620e-b595-44d2-a7c7-a3bd60180909,Halmstad,Sweden,56.683334,12.85,https://browser.sead.se/site/4431,bibliography_ready,False,0,0,0,[],4,8,1,3,12,6333,coarse_spatial_context_only,not_captured_by_repository_sources,622
326,d1cc79b5-3d1e-4834-973a-3658615b787e,Älvsbyn Raä 958,Sweden,65.850025,20.3905916663,https://browser.sead.se/site/326,bibliography_ready,False,0,0,0,[],4,8,4,78,156,1818,coarse_spatial_context_only,not_captured_by_repository_sources,623
1,3d50fd2b-c1b1-4a45-b8ad-70ed033919a0,Slöinge Raä 114,Sweden,56.8663888889,12.6683333337,https://browser.sead.se/site/1,bibliography_ready,False,0,0,0,[],4,7,3,695,2997,6333,coarse_spatial_context_only,not_captured_by_repository_sources,624
296,ae1ca84e-19c2-4bbf-b2cc-faa74f137c76,Södra Hee,Sweden,58.8779361114,11.3724888892,https://browser.sead.se/site/296,bibliography_ready,False,0,0,0,[],4,7,2,79,178,16773,coarse_spatial_context_only,not_captured_by_repository_sources,625
5288,ccd56e6f-6602-470d-b38e-5a8d53ede7c1,Kallsjö,Sweden,55.482063,13.467472,https://browser.sead.se/site/5288,bibliography_ready,False,0,0,0,[],4,6,1,4,12,6654,coarse_spatial_context_only,not_captured_by_repository_sources,626
5293,c6cfdacf-961d-419c-9c43-17907828b1f2,Sote Mosse,Sweden,55.499084,13.537445,https://browser.sead.se/site/5293,bibliography_ready,False,0,0,0,[],4,6,1,4,12,6654,coarse_spatial_context_only,not_captured_by_repository_sources,627
5291,ba294f91-80c5-44f6-b72a-991d4863dc47,Hylteberga,Sweden,55.48498,13.534627,https://browser.sead.se/site/5291,bibliography_ready,False,0,0,0,[],4,5,1,3,9,6654,coarse_spatial_context_only,not_captured_by_repository_sources,628
3808,2cc4e56a-1c20-41df-b0b9-6e219336490d,Anfasterö,Sweden,58.2060432093,11.9102547484,https://browser.sead.se/site/3808,bibliography_ready,False,0,0,0,[],4,4,1,1,4,16773,coarse_spatial_context_only,not_captured_by_repository_sources,629
151,b236f68d-3da3-40c9-a379-f26dfed3c774,Berghem Raä 100,Sweden,57.444508333,12.5644722222,https://browser.sead.se/site/151,bibliography_ready,False,0,0,0,[],4,4,4,11,11,8569,coarse_spatial_context_only,not_captured_by_repository_sources,630
5292,a764b3c8-5890-44f2-8d46-2a77dffda2d8,Hassle Bösarp,Sweden,55.450096,13.516688,https://browser.sead.se/site/5292,bibliography_ready,False,0,0,0,[],4,4,1,2,6,6654,coarse_spatial_context_only,not_captured_by_repository_sources,631
66,7fb32e40-5fda-4d06-883b-85161bbc6a84,Norum Raä 285,Sweden,58.0485222222,11.8583972222,https://browser.sead.se/site/66,bibliography_ready,False,0,0,0,[],4,4,2,7,4,16773,coarse_spatial_context_only,not_captured_by_repository_sources,632
4615,d580038e-ffd7-4893-bede-814c66a0a0f2,Sondre Tunåsen,Sweden,59.89045,17.534033,https://browser.sead.se/site/4615,bibliography_ready,False,0,0,0,[],4,4,1,2,6,27450,coarse_spatial_context_only,not_captured_by_repository_sources,633
3792,db3250aa-218f-45b1-a919-05d521cd37d6,Berga,Sweden,59.4219309046,16.3579273467,https://browser.sead.se/site/3792,bibliography_ready,False,0,0,0,[],4,3,1,1,3,15126,coarse_spatial_context_only,not_captured_by_repository_sources,634
3742,e8465a5d-8203-4168-8f79-d9d286edff21,Ekeby,Sweden,59.8415746933,17.5790769183,https://browser.sead.se/site/3742,bibliography_ready,False,0,0,0,[],4,3,1,1,3,27450,coarse_spatial_context_only,not_captured_by_repository_sources,635
5289,7675de21-657e-4cfb-8bf8-1be17aa546fc,Elinelund,Sweden,55.579723,12.952222,https://browser.sead.se/site/5289,bibliography_ready,False,0,0,0,[],4,3,1,1,3,1226,coarse_spatial_context_only,not_captured_by_repository_sources,636
4856,5f72e516-3b17-4179-8784-0e999ecacbaf,Empohultet,Sweden,66.3167,22.8333,https://browser.sead.se/site/4856,bibliography_ready,False,0,0,0,[],4,3,1,1,3,1472,coarse_spatial_context_only,not_captured_by_repository_sources,637
3736,c5f8b144-d6c1-4c1f-96d0-ba1e47f864af,Fjärås 486,Sweden,57.4513558183,12.1846511914,https://browser.sead.se/site/3736,bibliography_ready,False,0,0,0,[],4,3,1,1,3,8569,coarse_spatial_context_only,not_captured_by_repository_sources,638
3720,a074dd4d-91b8-460b-8acc-b4f065244fe3,Grimeton k:a,Sweden,57.1141181826,12.4294954263,https://browser.sead.se/site/3720,bibliography_ready,False,0,0,0,[],4,3,1,1,3,8569,coarse_spatial_context_only,not_captured_by_repository_sources,639
4857,77dfccdc-eb02-4e3a-8bfd-ba4f4e6599b4,Hirvijärvi,Sweden,66.8333,23.6667,https://browser.sead.se/site/4857,bibliography_ready,False,0,0,0,[],4,3,1,1,3,984,coarse_spatial_context_only,not_captured_by_repository_sources,640
3682,f7899102-f67b-4b50-8048-4d1639d7af53,"Husby, Ingjaldshögen",Sweden,59.4237707482,16.933746727,https://browser.sead.se/site/3682,bibliography_ready,False,0,0,0,[],4,3,1,1,3,15126,coarse_spatial_context_only,not_captured_by_repository_sources,641
3681,8127cbde-12b9-42a5-a0f6-8e625c9715e6,Hyggby,Sweden,59.4347995045,16.5561069216,https://browser.sead.se/site/3681,bibliography_ready,False,0,0,0,[],4,3,1,1,3,15126,coarse_spatial_context_only,not_captured_by_repository_sources,642
4852,1323d3d2-9d30-465e-b29f-0b8942b4d83f,Juomajärvi 1,Sweden,66.8667,23.0333,https://browser.sead.se/site/4852,bibliography_ready,False,0,0,0,[],4,3,1,1,3,984,coarse_spatial_context_only,not_captured_by_repository_sources,643
4850,93ab6f1c-c5b5-49b7-bf4d-7a0025a19c66,Kainulasjärvi,Sweden,67.1667,22.65,https://browser.sead.se/site/4850,bibliography_ready,False,0,0,0,[],4,3,1,1,3,803,coarse_spatial_context_only,not_captured_by_repository_sources,644
3648,e916df97-b0fe-42c0-b0f3-5d777fcc0f90,Killebäckstorp,Sweden,56.3845898779,12.7498551494,https://browser.sead.se/site/3648,bibliography_ready,False,0,0,0,[],4,3,1,1,3,6333,coarse_spatial_context_only,not_captured_by_repository_sources,645
3645,a42f0563-2f4c-4bbf-99ea-29385b247a03,Kjulaås,Sweden,59.3834313343,16.672411331,https://browser.sead.se/site/3645,bibliography_ready,False,0,0,0,[],4,3,1,1,3,15126,coarse_spatial_context_only,not_captured_by_repository_sources,646
3615,444fd43e-10e2-4c5d-a38e-92abef11302b,kv. Trädgårdsmästaren,Sweden,59.6156751672,17.7196034236,https://browser.sead.se/site/3615,bibliography_ready,False,0,0,0,[],4,3,1,1,3,27450,coarse_spatial_context_only,not_captured_by_repository_sources,647
3612,869ce439-cd96-4da5-875c-ea6245336edf,Kvie,Sweden,57.6141820854,18.4609649831,https://browser.sead.se/site/3612,bibliography_ready,False,0,0,0,[],4,3,1,1,3,13558,coarse_spatial_context_only,not_captured_by_repository_sources,648
3587,148733ba-74a3-4a2b-8ea1-65ad31960a8a,Lindab området,Sweden,56.3829210993,12.7874546022,https://browser.sead.se/site/3587,bibliography_ready,False,0,0,0,[],4,3,1,1,3,6333,coarse_spatial_context_only,not_captured_by_repository_sources,649
4504,e19c86b8-db8b-4f9e-8dd7-c6b1c0e1c40c,Lindved,Sweden,55.49184,13.299274,https://browser.sead.se/site/4504,bibliography_ready,False,0,0,0,[],4,3,1,1,3,6654,coarse_spatial_context_only,not_captured_by_repository_sources,650
4489,1a70ebe6-2fae-47bf-9da6-47d0e5d3c143,Långsele,Sweden,63.25,17.1,https://browser.sead.se/site/4489,bibliography_ready,False,0,0,0,[],4,3,1,2,4,2199,coarse_spatial_context_only,not_captured_by_repository_sources,651
3563,81c4da51-e12d-4cd1-bcf4-f3e85bb30c32,Maksjön,Sweden,64.6696322169,16.5107649579,https://browser.sead.se/site/3563,bibliography_ready,False,0,0,0,[],4,3,1,1,3,1031,coarse_spatial_context_only,not_captured_by_repository_sources,652
3558,48dbb82c-998b-4b41-9049-fa66edfe7beb,"Marieberg (Heby herrgård, Uppland)",Sweden,59.3252914013,18.0170898365,https://browser.sead.se/site/3558,bibliography_ready,False,0,0,0,[],4,3,1,1,3,10763,coarse_spatial_context_only,not_captured_by_repository_sources,653
3557,30c71b6f-b6e9-403d-8486-8ea9e197c7d7,Mark,Sweden,59.246559932,15.2813768936,https://browser.sead.se/site/3557,bibliography_ready,False,0,0,0,[],4,3,1,1,3,3873,coarse_spatial_context_only,not_captured_by_repository_sources,654
4853,52a589ac-8b68-41af-a4f8-3b19ca899065,Missesberget,Sweden,66.3167,22.8333,https://browser.sead.se/site/4853,bibliography_ready,False,0,0,0,[],4,3,1,1,3,1472,coarse_spatial_context_only,not_captured_by_repository_sources,655
4848,d0493ef8-a852-464c-9a2a-e63a0d090c39,Onttoharjut,Sweden,67.166664,22.65,https://browser.sead.se/site/4848,bibliography_ready,False,0,0,0,[],4,3,1,1,3,803,coarse_spatial_context_only,not_captured_by_repository_sources,656
4847,af82521a-d245-45a1-be3f-7acb21481254,Outojärvi,Sweden,67.433334,22.516666,https://browser.sead.se/site/4847,bibliography_ready,False,0,0,0,[],4,3,1,1,3,803,coarse_spatial_context_only,not_captured_by_repository_sources,657
4851,7df15064-f01d-45be-a21f-2e77b031c493,Purasharju,Sweden,66.8667,23.0333,https://browser.sead.se/site/4851,bibliography_ready,False,0,0,0,[],4,3,1,1,3,984,coarse_spatial_context_only,not_captured_by_repository_sources,658
4844,15a25fc8-d3d2-4fe0-b965-73fbb3ac659a,Riipiharju,Sweden,67.4333,22.5166,https://browser.sead.se/site/4844,bibliography_ready,False,0,0,0,[],4,3,1,1,3,803,coarse_spatial_context_only,not_captured_by_repository_sources,659
3491,5d993fd8-ca49-44f4-9cb3-67e4bcfac55b,Sanda,Sweden,59.5083499561,17.9559991096,https://browser.sead.se/site/3491,bibliography_ready,False,0,0,0,[],4,3,1,1,3,27450,coarse_spatial_context_only,not_captured_by_repository_sources,660
4846,0d7569ae-5363-4d4e-80f2-f8ec3ca29027,Sarkasvaara,Sweden,67.433334,20.516666,https://browser.sead.se/site/4846,bibliography_ready,False,0,0,0,[],4,3,1,1,3,965,coarse_spatial_context_only,not_captured_by_repository_sources,661
4845,7ba0dbd1-55ec-4aea-86f6-b61830ede029,Sivakkojärvi,Sweden,67.433334,22.516666,https://browser.sead.se/site/4845,bibliography_ready,False,0,0,0,[],4,3,1,1,3,803,coarse_spatial_context_only,not_captured_by_repository_sources,662
4854,3fe45d0e-bd16-4794-93a4-79bc85d2dd53,Snårberget,Sweden,66.3833,23.6667,https://browser.sead.se/site/4854,bibliography_ready,False,0,0,0,[],4,3,1,1,3,984,coarse_spatial_context_only,not_captured_by_repository_sources,663
3469,3ec20bb2-213d-454c-a37c-3aa192fb95a9,"Solberga, Linköping",Sweden,58.4242057283,15.8771645851,https://browser.sead.se/site/3469,bibliography_ready,False,0,0,0,[],4,3,1,1,3,9863,coarse_spatial_context_only,not_captured_by_repository_sources,664
3463,6eff8b9a-dc97-40ba-9b21-78ec508edd54,St. Gatan. Kv. Handelsmannen 8-9,Sweden,59.6168653169,17.7224306497,https://browser.sead.se/site/3463,bibliography_ready,False,0,0,0,[],4,3,1,1,3,27450,coarse_spatial_context_only,not_captured_by_repository_sources,665
4858,e2a02b71-0c18-4a4f-9316-cc60eaf5a2eb,Särkivuoma,Sweden,66.3833,23.6667,https://browser.sead.se/site/4858,bibliography_ready,False,0,0,0,[],4,3,1,1,3,984,coarse_spatial_context_only,not_captured_by_repository_sources,666
4849,2ca36f68-8eba-4549-9f35-979fcac67c98,Takkanenmännikö,Sweden,67.1667,22.65,https://browser.sead.se/site/4849,bibliography_ready,False,0,0,0,[],4,3,1,1,3,803,coarse_spatial_context_only,not_captured_by_repository_sources,667
5285,c5daeeb9-ac99-4bb5-a971-3c86dbd7b021,Trelleborg: brick pit,Sweden,55.476128,13.219721,https://browser.sead.se/site/5285,bibliography_ready,False,0,0,0,[],4,3,1,1,3,6654,coarse_spatial_context_only,not_captured_by_repository_sources,668
3414,03912aa3-475f-4fb6-90d8-c912fe33c73a,Västerljung Grav,Sweden,58.9209283539,17.4490501954,https://browser.sead.se/site/3414,bibliography_ready,False,0,0,0,[],4,3,1,1,3,4303,coarse_spatial_context_only,not_captured_by_repository_sources,669
3412,4517b3dd-99bd-4a40-af23-0e672d30308e,Ytterby,Sweden,60.0244244778,18.6063665051,https://browser.sead.se/site/3412,bibliography_ready,False,0,0,0,[],4,3,1,1,3,3238,coarse_spatial_context_only,not_captured_by_repository_sources,670
3406,e1830549-4d52-4593-a55e-27676f6b28aa,Ås-Husby,Sweden,59.5908195477,17.9070979103,https://browser.sead.se/site/3406,bibliography_ready,False,0,0,0,[],4,3,1,1,3,27450,coarse_spatial_context_only,not_captured_by_repository_sources,671
3779,4d45fa45-b96e-4c49-a90a-325102412bd9,Björnstorp,Sweden,55.8032892219,13.0230745659,https://browser.sead.se/site/3779,bibliography_ready,False,0,0,0,[],4,2,1,1,2,6654,coarse_spatial_context_only,not_captured_by_repository_sources,672
3479,c80acaac-fa4f-4b94-9638-8dd7a717e771,Skälby,Sweden,59.6588633511,17.1071191049,https://browser.sead.se/site/3479,bibliography_ready,False,0,0,0,[],4,2,1,1,2,27450,coarse_spatial_context_only,not_captured_by_repository_sources,673
5097,8f291dd1-926c-4843-aff1-bda802e0cffc,Snårestad,Sweden,55.43359,13.666549,https://browser.sead.se/site/5097,bibliography_ready,False,0,0,0,[],4,2,1,1,2,6654,coarse_spatial_context_only,not_captured_by_repository_sources,674
3556,b1fb6b48-b738-48f4-895f-8e7500cabda0,Masmo,Sweden,59.2443247603,17.8848770494,https://browser.sead.se/site/3556,bibliography_ready,False,0,0,0,[],3,136,42,42,136,27450,coarse_spatial_context_only,not_captured_by_repository_sources,675
4433,673f92d6-5f9b-45df-a955-c17ef8efdc1f,Harnosand,Sweden,62.62332,17.946981,https://browser.sead.se/site/4433,bibliography_ready,False,0,0,0,[],3,15,1,12,34,3577,coarse_spatial_context_only,not_captured_by_repository_sources,676
299,b72cf3b9-b36a-43a2-bbd7-5b13a183c4d2,Solberga,Sweden,59.3343861108,17.0215,https://browser.sead.se/site/299,bibliography_ready,False,0,0,0,[],3,15,3,15,79,27450,coarse_spatial_context_only,not_captured_by_repository_sources,677
5606,03bd840c-7bb9-4771-ba1d-f90749d4fbdd,Moarna,Sweden,57.047806,12.35677,https://browser.sead.se/site/5606,bibliography_ready,False,0,0,0,[],3,14,1,11,24,8569,coarse_spatial_context_only,not_captured_by_repository_sources,678
158,d024a3c2-dc51-4108-a7b4-47d397dd72b9,Ledsjö Raä 73,Sweden,58.4847805552,13.4824083337,https://browser.sead.se/site/158,bibliography_ready,False,0,0,0,[],3,13,3,46,238,10501,coarse_spatial_context_only,not_captured_by_repository_sources,679
82,b5a22b84-567b-485e-859a-bfc044fb76db,Grundsunda Raä 364,Sweden,63.3372222219,19.1161111111,https://browser.sead.se/site/82,bibliography_ready,False,0,0,0,[],3,12,3,84,420,954,coarse_spatial_context_only,not_captured_by_repository_sources,680
351,4c53a899-0520-4e2d-b259-f80b9eeaabdd,Norra Ryssmasterna,Sweden,59.8647222222,18.5477777774,https://browser.sead.se/site/351,bibliography_ready,False,0,0,0,[],3,12,3,7,35,10763,coarse_spatial_context_only,not_captured_by_repository_sources,681
301,7783e02e-e153-495a-8b87-11112058ef56,Undersåker Raä 204,Sweden,63.20505,12.3967861108,https://browser.sead.se/site/301,bibliography_ready,False,0,0,0,[],3,12,3,64,320,912,coarse_spatial_context_only,not_captured_by_repository_sources,682
313,a7d91677-4f98-4938-b6a1-ea494aabcbbf,Vilhelmina Raä 1647,Sweden,64.6519138889,16.8592666667,https://browser.sead.se/site/313,bibliography_ready,False,0,0,0,[],3,12,3,62,310,1031,coarse_spatial_context_only,not_captured_by_repository_sources,683
4499,9f3b8d4d-59fe-438a-989e-684c01a83322,Leveaniemi,Sweden,67.61667,21.016666,https://browser.sead.se/site/4499,bibliography_ready,False,0,0,0,[],3,10,1,8,22,1142,coarse_spatial_context_only,not_captured_by_repository_sources,684
5290,adc030de-cab9-4e5f-a048-15443662d973,Sandåkra,Sweden,56.06691,13.733375,https://browser.sead.se/site/5290,bibliography_ready,False,0,0,0,[],3,10,1,8,24,8912,coarse_spatial_context_only,not_captured_by_repository_sources,685
94,b86adacd-953c-4250-b7f3-8ad6b74bc79a,Överlännäs Raä 20,Sweden,63.1736111114,17.5922222219,https://browser.sead.se/site/94,bibliography_ready,False,0,0,0,[],3,10,2,6,36,2199,coarse_spatial_context_only,not_captured_by_repository_sources,686
58,2a25d5a6-63fe-43ad-ad43-fc51e61ff231,Uddevalla Raä 133:1,Sweden,58.3318277781,12.0645,https://browser.sead.se/site/58,bibliography_ready,False,0,0,0,[],3,8,3,76,380,7321,coarse_spatial_context_only,not_captured_by_repository_sources,687
155,6be170c6-eb64-400c-9238-deeaa80de3b0,Nätra Raä 359,Sweden,63.2141666667,18.4611111111,https://browser.sead.se/site/155,bibliography_ready,False,0,0,0,[],3,7,2,123,274,1672,coarse_spatial_context_only,not_captured_by_repository_sources,688
302,82c3dcbf-2825-4b0c-b4c2-8bd6ba6c0b36,Ytterby Raä 22,Sweden,57.85745,11.9120777778,https://browser.sead.se/site/302,bibliography_ready,False,0,0,0,[],3,6,2,23,87,5005,coarse_spatial_context_only,not_captured_by_repository_sources,689
4466,89a2ebe3-2205-42a4-8ad7-3cf0347cac3f,Järavallen 2 (Skateholm),Sweden,55.7667,12.95,https://browser.sead.se/site/4466,bibliography_ready,False,0,0,0,[],3,5,1,3,9,1226,coarse_spatial_context_only,not_captured_by_repository_sources,690
57,9b56ca2f-ab04-48e6-a536-63664e09ccda,Skrea Raä 162,Sweden,56.8882889,12.5898222,https://browser.sead.se/site/57,bibliography_ready,False,0,0,0,[],3,5,2,117,557,6333,coarse_spatial_context_only,not_captured_by_repository_sources,691
304,c72e02f5-43ec-4223-81c3-7e2b1fd7e11e,Svarteborg 585,Sweden,58.5112111111,11.5557388889,https://browser.sead.se/site/304,bibliography_ready,False,0,0,0,[],3,5,1,5,19,16773,coarse_spatial_context_only,not_captured_by_repository_sources,692
365,aab4509e-3040-4470-8db5-da650fdc9c14,Svarteborg 88,Sweden,58.512425,11.5545694444,https://browser.sead.se/site/365,bibliography_ready,False,0,0,0,[],3,5,1,5,16,16773,coarse_spatial_context_only,not_captured_by_repository_sources,693
5284,4983f363-1f3b-4345-9fc4-664659762b15,Svedala,Sweden,55.509583,13.237038,https://browser.sead.se/site/5284,bibliography_ready,False,0,0,0,[],3,5,1,3,9,6654,coarse_spatial_context_only,not_captured_by_repository_sources,694
4776,2a1059cd-6206-4b1c-a8c2-a2f5c42c9ee8,Bysjön,Sweden,55.683334,13.55,https://browser.sead.se/site/4776,bibliography_ready,False,0,0,0,[],3,4,1,1,4,6654,coarse_spatial_context_only,not_captured_by_repository_sources,695
4917,5b492871-6316-4dee-ae53-50b37320dd50,Hemavan,Sweden,65.833336,15.0,https://browser.sead.se/site/4917,bibliography_ready,False,0,0,0,[],3,4,1,10,22,766,coarse_spatial_context_only,not_captured_by_repository_sources,696
5286,4beb7051-77e2-451c-b9c5-dfed98b14468,Bara,Sweden,55.581135,13.179038,https://browser.sead.se/site/5286,bibliography_ready,False,0,0,0,[],3,3,1,1,3,6654,coarse_spatial_context_only,not_captured_by_repository_sources,697
21,ea357f3c-14a6-441c-a758-9461169af5c5,Fjärås Raä 499,Sweden,57.4294444448,12.1652777778,https://browser.sead.se/site/21,bibliography_ready,False,0,0,0,[],3,3,2,13,16,8569,coarse_spatial_context_only,not_captured_by_repository_sources,698
5287,808bd1d0-1b60-437a-ae83-1cab92eee55f,Gärdslöv,Sweden,55.482746,13.466778,https://browser.sead.se/site/5287,bibliography_ready,False,0,0,0,[],3,3,1,1,3,6654,coarse_spatial_context_only,not_captured_by_repository_sources,699
5484,66b10d69-4df9-4804-844b-accc83e8a671,Hässeldala Port,Sweden,56.266666,15.016666,https://browser.sead.se/site/5484,bibliography_ready,False,0,0,0,[],3,3,1,1,3,5849,coarse_spatial_context_only,not_captured_by_repository_sources,700
3651,c05884d7-2cd0-4673-83bd-783d5ecb7e9e,Katarina,Sweden,57.6404316318,18.2955697837,https://browser.sead.se/site/3651,bibliography_ready,False,0,0,0,[],3,3,1,1,3,13558,coarse_spatial_context_only,not_captured_by_repository_sources,701
27,f47122aa-bca8-4450-983b-4af8a6b89969,Kvibille Raä 131,Sweden,56.7941666663,12.8505555556,https://browser.sead.se/site/27,bibliography_ready,False,0,0,0,[],3,3,1,4,12,6333,coarse_spatial_context_only,not_captured_by_repository_sources,702
3610,7f70647b-7bcd-4a7a-8d82-834690e47ab5,Kyrkebo,Sweden,58.4700491904,13.4782148146,https://browser.sead.se/site/3610,bibliography_ready,False,0,0,0,[],3,3,1,1,3,10501,coarse_spatial_context_only,not_captured_by_repository_sources,703
3597,8a797eb8-ed30-4cb0-901b-3d3bbbed0d21,Leonardsberg,Sweden,59.3686114824,13.1111734847,https://browser.sead.se/site/3597,bibliography_ready,False,0,0,0,[],3,3,1,1,3,3490,coarse_spatial_context_only,not_captured_by_repository_sources,704
328,380919d6-9f66-4beb-b446-6be8b57c9ac8,Odensala Raä 402,Sweden,59.673225,17.8628361,https://browser.sead.se/site/328,bibliography_ready,False,0,0,0,[],3,3,3,28,28,27450,coarse_spatial_context_only,not_captured_by_repository_sources,705
4855,cebacd4d-702a-4933-af16-6d6f3149b6d1,Rotheden,Sweden,66.3167,22.8333,https://browser.sead.se/site/4855,bibliography_ready,False,0,0,0,[],3,3,1,1,3,1472,coarse_spatial_context_only,not_captured_by_repository_sources,706
3502,3cfaf8c7-09b1-4a02-a8a5-4d25b0e43f19,Rya,Sweden,55.9794233169,12.7825512609,https://browser.sead.se/site/3502,bibliography_ready,False,0,0,0,[],3,3,1,1,3,1226,coarse_spatial_context_only,not_captured_by_repository_sources,707
295,8d0f9ddf-53ad-4fd2-bc70-8b8c1c5e8746,Tillinge Raä 314,Sweden,59.6536444444,16.9555166667,https://browser.sead.se/site/295,bibliography_ready,False,0,0,0,[],3,3,3,12,12,15126,coarse_spatial_context_only,not_captured_by_repository_sources,708
3440,6e4dc9bd-87a2-446d-a61b-dca8e02d195d,Trollasten,Sweden,55.4654098438,13.9498724704,https://browser.sead.se/site/3440,bibliography_ready,False,0,0,0,[],3,3,1,1,3,6654,coarse_spatial_context_only,not_captured_by_repository_sources,709
3403,7ec89b6e-516a-49c4-b354-c95aad51649c,Östra Ve,Sweden,59.418633475,13.8322949528,https://browser.sead.se/site/3403,bibliography_ready,False,0,0,0,[],3,3,1,1,3,3490,coarse_spatial_context_only,not_captured_by_repository_sources,710
3730,d2ee75a3-82f9-493f-a23c-3a44fa8ad4c4,Fristad,Sweden,58.5251751194,16.3895916066,https://browser.sead.se/site/3730,bibliography_ready,False,0,0,0,[],3,2,1,1,2,12413,coarse_spatial_context_only,not_captured_by_repository_sources,711
3574,37d95fc7-ab5e-4cd1-93c2-cb76265f9e0b,Lyngåkra,Sweden,56.7500769524,12.7559140758,https://browser.sead.se/site/3574,bibliography_ready,False,0,0,0,[],3,2,1,1,2,6333,coarse_spatial_context_only,not_captured_by_repository_sources,712
3560,978c7b2f-ee78-482c-b172-cb9fd759469f,Mangsarve,Sweden,57.5935408406,18.5133963927,https://browser.sead.se/site/3560,bibliography_ready,False,0,0,0,[],3,2,1,1,2,13558,coarse_spatial_context_only,not_captured_by_repository_sources,713
5078,73585261-8102-4350-a5d4-0c61fec42862,Skurup: Saritslöv,Sweden,55.468174,13.493779,https://browser.sead.se/site/5078,bibliography_ready,False,0,0,0,[],3,2,1,1,2,6654,coarse_spatial_context_only,not_captured_by_repository_sources,714
3477,2fa45992-fb04-404c-bff6-fd74d2638f90,Smalogava,Sweden,66.0717732197,17.9467846379,https://browser.sead.se/site/3477,bibliography_ready,False,0,0,0,[],3,2,1,1,2,1226,coarse_spatial_context_only,not_captured_by_repository_sources,715
5099,55aa7729-b856-4437-961c-a8f895d01b39,Sproge: Snoder,Sweden,57.5,18.2,https://browser.sead.se/site/5099,bibliography_ready,False,0,0,0,[],3,2,1,1,2,13558,coarse_spatial_context_only,not_captured_by_repository_sources,716
3421,7a4bd363-f6ef-4052-a7b0-d5e6bf8e66f4,Vettsta,Sweden,60.1191526511,18.1446141934,https://browser.sead.se/site/3421,bibliography_ready,False,0,0,0,[],3,2,1,1,2,3238,coarse_spatial_context_only,not_captured_by_repository_sources,717
388,0a938f2a-ea68-449c-976c-71d667ffa5ed,Morlanda 367,Sweden,58.1640194444,11.4787333337,https://browser.sead.se/site/388,bibliography_ready,False,0,0,0,[],3,1,1,2,2,16773,coarse_spatial_context_only,not_captured_by_repository_sources,718
244,5f1f242b-b510-4810-b795-d0e1fdb25529,Umeå socken Raä 225,Sweden,63.8361138886,20.1533694444,https://browser.sead.se/site/244,bibliography_ready,False,0,0,0,[],3,1,1,8,8,663,coarse_spatial_context_only,not_captured_by_repository_sources,719
4805,c02c98e1-7b70-4ea2-ab28-f3c3b41881ce,Björkeröds Mosse,Sweden,56.283333,12.533334,https://browser.sead.se/site/4805,bibliography_ready,False,0,0,0,[],2,139,1,67,269,6333,coarse_spatial_context_only,not_captured_by_repository_sources,720
3778,d763156a-6f7b-49db-9aa0-560be6ad2d56,Bollbacken,Sweden,59.6696144591,16.7198857467,https://browser.sead.se/site/3778,bibliography_ready,False,0,0,0,[],2,117,38,38,117,15126,coarse_spatial_context_only,not_captured_by_repository_sources,721
4481,e3ab8f30-9bc0-4519-8ca0-a196cebef249,Körslättamossen,Sweden,56.091064,13.058268,https://browser.sead.se/site/4481,bibliography_ready,False,0,0,0,[],2,74,1,67,190,8912,coarse_spatial_context_only,not_captured_by_repository_sources,722
3472,29ae3c18-79eb-4d8f-806d-0e0f75c96683,Snåret,Sweden,60.17375132,17.5145672855,https://browser.sead.se/site/3472,bibliography_ready,False,0,0,0,[],2,69,23,23,69,5060,coarse_spatial_context_only,not_captured_by_repository_sources,723
3699,59cb20fa-4abc-4175-9079-67eff07608ef,Havor Cemetery,Sweden,57.2156940511,18.2994724079,https://browser.sead.se/site/3699,bibliography_ready,False,0,0,0,[],2,67,22,22,67,13558,coarse_spatial_context_only,not_captured_by_repository_sources,724
3425,7a4a1e76-3f36-4174-b668-5cacecedaebc,Valtersberg,Sweden,57.8819565197,11.9922636942,https://browser.sead.se/site/3425,bibliography_ready,False,0,0,0,[],2,41,11,11,41,5005,coarse_spatial_context_only,not_captured_by_repository_sources,725
5519,87540860-e16d-4a03-848c-1598b160cba7,Storasjö,Sweden,56.94389,15.275278,https://browser.sead.se/site/5519,bibliography_ready,False,0,0,0,[],2,40,1,38,114,5849,coarse_spatial_context_only,not_captured_by_repository_sources,726
3704,4b7beda2-3481-4e14-80e1-4dfe4f725f49,Hamre,Sweden,59.5939573995,16.6092138172,https://browser.sead.se/site/3704,bibliography_ready,False,0,0,0,[],2,39,13,13,39,15126,coarse_spatial_context_only,not_captured_by_repository_sources,727
3747,bbc7e1c4-fa87-4f67-8d7f-b3510381d23c,Dragby,Sweden,59.9796541212,17.5797046104,https://browser.sead.se/site/3747,bibliography_ready,False,0,0,0,[],2,36,12,12,36,27450,coarse_spatial_context_only,not_captured_by_repository_sources,728
3605,5d20df9b-77e4-40f9-ba01-e14702e10090,Kättsta,Sweden,59.96193244,17.6484353865,https://browser.sead.se/site/3605,bibliography_ready,False,0,0,0,[],2,33,11,11,33,27450,coarse_spatial_context_only,not_captured_by_repository_sources,729
3678,f3bfe4c2-cf55-40fa-907c-dc25107c5249,Håga,Sweden,59.8373397267,17.5824619728,https://browser.sead.se/site/3678,bibliography_ready,False,0,0,0,[],2,15,5,5,15,27450,coarse_spatial_context_only,not_captured_by_repository_sources,730
4531,c003a17f-cc1b-4ca2-80ce-f0bfaa60be9b,Mickelsmossen,Sweden,55.95,13.45,https://browser.sead.se/site/4531,bibliography_ready,False,0,0,0,[],2,14,1,12,36,6654,coarse_spatial_context_only,not_captured_by_repository_sources,731
5378,f9966b1f-b96d-47fa-a328-22d954ce7f03,Gammelhemmet,Sweden,64.4325,18.614834,https://browser.sead.se/site/5378,bibliography_ready,False,0,0,0,[],2,12,1,10,30,1242,coarse_spatial_context_only,not_captured_by_repository_sources,732
339,e407307e-6dc2-4d1d-acaa-f10a9cc01399,Naverstad 373,Sweden,58.8871388886,11.481691667,https://browser.sead.se/site/339,bibliography_ready,False,0,0,0,[],2,12,2,9,52,16773,coarse_spatial_context_only,not_captured_by_repository_sources,733
24,c651e1ad-1953-4f2a-951f-1f6c5d2ab4e1,"Hallagård, Stomma kulle",Sweden,56.9208333337,12.4938888886,https://browser.sead.se/site/24,bibliography_ready,False,0,0,0,[],2,11,2,59,309,6333,coarse_spatial_context_only,not_captured_by_repository_sources,734
106,7b6b5e92-b49c-4554-ad63-017933597c68,Ledsjö Raä 149,Sweden,58.4670222226,13.4781305559,https://browser.sead.se/site/106,bibliography_ready,False,0,0,0,[],2,10,2,65,366,10501,coarse_spatial_context_only,not_captured_by_repository_sources,735
4598,87d9aca6-48e4-4f56-b482-a0b60429094b,Ranstad,Sweden,57.316666,13.733334,https://browser.sead.se/site/4598,bibliography_ready,False,0,0,0,[],2,10,1,6,20,8587,coarse_spatial_context_only,not_captured_by_repository_sources,736
306,1c7381d9-1b62-4c80-a89e-03125da7f43b,Vänge Raä 88:1,Sweden,59.8569638889,17.6363611108,https://browser.sead.se/site/306,bibliography_ready,False,0,0,0,[],2,10,2,19,98,27450,coarse_spatial_context_only,not_captured_by_repository_sources,737
124,f708972a-ef8b-42c0-b95a-dffc348cb2ea,Ledsjö Raä 153,Sweden,58.4809444448,13.4798472,https://browser.sead.se/site/124,bibliography_ready,False,0,0,0,[],2,9,2,47,249,10501,coarse_spatial_context_only,not_captured_by_repository_sources,738
265,36f1e921-6619-4ff4-bae4-c7288b878168,Arvidsjaur Raä 633,Sweden,66.0518222222,19.0087361111,https://browser.sead.se/site/265,bibliography_ready,False,0,0,0,[],2,8,2,165,825,1338,coarse_spatial_context_only,not_captured_by_repository_sources,739
261,9e19138b-dcf0-4193-b1d9-36d63b1009fd,Björlanda 459,Sweden,57.7406499997,11.8653388889,https://browser.sead.se/site/261,bibliography_ready,False,0,0,0,[],2,8,2,374,901,5005,coarse_spatial_context_only,not_captured_by_repository_sources,740
4519,26710a58-b053-401e-b55d-83078cbcae62,"Lundbacken, Tillinge",Sweden,59.65365,16.954866,https://browser.sead.se/site/4519,bibliography_ready,False,0,0,0,[],2,8,1,6,18,15126,coarse_spatial_context_only,not_captured_by_repository_sources,741
109,e0d64b4b-f230-448e-a485-8542ef85881c,Ramsele Raä 160,Sweden,63.5927777774,16.3575,https://browser.sead.se/site/109,bibliography_ready,False,0,0,0,[],2,8,2,177,882,1855,coarse_spatial_context_only,not_captured_by_repository_sources,742
3471,252cfe53-7f2a-4358-8e17-77c829985adb,Snöstorp 106,Sweden,56.6390765233,12.9308154089,https://browser.sead.se/site/3471,bibliography_ready,False,0,0,0,[],2,8,3,3,8,6333,coarse_spatial_context_only,not_captured_by_repository_sources,743
357,182e586e-0586-48d6-8ccb-8fb4185fa3d6,Citytunnelprojektet delområde 8,Sweden,55.5427777774,13.0466666666,https://browser.sead.se/site/357,bibliography_ready,False,0,0,0,[],2,7,1,3,27,6654,coarse_spatial_context_only,not_captured_by_repository_sources,744
4237,e908d254-1576-4f10-b3ab-c1e46c963e93,Agerod V,Sweden,55.934105,13.400202,https://browser.sead.se/site/4237,bibliography_ready,False,0,0,0,[],2,6,1,1,6,6654,coarse_spatial_context_only,not_captured_by_repository_sources,745
382,2d4694fb-e09f-45c3-8238-6a6c202ad247,Foss Raä 166,Sweden,58.4597166667,11.6554166667,https://browser.sead.se/site/382,bibliography_ready,False,0,0,0,[],2,6,1,4,27,16773,coarse_spatial_context_only,not_captured_by_repository_sources,746
323,479b8e20-c9b9-4d4a-bb4e-e8d18297195d,Foss Raä 440,Sweden,58.4447777774,11.6953722219,https://browser.sead.se/site/323,bibliography_ready,False,0,0,0,[],2,6,1,3,20,16773,coarse_spatial_context_only,not_captured_by_repository_sources,747
286,76284f06-a6e1-453c-a547-4437460d12fc,Herrestad Raä 14,Sweden,58.3468166663,11.8249333337,https://browser.sead.se/site/286,bibliography_ready,False,0,0,0,[],2,6,2,253,533,16773,coarse_spatial_context_only,not_captured_by_repository_sources,748
4467,c9214c10-5207-48e7-b9a6-6962dece94bb,Juomajärvi,Sweden,66.86667,23.033333,https://browser.sead.se/site/4467,bibliography_ready,False,0,0,0,[],2,6,1,4,12,984,coarse_spatial_context_only,not_captured_by_repository_sources,749
3608,0248dec5-b57a-47df-85b7-af225aef6abf,Kyrsta,Sweden,59.9800875,17.6409047348,https://browser.sead.se/site/3608,bibliography_ready,False,0,0,0,[],2,6,2,2,6,27450,coarse_spatial_context_only,not_captured_by_repository_sources,750
5379,7824c82a-b586-429c-80db-bb63fe702064,Nybygget,Sweden,56.956665,14.933056,https://browser.sead.se/site/5379,bibliography_ready,False,0,0,0,[],2,6,1,1,6,10817,coarse_spatial_context_only,not_captured_by_repository_sources,751
293,e8ac6fb6-f8b0-437a-8edd-72ad4e91d033,Svarteborg Raä 589,Sweden,58.5267194448,11.5446999997,https://browser.sead.se/site/293,bibliography_ready,False,0,0,0,[],2,6,1,16,88,16773,coarse_spatial_context_only,not_captured_by_repository_sources,752
338,fc0d3d44-abe9-4069-9630-d14fa72a6005,Svarteborg Raä 590,Sweden,58.540708333,11.5235388892,https://browser.sead.se/site/338,bibliography_ready,False,0,0,0,[],2,6,1,26,126,16773,coarse_spatial_context_only,not_captured_by_repository_sources,753
4707,450cf563-e916-4b99-964d-115ab3b6ff58,"Vallby, Tillberga",Sweden,59.73097,16.6307,https://browser.sead.se/site/4707,bibliography_ready,False,0,0,0,[],2,6,1,2,8,15126,coarse_spatial_context_only,not_captured_by_repository_sources,754
4708,96c78fcb-98a4-45af-8f6b-eaeac8feb3db,Valsgarde,Sweden,59.928032,17.624384,https://browser.sead.se/site/4708,bibliography_ready,False,0,0,0,[],2,6,1,3,10,27450,coarse_spatial_context_only,not_captured_by_repository_sources,755
3423,b0932d31-51d4-49d4-815d-49a1bfd5f4cf,Vaxmyra,Sweden,59.9709979975,17.6466146569,https://browser.sead.se/site/3423,bibliography_ready,False,0,0,0,[],2,6,2,2,6,27450,coarse_spatial_context_only,not_captured_by_repository_sources,756
222,b2ea581c-2e12-4e12-bb82-0fadea3384f8,Västra Frölunda Raä 411,Sweden,57.6708388892,11.9288333337,https://browser.sead.se/site/222,bibliography_ready,False,0,0,0,[],2,6,1,11,76,5005,coarse_spatial_context_only,not_captured_by_repository_sources,757
245,095be394-4ef5-43f9-baac-fa9b37b8d04b,Askim Raä 290,Sweden,57.568341667,11.9385027774,https://browser.sead.se/site/245,bibliography_ready,False,0,0,0,[],2,5,1,3,18,5005,coarse_spatial_context_only,not_captured_by_repository_sources,758
307,be610f9f-62f2-477e-aad0-95b7b0c3ce01,Björlanda Raä 374,Sweden,57.7656055556,11.8248027781,https://browser.sead.se/site/307,bibliography_ready,False,0,0,0,[],2,5,2,24,117,5005,coarse_spatial_context_only,not_captured_by_repository_sources,759
4287,be232b3f-41ee-484e-8a61-47611786ff66,Boliden,Sweden,61.333332,16.366667,https://browser.sead.se/site/4287,bibliography_ready,False,0,0,0,[],2,5,1,2,7,3464,coarse_spatial_context_only,not_captured_by_repository_sources,760
324,78edec9b-d93a-4761-8365-00758c1b4e8d,Foss 438:1,Sweden,58.4546138889,11.6670222226,https://browser.sead.se/site/324,bibliography_ready,False,0,0,0,[],2,5,1,10,51,16773,coarse_spatial_context_only,not_captured_by_repository_sources,761
256,615bee5f-cad2-4d56-8eca-49577cf7d5e4,Laforsen,Sweden,61.9449138886,15.5052805556,https://browser.sead.se/site/256,bibliography_ready,False,0,0,0,[],2,5,2,264,661,1607,coarse_spatial_context_only,not_captured_by_repository_sources,762
116,a8099b93-1f94-4a4b-9322-36761f4406ef,Mölndal Raä 79,Sweden,57.6383805552,12.0058416667,https://browser.sead.se/site/116,bibliography_ready,False,0,0,0,[],2,5,1,10,55,8569,coarse_spatial_context_only,not_captured_by_repository_sources,763
290,379d4aae-9a15-4f07-a563-77fdda7b5587,Tanum 1892,Sweden,58.6984055552,11.2502361111,https://browser.sead.se/site/290,bibliography_ready,False,0,0,0,[],2,5,1,16,84,16773,coarse_spatial_context_only,not_captured_by_repository_sources,764
377,7c3ce257-daca-4202-85a5-3ed2743ac68b,Tanum Raä 1840,Sweden,58.7404555552,11.2934972219,https://browser.sead.se/site/377,bibliography_ready,False,0,0,0,[],2,5,1,7,36,16773,coarse_spatial_context_only,not_captured_by_repository_sources,765
363,4ef2b7d9-c47f-46c3-a9ac-1eac68c11a60,Tanum Raä 544,Sweden,58.7483305552,11.2905416663,https://browser.sead.se/site/363,bibliography_ready,False,0,0,0,[],2,5,1,7,37,16773,coarse_spatial_context_only,not_captured_by_repository_sources,766
366,b7d1a10f-a7a2-48ae-9a16-1fc5d0fb3a2e,Tanum Raä 546,Sweden,58.7508555556,11.287283333,https://browser.sead.se/site/366,bibliography_ready,False,0,0,0,[],2,5,1,4,21,16773,coarse_spatial_context_only,not_captured_by_repository_sources,767
53,43a0a167-cd46-49d5-9299-d7f2e802ff2e,Torslanda 108:1,Sweden,57.7143527778,11.7620833333,https://browser.sead.se/site/53,bibliography_ready,False,0,0,0,[],2,5,2,116,328,5005,coarse_spatial_context_only,not_captured_by_repository_sources,768
303,71802322-85c1-42a3-984e-b4996b3d0fcc,Uppsala Raä 499,Sweden,59.8544138889,17.6010972222,https://browser.sead.se/site/303,bibliography_ready,False,0,0,0,[],2,5,1,11,63,27450,coarse_spatial_context_only,not_captured_by_repository_sources,769
189,edaa57f8-f52a-473f-be6d-104cd6a5017d,Ödskölt Raä 122,Sweden,58.826166667,12.129841667,https://browser.sead.se/site/189,bibliography_ready,False,0,0,0,[],2,5,1,3,18,7321,coarse_spatial_context_only,not_captured_by_repository_sources,770
359,a79bc4cb-e1d7-4f05-a133-ae9ee672ba92,Norum 291,Sweden,58.0452944444,11.8201611114,https://browser.sead.se/site/359,bibliography_ready,False,0,0,0,[],2,4,1,1,5,16773,coarse_spatial_context_only,not_captured_by_repository_sources,771
329,5ca1dff7-4e27-4e69-8351-b93ecb8cd9da,Odensala 6 (386),Sweden,59.6725277781,17.8686277781,https://browser.sead.se/site/329,bibliography_ready,False,0,0,0,[],2,4,2,14,17,27450,coarse_spatial_context_only,not_captured_by_repository_sources,772
345,a488cea3-037d-40b5-a122-adde62bc4b8a,Själstuga,Sweden,61.133166667,16.9196917,https://browser.sead.se/site/345,bibliography_ready,False,0,0,0,[],2,4,2,33,66,3464,coarse_spatial_context_only,not_captured_by_repository_sources,773
298,1b84b8d2-dcd9-4c68-90e4-9ad764b49b35,Töre Raä 320,Sweden,66.0195444445,22.6299277781,https://browser.sead.se/site/298,bibliography_ready,False,0,0,0,[],2,4,2,68,74,1472,coarse_spatial_context_only,not_captured_by_repository_sources,774
133,f37fb1c8-8f1a-4ae3-a211-4fbcc5f2b17c,Umeå socken Raä 227,Sweden,63.8852472219,20.3235027781,https://browser.sead.se/site/133,bibliography_ready,False,0,0,0,[],2,4,1,68,340,663,coarse_spatial_context_only,not_captured_by_repository_sources,775
4249,fa453fb5-0801-428a-b664-2b160b9ea18e,Ängdala,Sweden,55.583332,13.116667,https://browser.sead.se/site/4249,bibliography_ready,False,0,0,0,[],2,4,1,1,4,6654,coarse_spatial_context_only,not_captured_by_repository_sources,776
294,a6dd5c58-6c5e-403e-9748-3dc1912a7150,Åssjiejávrátje,Sweden,65.9783861114,19.1512028,https://browser.sead.se/site/294,bibliography_ready,False,0,0,0,[],2,4,2,53,106,1623,coarse_spatial_context_only,not_captured_by_repository_sources,777
5064,c244509a-9b8f-45f4-ba47-4f7d85252104,Evertsberg,Sweden,61.137005,13.957672,https://browser.sead.se/site/5064,bibliography_ready,False,0,0,0,[],2,3,1,1,3,634,coarse_spatial_context_only,not_captured_by_repository_sources,778
167,cda1af38-b4c3-4542-b158-42c2e3af12ca,Grums Raä 41:1,Sweden,59.3328361114,13.10035,https://browser.sead.se/site/167,bibliography_ready,False,0,0,0,[],2,3,1,7,12,3490,coarse_spatial_context_only,not_captured_by_repository_sources,779
5048,b12cd130-dcdc-475f-b180-3d19072983f0,Lundfors,Sweden,64.68667,20.693333,https://browser.sead.se/site/5048,bibliography_ready,False,0,0,0,[],2,3,1,1,3,1860,coarse_spatial_context_only,not_captured_by_repository_sources,780
399,f98ffaf8-f85a-4ac0-bea0-12c6a3b339cf,Norum Raä 5,Sweden,58.0447833333,11.8191722226,https://browser.sead.se/site/399,bibliography_ready,False,0,0,0,[],2,3,1,1,4,16773,coarse_spatial_context_only,not_captured_by_repository_sources,781
5066,8465f0f8-4033-4e9a-8812-6fa0a8679b91,Piteå: Borgsfors,Sweden,65.50694,21.101944,https://browser.sead.se/site/5066,bibliography_ready,False,0,0,0,[],2,3,1,1,3,1647,coarse_spatial_context_only,not_captured_by_repository_sources,782
5062,7e58a564-228c-446c-aeaa-375b421716be,Skattmansö,Sweden,59.85,17.016666,https://browser.sead.se/site/5062,bibliography_ready,False,0,0,0,[],2,3,1,1,3,27450,coarse_spatial_context_only,not_captured_by_repository_sources,783
5024,3a85ecf7-1960-4592-a3cd-c7c61742696a,Svartemosse,Sweden,57.09028,12.533334,https://browser.sead.se/site/5024,bibliography_ready,False,0,0,0,[],2,3,1,1,3,8569,coarse_spatial_context_only,not_captured_by_repository_sources,784
4999,0f090bc3-d4d0-4671-bbde-47512d64b5ed,Alvastra,Sweden,58.283333,14.683333,https://browser.sead.se/site/4999,bibliography_ready,False,0,0,0,[],2,2,1,4,7,3815,coarse_spatial_context_only,not_captured_by_repository_sources,785
207,ded7f271-1c0c-48ad-bddd-8ef386748f7e,Burträsk Raä 52,Sweden,64.496983333,20.9015305556,https://browser.sead.se/site/207,bibliography_ready,False,0,0,0,[],2,2,1,1,2,1860,coarse_spatial_context_only,not_captured_by_repository_sources,786
4897,125622ab-22ad-49eb-b2ee-7968990aef01,Eslövs Mosse,Sweden,55.836166,13.297264,https://browser.sead.se/site/4897,bibliography_ready,False,0,0,0,[],2,2,1,1,2,6654,coarse_spatial_context_only,not_captured_by_repository_sources,787
218,03b7d694-2cab-4ee6-a08b-c4c4e46e2be6,Grundsunda Raä 126,Sweden,63.2580555556,19.0488888889,https://browser.sead.se/site/218,bibliography_ready,False,0,0,0,[],2,2,1,4,5,954,coarse_spatial_context_only,not_captured_by_repository_sources,788
321,15212549-7f27-4b04-9062-8e9d891326a7,Hällekind 1636,Sweden,58.9242277781,11.1931305552,https://browser.sead.se/site/321,bibliography_ready,False,0,0,0,[],2,2,1,42,84,16773,coarse_spatial_context_only,not_captured_by_repository_sources,789
327,2c9b0e10-e392-483d-a5f1-36e499c9c9bd,Hällekind 1639,Sweden,58.9240194448,11.1903805552,https://browser.sead.se/site/327,bibliography_ready,False,0,0,0,[],2,2,1,23,46,16773,coarse_spatial_context_only,not_captured_by_repository_sources,790
4465,52e0e378-2737-430f-bdef-1e7c4030c0c6,Järavallen 1,Sweden,55.7667,12.95,https://browser.sead.se/site/4465,bibliography_ready,False,0,0,0,[],2,2,1,1,2,1226,coarse_spatial_context_only,not_captured_by_repository_sources,791
4915,4ce088db-824f-4fc1-a1fb-0b88f191e399,Lockarp 7B,Sweden,55.533333,13.026944,https://browser.sead.se/site/4915,bibliography_ready,False,0,0,0,[],2,2,2,7,7,6654,coarse_spatial_context_only,not_captured_by_repository_sources,792
5061,c55abc23-cf77-4519-b74a-ba6ae815fb1d,Mellerud,Sweden,58.708763,12.4525,https://browser.sead.se/site/5061,bibliography_ready,False,0,0,0,[],2,2,1,1,2,7321,coarse_spatial_context_only,not_captured_by_repository_sources,793
371,70391573-ce97-45e2-83c2-76d015765ef2,Njurunda Raä 837,Sweden,62.2919472219,17.3500833333,https://browser.sead.se/site/371,bibliography_ready,False,0,0,0,[],2,2,1,3,5,3577,coarse_spatial_context_only,not_captured_by_repository_sources,794
325,c0adc5fe-8244-4285-8a40-4599fdc8f64c,Selånger Raä 136,Sweden,62.4051944444,17.2116527778,https://browser.sead.se/site/325,bibliography_ready,False,0,0,0,[],2,2,2,7,7,3577,coarse_spatial_context_only,not_captured_by_repository_sources,795
240,cc00e946-9cad-46dd-bced-07e155d82104,Sorsele Raä 277,Sweden,65.2428361108,17.675291667,https://browser.sead.se/site/240,bibliography_ready,False,0,0,0,[],2,2,1,3,5,749,coarse_spatial_context_only,not_captured_by_repository_sources,796
156,9bc5a2cb-7a55-494c-ad49-6e454131e0d6,Torsåker Raä 1589,Sweden,60.4607916667,16.446508333,https://browser.sead.se/site/156,bibliography_ready,False,0,0,0,[],2,2,1,96,192,4239,coarse_spatial_context_only,not_captured_by_repository_sources,797
3433,abd1fc1b-6b1f-4494-b689-abaae47dce05,Ullisjaur,Sweden,65.5385000571,16.1164565045,https://browser.sead.se/site/3433,bibliography_ready,False,0,0,0,[],2,2,1,1,2,331,coarse_spatial_context_only,not_captured_by_repository_sources,798
172,a625836c-4ddf-4978-90a7-bc09d2e772e1,Viby Raä 220,Sweden,59.0376583333,14.9076694444,https://browser.sead.se/site/172,bibliography_ready,False,0,0,0,[],2,2,1,30,60,2617,coarse_spatial_context_only,not_captured_by_repository_sources,799
215,3ed0b5e3-1b7c-4712-9408-7788d28488b0,Viby Raä 222,Sweden,59.0350166666,14.8725444448,https://browser.sead.se/site/215,bibliography_ready,False,0,0,0,[],2,2,1,15,29,2617,coarse_spatial_context_only,not_captured_by_repository_sources,800
3417,4f22a489-b60b-43f2-a558-1a7c35ebb54c,Vojmsjön,Sweden,64.8768240125,16.7313612395,https://browser.sead.se/site/3417,bibliography_ready,False,0,0,0,[],2,2,1,1,2,1031,coarse_spatial_context_only,not_captured_by_repository_sources,801
3416,6fb7abb2-2826-4863-80dd-18bcb0251423,Vojmsjöns utlopp,Sweden,64.8647793587,16.7336253556,https://browser.sead.se/site/3416,bibliography_ready,False,0,0,0,[],2,2,1,1,2,1031,coarse_spatial_context_only,not_captured_by_repository_sources,802
157,3face69d-d27c-4b69-b18e-a09c6d8fa409,"Älgtjärn, Jovan ekopark",Sweden,64.9175000003,17.5891666663,https://browser.sead.se/site/157,bibliography_ready,False,0,0,0,[],2,2,2,13,13,730,coarse_spatial_context_only,not_captured_by_repository_sources,803
368,1a8d54a6-7c30-41ef-b11c-f4f5c6ae4f67,Österhaninge Raä 72,Sweden,59.1566,18.1210722226,https://browser.sead.se/site/368,bibliography_ready,False,0,0,0,[],2,2,2,12,12,10763,coarse_spatial_context_only,not_captured_by_repository_sources,804
247,c846062c-8b02-4a22-9b0e-8b51184e2721,Askim Raä 287,Sweden,58.5108583333,13.5077055556,https://browser.sead.se/site/247,bibliography_ready,False,0,0,0,[],2,1,1,6,6,10501,coarse_spatial_context_only,not_captured_by_repository_sources,805
249,09d9aeeb-ce57-4946-86d8-dee01ee9830b,Bureå Raä 128,Sweden,64.5990888886,21.1950166663,https://browser.sead.se/site/249,bibliography_ready,False,0,0,0,[],2,1,1,9,9,1413,coarse_spatial_context_only,not_captured_by_repository_sources,806
334,fd0433c5-4dda-4025-8903-6931f66fc105,Hogstorp,Sweden,58.391419,11.756439,https://browser.sead.se/site/334,bibliography_ready,False,0,0,0,[],2,1,1,9,9,16773,coarse_spatial_context_only,not_captured_by_repository_sources,807
60,b407e3ca-7f6c-43e7-bc24-99550d83a7be,Hogstorp 327:1,Sweden,58.391419,11.756439,https://browser.sead.se/site/60,bibliography_ready,False,0,0,0,[],2,1,1,14,9,16773,coarse_spatial_context_only,not_captured_by_repository_sources,808
211,ba1d047d-46ae-4099-951f-e23c05c33c1c,Härnösand Raä 1,Sweden,62.619166667,17.9927777774,https://browser.sead.se/site/211,bibliography_ready,False,0,0,0,[],2,1,1,5,5,3577,coarse_spatial_context_only,not_captured_by_repository_sources,809
391,564b2008-e97b-4cf0-ae24-e0c876cfc6b1,Håby Raä 4:1,Sweden,58.4870944441,11.592458333,https://browser.sead.se/site/391,bibliography_ready,False,0,0,0,[],2,1,1,2,2,16773,coarse_spatial_context_only,not_captured_by_repository_sources,810
11,72b3483a-ba56-49e6-bae3-1c6b55297759,Landa Raä 35,Sweden,57.3363888886,12.1658333333,https://browser.sead.se/site/11,bibliography_ready,False,0,0,0,[],2,1,1,13,13,8569,coarse_spatial_context_only,not_captured_by_repository_sources,811
3593,5579b842-961a-4454-81cf-39883aa1aee2,Liden under Storegården,Sweden,57.9346164533,13.498647941,https://browser.sead.se/site/3593,bibliography_ready,False,0,0,0,[],2,1,1,1,1,8587,coarse_spatial_context_only,not_captured_by_repository_sources,812
204,9344fe7c-3d8c-410f-901e-1ea682f60427,Skellefteå socken Raä 198,Sweden,64.7520666667,20.9232833337,https://browser.sead.se/site/204,bibliography_ready,False,0,0,0,[],2,1,1,4,4,1860,coarse_spatial_context_only,not_captured_by_repository_sources,813
255,6c2051fd-932b-405b-889e-0baa08b370f8,Skellefteå stad Raä 632,Sweden,64.6908555552,21.0389666666,https://browser.sead.se/site/255,bibliography_ready,False,0,0,0,[],2,1,1,2,2,1413,coarse_spatial_context_only,not_captured_by_repository_sources,814
29,a4e07e33-2307-40c5-85df-1cb217136f4c,Skrea Raä 106,Sweden,56.9038888889,12.5733333337,https://browser.sead.se/site/29,bibliography_ready,False,0,0,0,[],2,1,1,2,2,6333,coarse_spatial_context_only,not_captured_by_repository_sources,815
352,0018b96c-6fb9-43b3-aab0-348b6debe3ce,Skön Raä 164,Sweden,62.4507888889,17.355925,https://browser.sead.se/site/352,bibliography_ready,False,0,0,0,[],2,1,1,1,1,3577,coarse_spatial_context_only,not_captured_by_repository_sources,816
3473,383c11b7-1669-457e-9fb4-d8cbf8a21e22,Snotterholmen,Sweden,65.6575714708,18.3230108022,https://browser.sead.se/site/3473,bibliography_ready,False,0,0,0,[],2,1,1,1,1,1168,coarse_spatial_context_only,not_captured_by_repository_sources,817
342,007e9787-fcfd-40fd-bda9-0440b3b9d3cc,Sundsvall stad,Sweden,62.369866667,17.2668000003,https://browser.sead.se/site/342,bibliography_ready,False,0,0,0,[],2,1,1,2,3,3577,coarse_spatial_context_only,not_captured_by_repository_sources,818
346,d613abc3-edf8-437a-89a9-ed64bbb9e3c6,Svarteborg Raä 403,Sweden,58.5448749997,11.5169861114,https://browser.sead.se/site/346,bibliography_ready,False,0,0,0,[],2,1,1,17,17,16773,coarse_spatial_context_only,not_captured_by_repository_sources,819
392,bbf6678a-3df5-4100-a901-eda38f7a8036,Tanum 1209,Sweden,58.7306277781,11.334683333,https://browser.sead.se/site/392,bibliography_ready,False,0,0,0,[],2,1,1,1,1,16773,coarse_spatial_context_only,not_captured_by_repository_sources,820
297,2c583ba4-ee85-49ac-bf51-626b338ec7ec,Tanum 1229,Sweden,58.744758333,11.2345222219,https://browser.sead.se/site/297,bibliography_ready,False,0,0,0,[],2,1,1,4,4,16773,coarse_spatial_context_only,not_captured_by_repository_sources,821
367,b4b2399d-a8b1-4bc6-8a8a-4ba46cb03415,Tanum 544,Sweden,58.7490194441,11.2910666663,https://browser.sead.se/site/367,bibliography_ready,False,0,0,0,[],2,1,1,5,5,16773,coarse_spatial_context_only,not_captured_by_repository_sources,822
389,9185a2ed-1330-4c58-8a8b-84965fdae952,Tanum Raä 539,Sweden,58.7407916663,11.3022416667,https://browser.sead.se/site/389,bibliography_ready,False,0,0,0,[],2,1,1,4,4,16773,coarse_spatial_context_only,not_captured_by_repository_sources,823
25,8c39fa5c-4840-4841-85b5-8b30f9e5431f,Tröinge 4:9,Sweden,56.9208333337,12.515,https://browser.sead.se/site/25,bibliography_ready,False,0,0,0,[],2,1,1,3,3,6333,coarse_spatial_context_only,not_captured_by_repository_sources,824
353,56899c59-e686-4110-be94-9a218a1ada96,Tuna Raä 330,Sweden,62.3594861111,17.0279861111,https://browser.sead.se/site/353,bibliography_ready,False,0,0,0,[],2,1,1,7,7,3577,coarse_spatial_context_only,not_captured_by_repository_sources,825
396,35dfea93-36b1-4396-b370-c8f08b3fdc68,Turinge 415,Sweden,59.1970222219,17.426216667,https://browser.sead.se/site/396,bibliography_ready,False,0,0,0,[],2,1,1,1,1,27450,coarse_spatial_context_only,not_captured_by_repository_sources,826
383,5fdc117d-f766-4abd-90c9-9261d5fcf468,Västerhaninge Raä 201,Sweden,59.1240472226,18.1088222222,https://browser.sead.se/site/383,bibliography_ready,False,0,0,0,[],2,1,1,1,1,10763,coarse_spatial_context_only,not_captured_by_repository_sources,827
69,36bc8617-5625-4e1f-8425-447b322b48c4,Kallsås 426:1,Sweden,58.4054722222,11.7384916663,https://browser.sead.se/site/69,bibliography_ready,False,0,0,0,[],2,0,1,2,0,16773,coarse_spatial_context_only,not_captured_by_repository_sources,828
70,a53b1273-84d5-4f06-b42b-aa589e3b9e81,Kallsås 430:1,Sweden,58.4019527778,11.7438138886,https://browser.sead.se/site/70,bibliography_ready,False,0,0,0,[],2,0,1,2,0,16773,coarse_spatial_context_only,not_captured_by_repository_sources,829
3694,46ad0c09-8183-4881-89d6-6e1a9f53d70e,Hellerö,Sweden,57.97224691,16.6431397144,https://browser.sead.se/site/3694,bibliography_ready,False,0,0,0,[],1,65,22,22,65,8480,coarse_spatial_context_only,not_captured_by_repository_sources,830
3484,4acf91d0-d979-4ef1-ac25-3328d617037c,Skogsmossen,Sweden,59.380961662,15.5486308036,https://browser.sead.se/site/3484,bibliography_ready,False,0,0,0,[],1,57,19,19,57,3873,coarse_spatial_context_only,not_captured_by_repository_sources,831
3629,e24f3cc7-eadc-4f7b-920f-9152c56795bc,kv Transval,Sweden,55.9129932095,14.2711883377,https://browser.sead.se/site/3629,bibliography_ready,False,0,0,0,[],1,45,15,15,45,3205,coarse_spatial_context_only,not_captured_by_repository_sources,832
3446,d663f105-6c32-490d-af32-e9419e55c7e6,Tofta 19,Sweden,55.8613309856,12.9180757959,https://browser.sead.se/site/3446,bibliography_ready,False,0,0,0,[],1,45,15,15,45,1226,coarse_spatial_context_only,not_captured_by_repository_sources,833
3572,3629e6bc-9e4d-4ec8-9e1f-3bdf9b4e31ad,Löddesborg,Sweden,55.7327738858,12.9760863039,https://browser.sead.se/site/3572,bibliography_ready,False,0,0,0,[],1,39,10,10,39,1226,coarse_spatial_context_only,not_captured_by_repository_sources,834
3725,878b7c72-ed29-41ee-a93d-3bcbbd524f54,Glädjen,Sweden,60.2005055974,17.4968905667,https://browser.sead.se/site/3725,bibliography_ready,False,0,0,0,[],1,36,12,12,36,5060,coarse_spatial_context_only,not_captured_by_repository_sources,835
3517,1478833d-846a-4a04-9147-9b4aa67626a3,Pryssgården,Sweden,58.6053722728,16.1289079804,https://browser.sead.se/site/3517,bibliography_ready,False,0,0,0,[],1,35,12,12,35,12413,coarse_spatial_context_only,not_captured_by_repository_sources,836
3727,81923858-d183-48a1-8e61-f6a681d23bef,Gene,Sweden,63.2498906237,18.7052871436,https://browser.sead.se/site/3727,bibliography_ready,False,0,0,0,[],1,33,10,10,33,1672,coarse_spatial_context_only,not_captured_by_repository_sources,837
3474,36c9cadd-878e-4d8d-a971-ed7f7e8dd203,Smällan,Sweden,59.1566599447,17.8264367691,https://browser.sead.se/site/3474,bibliography_ready,False,0,0,0,[],1,33,11,11,33,27450,coarse_spatial_context_only,not_captured_by_repository_sources,838
3700,60de20ae-1ec9-43ef-bb0c-d9fd3d92b380,Hasslösa,Sweden,58.4278306536,13.2814309958,https://browser.sead.se/site/3700,bibliography_ready,False,0,0,0,[],1,30,8,8,30,10501,coarse_spatial_context_only,not_captured_by_repository_sources,839
3540,61ae19ac-5784-4376-b1c1-6c2f3912249a,Norra Nöbbelöv,Sweden,55.7375244339,13.1442946794,https://browser.sead.se/site/3540,bibliography_ready,False,0,0,0,[],1,30,10,10,30,6654,coarse_spatial_context_only,not_captured_by_repository_sources,840
3526,7132ebf4-0d8b-4951-b2fc-95238e294b32,"Oxsätra, Anneberg",Sweden,59.9975636047,17.3615351055,https://browser.sead.se/site/3526,bibliography_ready,False,0,0,0,[],1,30,10,10,30,27450,coarse_spatial_context_only,not_captured_by_repository_sources,841
276,29bea057-2421-4295-82aa-3aa00222a072,Svarteborg 593,Sweden,58.5202027781,11.5466749997,https://browser.sead.se/site/276,bibliography_ready,False,0,0,0,[],1,30,6,49,283,16773,coarse_spatial_context_only,not_captured_by_repository_sources,842
3777,47d19ba9-928c-44cd-b1cb-1d62aa55a8ce,Borgeby,Sweden,55.7505648796,13.0378850708,https://browser.sead.se/site/3777,bibliography_ready,False,0,0,0,[],1,21,7,7,21,6654,coarse_spatial_context_only,not_captured_by_repository_sources,843
3455,6f6ff713-d8ac-4158-9931-40049a1cc734,Säbyholm,Sweden,55.9063531786,12.8303871012,https://browser.sead.se/site/3455,bibliography_ready,False,0,0,0,[],1,21,7,7,21,1226,coarse_spatial_context_only,not_captured_by_repository_sources,844
3507,27d3ee11-a5cd-43b0-a545-38a515a2884c,Roes,Sweden,57.1065632606,18.3180837861,https://browser.sead.se/site/3507,bibliography_ready,False,0,0,0,[],1,19,5,5,19,13558,coarse_spatial_context_only,not_captured_by_repository_sources,845
3454,f563db92-3dea-4d08-bfb9-ca7cf0a25850,Särslöv,Sweden,55.8177808202,13.0748875974,https://browser.sead.se/site/3454,bibliography_ready,False,0,0,0,[],1,18,6,6,18,6654,coarse_spatial_context_only,not_captured_by_repository_sources,846
3452,e38889b6-46de-4d1c-bce1-de46a2df4075,Söderby,Sweden,59.8049127342,17.7595491137,https://browser.sead.se/site/3452,bibliography_ready,False,0,0,0,[],1,18,6,6,18,27450,coarse_spatial_context_only,not_captured_by_repository_sources,847
3450,cd7d154e-9408-46e6-905f-0a1af1badac2,Söderåkra (Eket),Sweden,56.4592866705,16.0782357655,https://browser.sead.se/site/3450,bibliography_ready,False,0,0,0,[],1,16,5,5,16,6159,coarse_spatial_context_only,not_captured_by_repository_sources,848
3785,68b5ac1a-2e2e-4db6-8152-548c1e9e620c,Bjärred,Sweden,55.7258029158,13.0287762699,https://browser.sead.se/site/3785,bibliography_ready,False,0,0,0,[],1,15,5,5,15,6654,coarse_spatial_context_only,not_captured_by_repository_sources,849
3741,c540a4de-94c3-49cc-ba43-523cd994959a,Eklundshov,Sweden,59.1885552299,17.9032000709,https://browser.sead.se/site/3741,bibliography_ready,False,0,0,0,[],1,15,5,5,15,27450,coarse_spatial_context_only,not_captured_by_repository_sources,850
5527,7e29b71a-bdf3-4af0-9ab4-39e98ab5208f,Tåsjö,Sweden,64.5,15.55,https://browser.sead.se/site/5527,bibliography_ready,False,0,0,0,[],1,14,1,6,24,465,coarse_spatial_context_only,not_captured_by_repository_sources,851
4772,3d572923-fc44-4dd0-a3f0-2586703896f8,Björsjöås,Sweden,57.83943,12.102767,https://browser.sead.se/site/4772,bibliography_ready,False,0,0,0,[],1,12,1,10,29,8569,coarse_spatial_context_only,not_captured_by_repository_sources,852
3613,2f200317-8b56-4281-bba9-f7a59128fbe6,Kvedesta,Sweden,59.1426078909,17.6288234942,https://browser.sead.se/site/3613,bibliography_ready,False,0,0,0,[],1,12,4,4,12,27450,coarse_spatial_context_only,not_captured_by_repository_sources,853
4701,bd9bec97-22e2-4e5b-b8d6-86370bcf4091,Uppsala: Bryggaren 2,Sweden,59.859974,17.640041,https://browser.sead.se/site/4701,bibliography_ready,False,0,0,0,[],1,11,1,9,27,27450,coarse_spatial_context_only,not_captured_by_repository_sources,854
5554,8a4e4910-064a-4038-8f98-a023349262c4,Lund Minster,Sweden,55.703888,13.195,https://browser.sead.se/site/5554,bibliography_ready,False,0,0,0,[],1,10,1,4,16,6654,coarse_spatial_context_only,not_captured_by_repository_sources,855
3784,9cd52d8c-2536-409d-9c5f-e55add5d81ec,Bjärtrå stronghold,Sweden,63.0055413423,17.8368904605,https://browser.sead.se/site/3784,bibliography_ready,False,0,0,0,[],1,9,3,3,9,2199,coarse_spatial_context_only,not_captured_by_repository_sources,856
3749,50931c95-a9f8-4456-add9-f22a9e3acd8b,Darsgärde,Sweden,59.7179456261,18.4872232051,https://browser.sead.se/site/3749,bibliography_ready,False,0,0,0,[],1,9,3,3,9,10763,coarse_spatial_context_only,not_captured_by_repository_sources,857
3481,4fbbdf24-166c-43a8-868e-02d92603a8ff,Skumparberget,Sweden,59.3765721103,15.3849637001,https://browser.sead.se/site/3481,bibliography_ready,False,0,0,0,[],1,9,3,3,9,3873,coarse_spatial_context_only,not_captured_by_repository_sources,858
3464,27e07d2a-0aa6-45bc-be98-648a98c8259b,Sotmyra,Sweden,60.0355893976,17.4536866826,https://browser.sead.se/site/3464,bibliography_ready,False,0,0,0,[],1,9,3,3,9,5060,coarse_spatial_context_only,not_captured_by_repository_sources,859
3806,4f9ba1f7-cf20-490f-bead-b15cce8a2bc0,Annexhemmanet,Sweden,57.2277522941,18.3716316341,https://browser.sead.se/site/3806,bibliography_ready,False,0,0,0,[],1,8,2,2,8,13558,coarse_spatial_context_only,not_captured_by_repository_sources,860
5112,cde9e433-6eb5-4c79-921c-08d96cf98e50,Birka,Sweden,59.33621,17.545465,https://browser.sead.se/site/5112,bibliography_ready,False,0,0,0,[],1,8,1,6,18,27450,coarse_spatial_context_only,not_captured_by_repository_sources,861
3687,528a1a26-cae4-45cb-a590-796e84be3c78,Hubbo,Sweden,59.6596582175,16.614970102,https://browser.sead.se/site/3687,bibliography_ready,False,0,0,0,[],1,8,3,3,8,15126,coarse_spatial_context_only,not_captured_by_repository_sources,862
3434,6d81c558-2383-4772-ba64-7dc55f0811cb,Uddvide,Sweden,57.1065632606,18.3180837861,https://browser.sead.se/site/3434,bibliography_ready,False,0,0,0,[],1,8,2,2,8,13558,coarse_spatial_context_only,not_captured_by_repository_sources,863
4700,17452989-0139-4d4a-a8a1-41665c17c9b7,Uppsala: Bryggaren 1,Sweden,59.859974,17.640041,https://browser.sead.se/site/4700,bibliography_ready,False,0,0,0,[],1,8,1,6,18,27450,coarse_spatial_context_only,not_captured_by_repository_sources,864
3674,bc5863c9-cbd3-46ae-ae6b-4353b5ec2a80,Hötofta,Sweden,55.4944327562,13.0775391121,https://browser.sead.se/site/3674,bibliography_ready,False,0,0,0,[],1,7,2,2,7,6654,coarse_spatial_context_only,not_captured_by_repository_sources,865
337,5df274a4-cca1-4d28-b5e7-fa6799d24c56,Skederid Raä 190,Sweden,59.6973222,18.4795028,https://browser.sead.se/site/337,bibliography_ready,False,0,0,0,[],1,7,5,21,24,10763,coarse_spatial_context_only,not_captured_by_repository_sources,866
3496,1993fca1-6a37-439b-971f-ac154eb1beae,Röetved II,Sweden,56.157921905,14.2143290696,https://browser.sead.se/site/3496,bibliography_ready,False,0,0,0,[],1,6,2,2,6,10817,coarse_spatial_context_only,not_captured_by_repository_sources,867
4617,498a8111-507e-43ea-9e78-c6b3514239cd,Samnan,Sweden,59.90505,17.631268,https://browser.sead.se/site/4617,bibliography_ready,False,0,0,0,[],1,6,1,4,12,27450,coarse_spatial_context_only,not_captured_by_repository_sources,868
3438,9fbf076d-5c59-4152-a474-a1b400ca76be,Täby,Sweden,59.2938779467,16.1413410195,https://browser.sead.se/site/3438,bibliography_ready,False,0,0,0,[],1,6,2,2,6,15126,coarse_spatial_context_only,not_captured_by_repository_sources,869
354,79a588a7-1693-444b-9ed2-9fb34dcd746f,Åkroken,Sweden,58.7519722,17.0113527778,https://browser.sead.se/site/354,bibliography_ready,False,0,0,0,[],1,6,1,6,36,4303,coarse_spatial_context_only,not_captured_by_repository_sources,870
190,964870fd-e622-48d1-b23a-3d6016d6b71d,Berghem Raä 10,Sweden,57.4424916663,12.5605416667,https://browser.sead.se/site/190,bibliography_ready,False,0,0,0,[],1,5,1,8,28,8569,coarse_spatial_context_only,not_captured_by_repository_sources,871
118,9f49bcf2-97f8-450f-9385-c5368273d62b,Fors Raä 143,Sweden,58.2090361111,12.1793527781,https://browser.sead.se/site/118,bibliography_ready,False,0,0,0,[],1,5,1,33,198,7321,coarse_spatial_context_only,not_captured_by_repository_sources,872
23,73d40d0d-2d4a-440b-9e4c-41bc957015bb,Hasslöv Raä 86,Sweden,56.4213888892,13.02,https://browser.sead.se/site/23,bibliography_ready,False,0,0,0,[],1,5,1,5,27,8912,coarse_spatial_context_only,not_captured_by_repository_sources,873
214,0bc3fc3e-a810-4562-aa46-c8dac0f5b9ee,Idre Raä 14,Sweden,62.1064111111,12.2913611108,https://browser.sead.se/site/214,bibliography_ready,False,0,0,0,[],1,5,1,3,18,2243,coarse_spatial_context_only,not_captured_by_repository_sources,874
335,8e784a19-22d6-42a9-80ef-1782ca030f1d,Kall Raä 599,Sweden,63.8758888892,13.1717222226,https://browser.sead.se/site/335,bibliography_ready,False,0,0,0,[],1,5,1,7,38,1147,coarse_spatial_context_only,not_captured_by_repository_sources,875
235,6e9bb417-92fd-475c-8e78-5929a74c49d1,Karleby Raä 105,Sweden,58.1900666663,13.6327972226,https://browser.sead.se/site/235,bibliography_ready,False,0,0,0,[],1,5,1,5,30,10501,coarse_spatial_context_only,not_captured_by_repository_sources,876
154,1e11f22a-afcb-4198-a860-b0a8b3ad8791,Leksberg Raä 69,Sweden,58.687358333,13.8174111114,https://browser.sead.se/site/154,bibliography_ready,False,0,0,0,[],1,5,1,3,18,10501,coarse_spatial_context_only,not_captured_by_repository_sources,877
395,9a4d0227-40a0-4210-9732-7b52abf068e2,Lohärad Raä 167:1,Sweden,59.8034916667,18.4577472222,https://browser.sead.se/site/395,bibliography_ready,False,0,0,0,[],1,5,1,1,6,10763,coarse_spatial_context_only,not_captured_by_repository_sources,878
169,1c173c2d-1cc1-4137-b4eb-6dc18b1ad063,Lundby Raä 8,Sweden,57.7061416667,11.8197583337,https://browser.sead.se/site/169,bibliography_ready,False,0,0,0,[],1,5,1,10,60,5005,coarse_spatial_context_only,not_captured_by_repository_sources,879
361,0ccba506-d54f-43cc-b077-ac838c293425,Lövleforsen,Sweden,63.177091667,16.1733500003,https://browser.sead.se/site/361,bibliography_ready,False,0,0,0,[],1,5,1,1,6,1855,coarse_spatial_context_only,not_captured_by_repository_sources,880
360,66eb2d7a-8467-4a06-a68d-63035c78b8fb,Nyköpingshus,Sweden,58.748183333,17.0115111111,https://browser.sead.se/site/360,bibliography_ready,False,0,0,0,[],1,5,1,4,22,4303,coarse_spatial_context_only,not_captured_by_repository_sources,881
182,c42eb116-9ba4-4d84-8aee-d6a40ca76c33,Skeby Raä 46,Sweden,58.5012388889,13.3002416667,https://browser.sead.se/site/182,bibliography_ready,False,0,0,0,[],1,5,1,1,6,10501,coarse_spatial_context_only,not_captured_by_repository_sources,882
241,c9d546f7-1b6e-4926-b9d6-81d30b570201,Skövde Raä 158,Sweden,58.3846361108,13.8942833,https://browser.sead.se/site/241,bibliography_ready,False,0,0,0,[],1,5,1,4,24,10501,coarse_spatial_context_only,not_captured_by_repository_sources,883
309,bfdfe7fc-1c5d-40b8-833c-2adde1c599a0,Svarteborg Raä 116,Sweden,58.539258333,11.5270861114,https://browser.sead.se/site/309,bibliography_ready,False,0,0,0,[],1,5,1,31,125,16773,coarse_spatial_context_only,not_captured_by_repository_sources,884
8,b8c1ff77-1d3d-4adb-8621-1acfa8abed4a,Tjärby Raä 59,Sweden,56.5583333333,13.0566666667,https://browser.sead.se/site/8,bibliography_ready,False,0,0,0,[],1,5,1,7,42,8912,coarse_spatial_context_only,not_captured_by_repository_sources,885
73,816c2c1d-afb0-44af-87ce-fbba362a6a2e,Torslanda Raä 96,Sweden,57.7193583337,11.7625138889,https://browser.sead.se/site/73,bibliography_ready,False,0,0,0,[],1,5,1,4,19,5005,coarse_spatial_context_only,not_captured_by_repository_sources,886
310,a6bdd636-9aba-46cc-8d23-e5b364f27385,Tossene Raä 446,Sweden,58.4501194444,11.3669750003,https://browser.sead.se/site/310,bibliography_ready,False,0,0,0,[],1,5,1,3,18,16773,coarse_spatial_context_only,not_captured_by_repository_sources,887
5135,3997e73c-6f2b-4c6e-9579-5fdae3c458fc,Valleröds Mosse,Sweden,55.568054,13.817223,https://browser.sead.se/site/5135,bibliography_ready,False,0,0,0,[],1,5,1,1,5,6654,coarse_spatial_context_only,not_captured_by_repository_sources,888
198,1f751825-a3fc-4112-95bb-5de17e4cee59,Västerbitterna Raä 34,Sweden,58.1316583337,12.9218305559,https://browser.sead.se/site/198,bibliography_ready,False,0,0,0,[],1,5,1,4,24,7321,coarse_spatial_context_only,not_captured_by_repository_sources,889
281,8055a51e-418f-4b11-8067-983bba85a413,Arvidsjaur Raä 1877,Sweden,66.0606444444,18.9779388892,https://browser.sead.se/site/281,bibliography_ready,False,0,0,0,[],1,4,1,240,1200,1913,coarse_spatial_context_only,not_captured_by_repository_sources,890
285,6a7ff022-dfab-4952-a5de-3caf8b7d7712,Askum raä 6,Sweden,58.4194555559,11.3440194441,https://browser.sead.se/site/285,bibliography_ready,False,0,0,0,[],1,4,1,167,835,16773,coarse_spatial_context_only,not_captured_by_repository_sources,891
267,ee8352d0-8c8f-4870-9d85-e5fab0f4a8f0,Askum Raä 67,Sweden,58.4024138889,11.3591305556,https://browser.sead.se/site/267,bibliography_ready,False,0,0,0,[],1,4,1,241,1205,16773,coarse_spatial_context_only,not_captured_by_repository_sources,892
187,c1833714-d2d5-4895-a982-abcdb7e51296,Borgsjö 165:1,Sweden,62.4011555556,15.6396777774,https://browser.sead.se/site/187,bibliography_ready,False,0,0,0,[],1,4,1,2,10,1173,coarse_spatial_context_only,not_captured_by_repository_sources,893
322,3e323bf6-0dd3-4194-8f11-16d5731a09ee,Borgsjö Raä 165,Sweden,62.4011555556,15.6396777774,https://browser.sead.se/site/322,bibliography_ready,False,0,0,0,[],1,4,1,2,10,1173,coarse_spatial_context_only,not_captured_by_repository_sources,894
3766,26981435-75d4-4862-a7d6-796795ae05c4,Båtsberg,Sweden,57.1456028163,12.3493576875,https://browser.sead.se/site/3766,bibliography_ready,False,0,0,0,[],1,4,1,1,4,8569,coarse_spatial_context_only,not_captured_by_repository_sources,895
3729,134c8839-c9e7-45ec-b0df-2e920c2fc579,Fågelsjö,Sweden,61.7915130563,14.6180877928,https://browser.sead.se/site/3729,bibliography_ready,False,0,0,0,[],1,4,1,1,4,1202,coarse_spatial_context_only,not_captured_by_repository_sources,896
4420,13280be3-caca-4a83-9d8f-004e999255ec,Goteborg,Sweden,57.7167,11.9667,https://browser.sead.se/site/4420,bibliography_ready,False,0,0,0,[],1,4,1,1,4,5005,coarse_spatial_context_only,not_captured_by_repository_sources,897
146,bb55a128-eeaf-4b06-bd6c-0f752f8c5223,Göteborg Raä 218,Sweden,57.7275222226,12.0069638889,https://browser.sead.se/site/146,bibliography_ready,False,0,0,0,[],1,4,1,9,45,8569,coarse_spatial_context_only,not_captured_by_repository_sources,898
152,438338ac-4476-4cb6-a903-ecd288ed01e1,Göteborg Raä 365,Sweden,57.6424166663,11.9136666667,https://browser.sead.se/site/152,bibliography_ready,False,0,0,0,[],1,4,1,99,495,5005,coarse_spatial_context_only,not_captured_by_repository_sources,899
316,4fae1ad7-ff63-4304-a44e-8f001913c1e0,"Hagen, Bäve",Sweden,58.3313888892,12.0213888889,https://browser.sead.se/site/316,bibliography_ready,False,0,0,0,[],1,4,1,40,200,7321,coarse_spatial_context_only,not_captured_by_repository_sources,900
160,b6eef59a-8dce-4acb-86ca-5402e3b21e3f,Ledsjö Raä 148,Sweden,58.4652388889,13.4775388892,https://browser.sead.se/site/160,bibliography_ready,False,0,0,0,[],1,4,1,26,130,10501,coarse_spatial_context_only,not_captured_by_repository_sources,901
336,35bc33be-3edf-4070-afc0-180444d33289,Nederkalix Raä 722,Sweden,65.8521333333,23.3933999997,https://browser.sead.se/site/336,bibliography_ready,False,0,0,0,[],1,4,1,4,20,635,coarse_spatial_context_only,not_captured_by_repository_sources,902
3539,40597752-bc95-44a1-abe1-0ff6566c6e9d,Norrkvie,Sweden,57.1065632606,18.3180837861,https://browser.sead.se/site/3539,bibliography_ready,False,0,0,0,[],1,4,1,1,4,13558,coarse_spatial_context_only,not_captured_by_repository_sources,903
343,0685fd41-c4bb-4e09-8199-ae8939da5427,Ripkallhögen,Sweden,62.6955249997,12.9432499997,https://browser.sead.se/site/343,bibliography_ready,False,0,0,0,[],1,4,1,9,45,2243,coarse_spatial_context_only,not_captured_by_repository_sources,904
314,91cf7e8a-23ed-4bdd-8957-4111aded31ef,Tanum Raä 59,Sweden,58.5487999997,11.335158333,https://browser.sead.se/site/314,bibliography_ready,False,0,0,0,[],1,4,1,2,10,16773,coarse_spatial_context_only,not_captured_by_repository_sources,905
68,7170abb4-bac3-420b-9a1c-3123b1c8683c,Torslanda 99:1,Sweden,57.7151388889,11.7701222226,https://browser.sead.se/site/68,bibliography_ready,False,0,0,0,[],1,4,1,8,40,5005,coarse_spatial_context_only,not_captured_by_repository_sources,906
274,3a5dd59e-0ee7-4d56-8a83-0d71e3ff6d86,Töre 341:1,Sweden,66.0216444445,22.6287333337,https://browser.sead.se/site/274,bibliography_ready,False,0,0,0,[],1,4,1,81,405,1472,coarse_spatial_context_only,not_captured_by_repository_sources,907
384,dc36da4d-ec8c-455b-9e2c-35a442519ce8,Töre 422,Sweden,66.0217556,22.6267111,https://browser.sead.se/site/384,bibliography_ready,False,0,0,0,[],1,4,1,2,10,1472,coarse_spatial_context_only,not_captured_by_repository_sources,908
216,76949a32-e290-4be2-b660-6551aa2fe7ee,Umeå stad Raä 15,Sweden,63.8260972226,20.3033944444,https://browser.sead.se/site/216,bibliography_ready,False,0,0,0,[],1,4,1,7,35,663,coarse_spatial_context_only,not_captured_by_repository_sources,909
148,2b6f8177-1fff-4542-8eec-0ee87756dc02,Umeå Stadsliden 6:6,Sweden,63.8275500003,20.3144694444,https://browser.sead.se/site/148,bibliography_ready,False,0,0,0,[],1,4,1,80,400,663,coarse_spatial_context_only,not_captured_by_repository_sources,910
341,3c3f4e7c-ef8e-4e2f-b37c-3cb89dcaa225,Vaksala Raä 300,Sweden,59.8923638886,17.7237888892,https://browser.sead.se/site/341,bibliography_ready,False,0,0,0,[],1,4,1,5,20,27450,coarse_spatial_context_only,not_captured_by_repository_sources,911
144,0a477862-c564-4056-97dd-f4c99b50a0ed,Vänersborg Raä 149,Sweden,58.333558333,12.2002972222,https://browser.sead.se/site/144,bibliography_ready,False,0,0,0,[],1,4,1,86,430,7321,coarse_spatial_context_only,not_captured_by_repository_sources,912
107,c7c7e0f0-a15c-432d-a7c2-b3054cc12f72,Vättlösa Raä 158,Sweden,58.5108583333,13.5077055556,https://browser.sead.se/site/107,bibliography_ready,False,0,0,0,[],1,4,1,31,155,10501,coarse_spatial_context_only,not_captured_by_repository_sources,913
178,a584b097-a9e8-4cd1-937e-d7858deae64d,Yttre Medväga,Sweden,60.5190944448,15.4388,https://browser.sead.se/site/178,bibliography_ready,False,0,0,0,[],1,4,1,8,40,3988,coarse_spatial_context_only,not_captured_by_repository_sources,914
3796,de9187f2-d15b-4bf3-8038-360f0f7913d7,Barrsjö,Sweden,59.1642475694,16.6705314999,https://browser.sead.se/site/3796,bibliography_ready,False,0,0,0,[],1,3,1,1,3,15126,coarse_spatial_context_only,not_captured_by_repository_sources,915
3751,1a5dbca8-0eb7-497c-8835-4056b28066b6,Dalskarlstorp,Sweden,59.8333381886,16.502886243,https://browser.sead.se/site/3751,bibliography_ready,False,0,0,0,[],1,3,1,1,3,15126,coarse_spatial_context_only,not_captured_by_repository_sources,916
3724,dc8ad673-e9c8-4764-a10e-da53112aced3,Gläntan,Sweden,59.1970259309,17.4262182633,https://browser.sead.se/site/3724,bibliography_ready,False,0,0,0,[],1,3,1,1,3,27450,coarse_spatial_context_only,not_captured_by_repository_sources,917
4421,9655010c-2eaf-4bec-9956-dee4bc608834,Gothenburg,Sweden,57.716667,12.0,https://browser.sead.se/site/4421,bibliography_ready,False,0,0,0,[],1,3,1,1,3,8569,coarse_spatial_context_only,not_captured_by_repository_sources,918
3635,0131f4f9-ce85-420f-9cac-0a35d383e71f,kv Apotekaren,Sweden,55.7035727385,13.1919791291,https://browser.sead.se/site/3635,bibliography_ready,False,0,0,0,[],1,3,1,1,3,6654,coarse_spatial_context_only,not_captured_by_repository_sources,919
3598,20c4d074-ffd4-44d8-9564-4ff9fe7590ed,Lappviken,Sweden,65.3272155404,19.9479071528,https://browser.sead.se/site/3598,bibliography_ready,False,0,0,0,[],1,3,1,1,3,1623,coarse_spatial_context_only,not_captured_by_repository_sources,920
271,0b2bf811-607b-4de8-9dc6-3a87c8c7bb59,Nederluleå Raä 601,Sweden,65.5766305559,21.9684555559,https://browser.sead.se/site/271,bibliography_ready,False,0,0,0,[],1,3,1,137,411,1647,coarse_spatial_context_only,not_captured_by_repository_sources,921
5049,d27bef87-4b82-4743-944d-bab79c698899,Sigtuna,Sweden,59.600555,17.723888,https://browser.sead.se/site/5049,bibliography_ready,False,0,0,0,[],1,3,1,1,3,27450,coarse_spatial_context_only,not_captured_by_repository_sources,922
5065,734ced03-0df0-42db-87dd-a19258a798e0,Stora Tuna Skärsjö,Sweden,60.45,15.466666,https://browser.sead.se/site/5065,bibliography_ready,False,0,0,0,[],1,3,1,1,3,3988,coarse_spatial_context_only,not_captured_by_repository_sources,923
55,138614a4-66c2-449e-88cd-1e9cf4dc98eb,Torslanda 110:1,Sweden,57.7142361111,11.7782888892,https://browser.sead.se/site/55,bibliography_ready,False,0,0,0,[],1,3,1,25,125,5005,coarse_spatial_context_only,not_captured_by_repository_sources,924
3444,108c982c-9076-4e05-85bd-90787776a602,Torslunda,Sweden,60.3096532057,17.4877290289,https://browser.sead.se/site/3444,bibliography_ready,False,0,0,0,[],1,3,1,1,3,5060,coarse_spatial_context_only,not_captured_by_repository_sources,925
3798,7eb5b74c-b512-42fe-81c9-881332f66751,Backarne,Sweden,63.8124177659,16.4061031358,https://browser.sead.se/site/3798,bibliography_ready,False,0,0,0,[],1,2,1,1,2,1855,coarse_spatial_context_only,not_captured_by_repository_sources,926
210,c266b5ce-fdbf-42fa-8609-69925956f359,Bjurholm Raä 295,Sweden,63.862175,19.2311277781,https://browser.sead.se/site/210,bibliography_ready,False,0,0,0,[],1,2,1,3,6,954,coarse_spatial_context_only,not_captured_by_repository_sources,927
232,dd998c6b-18ab-4cf3-982a-64b09a6ec8da,Bothnia lina JP 62B/62:11,Sweden,63.4836111108,19.2972222219,https://browser.sead.se/site/232,bibliography_ready,False,0,0,0,[],1,2,1,18,36,954,coarse_spatial_context_only,not_captured_by_repository_sources,928
129,75f06d91-c964-484d-b90c-489f93e1c067,Bothnia line JP 22A,Sweden,63.1838888886,17.9230555559,https://browser.sead.se/site/129,bibliography_ready,False,0,0,0,[],1,2,1,14,28,2199,coarse_spatial_context_only,not_captured_by_repository_sources,929
108,46e7be06-183e-4477-abec-c3e8207069bf,Bothnia line JP 22C,Sweden,63.1702777781,17.819166667,https://browser.sead.se/site/108,bibliography_ready,False,0,0,0,[],1,2,1,33,66,2199,coarse_spatial_context_only,not_captured_by_repository_sources,930
237,9d61b03f-0ef3-4da5-bca2-269e79fb72fb,Bothnia line JP 22D,Sweden,63.1680555559,17.8152777778,https://browser.sead.se/site/237,bibliography_ready,False,0,0,0,[],1,2,1,8,16,2199,coarse_spatial_context_only,not_captured_by_repository_sources,931
175,744f98a1-99f3-4801-8878-a981377ca1ee,Bothnia line JP 31A,Sweden,63.2116666667,18.3608333333,https://browser.sead.se/site/175,bibliography_ready,False,0,0,0,[],1,2,1,24,48,1672,coarse_spatial_context_only,not_captured_by_repository_sources,932
236,49f0c018-0b38-40d5-a339-f238c6e8ccdb,Bothnia line JP 31B,Sweden,63.2513888889,18.3488888886,https://browser.sead.se/site/236,bibliography_ready,False,0,0,0,[],1,2,1,31,62,1672,coarse_spatial_context_only,not_captured_by_repository_sources,933
150,a0e574f0-bacd-4e59-8bde-b413d85addf2,Bothnia line JP 31D,Sweden,63.2352777774,18.2852777774,https://browser.sead.se/site/150,bibliography_ready,False,0,0,0,[],1,2,1,19,38,1672,coarse_spatial_context_only,not_captured_by_repository_sources,934
101,c1f952d2-398b-4e1d-b9b6-3949e897fca9,Bothnia line JP 31E,Sweden,63.2361111108,18.2819444448,https://browser.sead.se/site/101,bibliography_ready,False,0,0,0,[],1,2,1,19,38,1672,coarse_spatial_context_only,not_captured_by_repository_sources,935
104,c7cb1265-36cc-4817-9fcc-112b59e23846,Bothnia line JP 31F,Sweden,63.2416666663,18.2622222222,https://browser.sead.se/site/104,bibliography_ready,False,0,0,0,[],1,2,1,18,36,1672,coarse_spatial_context_only,not_captured_by_repository_sources,936
200,b53ad62a-9d93-4413-b084-13c3e5e20d14,Bothnia line JP 31G,Sweden,63.2472222219,18.2424999997,https://browser.sead.se/site/200,bibliography_ready,False,0,0,0,[],1,2,1,6,12,1672,coarse_spatial_context_only,not_captured_by_repository_sources,937
80,6d5e5493-3c24-479c-8d82-1784ed29d3dc,Bothnia line JP 31H,Sweden,63.2480555552,18.2094444444,https://browser.sead.se/site/80,bibliography_ready,False,0,0,0,[],1,2,1,7,14,1672,coarse_spatial_context_only,not_captured_by_repository_sources,938
217,39063c65-2481-4425-ba9b-7303d70af546,Bothnia line JP 31I,Sweden,63.2533333333,18.2119444444,https://browser.sead.se/site/217,bibliography_ready,False,0,0,0,[],1,2,1,12,24,1672,coarse_spatial_context_only,not_captured_by_repository_sources,939
209,f36a9744-b20b-4237-abe2-7bba755b295b,Bothnia line jp 31J1,Sweden,63.22265,18.0569333,https://browser.sead.se/site/209,bibliography_ready,False,0,0,0,[],1,2,1,10,20,1672,coarse_spatial_context_only,not_captured_by_repository_sources,940
117,969dd5ec-ca9e-428e-9e21-4eb56810c14b,Bothnia line JP 31J2,Sweden,63.2247222226,18.0875,https://browser.sead.se/site/117,bibliography_ready,False,0,0,0,[],1,2,1,11,22,1672,coarse_spatial_context_only,not_captured_by_repository_sources,941
224,5323f55e-a70d-45fa-94f1-3cfe4ae833ae,Bothnia line JP 31J3,Sweden,63.2208333337,18.0330555556,https://browser.sead.se/site/224,bibliography_ready,False,0,0,0,[],1,2,1,13,26,1672,coarse_spatial_context_only,not_captured_by_repository_sources,942
194,2df6b061-8088-4f35-b702-56ce3959d928,Bothnia line JP 31J4,Sweden,63.2205555559,18.0283333334,https://browser.sead.se/site/194,bibliography_ready,False,0,0,0,[],1,2,1,4,8,1672,coarse_spatial_context_only,not_captured_by_repository_sources,943
230,db97cd03-4684-4a2e-a551-06235950e26e,Bothnia line JP 31K,Sweden,63.2380555552,18.1361111108,https://browser.sead.se/site/230,bibliography_ready,False,0,0,0,[],1,2,1,6,12,1672,coarse_spatial_context_only,not_captured_by_repository_sources,944
162,989cb1a5-673b-43a1-b024-40d403953952,Bothnia line JP 32B,Sweden,63.2105555556,18.4075,https://browser.sead.se/site/162,bibliography_ready,False,0,0,0,[],1,2,1,33,66,1672,coarse_spatial_context_only,not_captured_by_repository_sources,945
141,d98063b6-47ac-45f4-aa90-c82183d43ab9,Bothnia line JP 32C,Sweden,63.2094444444,18.4213888892,https://browser.sead.se/site/141,bibliography_ready,False,0,0,0,[],1,2,1,12,24,1672,coarse_spatial_context_only,not_captured_by_repository_sources,946
145,9ff524b8-3426-46bf-9c59-225336ce5b6d,Bothnia line JP 32D,Sweden,63.2208333337,18.4861111108,https://browser.sead.se/site/145,bibliography_ready,False,0,0,0,[],1,2,1,72,144,1672,coarse_spatial_context_only,not_captured_by_repository_sources,947
177,288511fa-5f25-4c41-8774-82f9f46480cb,Bothnia line JP 32E,Sweden,63.2413888886,18.5075,https://browser.sead.se/site/177,bibliography_ready,False,0,0,0,[],1,2,1,19,38,1672,coarse_spatial_context_only,not_captured_by_repository_sources,948
201,dcbfd391-78c4-49ee-a0cf-e320373e25a0,Bothnia line JP 32F,Sweden,63.2808333337,18.5636111111,https://browser.sead.se/site/201,bibliography_ready,False,0,0,0,[],1,2,1,31,62,1672,coarse_spatial_context_only,not_captured_by_repository_sources,949
188,ec4af5ad-8056-4cde-b12c-d517363a0ef4,Bothnia line JP 32G,Sweden,63.2819444448,18.576666667,https://browser.sead.se/site/188,bibliography_ready,False,0,0,0,[],1,2,1,21,42,1672,coarse_spatial_context_only,not_captured_by_repository_sources,950
180,e3a3843e-1af0-465a-869c-fad134672646,Bothnia line JP 32H,Sweden,63.2588888889,18.5405555552,https://browser.sead.se/site/180,bibliography_ready,False,0,0,0,[],1,2,1,33,66,1672,coarse_spatial_context_only,not_captured_by_repository_sources,951
130,7eacff42-83a3-4df1-acdb-f3b9386d95e3,Bothnia line JP 62A/62:17,Sweden,63.4769444448,19.2874999997,https://browser.sead.se/site/130,bibliography_ready,False,0,0,0,[],1,2,1,52,104,954,coarse_spatial_context_only,not_captured_by_repository_sources,952
110,24390676-f9c3-4023-bbf4-01589a12e890,Bothnia line JP 71A1/71:31,Sweden,63.5802777781,19.5355555552,https://browser.sead.se/site/110,bibliography_ready,False,0,0,0,[],1,2,1,70,140,954,coarse_spatial_context_only,not_captured_by_repository_sources,953
137,8abfc01e-9d9a-4102-a50a-f6df10b558e3,Bothnia line JP 71A2/71:29,Sweden,63.5847222219,19.5422222219,https://browser.sead.se/site/137,bibliography_ready,False,0,0,0,[],1,2,1,59,118,954,coarse_spatial_context_only,not_captured_by_repository_sources,954
191,c31cf02c-ac25-4fbb-bf15-f34ffda49f17,Bothnia line JP 71B,Sweden,63.5849999997,19.5822222226,https://browser.sead.se/site/191,bibliography_ready,False,0,0,0,[],1,2,1,12,24,954,coarse_spatial_context_only,not_captured_by_repository_sources,955
176,b0a92f8a-b531-4adb-a74b-5d696dfe5741,Bothnia line JP 71C1/71:24,Sweden,63.5844444441,19.5839944,https://browser.sead.se/site/176,bibliography_ready,False,0,0,0,[],1,2,1,41,82,954,coarse_spatial_context_only,not_captured_by_repository_sources,956
98,bc4b4183-1559-437f-960f-24b43500d0e0,Bothnia line JP 71D/71:17,Sweden,63.5847222219,19.6075,https://browser.sead.se/site/98,bibliography_ready,False,0,0,0,[],1,2,1,98,196,954,coarse_spatial_context_only,not_captured_by_repository_sources,957
86,d8b205af-6cb9-4d65-9583-990220858e7e,Bothnia line JP 71E/71:14,Sweden,63.5797222226,19.6761111114,https://browser.sead.se/site/86,bibliography_ready,False,0,0,0,[],1,2,1,80,160,954,coarse_spatial_context_only,not_captured_by_repository_sources,958
139,d5b612c2-96ea-4122-bc84-f3bd0a948d0c,Bothnia line JP 71F1,Sweden,63.586175,19.7208,https://browser.sead.se/site/139,bibliography_ready,False,0,0,0,[],1,2,1,21,42,954,coarse_spatial_context_only,not_captured_by_repository_sources,959
179,7cddaf44-27f6-4d64-b68f-0b0dc7edcb4c,Bothnia line JP 71F2/71:12,Sweden,63.5863888886,19.719166667,https://browser.sead.se/site/179,bibliography_ready,False,0,0,0,[],1,2,1,49,98,954,coarse_spatial_context_only,not_captured_by_repository_sources,960
147,c309a647-6c1e-4970-9e2c-0af4daeb88e8,Bothnia line JP 71G/71:1,Sweden,63.6086111111,19.8300000003,https://browser.sead.se/site/147,bibliography_ready,False,0,0,0,[],1,2,1,27,54,954,coarse_spatial_context_only,not_captured_by_repository_sources,961
142,e4db607a-b2d7-43f2-a26f-d77fb5fd93bc,Bothnia line JP 72A/72:1,Sweden,63.6877777774,20.0497222222,https://browser.sead.se/site/142,bibliography_ready,False,0,0,0,[],1,2,1,54,107,663,coarse_spatial_context_only,not_captured_by_repository_sources,962
95,4df5d4fb-4357-49d9-928f-32a67e6f0095,Bothnia line JP 72B/73:26,Sweden,63.6916666663,20.0605555556,https://browser.sead.se/site/95,bibliography_ready,False,0,0,0,[],1,2,1,31,62,663,coarse_spatial_context_only,not_captured_by_repository_sources,963
114,1af3c42f-f21e-459e-8b29-37a9ea655c0a,Bothnia line JP 72C/72:2,Sweden,63.6852777774,20.0433333333,https://browser.sead.se/site/114,bibliography_ready,False,0,0,0,[],1,2,1,18,36,663,coarse_spatial_context_only,not_captured_by_repository_sources,964
203,bf78cf36-d13d-483a-bdb1-a0ad1a922716,Bothnia line JP 72E,Sweden,63.6594167,19.9786472,https://browser.sead.se/site/203,bibliography_ready,False,0,0,0,[],1,2,1,12,24,954,coarse_spatial_context_only,not_captured_by_repository_sources,965
208,9f7ea15a-d36b-4798-8d06-5f0ac84a9f4b,Bothnia line JP 72G2,Sweden,63.6308333337,19.9013888889,https://browser.sead.se/site/208,bibliography_ready,False,0,0,0,[],1,2,1,8,16,954,coarse_spatial_context_only,not_captured_by_repository_sources,966
171,b5b46994-f0e0-4b2a-a122-2a42bce23dab,Bothnia line JP 72H,Sweden,63.6319444448,19.8888888886,https://browser.sead.se/site/171,bibliography_ready,False,0,0,0,[],1,2,1,24,48,954,coarse_spatial_context_only,not_captured_by_repository_sources,967
183,14f609f4-98bc-4a07-8d59-fb848df872b8,Bothnia line JP 72I,Sweden,63.6255555559,19.879166667,https://browser.sead.se/site/183,bibliography_ready,False,0,0,0,[],1,2,1,8,16,954,coarse_spatial_context_only,not_captured_by_repository_sources,968
225,12d880aa-857b-4961-8555-74183d485879,Bothnia line JP 72J,Sweden,63.6169444448,19.8558333333,https://browser.sead.se/site/225,bibliography_ready,False,0,0,0,[],1,2,1,2,4,954,coarse_spatial_context_only,not_captured_by_repository_sources,969
199,b3ca756d-528a-42d0-ab01-f04e1099351e,Bothnia line JP 73A,Sweden,63.6944444441,20.0708333334,https://browser.sead.se/site/199,bibliography_ready,False,0,0,0,[],1,2,1,16,32,663,coarse_spatial_context_only,not_captured_by_repository_sources,970
164,1bd225a9-b8fc-45a5-8747-63444c276ca8,Bothnia line JP 73B,Sweden,63.7027777778,20.0872222222,https://browser.sead.se/site/164,bibliography_ready,False,0,0,0,[],1,2,1,17,34,663,coarse_spatial_context_only,not_captured_by_repository_sources,971
226,27690cd5-f763-4610-9e3a-3fb29972d07f,Bothnia line JP 73C,Sweden,63.7144444444,20.1305555559,https://browser.sead.se/site/226,bibliography_ready,False,0,0,0,[],1,2,1,11,22,663,coarse_spatial_context_only,not_captured_by_repository_sources,972
134,73b6eb4d-ff03-4b56-ba0d-e1e7984e6d1a,Bothnia line JP 73D,Sweden,63.7177777781,20.1419444441,https://browser.sead.se/site/134,bibliography_ready,False,0,0,0,[],1,2,1,60,120,663,coarse_spatial_context_only,not_captured_by_repository_sources,973
220,93aa892c-cdd3-48e1-b6ee-8be96332ed1d,Bothnia line JP 73F,Sweden,63.7230555559,20.1927777774,https://browser.sead.se/site/220,bibliography_ready,False,0,0,0,[],1,2,1,18,36,663,coarse_spatial_context_only,not_captured_by_repository_sources,974
193,2c10187a-f6bb-40d7-bec9-c8fddde2643c,Bothnia line JP 73G,Sweden,63.7231278,20.1977083,https://browser.sead.se/site/193,bibliography_ready,False,0,0,0,[],1,2,1,8,16,663,coarse_spatial_context_only,not_captured_by_repository_sources,975
221,9fd3121d-b71d-43b0-b77f-901ff0f31e3a,Bothnia line JP 73H,Sweden,63.7247222226,20.2138888889,https://browser.sead.se/site/221,bibliography_ready,False,0,0,0,[],1,2,1,3,6,663,coarse_spatial_context_only,not_captured_by_repository_sources,976
219,78cedcc9-bfe0-4da1-8ebb-02e269d537e6,Bothnia line JP 73J,Sweden,63.7322222226,20.2399999997,https://browser.sead.se/site/219,bibliography_ready,False,0,0,0,[],1,2,1,5,10,663,coarse_spatial_context_only,not_captured_by_repository_sources,977
238,c8aa2173-0184-46bf-970c-00abbc73f2ec,Bothnia line JP 73K,Sweden,63.7352777774,20.2452777774,https://browser.sead.se/site/238,bibliography_ready,False,0,0,0,[],1,2,1,12,24,663,coarse_spatial_context_only,not_captured_by_repository_sources,978
168,72a46232-1141-4255-9290-8a25430d5797,Bothnia line JP 73L,Sweden,63.738333333,20.248333333,https://browser.sead.se/site/168,bibliography_ready,False,0,0,0,[],1,2,1,24,48,663,coarse_spatial_context_only,not_captured_by_repository_sources,979
113,369ecd30-113d-4113-9afc-f5481be80327,Bothnia line JP 75A/75:7,Sweden,63.8622222222,20.2344444441,https://browser.sead.se/site/113,bibliography_ready,False,0,0,0,[],1,2,1,26,52,663,coarse_spatial_context_only,not_captured_by_repository_sources,980
197,2b8b6bd3-7def-4ce7-b1bb-9542fee2c138,Bothnia line JP 75B1,Sweden,63.8544444444,20.1566666667,https://browser.sead.se/site/197,bibliography_ready,False,0,0,0,[],1,2,1,20,40,663,coarse_spatial_context_only,not_captured_by_repository_sources,981
81,300e750f-d091-452f-a1f1-e2a8e8c49df5,Bothnia line JP 75B2,Sweden,63.8547222222,20.1469444441,https://browser.sead.se/site/81,bibliography_ready,False,0,0,0,[],1,2,1,38,76,663,coarse_spatial_context_only,not_captured_by_repository_sources,982
120,bcd88c31-f99b-4eb4-b73b-c9d74710793b,Bothnia line JP 75C1/75:2,Sweden,63.8694444448,20.1061111111,https://browser.sead.se/site/120,bibliography_ready,False,0,0,0,[],1,2,1,26,52,663,coarse_spatial_context_only,not_captured_by_repository_sources,983
185,9698412d-e4bc-479c-b8dc-9176163f5b4b,Bothnia line JP 75C2,Sweden,63.8663888889,20.1080555556,https://browser.sead.se/site/185,bibliography_ready,False,0,0,0,[],1,2,1,8,16,663,coarse_spatial_context_only,not_captured_by_repository_sources,984
227,99534e8d-fdae-4227-847e-8620af0279fc,Bothnia line JP 75D/75:3,Sweden,63.8552777778,20.1311111114,https://browser.sead.se/site/227,bibliography_ready,False,0,0,0,[],1,2,1,12,24,663,coarse_spatial_context_only,not_captured_by_repository_sources,985
251,12e799a5-67a3-4c86-80b6-16319b936357,Bothnia line JP 75E,Sweden,63.8608333333,20.121666667,https://browser.sead.se/site/251,bibliography_ready,False,0,0,0,[],1,2,1,4,8,663,coarse_spatial_context_only,not_captured_by_repository_sources,986
317,6dac55a6-e9d5-42c7-80aa-84324ac0f714,Bro Raä 195:1,Sweden,58.4077861111,11.4299000003,https://browser.sead.se/site/317,bibliography_ready,False,0,0,0,[],1,2,1,3,3,16773,coarse_spatial_context_only,not_captured_by_repository_sources,987
252,3ab301bc-5271-448f-acf2-0a0a58f07a95,Bureå Raä 11,Sweden,64.6183805559,21.2117388889,https://browser.sead.se/site/252,bibliography_ready,False,0,0,0,[],1,2,1,7,14,1413,coarse_spatial_context_only,not_captured_by_repository_sources,988
61,635ac2aa-056f-4180-9a88-ecb6e9dfea61,Dammen Raä 195:1,Sweden,58.4077861111,11.4299000003,https://browser.sead.se/site/61,bibliography_ready,False,0,0,0,[],1,2,1,3,3,16773,coarse_spatial_context_only,not_captured_by_repository_sources,989
282,5deca6d2-575b-4d8a-add5-ffde91b1e803,Forshälla Raä 360,Sweden,58.3163361111,11.8579027778,https://browser.sead.se/site/282,bibliography_ready,False,0,0,0,[],1,2,1,201,401,16773,coarse_spatial_context_only,not_captured_by_repository_sources,990
347,f3d44aec-974f-41ef-80cc-d2ee13cd1830,"Forskningsparken, Huddinge",Sweden,59.216666667,17.9382722219,https://browser.sead.se/site/347,bibliography_ready,False,0,0,0,[],1,2,1,5,7,27450,coarse_spatial_context_only,not_captured_by_repository_sources,991
376,9ce1fe9f-410a-4bc6-9872-93daae6958ac,Foss 173,Sweden,58.4581361111,11.6554472222,https://browser.sead.se/site/376,bibliography_ready,False,0,0,0,[],1,2,1,5,10,16773,coarse_spatial_context_only,not_captured_by_repository_sources,992
364,5902e5f1-13df-454b-a5a9-66cff97da7c6,"Gammelstad, Luleå",Sweden,65.6458888886,22.0269361111,https://browser.sead.se/site/364,bibliography_ready,False,0,0,0,[],1,2,1,2,2,654,coarse_spatial_context_only,not_captured_by_repository_sources,993
196,b7e71c4e-b161-4e6a-b5c6-9b12e9b1f878,Grundsunda Raä 121,Sweden,63.2552777778,19.0677777778,https://browser.sead.se/site/196,bibliography_ready,False,0,0,0,[],1,2,1,15,30,954,coarse_spatial_context_only,not_captured_by_repository_sources,994
250,72d2229f-b611-490f-bb55-e7d7b10313d4,Gunnarskog Raä 595,Sweden,59.8048027778,12.5792750003,https://browser.sead.se/site/250,bibliography_ready,False,0,0,0,[],1,2,1,4,8,3762,coarse_spatial_context_only,not_captured_by_repository_sources,995
205,0d0d15ab-b0a7-46f1-980b-84de3359774e,Hedesunda Raä 113,Sweden,60.4911277774,16.9367388886,https://browser.sead.se/site/205,bibliography_ready,False,0,0,0,[],1,2,1,38,76,4239,coarse_spatial_context_only,not_captured_by_repository_sources,996
17,2e4b75dc-9f02-430f-b8d9-e5e715585392,Laholm Raä 205,Sweden,56.5197222226,13.0077777778,https://browser.sead.se/site/17,bibliography_ready,False,0,0,0,[],1,2,1,12,17,8912,coarse_spatial_context_only,not_captured_by_repository_sources,997
272,b928c8c6-e02d-4482-8916-97de742e8dd3,Norrsunda Raä 185,Sweden,59.6030416667,17.9006972222,https://browser.sead.se/site/272,bibliography_ready,False,0,0,0,[],1,2,1,58,83,27450,coarse_spatial_context_only,not_captured_by_repository_sources,998
22,49743106-3e8c-411d-a019-23d6745b22f4,Skrea Raä 191,Sweden,56.8759861114,12.626091667,https://browser.sead.se/site/22,bibliography_ready,False,0,0,0,[],1,2,1,2,2,6333,coarse_spatial_context_only,not_captured_by_repository_sources,999
4645,d53dfcdc-e408-4a87-a6c0-fc1650447dfa,Spjalko,Sweden,56.1667,15.2167,https://browser.sead.se/site/4645,bibliography_ready,False,0,0,0,[],1,2,1,1,2,5849,coarse_spatial_context_only,not_captured_by_repository_sources,1000
9,26e15313-617a-4a6c-a023-dcb71424d764,Stafsinge Raä 120,Sweden,56.9218694448,12.4882222219,https://browser.sead.se/site/9,bibliography_ready,False,0,0,0,[],1,2,1,77,154,6333,coarse_spatial_context_only,not_captured_by_repository_sources,1001
20,195709d7-b1dc-428b-89a5-e9be95012206,Stafsinge Raä 122,Sweden,56.9240694448,12.4817361114,https://browser.sead.se/site/20,bibliography_ready,False,0,0,0,[],1,2,1,41,82,6333,coarse_spatial_context_only,not_captured_by_repository_sources,1002
18,6a14b2e2-ec58-46a8-9dde-49da1d728ded,Värö Raä 323,Sweden,57.2836111108,12.1686111114,https://browser.sead.se/site/18,bibliography_ready,False,0,0,0,[],1,2,1,4,6,8569,coarse_spatial_context_only,not_captured_by_repository_sources,1003
344,dad4f254-7e10-4537-bcd3-0c5e183df0f9,Västerhaninge Raä 479,Sweden,59.1262805559,18.1122972222,https://browser.sead.se/site/344,bibliography_ready,False,0,0,0,[],1,2,2,8,8,10763,coarse_spatial_context_only,not_captured_by_repository_sources,1004
174,32b48054-c8d4-4964-b764-f26cfffb71bc,Våmb Raä 59,Sweden,58.3876444441,13.8043083333,https://browser.sead.se/site/174,bibliography_ready,False,0,0,0,[],1,2,1,15,30,10501,coarse_spatial_context_only,not_captured_by_repository_sources,1005
90,180e0d8e-d510-4d0a-bc76-11b7b9b231ef,Örby Raä 98,Sweden,57.4808833337,12.685775,https://browser.sead.se/site/90,bibliography_ready,False,0,0,0,[],1,2,1,228,456,8569,coarse_spatial_context_only,not_captured_by_repository_sources,1006
340,e4110966-8efc-4c93-96ab-741b90e859cd,Österhaninge Raä 238,Sweden,59.1535472222,18.1315388892,https://browser.sead.se/site/340,bibliography_ready,False,0,0,0,[],1,2,1,5,6,10763,coarse_spatial_context_only,not_captured_by_repository_sources,1007
213,254b72f0-c533-49de-b603-fa1df54761ff,"Alväng, Götlunda",Sweden,59.380325,15.6283583,https://browser.sead.se/site/213,bibliography_ready,False,0,0,0,[],1,1,1,4,4,3873,coarse_spatial_context_only,not_captured_by_repository_sources,1008
394,96c48f07-ebc0-4a44-bde8-5300ddde8ae6,Arboga Raä 65,Sweden,59.4112555556,15.7701583337,https://browser.sead.se/site/394,bibliography_ready,False,0,0,0,[],1,1,1,2,2,3873,coarse_spatial_context_only,not_captured_by_repository_sources,1009
372,aea66957-3377-47aa-af5e-de9e5c286fa2,Björlanda 348,Sweden,57.7587,11.8384472219,https://browser.sead.se/site/372,bibliography_ready,False,0,0,0,[],1,1,1,1,1,5005,coarse_spatial_context_only,not_captured_by_repository_sources,1010
4775,399d5419-6e5c-4614-932e-1a0b752c36db,Bollnäs,Sweden,61.349434,16.396141,https://browser.sead.se/site/4775,bibliography_ready,False,0,0,0,[],1,1,1,1,1,3464,coarse_spatial_context_only,not_captured_by_repository_sources,1011
333,a42ecc47-f7a6-4434-b31c-0ae28bb4bd5c,Enånger Raä 145,Sweden,61.5299138892,16.9779083337,https://browser.sead.se/site/333,bibliography_ready,False,0,0,0,[],1,1,1,16,16,3464,coarse_spatial_context_only,not_captured_by_repository_sources,1012
319,62486758-a224-4a84-a215-a9b55ad3701e,Enånger Raä 146,Sweden,61.4907611108,16.9850916663,https://browser.sead.se/site/319,bibliography_ready,False,0,0,0,[],1,1,1,50,50,3464,coarse_spatial_context_only,not_captured_by_repository_sources,1013
202,0b6e6c28-acc9-4584-8f6b-14b01e876cdc,Falköping Raä 3,Sweden,58.1698194448,13.5780611114,https://browser.sead.se/site/202,bibliography_ready,False,0,0,0,[],1,1,1,4,4,10501,coarse_spatial_context_only,not_captured_by_repository_sources,1014
64,a8780bef-59c0-4def-ba80-3af0fadce15c,Forshälla Raä 140,Sweden,58.3026027778,11.859825,https://browser.sead.se/site/64,bibliography_ready,False,0,0,0,[],1,1,1,7,5,16773,coarse_spatial_context_only,not_captured_by_repository_sources,1015
393,832ca06b-d5f9-4351-96e8-4b442898b08e,Fresta 87:3,Sweden,59.4734972226,17.9924444441,https://browser.sead.se/site/393,bibliography_ready,False,0,0,0,[],1,1,1,1,1,27450,coarse_spatial_context_only,not_captured_by_repository_sources,1016
10,7528f567-a730-4453-bf48-3895e442c4b3,Getinge Raä 93,Sweden,56.8250000003,12.7105555556,https://browser.sead.se/site/10,bibliography_ready,False,0,0,0,[],1,1,1,5,5,6333,coarse_spatial_context_only,not_captured_by_repository_sources,1017
254,b4ad59bd-d22c-4e65-9f46-cec8d23cf16a,Grundsunda Raä 30,Sweden,63.3916194,19.2470694,https://browser.sead.se/site/254,bibliography_ready,False,0,0,0,[],1,1,1,2,2,954,coarse_spatial_context_only,not_captured_by_repository_sources,1018
223,71f4d951-995b-4b0b-816a-c4d420db0bf1,Gävle Raä 303,Sweden,60.5512444444,17.2585555556,https://browser.sead.se/site/223,bibliography_ready,False,0,0,0,[],1,1,1,6,6,5060,coarse_spatial_context_only,not_captured_by_repository_sources,1019
173,6d02641f-6b8c-429c-8b14-151f91d4e8db,Göteborg Raä 66,Sweden,57.6833444441,12.0124444444,https://browser.sead.se/site/173,bibliography_ready,False,0,0,0,[],1,1,1,3,3,8569,coarse_spatial_context_only,not_captured_by_repository_sources,1020
15,2dcd85e1-03bc-4c9e-b45b-bfb4149250b2,Halmstad Raä 44,Sweden,56.6747222226,12.8575,https://browser.sead.se/site/15,bibliography_ready,False,0,0,0,[],1,1,1,1,1,6333,coarse_spatial_context_only,not_captured_by_repository_sources,1021
373,504113ab-67b9-48f6-8ba2-74083a449435,Hedningsgärdet,Sweden,62.5760694448,12.567775,https://browser.sead.se/site/373,bibliography_ready,False,0,0,0,[],1,1,1,3,3,2243,coarse_spatial_context_only,not_captured_by_repository_sources,1022
71,25ee58a1-0ca5-41e6-a8d7-8a8d8af837c0,Hogdal 444 + 445,Sweden,59.002375,11.2316055559,https://browser.sead.se/site/71,bibliography_ready,False,0,0,0,[],1,1,1,5,1,1520,coarse_spatial_context_only,not_captured_by_repository_sources,1023
65,01170961-73ba-4422-a768-195435105481,Hålta Raä 130,Sweden,57.9128194444,11.8302222226,https://browser.sead.se/site/65,bibliography_ready,False,0,0,0,[],1,1,1,8,5,5005,coarse_spatial_context_only,not_captured_by_repository_sources,1024
3660,adda9464-1955-45c3-93a4-fa4d1d5f910f,Kalmar slottsfjärd,Sweden,56.6592918435,16.3562389968,https://browser.sead.se/site/3660,bibliography_ready,False,0,0,0,[],1,1,1,1,1,6159,coarse_spatial_context_only,not_captured_by_repository_sources,1025
356,c4ea6085-cd6e-4007-9484-f026cb06cf86,Kolbäck Raä 355,Sweden,59.5608388889,16.2416111108,https://browser.sead.se/site/356,bibliography_ready,False,0,0,0,[],1,1,1,4,4,15126,coarse_spatial_context_only,not_captured_by_repository_sources,1026
291,1fca2e39-5ff2-4be1-938b-832481d79791,Kosjärv,Sweden,65.9296833337,22.8561528,https://browser.sead.se/site/291,bibliography_ready,False,0,0,0,[],1,1,1,3,3,654,coarse_spatial_context_only,not_captured_by_repository_sources,1027
3599,d8f40c9e-0c12-4e83-932d-0aa60c949b5c,Lappvallen,Sweden,64.6946607846,16.3930220382,https://browser.sead.se/site/3599,bibliography_ready,False,0,0,0,[],1,1,1,1,1,1031,coarse_spatial_context_only,not_captured_by_repository_sources,1028
390,27f209e2-c47e-46d8-bbcf-b620b6f705d4,Lillberget,Sweden,66.4058944444,22.6675083337,https://browser.sead.se/site/390,bibliography_ready,False,0,0,0,[],1,1,1,2,2,1472,coarse_spatial_context_only,not_captured_by_repository_sources,1029
233,934d6f60-f47a-44c0-bd56-42469b700500,Månstad Raä 81,Sweden,57.5864805552,13.302275,https://browser.sead.se/site/233,bibliography_ready,False,0,0,0,[],1,1,1,1,1,8587,coarse_spatial_context_only,not_captured_by_repository_sources,1030
398,d85218cc-de15-42b5-93ba-e85c0effa291,Njurunda 838,Sweden,62.287133333,17.3487027774,https://browser.sead.se/site/398,bibliography_ready,False,0,0,0,[],1,1,1,1,1,3577,coarse_spatial_context_only,not_captured_by_repository_sources,1031
380,1a5b88ed-16a9-44e8-b160-847cbd7d0df2,Njurunda Raä 125,Sweden,62.2856694441,17.3668222226,https://browser.sead.se/site/380,bibliography_ready,False,0,0,0,[],1,1,1,1,1,3577,coarse_spatial_context_only,not_captured_by_repository_sources,1032
387,a4b57bc7-2b2a-489a-b001-6a84fb7a134c,Odlaren 1:1,Sweden,59.3411666663,16.5846138886,https://browser.sead.se/site/387,bibliography_ready,False,0,0,0,[],1,1,1,2,2,15126,coarse_spatial_context_only,not_captured_by_repository_sources,1033
181,ccede40e-18ab-4471-8d45-7e3726c7fd28,Ovansjö Raä 307,Sweden,60.5661138889,16.4898666663,https://browser.sead.se/site/181,bibliography_ready,False,0,0,0,[],1,1,1,40,40,4239,coarse_spatial_context_only,not_captured_by_repository_sources,1034
186,8134a29c-7e77-467b-8358-1c734d740b95,Prästsjödiket Umeå,Sweden,63.8449999997,20.1447222,https://browser.sead.se/site/186,bibliography_ready,False,0,0,0,[],1,1,1,23,23,663,coarse_spatial_context_only,not_captured_by_repository_sources,1035
184,82f22d02-4f2d-4716-86d4-0b202caf1779,Råda Raä 101,Sweden,58.4912472219,13.0980638889,https://browser.sead.se/site/184,bibliography_ready,False,0,0,0,[],1,1,1,4,4,10501,coarse_spatial_context_only,not_captured_by_repository_sources,1036
370,65bc5ef1-765f-40aa-90ad-742e9c8ee657,Råneå 414,Sweden,65.9683472226,22.1054222222,https://browser.sead.se/site/370,bibliography_ready,False,0,0,0,[],1,1,1,1,1,654,coarse_spatial_context_only,not_captured_by_repository_sources,1037
369,aac1c8ff-4104-4aab-a98a-20b6590d1ca3,Rönnby-Skultuna,Sweden,59.70141,16.49855,https://browser.sead.se/site/369,bibliography_ready,False,0,0,0,[],1,1,1,4,4,15126,coarse_spatial_context_only,not_captured_by_repository_sources,1038
381,6452c74b-7f46-4187-9d43-40c91e3c58b5,Skederid 106,Sweden,59.6948527774,18.4733277781,https://browser.sead.se/site/381,bibliography_ready,False,0,0,0,[],1,1,1,4,4,10763,coarse_spatial_context_only,not_captured_by_repository_sources,1039
67,c6a6e2de-9711-4179-b03b-45b1a9be199d,Skee 1593:1,Sweden,58.9640361111,11.2347166663,https://browser.sead.se/site/67,bibliography_ready,False,0,0,0,[],1,1,1,24,12,16773,coarse_spatial_context_only,not_captured_by_repository_sources,1040
19,b4e899f1-795e-4ef2-9a42-56b0450e4e2c,Skrea Raä 77,Sweden,56.9025,12.5800000003,https://browser.sead.se/site/19,bibliography_ready,False,0,0,0,[],1,1,1,6,6,6333,coarse_spatial_context_only,not_captured_by_repository_sources,1041
378,435f3316-a246-4856-90c9-f33d8725d383,Solberg 1:15,Sweden,58.6117388889,11.454014,https://browser.sead.se/site/378,bibliography_ready,False,0,0,0,[],1,1,1,1,1,16773,coarse_spatial_context_only,not_captured_by_repository_sources,1042
62,8390762a-aed7-411a-8cea-8d792e2c6889,Stare 1:13,Sweden,58.9202277781,11.208675,https://browser.sead.se/site/62,bibliography_ready,False,0,0,0,[],1,1,1,3,3,16773,coarse_spatial_context_only,not_captured_by_repository_sources,1043
229,27ddd78d-d9bb-495f-ab57-974aed22d283,Sävar Raä 56,Sweden,63.8986249997,20.5627861111,https://browser.sead.se/site/229,bibliography_ready,False,0,0,0,[],1,1,1,6,6,663,coarse_spatial_context_only,not_captured_by_repository_sources,1044
14,681940fc-e8e9-4701-bafe-ec221e518bf2,Söndrum Raä 100,Sweden,56.6758333337,12.8111111111,https://browser.sead.se/site/14,bibliography_ready,False,0,0,0,[],1,1,1,10,10,6333,coarse_spatial_context_only,not_captured_by_repository_sources,1045
242,4a158d65-bf3a-4443-94cd-e12ea78e8cb2,Torbjörntorp Raä 86,Sweden,58.2025583333,13.6334527774,https://browser.sead.se/site/242,bibliography_ready,False,0,0,0,[],1,1,1,2,2,10501,coarse_spatial_context_only,not_captured_by_repository_sources,1046
331,f3433b51-10fc-457b-97a0-c16fec287bf3,Torslanda 220,Sweden,57.7295583337,11.7836111108,https://browser.sead.se/site/331,bibliography_ready,False,0,0,0,[],1,1,1,5,5,5005,coarse_spatial_context_only,not_captured_by_repository_sources,1047
375,c841f857-192e-46c8-bc30-85fd335fff49,Tossene 446,Sweden,58.45,11.3671944448,https://browser.sead.se/site/375,bibliography_ready,False,0,0,0,[],1,1,1,2,2,16773,coarse_spatial_context_only,not_captured_by_repository_sources,1048
400,eff8d9ab-3902-4633-b493-e72d7da886ee,Tynderö 27,Sweden,62.4459722219,17.648183333,https://browser.sead.se/site/400,bibliography_ready,False,0,0,0,[],1,1,1,1,1,3577,coarse_spatial_context_only,not_captured_by_repository_sources,1049
386,d6de6ea2-b1b0-46b6-9f19-85a270b9289c,Tåme,Sweden,64.9952583,21.3126556,https://browser.sead.se/site/386,bibliography_ready,False,0,0,0,[],1,1,1,1,1,1413,coarse_spatial_context_only,not_captured_by_repository_sources,1050
161,1bc321fa-7a79-4bfa-a77f-946a6c701dee,Tölö Raä 173,Sweden,57.5002777778,12.0644444444,https://browser.sead.se/site/161,bibliography_ready,False,0,0,0,[],1,1,1,45,45,8569,coarse_spatial_context_only,not_captured_by_repository_sources,1051
192,4850df47-9d04-40e5-b643-1d8bc59c5147,Umeå socken Raä 318,Sweden,63.8461999997,20.1519388889,https://browser.sead.se/site/192,bibliography_ready,False,0,0,0,[],1,1,1,1,1,663,coarse_spatial_context_only,not_captured_by_repository_sources,1052
253,2744c611-b272-4379-b55e-6c1b146422fe,Umeå socken Raä 586,Sweden,63.8434999997,20.1777111114,https://browser.sead.se/site/253,bibliography_ready,False,0,0,0,[],1,1,1,1,1,663,coarse_spatial_context_only,not_captured_by_repository_sources,1053
248,7878d47a-af5d-47ac-8111-7653cf5ef522,Umeå socken Raä 590,Sweden,63.8448444441,20.1663,https://browser.sead.se/site/248,bibliography_ready,False,0,0,0,[],1,1,1,1,1,663,coarse_spatial_context_only,not_captured_by_repository_sources,1054
246,4958d781-956d-4fa5-9e43-9f48ce079744,Valbo Raä 399,Sweden,60.5320944448,17.2695805559,https://browser.sead.se/site/246,bibliography_ready,False,0,0,0,[],1,1,1,6,6,5060,coarse_spatial_context_only,not_captured_by_repository_sources,1055
5,8cc5c06a-ce4b-4bc8-ae58-e84ee31d2bd5,Vallda Raä 293,Sweden,57.4763888892,11.9980555552,https://browser.sead.se/site/5,bibliography_ready,False,0,0,0,[],1,1,1,2,2,5005,coarse_spatial_context_only,not_captured_by_repository_sources,1056
3426,e947347f-8d4e-49ca-b112-3ed005cf937f,Vallviksvallen,Sweden,64.7002525283,16.3891562684,https://browser.sead.se/site/3426,bibliography_ready,False,0,0,0,[],1,1,1,1,1,1031,coarse_spatial_context_only,not_captured_by_repository_sources,1057
234,f10de040-d66f-4b99-a472-6c0d9c2987e9,Viby Raä 225,Sweden,59.0361972222,14.8888249997,https://browser.sead.se/site/234,bibliography_ready,False,0,0,0,[],1,1,1,6,6,2617,coarse_spatial_context_only,not_captured_by_repository_sources,1058
99,9d4da2e5-6bd0-4027-93ba-696d89abeff6,Vika Raä 260,Sweden,60.5116444444,15.7119055556,https://browser.sead.se/site/99,bibliography_ready,False,0,0,0,[],1,1,1,5,5,3988,coarse_spatial_context_only,not_captured_by_repository_sources,1059
231,dc76d450-1d19-4120-b63b-72a2d85920f9,Vinberg Raä 97,Sweden,56.9580555556,12.5508333333,https://browser.sead.se/site/231,bibliography_ready,False,0,0,0,[],1,1,1,4,4,6333,coarse_spatial_context_only,not_captured_by_repository_sources,1060
163,438f0d28-3a10-4423-80bc-84c918895940,Västerbitterna 3:17,Sweden,58.1368305552,12.9879639,https://browser.sead.se/site/163,bibliography_ready,False,0,0,0,[],1,1,1,2,2,7321,coarse_spatial_context_only,not_captured_by_repository_sources,1061
268,5d937294-1e40-40cc-b0fa-fe97dfd71200,Västra Skälby,Sweden,59.5927222219,16.4485111,https://browser.sead.se/site/268,bibliography_ready,False,0,0,0,[],1,1,1,41,41,15126,coarse_spatial_context_only,not_captured_by_repository_sources,1062
379,d3310e81-888c-47cd-85d9-a2b23479f0c4,Älgtjärn,Sweden,64.9175000003,19.0087361111,https://browser.sead.se/site/379,bibliography_ready,False,0,0,0,[],1,1,1,9,9,1153,coarse_spatial_context_only,not_captured_by_repository_sources,1063
7,4716b8bf-676a-4bc1-880d-1c6e18a6de14,Årstad Raä 3,Sweden,56.9327777781,12.6849999997,https://browser.sead.se/site/7,bibliography_ready,False,0,0,0,[],1,1,1,23,23,6333,coarse_spatial_context_only,not_captured_by_repository_sources,1064
112,6e51d85e-654c-4647-a23c-7cfb214abe66,Örsås Raä 291,Sweden,57.443158333,13.1642138889,https://browser.sead.se/site/112,bibliography_ready,False,0,0,0,[],1,1,1,14,14,8587,coarse_spatial_context_only,not_captured_by_repository_sources,1065
385,f0816b77-c5b9-40ac-96b7-2a57223a524b,Österhaninge Raä 230,Sweden,59.1350388886,18.122291667,https://browser.sead.se/site/385,bibliography_ready,False,0,0,0,[],1,1,1,6,6,10763,coarse_spatial_context_only,not_captured_by_repository_sources,1066
355,043e1936-be11-4b58-a6c6-eeae70be9ec8,Österhaninge Raä 239,Sweden,59.1591833333,18.1138472222,https://browser.sead.se/site/355,bibliography_ready,False,0,0,0,[],1,1,1,1,1,10763,coarse_spatial_context_only,not_captured_by_repository_sources,1067
397,bf8edced-5ff1-4ce2-ad4a-263f60b6e7f7,Övertorneå 427,Sweden,66.6893638886,23.8398194441,https://browser.sead.se/site/397,bibliography_ready,False,0,0,0,[],1,1,1,1,1,984,coarse_spatial_context_only,not_captured_by_repository_sources,1068
195,013a6475-10ab-49c6-a6c7-8a51afc2d924,Övraby Raä 70,Sweden,56.6912638886,12.8948666663,https://browser.sead.se/site/195,bibliography_ready,False,0,0,0,[],1,1,1,7,7,6333,coarse_spatial_context_only,not_captured_by_repository_sources,1069
4394,fd0f7189-c759-4332-a724-6cb22976ac71,Falun,Sweden,60.60641,15.630175,https://browser.sead.se/site/4394,bibliography_ready,False,0,0,0,[],1,0,0,0,0,3988,coarse_spatial_context_only,not_captured_by_repository_sources,1070
54,05e19820-3ff5-4156-8066-930879c50c4d,Hogdal 443,Sweden,59.0056055556,11.2326555559,https://browser.sead.se/site/54,bibliography_ready,False,0,0,0,[],1,0,1,2,0,1520,coarse_spatial_context_only,not_captured_by_repository_sources,1071
63,62ce0968-ad59-4ef9-85c5-5701b0f77a63,Håby 6:1,Sweden,58.4911111108,11.6144444444,https://browser.sead.se/site/63,bibliography_ready,False,0,0,0,[],1,0,1,1,0,16773,coarse_spatial_context_only,not_captured_by_repository_sources,1072
4518,6aee710c-db9d-4bbb-b47d-100b93f10810,Lund,Sweden,55.7,13.1833,https://browser.sead.se/site/4518,bibliography_ready,False,0,0,0,[],1,0,0,0,0,6654,coarse_spatial_context_only,not_captured_by_repository_sources,1073
4702,ceee8e05-6561-4a7d-bc72-de4de2d1b9ef,Uppsala: Centrum,Sweden,59.859974,17.640041,https://browser.sead.se/site/4702,bibliography_ready,False,0,0,0,[],1,0,0,0,0,27450,coarse_spatial_context_only,not_captured_by_repository_sources,1074
3684,79da55cb-5303-496d-8918-8ec83297e5fc,Hunneberget,Sweden,56.0336937531,14.263892386,https://browser.sead.se/site/3684,inventory_only,False,0,0,0,[],0,114,38,38,114,10817,coarse_spatial_context_only,not_captured_by_repository_sources,1075
262,b6a15e63-653e-4427-becf-e2fd462c1c21,Hyllie 155,Sweden,55.75,13.0,https://browser.sead.se/site/262,inventory_only,False,0,0,0,[],0,56,14,514,2570,6654,coarse_spatial_context_only,not_captured_by_repository_sources,1076
264,ff3b8167-9461-4fe1-96ad-84816dfbba7a,Gåsinge-Dillnäs Raä 94,Sweden,59.1208083337,17.2063861111,https://browser.sead.se/site/264,inventory_only,False,0,0,0,[],0,49,13,394,1934,27450,coarse_spatial_context_only,not_captured_by_repository_sources,1077
3737,f4602695-a6a7-4400-98c5-2dcd7d9ad3fe,Fagervik,Sweden,58.6626320354,16.4144311908,https://browser.sead.se/site/3737,inventory_only,False,0,0,0,[],0,45,15,15,45,12413,coarse_spatial_context_only,not_captured_by_repository_sources,1078
3499,0d51b822-86ea-496e-96b8-0ec2e2e71334,Råga Hörstad,Sweden,55.8835613054,12.9167576982,https://browser.sead.se/site/3499,inventory_only,False,0,0,0,[],0,30,10,10,30,1226,coarse_spatial_context_only,not_captured_by_repository_sources,1079
3458,20e87f36-936d-467f-9003-54b13285031d,"Svälinge, Tåkern",Sweden,58.3827989492,14.8455975309,https://browser.sead.se/site/3458,inventory_only,False,0,0,0,[],0,25,8,8,25,3815,coarse_spatial_context_only,not_captured_by_repository_sources,1080
3800,9f7880cb-905b-4bd0-b885-2a0a08fe469d,Axamo flygplats,Sweden,57.7687883904,14.0872375419,https://browser.sead.se/site/3800,inventory_only,False,0,0,0,[],0,24,6,6,24,8067,coarse_spatial_context_only,not_captured_by_repository_sources,1081
3750,33b2f482-2c86-4353-8a2d-ed52c8c39ea7,Danmarksby,Sweden,59.8265858232,17.7422661074,https://browser.sead.se/site/3750,inventory_only,False,0,0,0,[],0,24,6,6,24,27450,coarse_spatial_context_only,not_captured_by_repository_sources,1082
3708,f4cfc3ef-a0c1-4d77-82ae-5341f1389384,Gökhem 71,Sweden,58.1592522693,13.455612567,https://browser.sead.se/site/3708,inventory_only,False,0,0,0,[],0,21,7,7,21,10501,coarse_spatial_context_only,not_captured_by_repository_sources,1083
3656,cfc2d717-8923-449a-b078-75da5bd33caf,Karleby 57,Sweden,58.1528563033,13.6377627944,https://browser.sead.se/site/3656,inventory_only,False,0,0,0,[],0,18,6,6,18,10501,coarse_spatial_context_only,not_captured_by_repository_sources,1084
3707,ed9761e8-e9e5-4d48-be85-d71ac9f188bd,Gökhem 78,Sweden,58.1523155571,13.4341113096,https://browser.sead.se/site/3707,inventory_only,False,0,0,0,[],0,12,4,4,12,10501,coarse_spatial_context_only,not_captured_by_repository_sources,1085
3443,92cdff2f-e418-46bf-aad8-c5d30551c694,Trelleborg 19,Sweden,55.3769870556,13.1464553701,https://browser.sead.se/site/3443,inventory_only,False,0,0,0,[],0,12,4,4,12,6654,coarse_spatial_context_only,not_captured_by_repository_sources,1086
3411,beb511a1-9feb-4b37-9e93-e8ab60baed4c,Åby,Sweden,58.663456768,16.1772440843,https://browser.sead.se/site/3411,inventory_only,False,0,0,0,[],0,12,4,4,12,12413,coarse_spatial_context_only,not_captured_by_repository_sources,1087
292,dfe021bc-c713-478e-85b2-d2af3be48eb2,Töre 408:1,Sweden,66.0250167,22.6166667,https://browser.sead.se/site/292,inventory_only,False,0,0,0,[],0,10,4,60,270,1472,coarse_spatial_context_only,not_captured_by_repository_sources,1088
277,aec2ccef-6e17-4646-a196-b640f60b464f,Töre 318:1,Sweden,66.0253888889,22.6292777781,https://browser.sead.se/site/277,inventory_only,False,0,0,0,[],0,8,3,55,248,1472,coarse_spatial_context_only,not_captured_by_repository_sources,1089
3714,7520b3a8-19f8-464a-9d2e-3fe8820b72b4,Gräne,Sweden,57.4421685362,18.3396382261,https://browser.sead.se/site/3714,inventory_only,False,0,0,0,[],0,6,2,2,6,13558,coarse_spatial_context_only,not_captured_by_repository_sources,1090
287,980f6002-785d-40f6-a7f7-f6243fe6b4f5,Foss 217,Sweden,58.4863916663,11.6884166663,https://browser.sead.se/site/287,inventory_only,False,0,0,0,[],0,4,1,84,420,16773,coarse_spatial_context_only,not_captured_by_repository_sources,1091
280,898e4d62-7ece-4801-8afc-243f3091ce74,Norrala Raä 177,Sweden,61.4394111108,16.9907749997,https://browser.sead.se/site/280,inventory_only,False,0,0,0,[],0,4,2,162,324,3464,coarse_spatial_context_only,not_captured_by_repository_sources,1092
315,e126c1d6-0efa-467e-a462-f314e646ba10,Svarteborg 592,Sweden,58.5067805556,11.56055,https://browser.sead.se/site/315,inventory_only,False,0,0,0,[],0,4,1,22,61,16773,coarse_spatial_context_only,not_captured_by_repository_sources,1093
284,190c78af-b2ee-41c2-aba2-f05e4bd58e01,Trogsta 71,Sweden,61.7170861114,16.9193694448,https://browser.sead.se/site/284,inventory_only,False,0,0,0,[],0,4,4,36,40,3464,coarse_spatial_context_only,not_captured_by_repository_sources,1094
273,6a08ba29-3d83-48ab-8553-058125c72947,Tuna Raä 328:1,Sweden,62.3526166667,17.0121472222,https://browser.sead.se/site/273,inventory_only,False,0,0,0,[],0,4,2,41,65,3577,coarse_spatial_context_only,not_captured_by_repository_sources,1095
288,296b2e40-1be5-43bb-b10f-50b91740afca,Töre 405:2,Sweden,66.0204306,22.6298389,https://browser.sead.se/site/288,inventory_only,False,0,0,0,[],0,4,1,43,215,1472,coarse_spatial_context_only,not_captured_by_repository_sources,1096
5366,117f6492-d1cc-4d49-bfad-be423f104b3e,Abisko 2004-5,Sweden,68.35436,18.815762,https://browser.sead.se/site/5366,inventory_only,False,0,0,0,[],0,3,1,2,4,214,coarse_spatial_context_only,not_captured_by_repository_sources,1097
3537,ce8d54e0-5465-4f48-9c0d-99a6f13fd46a,Norrvidinge,Sweden,55.8447836057,13.1106107779,https://browser.sead.se/site/3537,inventory_only,False,0,0,0,[],0,3,1,1,3,6654,coarse_spatial_context_only,not_captured_by_repository_sources,1098
206,fb9a6684-2905-4d2a-95f9-6a9af73e287c,Bothnia line JP 72F1,Sweden,63.6441666663,19.9577777778,https://browser.sead.se/site/206,inventory_only,False,0,0,0,[],0,2,1,20,40,954,coarse_spatial_context_only,not_captured_by_repository_sources,1099
212,e384d727-f050-412c-8eb8-b713bfd6421c,Bothnia line JP 72G1,Sweden,63.6313888892,19.9052777778,https://browser.sead.se/site/212,inventory_only,False,0,0,0,[],0,2,1,10,20,954,coarse_spatial_context_only,not_captured_by_repository_sources,1100
170,d471f18b-7fcc-4b9b-9c5e-ffe58c098b2e,Falun Raä 68,Sweden,60.6087638889,15.6267027781,https://browser.sead.se/site/170,inventory_only,False,0,0,0,[],0,2,1,4,6,3988,coarse_spatial_context_only,not_captured_by_repository_sources,1101
318,b5d80a26-b54b-44c4-9fe5-7c87d63c6775,Forsa,Sweden,61.741133333,16.9312611114,https://browser.sead.se/site/318,inventory_only,False,0,0,0,[],0,2,2,41,41,3464,coarse_spatial_context_only,not_captured_by_repository_sources,1102
28,f3a3cecc-2c85-4b70-af1d-53722950b6e8,Eftra Raä 110,Sweden,56.8330555559,12.6577777778,https://browser.sead.se/site/28,inventory_only,False,0,0,0,[],0,1,1,2,2,6333,coarse_spatial_context_only,not_captured_by_repository_sources,1103
228,f93023ed-7623-48ba-ae09-cb63d0252ade,Götene Raä 52,Sweden,58.5362805552,13.4909527774,https://browser.sead.se/site/228,inventory_only,False,0,0,0,[],0,1,1,1,1,10501,coarse_spatial_context_only,not_captured_by_repository_sources,1104
362,38b8dd35-201d-43ed-9138-a10116be094f,Medåker Raä 176,Sweden,59.4039388889,15.7409111108,https://browser.sead.se/site/362,inventory_only,False,0,0,0,[],0,1,1,2,2,3873,coarse_spatial_context_only,not_captured_by_repository_sources,1105
6468,e1036946-7de7-4176-b99a-fee2da820ff5,10412 Fjälkinge,Sweden,56.0388744,14.28308648,https://browser.sead.se/site/6468,inventory_only,False,0,0,0,[],0,0,0,0,0,10817,coarse_spatial_context_only,not_captured_by_repository_sources,1106
6469,020c2aad-6e3d-40bc-b093-ce622cbda709,10469 Kvistofta,Sweden,55.97600294,12.78226617,https://browser.sead.se/site/6469,inventory_only,False,0,0,0,[],0,0,0,0,0,1226,coarse_spatial_context_only,not_captured_by_repository_sources,1107
6481,65f959bc-1c25-4f2f-b114-7a6a728cbf8f,10531 Örkelljunga,Sweden,56.26433343,13.30787277,https://browser.sead.se/site/6481,inventory_only,False,0,0,0,[],0,0,0,0,0,8912,coarse_spatial_context_only,not_captured_by_repository_sources,1108
6482,13af7b0f-03b7-41b1-9b57-28e71abc6274,10535 Skåne,Sweden,55.76421568,13.5324126,https://browser.sead.se/site/6482,inventory_only,False,0,0,0,[],0,0,0,0,0,6654,coarse_spatial_context_only,not_captured_by_repository_sources,1109
6478,b63f71db-528a-4049-b7a6-0f190ef5f042,12590 Hall,Sweden,57.88985228,18.70972493,https://browser.sead.se/site/6478,inventory_only,False,0,0,0,[],0,0,0,0,0,13558,coarse_spatial_context_only,not_captured_by_repository_sources,1110
6466,930fa0c0-fa2d-4d2b-983a-2775cbd10c90,12615 Stelor,Sweden,57.4508638,18.15078924,https://browser.sead.se/site/6466,inventory_only,False,0,0,0,[],0,0,0,0,0,13558,coarse_spatial_context_only,not_captured_by_repository_sources,1111
6447,30fdfe38-1232-4618-b25f-29cf3dc5e0e5,12628 Länna,Sweden,57.71560584,18.80151631,https://browser.sead.se/site/6447,inventory_only,False,0,0,0,[],0,0,0,0,0,13558,coarse_spatial_context_only,not_captured_by_repository_sources,1112
6479,1af2ac35-dbbe-440c-92bb-a815563b3738,12673 Fröjel,Sweden,57.33365346,18.18498422,https://browser.sead.se/site/6479,inventory_only,False,0,0,0,[],0,0,0,0,0,13558,coarse_spatial_context_only,not_captured_by_repository_sources,1113
6480,6a3481f7-f8cc-43b3-ab53-5262e6cdc93b,12711 Othem,Sweden,57.74815493,18.73686656,https://browser.sead.se/site/6480,inventory_only,False,0,0,0,[],0,0,0,0,0,13558,coarse_spatial_context_only,not_captured_by_repository_sources,1114
6453,a7b5d795-4502-427d-b659-4bd26ab6a6ca,14295 Ringarum,Sweden,58.32874046,16.45366524,https://browser.sead.se/site/6453,inventory_only,False,0,0,0,[],0,0,0,0,0,12413,coarse_spatial_context_only,not_captured_by_repository_sources,1115
6470,370c849a-5a21-40e1-b78b-1b236834e186,14851 Norrköping,Sweden,58.59245497,16.18005369,https://browser.sead.se/site/6470,inventory_only,False,0,0,0,[],0,0,0,0,0,12413,coarse_spatial_context_only,not_captured_by_repository_sources,1116
6456,c1aab822-5cfc-431f-b4fc-ab4993eddaf0,14885 Strömmen,Sweden,58.59268086,16.18088712,https://browser.sead.se/site/6456,inventory_only,False,0,0,0,[],0,0,0,0,0,12413,coarse_spatial_context_only,not_captured_by_repository_sources,1117
6483,7c8e7d0d-2a85-41e5-881d-b4f2f0eba44b,14889 Östergötland,Sweden,58.36779998,16.04571872,https://browser.sead.se/site/6483,inventory_only,False,0,0,0,[],0,0,0,0,0,12413,coarse_spatial_context_only,not_captured_by_repository_sources,1118
6330,170f36bb-ecb3-4914-8900-16b66343924d,16014 Älgarås,Sweden,58.8106752651,14.2554178027,https://browser.sead.se/site/6330,inventory_only,False,0,0,0,[],0,0,0,0,0,3815,coarse_spatial_context_only,not_captured_by_repository_sources,1119
6332,ac5c683e-c668-442a-9dc7-fcb12c625ccd,16024 Finnerödja,Sweden,58.9269777777,14.4398983504,https://browser.sead.se/site/6332,inventory_only,False,0,0,0,[],0,0,0,0,0,3815,coarse_spatial_context_only,not_captured_by_repository_sources,1120
6335,9fa5d557-6b80-47e8-b92d-0fd0a4581367,16560 Hova,Sweden,58.8552509332,14.2147667852,https://browser.sead.se/site/6335,inventory_only,False,0,0,0,[],0,0,0,0,0,3815,coarse_spatial_context_only,not_captured_by_repository_sources,1121
6458,68edf6a6-aae1-4d09-9495-ac2a258f36f9,17118 Sörby,Sweden,58.3114729,15.11490733,https://browser.sead.se/site/6458,inventory_only,False,0,0,0,[],0,0,0,0,0,9863,coarse_spatial_context_only,not_captured_by_repository_sources,1122
5652,19d28dd7-ac23-44ab-bff0-e67c6772ccdb,41093 Tranås,Sweden,58.047367,14.900205,https://browser.sead.se/site/5652,inventory_only,False,0,0,0,[],0,0,0,0,0,3815,coarse_spatial_context_only,not_captured_by_repository_sources,1123
6341,fd845b21-fb0b-4386-b020-29cf9c1f005a,51840 Malung-Sälen,Sweden,60.894862,13.3924109733,https://browser.sead.se/site/6341,inventory_only,False,0,0,0,[],0,0,0,0,0,5468,coarse_spatial_context_only,not_captured_by_repository_sources,1124
6471,f6fc2c85-68e7-46c7-912b-fc5ac9106962,57333 Yttergran,Sweden,59.60482601,17.48706025,https://browser.sead.se/site/6471,inventory_only,False,0,0,0,[],0,0,0,0,0,27450,coarse_spatial_context_only,not_captured_by_repository_sources,1125
6445,b3dff443-7c2a-4ccd-8d98-5c980afd31cc,58060 Ölands värdshus,Sweden,56.86795363,16.72758305,https://browser.sead.se/site/6445,inventory_only,False,0,0,0,[],0,0,0,0,0,6159,coarse_spatial_context_only,not_captured_by_repository_sources,1126
5653,cd7d3c57-c944-4c36-bd68-19e14d06a422,58195 Böda,Sweden,57.259089,17.037224,https://browser.sead.se/site/5653,inventory_only,False,0,0,0,[],0,0,0,0,0,,coarse_spatial_context_only,not_captured_by_repository_sources,1127
5654,26fdf326-f5e6-4c48-8282-dafb9980647f,61779 Söderåkra,Sweden,56.447886,16.064545,https://browser.sead.se/site/5654,inventory_only,False,0,0,0,[],0,0,0,0,0,6159,coarse_spatial_context_only,not_captured_by_repository_sources,1128
6450,c9982deb-8c2d-4afb-89f1-5c4229720247,62771 Norra Vallby,Sweden,60.32251012,17.51767125,https://browser.sead.se/site/6450,inventory_only,False,0,0,0,[],0,0,0,0,0,5060,coarse_spatial_context_only,not_captured_by_repository_sources,1129
6472,07869daf-f00c-47ea-aae9-a1d8abdeac0f,62790 Uppsala,Sweden,59.85624691,17.64286633,https://browser.sead.se/site/6472,inventory_only,False,0,0,0,[],0,0,0,0,0,27450,coarse_spatial_context_only,not_captured_by_repository_sources,1130
6336,c57522ea-0925-4871-bbd6-8fc6cac27dae,63118 Hovsta,Sweden,59.3160876406,15.2631367376,https://browser.sead.se/site/6336,inventory_only,False,0,0,0,[],0,0,0,0,0,3873,coarse_spatial_context_only,not_captured_by_repository_sources,1131
6473,ce8675e6-48de-4767-81a9-82ba088a86b2,66401 Västra Karaby,Sweden,55.80906258,13.04521993,https://browser.sead.se/site/6473,inventory_only,False,0,0,0,[],0,0,0,0,0,6654,coarse_spatial_context_only,not_captured_by_repository_sources,1132
6446,34600c81-7c74-4d28-a741-ecc9866f074e,66501 Lyckeby,Sweden,56.19700782,15.64574065,https://browser.sead.se/site/6446,inventory_only,False,0,0,0,[],0,0,0,0,0,5849,coarse_spatial_context_only,not_captured_by_repository_sources,1133
6460,adff8ada-1eaf-4d9a-9dfe-76c2a23d2b09,66601 Tommarp,Sweden,55.53640274,14.2323762,https://browser.sead.se/site/6460,inventory_only,False,0,0,0,[],0,0,0,0,0,3205,coarse_spatial_context_only,not_captured_by_repository_sources,1134
6467,47f8bf41-60d7-47f3-afc9-e83deb146960,66701 Önnerup,Sweden,55.70987099,13.07195316,https://browser.sead.se/site/6467,inventory_only,False,0,0,0,[],0,0,0,0,0,6654,coarse_spatial_context_only,not_captured_by_repository_sources,1135
6474,65aada53-5edc-4a56-9e1a-daf5d27abbd1,66863 Saxtorp,Sweden,55.82886505,12.93759852,https://browser.sead.se/site/6474,inventory_only,False,0,0,0,[],0,0,0,0,0,1226,coarse_spatial_context_only,not_captured_by_repository_sources,1136
6461,c30c41e5-3462-4a83-841c-f070a8e1c57c,70500 Trollebergsvägen,Sweden,55.70351711,13.18333974,https://browser.sead.se/site/6461,inventory_only,False,0,0,0,[],0,0,0,0,0,6654,coarse_spatial_context_only,not_captured_by_repository_sources,1137
5671,6b6c4044-def4-4872-a755-8df042acdb0b,71372 Alfta,Sweden,61.350334,16.067502,https://browser.sead.se/site/5671,inventory_only,False,0,0,0,[],0,0,0,0,0,3464,coarse_spatial_context_only,not_captured_by_repository_sources,1138
5672,8fdd1c8f-7ef5-4aac-b688-bca5ac7760c3,71372 Arbrå,Sweden,61.485673,16.503527,https://browser.sead.se/site/5672,inventory_only,False,0,0,0,[],0,0,0,0,0,3464,coarse_spatial_context_only,not_captured_by_repository_sources,1139
5673,d0194ec8-944a-4890-97b5-bae4048ea3fd,71409 Voxna,Sweden,61.37847,15.579989,https://browser.sead.se/site/5673,inventory_only,False,0,0,0,[],0,0,0,0,0,1607,coarse_spatial_context_only,not_captured_by_repository_sources,1140
5674,94255f8f-3bde-452f-b622-9906b1140441,71410 Voxna,Sweden,61.495225,15.431937,https://browser.sead.se/site/5674,inventory_only,False,0,0,0,[],0,0,0,0,0,1607,coarse_spatial_context_only,not_captured_by_repository_sources,1141
5675,2a18d5dc-ba33-4e1f-aa4f-3b9a18efd18d,71502 Gammelbokskogen,Sweden,61.135943,16.536403,https://browser.sead.se/site/5675,inventory_only,False,0,0,0,[],0,0,0,0,0,3464,coarse_spatial_context_only,not_captured_by_repository_sources,1142
6475,d939a87b-8db4-49e7-b305-ed8d1004875d,72180 Mariefred,Sweden,59.25932321,17.22353218,https://browser.sead.se/site/6475,inventory_only,False,0,0,0,[],0,0,0,0,0,27450,coarse_spatial_context_only,not_captured_by_repository_sources,1143
6339,e5235926-d345-467d-b78e-90cd1ef14ca0,72775 Nyköping,Sweden,58.7517282811,17.0107894109,https://browser.sead.se/site/6339,inventory_only,False,0,0,0,[],0,0,0,0,0,4303,coarse_spatial_context_only,not_captured_by_repository_sources,1144
6485,02d4d927-c1ec-4711-a144-d4d08c76b482,75343 Kalmar,Sweden,56.69463153,16.34279648,https://browser.sead.se/site/6485,inventory_only,False,0,0,0,[],0,0,0,0,0,6159,coarse_spatial_context_only,not_captured_by_repository_sources,1145
6476,5ee686bf-8fc9-4227-a391-8f74c3e6ea63,75437 Sjösås,Sweden,57.06875273,15.04254912,https://browser.sead.se/site/6476,inventory_only,False,0,0,0,[],0,0,0,0,0,4004,coarse_spatial_context_only,not_captured_by_repository_sources,1146
5657,c853e529-ab3e-460b-bd3f-c70538a2b5c3,75501 Kalmar,Sweden,56.730128,15.735165,https://browser.sead.se/site/5657,inventory_only,False,0,0,0,[],0,0,0,0,0,5849,coarse_spatial_context_only,not_captured_by_repository_sources,1147
5658,8dac6555-30cd-4aef-837e-1ba1d472831f,75515 Kalmar,Sweden,56.730128,15.735165,https://browser.sead.se/site/5658,inventory_only,False,0,0,0,[],0,0,0,0,0,5849,coarse_spatial_context_only,not_captured_by_repository_sources,1148
5659,9a214d8a-0b3b-4c32-a96d-5af13840382f,75601 Hälleberga,Sweden,56.884623,15.685302,https://browser.sead.se/site/5659,inventory_only,False,0,0,0,[],0,0,0,0,0,5849,coarse_spatial_context_only,not_captured_by_repository_sources,1149
6477,b7389dcb-2a14-439a-8b26-e834d8cc4dbf,75847 Mörlunda,Sweden,57.32023706,15.87263982,https://browser.sead.se/site/6477,inventory_only,False,0,0,0,[],0,0,0,0,0,4004,coarse_spatial_context_only,not_captured_by_repository_sources,1150
5661,b547681d-7512-4e72-994b-9080caace52d,77249 Blekinge,Sweden,56.246789,15.235244,https://browser.sead.se/site/5661,inventory_only,False,0,0,0,[],0,0,0,0,0,5849,coarse_spatial_context_only,not_captured_by_repository_sources,1151
5663,59d63ab6-0a57-43e1-bda6-e948bebb23f6,77321 Blekinge,Sweden,56.170481,14.865814,https://browser.sead.se/site/5663,inventory_only,False,0,0,0,[],0,0,0,0,0,10817,coarse_spatial_context_only,not_captured_by_repository_sources,1152
6334,734e0a48-6ebf-4416-bd27-23f92e6a1bce,78183 Hässleholm,Sweden,56.1602734451,13.7672371066,https://browser.sead.se/site/6334,inventory_only,False,0,0,0,[],0,0,0,0,0,8912,coarse_spatial_context_only,not_captured_by_repository_sources,1153
6340,af4f5011-3a76-4ce2-b690-5043c5e47aa8,80033 Tvååker,Sweden,57.0407991503,12.4006515187,https://browser.sead.se/site/6340,inventory_only,False,0,0,0,[],0,0,0,0,0,8569,coarse_spatial_context_only,not_captured_by_repository_sources,1154
5667,4a029e10-87af-4082-a903-85b73a562905,80501 Värö,Sweden,57.230266,12.113944,https://browser.sead.se/site/5667,inventory_only,False,0,0,0,[],0,0,0,0,0,8569,coarse_spatial_context_only,not_captured_by_repository_sources,1155
6333,9d3dabf3-de3e-4629-ac9f-4d43cc74a191,80848 Harplinge,Sweden,56.7365336708,12.7384900088,https://browser.sead.se/site/6333,inventory_only,False,0,0,0,[],0,0,0,0,0,6333,coarse_spatial_context_only,not_captured_by_repository_sources,1156
6331,2523f25b-5d23-446a-98f4-7efd896876c0,82191 Falun,Sweden,60.614602685,15.640417581,https://browser.sead.se/site/6331,inventory_only,False,0,0,0,[],0,0,0,0,0,3988,coarse_spatial_context_only,not_captured_by_repository_sources,1157
6338,cc544aa0-a08b-4b62-a3a9-5d944875cd3d,82864 Malung,Sweden,60.6809172267,13.7109409653,https://browser.sead.se/site/6338,inventory_only,False,0,0,0,[],0,0,0,0,0,5468,coarse_spatial_context_only,not_captured_by_repository_sources,1158
5669,86459ff5-f453-432d-9767-aa9db2e2af7a,93279 Österlövsta,Sweden,60.408321,17.879567,https://browser.sead.se/site/5669,inventory_only,False,0,0,0,[],0,0,0,0,0,5060,coarse_spatial_context_only,not_captured_by_repository_sources,1159
5677,36f82eaf-2d6e-48f8-935f-dbeaefdd8ab8,Abilds kyrka,Sweden,56.9387832137,12.7220827718,https://browser.sead.se/site/5677,inventory_only,False,0,0,0,[],0,0,0,0,0,6333,coarse_spatial_context_only,not_captured_by_repository_sources,1160
5678,cd9a5a8b-d5bd-4b6a-ab59-d86335e38791,Acksi,Sweden,60.9152076546,14.2316669828,https://browser.sead.se/site/5678,inventory_only,False,0,0,0,[],0,0,0,0,0,1731,coarse_spatial_context_only,not_captured_by_repository_sources,1161
6424,6265b53b-2838-40e7-b04f-4f8f6e4ab056,Adelsö 119:1,Sweden,59.33561906,17.54553698,https://browser.sead.se/site/6424,inventory_only,False,0,0,0,[],0,0,0,0,0,27450,coarse_spatial_context_only,not_captured_by_repository_sources,1162
5679,9607dfcf-b33e-474f-bb10-dad032dcec55,Agges i Flenarna,Sweden,60.7821284459,14.6078644467,https://browser.sead.se/site/5679,inventory_only,False,0,0,0,[],0,0,0,0,0,1731,coarse_spatial_context_only,not_captured_by_repository_sources,1163
6427,bcad286b-035c-409f-8d11-cb35df97d413,Akademiska sjukhuset,Sweden,59.84900017,17.64000579,https://browser.sead.se/site/6427,inventory_only,False,0,0,0,[],0,0,0,0,0,27450,coarse_spatial_context_only,not_captured_by_repository_sources,1164
5682,e225a9b5-459a-4c59-b0a6-3aa26ef16af9,Albostugan,Sweden,55.7178804489,13.9740234731,https://browser.sead.se/site/5682,inventory_only,False,0,0,0,[],0,0,0,0,0,6654,coarse_spatial_context_only,not_captured_by_repository_sources,1165
6363,3d42c3d2-ef89-40a3-8d89-15b3e7714f11,Algutsboda 79:1,Sweden,56.64494055,15.57759784,https://browser.sead.se/site/6363,inventory_only,False,0,0,0,[],0,0,0,0,0,5849,coarse_spatial_context_only,not_captured_by_repository_sources,1166
6276,942da5d1-c382-4166-b4e8-8c234974ee88,Alhammar,Sweden,57.7341894557,13.3733308622,https://browser.sead.se/site/6276,inventory_only,False,0,0,0,[],0,0,0,0,0,8587,coarse_spatial_context_only,not_captured_by_repository_sources,1167
6428,f9916a2b-f7c4-4c06-9981-205949feda38,Almare-Stäket,Sweden,59.4683395,17.77990762,https://browser.sead.se/site/6428,inventory_only,False,0,0,0,[],0,0,0,0,0,27450,coarse_spatial_context_only,not_captured_by_repository_sources,1168
5684,6f5330d9-38b5-4712-85ac-9aa36fdaa18a,Alntorpsö,Sweden,59.5156907163,15.0538249109,https://browser.sead.se/site/5684,inventory_only,False,0,0,0,[],0,0,0,0,0,3873,coarse_spatial_context_only,not_captured_by_repository_sources,1169
5685,79e44a2a-5e67-4d2f-ac57-93e91309fee5,Andersson i Lund,Sweden,60.5169226583,16.6997292811,https://browser.sead.se/site/5685,inventory_only,False,0,0,0,[],0,0,0,0,0,4239,coarse_spatial_context_only,not_captured_by_repository_sources,1170
5686,66ff3207-b8e5-488f-b0ec-3a996daf7395,Andersson i Sjör,Sweden,63.2520188855,14.8655391821,https://browser.sead.se/site/5686,inventory_only,False,0,0,0,[],0,0,0,0,0,3868,coarse_spatial_context_only,not_captured_by_repository_sources,1171
5687,b623bac0-5d81-49ea-9d2a-242478ea1ab0,Anderssons i Gäle,Sweden,62.9535444504,14.6521582906,https://browser.sead.se/site/5687,inventory_only,False,0,0,0,[],0,0,0,0,0,1940,coarse_spatial_context_only,not_captured_by_repository_sources,1172
5688,ca59e330-00df-45de-a19d-16c686da051b,Anderssons i Sidsjö,Sweden,62.7306653204,15.1563227157,https://browser.sead.se/site/5688,inventory_only,False,0,0,0,[],0,0,0,0,0,1173,coarse_spatial_context_only,not_captured_by_repository_sources,1173
5692,6d678d0a-f27e-44f3-b07e-a942b4444424,Arendals stamgård,Sweden,57.6978617248,11.834994489,https://browser.sead.se/site/5692,inventory_only,False,0,0,0,[],0,0,0,0,0,5005,coarse_spatial_context_only,not_captured_by_repository_sources,1174
5693,29e2dcff-3536-4cd3-ab63-ef8c8fcabec7,Aschanska gården,Sweden,57.6675965841,14.9710841939,https://browser.sead.se/site/5693,inventory_only,False,0,0,0,[],0,0,0,0,0,8067,coarse_spatial_context_only,not_captured_by_repository_sources,1175
6405,744b57d8-cf44-46fa-a10d-272ed4b83f63,Askeby 271,Sweden,58.40850182,15.85663591,https://browser.sead.se/site/6405,inventory_only,False,0,0,0,[],0,0,0,0,0,9863,coarse_spatial_context_only,not_captured_by_repository_sources,1176
5694,a2095c63-e2f4-4b28-9d70-68381a4ceca3,Askeby kyrka,Sweden,58.4089893767,15.8573959429,https://browser.sead.se/site/5694,inventory_only,False,0,0,0,[],0,0,0,0,0,9863,coarse_spatial_context_only,not_captured_by_repository_sources,1177
5695,17249491-8081-45b7-8a46-607215ebce57,Atteby gård,Sweden,58.3364624427,14.1606036979,https://browser.sead.se/site/5695,inventory_only,False,0,0,0,[],0,0,0,0,0,3815,coarse_spatial_context_only,not_captured_by_repository_sources,1178
5696,d796e394-8e19-424a-ad9c-0983ca95e6be,Augerums kyrka,Sweden,56.2165260274,15.6754477356,https://browser.sead.se/site/5696,inventory_only,False,0,0,0,[],0,0,0,0,0,5849,coarse_spatial_context_only,not_captured_by_repository_sources,1179
5699,99bcfaa5-9b4f-4965-b4ad-44df85d4e099,Backollas i Risholn,Sweden,60.7891038641,15.2015649568,https://browser.sead.se/site/5699,inventory_only,False,0,0,0,[],0,0,0,0,0,3988,coarse_spatial_context_only,not_captured_by_repository_sources,1180
5700,c1db2310-857e-4bfc-a83a-f05e5e53add0,Badelunda kyrka,Sweden,59.6405805647,16.6281209417,https://browser.sead.se/site/5700,inventory_only,False,0,0,0,[],0,0,0,0,0,15126,coarse_spatial_context_only,not_captured_by_repository_sources,1181
5701,95293039-0d15-4e12-b2f7-c5d068d7ccf7,Ballingstorp,Sweden,56.1287466812,14.1310247004,https://browser.sead.se/site/5701,inventory_only,False,0,0,0,[],0,0,0,0,0,10817,coarse_spatial_context_only,not_captured_by_repository_sources,1182
5702,839fdbb4-e393-4648-9092-81c385c41cd4,Barsebäcks kyrka,Sweden,55.7708347267,12.9570386012,https://browser.sead.se/site/5702,inventory_only,False,0,0,0,[],0,0,0,0,0,1226,coarse_spatial_context_only,not_captured_by_repository_sources,1183
6280,fc6aa63e-b376-42bd-8b8c-a83826dca393,Beckombergavägen,Sweden,59.3484292121,17.9040549343,https://browser.sead.se/site/6280,inventory_only,False,0,0,0,[],0,0,0,0,0,27450,coarse_spatial_context_only,not_captured_by_repository_sources,1184
5707,4daacf23-737c-4656-9114-666fafa46516,Berg,Sweden,60.1743242328,17.1005196755,https://browser.sead.se/site/5707,inventory_only,False,0,0,0,[],0,0,0,0,0,5060,coarse_spatial_context_only,not_captured_by_repository_sources,1185
5708,29484869-e249-43bb-8ca5-a746ce4a59ac,Berglundsgården i Skålö,Sweden,60.5662184991,14.2957820392,https://browser.sead.se/site/5708,inventory_only,False,0,0,0,[],0,0,0,0,0,1731,coarse_spatial_context_only,not_captured_by_repository_sources,1186
5709,35a7ab60-a36c-4aed-b672-8340facde5d2,Bergmanska gården,Sweden,57.6675694658,14.9703466534,https://browser.sead.se/site/5709,inventory_only,False,0,0,0,[],0,0,0,0,0,8067,coarse_spatial_context_only,not_captured_by_repository_sources,1187
5710,46a4ebd6-b9e8-435b-8d39-6ce6eb217928,Bergolas i kyrkbyn,Sweden,62.5311322114,14.1861795856,https://browser.sead.se/site/5710,inventory_only,False,0,0,0,[],0,0,0,0,0,1940,coarse_spatial_context_only,not_captured_by_repository_sources,1188
5711,24b9eab3-59f9-4046-8454-a311deaaae38,Bergsbyn,Sweden,62.8123558242,14.4418651771,https://browser.sead.se/site/5711,inventory_only,False,0,0,0,[],0,0,0,0,0,1940,coarse_spatial_context_only,not_captured_by_repository_sources,1189
3789,534ec9b4-4dfc-411e-9ac0-4d3ed88e578a,"Birka, Settlement",Sweden,59.3370196193,17.5507169936,https://browser.sead.se/site/3789,inventory_only,False,0,0,0,[],0,0,0,0,0,27450,coarse_spatial_context_only,not_captured_by_repository_sources,1190
5716,9406c750-9211-40cb-aa35-79357890d90c,Bjus i Ygsbo,Sweden,61.8192977504,15.9332659289,https://browser.sead.se/site/5716,inventory_only,False,0,0,0,[],0,0,0,0,0,1607,coarse_spatial_context_only,not_captured_by_repository_sources,1191
6429,95c2c4cb-06a4-46cb-89b7-41d045b0eb7b,Bjälbo trädgård,Sweden,58.37170097,15.00364131,https://browser.sead.se/site/6429,inventory_only,False,0,0,0,[],0,0,0,0,0,9863,coarse_spatial_context_only,not_captured_by_repository_sources,1192
5712,3b93efb2-eec3-4d34-bf8c-1b0ceaf1be2c,Björken i Rälta,Sweden,60.6386440557,15.0079160282,https://browser.sead.se/site/5712,inventory_only,False,0,0,0,[],0,0,0,0,0,3988,coarse_spatial_context_only,not_captured_by_repository_sources,1193
5713,555b560b-5251-425f-8d92-930054721e24,Björkviks säteri,Sweden,58.3643094995,16.0947240178,https://browser.sead.se/site/5713,inventory_only,False,0,0,0,[],0,0,0,0,0,12413,coarse_spatial_context_only,not_captured_by_repository_sources,1194
5714,8dbcbae1-2778-4ef1-8479-263c2e06bdb6,Björlings i Färnäs,Sweden,60.9969222743,14.6269240709,https://browser.sead.se/site/5714,inventory_only,False,0,0,0,[],0,0,0,0,0,1731,coarse_spatial_context_only,not_captured_by_repository_sources,1195
5715,c9d7099c-855d-4f4a-a404-872bc2328fbd,Björs i Stene,Sweden,61.7093397448,16.1885727914,https://browser.sead.se/site/5715,inventory_only,False,0,0,0,[],0,0,0,0,0,3464,coarse_spatial_context_only,not_captured_by_repository_sources,1196
6281,69941248-6c60-4b62-bf73-efa97c871882,Blankeberg,Sweden,57.1206258649,16.1852631455,https://browser.sead.se/site/6281,inventory_only,False,0,0,0,[],0,0,0,0,0,8480,coarse_spatial_context_only,not_captured_by_repository_sources,1197
5717,42de7f5d-3542-46dc-af9d-4d587b69cd75,Bleckos i Röjeråsen,Sweden,60.9425642286,14.9861212271,https://browser.sead.se/site/5717,inventory_only,False,0,0,0,[],0,0,0,0,0,1731,coarse_spatial_context_only,not_captured_by_repository_sources,1198
5718,27ed46fe-5bb3-42e9-8ba5-b7c3de15a70a,Bleckstuggu Danielsgården i Almbergsbjörken,Sweden,60.7512225994,15.1479958705,https://browser.sead.se/site/5718,inventory_only,False,0,0,0,[],0,0,0,0,0,3988,coarse_spatial_context_only,not_captured_by_repository_sources,1199
5719,50df66a3-bfb4-4f3c-9277-ce70419a44b6,Blekingegården,Sweden,56.2841039242,14.5923392266,https://browser.sead.se/site/5719,inventory_only,False,0,0,0,[],0,0,0,0,0,10817,coarse_spatial_context_only,not_captured_by_repository_sources,1200
5720,318ee7dc-959a-48cc-8dd8-8c012876fe2e,Blomstugan i Lindbodarna,Sweden,60.6727599218,14.8680119585,https://browser.sead.se/site/5720,inventory_only,False,0,0,0,[],0,0,0,0,0,1731,coarse_spatial_context_only,not_captured_by_repository_sources,1201
5721,da6bd0ed-abdd-4181-a360-e9acbc0e9409,Blomtorpet i Hara,Sweden,63.0391067553,14.4650124221,https://browser.sead.se/site/5721,inventory_only,False,0,0,0,[],0,0,0,0,0,3868,coarse_spatial_context_only,not_captured_by_repository_sources,1202
5722,2efb1fb0-5d52-4876-b035-9516f9072792,Boarp,Sweden,58.2913214372,15.4506029757,https://browser.sead.se/site/5722,inventory_only,False,0,0,0,[],0,0,0,0,0,9863,coarse_spatial_context_only,not_captured_by_repository_sources,1203
5723,263891f4-6624-4742-9941-6023426d8b09,Bobergs i Nyhyttan,Sweden,60.4974996552,15.798894115,https://browser.sead.se/site/5723,inventory_only,False,0,0,0,[],0,0,0,0,0,3988,coarse_spatial_context_only,not_captured_by_repository_sources,1204
5725,2fe27bac-0580-4e97-b318-7d943f7b2e2f,Bodarps kyrka,Sweden,55.4362570387,13.0690184376,https://browser.sead.se/site/5725,inventory_only,False,0,0,0,[],0,0,0,0,0,6654,coarse_spatial_context_only,not_captured_by_repository_sources,1205
5726,21590010-734d-49f6-970b-2b1ba77efcac,Boddas bönhus,Sweden,62.8391591521,14.949814483,https://browser.sead.se/site/5726,inventory_only,False,0,0,0,[],0,0,0,0,0,1940,coarse_spatial_context_only,not_captured_by_repository_sources,1206
5727,ef95ac3d-c947-4c2d-9ba7-ab5961b8d05a,Bois i Biskopsbyn,Sweden,60.9185586349,13.3617592444,https://browser.sead.se/site/5727,inventory_only,False,0,0,0,[],0,0,0,0,0,5468,coarse_spatial_context_only,not_captured_by_repository_sources,1207
5728,4ebd0dbd-0200-464d-822c-ef831388f6e8,Bollerups kyrka,Sweden,55.4925196996,14.0474749296,https://browser.sead.se/site/5728,inventory_only,False,0,0,0,[],0,0,0,0,0,3205,coarse_spatial_context_only,not_captured_by_repository_sources,1208
6282,99df6510-0c23-45c9-9562-df80052a4a65,Bomsarvet,Sweden,60.549608252,15.4259825366,https://browser.sead.se/site/6282,inventory_only,False,0,0,0,[],0,0,0,0,0,3988,coarse_spatial_context_only,not_captured_by_repository_sources,1209
5729,63b8c763-e32a-4a02-997c-f65172ab93b8,Bond Hans i Tallhed,Sweden,61.2100566763,14.703116703,https://browser.sead.se/site/5729,inventory_only,False,0,0,0,[],0,0,0,0,0,1202,coarse_spatial_context_only,not_captured_by_repository_sources,1210
5730,bff7fa38-2982-4b69-8c78-aaf1f856f5f0,Bondes gård i Sundbornsbyn,Sweden,60.6536654237,15.7721567376,https://browser.sead.se/site/5730,inventory_only,False,0,0,0,[],0,0,0,0,0,3988,coarse_spatial_context_only,not_captured_by_repository_sources,1211
5731,1c580704-c311-4800-85e5-773c30ffd896,Bondoll i Ersholen,Sweden,60.4913285254,14.9612364635,https://browser.sead.se/site/5731,inventory_only,False,0,0,0,[],0,0,0,0,0,1731,coarse_spatial_context_only,not_captured_by_repository_sources,1212
5732,7c709781-40e5-4cb5-9cc4-7f05de9a2044,Bondrumsgården,Sweden,55.6564520129,14.0314507107,https://browser.sead.se/site/5732,inventory_only,False,0,0,0,[],0,0,0,0,0,3205,coarse_spatial_context_only,not_captured_by_repository_sources,1213
5734,eb0e8747-ec9b-4d8b-b59c-3cca27e96f48,Borgeby kyrka,Sweden,55.7518274976,13.0409768789,https://browser.sead.se/site/5734,inventory_only,False,0,0,0,[],0,0,0,0,0,6654,coarse_spatial_context_only,not_captured_by_repository_sources,1214
5735,a4d9ea6f-a964-46d8-a280-e84c5b9b57d6,Botkyrka kyrka,Sweden,59.239077706,17.8184740706,https://browser.sead.se/site/5735,inventory_only,False,0,0,0,[],0,0,0,0,0,27450,coarse_spatial_context_only,not_captured_by_repository_sources,1215
5736,9fa1d627-3207-464c-bc00-ce7d94e97c16,Bottna kyrka,Sweden,58.5043135422,11.3793279122,https://browser.sead.se/site/5736,inventory_only,False,0,0,0,[],0,0,0,0,0,16773,coarse_spatial_context_only,not_captured_by_repository_sources,1216
5738,05094c3f-f4b8-45c8-8801-737de8ce0fe5,Brandstorps kyrka,Sweden,58.1016166892,14.1858609187,https://browser.sead.se/site/5738,inventory_only,False,0,0,0,[],0,0,0,0,0,3815,coarse_spatial_context_only,not_captured_by_repository_sources,1217
5739,49ae2e8a-4b3d-4afd-a084-fd7c10e20c9d,Breareds kyrka,Sweden,56.7249824591,13.1373892253,https://browser.sead.se/site/5739,inventory_only,False,0,0,0,[],0,0,0,0,0,8912,coarse_spatial_context_only,not_captured_by_repository_sources,1218
5740,dc2a6515-8619-430e-9a4f-4547229b73bd,Bremerska gården,Sweden,56.6633696808,16.366224183,https://browser.sead.se/site/5740,inventory_only,False,0,0,0,[],0,0,0,0,0,6159,coarse_spatial_context_only,not_captured_by_repository_sources,1219
5741,eb4cc274-61c1-4164-8229-51c50703bfea,Brevik kyrka,Sweden,58.4395969519,14.4132669282,https://browser.sead.se/site/5741,inventory_only,False,0,0,0,[],0,0,0,0,0,3815,coarse_spatial_context_only,not_captured_by_repository_sources,1220
6283,46f8d0d3-f53a-4379-a7b1-4d6ded8c49bf,Bricken,Sweden,59.8604544486,15.8459527016,https://browser.sead.se/site/6283,inventory_only,False,0,0,0,[],0,0,0,0,0,3873,coarse_spatial_context_only,not_captured_by_repository_sources,1221
6430,7921a5d3-ee45-4082-bf95-7025733aea24,Broläggning Rickeby,Sweden,59.91147386,18.22868582,https://browser.sead.se/site/6430,inventory_only,False,0,0,0,[],0,0,0,0,0,10763,coarse_spatial_context_only,not_captured_by_repository_sources,1222
5742,85c808c3-6d76-41cc-8484-b7b30bbf30ce,Brunflo kastal,Sweden,63.0900221218,14.8200864196,https://browser.sead.se/site/5742,inventory_only,False,0,0,0,[],0,0,0,0,0,3868,coarse_spatial_context_only,not_captured_by_repository_sources,1223
5743,8fdc1ccc-ee86-4c0d-a470-e68d3a6c41b3,Bryktgard i Axi,Sweden,60.9161282188,14.229358089,https://browser.sead.se/site/5743,inventory_only,False,0,0,0,[],0,0,0,0,0,1731,coarse_spatial_context_only,not_captured_by_repository_sources,1224
5744,7d47cbb9-1008-4154-acec-83f6b6660fa6,Brynje,Sweden,63.1828710126,14.9190828455,https://browser.sead.se/site/5744,inventory_only,False,0,0,0,[],0,0,0,0,0,3868,coarse_spatial_context_only,not_captured_by_repository_sources,1225
5745,d4a83908-917d-46a0-bda8-b43caf5e462a,Budasmyren Nusnäs,Sweden,60.973772753,14.6737869503,https://browser.sead.se/site/5745,inventory_only,False,0,0,0,[],0,0,0,0,0,1731,coarse_spatial_context_only,not_captured_by_repository_sources,1226
5746,59883d22-14ff-4c99-8026-c4dbe3a709f1,Bullas i Östnor,Sweden,61.0279546291,14.4932817945,https://browser.sead.se/site/5746,inventory_only,False,0,0,0,[],0,0,0,0,0,1202,coarse_spatial_context_only,not_captured_by_repository_sources,1227
5747,fb19a32b-526b-468e-b90e-b2261951de19,Byberget,Sweden,62.5016985529,15.2792452158,https://browser.sead.se/site/5747,inventory_only,False,0,0,0,[],0,0,0,0,0,1173,coarse_spatial_context_only,not_captured_by_repository_sources,1228
5748,c47a5950-10e1-4276-beb0-03511b54e3fb,Byss Hans i Oljonsbyn,Sweden,61.0955452399,14.647071631,https://browser.sead.se/site/5748,inventory_only,False,0,0,0,[],0,0,0,0,0,1202,coarse_spatial_context_only,not_captured_by_repository_sources,1229
5697,0d8c89d5-2555-46d7-bf1c-948e1b8fbb76,Bäckaby gamla kyrka,Sweden,57.2676899822,14.9257681387,https://browser.sead.se/site/5697,inventory_only,False,0,0,0,[],0,0,0,0,0,8067,coarse_spatial_context_only,not_captured_by_repository_sources,1230
5698,99f2281f-8a3e-4a20-97ce-d0f324000060,Bäckegården i Västra Utsjö,Sweden,60.6368408298,13.731112474,https://browser.sead.se/site/5698,inventory_only,False,0,0,0,[],0,0,0,0,0,5468,coarse_spatial_context_only,not_captured_by_repository_sources,1231
6431,e02efb0f-8dd6-4cfc-a5b1-f3bc87374283,Bälinge kyrka,Sweden,59.94609288,17.52949558,https://browser.sead.se/site/6431,inventory_only,False,0,0,0,[],0,0,0,0,0,27450,coarse_spatial_context_only,not_captured_by_repository_sources,1232
5703,766933de-9d54-4fd0-b372-fb28992f66d9,Bärsta,Sweden,61.9404018032,17.1943717832,https://browser.sead.se/site/5703,inventory_only,False,0,0,0,[],0,0,0,0,0,2270,coarse_spatial_context_only,not_captured_by_repository_sources,1233
6279,38eef92f-cb7b-4213-8099-112d9bd2c726,Bårabygd,Sweden,56.2991731127,15.0737495078,https://browser.sead.se/site/6279,inventory_only,False,0,0,0,[],0,0,0,0,0,5849,coarse_spatial_context_only,not_captured_by_repository_sources,1234
5704,6a7b596b-8d84-4bdc-9872-d55bdf773ebf,Båthus Laknäs Zorns gammelgård,Sweden,60.8396854333,14.9994297089,https://browser.sead.se/site/5704,inventory_only,False,0,0,0,[],0,0,0,0,0,1731,coarse_spatial_context_only,not_captured_by_repository_sources,1235
5705,83ac71cd-36b3-4707-900b-aadbf3deae8b,Båthus Nusnäs Zorns gammelgård,Sweden,60.9589628963,14.6468312521,https://browser.sead.se/site/5705,inventory_only,False,0,0,0,[],0,0,0,0,0,1731,coarse_spatial_context_only,not_captured_by_repository_sources,1236
5706,ec6fe505-03b5-4d98-b179-b328afe89dda,Båthus Öje Zorns gammelgård,Sweden,60.8088009846,13.857628247,https://browser.sead.se/site/5706,inventory_only,False,0,0,0,[],0,0,0,0,0,5468,coarse_spatial_context_only,not_captured_by_repository_sources,1237
5733,937db8d8-124a-4323-b561-9d996d02e851,Böösgården i Åselby,Sweden,60.4605415252,15.4552700225,https://browser.sead.se/site/5733,inventory_only,False,0,0,0,[],0,0,0,0,0,3988,coarse_spatial_context_only,not_captured_by_repository_sources,1238
6389,3225de14-8c88-4797-afa6-9837d13a2068,Dagstorp 16:1,Sweden,55.81977029,13.06282341,https://browser.sead.se/site/6389,inventory_only,False,0,0,0,[],0,0,0,0,0,6654,coarse_spatial_context_only,not_captured_by_repository_sources,1239
5750,8228c92d-3c5a-41f0-8cf8-1346c3c85042,Dahlbergsladan Skamhed,Sweden,60.5204431441,14.2871215321,https://browser.sead.se/site/5750,inventory_only,False,0,0,0,[],0,0,0,0,0,1731,coarse_spatial_context_only,not_captured_by_repository_sources,1240
5751,b046a989-d943-4bbf-89f6-7dce917059ff,Dahlgrens i Nedre Gärdsjö,Sweden,60.9356415519,15.2262010365,https://browser.sead.se/site/5751,inventory_only,False,0,0,0,[],0,0,0,0,0,3988,coarse_spatial_context_only,not_captured_by_repository_sources,1241
5752,45b1f6a0-9af5-442f-85e9-98782749a274,Dahlström i Sölvsved,Sweden,63.4689160096,13.2817917462,https://browser.sead.se/site/5752,inventory_only,False,0,0,0,[],0,0,0,0,0,1147,coarse_spatial_context_only,not_captured_by_repository_sources,1242
5753,db10e0db-48af-4e80-a9be-0340bdcd40a0,Dahlströms i Vallavallen,Sweden,61.7263013911,16.8031201255,https://browser.sead.se/site/5753,inventory_only,False,0,0,0,[],0,0,0,0,0,3464,coarse_spatial_context_only,not_captured_by_repository_sources,1243
5754,61f4c5dc-0993-47aa-8942-8453ea3f4bef,Dahlströmska huset,Sweden,57.6983516742,11.933327284,https://browser.sead.se/site/5754,inventory_only,False,0,0,0,[],0,0,0,0,0,5005,coarse_spatial_context_only,not_captured_by_repository_sources,1244
5755,4cedaa9e-c96b-427e-94a3-79880d6de5d1,Dalänger i Öster-Svartåsen,Sweden,62.7847325097,14.0013850774,https://browser.sead.se/site/5755,inventory_only,False,0,0,0,[],0,0,0,0,0,1940,coarse_spatial_context_only,not_captured_by_repository_sources,1245
5756,a1ffec91-b7d3-4802-9db5-437f25b67acc,Daniel Pers i Nedre Gärdsjö,Sweden,60.9356415519,15.2262010365,https://browser.sead.se/site/5756,inventory_only,False,0,0,0,[],0,0,0,0,0,3988,coarse_spatial_context_only,not_captured_by_repository_sources,1246
5757,193dcc5f-be64-4225-a9a7-869b52d1c23b,Danielssons i Pålgård,Sweden,63.1072646703,16.3897120677,https://browser.sead.se/site/5757,inventory_only,False,0,0,0,[],0,0,0,0,0,1855,coarse_spatial_context_only,not_captured_by_repository_sources,1247
6284,e5855b1a-93ec-4122-9a45-5d20f8edc27d,Danshyttan,Sweden,59.7304446498,15.0679520875,https://browser.sead.se/site/6284,inventory_only,False,0,0,0,[],0,0,0,0,0,3873,coarse_spatial_context_only,not_captured_by_repository_sources,1248
5758,0b9d431b-18b2-4b7a-a2bf-f1a31b8a689e,Danskladan i Södra Kättbo,Sweden,60.8339514576,14.1962219534,https://browser.sead.se/site/5758,inventory_only,False,0,0,0,[],0,0,0,0,0,1731,coarse_spatial_context_only,not_captured_by_repository_sources,1249
5759,a408ca0c-a487-4c9a-8bf9-023bb7e2ee3c,Deckers i Kyrkbyn,Sweden,62.4756861816,14.549153221,https://browser.sead.se/site/5759,inventory_only,False,0,0,0,[],0,0,0,0,0,1940,coarse_spatial_context_only,not_captured_by_repository_sources,1250
5760,480df6e4-fd25-4425-a127-b4b38302ae0c,Dikmanska gården,Sweden,60.6047870905,15.6256307962,https://browser.sead.se/site/5760,inventory_only,False,0,0,0,[],0,0,0,0,0,3988,coarse_spatial_context_only,not_captured_by_repository_sources,1251
6286,d85393a7-2874-4a86-adaa-b3c823ed117e,Drottningholm,Sweden,59.3255963914,17.8895161594,https://browser.sead.se/site/6286,inventory_only,False,0,0,0,[],0,0,0,0,0,27450,coarse_spatial_context_only,not_captured_by_repository_sources,1252
5762,216d2708-70e8-4f77-a500-acc11e04dca1,Drändj-gard i Färnäs,Sweden,60.9969222743,14.6269240709,https://browser.sead.se/site/5762,inventory_only,False,0,0,0,[],0,0,0,0,0,1731,coarse_spatial_context_only,not_captured_by_repository_sources,1253
5763,e90942f1-f45e-416b-b418-f46a2cb2c157,Dubbelbod i Laxvadet,Sweden,61.0197185666,13.3267537453,https://browser.sead.se/site/5763,inventory_only,False,0,0,0,[],0,0,0,0,0,634,coarse_spatial_context_only,not_captured_by_repository_sources,1254
5764,a1bfb618-74d0-41b5-96a3-e7b9f6746e18,Dubbelhärbre Kråkberg,Sweden,61.0328764345,14.5284807138,https://browser.sead.se/site/5764,inventory_only,False,0,0,0,[],0,0,0,0,0,1202,coarse_spatial_context_only,not_captured_by_repository_sources,1255
5749,a2fa2d26-bc8e-499b-a67f-98647c8c2e9d,Dädesjö gamla kyrka,Sweden,57.0106364947,15.1068325929,https://browser.sead.se/site/5749,inventory_only,False,0,0,0,[],0,0,0,0,0,4004,coarse_spatial_context_only,not_captured_by_repository_sources,1256
5761,4f3f7347-cc57-4adb-be1c-91dae2622c2a,Dössgården i Fudal,Sweden,60.955196599,14.7087988487,https://browser.sead.se/site/5761,inventory_only,False,0,0,0,[],0,0,0,0,0,1731,coarse_spatial_context_only,not_captured_by_repository_sources,1257
5766,bc2f009d-4faf-4c8b-8253-b2ab2d90b561,Edestads kyrka,Sweden,56.2172715997,15.3598350198,https://browser.sead.se/site/5766,inventory_only,False,0,0,0,[],0,0,0,0,0,5849,coarse_spatial_context_only,not_captured_by_repository_sources,1258
5768,277f264b-c691-4b38-ac7d-5ca984630c48,Edshults herrgård,Sweden,60.7255455659,15.0025663655,https://browser.sead.se/site/5768,inventory_only,False,0,0,0,[],0,0,0,0,0,3988,coarse_spatial_context_only,not_captured_by_repository_sources,1259
5767,a988ea61-ddf1-423e-a167-d2e0e642dfc2,Edsåsen,Sweden,63.3136874322,13.1879635155,https://browser.sead.se/site/5767,inventory_only,False,0,0,0,[],0,0,0,0,0,1147,coarse_spatial_context_only,not_captured_by_repository_sources,1260
5769,febd8409-9e9f-4330-a3db-c6459f2c74a2,Edvin Jannes i Kyrkbyn Boda,Sweden,61.0103147209,15.2131381023,https://browser.sead.se/site/5769,inventory_only,False,0,0,0,[],0,0,0,0,0,1607,coarse_spatial_context_only,not_captured_by_repository_sources,1261
5765,5fb541ce-0913-4164-ae30-3abab5ce7dcd,Edåsa kyrka,Sweden,58.2834234932,13.9404491387,https://browser.sead.se/site/5765,inventory_only,False,0,0,0,[],0,0,0,0,0,10501,coarse_spatial_context_only,not_captured_by_repository_sources,1262
5770,a987126b-2b13-4205-ad48-63be7415b120,Eggeby bytomt,Sweden,58.5718075586,16.3192888322,https://browser.sead.se/site/5770,inventory_only,False,0,0,0,[],0,0,0,0,0,12413,coarse_spatial_context_only,not_captured_by_repository_sources,1263
5771,b0dc1428-853e-40f1-a632-2a8f8c832b27,Egnelius i Östra Pålgård,Sweden,63.1072646703,16.3897120677,https://browser.sead.se/site/5771,inventory_only,False,0,0,0,[],0,0,0,0,0,1855,coarse_spatial_context_only,not_captured_by_repository_sources,1264
6287,a82e242a-5b67-49ee-8136-2d082e6a3060,Ekebo,Sweden,58.6667064052,13.1862551106,https://browser.sead.se/site/6287,inventory_only,False,0,0,0,[],0,0,0,0,0,10501,coarse_spatial_context_only,not_captured_by_repository_sources,1265
5772,78626cae-45b8-4b50-8582-893479c7c034,Eldhus Fageråsen,Sweden,61.068501614,14.1749420798,https://browser.sead.se/site/5772,inventory_only,False,0,0,0,[],0,0,0,0,0,1202,coarse_spatial_context_only,not_captured_by_repository_sources,1266
5773,50becc05-e687-4ec9-a4f1-a59902d10852,Eldhus Selja,Sweden,61.0191135954,14.4682248651,https://browser.sead.se/site/5773,inventory_only,False,0,0,0,[],0,0,0,0,0,1202,coarse_spatial_context_only,not_captured_by_repository_sources,1267
5774,ffc5894e-d3e0-4047-83cc-79e4f428dac6,Eliasgården i Tasbäck,Sweden,60.7707441034,14.8927217839,https://browser.sead.se/site/5774,inventory_only,False,0,0,0,[],0,0,0,0,0,1731,coarse_spatial_context_only,not_captured_by_repository_sources,1268
5775,8edac5aa-33d1-4846-b278-be337c216a7a,Emilsson i Tand,Sweden,63.0108416618,14.7293697434,https://browser.sead.se/site/5775,inventory_only,False,0,0,0,[],0,0,0,0,0,3868,coarse_spatial_context_only,not_captured_by_repository_sources,1269
5777,a9c74079-364f-4cc4-b15b-4b65edaa5722,Engelsbergs herrgård,Sweden,59.9708371996,16.0103837902,https://browser.sead.se/site/5777,inventory_only,False,0,0,0,[],0,0,0,0,0,15126,coarse_spatial_context_only,not_captured_by_repository_sources,1270
6349,ef7d0e71-1bf5-4d77-bc88-83eee873344f,Enköping 26:1,Sweden,59.63596694,17.07898949,https://browser.sead.se/site/6349,inventory_only,False,0,0,0,[],0,0,0,0,0,27450,coarse_spatial_context_only,not_captured_by_repository_sources,1271
5776,a66de173-30a9-4644-bf2b-15e4bfa2b1a8,Enån Färnäs,Sweden,60.9969222743,14.6269240709,https://browser.sead.se/site/5776,inventory_only,False,0,0,0,[],0,0,0,0,0,1731,coarse_spatial_context_only,not_captured_by_repository_sources,1272
5778,44217349-b90c-4ac4-9436-5681069b084b,Erik Hanssons i Sanna,Sweden,61.6942089419,16.1774605096,https://browser.sead.se/site/5778,inventory_only,False,0,0,0,[],0,0,0,0,0,3464,coarse_spatial_context_only,not_captured_by_repository_sources,1273
5779,cb893474-bf8c-44bb-b0ef-42d4cdc11729,Erik Ingels i Ovanmyra,Sweden,61.0018321457,15.2232693952,https://browser.sead.se/site/5779,inventory_only,False,0,0,0,[],0,0,0,0,0,1607,coarse_spatial_context_only,not_captured_by_repository_sources,1274
5780,b2cc39d0-e22e-438f-83bb-2e9e2f5bbe24,Erik Karlströms i Nedre Gärdsjö,Sweden,60.9356415519,15.2262010365,https://browser.sead.se/site/5780,inventory_only,False,0,0,0,[],0,0,0,0,0,3988,coarse_spatial_context_only,not_captured_by_repository_sources,1275
5781,9075b32b-2a01-4718-87ae-1c2ab11db263,Erik Laggar i Änderåsen,Sweden,61.0367815803,15.1953418955,https://browser.sead.se/site/5781,inventory_only,False,0,0,0,[],0,0,0,0,0,1607,coarse_spatial_context_only,not_captured_by_repository_sources,1276
5782,33114ff6-55fe-4da3-8aa2-d8a5fc031171,Erik-Anders i Vallsbo,Sweden,60.9291788877,16.5905528713,https://browser.sead.se/site/5782,inventory_only,False,0,0,0,[],0,0,0,0,0,4239,coarse_spatial_context_only,not_captured_by_repository_sources,1277
5783,0d7ff24f-99c4-4137-b1e8-838093105815,Eriksbergs gamla kyrka,Sweden,58.0302731896,13.2714530617,https://browser.sead.se/site/5783,inventory_only,False,0,0,0,[],0,0,0,0,0,10501,coarse_spatial_context_only,not_captured_by_repository_sources,1278
5784,22299dbc-1046-4f6e-8ba3-386c9ffb2416,Erikssons i Bräcke,Sweden,63.0515001706,14.4458974037,https://browser.sead.se/site/5784,inventory_only,False,0,0,0,[],0,0,0,0,0,3868,coarse_spatial_context_only,not_captured_by_repository_sources,1279
5785,ee9a9f44-0ffb-4b3b-806e-279fb219537e,Erikssons i Norrböle,Sweden,62.9078925877,14.8485398444,https://browser.sead.se/site/5785,inventory_only,False,0,0,0,[],0,0,0,0,0,1940,coarse_spatial_context_only,not_captured_by_repository_sources,1280
5786,f916c6d6-627b-458e-bfbd-b6de78e173e9,Erikssons i Orrviken,Sweden,63.1025254112,14.4435789223,https://browser.sead.se/site/5786,inventory_only,False,0,0,0,[],0,0,0,0,0,3868,coarse_spatial_context_only,not_captured_by_repository_sources,1281
5787,463ff3b8-ee48-4fde-b4d4-1a01d08ea903,Erskpers i Vängsbo,Sweden,61.3828293095,15.9249062551,https://browser.sead.se/site/5787,inventory_only,False,0,0,0,[],0,0,0,0,0,1607,coarse_spatial_context_only,not_captured_by_repository_sources,1282
6433,eea63100-3a8c-4d40-9186-42c4dfd3365d,Erstavik,Sweden,59.26876213,18.25120449,https://browser.sead.se/site/6433,inventory_only,False,0,0,0,[],0,0,0,0,0,10763,coarse_spatial_context_only,not_captured_by_repository_sources,1283
6378,79250e8a-2313-41a0-b8bb-a46991c88b25,Eskilstuna 554:1,Sweden,59.36965531,16.52258761,https://browser.sead.se/site/6378,inventory_only,False,0,0,0,[],0,0,0,0,0,15126,coarse_spatial_context_only,not_captured_by_repository_sources,1284
5788,e488f229-71c1-48d2-b94e-ec36584886b0,Fahlströmsta loftboden,Sweden,59.3938269924,15.8369030819,https://browser.sead.se/site/5788,inventory_only,False,0,0,0,[],0,0,0,0,0,3873,coarse_spatial_context_only,not_captured_by_repository_sources,1285
6390,14918c94-6372-4c59-bd33-f42b7d170191,Falsterbo 15:1,Sweden,55.39246798,12.83306627,https://browser.sead.se/site/6390,inventory_only,False,0,0,0,[],0,0,0,0,0,1226,coarse_spatial_context_only,not_captured_by_repository_sources,1286
5790,ebce8e67-c08a-4c02-b04d-415a9a9dbd42,Falsterbo kyrka,Sweden,55.3897127427,12.8382962391,https://browser.sead.se/site/5790,inventory_only,False,0,0,0,[],0,0,0,0,0,1226,coarse_spatial_context_only,not_captured_by_repository_sources,1287
6288,2b040779-5539-4b1f-aaf5-b4c98e07e415,Farstorp,Sweden,56.0801468085,13.3485775323,https://browser.sead.se/site/6288,inventory_only,False,0,0,0,[],0,0,0,0,0,8912,coarse_spatial_context_only,not_captured_by_repository_sources,1288
5792,1b4e5cda-eb27-42c2-9595-7305ff4099d3,Finja kyrka,Sweden,56.1585299655,13.6835657268,https://browser.sead.se/site/5792,inventory_only,False,0,0,0,[],0,0,0,0,0,8912,coarse_spatial_context_only,not_captured_by_repository_sources,1289
5793,6dadc065-a3fc-4768-b87d-bb91e7e95009,Fiskgårdarna i Noret,Sweden,60.734038884,14.9936557359,https://browser.sead.se/site/5793,inventory_only,False,0,0,0,[],0,0,0,0,0,1731,coarse_spatial_context_only,not_captured_by_repository_sources,1290
5794,928bcd06-6395-4d6e-9794-65ff94ca068e,Fjällsta,Sweden,62.9722599526,15.1631737003,https://browser.sead.se/site/5794,inventory_only,False,0,0,0,[],0,0,0,0,0,1173,coarse_spatial_context_only,not_captured_by_repository_sources,1291
5795,fbb4680a-f3a8-4f61-96a9-b3742eb0fbfa,Fjärdmans i Övre Gärdsjö,Sweden,60.9325167309,15.246916772,https://browser.sead.se/site/5795,inventory_only,False,0,0,0,[],0,0,0,0,0,3988,coarse_spatial_context_only,not_captured_by_repository_sources,1292
6381,6d746e68-6ba0-485f-81f4-62338e41d3e3,Fleninge 75:2,Sweden,56.1053062,12.74827725,https://browser.sead.se/site/6381,inventory_only,False,0,0,0,[],0,0,0,0,0,6333,coarse_spatial_context_only,not_captured_by_repository_sources,1293
5796,0011aae5-761a-4438-bf4f-5384ea64893d,Flensburgska gården,Sweden,55.604773811,13.0007036675,https://browser.sead.se/site/5796,inventory_only,False,0,0,0,[],0,0,0,0,0,6654,coarse_spatial_context_only,not_captured_by_repository_sources,1294
5797,b4b797f4-fc63-40ec-a21c-d5e02486d30c,Flint Johans i Gruddbo,Sweden,60.9092421328,14.617218832,https://browser.sead.se/site/5797,inventory_only,False,0,0,0,[],0,0,0,0,0,1731,coarse_spatial_context_only,not_captured_by_repository_sources,1295
5798,133665e6-d44a-4d07-9a17-f8dedf6e8ea3,Flivik,Sweden,57.5378544959,16.5846836468,https://browser.sead.se/site/5798,inventory_only,False,0,0,0,[],0,0,0,0,0,8480,coarse_spatial_context_only,not_captured_by_repository_sources,1296
6388,5b3a8e36-b449-497d-9c83-5ae4cc675c5d,Flädie 9:4,Sweden,55.72477754,13.02970309,https://browser.sead.se/site/6388,inventory_only,False,0,0,0,[],0,0,0,0,0,6654,coarse_spatial_context_only,not_captured_by_repository_sources,1297
5799,41037177-463f-42cf-a5ab-e3efabde43d1,Foderbod Fudal Zorns gammelgård,Sweden,60.9546100798,14.7074379521,https://browser.sead.se/site/5799,inventory_only,False,0,0,0,[],0,0,0,0,0,1731,coarse_spatial_context_only,not_captured_by_repository_sources,1298
5800,8e7c760e-ff82-4901-b163-f434dcafd67e,Foderbod i Selbäck,Sweden,60.9878853533,14.4475288085,https://browser.sead.se/site/5800,inventory_only,False,0,0,0,[],0,0,0,0,0,1731,coarse_spatial_context_only,not_captured_by_repository_sources,1299
5801,03049a2e-a7a8-41f8-bfe2-88b5e905c7fc,Foderbod Kansbol,Sweden,61.112189194,14.3586158332,https://browser.sead.se/site/5801,inventory_only,False,0,0,0,[],0,0,0,0,0,1202,coarse_spatial_context_only,not_captured_by_repository_sources,1300
5803,4443d0c1-24c5-4aeb-9944-5de138da8914,Forshems kyrka,Sweden,58.6198045221,13.4900130458,https://browser.sead.se/site/5803,inventory_only,False,0,0,0,[],0,0,0,0,0,10501,coarse_spatial_context_only,not_captured_by_repository_sources,1301
5804,c5ec94d1-36c9-4004-89e0-34797031e66f,Forssa kyrka,Sweden,58.995960061,16.7350124023,https://browser.sead.se/site/5804,inventory_only,False,0,0,0,[],0,0,0,0,0,12413,coarse_spatial_context_only,not_captured_by_repository_sources,1302
5649,2f52f911-e498-4002-988e-79f1c02eff92,Forsvik,Sweden,58.578545,14.43397,https://browser.sead.se/site/5649,inventory_only,False,0,0,0,[],0,0,0,0,0,3815,coarse_spatial_context_only,not_captured_by_repository_sources,1303
5805,6796520c-9bd1-4b95-aea9-e5b91997cb2f,Framgården i Nederhögen,Sweden,62.4068504451,14.401919218,https://browser.sead.se/site/5805,inventory_only,False,0,0,0,[],0,0,0,0,0,1940,coarse_spatial_context_only,not_captured_by_repository_sources,1304
6369,e99a23ba-6b36-406b-b12b-7c766f1ed89b,Fröjel 380,Sweden,57.33919096,18.17290577,https://browser.sead.se/site/6369,inventory_only,False,0,0,0,[],0,0,0,0,0,13558,coarse_spatial_context_only,not_captured_by_repository_sources,1305
5806,19653672-df30-4d18-847b-2bbef6155ad9,Frösö kyrka,Sweden,63.1791313456,14.5202375862,https://browser.sead.se/site/5806,inventory_only,False,0,0,0,[],0,0,0,0,0,3868,coarse_spatial_context_only,not_captured_by_repository_sources,1306
5807,033bf4d7-a068-4a9c-85a6-046634a97a9b,Frövifors bruksherrgård,Sweden,59.4803086004,15.3299205582,https://browser.sead.se/site/5807,inventory_only,False,0,0,0,[],0,0,0,0,0,3873,coarse_spatial_context_only,not_captured_by_repository_sources,1307
5808,e7306539-d100-4452-979a-751b456c72de,Fudalboden Zorns gammelgård,Sweden,60.9546100798,14.7074379521,https://browser.sead.se/site/5808,inventory_only,False,0,0,0,[],0,0,0,0,0,1731,coarse_spatial_context_only,not_captured_by_repository_sources,1308
5809,a199083f-dc7b-4198-9469-cfb44e25312d,Fudalfähus Zorns gammelgård,Sweden,60.9546100798,14.7074379521,https://browser.sead.se/site/5809,inventory_only,False,0,0,0,[],0,0,0,0,0,1731,coarse_spatial_context_only,not_captured_by_repository_sources,1309
5664,ff737e5f-038c-4fa5-9c75-09701c77b0ab,Fulltofta,Sweden,55.656374,14.045519,https://browser.sead.se/site/5664,inventory_only,False,0,0,0,[],0,0,0,0,0,3205,coarse_spatial_context_only,not_captured_by_repository_sources,1310
5811,f3a8c77f-0f7f-4bd0-9309-80d88adfdc2f,Fulltofta kyrka,Sweden,55.8773181055,13.6186882486,https://browser.sead.se/site/5811,inventory_only,False,0,0,0,[],0,0,0,0,0,6654,coarse_spatial_context_only,not_captured_by_repository_sources,1311
5810,b505e7cf-07c4-4daa-baca-ab632b4647b7,Fullösa kyrka,Sweden,58.5817713641,13.4785277723,https://browser.sead.se/site/5810,inventory_only,False,0,0,0,[],0,0,0,0,0,10501,coarse_spatial_context_only,not_captured_by_repository_sources,1312
5789,e0e7d30f-73b3-4bbd-8e9d-df5b3d77a761,Fähus Bomansberg,Sweden,61.0105291601,14.7496663477,https://browser.sead.se/site/5789,inventory_only,False,0,0,0,[],0,0,0,0,0,1202,coarse_spatial_context_only,not_captured_by_repository_sources,1313
5791,2e80ec4d-4cef-45c8-baa2-0677228fcfc7,Färjolles i Måga,Sweden,61.8356683636,16.0222259981,https://browser.sead.se/site/5791,inventory_only,False,0,0,0,[],0,0,0,0,0,3464,coarse_spatial_context_only,not_captured_by_repository_sources,1314
6434,288a9cea-a6fc-4b73-a76b-cf5c517ebe2c,Färlöv,Sweden,56.11445719,14.0882143,https://browser.sead.se/site/6434,inventory_only,False,0,0,0,[],0,0,0,0,0,10817,coarse_spatial_context_only,not_captured_by_repository_sources,1315
5802,cb325228-5bee-4020-b563-73579112a3af,Församlingshemmet,Sweden,58.4106699372,15.6185817249,https://browser.sead.se/site/5802,inventory_only,False,0,0,0,[],0,0,0,0,0,9863,coarse_spatial_context_only,not_captured_by_repository_sources,1316
5812,de3c7d47-447c-4a3d-b90d-0010726acd13,Gagnef gamla prästgård,Sweden,60.5897070118,15.0608228617,https://browser.sead.se/site/5812,inventory_only,False,0,0,0,[],0,0,0,0,0,3988,coarse_spatial_context_only,not_captured_by_repository_sources,1317
6289,68e2ae7e-f449-4abf-965a-2e97d1f1bc4e,Gamla byvägen,Sweden,55.8814896311,14.228282047,https://browser.sead.se/site/6289,inventory_only,False,0,0,0,[],0,0,0,0,0,3205,coarse_spatial_context_only,not_captured_by_repository_sources,1318
5813,ce74e9b0-716d-4cc1-9aba-2e606c8d9184,Gamla Linköping,Sweden,58.4058221225,15.5895085513,https://browser.sead.se/site/5813,inventory_only,False,0,0,0,[],0,0,0,0,0,9863,coarse_spatial_context_only,not_captured_by_repository_sources,1319
5814,db4fa815-1e56-40ff-b10e-77cf4b31e0bd,Gamla rådhuset,Sweden,58.503997553,13.157617373,https://browser.sead.se/site/5814,inventory_only,False,0,0,0,[],0,0,0,0,0,10501,coarse_spatial_context_only,not_captured_by_repository_sources,1320
6290,1479fe08-6436-4e81-9ad3-e66dabbdcf3d,Gamla Viker,Sweden,59.4724740237,14.8646388831,https://browser.sead.se/site/6290,inventory_only,False,0,0,0,[],0,0,0,0,0,2617,coarse_spatial_context_only,not_captured_by_repository_sources,1321
6360,7ecc5488-ab98-4b2b-8650-3bdcf2a0e920,Gamleby 450:1,Sweden,57.89956743,16.40802837,https://browser.sead.se/site/6360,inventory_only,False,0,0,0,[],0,0,0,0,0,8480,coarse_spatial_context_only,not_captured_by_repository_sources,1322
5815,9f596bad-a7b6-4512-8696-25ad6f8af28a,Gammelgården i Fluren,Sweden,61.5473604693,16.0593586632,https://browser.sead.se/site/5815,inventory_only,False,0,0,0,[],0,0,0,0,0,3464,coarse_spatial_context_only,not_captured_by_repository_sources,1323
5820,68c63897-cf60-4d89-96f6-9f0e964c623f,Gathenhielmska huset,Sweden,57.6985774695,11.9341139819,https://browser.sead.se/site/5820,inventory_only,False,0,0,0,[],0,0,0,0,0,5005,coarse_spatial_context_only,not_captured_by_repository_sources,1324
5821,1d489aae-c765-49e0-ab46-9d2bef3015aa,Getladan i Östanhol,Sweden,60.8333533785,15.0258051707,https://browser.sead.se/site/5821,inventory_only,False,0,0,0,[],0,0,0,0,0,3988,coarse_spatial_context_only,not_captured_by_repository_sources,1325
5822,594e82ed-badf-4083-b9b4-f0079c506df4,Gisselås,Sweden,63.6809881874,15.3918428841,https://browser.sead.se/site/5822,inventory_only,False,0,0,0,[],0,0,0,0,0,1538,coarse_spatial_context_only,not_captured_by_repository_sources,1326
6359,1477f046-5349-4fe6-86e3-88e43340cddc,Gladhammar 155:1,Sweden,57.71908793,16.42344526,https://browser.sead.se/site/6359,inventory_only,False,0,0,0,[],0,0,0,0,0,8480,coarse_spatial_context_only,not_captured_by_repository_sources,1327
6358,87e016d7-1b74-476d-b2fd-0d845dd6743d,Gladhammar 277:1,Sweden,57.72314687,16.45149012,https://browser.sead.se/site/6358,inventory_only,False,0,0,0,[],0,0,0,0,0,8480,coarse_spatial_context_only,not_captured_by_repository_sources,1328
5830,50bd949e-ed19-4158-b877-cbaec1d64c05,Granbacken i Bagghyttan,Sweden,60.4070997505,16.4604107505,https://browser.sead.se/site/5830,inventory_only,False,0,0,0,[],0,0,0,0,0,4239,coarse_spatial_context_only,not_captured_by_repository_sources,1329
5831,618d1a94-c010-4f95-b6fd-a72f9e4344fe,Grangärdes-Hästberg,Sweden,60.3222322352,15.0629499418,https://browser.sead.se/site/5831,inventory_only,False,0,0,0,[],0,0,0,0,0,3988,coarse_spatial_context_only,not_captured_by_repository_sources,1330
5832,b81dd238-2e17-489c-92df-ec4db358e7ba,Granhults kyrka,Sweden,57.0471527579,15.2080731484,https://browser.sead.se/site/5832,inventory_only,False,0,0,0,[],0,0,0,0,0,4004,coarse_spatial_context_only,not_captured_by_repository_sources,1331
5833,27473ed9-b885-42f9-95a9-a85516fe8198,Grannas i Färnäs,Sweden,60.9969222743,14.6269240709,https://browser.sead.se/site/5833,inventory_only,False,0,0,0,[],0,0,0,0,0,1731,coarse_spatial_context_only,not_captured_by_repository_sources,1332
5834,3ae54f06-4857-43ba-a571-2786d62f4834,Grevbäcks kyrka,Sweden,58.3522152276,14.3485241469,https://browser.sead.se/site/5834,inventory_only,False,0,0,0,[],0,0,0,0,0,3815,coarse_spatial_context_only,not_captured_by_repository_sources,1333
5835,f80f4bf7-f2b8-4d99-898a-b9bcc6a47f53,Grimmatorpet,Sweden,56.4612097515,14.4592089018,https://browser.sead.se/site/5835,inventory_only,False,0,0,0,[],0,0,0,0,0,10817,coarse_spatial_context_only,not_captured_by_repository_sources,1334
6291,77a7b878-14ac-4db9-9e8c-b3d652e1c278,Grimsta,Sweden,59.4873734641,17.9474152628,https://browser.sead.se/site/6291,inventory_only,False,0,0,0,[],0,0,0,0,0,27450,coarse_spatial_context_only,not_captured_by_repository_sources,1335
5838,58cf49c0-d2f8-41a0-a2f4-de205626f240,Gruvris i Gulleråsen,Sweden,61.0666771696,15.1830195398,https://browser.sead.se/site/5838,inventory_only,False,0,0,0,[],0,0,0,0,0,1607,coarse_spatial_context_only,not_captured_by_repository_sources,1336
5648,a85bf6ea-807a-4742-ae08-49cd9a82de7b,Grönhult,Sweden,58.578904,14.436114,https://browser.sead.se/site/5648,inventory_only,False,0,0,0,[],0,0,0,0,0,3815,coarse_spatial_context_only,not_captured_by_repository_sources,1337
5837,f098dfaf-add0-4e4a-8f39-8445c89a9d01,Grönås,Sweden,61.6771047311,16.0795207737,https://browser.sead.se/site/5837,inventory_only,False,0,0,0,[],0,0,0,0,0,3464,coarse_spatial_context_only,not_captured_by_repository_sources,1338
6373,ce4bf6c9-13d3-48fb-9e46-3030ad62ffd4,Grötlingbo 258:1,Sweden,57.14628429,18.34729225,https://browser.sead.se/site/6373,inventory_only,False,0,0,0,[],0,0,0,0,0,13558,coarse_spatial_context_only,not_captured_by_repository_sources,1339
5839,ff4278ef-d04a-4063-adaf-d251022d724e,Gubbänget i Delsbo,Sweden,61.8012020263,16.5569103981,https://browser.sead.se/site/5839,inventory_only,False,0,0,0,[],0,0,0,0,0,3464,coarse_spatial_context_only,not_captured_by_repository_sources,1340
5840,eda4f224-0ad1-4f0c-b95d-ab8c98ab3cff,Gullo Lars i Höjen,Sweden,61.1335923572,14.4480867009,https://browser.sead.se/site/5840,inventory_only,False,0,0,0,[],0,0,0,0,0,1202,coarse_spatial_context_only,not_captured_by_repository_sources,1341
5841,29d1e3d7-9fce-40df-be49-7ca36204227b,Gumdes i Näset,Sweden,61.2339080554,15.2854106768,https://browser.sead.se/site/5841,inventory_only,False,0,0,0,[],0,0,0,0,0,1607,coarse_spatial_context_only,not_captured_by_repository_sources,1342
5842,ff595a51-ac74-400e-9457-b3598c087453,Gustavs Torg,Sweden,60.6120095899,15.624857235,https://browser.sead.se/site/5842,inventory_only,False,0,0,0,[],0,0,0,0,0,3988,coarse_spatial_context_only,not_captured_by_repository_sources,1343
5818,d6131a29-e3ac-452c-886d-febfd1e4eb18,Gärdsjölindorna i Nedre Gärdsjö,Sweden,60.9354398446,15.2339124462,https://browser.sead.se/site/5818,inventory_only,False,0,0,0,[],0,0,0,0,0,3988,coarse_spatial_context_only,not_captured_by_repository_sources,1344
5816,02940ee5-6b85-4e87-b04b-4d3e688fa6ff,Gärdås,Sweden,60.7083267937,13.5994779196,https://browser.sead.se/site/5816,inventory_only,False,0,0,0,[],0,0,0,0,0,5468,coarse_spatial_context_only,not_captured_by_repository_sources,1345
5819,2b25e2fc-0723-4c75-a31c-4900daac5295,Gästgivaregården i Grådö,Sweden,60.245882808,16.0333490162,https://browser.sead.se/site/5819,inventory_only,False,0,0,0,[],0,0,0,0,0,4239,coarse_spatial_context_only,not_captured_by_repository_sources,1346
6353,38953716-8937-4d32-af12-12b12ca0bffd,Gårdby 81,Sweden,56.60068403,16.63691206,https://browser.sead.se/site/6353,inventory_only,False,0,0,0,[],0,0,0,0,0,6159,coarse_spatial_context_only,not_captured_by_repository_sources,1347
5817,5433abed-d35a-4999-8453-afb44afe4ad2,Gården Berget i Backen,Sweden,63.6665616552,14.6065377815,https://browser.sead.se/site/5817,inventory_only,False,0,0,0,[],0,0,0,0,0,3868,coarse_spatial_context_only,not_captured_by_repository_sources,1348
5823,c14aae47-7f36-436a-87a9-339b2066fee1,Gödelövs kyrka,Sweden,55.6145666261,13.4045349693,https://browser.sead.se/site/5823,inventory_only,False,0,0,0,[],0,0,0,0,0,6654,coarse_spatial_context_only,not_captured_by_repository_sources,1349
5824,69e20547-56a4-476e-ac26-44dc7190a0b3,Gökhems kyrka,Sweden,58.1737372995,13.4076989961,https://browser.sead.se/site/5824,inventory_only,False,0,0,0,[],0,0,0,0,0,10501,coarse_spatial_context_only,not_captured_by_repository_sources,1350
5825,97040d13-d1ae-43cf-bb05-62b20533a4f7,Göran Nygårds i Nedre Gärdsjö,Sweden,60.9356415519,15.2262010365,https://browser.sead.se/site/5825,inventory_only,False,0,0,0,[],0,0,0,0,0,3988,coarse_spatial_context_only,not_captured_by_repository_sources,1351
5826,166509f3-21b5-4fe8-a5a6-6bf134fa3e18,Göranstorp,Sweden,58.7527500512,14.137872031,https://browser.sead.se/site/5826,inventory_only,False,0,0,0,[],0,0,0,0,0,3815,coarse_spatial_context_only,not_captured_by_repository_sources,1352
5827,b4913d88-a94d-490e-b772-46f77ca4d681,Göras i Ede,Sweden,61.7658444964,16.1626884154,https://browser.sead.se/site/5827,inventory_only,False,0,0,0,[],0,0,0,0,0,3464,coarse_spatial_context_only,not_captured_by_repository_sources,1353
6436,21af0ff7-06f4-4fc8-b8ea-364605002b4c,"Göta kanal, hamnen",Sweden,58.4914867,16.29996058,https://browser.sead.se/site/6436,inventory_only,False,0,0,0,[],0,0,0,0,0,12413,coarse_spatial_context_only,not_captured_by_repository_sources,1354
5828,574656f3-a834-4a81-985c-164b5ce6ec7e,Götene kyrka,Sweden,58.5310953956,13.501059349,https://browser.sead.se/site/5828,inventory_only,False,0,0,0,[],0,0,0,0,0,10501,coarse_spatial_context_only,not_captured_by_repository_sources,1355
5829,1ad1aec7-a650-4453-9f1d-ace4093bca08,Göteve kyrka,Sweden,58.1238296959,13.4130675184,https://browser.sead.se/site/5829,inventory_only,False,0,0,0,[],0,0,0,0,0,10501,coarse_spatial_context_only,not_captured_by_repository_sources,1356
5843,2d167383-4064-4ea8-b567-230b6d319608,Hackås kyrka,Sweden,62.9218957847,14.5045233958,https://browser.sead.se/site/5843,inventory_only,False,0,0,0,[],0,0,0,0,0,1940,coarse_spatial_context_only,not_captured_by_repository_sources,1357
5844,1585af5f-781a-41a7-8fac-d4cdc0703558,Hagaloftet i Rissätra,Sweden,60.8725055301,13.4116044788,https://browser.sead.se/site/5844,inventory_only,False,0,0,0,[],0,0,0,0,0,5468,coarse_spatial_context_only,not_captured_by_repository_sources,1358
5845,4154912f-93a2-400d-add8-1b3a6bd3ec88,Hagalund,Sweden,59.3793942166,17.4872539898,https://browser.sead.se/site/5845,inventory_only,False,0,0,0,[],0,0,0,0,0,27450,coarse_spatial_context_only,not_captured_by_repository_sources,1359
5670,793eb188-f90f-45ac-9fb1-35268da852be,Hagaparken,Sweden,59.362821,18.032024,https://browser.sead.se/site/5670,inventory_only,False,0,0,0,[],0,0,0,0,0,10763,coarse_spatial_context_only,not_captured_by_repository_sources,1360
5846,5130d185-d25b-4c01-9f00-8758fd4a22ab,Hagen i Gällö,Sweden,62.9157031141,15.2297903572,https://browser.sead.se/site/5846,inventory_only,False,0,0,0,[],0,0,0,0,0,1173,coarse_spatial_context_only,not_captured_by_repository_sources,1361
6368,533caf84-cab1-4dd4-8663-bec6c9862c10,Hagshult 29:1,Sweden,57.35463,14.295941,https://browser.sead.se/site/6368,inventory_only,False,0,0,0,[],0,0,0,0,0,8067,coarse_spatial_context_only,not_captured_by_repository_sources,1362
5847,cea7483d-53e3-4a9c-ae82-a43d41bc819f,Hagshult kyrka,Sweden,57.3394782853,14.1903353806,https://browser.sead.se/site/5847,inventory_only,False,0,0,0,[],0,0,0,0,0,8067,coarse_spatial_context_only,not_captured_by_repository_sources,1363
5848,e0daa87f-56bc-4848-83ba-d28caea51fa5,Hagströms i Norrböle,Sweden,62.9078925877,14.8485398444,https://browser.sead.se/site/5848,inventory_only,False,0,0,0,[],0,0,0,0,0,1940,coarse_spatial_context_only,not_captured_by_repository_sources,1364
6292,ab093e13-d740-448b-bcff-d12b138c85cc,Hagverksmo,Sweden,56.5960416879,14.6236261532,https://browser.sead.se/site/6292,inventory_only,False,0,0,0,[],0,0,0,0,0,10817,coarse_spatial_context_only,not_captured_by_repository_sources,1365
5849,9dc5b138-ce5c-4882-b76e-bc993ccf2bf9,Hall i Byom,Sweden,63.3960189602,14.7719808102,https://browser.sead.se/site/5849,inventory_only,False,0,0,0,[],0,0,0,0,0,3868,coarse_spatial_context_only,not_captured_by_repository_sources,1366
6293,eafdb2b1-3968-4abf-a76b-07b2e6974243,Hallarum,Sweden,56.1734914376,15.8352432971,https://browser.sead.se/site/6293,inventory_only,False,0,0,0,[],0,0,0,0,0,5849,coarse_spatial_context_only,not_captured_by_repository_sources,1367
5851,d4f6ef18-1494-48c6-ac43-6e996fb21998,Hallen,Sweden,61.6961225406,17.1244039124,https://browser.sead.se/site/5851,inventory_only,False,0,0,0,[],0,0,0,0,0,2270,coarse_spatial_context_only,not_captured_by_repository_sources,1368
5852,bfea4a89-6741-4796-9b3c-9a1ec1823410,Hallens kyrka,Sweden,63.1783136021,14.0904431712,https://browser.sead.se/site/5852,inventory_only,False,0,0,0,[],0,0,0,0,0,3868,coarse_spatial_context_only,not_captured_by_repository_sources,1369
5854,a17e362a-af5f-4679-8481-ea4a86142487,Hallingebergs kyrka,Sweden,57.8308974562,16.2480135151,https://browser.sead.se/site/5854,inventory_only,False,0,0,0,[],0,0,0,0,0,8480,coarse_spatial_context_only,not_captured_by_repository_sources,1370
5855,d833d9d8-fe39-407d-8b25-6fddd1558372,Halmstads slott,Sweden,56.6715380686,12.8576744773,https://browser.sead.se/site/5855,inventory_only,False,0,0,0,[],0,0,0,0,0,6333,coarse_spatial_context_only,not_captured_by_repository_sources,1371
5856,b5038435-2fc1-4bbc-ba6f-971775ec5c08,Halvarssons i Hammarbyn,Sweden,60.9958053884,13.3188404228,https://browser.sead.se/site/5856,inventory_only,False,0,0,0,[],0,0,0,0,0,5468,coarse_spatial_context_only,not_captured_by_repository_sources,1372
5857,819c717a-81e8-429a-b908-5a78a64fbf23,Handog,Sweden,63.3104102457,14.9927365566,https://browser.sead.se/site/5857,inventory_only,False,0,0,0,[],0,0,0,0,0,3868,coarse_spatial_context_only,not_captured_by_repository_sources,1373
5858,7d29cdbe-3ed2-494a-abe6-21170eaa1518,Haneberg,Sweden,60.0489648291,16.7499628185,https://browser.sead.se/site/5858,inventory_only,False,0,0,0,[],0,0,0,0,0,4239,coarse_spatial_context_only,not_captured_by_repository_sources,1374
5859,208b849b-5ec8-4f0a-baee-72da776ab8b4,Hanmora gård,Sweden,59.3737012462,17.479548634,https://browser.sead.se/site/5859,inventory_only,False,0,0,0,[],0,0,0,0,0,27450,coarse_spatial_context_only,not_captured_by_repository_sources,1375
5860,0428644f-5f5f-4c01-be08-8db577d4402d,Hansanders i Sundsjöåsen,Sweden,63.0893944233,15.1484229832,https://browser.sead.se/site/5860,inventory_only,False,0,0,0,[],0,0,0,0,0,1538,coarse_spatial_context_only,not_captured_by_repository_sources,1376
5861,ff859b3f-ada3-4d65-8ce5-94536625957e,Hansbacks i Näset,Sweden,61.2543903041,14.0753661835,https://browser.sead.se/site/5861,inventory_only,False,0,0,0,[],0,0,0,0,0,1202,coarse_spatial_context_only,not_captured_by_repository_sources,1377
3701,2ebdd161-7a5a-4025-9b85-596715e16f81,Harplinge 155,Sweden,56.718038884,12.7138599486,https://browser.sead.se/site/3701,inventory_only,False,0,0,0,[],0,0,0,0,0,6333,coarse_spatial_context_only,not_captured_by_repository_sources,1378
3698,62a5d6c5-2d38-4792-b813-7cf8f14abfde,Havor Fort,Sweden,57.2162639536,18.3183396651,https://browser.sead.se/site/3698,inventory_only,False,0,0,0,[],0,0,0,0,0,13558,coarse_spatial_context_only,not_captured_by_repository_sources,1379
5873,e8fa28eb-d325-4bd6-8c2d-505dacc85c32,Hebbeska huset,Sweden,59.3242016378,18.0652938925,https://browser.sead.se/site/5873,inventory_only,False,0,0,0,[],0,0,0,0,0,10763,coarse_spatial_context_only,not_captured_by_repository_sources,1380
5874,71b6e472-52d8-48f0-898d-9389671f0ba5,Hedningaladan Perlars i Ribbåsen,Sweden,61.3283628833,14.0560168816,https://browser.sead.se/site/5874,inventory_only,False,0,0,0,[],0,0,0,0,0,1202,coarse_spatial_context_only,not_captured_by_repository_sources,1381
5875,21f8bb6e-b0b0-4d3e-bff8-4031a1f0dc38,Hedninghuset Erkasjers i Idbäck,Sweden,60.6980163664,13.6590027022,https://browser.sead.se/site/5875,inventory_only,False,0,0,0,[],0,0,0,0,0,5468,coarse_spatial_context_only,not_captured_by_repository_sources,1382
5876,3d1f5888-5828-4cbe-90e0-33b32e574ed9,Heliga Kors Kyrka,Sweden,56.2117580629,15.2785593728,https://browser.sead.se/site/5876,inventory_only,False,0,0,0,[],0,0,0,0,0,5849,coarse_spatial_context_only,not_captured_by_repository_sources,1383
6392,4556d939-2081-4a0c-9cb9-1ce4c655d1c1,Helsingborg 226:1,Sweden,56.06303922,12.74759243,https://browser.sead.se/site/6392,inventory_only,False,0,0,0,[],0,0,0,0,0,6333,coarse_spatial_context_only,not_captured_by_repository_sources,1384
5877,7c099a43-ee77-4f47-a82d-cdedde3650dd,Hembygdsgården,Sweden,59.3617389038,17.5288845479,https://browser.sead.se/site/5877,inventory_only,False,0,0,0,[],0,0,0,0,0,27450,coarse_spatial_context_only,not_captured_by_repository_sources,1385
5878,70e11b0c-76e0-495d-9462-0ecd9460e89a,Henriksson i Tångeråsen,Sweden,63.5690208557,13.8121697347,https://browser.sead.se/site/5878,inventory_only,False,0,0,0,[],0,0,0,0,0,1147,coarse_spatial_context_only,not_captured_by_repository_sources,1386
6295,7f9d009f-f97c-4a3e-a35c-992b1bf9b71a,Hill,Sweden,57.9288499017,12.5305317322,https://browser.sead.se/site/6295,inventory_only,False,0,0,0,[],0,0,0,0,0,8569,coarse_spatial_context_only,not_captured_by_repository_sources,1387
5880,4809f768-ce7c-4607-997d-23f3951e3176,Hjelms bod,Sweden,63.4804178841,13.1937190781,https://browser.sead.se/site/5880,inventory_only,False,0,0,0,[],0,0,0,0,0,1147,coarse_spatial_context_only,not_captured_by_repository_sources,1388
5881,46b42de1-5f5b-4979-80ed-c3344a77cfe0,Hjortgården i Lenåsen,Sweden,61.0046584345,15.2449802574,https://browser.sead.se/site/5881,inventory_only,False,0,0,0,[],0,0,0,0,0,1607,coarse_spatial_context_only,not_captured_by_repository_sources,1389
5882,67dab675-8b78-402e-9fa7-7339a344cadc,Hjortsberga kyrka,Sweden,56.2254676821,15.4083766719,https://browser.sead.se/site/5882,inventory_only,False,0,0,0,[],0,0,0,0,0,5849,coarse_spatial_context_only,not_captured_by_repository_sources,1390
5879,ab5aa559-7855-49c5-bb12-89c8a50369b9,Hjältanstorp,Sweden,62.3464763001,16.3698295127,https://browser.sead.se/site/5879,inventory_only,False,0,0,0,[],0,0,0,0,0,1674,coarse_spatial_context_only,not_captured_by_repository_sources,1391
5884,84256ab6-0121-4f9f-8f5e-0efc39ac9c31,Holländarhuset,Sweden,56.1741474222,14.858585649,https://browser.sead.se/site/5884,inventory_only,False,0,0,0,[],0,0,0,0,0,10817,coarse_spatial_context_only,not_captured_by_repository_sources,1392
6437,49405b88-d89d-472d-8864-6e9180381aa5,Holmen,Sweden,58.59302046,16.18205129,https://browser.sead.se/site/6437,inventory_only,False,0,0,0,[],0,0,0,0,0,12413,coarse_spatial_context_only,not_captured_by_repository_sources,1393
6296,606cfd49-ead2-48eb-9388-19b09f0a0d66,Hucksjöåsen,Sweden,62.8526005303,15.904520284,https://browser.sead.se/site/6296,inventory_only,False,0,0,0,[],0,0,0,0,0,1173,coarse_spatial_context_only,not_captured_by_repository_sources,1394
6342,77daedcf-d5dd-44cc-a778-b82170f26c66,Huddunge 252,Sweden,60.0561929,16.89383269,https://browser.sead.se/site/6342,inventory_only,False,0,0,0,[],0,0,0,0,0,4239,coarse_spatial_context_only,not_captured_by_repository_sources,1395
6297,6356bfab-ceed-456e-910a-045db816104a,Hulevik,Sweden,56.625724211,14.6144807958,https://browser.sead.se/site/6297,inventory_only,False,0,0,0,[],0,0,0,0,0,10817,coarse_spatial_context_only,not_captured_by_repository_sources,1396
5886,a1622c4f-d4b0-4be7-8df0-b36723676e4b,Hults gård,Sweden,57.9139655577,12.1658864507,https://browser.sead.se/site/5886,inventory_only,False,0,0,0,[],0,0,0,0,0,8569,coarse_spatial_context_only,not_captured_by_repository_sources,1397
6454,ad52550b-28fc-4525-a6cb-639ea9c77450,Husie bog,Sweden,55.57936064,13.09342791,https://browser.sead.se/site/6454,inventory_only,False,0,0,0,[],0,0,0,0,0,6654,coarse_spatial_context_only,not_captured_by_repository_sources,1398
6294,1a0a8fea-3918-41ba-946c-d322b10ee7b8,Hälleberget A,Sweden,57.6979778911,11.9323684568,https://browser.sead.se/site/6294,inventory_only,False,0,0,0,[],0,0,0,0,0,5005,coarse_spatial_context_only,not_captured_by_repository_sources,1399
5862,b39f18cd-67dc-413d-920e-a44183157af1,Härbre Färnästjärn,Sweden,61.0117970983,14.6428782159,https://browser.sead.se/site/5862,inventory_only,False,0,0,0,[],0,0,0,0,0,1202,coarse_spatial_context_only,not_captured_by_repository_sources,1400
5863,292055d8-9834-4abc-9114-6f7390eadc94,Härbre Gopshus,Sweden,61.0990891441,14.2389703752,https://browser.sead.se/site/5863,inventory_only,False,0,0,0,[],0,0,0,0,0,1202,coarse_spatial_context_only,not_captured_by_repository_sources,1401
5864,4e2fbe0f-a002-4d60-8178-0a748e7917c9,Härbre Gopsmorsgård,Sweden,61.1163837915,14.2315026099,https://browser.sead.se/site/5864,inventory_only,False,0,0,0,[],0,0,0,0,0,1202,coarse_spatial_context_only,not_captured_by_repository_sources,1402
5865,e554d629-ff31-4f16-b71b-e438f3c88856,Härbre i Färnäs,Sweden,60.9976134565,14.6268789893,https://browser.sead.se/site/5865,inventory_only,False,0,0,0,[],0,0,0,0,0,1731,coarse_spatial_context_only,not_captured_by_repository_sources,1403
5866,32dd8f1b-fab9-476c-895d-375baf14c6a2,Härbre i Kallmora,Sweden,61.1786748199,14.7752395219,https://browser.sead.se/site/5866,inventory_only,False,0,0,0,[],0,0,0,0,0,1202,coarse_spatial_context_only,not_captured_by_repository_sources,1404
5867,39fcdbda-8d31-47c4-bc58-54632e9e98c6,Härbre i Öna,Sweden,61.0220077172,14.5218701499,https://browser.sead.se/site/5867,inventory_only,False,0,0,0,[],0,0,0,0,0,1202,coarse_spatial_context_only,not_captured_by_repository_sources,1405
5868,72ce5e3a-448a-4253-b426-3d2e53246282,Härbre i Östäng,Sweden,61.2196118318,14.0460187703,https://browser.sead.se/site/5868,inventory_only,False,0,0,0,[],0,0,0,0,0,1202,coarse_spatial_context_only,not_captured_by_repository_sources,1406
5869,04bb3e9e-7a88-46a6-941e-1578561dbb72,Härbre Nusnäs,Sweden,60.9589628963,14.6468312521,https://browser.sead.se/site/5869,inventory_only,False,0,0,0,[],0,0,0,0,0,1731,coarse_spatial_context_only,not_captured_by_repository_sources,1407
5871,806c6529-4947-4752-856e-968e2e2555dc,Härbre Vika,Sweden,60.9472353833,14.4593826549,https://browser.sead.se/site/5871,inventory_only,False,0,0,0,[],0,0,0,0,0,1731,coarse_spatial_context_only,not_captured_by_repository_sources,1408
5870,6adce3a1-6d62-4f19-ae6f-3ea4675148fc,Härbre Västerberg,Sweden,61.2111317299,16.5152693002,https://browser.sead.se/site/5870,inventory_only,False,0,0,0,[],0,0,0,0,0,3464,coarse_spatial_context_only,not_captured_by_repository_sources,1409
5872,f5a7311f-44fc-4bcc-85d8-37c0494811b4,Härlarsloftet från Idbäck,Sweden,60.6980528186,13.6599537276,https://browser.sead.se/site/5872,inventory_only,False,0,0,0,[],0,0,0,0,0,5468,coarse_spatial_context_only,not_captured_by_repository_sources,1410
5850,29c1be72-0745-4626-8919-68c693c37911,Hållbus i Selbäck,Sweden,60.9888487072,14.4459964696,https://browser.sead.se/site/5850,inventory_only,False,0,0,0,[],0,0,0,0,0,1731,coarse_spatial_context_only,not_captured_by_repository_sources,1411
5853,def0d9a5-3deb-4328-9e74-ad9afb750c40,Hållgården Kulåra,Sweden,60.8934610065,14.6212592988,https://browser.sead.se/site/5853,inventory_only,False,0,0,0,[],0,0,0,0,0,1731,coarse_spatial_context_only,not_captured_by_repository_sources,1412
5883,4b39510a-9cd1-4bd8-9c8d-33b7a624b0a3,Högs kyrka,Sweden,61.7662010397,17.0394505342,https://browser.sead.se/site/5883,inventory_only,False,0,0,0,[],0,0,0,0,0,2270,coarse_spatial_context_only,not_captured_by_repository_sources,1413
5645,381a2fd1-4646-4583-8606-9215f4619e93,Höje,Sweden,58.314587,14.667604,https://browser.sead.se/site/5645,inventory_only,False,0,0,0,[],0,0,0,0,0,3815,coarse_spatial_context_only,not_captured_by_repository_sources,1414
5885,7de5bfdb-2960-46ac-bcfb-19d40251ffec,Hörnsjöfors,Sweden,59.9488550842,16.2205869803,https://browser.sead.se/site/5885,inventory_only,False,0,0,0,[],0,0,0,0,0,15126,coarse_spatial_context_only,not_captured_by_repository_sources,1415
6438,fa8476e5-cece-4237-b359-f8a4952dd825,Igelsfors,Sweden,58.84550337,15.69980662,https://browser.sead.se/site/6438,inventory_only,False,0,0,0,[],0,0,0,0,0,9863,coarse_spatial_context_only,not_captured_by_repository_sources,1416
5887,f1edc9b7-6809-4afa-bf8e-efa879fb3c14,Ignaberga gamla kyrka,Sweden,56.1218129221,13.8307519819,https://browser.sead.se/site/5887,inventory_only,False,0,0,0,[],0,0,0,0,0,8912,coarse_spatial_context_only,not_captured_by_repository_sources,1417
5888,f4765328-1b83-48da-b54c-7e0f19e1c146,Ingbergs i Laknäs,Sweden,60.8401433177,14.9994664942,https://browser.sead.se/site/5888,inventory_only,False,0,0,0,[],0,0,0,0,0,1731,coarse_spatial_context_only,not_captured_by_repository_sources,1418
6299,7aadc032-434d-4c47-a8ff-43c578a2324a,Ingelsta,Sweden,58.8356099642,17.0730916291,https://browser.sead.se/site/6299,inventory_only,False,0,0,0,[],0,0,0,0,0,4303,coarse_spatial_context_only,not_captured_by_repository_sources,1419
6300,9133bb40-3c4d-404b-bce2-9d338c22c510,Ingestorp övre,Sweden,57.5946266711,13.2197570497,https://browser.sead.se/site/6300,inventory_only,False,0,0,0,[],0,0,0,0,0,8587,coarse_spatial_context_only,not_captured_by_repository_sources,1420
5889,d6087870-0b1a-4046-ac86-e754f25717d6,Ivarshärbret från Utsälje,Sweden,60.5300146831,14.3730426993,https://browser.sead.se/site/5889,inventory_only,False,0,0,0,[],0,0,0,0,0,1731,coarse_spatial_context_only,not_captured_by_repository_sources,1421
5890,8b360795-b443-4301-a7e4-da272bac36e7,Jacob Nickelsens hus,Sweden,55.6072049625,13.0015325629,https://browser.sead.se/site/5890,inventory_only,False,0,0,0,[],0,0,0,0,0,6654,coarse_spatial_context_only,not_captured_by_repository_sources,1422
5892,a1bb4b03-cfea-4d34-bcf6-5160c97657c2,Jan-Mats i Åsmundshyttan,Sweden,60.4776335937,16.4715125909,https://browser.sead.se/site/5892,inventory_only,False,0,0,0,[],0,0,0,0,0,4239,coarse_spatial_context_only,not_captured_by_repository_sources,1423
5893,ae78ab52-8beb-45e4-892b-0edac905ea70,Janngården Änderåsen,Sweden,61.0370931398,15.1971763785,https://browser.sead.se/site/5893,inventory_only,False,0,0,0,[],0,0,0,0,0,1607,coarse_spatial_context_only,not_captured_by_repository_sources,1424
5895,2b2ebd9d-05b2-4c2c-a8d5-f94962718457,Jedeurska huset,Sweden,57.6982558851,11.9330835768,https://browser.sead.se/site/5895,inventory_only,False,0,0,0,[],0,0,0,0,0,5005,coarse_spatial_context_only,not_captured_by_repository_sources,1425
5896,0e1d50e2-b01f-4625-85ac-70c9d8554ded,John Bixbo i Bye,Sweden,63.3109472203,13.6414153735,https://browser.sead.se/site/5896,inventory_only,False,0,0,0,[],0,0,0,0,0,1147,coarse_spatial_context_only,not_captured_by_repository_sources,1426
5897,80b9bf16-d508-43b2-a296-33326ca65774,Johnssons i Bergsbyn,Sweden,62.8123558242,14.4418651771,https://browser.sead.se/site/5897,inventory_only,False,0,0,0,[],0,0,0,0,0,1940,coarse_spatial_context_only,not_captured_by_repository_sources,1427
5898,a71155d8-50ed-43d4-8e44-3686816b806d,Jon Backs i Nedre Gärdsjö,Sweden,60.9356415519,15.2262010365,https://browser.sead.se/site/5898,inventory_only,False,0,0,0,[],0,0,0,0,0,3988,coarse_spatial_context_only,not_captured_by_repository_sources,1428
5902,dd4267e6-b4a3-42ad-abcc-ff58e601e1e2,Jon-Lars i Långhed,Sweden,61.3899467345,16.0513117866,https://browser.sead.se/site/5902,inventory_only,False,0,0,0,[],0,0,0,0,0,3464,coarse_spatial_context_only,not_captured_by_repository_sources,1429
5909,b0c4142e-ac03-4cbb-9b69-81f095b113b2,Jon-Svens i Ygsbo,Sweden,61.8192977504,15.9332659289,https://browser.sead.se/site/5909,inventory_only,False,0,0,0,[],0,0,0,0,0,1607,coarse_spatial_context_only,not_captured_by_repository_sources,1430
5899,a519deb3-fb7e-48bd-9c77-772ec2970867,Jonasson i Haga,Sweden,62.9894689377,14.8859500507,https://browser.sead.se/site/5899,inventory_only,False,0,0,0,[],0,0,0,0,0,1940,coarse_spatial_context_only,not_captured_by_repository_sources,1431
5900,1a6e6b74-b91a-4411-8733-1a2858303750,Joners i Homnabo,Sweden,61.4614111888,15.8984143198,https://browser.sead.se/site/5900,inventory_only,False,0,0,0,[],0,0,0,0,0,1607,coarse_spatial_context_only,not_captured_by_repository_sources,1432
5901,da56b7cb-cdd9-45d6-9599-573359b5a892,Jones i Ovanmyra,Sweden,61.0029569022,15.2271418937,https://browser.sead.se/site/5901,inventory_only,False,0,0,0,[],0,0,0,0,0,1607,coarse_spatial_context_only,not_captured_by_repository_sources,1433
5906,ba31b38f-ac1c-47e9-935b-59e721bcd43b,Jonsson i Skickja,Sweden,63.3180148789,14.9577651084,https://browser.sead.se/site/5906,inventory_only,False,0,0,0,[],0,0,0,0,0,3868,coarse_spatial_context_only,not_captured_by_repository_sources,1434
5910,52eaeffe-89c7-4183-a134-60e9e0c4d1f6,Jontes i Gäle,Sweden,62.9535444504,14.6521582906,https://browser.sead.se/site/5910,inventory_only,False,0,0,0,[],0,0,0,0,0,1940,coarse_spatial_context_only,not_captured_by_repository_sources,1435
5911,f8ff65c8-8c87-4b75-97a9-2ea93e8ba279,Jugasgården,Sweden,60.4772944358,14.0563935732,https://browser.sead.se/site/5911,inventory_only,False,0,0,0,[],0,0,0,0,0,1731,coarse_spatial_context_only,not_captured_by_repository_sources,1436
6439,b65a7d3f-9a83-4692-8de3-adeabb98daa9,Juleboda,Sweden,55.76935421,14.19111189,https://browser.sead.se/site/6439,inventory_only,False,0,0,0,[],0,0,0,0,0,3205,coarse_spatial_context_only,not_captured_by_repository_sources,1437
6440,918a2952-4ae2-43fc-b61f-43f854f0de3c,Julita gård,Sweden,59.15093767,16.03917568,https://browser.sead.se/site/6440,inventory_only,False,0,0,0,[],0,0,0,0,0,15126,coarse_spatial_context_only,not_captured_by_repository_sources,1438
5891,0f880586-1877-4490-93a1-270aa530718b,Jäla kyrka,Sweden,58.0192600645,13.3597671214,https://browser.sead.se/site/5891,inventory_only,False,0,0,0,[],0,0,0,0,0,10501,coarse_spatial_context_only,not_captured_by_repository_sources,1439
5894,94fce7fd-e73b-4695-902f-1ddd0bb654ce,Järna kyrka,Sweden,60.544291777,14.365602476,https://browser.sead.se/site/5894,inventory_only,False,0,0,0,[],0,0,0,0,0,1731,coarse_spatial_context_only,not_captured_by_repository_sources,1440
6393,1a0db2ab-b9ab-4bfd-afe7-c5838aaa5012,Järrestad 45:1,Sweden,55.53447321,14.27995915,https://browser.sead.se/site/6393,inventory_only,False,0,0,0,[],0,0,0,0,0,3205,coarse_spatial_context_only,not_captured_by_repository_sources,1441
6367,23463814-0a14-4da7-827b-e1f49fc71d3a,Jönköping 137:1,Sweden,57.78162402,14.16637057,https://browser.sead.se/site/6367,inventory_only,False,0,0,0,[],0,0,0,0,0,8067,coarse_spatial_context_only,not_captured_by_repository_sources,1442
6366,2788fe1f-2af1-4d24-a69e-9c883f7569cf,Jönköping 50:1,Sweden,57.78061738,14.17218199,https://browser.sead.se/site/6366,inventory_only,False,0,0,0,[],0,0,0,0,0,8067,coarse_spatial_context_only,not_captured_by_repository_sources,1443
5903,6dfe8035-91b8-47e7-a0e9-6f01dd876a58,Jönses i Vreta,Sweden,60.3308803374,16.7899061347,https://browser.sead.se/site/5903,inventory_only,False,0,0,0,[],0,0,0,0,0,4239,coarse_spatial_context_only,not_captured_by_repository_sources,1444
5904,a981cdb3-c729-49ff-8783-a24e7e701189,Jönsson i Dille,Sweden,63.2622885253,14.5992814055,https://browser.sead.se/site/5904,inventory_only,False,0,0,0,[],0,0,0,0,0,3868,coarse_spatial_context_only,not_captured_by_repository_sources,1445
5905,7a562237-6a16-4add-9d17-a663a7720a1d,Jönsson i Fanbyn,Sweden,62.9650590611,15.1312679624,https://browser.sead.se/site/5905,inventory_only,False,0,0,0,[],0,0,0,0,0,1173,coarse_spatial_context_only,not_captured_by_repository_sources,1446
5907,5ac8282b-22c2-48b7-a73c-738958afc3e4,Jönsson i Smedsta,Sweden,63.2885810086,14.8378923416,https://browser.sead.se/site/5907,inventory_only,False,0,0,0,[],0,0,0,0,0,3868,coarse_spatial_context_only,not_captured_by_repository_sources,1447
5908,9b2ef243-085f-46ea-b678-bfd2685027ec,Jönssons i Hara,Sweden,63.0391067553,14.4650124221,https://browser.sead.se/site/5908,inventory_only,False,0,0,0,[],0,0,0,0,0,3868,coarse_spatial_context_only,not_captured_by_repository_sources,1448
74,143190a9-8381-4d8e-ae65-71ada1a86c16,Jörlanda Raä 184,Sweden,58.0103,11.8138583333,https://browser.sead.se/site/74,inventory_only,False,0,0,0,[],0,0,0,0,0,16773,coarse_spatial_context_only,not_captured_by_repository_sources,1449
5912,e1ff1c87-d263-487e-b0dc-74b76f305fcf,Kalles i Persbo,Sweden,60.2077595841,15.2222361983,https://browser.sead.se/site/5912,inventory_only,False,0,0,0,[],0,0,0,0,0,3988,coarse_spatial_context_only,not_captured_by_repository_sources,1450
5913,e395e231-e9bc-4dc9-94b3-55fccf733b6e,Kallurgården,Sweden,60.9268226981,15.1246629091,https://browser.sead.se/site/5913,inventory_only,False,0,0,0,[],0,0,0,0,0,3988,coarse_spatial_context_only,not_captured_by_repository_sources,1451
6362,f69b95d2-5580-4457-bb83-4e8c07970ef2,Kalmar 93:1,Sweden,56.66469526,16.36262223,https://browser.sead.se/site/6362,inventory_only,False,0,0,0,[],0,0,0,0,0,6159,coarse_spatial_context_only,not_captured_by_repository_sources,1452
6361,c5de6a6f-75e6-48b5-8717-a7bd3de0efde,Kalmar 94:1,Sweden,56.65944182,16.35046651,https://browser.sead.se/site/6361,inventory_only,False,0,0,0,[],0,0,0,0,0,6159,coarse_spatial_context_only,not_captured_by_repository_sources,1453
6441,1c8b26cb-e1df-4e5f-ac21-746ace004e72,"Kanaljorden, Söderköping",Sweden,58.48299104,16.32264678,https://browser.sead.se/site/6441,inventory_only,False,0,0,0,[],0,0,0,0,0,12413,coarse_spatial_context_only,not_captured_by_repository_sources,1454
5915,73a55d62-c388-446b-82ad-b2926dea7092,Kapellbacken i Amundsböle,Sweden,61.1354503029,15.1666315799,https://browser.sead.se/site/5915,inventory_only,False,0,0,0,[],0,0,0,0,0,1607,coarse_spatial_context_only,not_captured_by_repository_sources,1455
5916,511ee6b9-a084-43ad-b189-7d678757919b,"Kares, Peres och Sandins i Vikarbyn",Sweden,60.9087615266,15.0181412931,https://browser.sead.se/site/5916,inventory_only,False,0,0,0,[],0,0,0,0,0,3988,coarse_spatial_context_only,not_captured_by_repository_sources,1456
5917,310903c1-ffa3-45fb-8f56-e93482d829b3,Karin Nyréns i Hulån,Sweden,60.5463067875,14.2913290275,https://browser.sead.se/site/5917,inventory_only,False,0,0,0,[],0,0,0,0,0,1731,coarse_spatial_context_only,not_captured_by_repository_sources,1457
5918,1ef5999e-f0a3-46ce-860d-dc1bf6bfda85,Karins i Gärde,Sweden,63.5660374597,13.7786067428,https://browser.sead.se/site/5918,inventory_only,False,0,0,0,[],0,0,0,0,0,1147,coarse_spatial_context_only,not_captured_by_repository_sources,1458
5919,7492aff0-200d-4c56-81cd-724461f49ed5,Karl Pettersson i Röjeråsen,Sweden,60.9425642286,14.9861212271,https://browser.sead.se/site/5919,inventory_only,False,0,0,0,[],0,0,0,0,0,1731,coarse_spatial_context_only,not_captured_by_repository_sources,1459
5920,4225b9e7-96e6-41ee-a5b0-080ff6b7a297,Karlquist i Nybo,Sweden,63.3535879439,14.3399053134,https://browser.sead.se/site/5920,inventory_only,False,0,0,0,[],0,0,0,0,0,3868,coarse_spatial_context_only,not_captured_by_repository_sources,1460
5921,faadad00-da6a-4a47-ae03-275e2ba6f956,Karlsson i Börön,Sweden,62.9533394567,14.9195992765,https://browser.sead.se/site/5921,inventory_only,False,0,0,0,[],0,0,0,0,0,1940,coarse_spatial_context_only,not_captured_by_repository_sources,1461
5922,fa47c7b2-9ca5-4af3-85b6-46af8561bce8,Karlsson i Edsäng,Sweden,61.8271887476,16.4894506065,https://browser.sead.se/site/5922,inventory_only,False,0,0,0,[],0,0,0,0,0,3464,coarse_spatial_context_only,not_captured_by_repository_sources,1462
5923,4fb855cd-026e-489a-9878-63d4bad125fa,Karlssons i Hara,Sweden,63.0391067553,14.4650124221,https://browser.sead.se/site/5923,inventory_only,False,0,0,0,[],0,0,0,0,0,3868,coarse_spatial_context_only,not_captured_by_repository_sources,1463
5925,98dfbbf1-fa27-4341-9e85-88f4d8c62023,Kastalen vid Fellingsbro kyrka,Sweden,59.4586281164,15.5766328216,https://browser.sead.se/site/5925,inventory_only,False,0,0,0,[],0,0,0,0,0,3873,coarse_spatial_context_only,not_captured_by_repository_sources,1464
5926,f6cec895-d5ce-448f-bcc1-40fc211d3d8c,Kestads kyrka,Sweden,58.5653709556,13.4501324238,https://browser.sead.se/site/5926,inventory_only,False,0,0,0,[],0,0,0,0,0,10501,coarse_spatial_context_only,not_captured_by_repository_sources,1465
5927,755e227e-94f6-4edb-abd6-f4d688640723,Kimsundets fiskarvall,Sweden,61.8149419722,17.3493292765,https://browser.sead.se/site/5927,inventory_only,False,0,0,0,[],0,0,0,0,0,2270,coarse_spatial_context_only,not_captured_by_repository_sources,1466
5928,74c66141-a58d-419f-ac57-81c25454069e,Kinnareds kyrka,Sweden,57.0264151995,13.09338568,https://browser.sead.se/site/5928,inventory_only,False,0,0,0,[],0,0,0,0,0,8587,coarse_spatial_context_only,not_captured_by_repository_sources,1467
5929,2a3bcb76-940e-4b60-b579-c1eaf0b77b8b,Kinne-Vedums kyrka,Sweden,58.5586691078,13.5061899041,https://browser.sead.se/site/5929,inventory_only,False,0,0,0,[],0,0,0,0,0,10501,coarse_spatial_context_only,not_captured_by_repository_sources,1468
5930,cd197322-30d0-4e65-9628-64bab8f388a3,Klasgården i Laknäs,Sweden,60.8402959454,14.9993929043,https://browser.sead.se/site/5930,inventory_only,False,0,0,0,[],0,0,0,0,0,1731,coarse_spatial_context_only,not_captured_by_repository_sources,1469
5931,0a549256-161a-4c11-bb9f-42cedfdbd87f,Klaus Mortensens hus,Sweden,55.6045678016,13.0029526263,https://browser.sead.se/site/5931,inventory_only,False,0,0,0,[],0,0,0,0,0,6654,coarse_spatial_context_only,not_captured_by_repository_sources,1470
5933,9b5ba321-d9be-4caa-b8a6-fb3d2949e5ff,Klitten,Sweden,61.2782199149,14.1009859756,https://browser.sead.se/site/5933,inventory_only,False,0,0,0,[],0,0,0,0,0,1202,coarse_spatial_context_only,not_captured_by_repository_sources,1471
5934,268a73f4-acbe-4908-999e-a7e81e40f13f,Klockars i Loka,Sweden,61.2736589462,14.0081776606,https://browser.sead.se/site/5934,inventory_only,False,0,0,0,[],0,0,0,0,0,1202,coarse_spatial_context_only,not_captured_by_repository_sources,1472
5935,2ea6e179-754b-4e8a-97a5-92196d565f4f,Klösta,Sweden,63.3196175341,14.8032253444,https://browser.sead.se/site/5935,inventory_only,False,0,0,0,[],0,0,0,0,0,3868,coarse_spatial_context_only,not_captured_by_repository_sources,1473
5936,0e1974fb-f2eb-4de5-8e02-8f856a4a5cdd,Knutssons i Nederhögen,Sweden,62.4068504451,14.401919218,https://browser.sead.se/site/5936,inventory_only,False,0,0,0,[],0,0,0,0,0,1940,coarse_spatial_context_only,not_captured_by_repository_sources,1474
5937,17a0b0c6-bbc4-456d-83d6-b04a863b88af,Konga kyrka,Sweden,55.9786547754,13.1996318848,https://browser.sead.se/site/5937,inventory_only,False,0,0,0,[],0,0,0,0,0,6654,coarse_spatial_context_only,not_captured_by_repository_sources,1475
5938,97745ccc-3f17-4f19-8f57-e6635da3cf1f,Kopparbergs tingshus,Sweden,59.8757510411,14.9977673269,https://browser.sead.se/site/5938,inventory_only,False,0,0,0,[],0,0,0,0,0,2617,coarse_spatial_context_only,not_captured_by_repository_sources,1476
5939,8d715974-8045-49e7-a466-44001b2d53b6,Korsnäsgården,Sweden,60.7246297777,15.0027679297,https://browser.sead.se/site/5939,inventory_only,False,0,0,0,[],0,0,0,0,0,3988,coarse_spatial_context_only,not_captured_by_repository_sources,1477
6395,e1cf4df6-849c-4625-a6cc-69c2b3177932,Kristianstad 215:1,Sweden,56.03777481,14.12258475,https://browser.sead.se/site/6395,inventory_only,False,0,0,0,[],0,0,0,0,0,10817,coarse_spatial_context_only,not_captured_by_repository_sources,1478
6396,dc75d042-ac97-43c8-b4dd-b513230ecd81,Kristianstad 217:1,Sweden,56.03065511,14.12740941,https://browser.sead.se/site/6396,inventory_only,False,0,0,0,[],0,0,0,0,0,10817,coarse_spatial_context_only,not_captured_by_repository_sources,1479
6401,5b317e6e-7ed2-4500-acc3-bb149d738629,Kristianstad 93:1,Sweden,56.03047065,14.15512337,https://browser.sead.se/site/6401,inventory_only,False,0,0,0,[],0,0,0,0,0,10817,coarse_spatial_context_only,not_captured_by_repository_sources,1480
5941,b100e493-ed90-479d-8826-effa42e38f78,Kristoffersson i Mälgåsen,Sweden,62.8512709369,15.3242590187,https://browser.sead.se/site/5941,inventory_only,False,0,0,0,[],0,0,0,0,0,1173,coarse_spatial_context_only,not_captured_by_repository_sources,1481
5942,2c91c13f-ebd3-4e84-b0ec-4e2aac4a6d21,Kroa,Sweden,57.6154818529,15.5721692125,https://browser.sead.se/site/5942,inventory_only,False,0,0,0,[],0,0,0,0,0,4004,coarse_spatial_context_only,not_captured_by_repository_sources,1482
5943,e8887d4b-8dc4-453a-87e8-a28d5b02323a,Kropp kyrka,Sweden,56.0859864623,12.7975682023,https://browser.sead.se/site/5943,inventory_only,False,0,0,0,[],0,0,0,0,0,6333,coarse_spatial_context_only,not_captured_by_repository_sources,1483
5940,9e6ab09b-bba7-41d2-8a62-66585bd65651,Kråkgården i södra Bomansberg,Sweden,61.0044066557,14.7597925609,https://browser.sead.se/site/5940,inventory_only,False,0,0,0,[],0,0,0,0,0,1202,coarse_spatial_context_only,not_captured_by_repository_sources,1484
5944,8f773bbd-1f4c-4cd0-b8d8-27b2f78f450f,Kullen,Sweden,57.6974115229,11.9331046347,https://browser.sead.se/site/5944,inventory_only,False,0,0,0,[],0,0,0,0,0,5005,coarse_spatial_context_only,not_captured_by_repository_sources,1485
5945,2d1087aa-c5a9-4191-948e-5bf8153ef1e2,Kungslena kyrka,Sweden,58.2273759891,13.8053393414,https://browser.sead.se/site/5945,inventory_only,False,0,0,0,[],0,0,0,0,0,10501,coarse_spatial_context_only,not_captured_by_repository_sources,1486
5946,3de0a501-319f-4124-982e-926aca6e68f2,Kusens i Österstråsjö,Sweden,61.9502959125,16.3095489394,https://browser.sead.se/site/5946,inventory_only,False,0,0,0,[],0,0,0,0,0,3464,coarse_spatial_context_only,not_captured_by_repository_sources,1487
5947,5aff200b-6fb6-4015-89fd-eb436b0287a3,Kvarnbacken i Sundborn,Sweden,60.6545958612,15.777392148,https://browser.sead.se/site/5947,inventory_only,False,0,0,0,[],0,0,0,0,0,3988,coarse_spatial_context_only,not_captured_by_repository_sources,1488
6426,356f87bd-aae2-4ee7-b661-f249e1f124ac,"Kvarnfallet, Uppsala",Sweden,59.859176,17.634828,https://browser.sead.se/site/6426,inventory_only,False,0,0,0,[],0,0,0,0,0,27450,coarse_spatial_context_only,not_captured_by_repository_sources,1489
6303,831a12f5-ec25-43f7-80b6-4813df4ff31f,Kvarter General Ulfeldt,Sweden,56.0296258995,14.1562157967,https://browser.sead.se/site/6303,inventory_only,False,0,0,0,[],0,0,0,0,0,10817,coarse_spatial_context_only,not_captured_by_repository_sources,1490
6463,e66beb92-4fcd-46cc-8f95-035591f776a3,Kvarteret Gamla Holmarna,Sweden,58.58904033,16.17825283,https://browser.sead.se/site/6463,inventory_only,False,0,0,0,[],0,0,0,0,0,12413,coarse_spatial_context_only,not_captured_by_repository_sources,1491
6304,d9acab50-e2ac-45b5-a83d-cf8dc5d952ac,Kvarteret Iphigenia,Sweden,59.3246778561,18.0687304301,https://browser.sead.se/site/6304,inventory_only,False,0,0,0,[],0,0,0,0,0,10763,coarse_spatial_context_only,not_captured_by_repository_sources,1492
6305,5bf34c3b-22f5-424f-95e8-6f0180cc7ebf,Kvarteret Mercurius,Sweden,59.3253895499,18.0675110165,https://browser.sead.se/site/6305,inventory_only,False,0,0,0,[],0,0,0,0,0,10763,coarse_spatial_context_only,not_captured_by_repository_sources,1493
6464,2c57c5f7-0d38-4dba-8e67-a21ecdea3a7b,Kvarteret Spinnrocken,Sweden,58.58690953,16.19211471,https://browser.sead.se/site/6464,inventory_only,False,0,0,0,[],0,0,0,0,0,12413,coarse_spatial_context_only,not_captured_by_repository_sources,1494
6465,34f98be1-5b5d-4e54-afbf-9dbb1ccab904,Kvarteret Örtedalen,Sweden,59.86255873,17.63590028,https://browser.sead.se/site/6465,inventory_only,False,0,0,0,[],0,0,0,0,0,27450,coarse_spatial_context_only,not_captured_by_repository_sources,1495
5948,8070eb0c-c042-4865-9cff-2eb2fd360e44,Kvibergsnäs landeri,Sweden,57.7331967441,12.0404875533,https://browser.sead.se/site/5948,inventory_only,False,0,0,0,[],0,0,0,0,0,8569,coarse_spatial_context_only,not_captured_by_repository_sources,1496
5949,85cb403b-4edd-4a11-b0a8-c5ea5e3ccfd4,Kvistgården i Lenåsen,Sweden,61.0046584345,15.2449802574,https://browser.sead.se/site/5949,inventory_only,False,0,0,0,[],0,0,0,0,0,1607,coarse_spatial_context_only,not_captured_by_repository_sources,1497
5951,897fa42b-d2b1-4b67-be0e-e568063d7013,Kyrkbåthus i Laknäs,Sweden,60.8402959454,14.9993929043,https://browser.sead.se/site/5951,inventory_only,False,0,0,0,[],0,0,0,0,0,1731,coarse_spatial_context_only,not_captured_by_repository_sources,1498
6400,fca5a6fb-82b5-4a30-9ce3-1f23b4dc5dec,Kyrkheddinge 6:1,Sweden,55.64611009,13.27159975,https://browser.sead.se/site/6400,inventory_only,False,0,0,0,[],0,0,0,0,0,6654,coarse_spatial_context_only,not_captured_by_repository_sources,1499
5952,b82a000c-d744-4800-a38f-167237544b45,Kyrkhärbret Älvdalen,Sweden,61.2258005042,14.0425724197,https://browser.sead.se/site/5952,inventory_only,False,0,0,0,[],0,0,0,0,0,1202,coarse_spatial_context_only,not_captured_by_repository_sources,1500
5953,3cc7ef8d-0e55-4cf8-a8e6-a5f34d16a1f5,Kyrkladan Bur Mats i Tiberget,Sweden,61.0112595792,13.8211894757,https://browser.sead.se/site/5953,inventory_only,False,0,0,0,[],0,0,0,0,0,634,coarse_spatial_context_only,not_captured_by_repository_sources,1501
5954,a3b4c4d3-7528-4d06-a328-508d3bea9e91,Kyrkladan från Haverö,Sweden,62.3835100506,15.075138671,https://browser.sead.se/site/5954,inventory_only,False,0,0,0,[],0,0,0,0,0,1173,coarse_spatial_context_only,not_captured_by_repository_sources,1502
5950,b26e97f7-d6a3-4deb-a9d9-01d0ad2fa33a,Kyrkås gamla kyrka,Sweden,63.2228519902,14.8258663819,https://browser.sead.se/site/5950,inventory_only,False,0,0,0,[],0,0,0,0,0,3868,coarse_spatial_context_only,not_captured_by_repository_sources,1503
6301,7680430d-7565-4e3c-aba0-d64f2da7f926,Kågbo,Sweden,60.4448327265,17.2271688128,https://browser.sead.se/site/6301,inventory_only,False,0,0,0,[],0,0,0,0,0,5060,coarse_spatial_context_only,not_captured_by_repository_sources,1504
5914,520dd222-29d1-43d3-b489-c2ffdfff16d0,Kånna kyrka,Sweden,56.778800809,13.9003104818,https://browser.sead.se/site/5914,inventory_only,False,0,0,0,[],0,0,0,0,0,8912,coarse_spatial_context_only,not_captured_by_repository_sources,1505
5924,039dabbf-726d-4d0a-bfd7-4bf4f153e84b,Kåseholms slott,Sweden,55.5901178975,13.8845032442,https://browser.sead.se/site/5924,inventory_only,False,0,0,0,[],0,0,0,0,0,6654,coarse_spatial_context_only,not_captured_by_repository_sources,1506
6403,62e5f14f-e846-47e9-a34f-d845d2fd69f6,Köping 148:1,Sweden,59.51271952,15.99566777,https://browser.sead.se/site/6403,inventory_only,False,0,0,0,[],0,0,0,0,0,3873,coarse_spatial_context_only,not_captured_by_repository_sources,1507
5955,e4d482a3-0133-4b3f-904e-ce76915ac834,Labbgård,Sweden,63.3872502716,15.0280109707,https://browser.sead.se/site/5955,inventory_only,False,0,0,0,[],0,0,0,0,0,1538,coarse_spatial_context_only,not_captured_by_repository_sources,1508
5956,70c5807c-e9c7-4a8f-9733-3506bcf3137d,Lada Mellan-Selbäck,Sweden,60.9886562828,14.4472381801,https://browser.sead.se/site/5956,inventory_only,False,0,0,0,[],0,0,0,0,0,1731,coarse_spatial_context_only,not_captured_by_repository_sources,1509
5957,e04c006e-2052-43fc-ad7a-0e3926b9731c,Landbybon Vänjan,Sweden,60.7685487422,14.1407700929,https://browser.sead.se/site/5957,inventory_only,False,0,0,0,[],0,0,0,0,0,1731,coarse_spatial_context_only,not_captured_by_repository_sources,1510
5959,8ad4dfb0-338f-4db0-93d8-5bdb714efa62,Landgren i Bye,Sweden,63.2823707262,14.8548920424,https://browser.sead.se/site/5959,inventory_only,False,0,0,0,[],0,0,0,0,0,3868,coarse_spatial_context_only,not_captured_by_repository_sources,1511
5958,976e86d6-7920-4ef7-a5a0-640c764b3335,Landgården i Mon,Sweden,60.7866088557,14.8930360738,https://browser.sead.se/site/5958,inventory_only,False,0,0,0,[],0,0,0,0,0,1731,coarse_spatial_context_only,not_captured_by_repository_sources,1512
5963,0494a68b-019a-4445-906c-3c35f452e438,Lantbruksstyrelsen i Ede,Sweden,63.0579564099,14.8152399688,https://browser.sead.se/site/5963,inventory_only,False,0,0,0,[],0,0,0,0,0,3868,coarse_spatial_context_only,not_captured_by_repository_sources,1513
5964,ed264851-8e6e-4308-9c51-31a41e70f626,Lars Jonnsson i Fudal,Sweden,60.955196599,14.7087988487,https://browser.sead.se/site/5964,inventory_only,False,0,0,0,[],0,0,0,0,0,1731,coarse_spatial_context_only,not_captured_by_repository_sources,1514
5965,6fd40bb9-0bc7-4426-bf1e-3072a6e77000,Lars-Danielsgården i Persbo,Sweden,60.2077595841,15.2222361983,https://browser.sead.se/site/5965,inventory_only,False,0,0,0,[],0,0,0,0,0,3988,coarse_spatial_context_only,not_captured_by_repository_sources,1515
5966,ab8c1677-1c82-47d0-9f3e-7a0595eb6085,Larsgården i nedre Gärdsjö,Sweden,60.9356415519,15.2262010365,https://browser.sead.se/site/5966,inventory_only,False,0,0,0,[],0,0,0,0,0,3988,coarse_spatial_context_only,not_captured_by_repository_sources,1516
5967,a486e86c-dd9b-4cdd-8102-7bc06f11517b,Larspers i Nusnäs,Sweden,60.9589628963,14.6468312521,https://browser.sead.se/site/5967,inventory_only,False,0,0,0,[],0,0,0,0,0,1731,coarse_spatial_context_only,not_captured_by_repository_sources,1517
5968,b80e52a9-1867-43ff-aa55-f7edafb59c9a,Larssimilis i Persbo,Sweden,60.2077595841,15.2222361983,https://browser.sead.se/site/5968,inventory_only,False,0,0,0,[],0,0,0,0,0,3988,coarse_spatial_context_only,not_captured_by_repository_sources,1518
5969,dbddb958-be7a-4110-90bb-158beb14e2c2,Larsson i Smedsbo,Sweden,61.8408802919,16.4745182857,https://browser.sead.se/site/5969,inventory_only,False,0,0,0,[],0,0,0,0,0,3464,coarse_spatial_context_only,not_captured_by_repository_sources,1519
5970,e3e1e743-2811-47a0-be69-ccc388a9110a,Larsson i Tångeråsen,Sweden,63.5690208557,13.8121697347,https://browser.sead.se/site/5970,inventory_only,False,0,0,0,[],0,0,0,0,0,1147,coarse_spatial_context_only,not_captured_by_repository_sources,1520
5971,29a7191f-70e6-4237-86c8-6d661e171f86,Larssons i By,Sweden,63.2430037834,14.4473487314,https://browser.sead.se/site/5971,inventory_only,False,0,0,0,[],0,0,0,0,0,3868,coarse_spatial_context_only,not_captured_by_repository_sources,1521
5972,0b0509da-44bb-4670-93ec-f60be11d89e2,Lathman i Bodal,Sweden,63.0718933208,14.8918222083,https://browser.sead.se/site/5972,inventory_only,False,0,0,0,[],0,0,0,0,0,3868,coarse_spatial_context_only,not_captured_by_repository_sources,1522
5973,5f10db48-76fc-4248-813b-3838f8b8847b,Leksands kyrka,Sweden,60.7312637639,14.9837373505,https://browser.sead.se/site/5973,inventory_only,False,0,0,0,[],0,0,0,0,0,1731,coarse_spatial_context_only,not_captured_by_repository_sources,1523
6364,7a2f4d7d-d312-4228-8cfc-a9bc7c8ec9db,Lena 7:1,Sweden,57.99657775,12.64835823,https://browser.sead.se/site/6364,inventory_only,False,0,0,0,[],0,0,0,0,0,8569,coarse_spatial_context_only,not_captured_by_repository_sources,1524
5974,ed06a094-42bf-4aac-bc47-cef32f894db4,Levene kyrka,Sweden,58.3299031114,12.9025155686,https://browser.sead.se/site/5974,inventory_only,False,0,0,0,[],0,0,0,0,0,7321,coarse_spatial_context_only,not_captured_by_repository_sources,1525
5975,31856b3f-5962-4fcd-808a-84fa8eb36b3e,Lids kyrka,Sweden,58.9119930159,16.9904696494,https://browser.sead.se/site/5975,inventory_only,False,0,0,0,[],0,0,0,0,0,12413,coarse_spatial_context_only,not_captured_by_repository_sources,1526
5976,e13654db-137d-47ec-b447-691a04844696,Lilla Främsbacka,Sweden,60.6034408264,15.7414808542,https://browser.sead.se/site/5976,inventory_only,False,0,0,0,[],0,0,0,0,0,3988,coarse_spatial_context_only,not_captured_by_repository_sources,1527
6306,5a5ffd97-91de-40fc-ab76-e4bc74fa393f,Lilla Korpebo,Sweden,57.7268057462,13.4180964988,https://browser.sead.se/site/6306,inventory_only,False,0,0,0,[],0,0,0,0,0,8587,coarse_spatial_context_only,not_captured_by_repository_sources,1528
5666,00cbaffc-d52e-43c7-95b2-08bfaff7b566,Lilla Pålsjö,Sweden,56.068218,12.688009,https://browser.sead.se/site/5666,inventory_only,False,0,0,0,[],0,0,0,0,0,6333,coarse_spatial_context_only,not_captured_by_repository_sources,1529
6307,692b82fa-8f13-4583-baae-7794bbe00db4,Lillanäs,Sweden,58.0419648071,14.7526082329,https://browser.sead.se/site/6307,inventory_only,False,0,0,0,[],0,0,0,0,0,3815,coarse_spatial_context_only,not_captured_by_repository_sources,1530
5977,dec0d7a8-19bb-4821-b562-b7badbc8658b,Limkläloftet från Hallosbacken,Sweden,61.0366464845,15.1956372329,https://browser.sead.se/site/5977,inventory_only,False,0,0,0,[],0,0,0,0,0,1607,coarse_spatial_context_only,not_captured_by_repository_sources,1531
6444,88ec142c-f043-49ee-b1c9-1c9003725da2,Lina bog,Sweden,57.5781928,18.73236074,https://browser.sead.se/site/6444,inventory_only,False,0,0,0,[],0,0,0,0,0,13558,coarse_spatial_context_only,not_captured_by_repository_sources,1532
5979,3c3878f8-beb9-4401-b3cd-67683622abe2,Lindborg i Långsillremon,Sweden,62.4674024317,14.8677023445,https://browser.sead.se/site/5979,inventory_only,False,0,0,0,[],0,0,0,0,0,1940,coarse_spatial_context_only,not_captured_by_repository_sources,1533
5980,f367fd34-55d5-412d-a19d-0d8bc019fac5,Lindgren i Tunvågen,Sweden,62.8836654797,14.6650007563,https://browser.sead.se/site/5980,inventory_only,False,0,0,0,[],0,0,0,0,0,1940,coarse_spatial_context_only,not_captured_by_repository_sources,1534
5981,cc68ca44-cdde-4528-b768-73f63f719019,Lindmansgården i Eggen,Sweden,63.3092516385,13.6700736596,https://browser.sead.se/site/5981,inventory_only,False,0,0,0,[],0,0,0,0,0,1147,coarse_spatial_context_only,not_captured_by_repository_sources,1535
5978,b991208d-d70c-4dcd-bf99-09c9397be054,Lindås,Sweden,57.5296303225,13.6423996398,https://browser.sead.se/site/5978,inventory_only,False,0,0,0,[],0,0,0,0,0,8587,coarse_spatial_context_only,not_captured_by_repository_sources,1536
6413,9157ed1b-4bca-4e74-b7ae-5fc6236b6271,Linköping 153:1,Sweden,58.4108464,15.6220944,https://browser.sead.se/site/6413,inventory_only,False,0,0,0,[],0,0,0,0,0,9863,coarse_spatial_context_only,not_captured_by_repository_sources,1537
6406,7af67c4d-85aa-4c1a-9860-97f19b3f2af5,Linköping 503,Sweden,58.4317723,15.63323285,https://browser.sead.se/site/6406,inventory_only,False,0,0,0,[],0,0,0,0,0,9863,coarse_spatial_context_only,not_captured_by_repository_sources,1538
5982,8036d445-171e-44f5-81b4-4d37be8e4ced,Lisskvarngården i Malmsta,Sweden,60.4749890032,14.469566465,https://browser.sead.se/site/5982,inventory_only,False,0,0,0,[],0,0,0,0,0,1731,coarse_spatial_context_only,not_captured_by_repository_sources,1539
5983,0c6da898-54d9-4ead-a46e-1d6bc87a6cb1,Lithströms i Österuppland,Sweden,63.3114516063,13.601673836,https://browser.sead.se/site/5983,inventory_only,False,0,0,0,[],0,0,0,0,0,1147,coarse_spatial_context_only,not_captured_by_repository_sources,1540
3583,22c66d4b-5418-4a27-86c7-2523a909543c,Litslena 561,Sweden,59.6398208741,17.2434797452,https://browser.sead.se/site/3583,inventory_only,False,0,0,0,[],0,0,0,0,0,27450,coarse_spatial_context_only,not_captured_by_repository_sources,1541
5984,1a5fdbde-e2bf-47d1-9166-f3ee3f6e4078,Ljungsarps kyrka,Sweden,57.5657611087,13.5785295252,https://browser.sead.se/site/5984,inventory_only,False,0,0,0,[],0,0,0,0,0,8587,coarse_spatial_context_only,not_captured_by_repository_sources,1542
5655,907d2d6f-9530-4c66-bfd2-544e723042b6,Ljusträdet i Lundagård,Sweden,55.705497,13.195137,https://browser.sead.se/site/5655,inventory_only,False,0,0,0,[],0,0,0,0,0,6654,coarse_spatial_context_only,not_captured_by_repository_sources,1543
5985,867424cd-eee1-48fe-9954-d121889ae424,Loft i Ytterocke,Sweden,63.2627551152,13.8417506919,https://browser.sead.se/site/5985,inventory_only,False,0,0,0,[],0,0,0,0,0,1147,coarse_spatial_context_only,not_captured_by_repository_sources,1544
5990,4d3b8037-9f35-4348-ab61-03d2ad46f3a6,Losgården i Gråda,Sweden,60.610493654,15.0297734116,https://browser.sead.se/site/5990,inventory_only,False,0,0,0,[],0,0,0,0,0,3988,coarse_spatial_context_only,not_captured_by_repository_sources,1545
6308,969b1c67-355a-4694-b1f9-54573bab2003,Lovö prästgård,Sweden,59.3224403323,17.8265550414,https://browser.sead.se/site/6308,inventory_only,False,0,0,0,[],0,0,0,0,0,27450,coarse_spatial_context_only,not_captured_by_repository_sources,1546
6385,9ede6a83-dc73-494a-a40c-bbcd0dbd4b6c,Lund 73:1,Sweden,55.7034776,13.19281795,https://browser.sead.se/site/6385,inventory_only,False,0,0,0,[],0,0,0,0,0,6654,coarse_spatial_context_only,not_captured_by_repository_sources,1547
5991,70e06cce-c913-43f6-aadf-eedf9a1f91ad,Lund i Hov,Sweden,63.1534520385,14.3565655882,https://browser.sead.se/site/5991,inventory_only,False,0,0,0,[],0,0,0,0,0,3868,coarse_spatial_context_only,not_captured_by_repository_sources,1548
5992,aa03b043-3e9b-4383-ae64-be203e08b3c1,Lundins i Norrskog,Sweden,60.7203076313,14.7626128212,https://browser.sead.se/site/5992,inventory_only,False,0,0,0,[],0,0,0,0,0,1731,coarse_spatial_context_only,not_captured_by_repository_sources,1549
5993,bcae93b5-6721-4c6b-9730-28cf2d6ed76e,Lunnahöje,Sweden,56.0679715311,13.7324194237,https://browser.sead.se/site/5993,inventory_only,False,0,0,0,[],0,0,0,0,0,8912,coarse_spatial_context_only,not_captured_by_repository_sources,1550
5646,cfae5f83-faaa-406b-9ee2-131e7bbc0b03,Lyckås,Sweden,57.879129,14.34737,https://browser.sead.se/site/5646,inventory_only,False,0,0,0,[],0,0,0,0,0,8067,coarse_spatial_context_only,not_captured_by_repository_sources,1551
5994,377c0ed3-d9b7-4d06-bca3-1ddb9cb7b9b0,Lyngsjö kyrka,Sweden,55.9353353031,14.0714715859,https://browser.sead.se/site/5994,inventory_only,False,0,0,0,[],0,0,0,0,0,3205,coarse_spatial_context_only,not_captured_by_repository_sources,1552
5961,30dc385d-20e7-417f-9e42-4a6c326a5f0d,Lännavägen,Sweden,59.2055234589,18.0062122095,https://browser.sead.se/site/5961,inventory_only,False,0,0,0,[],0,0,0,0,0,10763,coarse_spatial_context_only,not_captured_by_repository_sources,1553
5962,c3bf4bb7-f657-4610-a25b-9a83c618ac16,Länsmansgården i Klösta,Sweden,63.3196175341,14.8032253444,https://browser.sead.se/site/5962,inventory_only,False,0,0,0,[],0,0,0,0,0,3868,coarse_spatial_context_only,not_captured_by_repository_sources,1554
6372,db09a00d-3480-4e74-85af-820f63b9a80e,Lärbro 579:1,Sweden,57.78801902,18.79781922,https://browser.sead.se/site/6372,inventory_only,False,0,0,0,[],0,0,0,0,0,13558,coarse_spatial_context_only,not_captured_by_repository_sources,1555
5960,f43003c6-77b3-4056-98ad-bf257205a91a,Långsved,Sweden,62.9059662408,14.3904538021,https://browser.sead.se/site/5960,inventory_only,False,0,0,0,[],0,0,0,0,0,1940,coarse_spatial_context_only,not_captured_by_repository_sources,1556
5986,3c800e75-787d-4a06-be0a-fcec034a1d65,Lökes i Skästra,Sweden,61.7435568634,16.1600301757,https://browser.sead.se/site/5986,inventory_only,False,0,0,0,[],0,0,0,0,0,3464,coarse_spatial_context_only,not_captured_by_repository_sources,1557
5987,1e53747f-6bc0-42ea-99f9-8c40a18fcacf,Lönneberga kyrka,Sweden,57.5348593409,15.6942516982,https://browser.sead.se/site/5987,inventory_only,False,0,0,0,[],0,0,0,0,0,4004,coarse_spatial_context_only,not_captured_by_repository_sources,1558
5989,aa908f9a-5ed3-4d79-96b8-346be8b91fbf,Lösens kyrka,Sweden,56.1969571537,15.6884482118,https://browser.sead.se/site/5989,inventory_only,False,0,0,0,[],0,0,0,0,0,5849,coarse_spatial_context_only,not_captured_by_repository_sources,1559
6309,3419be82-5157-4a9d-b434-980926239798,Maglehem,Sweden,55.7733466846,14.1528496589,https://browser.sead.se/site/6309,inventory_only,False,0,0,0,[],0,0,0,0,0,3205,coarse_spatial_context_only,not_captured_by_repository_sources,1560
5995,eb8e4d9d-5af9-41d7-ac4b-8450bcd46df1,Maglö borg,Sweden,56.0525506836,13.6256785241,https://browser.sead.se/site/5995,inventory_only,False,0,0,0,[],0,0,0,0,0,8912,coarse_spatial_context_only,not_captured_by_repository_sources,1561
5996,a0ddc230-6eb5-4a4a-8246-191bd4ce6f94,Malungs kyrka,Sweden,60.6682875489,13.7321077718,https://browser.sead.se/site/5996,inventory_only,False,0,0,0,[],0,0,0,0,0,5468,coarse_spatial_context_only,not_captured_by_repository_sources,1562
5997,a22c71c9-ebcf-4138-8681-00c676f9c207,Manberg i Sjör,Sweden,63.2520188855,14.8655391821,https://browser.sead.se/site/5997,inventory_only,False,0,0,0,[],0,0,0,0,0,3868,coarse_spatial_context_only,not_captured_by_repository_sources,1563
5998,72593b80-5605-45aa-9c4f-80bcd801fcec,Mankas i Torsgård,Sweden,63.1114586857,16.3858490583,https://browser.sead.se/site/5998,inventory_only,False,0,0,0,[],0,0,0,0,0,1855,coarse_spatial_context_only,not_captured_by_repository_sources,1564
6000,06238284-5761-4062-8d51-b504aa41c805,Marby gamla kyrka,Sweden,63.1301837214,14.2862821472,https://browser.sead.se/site/6000,inventory_only,False,0,0,0,[],0,0,0,0,0,3868,coarse_spatial_context_only,not_captured_by_repository_sources,1565
6377,8b3f5bf2-4864-41ca-a477-b4354ffae7af,Mariefred 21:1,Sweden,59.25951373,17.22364326,https://browser.sead.se/site/6377,inventory_only,False,0,0,0,[],0,0,0,0,0,27450,coarse_spatial_context_only,not_captured_by_repository_sources,1566
6001,01937376-db7e-4c77-9039-746ad0fb9f75,Marka kyrka,Sweden,58.158892028,13.4802212002,https://browser.sead.se/site/6001,inventory_only,False,0,0,0,[],0,0,0,0,0,10501,coarse_spatial_context_only,not_captured_by_repository_sources,1567
6002,3b3763ee-8850-43cb-8e1b-4f76a151494e,Marmaverken,Sweden,61.2769444615,16.865985183,https://browser.sead.se/site/6002,inventory_only,False,0,0,0,[],0,0,0,0,0,3464,coarse_spatial_context_only,not_captured_by_repository_sources,1568
6448,e3a61e61-3f7f-4b78-9f88-95ac42e6cb34,Martebomyr,Sweden,57.7380639,18.5464599,https://browser.sead.se/site/6448,inventory_only,False,0,0,0,[],0,0,0,0,0,13558,coarse_spatial_context_only,not_captured_by_repository_sources,1569
6004,c6e8c70e-a199-450c-980b-3d922d7f1daa,Martin Bränd i Nedre Gärdsjö,Sweden,60.9356415519,15.2262010365,https://browser.sead.se/site/6004,inventory_only,False,0,0,0,[],0,0,0,0,0,3988,coarse_spatial_context_only,not_captured_by_repository_sources,1570
6005,fd1b4cf6-7169-49b4-986c-1358939c4ff2,Marums kyrka,Sweden,58.3568089222,13.3679481763,https://browser.sead.se/site/6005,inventory_only,False,0,0,0,[],0,0,0,0,0,10501,coarse_spatial_context_only,not_captured_by_repository_sources,1571
6006,ac4e8159-dd90-4f8d-b05c-cb77f94b6a22,Matspers i Fåsås,Sweden,60.9667757931,14.8013381755,https://browser.sead.se/site/6006,inventory_only,False,0,0,0,[],0,0,0,0,0,1731,coarse_spatial_context_only,not_captured_by_repository_sources,1572
6007,6b8c33a0-b18b-472c-9942-e5401351b41b,Mattmars kyrka,Sweden,63.3042568619,13.8956126604,https://browser.sead.se/site/6007,inventory_only,False,0,0,0,[],0,0,0,0,0,1147,coarse_spatial_context_only,not_captured_by_repository_sources,1573
6008,74136227-1c30-452d-86f8-c69404697a9a,Mattson i Stora Snöån,Sweden,60.0780324506,15.2150371074,https://browser.sead.se/site/6008,inventory_only,False,0,0,0,[],0,0,0,0,0,3988,coarse_spatial_context_only,not_captured_by_repository_sources,1574
6009,923d1b3d-74af-4edf-9049-ae5e12fd956a,Melins härbre,Sweden,60.9272605584,14.6265767575,https://browser.sead.se/site/6009,inventory_only,False,0,0,0,[],0,0,0,0,0,1731,coarse_spatial_context_only,not_captured_by_repository_sources,1575
6010,2985a248-3928-45af-9972-a868987b4530,Mellanhärbret från kyrkvallen,Sweden,61.2244902498,14.0413831708,https://browser.sead.se/site/6010,inventory_only,False,0,0,0,[],0,0,0,0,0,1202,coarse_spatial_context_only,not_captured_by_repository_sources,1576
6012,3dfbcdba-3f39-4869-9485-5c74b9a498c7,Mjellrumsgården,Sweden,58.4002029009,15.5848636001,https://browser.sead.se/site/6012,inventory_only,False,0,0,0,[],0,0,0,0,0,9863,coarse_spatial_context_only,not_captured_by_repository_sources,1577
6011,6aff7f64-205f-4f40-a0ed-4e105d4917ab,Mjäldrunga kyrka,Sweden,58.0755519797,13.2458638875,https://browser.sead.se/site/6011,inventory_only,False,0,0,0,[],0,0,0,0,0,10501,coarse_spatial_context_only,not_captured_by_repository_sources,1578
6013,b7155095-9826-4151-8394-2e36ceb81b38,Modigs i Ingärdningsbodarna,Sweden,60.9828924442,14.8682802587,https://browser.sead.se/site/6013,inventory_only,False,0,0,0,[],0,0,0,0,0,1731,coarse_spatial_context_only,not_captured_by_repository_sources,1579
6312,f41de016-13c4-44e1-9b3e-86b22539a9f3,Morbygden,Sweden,60.597016283,15.5311008963,https://browser.sead.se/site/6312,inventory_only,False,0,0,0,[],0,0,0,0,0,3988,coarse_spatial_context_only,not_captured_by_repository_sources,1580
6016,888690a4-aed1-4b26-b7e9-266166dc77a4,Morlinggården i Utby,Sweden,60.5386253012,14.3846136789,https://browser.sead.se/site/6016,inventory_only,False,0,0,0,[],0,0,0,0,0,1731,coarse_spatial_context_only,not_captured_by_repository_sources,1581
6412,15523431-fc89-46bb-afe0-ff13fd20bfe5,Motala 173:1,Sweden,58.53362056,15.05000705,https://browser.sead.se/site/6412,inventory_only,False,0,0,0,[],0,0,0,0,0,9863,coarse_spatial_context_only,not_captured_by_repository_sources,1582
6018,7e39dccb-b812-45f7-b57b-193aa48ed8aa,Muréns i Ope,Sweden,63.1316948317,14.7654497157,https://browser.sead.se/site/6018,inventory_only,False,0,0,0,[],0,0,0,0,0,3868,coarse_spatial_context_only,not_captured_by_repository_sources,1583
6019,ce9951ae-30ac-4163-8dd2-b19bb2f7e2ed,Myhrs i Selja,Sweden,61.0191560761,14.4676136315,https://browser.sead.se/site/6019,inventory_only,False,0,0,0,[],0,0,0,0,0,1202,coarse_spatial_context_only,not_captured_by_repository_sources,1584
6020,27727061-7bcc-4307-bf68-c7c04e1ff8a4,Myssjö kyrka,Sweden,62.9250956399,14.3684928791,https://browser.sead.se/site/6020,inventory_only,False,0,0,0,[],0,0,0,0,0,1940,coarse_spatial_context_only,not_captured_by_repository_sources,1585
6310,ea805b46-15c0-4fa8-82a9-e810c17c5b76,Målen,Sweden,56.1892589981,15.0128096293,https://browser.sead.se/site/6310,inventory_only,False,0,0,0,[],0,0,0,0,0,5849,coarse_spatial_context_only,not_captured_by_repository_sources,1586
6352,2410a125-e333-4511-b903-123e4131f3aa,Målilla 381,Sweden,57.38807174,15.78600373,https://browser.sead.se/site/6352,inventory_only,False,0,0,0,[],0,0,0,0,0,4004,coarse_spatial_context_only,not_captured_by_repository_sources,1587
5999,b1b8e0a9-1a13-44b1-9ab5-c2e5a712d235,Månstads kyrka,Sweden,57.6028672067,13.3468672252,https://browser.sead.se/site/5999,inventory_only,False,0,0,0,[],0,0,0,0,0,8587,coarse_spatial_context_only,not_captured_by_repository_sources,1588
6003,5de77fc0-182d-438c-bc82-b3670166a23e,Mårtens i Bäck,Sweden,61.1387496623,14.4403084552,https://browser.sead.se/site/6003,inventory_only,False,0,0,0,[],0,0,0,0,0,1202,coarse_spatial_context_only,not_captured_by_repository_sources,1589
6014,3d6d8f43-5e37-4b0c-a11d-14b6eb7ed984,Mölleberga kyrka,Sweden,55.6082279574,13.1773489748,https://browser.sead.se/site/6014,inventory_only,False,0,0,0,[],0,0,0,0,0,6654,coarse_spatial_context_only,not_captured_by_repository_sources,1590
6015,ba3e9fdf-0d59-4d93-88e6-bdd107e74cae,Mölltorps kyrka,Sweden,58.4942994585,14.4064363487,https://browser.sead.se/site/6015,inventory_only,False,0,0,0,[],0,0,0,0,0,3815,coarse_spatial_context_only,not_captured_by_repository_sources,1591
6357,a1d2930d-c056-41b2-93bf-f9f71f77df55,Mönsterås 376:1,Sweden,57.061524,16.514938,https://browser.sead.se/site/6357,inventory_only,False,0,0,0,[],0,0,0,0,0,8480,coarse_spatial_context_only,not_captured_by_repository_sources,1592
6025,3ec01b0f-d0ff-49a5-86fa-e4d1df5bdf2a,Naverstads kyrka,Sweden,58.7634807815,11.5672556676,https://browser.sead.se/site/6025,inventory_only,False,0,0,0,[],0,0,0,0,0,16773,coarse_spatial_context_only,not_captured_by_repository_sources,1593
6026,76612165-fb56-4446-b404-c97814975089,Nicklasson i Järpen,Sweden,63.3869038473,13.4204807452,https://browser.sead.se/site/6026,inventory_only,False,0,0,0,[],0,0,0,0,0,1147,coarse_spatial_context_only,not_captured_by_repository_sources,1594
6027,b6f0302a-3cd9-4a21-9fac-19322d35b1c1,Nils Erik Olssons i Noret,Sweden,60.5574476642,14.423501043,https://browser.sead.se/site/6027,inventory_only,False,0,0,0,[],0,0,0,0,0,1731,coarse_spatial_context_only,not_captured_by_repository_sources,1595
6343,233b547f-6c2c-450f-9f0b-949348931b80,Nora 416,Sweden,60.07900505,16.91405861,https://browser.sead.se/site/6343,inventory_only,False,0,0,0,[],0,0,0,0,0,4239,coarse_spatial_context_only,not_captured_by_repository_sources,1596
6313,46872c5f-8642-4fe2-9a93-dfadabb07edc,Norbergsby,Sweden,60.0682671318,15.9260618326,https://browser.sead.se/site/6313,inventory_only,False,0,0,0,[],0,0,0,0,0,3988,coarse_spatial_context_only,not_captured_by_repository_sources,1597
6028,3f859b9c-16c7-41fc-a593-b6f265b54a0f,Nordanå gård,Sweden,56.2896984384,14.0320738126,https://browser.sead.se/site/6028,inventory_only,False,0,0,0,[],0,0,0,0,0,10817,coarse_spatial_context_only,not_captured_by_repository_sources,1598
6029,50256c3a-5bcc-46de-b045-e1e02ecaad3d,Norderö kyrka,Sweden,63.1491443327,14.3606497403,https://browser.sead.se/site/6029,inventory_only,False,0,0,0,[],0,0,0,0,0,3868,coarse_spatial_context_only,not_captured_by_repository_sources,1599
6030,3e956d21-8bdf-4687-82d5-36f1b781c83d,Nordvästra härbret Zorns gammelgård,Sweden,60.998192934,14.5464294488,https://browser.sead.se/site/6030,inventory_only,False,0,0,0,[],0,0,0,0,0,1731,coarse_spatial_context_only,not_captured_by_repository_sources,1600
6032,5d007adf-4183-46e4-8558-ff834c5a55b2,Noring i Sanne,Sweden,62.9672812486,14.490798893,https://browser.sead.se/site/6032,inventory_only,False,0,0,0,[],0,0,0,0,0,1940,coarse_spatial_context_only,not_captured_by_repository_sources,1601
6033,e9e6e003-7423-4c7a-8c67-4a879a1ecc86,Norra Fågelås kyrka,Sweden,58.2671866017,14.2661531689,https://browser.sead.se/site/6033,inventory_only,False,0,0,0,[],0,0,0,0,0,3815,coarse_spatial_context_only,not_captured_by_repository_sources,1602
6034,4ddc756c-936f-4d9c-97bd-56069d02b36a,Norra Strö kyrka,Sweden,56.1081062135,14.0306063794,https://browser.sead.se/site/6034,inventory_only,False,0,0,0,[],0,0,0,0,0,10817,coarse_spatial_context_only,not_captured_by_repository_sources,1603
6035,aa8dab71-d40a-45e3-97be-da41413137d0,Norrgården i Östansjö,Sweden,63.0121887477,16.3359803771,https://browser.sead.se/site/6035,inventory_only,False,0,0,0,[],0,0,0,0,0,1855,coarse_spatial_context_only,not_captured_by_repository_sources,1604
6036,04074647-658e-4505-9dcf-b8c48d32d216,Norup,Sweden,56.1239030415,14.1207744426,https://browser.sead.se/site/6036,inventory_only,False,0,0,0,[],0,0,0,0,0,10817,coarse_spatial_context_only,not_captured_by_repository_sources,1605
6031,f191de0b-be38-4c5c-983b-4273910ccbde,Norén i Trusta,Sweden,63.2547475172,14.4081871524,https://browser.sead.se/site/6031,inventory_only,False,0,0,0,[],0,0,0,0,0,3868,coarse_spatial_context_only,not_captured_by_repository_sources,1606
6039,32ad3bae-7efe-4613-8a54-72da11cbbf65,Nygårds i Nedre Gärdsjö,Sweden,60.9354398446,15.2339124462,https://browser.sead.se/site/6039,inventory_only,False,0,0,0,[],0,0,0,0,0,3988,coarse_spatial_context_only,not_captured_by_repository_sources,1607
6040,f4c94db5-e528-411f-b926-abc4abebce44,Nygårds i Ovanmyra,Sweden,61.0018321457,15.2232693952,https://browser.sead.se/site/6040,inventory_only,False,0,0,0,[],0,0,0,0,0,1607,coarse_spatial_context_only,not_captured_by_repository_sources,1608
6374,b7dfba16-67a8-41f6-ae8f-62736ebd9b10,Nyköping 661,Sweden,58.74822085,17.01368293,https://browser.sead.se/site/6374,inventory_only,False,0,0,0,[],0,0,0,0,0,4303,coarse_spatial_context_only,not_captured_by_repository_sources,1609
6370,f55135c6-9bde-45a4-8959-78415a60e4c7,När 219,Sweden,57.23985049,18.67004835,https://browser.sead.se/site/6370,inventory_only,False,0,0,0,[],0,0,0,0,0,13558,coarse_spatial_context_only,not_captured_by_repository_sources,1610
6021,bbcfc6e2-67c5-4cf4-8842-5deecd5b1afb,Näs gård i Persbo,Sweden,60.2077595841,15.2222361983,https://browser.sead.se/site/6021,inventory_only,False,0,0,0,[],0,0,0,0,0,3988,coarse_spatial_context_only,not_captured_by_repository_sources,1611
6022,1b4e5722-754b-454d-baf1-68a3301bd931,Näs Herrgård,Sweden,57.8616543524,13.7795412167,https://browser.sead.se/site/6022,inventory_only,False,0,0,0,[],0,0,0,0,0,8587,coarse_spatial_context_only,not_captured_by_repository_sources,1612
6023,7fdd63dc-eb58-41c4-bfc2-c6bb53bb9a82,Näsjonases i Andtjärabo,Sweden,61.4293146624,15.6599728984,https://browser.sead.se/site/6023,inventory_only,False,0,0,0,[],0,0,0,0,0,1607,coarse_spatial_context_only,not_captured_by_repository_sources,1613
6024,1ff05d55-3c21-4328-9113-49fb2f49b9d5,Näsjons i Åberga,Sweden,61.1600898134,14.7589259398,https://browser.sead.se/site/6024,inventory_only,False,0,0,0,[],0,0,0,0,0,1202,coarse_spatial_context_only,not_captured_by_repository_sources,1614
6037,b5df6de2-341f-49be-a71a-bd799a3df65f,Nösslinge kyrka,Sweden,57.2096745098,12.5548795231,https://browser.sead.se/site/6037,inventory_only,False,0,0,0,[],0,0,0,0,0,8569,coarse_spatial_context_only,not_captured_by_repository_sources,1615
6038,0345dc2e-a29a-4e88-a47a-5ca29594c392,Nöttja kyrka,Sweden,56.7148941188,13.7650829385,https://browser.sead.se/site/6038,inventory_only,False,0,0,0,[],0,0,0,0,0,8912,coarse_spatial_context_only,not_captured_by_repository_sources,1616
6041,159cfaae-4775-4796-9fa3-0f6b01e56b6a,Odelbergs Ön,Sweden,62.4044894151,15.0021284183,https://browser.sead.se/site/6041,inventory_only,False,0,0,0,[],0,0,0,0,0,1173,coarse_spatial_context_only,not_captured_by_repository_sources,1617
6042,0f4535dd-1faa-403e-8b76-dd25ef3119c9,Ods kyrka,Sweden,57.9432448817,13.1875016082,https://browser.sead.se/site/6042,inventory_only,False,0,0,0,[],0,0,0,0,0,8587,coarse_spatial_context_only,not_captured_by_repository_sources,1618
6043,c8640eae-ac7a-49bd-a182-7f2d7cd0a3f3,Offerdals kyrka,Sweden,63.4635503086,14.0071061459,https://browser.sead.se/site/6043,inventory_only,False,0,0,0,[],0,0,0,0,0,3868,coarse_spatial_context_only,not_captured_by_repository_sources,1619
6045,b50e2b5d-3c30-424b-bb47-2da0c0bce12a,Olaloftet från norra Mon,Sweden,60.7058235711,13.6802064566,https://browser.sead.se/site/6045,inventory_only,False,0,0,0,[],0,0,0,0,0,5468,coarse_spatial_context_only,not_captured_by_repository_sources,1620
6046,fa2413a5-ec6c-42ce-be84-dd75aba79997,Olars i Holen Västra Öje,Sweden,60.811130614,13.8434094346,https://browser.sead.se/site/6046,inventory_only,False,0,0,0,[],0,0,0,0,0,5468,coarse_spatial_context_only,not_captured_by_repository_sources,1621
6047,6adbdcf4-2893-4dc1-b9fa-28557aff3487,Olars i Knåda,Sweden,61.3875002227,15.8963857086,https://browser.sead.se/site/6047,inventory_only,False,0,0,0,[],0,0,0,0,0,1607,coarse_spatial_context_only,not_captured_by_repository_sources,1622
6048,aeb21eac-1cb2-4dcd-a793-524a6e264154,Olers-gården i Stenshyttan,Sweden,60.4904042089,16.2826366479,https://browser.sead.se/site/6048,inventory_only,False,0,0,0,[],0,0,0,0,0,4239,coarse_spatial_context_only,not_captured_by_repository_sources,1623
6049,a0036f28-e92b-4d4c-8144-cdcb3e4b98b5,Oljonsgården i Hara,Sweden,63.0391067553,14.4650124221,https://browser.sead.se/site/6049,inventory_only,False,0,0,0,[],0,0,0,0,0,3868,coarse_spatial_context_only,not_captured_by_repository_sources,1624
6050,8bb579a2-f92d-4e49-960c-568072bc8edb,Ollars i Orsbleck,Sweden,61.1365262655,14.7059796769,https://browser.sead.se/site/6050,inventory_only,False,0,0,0,[],0,0,0,0,0,1202,coarse_spatial_context_only,not_captured_by_repository_sources,1625
6051,1d7eccc8-3b6a-447a-a8c4-6fcdc56fc6a0,Ollas i Ovanmyra,Sweden,61.0029569022,15.2271418937,https://browser.sead.se/site/6051,inventory_only,False,0,0,0,[],0,0,0,0,0,1607,coarse_spatial_context_only,not_captured_by_repository_sources,1626
6053,43e1e579-8cdb-4c7f-96c9-8b81980757ba,Olmats i Noret,Sweden,61.0024041724,14.5915609211,https://browser.sead.se/site/6053,inventory_only,False,0,0,0,[],0,0,0,0,0,1202,coarse_spatial_context_only,not_captured_by_repository_sources,1627
6052,45c7a1cd-4fbb-4772-920a-f9de96f21caa,Olmårs i Vik,Sweden,61.6834852831,16.1903756464,https://browser.sead.se/site/6052,inventory_only,False,0,0,0,[],0,0,0,0,0,3464,coarse_spatial_context_only,not_captured_by_repository_sources,1628
6054,4e714739-eb65-46cc-99ad-ad3d7999b9e2,Olofsson i Gärde,Sweden,63.5660374597,13.7786067428,https://browser.sead.se/site/6054,inventory_only,False,0,0,0,[],0,0,0,0,0,1147,coarse_spatial_context_only,not_captured_by_repository_sources,1629
6055,ee19f143-8af1-4942-a644-fb7b2deaf59d,Olols vallstuga,Sweden,61.5024308665,15.6938355111,https://browser.sead.se/site/6055,inventory_only,False,0,0,0,[],0,0,0,0,0,1607,coarse_spatial_context_only,not_captured_by_repository_sources,1630
6056,27bd21cf-cc6b-443b-8152-7b5a1257a23e,Olovsson i Hölje,Sweden,63.2872297514,14.7987605505,https://browser.sead.se/site/6056,inventory_only,False,0,0,0,[],0,0,0,0,0,3868,coarse_spatial_context_only,not_captured_by_repository_sources,1631
6057,95b791ba-f9dd-4249-9a01-129ced3c7462,Olperås i Färnäs,Sweden,60.9969222743,14.6269240709,https://browser.sead.se/site/6057,inventory_only,False,0,0,0,[],0,0,0,0,0,1731,coarse_spatial_context_only,not_captured_by_repository_sources,1632
6058,bb6df8e7-e6f2-4d0f-87e1-184b0c2a52ad,Olsson i Medvigge,Sweden,62.8454305414,14.3855609192,https://browser.sead.se/site/6058,inventory_only,False,0,0,0,[],0,0,0,0,0,1940,coarse_spatial_context_only,not_captured_by_repository_sources,1633
6059,12fab61f-0b7e-4887-aac3-e450e441dec3,Olsson i Sjör,Sweden,63.2520188855,14.8655391821,https://browser.sead.se/site/6059,inventory_only,False,0,0,0,[],0,0,0,0,0,3868,coarse_spatial_context_only,not_captured_by_repository_sources,1634
6060,2aae7095-ce63-4c71-ac26-0324fb41e34d,Olssons i Harabygden,Sweden,63.0337979941,14.46864778,https://browser.sead.se/site/6060,inventory_only,False,0,0,0,[],0,0,0,0,0,3868,coarse_spatial_context_only,not_captured_by_repository_sources,1635
6061,23f3ba46-2bc2-4724-84bf-d9ae59e22e87,Olssons i Ringsta,Sweden,63.4022872972,14.7476086853,https://browser.sead.se/site/6061,inventory_only,False,0,0,0,[],0,0,0,0,0,3868,coarse_spatial_context_only,not_captured_by_repository_sources,1636
6062,0edbb91c-c368-414c-988e-2c2a81a59883,Olvarberget,Sweden,60.4171607271,14.4108053066,https://browser.sead.se/site/6062,inventory_only,False,0,0,0,[],0,0,0,0,0,1731,coarse_spatial_context_only,not_captured_by_repository_sources,1637
5665,8b0ef45f-8a2d-4d77-a335-56202f88c9c9,Onsjöstugan,Sweden,55.984271,13.450913,https://browser.sead.se/site/5665,inventory_only,False,0,0,0,[],0,0,0,0,0,6654,coarse_spatial_context_only,not_captured_by_repository_sources,1638
6063,b10c3333-f86c-4a13-b833-ec5335c37c7c,Ornässtugan,Sweden,60.507051121,15.5528435049,https://browser.sead.se/site/6063,inventory_only,False,0,0,0,[],0,0,0,0,0,3988,coarse_spatial_context_only,not_captured_by_repository_sources,1639
6064,763568e3-6162-498c-ae20-34b04dcdc62d,Orsa kyrka,Sweden,61.1199838979,14.6145244063,https://browser.sead.se/site/6064,inventory_only,False,0,0,0,[],0,0,0,0,0,1202,coarse_spatial_context_only,not_captured_by_repository_sources,1640
6074,3f0c13f0-8928-4f94-b49b-64c27d016a10,Oxsjön,Sweden,62.355062286,16.108280208,https://browser.sead.se/site/6074,inventory_only,False,0,0,0,[],0,0,0,0,0,1674,coarse_spatial_context_only,not_captured_by_repository_sources,1641
6076,018a137c-c100-49c3-802d-ffb0f1222f44,Parhäbre i Mon,Sweden,60.7865639356,14.8929994914,https://browser.sead.se/site/6076,inventory_only,False,0,0,0,[],0,0,0,0,0,1731,coarse_spatial_context_only,not_captured_by_repository_sources,1642
6077,0daf86e2-9109-43e7-acd3-65af89eb5cf4,Pedersens i Berget,Sweden,60.9089504986,15.2828331477,https://browser.sead.se/site/6077,inventory_only,False,0,0,0,[],0,0,0,0,0,3988,coarse_spatial_context_only,not_captured_by_repository_sources,1643
6078,fdc76bf6-df7b-4bc2-ab91-457d4a3d3e46,Pellas i Färnäs,Sweden,60.9969222743,14.6269240709,https://browser.sead.se/site/6078,inventory_only,False,0,0,0,[],0,0,0,0,0,1731,coarse_spatial_context_only,not_captured_by_repository_sources,1644
6079,ca7aa0da-86ee-412b-8921-68f3a8d1c82f,Pellas i Östra Björken,Sweden,60.785182997,14.8563470361,https://browser.sead.se/site/6079,inventory_only,False,0,0,0,[],0,0,0,0,0,1731,coarse_spatial_context_only,not_captured_by_repository_sources,1645
6080,814af23a-bf6c-4493-8b17-2627531ba13d,Pellebergs i Älgberget,Sweden,60.6055053123,14.6236696171,https://browser.sead.se/site/6080,inventory_only,False,0,0,0,[],0,0,0,0,0,1731,coarse_spatial_context_only,not_captured_by_repository_sources,1646
6081,0bcc36b7-1b88-49e5-a160-339bd300dbce,Pellgården i Västanå,Sweden,60.9828327591,15.2017741387,https://browser.sead.se/site/6081,inventory_only,False,0,0,0,[],0,0,0,0,0,3988,coarse_spatial_context_only,not_captured_by_repository_sources,1647
6082,162dd0fd-98aa-42b7-a783-8fda25c8dcef,Peres i Blecket,Sweden,60.9218309157,15.2756803855,https://browser.sead.se/site/6082,inventory_only,False,0,0,0,[],0,0,0,0,0,3988,coarse_spatial_context_only,not_captured_by_repository_sources,1648
6083,ecf0d201-4218-4088-b8a5-683232ecb044,Peres i Vikarbyn,Sweden,60.9098832596,15.0216633825,https://browser.sead.se/site/6083,inventory_only,False,0,0,0,[],0,0,0,0,0,3988,coarse_spatial_context_only,not_captured_by_repository_sources,1649
6084,066be32a-6c11-4eb8-8845-5705be043bd5,PerJons i Vik,Sweden,61.6834852831,16.1903756464,https://browser.sead.se/site/6084,inventory_only,False,0,0,0,[],0,0,0,0,0,3464,coarse_spatial_context_only,not_captured_by_repository_sources,1650
6085,40df4016-ffb0-4a25-a8ab-9bc4ca7145d7,Perols i Nedre Gärdsjö,Sweden,60.9356415519,15.2262010365,https://browser.sead.se/site/6085,inventory_only,False,0,0,0,[],0,0,0,0,0,3988,coarse_spatial_context_only,not_captured_by_repository_sources,1651
6086,a3ee56bf-a458-4923-bab1-3a268ebabba3,Perols i Övre Gärdsjö,Sweden,60.9325167309,15.246916772,https://browser.sead.se/site/6086,inventory_only,False,0,0,0,[],0,0,0,0,0,3988,coarse_spatial_context_only,not_captured_by_repository_sources,1652
6087,85a29348-d264-4130-9590-c54f7ab8b761,Persgården,Sweden,58.4512764487,12.7764999143,https://browser.sead.se/site/6087,inventory_only,False,0,0,0,[],0,0,0,0,0,7321,coarse_spatial_context_only,not_captured_by_repository_sources,1653
6088,ff17156e-9359-4ac2-8e9a-2aec8f0dbe3c,Persson i Böle,Sweden,63.4794568768,14.2806796474,https://browser.sead.se/site/6088,inventory_only,False,0,0,0,[],0,0,0,0,0,3868,coarse_spatial_context_only,not_captured_by_repository_sources,1654
6089,7cc27454-779d-4b09-9c06-44e52509ef63,Persson i Lungre,Sweden,63.2249443028,14.8593381395,https://browser.sead.se/site/6089,inventory_only,False,0,0,0,[],0,0,0,0,0,3868,coarse_spatial_context_only,not_captured_by_repository_sources,1655
6090,2d1e602e-a45d-4a4d-b9fa-eaa5ea475b61,Perssons i Borr,Sweden,61.8285788633,16.0469015781,https://browser.sead.se/site/6090,inventory_only,False,0,0,0,[],0,0,0,0,0,3464,coarse_spatial_context_only,not_captured_by_repository_sources,1656
6091,29c6e1a6-9e2d-47fc-9389-a656b65de144,Perstorp kyrka,Sweden,56.1418255928,13.3864777911,https://browser.sead.se/site/6091,inventory_only,False,0,0,0,[],0,0,0,0,0,8912,coarse_spatial_context_only,not_captured_by_repository_sources,1657
6092,4cb61800-4862-416c-8c29-50386e84e5d4,Petersenska huset,Sweden,59.3241842091,18.0675605634,https://browser.sead.se/site/6092,inventory_only,False,0,0,0,[],0,0,0,0,0,10763,coarse_spatial_context_only,not_captured_by_repository_sources,1658
6093,50bedef1-628e-44e1-9f46-82fa44b3267c,Petter Pers i Flatenberg,Sweden,60.1301256497,15.4219896123,https://browser.sead.se/site/6093,inventory_only,False,0,0,0,[],0,0,0,0,0,3988,coarse_spatial_context_only,not_captured_by_repository_sources,1659
6094,82d95d4a-701c-4469-8fa3-0ad8b83fca15,Petterssons i Norrböle,Sweden,62.9078925877,14.8485398444,https://browser.sead.se/site/6094,inventory_only,False,0,0,0,[],0,0,0,0,0,1940,coarse_spatial_context_only,not_captured_by_repository_sources,1660
6095,04cb2ddd-f64a-498b-ab31-8ff4531a5f0b,Piper Pers i Vålberg,Sweden,60.7066485012,15.2676252326,https://browser.sead.se/site/6095,inventory_only,False,0,0,0,[],0,0,0,0,0,3988,coarse_spatial_context_only,not_captured_by_repository_sources,1661
6096,a0f8e4f4-4143-47bc-9831-441ccc76e36e,Plintsberg,Sweden,60.8142838071,15.0257714354,https://browser.sead.se/site/6096,inventory_only,False,0,0,0,[],0,0,0,0,0,3988,coarse_spatial_context_only,not_captured_by_repository_sources,1662
6098,c2c73f23-a67b-4536-a9af-763e92bcbd51,Prans i Västbjörka,Sweden,60.9223810498,14.9808918696,https://browser.sead.se/site/6098,inventory_only,False,0,0,0,[],0,0,0,0,0,1731,coarse_spatial_context_only,not_captured_by_repository_sources,1663
6100,bc65e2a9-fe5a-41f1-8461-73b3db195c61,Prostgården,Sweden,60.7233368367,14.9948859512,https://browser.sead.se/site/6100,inventory_only,False,0,0,0,[],0,0,0,0,0,1731,coarse_spatial_context_only,not_captured_by_repository_sources,1664
6099,884a844d-ca65-4b4d-a53d-542b419d642e,Prästgårdsloftet Älvdalen,Sweden,61.2252415651,14.0435205281,https://browser.sead.se/site/6099,inventory_only,False,0,0,0,[],0,0,0,0,0,1202,coarse_spatial_context_only,not_captured_by_repository_sources,1665
6075,0756a434-3074-405c-8666-1b15e618cdce,Päbul i Östnor,Sweden,61.0279546291,14.4932817945,https://browser.sead.se/site/6075,inventory_only,False,0,0,0,[],0,0,0,0,0,1202,coarse_spatial_context_only,not_captured_by_repository_sources,1666
6097,d2b735ab-5fef-4e6f-80de-72144df35b71,Pörte i Burängsberget,Sweden,60.2593978727,14.2055049744,https://browser.sead.se/site/6097,inventory_only,False,0,0,0,[],0,0,0,0,0,1731,coarse_spatial_context_only,not_captured_by_repository_sources,1667
6101,00e278c6-df56-4a6b-8903-dc00696f4988,Ragunda gamla kyrka,Sweden,63.1080374182,16.3684039209,https://browser.sead.se/site/6101,inventory_only,False,0,0,0,[],0,0,0,0,0,1855,coarse_spatial_context_only,not_captured_by_repository_sources,1668
6102,604f99fe-290a-4229-a2b6-0f64b00d30bd,Rankhyttan,Sweden,60.4747538819,15.7220444669,https://browser.sead.se/site/6102,inventory_only,False,0,0,0,[],0,0,0,0,0,3988,coarse_spatial_context_only,not_captured_by_repository_sources,1669
6103,3cb4c933-e138-4216-bf83-63f2fefa1302,Ransbergs kyrka,Sweden,58.4584611861,14.2515818141,https://browser.sead.se/site/6103,inventory_only,False,0,0,0,[],0,0,0,0,0,3815,coarse_spatial_context_only,not_captured_by_repository_sources,1670
6104,b8434760-6e57-48b9-94f0-fa917468b540,Rapptorpen,Sweden,63.3402382491,14.8612323781,https://browser.sead.se/site/6104,inventory_only,False,0,0,0,[],0,0,0,0,0,3868,coarse_spatial_context_only,not_captured_by_repository_sources,1671
6107,8c153846-4272-4e40-ad9f-596e1ee26276,Renbergs i Öje,Sweden,61.7178930464,16.1648361726,https://browser.sead.se/site/6107,inventory_only,False,0,0,0,[],0,0,0,0,0,3464,coarse_spatial_context_only,not_captured_by_repository_sources,1672
6108,2233ecde-18e7-4cd9-a9ea-8b878d54ab12,Resare-Olssons i Västberg,Sweden,60.8039983887,15.0460502882,https://browser.sead.se/site/6108,inventory_only,False,0,0,0,[],0,0,0,0,0,3988,coarse_spatial_context_only,not_captured_by_repository_sources,1673
6316,d5da1327-9698-4917-92ed-a15dce094039,Reutersberg,Sweden,59.4087370987,15.9822155008,https://browser.sead.se/site/6316,inventory_only,False,0,0,0,[],0,0,0,0,0,3873,coarse_spatial_context_only,not_captured_by_repository_sources,1674
6109,9a2b4f44-f709-4eeb-b99d-e9b1cc2996d1,Ribetua gård,Sweden,55.7588038635,13.5557559587,https://browser.sead.se/site/6109,inventory_only,False,0,0,0,[],0,0,0,0,0,6654,coarse_spatial_context_only,not_captured_by_repository_sources,1675
6317,3db455e1-589f-4c24-a880-bc981e7fcd2e,Ringestena,Sweden,57.5333960116,13.0251907475,https://browser.sead.se/site/6317,inventory_only,False,0,0,0,[],0,0,0,0,0,8587,coarse_spatial_context_only,not_captured_by_repository_sources,1676
6110,bc7fb87d-f483-450f-9e77-7d648d52e6c2,Ringsta,Sweden,63.4022872972,14.7476086853,https://browser.sead.se/site/6110,inventory_only,False,0,0,0,[],0,0,0,0,0,3868,coarse_spatial_context_only,not_captured_by_repository_sources,1677
6111,06a58d37-f6fd-4e31-8467-3563ad967738,Ripsa kyrka,Sweden,58.9821152462,16.9318337286,https://browser.sead.se/site/6111,inventory_only,False,0,0,0,[],0,0,0,0,0,12413,coarse_spatial_context_only,not_captured_by_repository_sources,1678
6112,c1b087b5-f16d-4c18-bc81-4c1ca71e9ab3,Risaloftet,Sweden,60.7821382465,15.1062879408,https://browser.sead.se/site/6112,inventory_only,False,0,0,0,[],0,0,0,0,0,3988,coarse_spatial_context_only,not_captured_by_repository_sources,1679
6113,0bf037ec-9acf-40e1-bec5-1823b7bccb57,Rombins i Östnor,Sweden,61.0279546291,14.4932817945,https://browser.sead.se/site/6113,inventory_only,False,0,0,0,[],0,0,0,0,0,1202,coarse_spatial_context_only,not_captured_by_repository_sources,1680
6114,9dd20c42-cd38-4a7e-8e47-822729f23329,Romson-gården i Noret,Sweden,61.0040547891,14.597087243,https://browser.sead.se/site/6114,inventory_only,False,0,0,0,[],0,0,0,0,0,1202,coarse_spatial_context_only,not_captured_by_repository_sources,1681
6115,ebfcc38a-c303-4a95-a941-c72becbd0f6c,Rosenvingeska huset,Sweden,55.606859889,12.9980096213,https://browser.sead.se/site/6115,inventory_only,False,0,0,0,[],0,0,0,0,0,1226,coarse_spatial_context_only,not_captured_by_repository_sources,1682
5656,76948bd8-733f-4836-aea5-aea71f05ddf4,Roslättsgård,Sweden,55.532951,13.215774,https://browser.sead.se/site/5656,inventory_only,False,0,0,0,[],0,0,0,0,0,6654,coarse_spatial_context_only,not_captured_by_repository_sources,1683
6116,3dc8c73a-2049-4939-bcf5-f6875e348196,Roth i Sterte,Sweden,60.3184519442,16.6924447579,https://browser.sead.se/site/6116,inventory_only,False,0,0,0,[],0,0,0,0,0,4239,coarse_spatial_context_only,not_captured_by_repository_sources,1684
5676,b8afe85d-ceeb-4412-929e-a528bffdc75f,RTM Buxabygd,Sweden,56.821306,14.109528,https://browser.sead.se/site/5676,inventory_only,False,0,0,0,[],0,0,0,0,0,10817,coarse_spatial_context_only,not_captured_by_repository_sources,1685
6354,16b3fa3f-c885-4407-aca3-acc8b0cb5b54,Rumskulla 234:1,Sweden,57.69207636,15.49379536,https://browser.sead.se/site/6354,inventory_only,False,0,0,0,[],0,0,0,0,0,4004,coarse_spatial_context_only,not_captured_by_repository_sources,1686
6117,b8ad8bb6-5773-4a73-9aa2-f24ab7c866c6,Runtuna kyrka,Sweden,58.8911413748,17.0440810676,https://browser.sead.se/site/6117,inventory_only,False,0,0,0,[],0,0,0,0,0,4303,coarse_spatial_context_only,not_captured_by_repository_sources,1687
6118,9ac0413d-5476-4dfd-b7c3-be31c1d79bc5,Rutå Lars Rutån,Sweden,60.4922867925,14.3078871327,https://browser.sead.se/site/6118,inventory_only,False,0,0,0,[],0,0,0,0,0,1731,coarse_spatial_context_only,not_captured_by_repository_sources,1688
6119,5b52b6f4-3828-45ba-aee0-6a32700e52c4,Ryds herrgård,Sweden,58.4099100989,15.5632551194,https://browser.sead.se/site/6119,inventory_only,False,0,0,0,[],0,0,0,0,0,9863,coarse_spatial_context_only,not_captured_by_repository_sources,1689
6120,71b0117e-e11f-44d0-8fb8-790eba0eaa7b,Ryttartorpet,Sweden,58.4169981693,15.5159524142,https://browser.sead.se/site/6120,inventory_only,False,0,0,0,[],0,0,0,0,0,9863,coarse_spatial_context_only,not_captured_by_repository_sources,1690
6121,161c4015-a11e-4c60-b6df-815f3ac65ade,Ryttartorpet bod,Sweden,57.8826004646,15.338333737,https://browser.sead.se/site/6121,inventory_only,False,0,0,0,[],0,0,0,0,0,4004,coarse_spatial_context_only,not_captured_by_repository_sources,1691
6122,685d6f44-bbdd-4ee1-9c81-cd466013e369,Ryttartorpet fähus,Sweden,57.8826004646,15.338333737,https://browser.sead.se/site/6122,inventory_only,False,0,0,0,[],0,0,0,0,0,4004,coarse_spatial_context_only,not_captured_by_repository_sources,1692
6123,a8c631df-3438-4690-8fb7-8481e788936c,Ryttartorpet tröskloge,Sweden,57.8826004646,15.338333737,https://browser.sead.se/site/6123,inventory_only,False,0,0,0,[],0,0,0,0,0,4004,coarse_spatial_context_only,not_captured_by_repository_sources,1693
6105,6835b26a-9660-415e-a76e-d5ee4022a5a3,Rättviks kyrka,Sweden,60.8908528363,15.096551947,https://browser.sead.se/site/6105,inventory_only,False,0,0,0,[],0,0,0,0,0,3988,coarse_spatial_context_only,not_captured_by_repository_sources,1694
6106,641c5e02-862c-462d-87da-ccb1855cb86a,Rävinge kyrka,Sweden,56.7996205576,12.7251922287,https://browser.sead.se/site/6106,inventory_only,False,0,0,0,[],0,0,0,0,0,6333,coarse_spatial_context_only,not_captured_by_repository_sources,1695
6137,f2d9acde-432c-4114-958e-c229a5a7ff2e,S'Ers-gården i Österby,Sweden,60.6666207414,16.5313359321,https://browser.sead.se/site/6137,inventory_only,False,0,0,0,[],0,0,0,0,0,4239,coarse_spatial_context_only,not_captured_by_repository_sources,1696
6124,f77287c3-e76c-4236-aa11-b4d4cdf701a6,Sahréns i Färnäs,Sweden,60.9969222743,14.6269240709,https://browser.sead.se/site/6124,inventory_only,False,0,0,0,[],0,0,0,0,0,1731,coarse_spatial_context_only,not_captured_by_repository_sources,1697
6125,84023560-c881-4abe-8773-df056901e8a9,Sala sockenkyrka,Sweden,59.9321291945,16.6174792956,https://browser.sead.se/site/6125,inventory_only,False,0,0,0,[],0,0,0,0,0,15126,coarse_spatial_context_only,not_captured_by_repository_sources,1698
6127,cf6e6b1f-8493-47d4-9f9f-186cfe3d25f6,Saltosas i Klappsta,Sweden,60.322052271,16.8005236927,https://browser.sead.se/site/6127,inventory_only,False,0,0,0,[],0,0,0,0,0,4239,coarse_spatial_context_only,not_captured_by_repository_sources,1699
6128,4fb64898-6d65-45a1-9065-9959747c6ca6,Samlängan Hjältanstorp,Sweden,62.3464763001,16.3698295127,https://browser.sead.se/site/6128,inventory_only,False,0,0,0,[],0,0,0,0,0,1674,coarse_spatial_context_only,not_captured_by_repository_sources,1700
6129,e58a16ef-96cf-4234-b814-64ef5fa7d78e,Sandvikshärbret,Sweden,61.9868789712,16.0481853171,https://browser.sead.se/site/6129,inventory_only,False,0,0,0,[],0,0,0,0,0,3464,coarse_spatial_context_only,not_captured_by_repository_sources,1701
6408,d707a76b-6383-402c-9428-66d2a78a6c49,Sankt Johannes 96:1,Sweden,58.59103461,16.18404607,https://browser.sead.se/site/6408,inventory_only,False,0,0,0,[],0,0,0,0,0,12413,coarse_spatial_context_only,not_captured_by_repository_sources,1702
6130,655218c3-b0b5-4cbe-9832-b11d2571a96a,Sankt Petri Kyrka,Sweden,55.6069285875,13.0033248081,https://browser.sead.se/site/6130,inventory_only,False,0,0,0,[],0,0,0,0,0,6654,coarse_spatial_context_only,not_captured_by_repository_sources,1703
6131,662861dc-e2d0-46a0-b8ab-665f4b96e7cf,Sankta Karins kapell,Sweden,59.3950868935,15.8364939219,https://browser.sead.se/site/6131,inventory_only,False,0,0,0,[],0,0,0,0,0,3873,coarse_spatial_context_only,not_captured_by_repository_sources,1704
6132,73653884-1495-470f-a87e-8f4c8b1e09dc,Sannagård i Sillerbo,Sweden,61.8796593423,15.9763542847,https://browser.sead.se/site/6132,inventory_only,False,0,0,0,[],0,0,0,0,0,1607,coarse_spatial_context_only,not_captured_by_repository_sources,1705
6133,eb4c904f-7e3d-4e08-8755-bda6d1b9d184,Sarasgården Isala,Sweden,60.7720573452,15.9424896931,https://browser.sead.se/site/6133,inventory_only,False,0,0,0,[],0,0,0,0,0,3988,coarse_spatial_context_only,not_captured_by_repository_sources,1706
6136,d0b4e603-62e9-427f-b53d-d170a091e9c8,Selens fäbod,Sweden,60.8039225699,14.3704143123,https://browser.sead.se/site/6136,inventory_only,False,0,0,0,[],0,0,0,0,0,1731,coarse_spatial_context_only,not_captured_by_repository_sources,1707
6138,b563a93c-8876-4908-8f2d-6cacf3b9b189,Sibbolängena i Nedre Gärdsjö,Sweden,60.9354398446,15.2339124462,https://browser.sead.se/site/6138,inventory_only,False,0,0,0,[],0,0,0,0,0,3988,coarse_spatial_context_only,not_captured_by_repository_sources,1708
6421,e0ce44a8-2a86-43bc-ab10-1250a94bdf5d,Sigtuna 195:1,Sweden,59.61577079,17.71960505,https://browser.sead.se/site/6421,inventory_only,False,0,0,0,[],0,0,0,0,0,27450,coarse_spatial_context_only,not_captured_by_repository_sources,1709
6321,55559b00-acd5-4597-b930-d805fb5bc5a1,Silje,Sweden,63.2413568393,14.4302797057,https://browser.sead.se/site/6321,inventory_only,False,0,0,0,[],0,0,0,0,0,3868,coarse_spatial_context_only,not_captured_by_repository_sources,1710
6386,d0611e38-fbb8-440c-b29d-977ffd846abb,Silvåkra 10:1,Sweden,55.70755362,13.51516416,https://browser.sead.se/site/6386,inventory_only,False,0,0,0,[],0,0,0,0,0,6654,coarse_spatial_context_only,not_captured_by_repository_sources,1711
6139,60a2ea9a-7b2b-49ab-9f80-958649378256,Sjöbloms i Gärde,Sweden,62.9586201817,14.4908903469,https://browser.sead.se/site/6139,inventory_only,False,0,0,0,[],0,0,0,0,0,1940,coarse_spatial_context_only,not_captured_by_repository_sources,1712
6140,939c8c38-7c86-40e5-b1de-5bdb1477d751,Sjösås gamla kyrka,Sweden,57.0688010434,15.0566662643,https://browser.sead.se/site/6140,inventory_only,False,0,0,0,[],0,0,0,0,0,4004,coarse_spatial_context_only,not_captured_by_repository_sources,1713
6141,39ee94ac-905a-44a3-b1b4-881394ba3368,Skagerholms gård,Sweden,58.9549947768,14.3875718797,https://browser.sead.se/site/6141,inventory_only,False,0,0,0,[],0,0,0,0,0,3815,coarse_spatial_context_only,not_captured_by_repository_sources,1714
6144,dcfc3b5a-0d75-47ab-87b5-723413fa99cd,Skalunda kyrka,Sweden,58.5510580198,13.0075281953,https://browser.sead.se/site/6144,inventory_only,False,0,0,0,[],0,0,0,0,0,10501,coarse_spatial_context_only,not_captured_by_repository_sources,1715
6146,8d17c2ec-e1fd-4db4-b227-f7fae1ad4e41,Skanör Stubbamölla,Sweden,55.414108939,12.8425094595,https://browser.sead.se/site/6146,inventory_only,False,0,0,0,[],0,0,0,0,0,1226,coarse_spatial_context_only,not_captured_by_repository_sources,1716
6147,128fd763-c0ae-4411-beda-b0fe6696c675,Skog-gard i Nusnäs,Sweden,60.9589628963,14.6468312521,https://browser.sead.se/site/6147,inventory_only,False,0,0,0,[],0,0,0,0,0,1731,coarse_spatial_context_only,not_captured_by_repository_sources,1717
6148,37bb8f79-fb1a-4968-a0ec-12b275da35ca,Skom Lars i Tällberg,Sweden,60.8188112081,14.995992178,https://browser.sead.se/site/6148,inventory_only,False,0,0,0,[],0,0,0,0,0,1731,coarse_spatial_context_only,not_captured_by_repository_sources,1718
6149,50a079d0-ae52-40bb-81bf-d4d94a1be668,Skommars i Heden,Sweden,60.8797361939,13.3853603646,https://browser.sead.se/site/6149,inventory_only,False,0,0,0,[],0,0,0,0,0,5468,coarse_spatial_context_only,not_captured_by_repository_sources,1719
6151,bf9a94c8-9bf0-4d3d-9ae8-79ab66f1d21e,Skottsbergska gården,Sweden,56.1743993607,14.8589068537,https://browser.sead.se/site/6151,inventory_only,False,0,0,0,[],0,0,0,0,0,10817,coarse_spatial_context_only,not_captured_by_repository_sources,1720
6153,f671bd7f-c91f-4a0c-b256-3f54a7fe63fb,Skraders i Ribbåsen,Sweden,61.3283628833,14.0560168816,https://browser.sead.se/site/6153,inventory_only,False,0,0,0,[],0,0,0,0,0,1202,coarse_spatial_context_only,not_captured_by_repository_sources,1721
6152,6eb7d8dc-93f3-42ff-b679-a42204266d55,Skräddars,Sweden,61.9102280194,17.1847622226,https://browser.sead.se/site/6152,inventory_only,False,0,0,0,[],0,0,0,0,0,2270,coarse_spatial_context_only,not_captured_by_repository_sources,1722
6142,0691b7b7-1fad-45dc-ac38-edfb43c55480,Skäggalösa Norregård,Sweden,56.7490874266,14.6215249186,https://browser.sead.se/site/6142,inventory_only,False,0,0,0,[],0,0,0,0,0,10817,coarse_spatial_context_only,not_captured_by_repository_sources,1723
6145,a909b02f-2e0b-482e-b6e4-f522cb32b7ad,Skälvums kyrka,Sweden,58.510983146,13.4056337593,https://browser.sead.se/site/6145,inventory_only,False,0,0,0,[],0,0,0,0,0,10501,coarse_spatial_context_only,not_captured_by_repository_sources,1724
6404,ddf1833b-036e-423c-916e-39ecc7311831,Skänninge 52,Sweden,58.4001775,15.09879201,https://browser.sead.se/site/6404,inventory_only,False,0,0,0,[],0,0,0,0,0,9863,coarse_spatial_context_only,not_captured_by_repository_sources,1725
6411,0521c7b7-ad10-4673-b281-2f6ba27567c3,Skänninge 5:1,Sweden,58.39530401,15.08668195,https://browser.sead.se/site/6411,inventory_only,False,0,0,0,[],0,0,0,0,0,9863,coarse_spatial_context_only,not_captured_by_repository_sources,1726
6143,c5f88706-f1db-4334-b1f3-cb2e9627b7ff,Skålö,Sweden,60.5649806178,14.2960096104,https://browser.sead.se/site/6143,inventory_only,False,0,0,0,[],0,0,0,0,0,1731,coarse_spatial_context_only,not_captured_by_repository_sources,1727
6150,3c665242-d58b-4e84-ab0d-43e6bd884f1c,Skörstorps kyrka,Sweden,58.1257840498,13.7320640997,https://browser.sead.se/site/6150,inventory_only,False,0,0,0,[],0,0,0,0,0,10501,coarse_spatial_context_only,not_captured_by_repository_sources,1728
5660,129bce3c-5fd6-46f5-b7d6-9eb84468f778,Slättåkra,Sweden,57.392766,15.272517,https://browser.sead.se/site/5660,inventory_only,False,0,0,0,[],0,0,0,0,0,4004,coarse_spatial_context_only,not_captured_by_repository_sources,1729
6155,51f9a96f-086f-47e6-9c64-6dec10fe57ab,Smedja Nusnäs Zorns gammelgård,Sweden,60.9589628963,14.6468312521,https://browser.sead.se/site/6155,inventory_only,False,0,0,0,[],0,0,0,0,0,1731,coarse_spatial_context_only,not_captured_by_repository_sources,1730
6156,5bfda838-0761-471f-bedb-3dded5124443,Smedjan i Läde,Sweden,61.0458044244,14.3490882391,https://browser.sead.se/site/6156,inventory_only,False,0,0,0,[],0,0,0,0,0,1202,coarse_spatial_context_only,not_captured_by_repository_sources,1731
6157,b443546f-e8b9-46d8-87e8-a68223bc9070,Smedjegatan 22,Sweden,57.7818698925,14.1726718261,https://browser.sead.se/site/6157,inventory_only,False,0,0,0,[],0,0,0,0,0,8067,coarse_spatial_context_only,not_captured_by_repository_sources,1732
6158,d1edffe4-bceb-4ea0-b7a2-6ce88c76648d,Smens i Yg,Sweden,61.7876967051,15.9065006623,https://browser.sead.se/site/6158,inventory_only,False,0,0,0,[],0,0,0,0,0,1607,coarse_spatial_context_only,not_captured_by_repository_sources,1733
6159,1b9016fa-56f3-4b8b-9fd6-e6e844a901f6,Smensgård i Torrbergsbo,Sweden,61.4288597745,15.9366899529,https://browser.sead.se/site/6159,inventory_only,False,0,0,0,[],0,0,0,0,0,1607,coarse_spatial_context_only,not_captured_by_repository_sources,1734
6154,869942df-cfc7-4b9a-af5c-2c9cd0093f91,Smälingsgården,Sweden,58.0286263674,13.1666036202,https://browser.sead.se/site/6154,inventory_only,False,0,0,0,[],0,0,0,0,0,10501,coarse_spatial_context_only,not_captured_by_repository_sources,1735
26,3de0c80d-d8be-4c9a-b012-a64918807eb2,Snöstorp Raä 106,Sweden,56.6391666663,12.9308333337,https://browser.sead.se/site/26,inventory_only,False,0,0,0,[],0,0,0,0,0,6333,coarse_spatial_context_only,not_captured_by_repository_sources,1736
6164,a8842b3b-653b-4855-8829-9f23afdf86b5,Solna kyrka,Sweden,59.3530151653,18.0240036196,https://browser.sead.se/site/6164,inventory_only,False,0,0,0,[],0,0,0,0,0,10763,coarse_spatial_context_only,not_captured_by_repository_sources,1737
6165,34854a3e-59be-487b-b417-42df652a2a15,Solna kyrka ladan,Sweden,59.3530159805,18.0247428025,https://browser.sead.se/site/6165,inventory_only,False,0,0,0,[],0,0,0,0,0,10763,coarse_spatial_context_only,not_captured_by_repository_sources,1738
6167,53d86902-4e1f-4d83-9684-685a0c301e51,Solviks i kyrkbyn Boda,Sweden,61.0103147209,15.2131381023,https://browser.sead.se/site/6167,inventory_only,False,0,0,0,[],0,0,0,0,0,1607,coarse_spatial_context_only,not_captured_by_repository_sources,1739
6169,0dd440fa-42cf-4ebf-8b0f-a7fdbd5432d2,Sommarlagård Hjältanstorp,Sweden,62.3464763001,16.3698295127,https://browser.sead.se/site/6169,inventory_only,False,0,0,0,[],0,0,0,0,0,1674,coarse_spatial_context_only,not_captured_by_repository_sources,1740
6170,ef7388c3-38a4-4b5e-92a2-367b74287c5a,Sonaboda,Sweden,56.3075413052,13.9015710934,https://browser.sead.se/site/6170,inventory_only,False,0,0,0,[],0,0,0,0,0,8912,coarse_spatial_context_only,not_captured_by_repository_sources,1741
6173,0ddbdb09-efbd-4148-a59a-f11f4b8ff1fa,Sosserladan Fåsås,Sweden,60.9667757931,14.8013381755,https://browser.sead.se/site/6173,inventory_only,False,0,0,0,[],0,0,0,0,0,1731,coarse_spatial_context_only,not_captured_by_repository_sources,1742
6174,fa9b059a-970b-4258-8d3b-d58b4e313e64,Sotarskärsviken i Ältebo,Sweden,60.5344867068,16.5415482426,https://browser.sead.se/site/6174,inventory_only,False,0,0,0,[],0,0,0,0,0,4239,coarse_spatial_context_only,not_captured_by_repository_sources,1743
6176,674f9c0f-08f2-411e-8c0e-d49eb62ead6d,Sparreska palatset,Sweden,59.3245021547,18.0635978,https://browser.sead.se/site/6176,inventory_only,False,0,0,0,[],0,0,0,0,0,10763,coarse_spatial_context_only,not_captured_by_repository_sources,1744
6177,cc242c88-97e4-4b99-96d6-d3bd9f5db260,Sparrgården i Indor,Sweden,61.136686024,14.4130664216,https://browser.sead.se/site/6177,inventory_only,False,0,0,0,[],0,0,0,0,0,1202,coarse_spatial_context_only,not_captured_by_repository_sources,1745
6178,91419638-c9f8-428c-912c-0e1f8126e513,Sparvgården i Backa,Sweden,60.9273501286,15.1171939206,https://browser.sead.se/site/6178,inventory_only,False,0,0,0,[],0,0,0,0,0,3988,coarse_spatial_context_only,not_captured_by_repository_sources,1746
5651,08163fb3-b3a3-41f5-a21c-a554af2d4749,Spinkarp,Sweden,58.067832,14.756769,https://browser.sead.se/site/5651,inventory_only,False,0,0,0,[],0,0,0,0,0,3815,coarse_spatial_context_only,not_captured_by_repository_sources,1747
6179,95ff2093-b38f-438f-aea6-fb3bf01b47ea,Spinkarps gård,Sweden,58.0678497078,14.7566159048,https://browser.sead.se/site/6179,inventory_only,False,0,0,0,[],0,0,0,0,0,3815,coarse_spatial_context_only,not_captured_by_repository_sources,1748
6180,52d8d7d6-4ea8-456a-9bca-d9a45208c9b6,Sporrakulla,Sweden,56.287862408,14.2417622949,https://browser.sead.se/site/6180,inventory_only,False,0,0,0,[],0,0,0,0,0,10817,coarse_spatial_context_only,not_captured_by_repository_sources,1749
6181,249dfaae-6b2e-4921-9682-07a2255342dd,Staffans i Åsen,Sweden,61.2742507835,13.8196064815,https://browser.sead.se/site/6181,inventory_only,False,0,0,0,[],0,0,0,0,0,634,coarse_spatial_context_only,not_captured_by_repository_sources,1750
6182,36e373ac-1b7c-4f02-9f6c-ac86753e4cd8,Staffas i Nedre Gärdsjö,Sweden,60.9356415519,15.2262010365,https://browser.sead.se/site/6182,inventory_only,False,0,0,0,[],0,0,0,0,0,3988,coarse_spatial_context_only,not_captured_by_repository_sources,1751
6183,db2bdd9b-7c9e-45c4-b7ba-3a0e4bd788d6,Staffas i Ovanmyra,Sweden,61.0018321457,15.2232693952,https://browser.sead.se/site/6183,inventory_only,False,0,0,0,[],0,0,0,0,0,1607,coarse_spatial_context_only,not_captured_by_repository_sources,1752
6185,d557a2e5-41a4-40f8-950c-f435d955e1a1,Stall Fudal Zorns gammelgård,Sweden,60.9546100798,14.7074379521,https://browser.sead.se/site/6185,inventory_only,False,0,0,0,[],0,0,0,0,0,1731,coarse_spatial_context_only,not_captured_by_repository_sources,1753
6186,e697f8ba-dc10-44cf-8e2c-bce27120f5e2,Stall i Grönlokshol,Sweden,60.9652788982,14.681021488,https://browser.sead.se/site/6186,inventory_only,False,0,0,0,[],0,0,0,0,0,1731,coarse_spatial_context_only,not_captured_by_repository_sources,1754
6187,66546363-ccf2-4b41-83af-6707eeedb8a2,Stall i Noret,Sweden,61.0046137956,14.5889436553,https://browser.sead.se/site/6187,inventory_only,False,0,0,0,[],0,0,0,0,0,1202,coarse_spatial_context_only,not_captured_by_repository_sources,1755
6188,94c172b8-8155-443f-9c0a-693265287406,Stall Sturhans i Fåsås,Sweden,60.9667757931,14.8013381755,https://browser.sead.se/site/6188,inventory_only,False,0,0,0,[],0,0,0,0,0,1731,coarse_spatial_context_only,not_captured_by_repository_sources,1756
6189,22e8d815-51e7-468d-a833-ff5846d39764,Stavsholmen,Sweden,59.4941787111,16.2626466743,https://browser.sead.se/site/6189,inventory_only,False,0,0,0,[],0,0,0,0,0,15126,coarse_spatial_context_only,not_captured_by_repository_sources,1757
6190,da932b90-0a72-40bb-be7c-8e469527a662,Stavsjöbodarna,Sweden,62.2372850845,15.2475880697,https://browser.sead.se/site/6190,inventory_only,False,0,0,0,[],0,0,0,0,0,1173,coarse_spatial_context_only,not_captured_by_repository_sources,1758
6191,5e069f67-09ab-44f1-b97a-4a9e4d6feba2,Steninge kyrka,Sweden,56.7825637329,12.6774054215,https://browser.sead.se/site/6191,inventory_only,False,0,0,0,[],0,0,0,0,0,6333,coarse_spatial_context_only,not_captured_by_repository_sources,1759
6323,c308f1cb-53e5-43ab-be94-2bcb7b88cb69,Stensmålen,Sweden,58.1927456198,15.6932569099,https://browser.sead.se/site/6323,inventory_only,False,0,0,0,[],0,0,0,0,0,9863,coarse_spatial_context_only,not_captured_by_repository_sources,1760
6192,41f40445-71ac-495b-93d8-e3f79e9250db,Sticko Erik Perssons gård i Färnäs,Sweden,60.9969222743,14.6269240709,https://browser.sead.se/site/6192,inventory_only,False,0,0,0,[],0,0,0,0,0,1731,coarse_spatial_context_only,not_captured_by_repository_sources,1761
6422,5eea65b3-bb48-43dd-a580-adbbac533f05,Stockholm 103:1,Sweden,59.32661935,18.07138803,https://browser.sead.se/site/6422,inventory_only,False,0,0,0,[],0,0,0,0,0,10763,coarse_spatial_context_only,not_captured_by_repository_sources,1762
6416,5f191b2f-2788-4169-aeb9-f4a877dc2d72,Stockholm 704,Sweden,59.32817981,18.06970369,https://browser.sead.se/site/6416,inventory_only,False,0,0,0,[],0,0,0,0,0,10763,coarse_spatial_context_only,not_captured_by_repository_sources,1763
6417,5b2b6675-2c6c-4228-a8d4-4d06a3500bd9,Stockholm 705,Sweden,59.32817229,18.0697338,https://browser.sead.se/site/6417,inventory_only,False,0,0,0,[],0,0,0,0,0,10763,coarse_spatial_context_only,not_captured_by_repository_sources,1764
6418,1e956b22-4b22-48cb-91be-c47856582e06,Stockholm 706,Sweden,59.32821798,18.06963609,https://browser.sead.se/site/6418,inventory_only,False,0,0,0,[],0,0,0,0,0,10763,coarse_spatial_context_only,not_captured_by_repository_sources,1765
6420,649d6512-2acc-4e97-a354-4f31566f495f,Stockholm 707,Sweden,59.32820726,18.06968883,https://browser.sead.se/site/6420,inventory_only,False,0,0,0,[],0,0,0,0,0,10763,coarse_spatial_context_only,not_captured_by_repository_sources,1766
6419,4f111220-dd30-40fa-99b5-a48c37423e62,Stockholm 709,Sweden,59.32826153,18.06978144,https://browser.sead.se/site/6419,inventory_only,False,0,0,0,[],0,0,0,0,0,10763,coarse_spatial_context_only,not_captured_by_repository_sources,1767
6415,05e6faef-bd40-4489-8229-6b442d2eb6bb,Stockholm 710,Sweden,59.32822936,18.06984267,https://browser.sead.se/site/6415,inventory_only,False,0,0,0,[],0,0,0,0,0,10763,coarse_spatial_context_only,not_captured_by_repository_sources,1768
6193,4c3ef707-02d7-4ad7-8425-e287b4e3b8bf,Stockholmsgården i Gåda,Sweden,62.0671780916,15.7846959453,https://browser.sead.se/site/6193,inventory_only,False,0,0,0,[],0,0,0,0,0,1173,coarse_spatial_context_only,not_captured_by_repository_sources,1769
6194,bf2b451b-2464-44bd-ad2c-e4f202c477ec,Stora Bråmåmyr i Nusnäs,Sweden,60.9613579458,14.6564444152,https://browser.sead.se/site/6194,inventory_only,False,0,0,0,[],0,0,0,0,0,1731,coarse_spatial_context_only,not_captured_by_repository_sources,1770
6195,926448a6-0126-4dca-a801-abdee8e6153c,Stora Gårda Herrgård,Sweden,57.6982932924,12.0070608592,https://browser.sead.se/site/6195,inventory_only,False,0,0,0,[],0,0,0,0,0,8569,coarse_spatial_context_only,not_captured_by_repository_sources,1771
6375,30781db3-62b9-4d65-b038-0476b8fbc834,Stora Malm 229:1,Sweden,58.96721704,16.25558395,https://browser.sead.se/site/6375,inventory_only,False,0,0,0,[],0,0,0,0,0,12413,coarse_spatial_context_only,not_captured_by_repository_sources,1772
6196,f52c0cc1-05bc-4c82-8fba-ad6f5b496e71,Stora Skedelid,Sweden,58.5916968365,13.3821246871,https://browser.sead.se/site/6196,inventory_only,False,0,0,0,[],0,0,0,0,0,10501,coarse_spatial_context_only,not_captured_by_repository_sources,1773
6197,b5cab77b-8052-4ad1-a350-4764cddc3edc,Stora skedvi kyrka,Sweden,60.4066509806,15.8045624727,https://browser.sead.se/site/6197,inventory_only,False,0,0,0,[],0,0,0,0,0,3988,coarse_spatial_context_only,not_captured_by_repository_sources,1774
6198,a832d5d7-48e8-4df9-85e0-86058d297d9f,Storpers i Södra Kättbo,Sweden,60.8339514576,14.1962219534,https://browser.sead.se/site/6198,inventory_only,False,0,0,0,[],0,0,0,0,0,1731,coarse_spatial_context_only,not_captured_by_repository_sources,1775
6199,68587e3c-1808-4cb6-80ce-4c57e424976d,Storsved i Berge,Sweden,62.9465609122,14.8687952075,https://browser.sead.se/site/6199,inventory_only,False,0,0,0,[],0,0,0,0,0,1940,coarse_spatial_context_only,not_captured_by_repository_sources,1776
6201,48db1d0a-21f8-4151-83d7-e04b64bfd694,Stråvalla kyrka,Sweden,57.2988062687,12.21752508,https://browser.sead.se/site/6201,inventory_only,False,0,0,0,[],0,0,0,0,0,8569,coarse_spatial_context_only,not_captured_by_repository_sources,1777
6202,356404f7-6ac6-4794-aa12-df4039f766f6,Strö kyrka,Sweden,58.5819064115,13.0710059857,https://browser.sead.se/site/6202,inventory_only,False,0,0,0,[],0,0,0,0,0,10501,coarse_spatial_context_only,not_captured_by_repository_sources,1778
6324,19e15f23-f875-48c0-90f7-75c8f00c2af7,Strömmen,Sweden,57.6408043063,13.2094046988,https://browser.sead.se/site/6324,inventory_only,False,0,0,0,[],0,0,0,0,0,8587,coarse_spatial_context_only,not_captured_by_repository_sources,1779
6203,51b3c5a7-c213-4990-90e7-d0967d7b8521,Strömsholms slott,Sweden,59.5241124226,16.2635712504,https://browser.sead.se/site/6203,inventory_only,False,0,0,0,[],0,0,0,0,0,15126,coarse_spatial_context_only,not_captured_by_repository_sources,1780
6204,4518d800-29d6-4bd1-adad-39b2292f492a,Stubbamöllan,Sweden,55.7308509362,13.2441986035,https://browser.sead.se/site/6204,inventory_only,False,0,0,0,[],0,0,0,0,0,6654,coarse_spatial_context_only,not_captured_by_repository_sources,1781
6205,b5391e97-13c8-442a-bb28-07020fe3b717,Stuga Fudal Zorns gammelgård,Sweden,60.9546100798,14.7074379521,https://browser.sead.se/site/6205,inventory_only,False,0,0,0,[],0,0,0,0,0,1731,coarse_spatial_context_only,not_captured_by_repository_sources,1782
6206,7b675e0b-980d-48b1-8376-77a841303236,Stuga i Nybingsbo,Sweden,60.7445157043,14.7351960683,https://browser.sead.se/site/6206,inventory_only,False,0,0,0,[],0,0,0,0,0,1731,coarse_spatial_context_only,not_captured_by_repository_sources,1783
6207,15104c42-50b2-4ecf-86fe-61ff525c9676,Stuga Selja,Sweden,61.0191135954,14.4682248651,https://browser.sead.se/site/6207,inventory_only,False,0,0,0,[],0,0,0,0,0,1202,coarse_spatial_context_only,not_captured_by_repository_sources,1784
6208,32cc4ce1-8180-454f-9f3c-f1b35ed4865f,Stuga Skålö by,Sweden,60.5666693114,14.2961370722,https://browser.sead.se/site/6208,inventory_only,False,0,0,0,[],0,0,0,0,0,1731,coarse_spatial_context_only,not_captured_by_repository_sources,1785
6209,dc4fd290-9776-46e2-9137-d347979409d1,Sturhanslars Olovs i Fåsås,Sweden,60.9667757931,14.8013381755,https://browser.sead.se/site/6209,inventory_only,False,0,0,0,[],0,0,0,0,0,1731,coarse_spatial_context_only,not_captured_by_repository_sources,1786
6184,7c016e3f-a940-4deb-aa48-bc85ab6e1635,Stäket,Sweden,55.7015456297,13.1922477974,https://browser.sead.se/site/6184,inventory_only,False,0,0,0,[],0,0,0,0,0,6654,coarse_spatial_context_only,not_captured_by_repository_sources,1787
6200,b60643da-71ea-4467-b39a-7fe465cd79d5,Stötollas i Lenåsen,Sweden,61.0048281728,15.2454438656,https://browser.sead.se/site/6200,inventory_only,False,0,0,0,[],0,0,0,0,0,1607,coarse_spatial_context_only,not_captured_by_repository_sources,1788
6210,7834b4de-aacb-444b-9d15-8ae813c132a8,Sundbergs i Heden,Sweden,61.1494544614,14.6636533603,https://browser.sead.se/site/6210,inventory_only,False,0,0,0,[],0,0,0,0,0,1202,coarse_spatial_context_only,not_captured_by_repository_sources,1789
6211,8410a116-240d-4b0b-bd44-e60df545859b,Sundkvists i Söderhögen,Sweden,62.4009893964,14.3916657691,https://browser.sead.se/site/6211,inventory_only,False,0,0,0,[],0,0,0,0,0,1940,coarse_spatial_context_only,not_captured_by_repository_sources,1790
6212,f2a6829c-71c1-4208-bfa0-34067c717c71,Sunnanås,Sweden,61.8084545627,16.0523074238,https://browser.sead.se/site/6212,inventory_only,False,0,0,0,[],0,0,0,0,0,3464,coarse_spatial_context_only,not_captured_by_repository_sources,1791
6214,03f4deb6-df92-4583-bd58-76a1623cc52f,Svarv Jöns i Utanmyra,Sweden,60.9279517278,14.6014615081,https://browser.sead.se/site/6214,inventory_only,False,0,0,0,[],0,0,0,0,0,1731,coarse_spatial_context_only,not_captured_by_repository_sources,1792
6391,ea257034-0812-47e7-b6bc-d765674cf610,Svedala 7:1,Sweden,55.49695833,13.29821849,https://browser.sead.se/site/6391,inventory_only,False,0,0,0,[],0,0,0,0,0,6654,coarse_spatial_context_only,not_captured_by_repository_sources,1793
6215,fc604faf-0bf7-4553-8099-e32462752e5d,Svedvi kyrka,Sweden,59.5919771755,16.2723514452,https://browser.sead.se/site/6215,inventory_only,False,0,0,0,[],0,0,0,0,0,15126,coarse_spatial_context_only,not_captured_by_repository_sources,1794
6216,d6ec5c9c-d0be-4346-92c4-5665acfa8856,Sven Bogg i Bonäs,Sweden,61.0706150304,14.4924335962,https://browser.sead.se/site/6216,inventory_only,False,0,0,0,[],0,0,0,0,0,1202,coarse_spatial_context_only,not_captured_by_repository_sources,1795
6217,5d5f2e57-7dfa-4343-a2ea-5b4d33219156,Sven Frimodigs i Sör Lindberg,Sweden,60.7982555545,15.125430623,https://browser.sead.se/site/6217,inventory_only,False,0,0,0,[],0,0,0,0,0,3988,coarse_spatial_context_only,not_captured_by_repository_sources,1796
6218,7ed33849-deb3-4401-9eb9-36b82c73b9a9,Sven Mårs i Born,Sweden,60.9598223936,15.2774309109,https://browser.sead.se/site/6218,inventory_only,False,0,0,0,[],0,0,0,0,0,3988,coarse_spatial_context_only,not_captured_by_repository_sources,1797
6219,ded30cbe-92b5-4824-8493-7a508ff40fdd,Sven Ollén i Näsbyggebyn,Sweden,60.7679635964,14.8751282349,https://browser.sead.se/site/6219,inventory_only,False,0,0,0,[],0,0,0,0,0,1731,coarse_spatial_context_only,not_captured_by_repository_sources,1798
6220,9c1679ed-a38a-4db4-9974-fc3197f2588f,Svensåsen,Sweden,62.9711777281,14.4124290936,https://browser.sead.se/site/6220,inventory_only,False,0,0,0,[],0,0,0,0,0,1940,coarse_spatial_context_only,not_captured_by_repository_sources,1799
6221,e2d5cb19-8c25-4925-9ae8-c2fb3951f2aa,Sydöstra härbret Zorns gammelgård,Sweden,60.998192934,14.5464294488,https://browser.sead.se/site/6221,inventory_only,False,0,0,0,[],0,0,0,0,0,1731,coarse_spatial_context_only,not_captured_by_repository_sources,1800
6222,e36797c5-c070-4b69-89e2-740bbda233ae,Sysslomansgården,Sweden,58.4118401026,15.618054545,https://browser.sead.se/site/6222,inventory_only,False,0,0,0,[],0,0,0,0,0,9863,coarse_spatial_context_only,not_captured_by_repository_sources,1801
3456,d5573c2c-5686-4d33-899f-08d086303734,Säby 5,Sweden,55.9045303022,12.8499433536,https://browser.sead.se/site/3456,inventory_only,False,0,0,0,[],0,0,0,0,0,1226,coarse_spatial_context_only,not_captured_by_repository_sources,1802
3988,4f2962d0-a8cb-4272-8d27-7e43a973c46e,Sälja,Sweden,60.1538097098,16.9292502393,https://browser.sead.se/site/3988,inventory_only,False,0,0,0,[],0,0,1,10,0,4239,coarse_spatial_context_only,not_captured_by_repository_sources,1803
6126,4c7cf8a9-477c-4506-9a37-b6891ea4bf22,Sällstorps kyrka,Sweden,57.2363256173,12.3603165578,https://browser.sead.se/site/6126,inventory_only,False,0,0,0,[],0,0,0,0,0,8569,coarse_spatial_context_only,not_captured_by_repository_sources,1804
6319,a4a8bfd2-9a9a-49b0-9487-fc5733471014,Särdal,Sweden,56.7487970909,12.6451409407,https://browser.sead.se/site/6319,inventory_only,False,0,0,0,[],0,0,0,0,0,6333,coarse_spatial_context_only,not_captured_by_repository_sources,1805
6134,2ec6bb82-270c-4224-af85-68273b2adf44,Säternybodarna,Sweden,62.3904326139,15.1326351134,https://browser.sead.se/site/6134,inventory_only,False,0,0,0,[],0,0,0,0,0,1173,coarse_spatial_context_only,not_captured_by_repository_sources,1806
6135,0e542827-6995-499c-bddf-4452bba855a0,Sätersfors,Sweden,57.9376036494,13.9755553806,https://browser.sead.se/site/6135,inventory_only,False,0,0,0,[],0,0,0,0,0,8587,coarse_spatial_context_only,not_captured_by_repository_sources,1807
6320,f9a91924-8237-4f2f-b0a8-ba974af54b8b,Sätila Strömma,Sweden,57.5645622275,12.4574485145,https://browser.sead.se/site/6320,inventory_only,False,0,0,0,[],0,0,0,0,0,8569,coarse_spatial_context_only,not_captured_by_repository_sources,1808
6160,aa1e7d3e-b81b-4517-bff9-ac1e45614288,Söderala kyrka,Sweden,61.2805764647,16.9568672082,https://browser.sead.se/site/6160,inventory_only,False,0,0,0,[],0,0,0,0,0,3464,coarse_spatial_context_only,not_captured_by_repository_sources,1809
6161,ce081455-b402-464a-ae1e-b16c1c4ea644,Söderbackan i Västerbor,Sweden,60.3455088743,16.7508936948,https://browser.sead.se/site/6161,inventory_only,False,0,0,0,[],0,0,0,0,0,4239,coarse_spatial_context_only,not_captured_by_repository_sources,1810
6162,757756c1-9d01-4ed3-b72e-51a7899c5a07,Söderholm i Grötom,Sweden,63.5029392562,13.1547592212,https://browser.sead.se/site/6162,inventory_only,False,0,0,0,[],0,0,0,0,0,1147,coarse_spatial_context_only,not_captured_by_repository_sources,1811
6410,b6cb0ae4-4736-4dce-b69b-ec7edfc06378,Söderköping 14:1,Sweden,58.48116957,16.3212451,https://browser.sead.se/site/6410,inventory_only,False,0,0,0,[],0,0,0,0,0,12413,coarse_spatial_context_only,not_captured_by_repository_sources,1812
6163,68f05fb4-5984-4e46-8d4d-2ec9dd279fd5,Söderlundska gården,Sweden,60.7302680543,14.994628175,https://browser.sead.se/site/6163,inventory_only,False,0,0,0,[],0,0,0,0,0,1731,coarse_spatial_context_only,not_captured_by_repository_sources,1813
6355,8a3d845e-af79-4351-97d6-be4c9f62198f,Södra Vi 6:1,Sweden,57.732664,15.821486,https://browser.sead.se/site/6355,inventory_only,False,0,0,0,[],0,0,0,0,0,4004,coarse_spatial_context_only,not_captured_by_repository_sources,1814
6168,c18612f6-f8e4-4abc-90c7-2c184ebbc5e6,Sölvsved,Sweden,63.4705689521,13.2826359156,https://browser.sead.se/site/6168,inventory_only,False,0,0,0,[],0,0,0,0,0,1147,coarse_spatial_context_only,not_captured_by_repository_sources,1815
6171,bcc9c769-3535-42df-8409-0e025fbf589a,Söne kyrka,Sweden,58.5355059845,12.9679007724,https://browser.sead.se/site/6171,inventory_only,False,0,0,0,[],0,0,0,0,0,7321,coarse_spatial_context_only,not_captured_by_repository_sources,1816
6172,76fa7ad0-4808-48e6-9a72-b2e18abcc7c3,Sörgården i Tornäs,Sweden,63.6569239505,14.6412499091,https://browser.sead.se/site/6172,inventory_only,False,0,0,0,[],0,0,0,0,0,3868,coarse_spatial_context_only,not_captured_by_repository_sources,1817
6322,5bb4695f-d481-4991-9fa5-f15fbac7b6bb,Sörsylta,Sweden,59.5074420422,16.1929812373,https://browser.sead.se/site/6322,inventory_only,False,0,0,0,[],0,0,0,0,0,15126,coarse_spatial_context_only,not_captured_by_repository_sources,1818
6175,0849a1df-667c-421e-a02e-9dbc09506aa1,Sövestads kyrka,Sweden,55.5009053644,13.7974353421,https://browser.sead.se/site/6175,inventory_only,False,0,0,0,[],0,0,0,0,0,6654,coarse_spatial_context_only,not_captured_by_repository_sources,1819
6223,0a5cc1e4-b1db-485d-9c70-6c311f6f783d,Tand,Sweden,63.0108416618,14.7293697434,https://browser.sead.se/site/6223,inventory_only,False,0,0,0,[],0,0,0,0,0,3868,coarse_spatial_context_only,not_captured_by_repository_sources,1820
6451,1186750a-8fd2-47f5-898b-0642acf0c283,The Police Station park,Sweden,59.33103232,18.04186857,https://browser.sead.se/site/6451,inventory_only,False,0,0,0,[],0,0,0,0,0,10763,coarse_spatial_context_only,not_captured_by_repository_sources,1821
6452,a5323771-ceb6-4d7f-9963-4a8d9e721e10,The Prince house,Sweden,59.856118,17.644803,https://browser.sead.se/site/6452,inventory_only,False,0,0,0,[],0,0,0,0,0,27450,coarse_spatial_context_only,not_captured_by_repository_sources,1822
6227,a6b35c93-4b43-4f71-b7f9-e18db121abfc,Thodéns i Gruvriset,Sweden,60.5868950952,15.6095140804,https://browser.sead.se/site/6227,inventory_only,False,0,0,0,[],0,0,0,0,0,3988,coarse_spatial_context_only,not_captured_by_repository_sources,1823
6228,3412f27d-184b-49d6-a3f5-a9e4edcc3b45,Thomsén i Östergrav,Sweden,60.8355652474,15.1382134994,https://browser.sead.se/site/6228,inventory_only,False,0,0,0,[],0,0,0,0,0,3988,coarse_spatial_context_only,not_captured_by_repository_sources,1824
6449,dbbe84d6-7204-4e74-a0ce-fc8462d99703,Tierp 458,Sweden,60.32172562,17.51463114,https://browser.sead.se/site/6449,inventory_only,False,0,0,0,[],0,0,0,0,0,5060,coarse_spatial_context_only,not_captured_by_repository_sources,1825
6459,5a93447a-0b10-4f35-bff0-1c1c61d7fc78,Tingstäde träsk,Sweden,57.72743978,18.63100512,https://browser.sead.se/site/6459,inventory_only,False,0,0,0,[],0,0,0,0,0,13558,coarse_spatial_context_only,not_captured_by_repository_sources,1826
6229,9f84ccf4-772a-43d8-bc36-b675cbff899c,Tittolles i Stavsätra,Sweden,61.6243462008,15.7990178367,https://browser.sead.se/site/6229,inventory_only,False,0,0,0,[],0,0,0,0,0,1607,coarse_spatial_context_only,not_captured_by_repository_sources,1827
6230,c2a30965-dba1-403b-8673-9a1e1a881ea1,Tjustgöls gård,Sweden,57.5113351107,16.5823817245,https://browser.sead.se/site/6230,inventory_only,False,0,0,0,[],0,0,0,0,0,8480,coarse_spatial_context_only,not_captured_by_repository_sources,1828
6231,2997dd77-4b63-499b-a3b3-ba437a9b7d45,Tobaksladan,Sweden,56.1737439392,14.8593119138,https://browser.sead.se/site/6231,inventory_only,False,0,0,0,[],0,0,0,0,0,10817,coarse_spatial_context_only,not_captured_by_repository_sources,1829
3445,15214598-152c-4618-bd29-57dd0744c234,Tofta 39,Sweden,55.8583589589,12.9315616122,https://browser.sead.se/site/3445,inventory_only,False,0,0,0,[],0,0,0,0,0,1226,coarse_spatial_context_only,not_captured_by_repository_sources,1830
6233,9b2bce6f-e85d-44df-866f-80ca90a1d35f,Torkelsbo,Sweden,61.8912903994,16.125034627,https://browser.sead.se/site/6233,inventory_only,False,0,0,0,[],0,0,0,0,0,3464,coarse_spatial_context_only,not_captured_by_repository_sources,1831
6325,a55a241c-c384-4572-b046-cdb4360da8d2,Torkelsrud,Sweden,58.5223371787,11.8386756351,https://browser.sead.se/site/6325,inventory_only,False,0,0,0,[],0,0,0,0,0,16773,coarse_spatial_context_only,not_captured_by_repository_sources,1832
6234,e8c7fa2a-2f25-4d80-8bcc-8eec5e0ebb50,Torkstuga Nusnäs Zorns gammelgård,Sweden,60.9589628963,14.6468312521,https://browser.sead.se/site/6234,inventory_only,False,0,0,0,[],0,0,0,0,0,1731,coarse_spatial_context_only,not_captured_by_repository_sources,1833
5647,0b937f4f-f04b-4534-9e1c-a2274b493541,Torpa stenhus,Sweden,57.649909,13.279524,https://browser.sead.se/site/5647,inventory_only,False,0,0,0,[],0,0,0,0,0,8587,coarse_spatial_context_only,not_captured_by_repository_sources,1834
6236,e936692b-1698-4726-b402-10b7c0cb657f,Torsklok-härbret i Västra Lillmon,Sweden,60.8646435744,13.4021247744,https://browser.sead.se/site/6236,inventory_only,False,0,0,0,[],0,0,0,0,0,5468,coarse_spatial_context_only,not_captured_by_repository_sources,1835
6235,1f636843-ebdd-404a-97d0-f2cfae1fa139,Torsångs kyrka,Sweden,60.4640780919,15.5700058037,https://browser.sead.se/site/6235,inventory_only,False,0,0,0,[],0,0,0,0,0,3988,coarse_spatial_context_only,not_captured_by_repository_sources,1836
6237,9aebdbdf-64d2-4438-aceb-f5f2a3b7e942,Torup slott,Sweden,55.5651742284,13.208698852,https://browser.sead.se/site/6237,inventory_only,False,0,0,0,[],0,0,0,0,0,6654,coarse_spatial_context_only,not_captured_by_repository_sources,1837
6326,86a3ca43-83ec-43b1-b3a4-a9e469fcd00e,Transtorpsvägen,Sweden,56.749083781,15.9279690002,https://browser.sead.se/site/6326,inventory_only,False,0,0,0,[],0,0,0,0,0,5849,coarse_spatial_context_only,not_captured_by_repository_sources,1838
6239,63ea444f-9c5c-40be-8a90-8e0ecb035396,Trappgården i Mångberg,Sweden,60.8537844835,14.5899806477,https://browser.sead.se/site/6239,inventory_only,False,0,0,0,[],0,0,0,0,0,1731,coarse_spatial_context_only,not_captured_by_repository_sources,1839
6387,1500e97d-e59b-41a7-a9fe-22a8ee522681,Trelleborg 19:1,Sweden,55.37480382,13.15168813,https://browser.sead.se/site/6387,inventory_only,False,0,0,0,[],0,0,0,0,0,6654,coarse_spatial_context_only,not_captured_by_repository_sources,1840
6379,e0a5bad5-0285-4785-9f6d-804d8ebd0196,Trelleborg 48,Sweden,55.37604866,13.1478197,https://browser.sead.se/site/6379,inventory_only,False,0,0,0,[],0,0,0,0,0,6654,coarse_spatial_context_only,not_captured_by_repository_sources,1841
6242,74557e51-47dc-4777-a9d4-3d7e6d8333ca,Trulsatorpet,Sweden,56.4685577664,14.4288334061,https://browser.sead.se/site/6242,inventory_only,False,0,0,0,[],0,0,0,0,0,10817,coarse_spatial_context_only,not_captured_by_repository_sources,1842
6238,93a8bb79-d619-4b70-84a8-be41b9f8fdd6,Trädgårdsmästarbostaden,Sweden,59.3227047465,18.1364571599,https://browser.sead.se/site/6238,inventory_only,False,0,0,0,[],0,0,0,0,0,10763,coarse_spatial_context_only,not_captured_by_repository_sources,1843
6240,0bfca22a-78e5-472f-a0cd-f603ef449a6d,Trösklada Bergkarlås,Sweden,61.0357897995,14.6374811734,https://browser.sead.se/site/6240,inventory_only,False,0,0,0,[],0,0,0,0,0,1202,coarse_spatial_context_only,not_captured_by_repository_sources,1844
6241,b0443c0c-7685-47b7-ab68-14120334ee33,Trösklada Östnor,Sweden,61.0279546291,14.4932817945,https://browser.sead.se/site/6241,inventory_only,False,0,0,0,[],0,0,0,0,0,1202,coarse_spatial_context_only,not_captured_by_repository_sources,1845
6243,da325542-d4b2-4d3d-bfe9-09a32471b6ec,Tullinge gård,Sweden,59.2107609085,17.8849694226,https://browser.sead.se/site/6243,inventory_only,False,0,0,0,[],0,0,0,0,0,27450,coarse_spatial_context_only,not_captured_by_repository_sources,1846
6244,f38ef41a-5115-48cf-866c-93e1b6bdc573,Tullsåkra,Sweden,55.7804506438,13.704841299,https://browser.sead.se/site/6244,inventory_only,False,0,0,0,[],0,0,0,0,0,6654,coarse_spatial_context_only,not_captured_by_repository_sources,1847
5650,981d2cb9-85f3-405d-bb0c-efd56185c84b,Tvartorps gård,Sweden,58.835671,15.846533,https://browser.sead.se/site/5650,inventory_only,False,0,0,0,[],0,0,0,0,0,9863,coarse_spatial_context_only,not_captured_by_repository_sources,1848
6328,42ce5a66-1afa-470d-beae-ded585c63628,Tvärgränd,Sweden,55.4288752877,13.8219868342,https://browser.sead.se/site/6328,inventory_only,False,0,0,0,[],0,0,0,0,0,6654,coarse_spatial_context_only,not_captured_by_repository_sources,1849
6245,c2bfc93f-e0d4-44c1-b848-95c77151e9d4,"Tvåan, Röda kvarn",Sweden,58.5799518694,14.4353916794,https://browser.sead.se/site/6245,inventory_only,False,0,0,0,[],0,0,0,0,0,3815,coarse_spatial_context_only,not_captured_by_repository_sources,1850
30,aeb9cae9-43b2-4565-bb79-67e7811da890,Tvååker Raä 193,Sweden,57.0547222222,12.2905555552,https://browser.sead.se/site/30,inventory_only,False,0,0,0,[],0,0,0,0,0,8569,coarse_spatial_context_only,not_captured_by_repository_sources,1851
6247,131907d2-fa83-491e-aeea-bdd2847614bf,Tysk Karin Olsson i Kärvsåsen,Sweden,61.0536974484,15.2004094801,https://browser.sead.se/site/6247,inventory_only,False,0,0,0,[],0,0,0,0,0,1607,coarse_spatial_context_only,not_captured_by_repository_sources,1852
6248,3916c471-571d-438e-970c-b2a4db44b484,Tysk Sven i Västra Stumsnäs,Sweden,60.8776793047,14.947065668,https://browser.sead.se/site/6248,inventory_only,False,0,0,0,[],0,0,0,0,0,1731,coarse_spatial_context_only,not_captured_by_repository_sources,1853
6249,33ae3eef-5e85-47b9-9653-87513a89ad40,Tystberga kyrka,Sweden,58.8670230069,17.2581132103,https://browser.sead.se/site/6249,inventory_only,False,0,0,0,[],0,0,0,0,0,4303,coarse_spatial_context_only,not_captured_by_repository_sources,1854
6224,f6d9b40f-d496-467e-ac90-98475645c6d7,Täpp Kerstin i Nedre Gärdsjö,Sweden,60.9356415519,15.2262010365,https://browser.sead.se/site/6224,inventory_only,False,0,0,0,[],0,0,0,0,0,3988,coarse_spatial_context_only,not_captured_by_repository_sources,1855
6225,f0a7bcc1-05ea-420b-aab7-cc1fa82872b8,Tärna hembygdsgård,Sweden,59.8214314527,16.7497868667,https://browser.sead.se/site/6225,inventory_only,False,0,0,0,[],0,0,0,0,0,15126,coarse_spatial_context_only,not_captured_by_repository_sources,1856
6226,ec7df2b6-d6bd-4ce6-b4b4-c4ae6b379705,Tåstarps kyrka,Sweden,56.2779511569,12.9502183039,https://browser.sead.se/site/6226,inventory_only,False,0,0,0,[],0,0,0,0,0,6333,coarse_spatial_context_only,not_captured_by_repository_sources,1857
6232,5cfa3a5c-a1d2-4230-a0ad-cce0b09d9401,Tönnersjö kyrka,Sweden,56.6373623138,13.0626875377,https://browser.sead.se/site/6232,inventory_only,False,0,0,0,[],0,0,0,0,0,8912,coarse_spatial_context_only,not_captured_by_repository_sources,1858
6250,c1d35c10-d08a-4ce1-8d7e-3fbacbd9ff07,Ulfsparregatan 2,Sweden,57.7812957033,14.1838677192,https://browser.sead.se/site/6250,inventory_only,False,0,0,0,[],0,0,0,0,0,8067,coarse_spatial_context_only,not_captured_by_repository_sources,1859
6251,63f9951d-9e08-48da-98b8-5586e95e4360,Ullbergs i Kall,Sweden,63.4722877681,13.2364657716,https://browser.sead.se/site/6251,inventory_only,False,0,0,0,[],0,0,0,0,0,1147,coarse_spatial_context_only,not_captured_by_repository_sources,1860
6252,f44c571c-f34c-48ea-ba8f-a5861666f622,Ulvängen,Sweden,58.4743132131,13.9393398409,https://browser.sead.se/site/6252,inventory_only,False,0,0,0,[],0,0,0,0,0,10501,coarse_spatial_context_only,not_captured_by_repository_sources,1861
6347,b4610f6c-6ed2-4889-bef5-89bf91142a0e,Uppsala 262:1,Sweden,59.89837722,17.62911643,https://browser.sead.se/site/6347,inventory_only,False,0,0,0,[],0,0,0,0,0,27450,coarse_spatial_context_only,not_captured_by_repository_sources,1862
6344,94e313bc-45d2-475c-950e-78dd216617be,Uppsala 670,Sweden,59.90170423,17.62632209,https://browser.sead.se/site/6344,inventory_only,False,0,0,0,[],0,0,0,0,0,27450,coarse_spatial_context_only,not_captured_by_repository_sources,1863
6346,bd5ea6c1-28fa-444f-a997-d4d9a5be333c,Uppsala 88:1,Sweden,59.85696405,17.63636033,https://browser.sead.se/site/6346,inventory_only,False,0,0,0,[],0,0,0,0,0,27450,coarse_spatial_context_only,not_captured_by_repository_sources,1864
6253,f87a195b-34c6-4d82-b814-6405d575a903,Utatgården på Öhn,Sweden,63.8892896511,15.465835941,https://browser.sead.se/site/6253,inventory_only,False,0,0,0,[],0,0,0,0,0,1538,coarse_spatial_context_only,not_captured_by_repository_sources,1865
6254,4554bc87-4851-4707-a0bc-862839afd952,Utmelanda,Sweden,60.9965102903,14.5373946057,https://browser.sead.se/site/6254,inventory_only,False,0,0,0,[],0,0,0,0,0,1731,coarse_spatial_context_only,not_captured_by_repository_sources,1866
6409,27fcd7a5-9440-47f8-97d3-7cb71fc1c624,Vadstena 21:1,Sweden,58.44784015,14.88992523,https://browser.sead.se/site/6409,inventory_only,False,0,0,0,[],0,0,0,0,0,3815,coarse_spatial_context_only,not_captured_by_repository_sources,1867
6442,965f66d0-fb26-48c9-bc62-cc97860ba41b,Vadstena 35,Sweden,58.44174208,14.91404064,https://browser.sead.se/site/6442,inventory_only,False,0,0,0,[],0,0,0,0,0,3815,coarse_spatial_context_only,not_captured_by_repository_sources,1868
6257,b3179740-8d87-4b13-b1f5-bbb0cee32935,Valbo kyrka,Sweden,60.6645921266,17.070138488,https://browser.sead.se/site/6257,inventory_only,False,0,0,0,[],0,0,0,0,0,5060,coarse_spatial_context_only,not_captured_by_repository_sources,1869
6258,f8434c84-0f28-4145-a7c8-7d7e1e20b81f,Vallby kyrka,Sweden,59.4219870187,16.5655122196,https://browser.sead.se/site/6258,inventory_only,False,0,0,0,[],0,0,0,0,0,15126,coarse_spatial_context_only,not_captured_by_repository_sources,1870
6259,90b1438c-6696-46a2-b478-d16586ebd45e,Vallen i Gammelsträng,Sweden,61.825973208,16.825468563,https://browser.sead.se/site/6259,inventory_only,False,0,0,0,[],0,0,0,0,0,3464,coarse_spatial_context_only,not_captured_by_repository_sources,1871
6423,f6f86a24-350f-40fd-978f-e55425312eeb,Vallentuna 495:1,Sweden,59.514023,18.070843,https://browser.sead.se/site/6423,inventory_only,False,0,0,0,[],0,0,0,0,0,10763,coarse_spatial_context_only,not_captured_by_repository_sources,1872
6260,7d7a46d4-b8db-4d1b-96c8-6b598a3caa60,Vallins i Östansjö,Sweden,63.0121887477,16.3359803771,https://browser.sead.se/site/6260,inventory_only,False,0,0,0,[],0,0,0,0,0,1855,coarse_spatial_context_only,not_captured_by_repository_sources,1873
6261,e874df48-9107-4b56-9470-1910dba0ed92,Valtorps kyrka,Sweden,58.2287137468,13.6509999725,https://browser.sead.se/site/6261,inventory_only,False,0,0,0,[],0,0,0,0,0,10501,coarse_spatial_context_only,not_captured_by_repository_sources,1874
6345,cc3967aa-3961-4aa8-9295-2e79a76a56d9,Valö 123:1,Sweden,60.29648959,18.12863347,https://browser.sead.se/site/6345,inventory_only,False,0,0,0,[],0,0,0,0,0,3238,coarse_spatial_context_only,not_captured_by_repository_sources,1875
6263,ee3560b5-3548-4a64-a7da-4a44ef52b1a2,Varbergs fästning,Sweden,57.105616151,12.2397751158,https://browser.sead.se/site/6263,inventory_only,False,0,0,0,[],0,0,0,0,0,8569,coarse_spatial_context_only,not_captured_by_repository_sources,1876
6264,81ec3341-fb4d-47f6-9ca6-1387c502fb67,Varras i Råsjön,Sweden,62.4131149178,15.6229033107,https://browser.sead.se/site/6264,inventory_only,False,0,0,0,[],0,0,0,0,0,1173,coarse_spatial_context_only,not_captured_by_repository_sources,1877
6267,818a0c73-4f21-41b5-b4ee-c01f55e95bda,Veinge kyrka,Sweden,56.5717308832,13.0925141395,https://browser.sead.se/site/6267,inventory_only,False,0,0,0,[],0,0,0,0,0,8912,coarse_spatial_context_only,not_captured_by_repository_sources,1878
6268,6b92e4c5-dce3-462f-b934-d156c244c777,Verkstadsstuga Östnor,Sweden,61.0279546291,14.4932817945,https://browser.sead.se/site/6268,inventory_only,False,0,0,0,[],0,0,0,0,0,1202,coarse_spatial_context_only,not_captured_by_repository_sources,1879
6397,a6f11529-0305-436d-9b0d-518bc67ba471,Verum 4:2,Sweden,56.36122057,13.8883623,https://browser.sead.se/site/6397,inventory_only,False,0,0,0,[],0,0,0,0,0,8912,coarse_spatial_context_only,not_captured_by_repository_sources,1880
6269,c073cca8-d90e-4c93-b55a-03f549bb8c14,Vikenhärbret,Sweden,62.4867933583,16.1523021797,https://browser.sead.se/site/6269,inventory_only,False,0,0,0,[],0,0,0,0,0,1674,coarse_spatial_context_only,not_captured_by_repository_sources,1881
6270,32a811b6-5f67-439a-afb7-f1ef4bc0178e,Vikström i Bodsjö,Sweden,62.8138040839,14.914193036,https://browser.sead.se/site/6270,inventory_only,False,0,0,0,[],0,0,0,0,0,1940,coarse_spatial_context_only,not_captured_by_repository_sources,1882
6371,d18ee2d7-7dee-49d2-bec3-14bbe0966a4c,Visby 107:1,Sweden,57.64082696,18.29558747,https://browser.sead.se/site/6371,inventory_only,False,0,0,0,[],0,0,0,0,0,13558,coarse_spatial_context_only,not_captured_by_repository_sources,1883
6365,d0bd71a4-c9ac-4482-8775-a4be401883f8,Visingsö 182,Sweden,57.99926536,14.28572089,https://browser.sead.se/site/6365,inventory_only,False,0,0,0,[],0,0,0,0,0,8067,coarse_spatial_context_only,not_captured_by_repository_sources,1884
6394,5907f0c2-6416-4f5c-89b5-1828078873a4,Vittsjö 24:1,Sweden,56.35206099,13.64736394,https://browser.sead.se/site/6394,inventory_only,False,0,0,0,[],0,0,0,0,0,8912,coarse_spatial_context_only,not_captured_by_repository_sources,1885
6399,8c7700e8-73ad-451f-8303-9119263fe02c,Vittskövle 1:1,Sweden,55.85699508,14.14648092,https://browser.sead.se/site/6399,inventory_only,False,0,0,0,[],0,0,0,0,0,3205,coarse_spatial_context_only,not_captured_by_repository_sources,1886
6271,f2e297f5-f95a-491c-a45c-463a6131b0f7,Vretarne Bergmans gård,Sweden,59.8908864412,15.9808452878,https://browser.sead.se/site/6271,inventory_only,False,0,0,0,[],0,0,0,0,0,3873,coarse_spatial_context_only,not_captured_by_repository_sources,1887
6255,c63ccfd4-8ec8-4b5d-935e-4cf4e776f874,Vä kyrka,Sweden,55.9917825123,14.0872083323,https://browser.sead.se/site/6255,inventory_only,False,0,0,0,[],0,0,0,0,0,3205,coarse_spatial_context_only,not_captured_by_repository_sources,1888
6256,2f9bbefa-724a-4684-b540-9b93367d6588,Vähusen,Sweden,56.0299204037,14.1572363781,https://browser.sead.se/site/6256,inventory_only,False,0,0,0,[],0,0,0,0,0,10817,coarse_spatial_context_only,not_captured_by_repository_sources,1889
6350,381e2490-683f-4ebf-b369-7809a3e7edae,Västerlövsta 395:1,Sweden,59.97057936,16.83724966,https://browser.sead.se/site/6350,inventory_only,False,0,0,0,[],0,0,0,0,0,15126,coarse_spatial_context_only,not_captured_by_repository_sources,1890
6265,8e7b64d3-07ed-4dc6-bc90-58fc66fe306b,Västerplana kyrka,Sweden,58.560231953,13.3505018592,https://browser.sead.se/site/6265,inventory_only,False,0,0,0,[],0,0,0,0,0,10501,coarse_spatial_context_only,not_captured_by_repository_sources,1891
6402,9dc0ea35-b1cf-4740-8219-3384b99228c8,Västerås 232:1,Sweden,59.61054165,16.54281236,https://browser.sead.se/site/6402,inventory_only,False,0,0,0,[],0,0,0,0,0,15126,coarse_spatial_context_only,not_captured_by_repository_sources,1892
6266,7e6dca85-f224-43e9-8829-3c15cd6273b0,Västra Eds kyrkoruin,Sweden,58.0149663745,16.4750595395,https://browser.sead.se/site/6266,inventory_only,False,0,0,0,[],0,0,0,0,0,12413,coarse_spatial_context_only,not_captured_by_repository_sources,1893
6351,bd067f0d-9b6f-45fa-84b5-c3b27ef84430,Växjö 61:1,Sweden,56.8494246,14.85548705,https://browser.sead.se/site/6351,inventory_only,False,0,0,0,[],0,0,0,0,0,10817,coarse_spatial_context_only,not_captured_by_repository_sources,1894
6262,35fbbcf6-180d-46d3-b537-67258bbd1ef5,Våmhusvägen Bonäs,Sweden,61.0737250013,14.4886217263,https://browser.sead.se/site/6262,inventory_only,False,0,0,0,[],0,0,0,0,0,1202,coarse_spatial_context_only,not_captured_by_repository_sources,1895
6272,6548a274-bf7d-47a3-8e20-45b474a3a212,Wahléns i Oxberg,Sweden,61.1183673727,14.1764821556,https://browser.sead.se/site/6272,inventory_only,False,0,0,0,[],0,0,0,0,0,1202,coarse_spatial_context_only,not_captured_by_repository_sources,1896
6273,843738d8-1606-454d-b939-1c1b37e8e5f9,Waxängs gård,Sweden,59.3651832487,17.1370965238,https://browser.sead.se/site/6273,inventory_only,False,0,0,0,[],0,0,0,0,0,27450,coarse_spatial_context_only,not_captured_by_repository_sources,1897
6274,9b6ebcd4-bb02-42ee-ae24-991e32bcf697,Ysby kyrka,Sweden,56.4941674198,13.1181459288,https://browser.sead.se/site/6274,inventory_only,False,0,0,0,[],0,0,0,0,0,8912,coarse_spatial_context_only,not_captured_by_repository_sources,1898
6383,8da4884c-edb9-4894-ac13-33c519c272e3,Ystad 50:1,Sweden,55.42891943,13.81979266,https://browser.sead.se/site/6383,inventory_only,False,0,0,0,[],0,0,0,0,0,6654,coarse_spatial_context_only,not_captured_by_repository_sources,1899
6275,7d939335-a610-4afb-8d1e-ed5041fbb830,Ytterselö kyrka,Sweden,59.3769403787,17.2571786036,https://browser.sead.se/site/6275,inventory_only,False,0,0,0,[],0,0,0,0,0,27450,coarse_spatial_context_only,not_captured_by_repository_sources,1900
5668,089bcd44-5fc8-448a-ac7c-2d44f92d5094,Äskhult,Sweden,57.427149,12.283078,https://browser.sead.se/site/5668,inventory_only,False,0,0,0,[],0,0,0,0,0,8569,coarse_spatial_context_only,not_captured_by_repository_sources,1901
5680,eddb885d-c824-474f-9542-1c258dc8aaed,Ågren i Rännberg,Sweden,63.3913650279,12.7793399057,https://browser.sead.se/site/5680,inventory_only,False,0,0,0,[],0,0,0,0,0,912,coarse_spatial_context_only,not_captured_by_repository_sources,1902
6398,950bc65f-36c1-48b0-a3da-3bf90b2b3b34,Åhus 23:1,Sweden,55.92440201,14.29533609,https://browser.sead.se/site/6398,inventory_only,False,0,0,0,[],0,0,0,0,0,3205,coarse_spatial_context_only,not_captured_by_repository_sources,1903
6376,cdbc6160-d452-4a94-98c7-aee1c55fa9d5,Åker 270:1,Sweden,59.2730289,17.13218858,https://browser.sead.se/site/6376,inventory_only,False,0,0,0,[],0,0,0,0,0,27450,coarse_spatial_context_only,not_captured_by_repository_sources,1904
6443,c2602d98-83ba-4a9c-b108-57c6285af52d,Åker 303:1,Sweden,59.261426,17.121804,https://browser.sead.se/site/6443,inventory_only,False,0,0,0,[],0,0,0,0,0,27450,coarse_spatial_context_only,not_captured_by_repository_sources,1905
5681,dad11e59-4f29-498b-9630-1f41c36026e4,Åkerblads pensionat,Sweden,60.8267028214,14.9920375487,https://browser.sead.se/site/5681,inventory_only,False,0,0,0,[],0,0,0,0,0,1731,coarse_spatial_context_only,not_captured_by_repository_sources,1906
5689,437705f2-95b7-4183-a760-7a2011927475,Årdala kyrka,Sweden,58.9938270593,16.8293009505,https://browser.sead.se/site/5689,inventory_only,False,0,0,0,[],0,0,0,0,0,12413,coarse_spatial_context_only,not_captured_by_repository_sources,1907
5690,a80890b5-6d79-4857-9d28-58ec2a72767a,Åre gamla kyrka,Sweden,63.3975186119,13.0813288953,https://browser.sead.se/site/5690,inventory_only,False,0,0,0,[],0,0,0,0,0,1147,coarse_spatial_context_only,not_captured_by_repository_sources,1908
5691,717abbeb-6caa-4fac-b83f-63adfc40177e,Årebergs gård,Sweden,58.4422675554,14.1644069581,https://browser.sead.se/site/5691,inventory_only,False,0,0,0,[],0,0,0,0,0,3815,coarse_spatial_context_only,not_captured_by_repository_sources,1909
6277,024cbe8f-be11-42bf-aa70-dd37af1dfc9e,Åsen,Sweden,60.4277937316,15.677572782,https://browser.sead.se/site/6277,inventory_only,False,0,0,0,[],0,0,0,0,0,3988,coarse_spatial_context_only,not_captured_by_repository_sources,1910
6278,b5d6d8ac-e097-4e84-9334-b119326f53f9,Åsögatan,Sweden,59.313464019,18.0793380103,https://browser.sead.se/site/6278,inventory_only,False,0,0,0,[],0,0,0,0,0,10763,coarse_spatial_context_only,not_captured_by_repository_sources,1911
6407,9f9664b6-7e56-42ab-ae39-254a7de9b856,Ödeshög 215:1,Sweden,58.22846444,14.65545724,https://browser.sead.se/site/6407,inventory_only,False,0,0,0,[],0,0,0,0,0,3815,coarse_spatial_context_only,not_captured_by_repository_sources,1912
6044,d6e3c8b7-3601-4469-a0a0-26ae936913a0,Öhlanders,Sweden,62.542090398,15.6610145913,https://browser.sead.se/site/6044,inventory_only,False,0,0,0,[],0,0,0,0,0,1173,coarse_spatial_context_only,not_captured_by_repository_sources,1913
6314,af0f8da5-c4f0-4091-a32f-375af9b55b12,Örsaskögle,Sweden,57.2794577707,15.6895036269,https://browser.sead.se/site/6314,inventory_only,False,0,0,0,[],0,0,0,0,0,4004,coarse_spatial_context_only,not_captured_by_repository_sources,1914
6065,9e582fbb-c411-42c2-a77e-32711e3507dc,Örtofta slott,Sweden,55.7845986496,13.2452742151,https://browser.sead.se/site/6065,inventory_only,False,0,0,0,[],0,0,0,0,0,6654,coarse_spatial_context_only,not_captured_by_repository_sources,1915
6066,4d7143ed-bd5e-4082-8158-e8aab278e525,Örup Stenhus,Sweden,55.5213892957,13.9368190126,https://browser.sead.se/site/6066,inventory_only,False,0,0,0,[],0,0,0,0,0,6654,coarse_spatial_context_only,not_captured_by_repository_sources,1916
6067,83ed22a7-f678-47fa-a398-ba44305a2fa9,Östboda,Sweden,62.7112649837,15.2078115604,https://browser.sead.se/site/6067,inventory_only,False,0,0,0,[],0,0,0,0,0,1173,coarse_spatial_context_only,not_captured_by_repository_sources,1917
6068,259c9df1-b260-4c07-ac1a-2b912ca2f6c4,Östbyhärbret,Sweden,62.5281976393,15.977600405,https://browser.sead.se/site/6068,inventory_only,False,0,0,0,[],0,0,0,0,0,1173,coarse_spatial_context_only,not_captured_by_repository_sources,1918
6315,59ed21b1-94b9-4f04-a9ad-03b3a9d4efd6,Östbyvägen,Sweden,60.8938600831,16.7504959796,https://browser.sead.se/site/6315,inventory_only,False,0,0,0,[],0,0,0,0,0,4239,coarse_spatial_context_only,not_captured_by_repository_sources,1919
6069,b9148f47-ca3f-48c5-aabd-2c3211e241e1,Österslövs gamla prästgård,Sweden,56.0993783778,14.2510008287,https://browser.sead.se/site/6069,inventory_only,False,0,0,0,[],0,0,0,0,0,10817,coarse_spatial_context_only,not_captured_by_repository_sources,1920
6070,d8c65424-effe-4574-8e49-3ef550c43bf7,Östnorsstugan,Sweden,61.0301106235,14.4912301403,https://browser.sead.se/site/6070,inventory_only,False,0,0,0,[],0,0,0,0,0,1202,coarse_spatial_context_only,not_captured_by_repository_sources,1921
6071,7ca0cd57-1b24-43e6-81d2-eb5ea18d43fd,Östnorsstugan stall och lider,Sweden,61.0301106235,14.4912301403,https://browser.sead.se/site/6071,inventory_only,False,0,0,0,[],0,0,0,0,0,1202,coarse_spatial_context_only,not_captured_by_repository_sources,1922
6072,93831519-f55d-482c-bf77-33722f0a82a8,Östra Sallerups kyrka,Sweden,55.8013758815,13.7294970708,https://browser.sead.se/site/6072,inventory_only,False,0,0,0,[],0,0,0,0,0,6654,coarse_spatial_context_only,not_captured_by_repository_sources,1923
6073,1a6efca7-2794-4787-b2e7-a2c9f9e74a5b,Östra Söderåsen,Sweden,63.4989569584,13.9737568855,https://browser.sead.se/site/6073,inventory_only,False,0,0,0,[],0,0,0,0,0,1147,coarse_spatial_context_only,not_captured_by_repository_sources,1924
6348,69b7fd77-96d9-4261-acb5-5f7d2b353bfc,Övergran 280:1,Sweden,59.5940871,17.45781762,https://browser.sead.se/site/6348,inventory_only,False,0,0,0,[],0,0,0,0,0,27450,coarse_spatial_context_only,not_captured_by_repository_sources,1925
