site_id,site_name,country,temporal_strength,duration_posture,access_visibility,normalization_risk,publication_posture,site_page_url,summary_label,review_note
6468,10412 Fjälkinge,Sweden,inventory_only_or_unresolved,duration_not_available,site_page_only,medium_access_constrained,context_layer_with_explicit_caveat,https://browser.sead.se/site/6468,Unresolved time semantics,Readers may need to inspect the upstream SEAD site page because the repository does not currently expose stronger reference links.
6469,10469 Kvistofta,Sweden,inventory_only_or_unresolved,duration_not_available,site_page_only,medium_access_constrained,context_layer_with_explicit_caveat,https://browser.sead.se/site/6469,Unresolved time semantics,Readers may need to inspect the upstream SEAD site page because the repository does not currently expose stronger reference links.
6481,10531 Örkelljunga,Sweden,inventory_only_or_unresolved,duration_not_available,site_page_only,medium_access_constrained,context_layer_with_explicit_caveat,https://browser.sead.se/site/6481,Unresolved time semantics,Readers may need to inspect the upstream SEAD site page because the repository does not currently expose stronger reference links.
6482,10535 Skåne,Sweden,inventory_only_or_unresolved,duration_not_available,site_page_only,medium_access_constrained,context_layer_with_explicit_caveat,https://browser.sead.se/site/6482,Unresolved time semantics,Readers may need to inspect the upstream SEAD site page because the repository does not currently expose stronger reference links.
6478,12590 Hall,Sweden,inventory_only_or_unresolved,duration_not_available,site_page_only,medium_access_constrained,context_layer_with_explicit_caveat,https://browser.sead.se/site/6478,Unresolved time semantics,Readers may need to inspect the upstream SEAD site page because the repository does not currently expose stronger reference links.
6466,12615 Stelor,Sweden,inventory_only_or_unresolved,duration_not_available,site_page_only,medium_access_constrained,context_layer_with_explicit_caveat,https://browser.sead.se/site/6466,Unresolved time semantics,Readers may need to inspect the upstream SEAD site page because the repository does not currently expose stronger reference links.
6447,12628 Länna,Sweden,inventory_only_or_unresolved,duration_not_available,site_page_only,medium_access_constrained,context_layer_with_explicit_caveat,https://browser.sead.se/site/6447,Unresolved time semantics,Readers may need to inspect the upstream SEAD site page because the repository does not currently expose stronger reference links.
6479,12673 Fröjel,Sweden,inventory_only_or_unresolved,duration_not_available,site_page_only,medium_access_constrained,context_layer_with_explicit_caveat,https://browser.sead.se/site/6479,Unresolved time semantics,Readers may need to inspect the upstream SEAD site page because the repository does not currently expose stronger reference links.
6480,12711 Othem,Sweden,inventory_only_or_unresolved,duration_not_available,site_page_only,medium_access_constrained,context_layer_with_explicit_caveat,https://browser.sead.se/site/6480,Unresolved time semantics,Readers may need to inspect the upstream SEAD site page because the repository does not currently expose stronger reference links.
6453,14295 Ringarum,Sweden,inventory_only_or_unresolved,duration_not_available,site_page_only,medium_access_constrained,context_layer_with_explicit_caveat,https://browser.sead.se/site/6453,Unresolved time semantics,Readers may need to inspect the upstream SEAD site page because the repository does not currently expose stronger reference links.
6470,14851 Norrköping,Sweden,inventory_only_or_unresolved,duration_not_available,site_page_only,medium_access_constrained,context_layer_with_explicit_caveat,https://browser.sead.se/site/6470,Unresolved time semantics,Readers may need to inspect the upstream SEAD site page because the repository does not currently expose stronger reference links.
6456,14885 Strömmen,Sweden,inventory_only_or_unresolved,duration_not_available,site_page_only,medium_access_constrained,context_layer_with_explicit_caveat,https://browser.sead.se/site/6456,Unresolved time semantics,Readers may need to inspect the upstream SEAD site page because the repository does not currently expose stronger reference links.
6483,14889 Östergötland,Sweden,inventory_only_or_unresolved,duration_not_available,site_page_only,medium_access_constrained,context_layer_with_explicit_caveat,https://browser.sead.se/site/6483,Unresolved time semantics,Readers may need to inspect the upstream SEAD site page because the repository does not currently expose stronger reference links.
6330,16014 Älgarås,Sweden,inventory_only_or_unresolved,duration_not_available,site_page_only,medium_access_constrained,context_layer_with_explicit_caveat,https://browser.sead.se/site/6330,Unresolved time semantics,Readers may need to inspect the upstream SEAD site page because the repository does not currently expose stronger reference links.
6332,16024 Finnerödja,Sweden,inventory_only_or_unresolved,duration_not_available,site_page_only,medium_access_constrained,context_layer_with_explicit_caveat,https://browser.sead.se/site/6332,Unresolved time semantics,Readers may need to inspect the upstream SEAD site page because the repository does not currently expose stronger reference links.
6335,16560 Hova,Sweden,inventory_only_or_unresolved,duration_not_available,site_page_only,medium_access_constrained,context_layer_with_explicit_caveat,https://browser.sead.se/site/6335,Unresolved time semantics,Readers may need to inspect the upstream SEAD site page because the repository does not currently expose stronger reference links.
6458,17118 Sörby,Sweden,inventory_only_or_unresolved,duration_not_available,site_page_only,medium_access_constrained,context_layer_with_explicit_caveat,https://browser.sead.se/site/6458,Unresolved time semantics,Readers may need to inspect the upstream SEAD site page because the repository does not currently expose stronger reference links.
5652,41093 Tranås,Sweden,inventory_only_or_unresolved,duration_not_available,site_page_only,medium_access_constrained,context_layer_with_explicit_caveat,https://browser.sead.se/site/5652,Unresolved time semantics,Readers may need to inspect the upstream SEAD site page because the repository does not currently expose stronger reference links.
6341,51840 Malung-Sälen,Sweden,inventory_only_or_unresolved,duration_not_available,site_page_only,medium_access_constrained,context_layer_with_explicit_caveat,https://browser.sead.se/site/6341,Unresolved time semantics,Readers may need to inspect the upstream SEAD site page because the repository does not currently expose stronger reference links.
6471,57333 Yttergran,Sweden,inventory_only_or_unresolved,duration_not_available,site_page_only,medium_access_constrained,context_layer_with_explicit_caveat,https://browser.sead.se/site/6471,Unresolved time semantics,Readers may need to inspect the upstream SEAD site page because the repository does not currently expose stronger reference links.
6445,58060 Ölands värdshus,Sweden,inventory_only_or_unresolved,duration_not_available,site_page_only,medium_access_constrained,context_layer_with_explicit_caveat,https://browser.sead.se/site/6445,Unresolved time semantics,Readers may need to inspect the upstream SEAD site page because the repository does not currently expose stronger reference links.
6484,58194 Kalmar,Sweden,inventory_only_or_unresolved,duration_not_available,site_page_only,medium_access_constrained,context_layer_with_explicit_caveat,https://browser.sead.se/site/6484,Unresolved time semantics,Readers may need to inspect the upstream SEAD site page because the repository does not currently expose stronger reference links.
5653,58195 Böda,Sweden,inventory_only_or_unresolved,duration_not_available,site_page_only,medium_access_constrained,context_layer_with_explicit_caveat,https://browser.sead.se/site/5653,Unresolved time semantics,Readers may need to inspect the upstream SEAD site page because the repository does not currently expose stronger reference links.
6462,61094 Kronobäck,Sweden,inventory_only_or_unresolved,duration_not_available,site_page_only,medium_access_constrained,context_layer_with_explicit_caveat,https://browser.sead.se/site/6462,Unresolved time semantics,Readers may need to inspect the upstream SEAD site page because the repository does not currently expose stronger reference links.
5654,61779 Söderåkra,Sweden,inventory_only_or_unresolved,duration_not_available,site_page_only,medium_access_constrained,context_layer_with_explicit_caveat,https://browser.sead.se/site/5654,Unresolved time semantics,Readers may need to inspect the upstream SEAD site page because the repository does not currently expose stronger reference links.
6450,62771 Norra Vallby,Sweden,inventory_only_or_unresolved,duration_not_available,site_page_only,medium_access_constrained,context_layer_with_explicit_caveat,https://browser.sead.se/site/6450,Unresolved time semantics,Readers may need to inspect the upstream SEAD site page because the repository does not currently expose stronger reference links.
6472,62790 Uppsala,Sweden,inventory_only_or_unresolved,duration_not_available,site_page_only,medium_access_constrained,context_layer_with_explicit_caveat,https://browser.sead.se/site/6472,Unresolved time semantics,Readers may need to inspect the upstream SEAD site page because the repository does not currently expose stronger reference links.
6336,63118 Hovsta,Sweden,inventory_only_or_unresolved,duration_not_available,site_page_only,medium_access_constrained,context_layer_with_explicit_caveat,https://browser.sead.se/site/6336,Unresolved time semantics,Readers may need to inspect the upstream SEAD site page because the repository does not currently expose stronger reference links.
6473,66401 Västra Karaby,Sweden,inventory_only_or_unresolved,duration_not_available,site_page_only,medium_access_constrained,context_layer_with_explicit_caveat,https://browser.sead.se/site/6473,Unresolved time semantics,Readers may need to inspect the upstream SEAD site page because the repository does not currently expose stronger reference links.
6446,66501 Lyckeby,Sweden,inventory_only_or_unresolved,duration_not_available,site_page_only,medium_access_constrained,context_layer_with_explicit_caveat,https://browser.sead.se/site/6446,Unresolved time semantics,Readers may need to inspect the upstream SEAD site page because the repository does not currently expose stronger reference links.
6460,66601 Tommarp,Sweden,inventory_only_or_unresolved,duration_not_available,site_page_only,medium_access_constrained,context_layer_with_explicit_caveat,https://browser.sead.se/site/6460,Unresolved time semantics,Readers may need to inspect the upstream SEAD site page because the repository does not currently expose stronger reference links.
6467,66701 Önnerup,Sweden,inventory_only_or_unresolved,duration_not_available,site_page_only,medium_access_constrained,context_layer_with_explicit_caveat,https://browser.sead.se/site/6467,Unresolved time semantics,Readers may need to inspect the upstream SEAD site page because the repository does not currently expose stronger reference links.
6474,66863 Saxtorp,Sweden,inventory_only_or_unresolved,duration_not_available,site_page_only,medium_access_constrained,context_layer_with_explicit_caveat,https://browser.sead.se/site/6474,Unresolved time semantics,Readers may need to inspect the upstream SEAD site page because the repository does not currently expose stronger reference links.
6461,70500 Trollebergsvägen,Sweden,inventory_only_or_unresolved,duration_not_available,site_page_only,medium_access_constrained,context_layer_with_explicit_caveat,https://browser.sead.se/site/6461,Unresolved time semantics,Readers may need to inspect the upstream SEAD site page because the repository does not currently expose stronger reference links.
5671,71372 Alfta,Sweden,inventory_only_or_unresolved,duration_not_available,site_page_only,medium_access_constrained,context_layer_with_explicit_caveat,https://browser.sead.se/site/5671,Unresolved time semantics,Readers may need to inspect the upstream SEAD site page because the repository does not currently expose stronger reference links.
5672,71372 Arbrå,Sweden,inventory_only_or_unresolved,duration_not_available,site_page_only,medium_access_constrained,context_layer_with_explicit_caveat,https://browser.sead.se/site/5672,Unresolved time semantics,Readers may need to inspect the upstream SEAD site page because the repository does not currently expose stronger reference links.
5673,71409 Voxna,Sweden,inventory_only_or_unresolved,duration_not_available,site_page_only,medium_access_constrained,context_layer_with_explicit_caveat,https://browser.sead.se/site/5673,Unresolved time semantics,Readers may need to inspect the upstream SEAD site page because the repository does not currently expose stronger reference links.
5674,71410 Voxna,Sweden,inventory_only_or_unresolved,duration_not_available,site_page_only,medium_access_constrained,context_layer_with_explicit_caveat,https://browser.sead.se/site/5674,Unresolved time semantics,Readers may need to inspect the upstream SEAD site page because the repository does not currently expose stronger reference links.
5675,71502 Gammelbokskogen,Sweden,inventory_only_or_unresolved,duration_not_available,site_page_only,medium_access_constrained,context_layer_with_explicit_caveat,https://browser.sead.se/site/5675,Unresolved time semantics,Readers may need to inspect the upstream SEAD site page because the repository does not currently expose stronger reference links.
6475,72180 Mariefred,Sweden,inventory_only_or_unresolved,duration_not_available,site_page_only,medium_access_constrained,context_layer_with_explicit_caveat,https://browser.sead.se/site/6475,Unresolved time semantics,Readers may need to inspect the upstream SEAD site page because the repository does not currently expose stronger reference links.
6339,72775 Nyköping,Sweden,inventory_only_or_unresolved,duration_not_available,site_page_only,medium_access_constrained,context_layer_with_explicit_caveat,https://browser.sead.se/site/6339,Unresolved time semantics,Readers may need to inspect the upstream SEAD site page because the repository does not currently expose stronger reference links.
6485,75343 Kalmar,Sweden,inventory_only_or_unresolved,duration_not_available,site_page_only,medium_access_constrained,context_layer_with_explicit_caveat,https://browser.sead.se/site/6485,Unresolved time semantics,Readers may need to inspect the upstream SEAD site page because the repository does not currently expose stronger reference links.
6476,75437 Sjösås,Sweden,inventory_only_or_unresolved,duration_not_available,site_page_only,medium_access_constrained,context_layer_with_explicit_caveat,https://browser.sead.se/site/6476,Unresolved time semantics,Readers may need to inspect the upstream SEAD site page because the repository does not currently expose stronger reference links.
5657,75501 Kalmar,Sweden,inventory_only_or_unresolved,duration_not_available,site_page_only,medium_access_constrained,context_layer_with_explicit_caveat,https://browser.sead.se/site/5657,Unresolved time semantics,Readers may need to inspect the upstream SEAD site page because the repository does not currently expose stronger reference links.
5658,75515 Kalmar,Sweden,inventory_only_or_unresolved,duration_not_available,site_page_only,medium_access_constrained,context_layer_with_explicit_caveat,https://browser.sead.se/site/5658,Unresolved time semantics,Readers may need to inspect the upstream SEAD site page because the repository does not currently expose stronger reference links.
3821,75519 Småland,Sweden,inventory_only_or_unresolved,duration_not_available,site_page_only,medium_access_constrained,context_layer_with_explicit_caveat,https://browser.sead.se/site/3821,Unresolved time semantics,Readers may need to inspect the upstream SEAD site page because the repository does not currently expose stronger reference links.
3820,75521 Småland,Sweden,inventory_only_or_unresolved,duration_not_available,site_page_only,medium_access_constrained,context_layer_with_explicit_caveat,https://browser.sead.se/site/3820,Unresolved time semantics,Readers may need to inspect the upstream SEAD site page because the repository does not currently expose stronger reference links.
3819,75523 Småland,Sweden,inventory_only_or_unresolved,duration_not_available,site_page_only,medium_access_constrained,context_layer_with_explicit_caveat,https://browser.sead.se/site/3819,Unresolved time semantics,Readers may need to inspect the upstream SEAD site page because the repository does not currently expose stronger reference links.
3818,75524 Småland,Sweden,inventory_only_or_unresolved,duration_not_available,site_page_only,medium_access_constrained,context_layer_with_explicit_caveat,https://browser.sead.se/site/3818,Unresolved time semantics,Readers may need to inspect the upstream SEAD site page because the repository does not currently expose stronger reference links.
5659,75601 Hälleberga,Sweden,inventory_only_or_unresolved,duration_not_available,site_page_only,medium_access_constrained,context_layer_with_explicit_caveat,https://browser.sead.se/site/5659,Unresolved time semantics,Readers may need to inspect the upstream SEAD site page because the repository does not currently expose stronger reference links.
6477,75847 Mörlunda,Sweden,inventory_only_or_unresolved,duration_not_available,site_page_only,medium_access_constrained,context_layer_with_explicit_caveat,https://browser.sead.se/site/6477,Unresolved time semantics,Readers may need to inspect the upstream SEAD site page because the repository does not currently expose stronger reference links.
5661,77249 Blekinge,Sweden,inventory_only_or_unresolved,duration_not_available,site_page_only,medium_access_constrained,context_layer_with_explicit_caveat,https://browser.sead.se/site/5661,Unresolved time semantics,Readers may need to inspect the upstream SEAD site page because the repository does not currently expose stronger reference links.
5663,77321 Blekinge,Sweden,inventory_only_or_unresolved,duration_not_available,site_page_only,medium_access_constrained,context_layer_with_explicit_caveat,https://browser.sead.se/site/5663,Unresolved time semantics,Readers may need to inspect the upstream SEAD site page because the repository does not currently expose stronger reference links.
6334,78183 Hässleholm,Sweden,inventory_only_or_unresolved,duration_not_available,site_page_only,medium_access_constrained,context_layer_with_explicit_caveat,https://browser.sead.se/site/6334,Unresolved time semantics,Readers may need to inspect the upstream SEAD site page because the repository does not currently expose stronger reference links.
6340,80033 Tvååker,Sweden,inventory_only_or_unresolved,duration_not_available,site_page_only,medium_access_constrained,context_layer_with_explicit_caveat,https://browser.sead.se/site/6340,Unresolved time semantics,Readers may need to inspect the upstream SEAD site page because the repository does not currently expose stronger reference links.
5667,80501 Värö,Sweden,inventory_only_or_unresolved,duration_not_available,site_page_only,medium_access_constrained,context_layer_with_explicit_caveat,https://browser.sead.se/site/5667,Unresolved time semantics,Readers may need to inspect the upstream SEAD site page because the repository does not currently expose stronger reference links.
6333,80848 Harplinge,Sweden,inventory_only_or_unresolved,duration_not_available,site_page_only,medium_access_constrained,context_layer_with_explicit_caveat,https://browser.sead.se/site/6333,Unresolved time semantics,Readers may need to inspect the upstream SEAD site page because the repository does not currently expose stronger reference links.
6331,82191 Falun,Sweden,inventory_only_or_unresolved,duration_not_available,site_page_only,medium_access_constrained,context_layer_with_explicit_caveat,https://browser.sead.se/site/6331,Unresolved time semantics,Readers may need to inspect the upstream SEAD site page because the repository does not currently expose stronger reference links.
6338,82864 Malung,Sweden,inventory_only_or_unresolved,duration_not_available,site_page_only,medium_access_constrained,context_layer_with_explicit_caveat,https://browser.sead.se/site/6338,Unresolved time semantics,Readers may need to inspect the upstream SEAD site page because the repository does not currently expose stronger reference links.
6337,93139 Ljusterö,Sweden,inventory_only_or_unresolved,duration_not_available,site_page_only,medium_access_constrained,context_layer_with_explicit_caveat,https://browser.sead.se/site/6337,Unresolved time semantics,Readers may need to inspect the upstream SEAD site page because the repository does not currently expose stronger reference links.
5669,93279 Österlövsta,Sweden,inventory_only_or_unresolved,duration_not_available,site_page_only,medium_access_constrained,context_layer_with_explicit_caveat,https://browser.sead.se/site/5669,Unresolved time semantics,Readers may need to inspect the upstream SEAD site page because the repository does not currently expose stronger reference links.
4234,Abbotens hus,Sweden,inventory_only_or_unresolved,duration_not_available,site_page_only,medium_access_constrained,context_layer_with_explicit_caveat,https://browser.sead.se/site/4234,Unresolved time semantics,Readers may need to inspect the upstream SEAD site page because the repository does not currently expose stronger reference links.
5677,Abilds kyrka,Sweden,inventory_only_or_unresolved,duration_not_available,site_page_only,medium_access_constrained,context_layer_with_explicit_caveat,https://browser.sead.se/site/5677,Unresolved time semantics,Readers may need to inspect the upstream SEAD site page because the repository does not currently expose stronger reference links.
5678,Acksi,Sweden,inventory_only_or_unresolved,duration_not_available,site_page_only,medium_access_constrained,context_layer_with_explicit_caveat,https://browser.sead.se/site/5678,Unresolved time semantics,Readers may need to inspect the upstream SEAD site page because the repository does not currently expose stronger reference links.
6424,Adelsö 119:1,Sweden,inventory_only_or_unresolved,duration_not_available,site_page_only,medium_access_constrained,context_layer_with_explicit_caveat,https://browser.sead.se/site/6424,Unresolved time semantics,Readers may need to inspect the upstream SEAD site page because the repository does not currently expose stronger reference links.
5679,Agges i Flenarna,Sweden,inventory_only_or_unresolved,duration_not_available,site_page_only,medium_access_constrained,context_layer_with_explicit_caveat,https://browser.sead.se/site/5679,Unresolved time semantics,Readers may need to inspect the upstream SEAD site page because the repository does not currently expose stronger reference links.
6427,Akademiska sjukhuset,Sweden,inventory_only_or_unresolved,duration_not_available,site_page_only,medium_access_constrained,context_layer_with_explicit_caveat,https://browser.sead.se/site/6427,Unresolved time semantics,Readers may need to inspect the upstream SEAD site page because the repository does not currently expose stronger reference links.
5092,Alavieska: Kotaräme,Finland,inventory_only_or_unresolved,duration_not_available,site_page_only,medium_access_constrained,context_layer_with_explicit_caveat,https://browser.sead.se/site/5092,Unresolved time semantics,Readers may need to inspect the upstream SEAD site page because the repository does not currently expose stronger reference links.
5682,Albostugan,Sweden,inventory_only_or_unresolved,duration_not_available,site_page_only,medium_access_constrained,context_layer_with_explicit_caveat,https://browser.sead.se/site/5682,Unresolved time semantics,Readers may need to inspect the upstream SEAD site page because the repository does not currently expose stronger reference links.
6363,Algutsboda 79:1,Sweden,inventory_only_or_unresolved,duration_not_available,site_page_only,medium_access_constrained,context_layer_with_explicit_caveat,https://browser.sead.se/site/6363,Unresolved time semantics,Readers may need to inspect the upstream SEAD site page because the repository does not currently expose stronger reference links.
6276,Alhammar,Sweden,inventory_only_or_unresolved,duration_not_available,site_page_only,medium_access_constrained,context_layer_with_explicit_caveat,https://browser.sead.se/site/6276,Unresolved time semantics,Readers may need to inspect the upstream SEAD site page because the repository does not currently expose stronger reference links.
6428,Almare-Stäket,Sweden,inventory_only_or_unresolved,duration_not_available,site_page_only,medium_access_constrained,context_layer_with_explicit_caveat,https://browser.sead.se/site/6428,Unresolved time semantics,Readers may need to inspect the upstream SEAD site page because the repository does not currently expose stronger reference links.
5684,Alntorpsö,Sweden,inventory_only_or_unresolved,duration_not_available,site_page_only,medium_access_constrained,context_layer_with_explicit_caveat,https://browser.sead.se/site/5684,Unresolved time semantics,Readers may need to inspect the upstream SEAD site page because the repository does not currently expose stronger reference links.
5683,Alnö kyrka,Sweden,inventory_only_or_unresolved,duration_not_available,site_page_only,medium_access_constrained,context_layer_with_explicit_caveat,https://browser.sead.se/site/5683,Unresolved time semantics,Readers may need to inspect the upstream SEAD site page because the repository does not currently expose stronger reference links.
213,"Alväng, Götlunda",Sweden,inventory_only_or_unresolved,duration_not_available,site_page_only,medium_access_constrained,context_layer_with_explicit_caveat,https://browser.sead.se/site/213,Unresolved time semantics,Readers may need to inspect the upstream SEAD site page because the repository does not currently expose stronger reference links.
5685,Andersson i Lund,Sweden,inventory_only_or_unresolved,duration_not_available,site_page_only,medium_access_constrained,context_layer_with_explicit_caveat,https://browser.sead.se/site/5685,Unresolved time semantics,Readers may need to inspect the upstream SEAD site page because the repository does not currently expose stronger reference links.
5686,Andersson i Sjör,Sweden,inventory_only_or_unresolved,duration_not_available,site_page_only,medium_access_constrained,context_layer_with_explicit_caveat,https://browser.sead.se/site/5686,Unresolved time semantics,Readers may need to inspect the upstream SEAD site page because the repository does not currently expose stronger reference links.
5687,Anderssons i Gäle,Sweden,inventory_only_or_unresolved,duration_not_available,site_page_only,medium_access_constrained,context_layer_with_explicit_caveat,https://browser.sead.se/site/5687,Unresolved time semantics,Readers may need to inspect the upstream SEAD site page because the repository does not currently expose stronger reference links.
5688,Anderssons i Sidsjö,Sweden,inventory_only_or_unresolved,duration_not_available,site_page_only,medium_access_constrained,context_layer_with_explicit_caveat,https://browser.sead.se/site/5688,Unresolved time semantics,Readers may need to inspect the upstream SEAD site page because the repository does not currently expose stronger reference links.
394,Arboga Raä 65,Sweden,inventory_only_or_unresolved,duration_not_available,site_page_only,medium_access_constrained,context_layer_with_explicit_caveat,https://browser.sead.se/site/394,Unresolved time semantics,Readers may need to inspect the upstream SEAD site page because the repository does not currently expose stronger reference links.
5692,Arendals stamgård,Sweden,inventory_only_or_unresolved,duration_not_available,site_page_only,medium_access_constrained,context_layer_with_explicit_caveat,https://browser.sead.se/site/5692,Unresolved time semantics,Readers may need to inspect the upstream SEAD site page because the repository does not currently expose stronger reference links.
131,Arnäs Raä 256,Sweden,inventory_only_or_unresolved,duration_not_available,site_page_only,medium_access_constrained,context_layer_with_explicit_caveat,https://browser.sead.se/site/131,Unresolved time semantics,Readers may need to inspect the upstream SEAD site page because the repository does not currently expose stronger reference links.
281,Arvidsjaur Raä 1877,Sweden,inventory_only_or_unresolved,duration_not_available,site_page_only,medium_access_constrained,context_layer_with_explicit_caveat,https://browser.sead.se/site/281,Unresolved time semantics,Readers may need to inspect the upstream SEAD site page because the repository does not currently expose stronger reference links.
270,Arvidsjaur Raä 3913,Sweden,inventory_only_or_unresolved,duration_not_available,site_page_only,medium_access_constrained,context_layer_with_explicit_caveat,https://browser.sead.se/site/270,Unresolved time semantics,Readers may need to inspect the upstream SEAD site page because the repository does not currently expose stronger reference links.
263,Arvidsjaur Raä 3941,Sweden,inventory_only_or_unresolved,duration_not_available,site_page_only,medium_access_constrained,context_layer_with_explicit_caveat,https://browser.sead.se/site/263,Unresolved time semantics,Readers may need to inspect the upstream SEAD site page because the repository does not currently expose stronger reference links.
265,Arvidsjaur Raä 633,Sweden,inventory_only_or_unresolved,duration_not_available,site_page_only,medium_access_constrained,context_layer_with_explicit_caveat,https://browser.sead.se/site/265,Unresolved time semantics,Readers may need to inspect the upstream SEAD site page because the repository does not currently expose stronger reference links.
5693,Aschanska gården,Sweden,inventory_only_or_unresolved,duration_not_available,site_page_only,medium_access_constrained,context_layer_with_explicit_caveat,https://browser.sead.se/site/5693,Unresolved time semantics,Readers may need to inspect the upstream SEAD site page because the repository does not currently expose stronger reference links.
6405,Askeby 271,Sweden,inventory_only_or_unresolved,duration_not_available,site_page_only,medium_access_constrained,context_layer_with_explicit_caveat,https://browser.sead.se/site/6405,Unresolved time semantics,Readers may need to inspect the upstream SEAD site page because the repository does not currently expose stronger reference links.
5694,Askeby kyrka,Sweden,inventory_only_or_unresolved,duration_not_available,site_page_only,medium_access_constrained,context_layer_with_explicit_caveat,https://browser.sead.se/site/5694,Unresolved time semantics,Readers may need to inspect the upstream SEAD site page because the repository does not currently expose stronger reference links.
87,Askim Raä 281,Sweden,inventory_only_or_unresolved,duration_not_available,site_page_only,medium_access_constrained,context_layer_with_explicit_caveat,https://browser.sead.se/site/87,Unresolved time semantics,Readers may need to inspect the upstream SEAD site page because the repository does not currently expose stronger reference links.
247,Askim Raä 287,Sweden,inventory_only_or_unresolved,duration_not_available,site_page_only,medium_access_constrained,context_layer_with_explicit_caveat,https://browser.sead.se/site/247,Unresolved time semantics,Readers may need to inspect the upstream SEAD site page because the repository does not currently expose stronger reference links.
245,Askim Raä 290,Sweden,inventory_only_or_unresolved,duration_not_available,site_page_only,medium_access_constrained,context_layer_with_explicit_caveat,https://browser.sead.se/site/245,Unresolved time semantics,Readers may need to inspect the upstream SEAD site page because the repository does not currently expose stronger reference links.
4225,Asks kyrka,Sweden,inventory_only_or_unresolved,duration_not_available,site_page_only,medium_access_constrained,context_layer_with_explicit_caveat,https://browser.sead.se/site/4225,Unresolved time semantics,Readers may need to inspect the upstream SEAD site page because the repository does not currently expose stronger reference links.
285,Askum raä 6,Sweden,inventory_only_or_unresolved,duration_not_available,site_page_only,medium_access_constrained,context_layer_with_explicit_caveat,https://browser.sead.se/site/285,Unresolved time semantics,Readers may need to inspect the upstream SEAD site page because the repository does not currently expose stronger reference links.
267,Askum Raä 67,Sweden,inventory_only_or_unresolved,duration_not_available,site_page_only,medium_access_constrained,context_layer_with_explicit_caveat,https://browser.sead.se/site/267,Unresolved time semantics,Readers may need to inspect the upstream SEAD site page because the repository does not currently expose stronger reference links.
5695,Atteby gård,Sweden,inventory_only_or_unresolved,duration_not_available,site_page_only,medium_access_constrained,context_layer_with_explicit_caveat,https://browser.sead.se/site/5695,Unresolved time semantics,Readers may need to inspect the upstream SEAD site page because the repository does not currently expose stronger reference links.
5696,Augerums kyrka,Sweden,inventory_only_or_unresolved,duration_not_available,site_page_only,medium_access_constrained,context_layer_with_explicit_caveat,https://browser.sead.se/site/5696,Unresolved time semantics,Readers may need to inspect the upstream SEAD site page because the repository does not currently expose stronger reference links.
3800,Axamo flygplats,Sweden,inventory_only_or_unresolved,duration_not_available,site_page_only,medium_access_constrained,context_layer_with_explicit_caveat,https://browser.sead.se/site/3800,Unresolved time semantics,Readers may need to inspect the upstream SEAD site page because the repository does not currently expose stronger reference links.
5699,Backollas i Risholn,Sweden,inventory_only_or_unresolved,duration_not_available,site_page_only,medium_access_constrained,context_layer_with_explicit_caveat,https://browser.sead.se/site/5699,Unresolved time semantics,Readers may need to inspect the upstream SEAD site page because the repository does not currently expose stronger reference links.
5700,Badelunda kyrka,Sweden,inventory_only_or_unresolved,duration_not_available,site_page_only,medium_access_constrained,context_layer_with_explicit_caveat,https://browser.sead.se/site/5700,Unresolved time semantics,Readers may need to inspect the upstream SEAD site page because the repository does not currently expose stronger reference links.
5701,Ballingstorp,Sweden,inventory_only_or_unresolved,duration_not_available,site_page_only,medium_access_constrained,context_layer_with_explicit_caveat,https://browser.sead.se/site/5701,Unresolved time semantics,Readers may need to inspect the upstream SEAD site page because the repository does not currently expose stronger reference links.
5702,Barsebäcks kyrka,Sweden,inventory_only_or_unresolved,duration_not_available,site_page_only,medium_access_constrained,context_layer_with_explicit_caveat,https://browser.sead.se/site/5702,Unresolved time semantics,Readers may need to inspect the upstream SEAD site page because the repository does not currently expose stronger reference links.
6280,Beckombergavägen,Sweden,inventory_only_or_unresolved,duration_not_available,site_page_only,medium_access_constrained,context_layer_with_explicit_caveat,https://browser.sead.se/site/6280,Unresolved time semantics,Readers may need to inspect the upstream SEAD site page because the repository does not currently expose stronger reference links.
5707,Berg,Sweden,inventory_only_or_unresolved,duration_not_available,site_page_only,medium_access_constrained,context_layer_with_explicit_caveat,https://browser.sead.se/site/5707,Unresolved time semantics,Readers may need to inspect the upstream SEAD site page because the repository does not currently expose stronger reference links.
190,Berghem Raä 10,Sweden,inventory_only_or_unresolved,duration_not_available,site_page_only,medium_access_constrained,context_layer_with_explicit_caveat,https://browser.sead.se/site/190,Unresolved time semantics,Readers may need to inspect the upstream SEAD site page because the repository does not currently expose stronger reference links.
151,Berghem Raä 100,Sweden,inventory_only_or_unresolved,duration_not_available,site_page_only,medium_access_constrained,context_layer_with_explicit_caveat,https://browser.sead.se/site/151,Unresolved time semantics,Readers may need to inspect the upstream SEAD site page because the repository does not currently expose stronger reference links.
5708,Berglundsgården i Skålö,Sweden,inventory_only_or_unresolved,duration_not_available,site_page_only,medium_access_constrained,context_layer_with_explicit_caveat,https://browser.sead.se/site/5708,Unresolved time semantics,Readers may need to inspect the upstream SEAD site page because the repository does not currently expose stronger reference links.
5709,Bergmanska gården,Sweden,inventory_only_or_unresolved,duration_not_available,site_page_only,medium_access_constrained,context_layer_with_explicit_caveat,https://browser.sead.se/site/5709,Unresolved time semantics,Readers may need to inspect the upstream SEAD site page because the repository does not currently expose stronger reference links.
5710,Bergolas i kyrkbyn,Sweden,inventory_only_or_unresolved,duration_not_available,site_page_only,medium_access_constrained,context_layer_with_explicit_caveat,https://browser.sead.se/site/5710,Unresolved time semantics,Readers may need to inspect the upstream SEAD site page because the repository does not currently expose stronger reference links.
5711,Bergsbyn,Sweden,inventory_only_or_unresolved,duration_not_available,site_page_only,medium_access_constrained,context_layer_with_explicit_caveat,https://browser.sead.se/site/5711,Unresolved time semantics,Readers may need to inspect the upstream SEAD site page because the repository does not currently expose stronger reference links.
320,Bergskärit,Sweden,inventory_only_or_unresolved,duration_not_available,site_page_only,medium_access_constrained,context_layer_with_explicit_caveat,https://browser.sead.se/site/320,Unresolved time semantics,Readers may need to inspect the upstream SEAD site page because the repository does not currently expose stronger reference links.
3789,"Birka, Settlement",Sweden,inventory_only_or_unresolved,duration_not_available,site_page_only,medium_access_constrained,context_layer_with_explicit_caveat,https://browser.sead.se/site/3789,Unresolved time semantics,Readers may need to inspect the upstream SEAD site page because the repository does not currently expose stronger reference links.
4218,Biskopshuset,Sweden,inventory_only_or_unresolved,duration_not_available,site_page_only,medium_access_constrained,context_layer_with_explicit_caveat,https://browser.sead.se/site/4218,Unresolved time semantics,Readers may need to inspect the upstream SEAD site page because the repository does not currently expose stronger reference links.
210,Bjurholm Raä 295,Sweden,inventory_only_or_unresolved,duration_not_available,site_page_only,medium_access_constrained,context_layer_with_explicit_caveat,https://browser.sead.se/site/210,Unresolved time semantics,Readers may need to inspect the upstream SEAD site page because the repository does not currently expose stronger reference links.
5716,Bjus i Ygsbo,Sweden,inventory_only_or_unresolved,duration_not_available,site_page_only,medium_access_constrained,context_layer_with_explicit_caveat,https://browser.sead.se/site/5716,Unresolved time semantics,Readers may need to inspect the upstream SEAD site page because the repository does not currently expose stronger reference links.
6429,Bjälbo trädgård,Sweden,inventory_only_or_unresolved,duration_not_available,site_page_only,medium_access_constrained,context_layer_with_explicit_caveat,https://browser.sead.se/site/6429,Unresolved time semantics,Readers may need to inspect the upstream SEAD site page because the repository does not currently expose stronger reference links.
91,Björkeli,Norway,inventory_only_or_unresolved,duration_not_available,site_page_only,medium_access_constrained,context_layer_with_explicit_caveat,https://browser.sead.se/site/91,Unresolved time semantics,Readers may need to inspect the upstream SEAD site page because the repository does not currently expose stronger reference links.
5712,Björken i Rälta,Sweden,inventory_only_or_unresolved,duration_not_available,site_page_only,medium_access_constrained,context_layer_with_explicit_caveat,https://browser.sead.se/site/5712,Unresolved time semantics,Readers may need to inspect the upstream SEAD site page because the repository does not currently expose stronger reference links.
5713,Björkviks säteri,Sweden,inventory_only_or_unresolved,duration_not_available,site_page_only,medium_access_constrained,context_layer_with_explicit_caveat,https://browser.sead.se/site/5713,Unresolved time semantics,Readers may need to inspect the upstream SEAD site page because the repository does not currently expose stronger reference links.
372,Björlanda 348,Sweden,inventory_only_or_unresolved,duration_not_available,site_page_only,medium_access_constrained,context_layer_with_explicit_caveat,https://browser.sead.se/site/372,Unresolved time semantics,Readers may need to inspect the upstream SEAD site page because the repository does not currently expose stronger reference links.
261,Björlanda 459,Sweden,inventory_only_or_unresolved,duration_not_available,site_page_only,medium_access_constrained,context_layer_with_explicit_caveat,https://browser.sead.se/site/261,Unresolved time semantics,Readers may need to inspect the upstream SEAD site page because the repository does not currently expose stronger reference links.
307,Björlanda Raä 374,Sweden,inventory_only_or_unresolved,duration_not_available,site_page_only,medium_access_constrained,context_layer_with_explicit_caveat,https://browser.sead.se/site/307,Unresolved time semantics,Readers may need to inspect the upstream SEAD site page because the repository does not currently expose stronger reference links.
5714,Björlings i Färnäs,Sweden,inventory_only_or_unresolved,duration_not_available,site_page_only,medium_access_constrained,context_layer_with_explicit_caveat,https://browser.sead.se/site/5714,Unresolved time semantics,Readers may need to inspect the upstream SEAD site page because the repository does not currently expose stronger reference links.
5715,Björs i Stene,Sweden,inventory_only_or_unresolved,duration_not_available,site_page_only,medium_access_constrained,context_layer_with_explicit_caveat,https://browser.sead.se/site/5715,Unresolved time semantics,Readers may need to inspect the upstream SEAD site page because the repository does not currently expose stronger reference links.
6281,Blankeberg,Sweden,inventory_only_or_unresolved,duration_not_available,site_page_only,medium_access_constrained,context_layer_with_explicit_caveat,https://browser.sead.se/site/6281,Unresolved time semantics,Readers may need to inspect the upstream SEAD site page because the repository does not currently expose stronger reference links.
5717,Bleckos i Röjeråsen,Sweden,inventory_only_or_unresolved,duration_not_available,site_page_only,medium_access_constrained,context_layer_with_explicit_caveat,https://browser.sead.se/site/5717,Unresolved time semantics,Readers may need to inspect the upstream SEAD site page because the repository does not currently expose stronger reference links.
5718,Bleckstuggu Danielsgården i Almbergsbjörken,Sweden,inventory_only_or_unresolved,duration_not_available,site_page_only,medium_access_constrained,context_layer_with_explicit_caveat,https://browser.sead.se/site/5718,Unresolved time semantics,Readers may need to inspect the upstream SEAD site page because the repository does not currently expose stronger reference links.
5719,Blekingegården,Sweden,inventory_only_or_unresolved,duration_not_available,site_page_only,medium_access_constrained,context_layer_with_explicit_caveat,https://browser.sead.se/site/5719,Unresolved time semantics,Readers may need to inspect the upstream SEAD site page because the repository does not currently expose stronger reference links.
5720,Blomstugan i Lindbodarna,Sweden,inventory_only_or_unresolved,duration_not_available,site_page_only,medium_access_constrained,context_layer_with_explicit_caveat,https://browser.sead.se/site/5720,Unresolved time semantics,Readers may need to inspect the upstream SEAD site page because the repository does not currently expose stronger reference links.
5721,Blomtorpet i Hara,Sweden,inventory_only_or_unresolved,duration_not_available,site_page_only,medium_access_constrained,context_layer_with_explicit_caveat,https://browser.sead.se/site/5721,Unresolved time semantics,Readers may need to inspect the upstream SEAD site page because the repository does not currently expose stronger reference links.
128,BMR 3054 Vestre Indlæg,Denmark,inventory_only_or_unresolved,duration_not_available,site_page_only,medium_access_constrained,context_layer_with_explicit_caveat,https://browser.sead.se/site/128,Unresolved time semantics,Readers may need to inspect the upstream SEAD site page because the repository does not currently expose stronger reference links.
5722,Boarp,Sweden,inventory_only_or_unresolved,duration_not_available,site_page_only,medium_access_constrained,context_layer_with_explicit_caveat,https://browser.sead.se/site/5722,Unresolved time semantics,Readers may need to inspect the upstream SEAD site page because the repository does not currently expose stronger reference links.
5723,Bobergs i Nyhyttan,Sweden,inventory_only_or_unresolved,duration_not_available,site_page_only,medium_access_constrained,context_layer_with_explicit_caveat,https://browser.sead.se/site/5723,Unresolved time semantics,Readers may need to inspect the upstream SEAD site page because the repository does not currently expose stronger reference links.
5724,Bobergska gården,Sweden,inventory_only_or_unresolved,duration_not_available,site_page_only,medium_access_constrained,context_layer_with_explicit_caveat,https://browser.sead.se/site/5724,Unresolved time semantics,Readers may need to inspect the upstream SEAD site page because the repository does not currently expose stronger reference links.
5725,Bodarps kyrka,Sweden,inventory_only_or_unresolved,duration_not_available,site_page_only,medium_access_constrained,context_layer_with_explicit_caveat,https://browser.sead.se/site/5725,Unresolved time semantics,Readers may need to inspect the upstream SEAD site page because the repository does not currently expose stronger reference links.
5726,Boddas bönhus,Sweden,inventory_only_or_unresolved,duration_not_available,site_page_only,medium_access_constrained,context_layer_with_explicit_caveat,https://browser.sead.se/site/5726,Unresolved time semantics,Readers may need to inspect the upstream SEAD site page because the repository does not currently expose stronger reference links.
5727,Bois i Biskopsbyn,Sweden,inventory_only_or_unresolved,duration_not_available,site_page_only,medium_access_constrained,context_layer_with_explicit_caveat,https://browser.sead.se/site/5727,Unresolved time semantics,Readers may need to inspect the upstream SEAD site page because the repository does not currently expose stronger reference links.
5728,Bollerups kyrka,Sweden,inventory_only_or_unresolved,duration_not_available,site_page_only,medium_access_constrained,context_layer_with_explicit_caveat,https://browser.sead.se/site/5728,Unresolved time semantics,Readers may need to inspect the upstream SEAD site page because the repository does not currently expose stronger reference links.
4775,Bollnäs,Sweden,inventory_only_or_unresolved,duration_not_available,site_page_only,medium_access_constrained,context_layer_with_explicit_caveat,https://browser.sead.se/site/4775,Unresolved time semantics,Readers may need to inspect the upstream SEAD site page because the repository does not currently expose stronger reference links.
6282,Bomsarvet,Sweden,inventory_only_or_unresolved,duration_not_available,site_page_only,medium_access_constrained,context_layer_with_explicit_caveat,https://browser.sead.se/site/6282,Unresolved time semantics,Readers may need to inspect the upstream SEAD site page because the repository does not currently expose stronger reference links.
5729,Bond Hans i Tallhed,Sweden,inventory_only_or_unresolved,duration_not_available,site_page_only,medium_access_constrained,context_layer_with_explicit_caveat,https://browser.sead.se/site/5729,Unresolved time semantics,Readers may need to inspect the upstream SEAD site page because the repository does not currently expose stronger reference links.
5730,Bondes gård i Sundbornsbyn,Sweden,inventory_only_or_unresolved,duration_not_available,site_page_only,medium_access_constrained,context_layer_with_explicit_caveat,https://browser.sead.se/site/5730,Unresolved time semantics,Readers may need to inspect the upstream SEAD site page because the repository does not currently expose stronger reference links.
5731,Bondoll i Ersholen,Sweden,inventory_only_or_unresolved,duration_not_available,site_page_only,medium_access_constrained,context_layer_with_explicit_caveat,https://browser.sead.se/site/5731,Unresolved time semantics,Readers may need to inspect the upstream SEAD site page because the repository does not currently expose stronger reference links.
5732,Bondrumsgården,Sweden,inventory_only_or_unresolved,duration_not_available,site_page_only,medium_access_constrained,context_layer_with_explicit_caveat,https://browser.sead.se/site/5732,Unresolved time semantics,Readers may need to inspect the upstream SEAD site page because the repository does not currently expose stronger reference links.
5734,Borgeby kyrka,Sweden,inventory_only_or_unresolved,duration_not_available,site_page_only,medium_access_constrained,context_layer_with_explicit_caveat,https://browser.sead.se/site/5734,Unresolved time semantics,Readers may need to inspect the upstream SEAD site page because the repository does not currently expose stronger reference links.
187,Borgsjö 165:1,Sweden,inventory_only_or_unresolved,duration_not_available,site_page_only,medium_access_constrained,context_layer_with_explicit_caveat,https://browser.sead.se/site/187,Unresolved time semantics,Readers may need to inspect the upstream SEAD site page because the repository does not currently expose stronger reference links.
322,Borgsjö Raä 165,Sweden,inventory_only_or_unresolved,duration_not_available,site_page_only,medium_access_constrained,context_layer_with_explicit_caveat,https://browser.sead.se/site/322,Unresolved time semantics,Readers may need to inspect the upstream SEAD site page because the repository does not currently expose stronger reference links.
232,Bothnia lina JP 62B/62:11,Sweden,inventory_only_or_unresolved,duration_not_available,site_page_only,medium_access_constrained,context_layer_with_explicit_caveat,https://browser.sead.se/site/232,Unresolved time semantics,Readers may need to inspect the upstream SEAD site page because the repository does not currently expose stronger reference links.
129,Bothnia line JP 22A,Sweden,inventory_only_or_unresolved,duration_not_available,site_page_only,medium_access_constrained,context_layer_with_explicit_caveat,https://browser.sead.se/site/129,Unresolved time semantics,Readers may need to inspect the upstream SEAD site page because the repository does not currently expose stronger reference links.
108,Bothnia line JP 22C,Sweden,inventory_only_or_unresolved,duration_not_available,site_page_only,medium_access_constrained,context_layer_with_explicit_caveat,https://browser.sead.se/site/108,Unresolved time semantics,Readers may need to inspect the upstream SEAD site page because the repository does not currently expose stronger reference links.
237,Bothnia line JP 22D,Sweden,inventory_only_or_unresolved,duration_not_available,site_page_only,medium_access_constrained,context_layer_with_explicit_caveat,https://browser.sead.se/site/237,Unresolved time semantics,Readers may need to inspect the upstream SEAD site page because the repository does not currently expose stronger reference links.
175,Bothnia line JP 31A,Sweden,inventory_only_or_unresolved,duration_not_available,site_page_only,medium_access_constrained,context_layer_with_explicit_caveat,https://browser.sead.se/site/175,Unresolved time semantics,Readers may need to inspect the upstream SEAD site page because the repository does not currently expose stronger reference links.
236,Bothnia line JP 31B,Sweden,inventory_only_or_unresolved,duration_not_available,site_page_only,medium_access_constrained,context_layer_with_explicit_caveat,https://browser.sead.se/site/236,Unresolved time semantics,Readers may need to inspect the upstream SEAD site page because the repository does not currently expose stronger reference links.
150,Bothnia line JP 31D,Sweden,inventory_only_or_unresolved,duration_not_available,site_page_only,medium_access_constrained,context_layer_with_explicit_caveat,https://browser.sead.se/site/150,Unresolved time semantics,Readers may need to inspect the upstream SEAD site page because the repository does not currently expose stronger reference links.
101,Bothnia line JP 31E,Sweden,inventory_only_or_unresolved,duration_not_available,site_page_only,medium_access_constrained,context_layer_with_explicit_caveat,https://browser.sead.se/site/101,Unresolved time semantics,Readers may need to inspect the upstream SEAD site page because the repository does not currently expose stronger reference links.
104,Bothnia line JP 31F,Sweden,inventory_only_or_unresolved,duration_not_available,site_page_only,medium_access_constrained,context_layer_with_explicit_caveat,https://browser.sead.se/site/104,Unresolved time semantics,Readers may need to inspect the upstream SEAD site page because the repository does not currently expose stronger reference links.
200,Bothnia line JP 31G,Sweden,inventory_only_or_unresolved,duration_not_available,site_page_only,medium_access_constrained,context_layer_with_explicit_caveat,https://browser.sead.se/site/200,Unresolved time semantics,Readers may need to inspect the upstream SEAD site page because the repository does not currently expose stronger reference links.
80,Bothnia line JP 31H,Sweden,inventory_only_or_unresolved,duration_not_available,site_page_only,medium_access_constrained,context_layer_with_explicit_caveat,https://browser.sead.se/site/80,Unresolved time semantics,Readers may need to inspect the upstream SEAD site page because the repository does not currently expose stronger reference links.
217,Bothnia line JP 31I,Sweden,inventory_only_or_unresolved,duration_not_available,site_page_only,medium_access_constrained,context_layer_with_explicit_caveat,https://browser.sead.se/site/217,Unresolved time semantics,Readers may need to inspect the upstream SEAD site page because the repository does not currently expose stronger reference links.
209,Bothnia line jp 31J1,Sweden,inventory_only_or_unresolved,duration_not_available,site_page_only,medium_access_constrained,context_layer_with_explicit_caveat,https://browser.sead.se/site/209,Unresolved time semantics,Readers may need to inspect the upstream SEAD site page because the repository does not currently expose stronger reference links.
117,Bothnia line JP 31J2,Sweden,inventory_only_or_unresolved,duration_not_available,site_page_only,medium_access_constrained,context_layer_with_explicit_caveat,https://browser.sead.se/site/117,Unresolved time semantics,Readers may need to inspect the upstream SEAD site page because the repository does not currently expose stronger reference links.
224,Bothnia line JP 31J3,Sweden,inventory_only_or_unresolved,duration_not_available,site_page_only,medium_access_constrained,context_layer_with_explicit_caveat,https://browser.sead.se/site/224,Unresolved time semantics,Readers may need to inspect the upstream SEAD site page because the repository does not currently expose stronger reference links.
194,Bothnia line JP 31J4,Sweden,inventory_only_or_unresolved,duration_not_available,site_page_only,medium_access_constrained,context_layer_with_explicit_caveat,https://browser.sead.se/site/194,Unresolved time semantics,Readers may need to inspect the upstream SEAD site page because the repository does not currently expose stronger reference links.
230,Bothnia line JP 31K,Sweden,inventory_only_or_unresolved,duration_not_available,site_page_only,medium_access_constrained,context_layer_with_explicit_caveat,https://browser.sead.se/site/230,Unresolved time semantics,Readers may need to inspect the upstream SEAD site page because the repository does not currently expose stronger reference links.
162,Bothnia line JP 32B,Sweden,inventory_only_or_unresolved,duration_not_available,site_page_only,medium_access_constrained,context_layer_with_explicit_caveat,https://browser.sead.se/site/162,Unresolved time semantics,Readers may need to inspect the upstream SEAD site page because the repository does not currently expose stronger reference links.
141,Bothnia line JP 32C,Sweden,inventory_only_or_unresolved,duration_not_available,site_page_only,medium_access_constrained,context_layer_with_explicit_caveat,https://browser.sead.se/site/141,Unresolved time semantics,Readers may need to inspect the upstream SEAD site page because the repository does not currently expose stronger reference links.
145,Bothnia line JP 32D,Sweden,inventory_only_or_unresolved,duration_not_available,site_page_only,medium_access_constrained,context_layer_with_explicit_caveat,https://browser.sead.se/site/145,Unresolved time semantics,Readers may need to inspect the upstream SEAD site page because the repository does not currently expose stronger reference links.
177,Bothnia line JP 32E,Sweden,inventory_only_or_unresolved,duration_not_available,site_page_only,medium_access_constrained,context_layer_with_explicit_caveat,https://browser.sead.se/site/177,Unresolved time semantics,Readers may need to inspect the upstream SEAD site page because the repository does not currently expose stronger reference links.
201,Bothnia line JP 32F,Sweden,inventory_only_or_unresolved,duration_not_available,site_page_only,medium_access_constrained,context_layer_with_explicit_caveat,https://browser.sead.se/site/201,Unresolved time semantics,Readers may need to inspect the upstream SEAD site page because the repository does not currently expose stronger reference links.
188,Bothnia line JP 32G,Sweden,inventory_only_or_unresolved,duration_not_available,site_page_only,medium_access_constrained,context_layer_with_explicit_caveat,https://browser.sead.se/site/188,Unresolved time semantics,Readers may need to inspect the upstream SEAD site page because the repository does not currently expose stronger reference links.
180,Bothnia line JP 32H,Sweden,inventory_only_or_unresolved,duration_not_available,site_page_only,medium_access_constrained,context_layer_with_explicit_caveat,https://browser.sead.se/site/180,Unresolved time semantics,Readers may need to inspect the upstream SEAD site page because the repository does not currently expose stronger reference links.
130,Bothnia line JP 62A/62:17,Sweden,inventory_only_or_unresolved,duration_not_available,site_page_only,medium_access_constrained,context_layer_with_explicit_caveat,https://browser.sead.se/site/130,Unresolved time semantics,Readers may need to inspect the upstream SEAD site page because the repository does not currently expose stronger reference links.
110,Bothnia line JP 71A1/71:31,Sweden,inventory_only_or_unresolved,duration_not_available,site_page_only,medium_access_constrained,context_layer_with_explicit_caveat,https://browser.sead.se/site/110,Unresolved time semantics,Readers may need to inspect the upstream SEAD site page because the repository does not currently expose stronger reference links.
137,Bothnia line JP 71A2/71:29,Sweden,inventory_only_or_unresolved,duration_not_available,site_page_only,medium_access_constrained,context_layer_with_explicit_caveat,https://browser.sead.se/site/137,Unresolved time semantics,Readers may need to inspect the upstream SEAD site page because the repository does not currently expose stronger reference links.
191,Bothnia line JP 71B,Sweden,inventory_only_or_unresolved,duration_not_available,site_page_only,medium_access_constrained,context_layer_with_explicit_caveat,https://browser.sead.se/site/191,Unresolved time semantics,Readers may need to inspect the upstream SEAD site page because the repository does not currently expose stronger reference links.
176,Bothnia line JP 71C1/71:24,Sweden,inventory_only_or_unresolved,duration_not_available,site_page_only,medium_access_constrained,context_layer_with_explicit_caveat,https://browser.sead.se/site/176,Unresolved time semantics,Readers may need to inspect the upstream SEAD site page because the repository does not currently expose stronger reference links.
98,Bothnia line JP 71D/71:17,Sweden,inventory_only_or_unresolved,duration_not_available,site_page_only,medium_access_constrained,context_layer_with_explicit_caveat,https://browser.sead.se/site/98,Unresolved time semantics,Readers may need to inspect the upstream SEAD site page because the repository does not currently expose stronger reference links.
86,Bothnia line JP 71E/71:14,Sweden,inventory_only_or_unresolved,duration_not_available,site_page_only,medium_access_constrained,context_layer_with_explicit_caveat,https://browser.sead.se/site/86,Unresolved time semantics,Readers may need to inspect the upstream SEAD site page because the repository does not currently expose stronger reference links.
139,Bothnia line JP 71F1,Sweden,inventory_only_or_unresolved,duration_not_available,site_page_only,medium_access_constrained,context_layer_with_explicit_caveat,https://browser.sead.se/site/139,Unresolved time semantics,Readers may need to inspect the upstream SEAD site page because the repository does not currently expose stronger reference links.
179,Bothnia line JP 71F2/71:12,Sweden,inventory_only_or_unresolved,duration_not_available,site_page_only,medium_access_constrained,context_layer_with_explicit_caveat,https://browser.sead.se/site/179,Unresolved time semantics,Readers may need to inspect the upstream SEAD site page because the repository does not currently expose stronger reference links.
147,Bothnia line JP 71G/71:1,Sweden,inventory_only_or_unresolved,duration_not_available,site_page_only,medium_access_constrained,context_layer_with_explicit_caveat,https://browser.sead.se/site/147,Unresolved time semantics,Readers may need to inspect the upstream SEAD site page because the repository does not currently expose stronger reference links.
142,Bothnia line JP 72A/72:1,Sweden,inventory_only_or_unresolved,duration_not_available,site_page_only,medium_access_constrained,context_layer_with_explicit_caveat,https://browser.sead.se/site/142,Unresolved time semantics,Readers may need to inspect the upstream SEAD site page because the repository does not currently expose stronger reference links.
95,Bothnia line JP 72B/73:26,Sweden,inventory_only_or_unresolved,duration_not_available,site_page_only,medium_access_constrained,context_layer_with_explicit_caveat,https://browser.sead.se/site/95,Unresolved time semantics,Readers may need to inspect the upstream SEAD site page because the repository does not currently expose stronger reference links.
114,Bothnia line JP 72C/72:2,Sweden,inventory_only_or_unresolved,duration_not_available,site_page_only,medium_access_constrained,context_layer_with_explicit_caveat,https://browser.sead.se/site/114,Unresolved time semantics,Readers may need to inspect the upstream SEAD site page because the repository does not currently expose stronger reference links.
203,Bothnia line JP 72E,Sweden,inventory_only_or_unresolved,duration_not_available,site_page_only,medium_access_constrained,context_layer_with_explicit_caveat,https://browser.sead.se/site/203,Unresolved time semantics,Readers may need to inspect the upstream SEAD site page because the repository does not currently expose stronger reference links.
206,Bothnia line JP 72F1,Sweden,inventory_only_or_unresolved,duration_not_available,site_page_only,medium_access_constrained,context_layer_with_explicit_caveat,https://browser.sead.se/site/206,Unresolved time semantics,Readers may need to inspect the upstream SEAD site page because the repository does not currently expose stronger reference links.
212,Bothnia line JP 72G1,Sweden,inventory_only_or_unresolved,duration_not_available,site_page_only,medium_access_constrained,context_layer_with_explicit_caveat,https://browser.sead.se/site/212,Unresolved time semantics,Readers may need to inspect the upstream SEAD site page because the repository does not currently expose stronger reference links.
208,Bothnia line JP 72G2,Sweden,inventory_only_or_unresolved,duration_not_available,site_page_only,medium_access_constrained,context_layer_with_explicit_caveat,https://browser.sead.se/site/208,Unresolved time semantics,Readers may need to inspect the upstream SEAD site page because the repository does not currently expose stronger reference links.
171,Bothnia line JP 72H,Sweden,inventory_only_or_unresolved,duration_not_available,site_page_only,medium_access_constrained,context_layer_with_explicit_caveat,https://browser.sead.se/site/171,Unresolved time semantics,Readers may need to inspect the upstream SEAD site page because the repository does not currently expose stronger reference links.
183,Bothnia line JP 72I,Sweden,inventory_only_or_unresolved,duration_not_available,site_page_only,medium_access_constrained,context_layer_with_explicit_caveat,https://browser.sead.se/site/183,Unresolved time semantics,Readers may need to inspect the upstream SEAD site page because the repository does not currently expose stronger reference links.
225,Bothnia line JP 72J,Sweden,inventory_only_or_unresolved,duration_not_available,site_page_only,medium_access_constrained,context_layer_with_explicit_caveat,https://browser.sead.se/site/225,Unresolved time semantics,Readers may need to inspect the upstream SEAD site page because the repository does not currently expose stronger reference links.
199,Bothnia line JP 73A,Sweden,inventory_only_or_unresolved,duration_not_available,site_page_only,medium_access_constrained,context_layer_with_explicit_caveat,https://browser.sead.se/site/199,Unresolved time semantics,Readers may need to inspect the upstream SEAD site page because the repository does not currently expose stronger reference links.
164,Bothnia line JP 73B,Sweden,inventory_only_or_unresolved,duration_not_available,site_page_only,medium_access_constrained,context_layer_with_explicit_caveat,https://browser.sead.se/site/164,Unresolved time semantics,Readers may need to inspect the upstream SEAD site page because the repository does not currently expose stronger reference links.
226,Bothnia line JP 73C,Sweden,inventory_only_or_unresolved,duration_not_available,site_page_only,medium_access_constrained,context_layer_with_explicit_caveat,https://browser.sead.se/site/226,Unresolved time semantics,Readers may need to inspect the upstream SEAD site page because the repository does not currently expose stronger reference links.
134,Bothnia line JP 73D,Sweden,inventory_only_or_unresolved,duration_not_available,site_page_only,medium_access_constrained,context_layer_with_explicit_caveat,https://browser.sead.se/site/134,Unresolved time semantics,Readers may need to inspect the upstream SEAD site page because the repository does not currently expose stronger reference links.
220,Bothnia line JP 73F,Sweden,inventory_only_or_unresolved,duration_not_available,site_page_only,medium_access_constrained,context_layer_with_explicit_caveat,https://browser.sead.se/site/220,Unresolved time semantics,Readers may need to inspect the upstream SEAD site page because the repository does not currently expose stronger reference links.
193,Bothnia line JP 73G,Sweden,inventory_only_or_unresolved,duration_not_available,site_page_only,medium_access_constrained,context_layer_with_explicit_caveat,https://browser.sead.se/site/193,Unresolved time semantics,Readers may need to inspect the upstream SEAD site page because the repository does not currently expose stronger reference links.
221,Bothnia line JP 73H,Sweden,inventory_only_or_unresolved,duration_not_available,site_page_only,medium_access_constrained,context_layer_with_explicit_caveat,https://browser.sead.se/site/221,Unresolved time semantics,Readers may need to inspect the upstream SEAD site page because the repository does not currently expose stronger reference links.
219,Bothnia line JP 73J,Sweden,inventory_only_or_unresolved,duration_not_available,site_page_only,medium_access_constrained,context_layer_with_explicit_caveat,https://browser.sead.se/site/219,Unresolved time semantics,Readers may need to inspect the upstream SEAD site page because the repository does not currently expose stronger reference links.
238,Bothnia line JP 73K,Sweden,inventory_only_or_unresolved,duration_not_available,site_page_only,medium_access_constrained,context_layer_with_explicit_caveat,https://browser.sead.se/site/238,Unresolved time semantics,Readers may need to inspect the upstream SEAD site page because the repository does not currently expose stronger reference links.
168,Bothnia line JP 73L,Sweden,inventory_only_or_unresolved,duration_not_available,site_page_only,medium_access_constrained,context_layer_with_explicit_caveat,https://browser.sead.se/site/168,Unresolved time semantics,Readers may need to inspect the upstream SEAD site page because the repository does not currently expose stronger reference links.
113,Bothnia line JP 75A/75:7,Sweden,inventory_only_or_unresolved,duration_not_available,site_page_only,medium_access_constrained,context_layer_with_explicit_caveat,https://browser.sead.se/site/113,Unresolved time semantics,Readers may need to inspect the upstream SEAD site page because the repository does not currently expose stronger reference links.
197,Bothnia line JP 75B1,Sweden,inventory_only_or_unresolved,duration_not_available,site_page_only,medium_access_constrained,context_layer_with_explicit_caveat,https://browser.sead.se/site/197,Unresolved time semantics,Readers may need to inspect the upstream SEAD site page because the repository does not currently expose stronger reference links.
81,Bothnia line JP 75B2,Sweden,inventory_only_or_unresolved,duration_not_available,site_page_only,medium_access_constrained,context_layer_with_explicit_caveat,https://browser.sead.se/site/81,Unresolved time semantics,Readers may need to inspect the upstream SEAD site page because the repository does not currently expose stronger reference links.
120,Bothnia line JP 75C1/75:2,Sweden,inventory_only_or_unresolved,duration_not_available,site_page_only,medium_access_constrained,context_layer_with_explicit_caveat,https://browser.sead.se/site/120,Unresolved time semantics,Readers may need to inspect the upstream SEAD site page because the repository does not currently expose stronger reference links.
185,Bothnia line JP 75C2,Sweden,inventory_only_or_unresolved,duration_not_available,site_page_only,medium_access_constrained,context_layer_with_explicit_caveat,https://browser.sead.se/site/185,Unresolved time semantics,Readers may need to inspect the upstream SEAD site page because the repository does not currently expose stronger reference links.
227,Bothnia line JP 75D/75:3,Sweden,inventory_only_or_unresolved,duration_not_available,site_page_only,medium_access_constrained,context_layer_with_explicit_caveat,https://browser.sead.se/site/227,Unresolved time semantics,Readers may need to inspect the upstream SEAD site page because the repository does not currently expose stronger reference links.
251,Bothnia line JP 75E,Sweden,inventory_only_or_unresolved,duration_not_available,site_page_only,medium_access_constrained,context_layer_with_explicit_caveat,https://browser.sead.se/site/251,Unresolved time semantics,Readers may need to inspect the upstream SEAD site page because the repository does not currently expose stronger reference links.
5735,Botkyrka kyrka,Sweden,inventory_only_or_unresolved,duration_not_available,site_page_only,medium_access_constrained,context_layer_with_explicit_caveat,https://browser.sead.se/site/5735,Unresolved time semantics,Readers may need to inspect the upstream SEAD site page because the repository does not currently expose stronger reference links.
5736,Bottna kyrka,Sweden,inventory_only_or_unresolved,duration_not_available,site_page_only,medium_access_constrained,context_layer_with_explicit_caveat,https://browser.sead.se/site/5736,Unresolved time semantics,Readers may need to inspect the upstream SEAD site page because the repository does not currently expose stronger reference links.
5738,Brandstorps kyrka,Sweden,inventory_only_or_unresolved,duration_not_available,site_page_only,medium_access_constrained,context_layer_with_explicit_caveat,https://browser.sead.se/site/5738,Unresolved time semantics,Readers may need to inspect the upstream SEAD site page because the repository does not currently expose stronger reference links.
279,Brattbergstorpet,Sweden,inventory_only_or_unresolved,duration_not_available,site_page_only,medium_access_constrained,context_layer_with_explicit_caveat,https://browser.sead.se/site/279,Unresolved time semantics,Readers may need to inspect the upstream SEAD site page because the repository does not currently expose stronger reference links.
5739,Breareds kyrka,Sweden,inventory_only_or_unresolved,duration_not_available,site_page_only,medium_access_constrained,context_layer_with_explicit_caveat,https://browser.sead.se/site/5739,Unresolved time semantics,Readers may need to inspect the upstream SEAD site page because the repository does not currently expose stronger reference links.
5740,Bremerska gården,Sweden,inventory_only_or_unresolved,duration_not_available,site_page_only,medium_access_constrained,context_layer_with_explicit_caveat,https://browser.sead.se/site/5740,Unresolved time semantics,Readers may need to inspect the upstream SEAD site page because the repository does not currently expose stronger reference links.
5741,Brevik kyrka,Sweden,inventory_only_or_unresolved,duration_not_available,site_page_only,medium_access_constrained,context_layer_with_explicit_caveat,https://browser.sead.se/site/5741,Unresolved time semantics,Readers may need to inspect the upstream SEAD site page because the repository does not currently expose stronger reference links.
6283,Bricken,Sweden,inventory_only_or_unresolved,duration_not_available,site_page_only,medium_access_constrained,context_layer_with_explicit_caveat,https://browser.sead.se/site/6283,Unresolved time semantics,Readers may need to inspect the upstream SEAD site page because the repository does not currently expose stronger reference links.
317,Bro Raä 195:1,Sweden,inventory_only_or_unresolved,duration_not_available,site_page_only,medium_access_constrained,context_layer_with_explicit_caveat,https://browser.sead.se/site/317,Unresolved time semantics,Readers may need to inspect the upstream SEAD site page because the repository does not currently expose stronger reference links.
6430,Broläggning Rickeby,Sweden,inventory_only_or_unresolved,duration_not_available,site_page_only,medium_access_constrained,context_layer_with_explicit_caveat,https://browser.sead.se/site/6430,Unresolved time semantics,Readers may need to inspect the upstream SEAD site page because the repository does not currently expose stronger reference links.
5742,Brunflo kastal,Sweden,inventory_only_or_unresolved,duration_not_available,site_page_only,medium_access_constrained,context_layer_with_explicit_caveat,https://browser.sead.se/site/5742,Unresolved time semantics,Readers may need to inspect the upstream SEAD site page because the repository does not currently expose stronger reference links.
5743,Bryktgard i Axi,Sweden,inventory_only_or_unresolved,duration_not_available,site_page_only,medium_access_constrained,context_layer_with_explicit_caveat,https://browser.sead.se/site/5743,Unresolved time semantics,Readers may need to inspect the upstream SEAD site page because the repository does not currently expose stronger reference links.
5744,Brynje,Sweden,inventory_only_or_unresolved,duration_not_available,site_page_only,medium_access_constrained,context_layer_with_explicit_caveat,https://browser.sead.se/site/5744,Unresolved time semantics,Readers may need to inspect the upstream SEAD site page because the repository does not currently expose stronger reference links.
5737,Brämöns kapell,Sweden,inventory_only_or_unresolved,duration_not_available,site_page_only,medium_access_constrained,context_layer_with_explicit_caveat,https://browser.sead.se/site/5737,Unresolved time semantics,Readers may need to inspect the upstream SEAD site page because the repository does not currently expose stronger reference links.
5745,Budasmyren Nusnäs,Sweden,inventory_only_or_unresolved,duration_not_available,site_page_only,medium_access_constrained,context_layer_with_explicit_caveat,https://browser.sead.se/site/5745,Unresolved time semantics,Readers may need to inspect the upstream SEAD site page because the repository does not currently expose stronger reference links.
5746,Bullas i Östnor,Sweden,inventory_only_or_unresolved,duration_not_available,site_page_only,medium_access_constrained,context_layer_with_explicit_caveat,https://browser.sead.se/site/5746,Unresolved time semantics,Readers may need to inspect the upstream SEAD site page because the repository does not currently expose stronger reference links.
252,Bureå Raä 11,Sweden,inventory_only_or_unresolved,duration_not_available,site_page_only,medium_access_constrained,context_layer_with_explicit_caveat,https://browser.sead.se/site/252,Unresolved time semantics,Readers may need to inspect the upstream SEAD site page because the repository does not currently expose stronger reference links.
249,Bureå Raä 128,Sweden,inventory_only_or_unresolved,duration_not_available,site_page_only,medium_access_constrained,context_layer_with_explicit_caveat,https://browser.sead.se/site/249,Unresolved time semantics,Readers may need to inspect the upstream SEAD site page because the repository does not currently expose stronger reference links.
207,Burträsk Raä 52,Sweden,inventory_only_or_unresolved,duration_not_available,site_page_only,medium_access_constrained,context_layer_with_explicit_caveat,https://browser.sead.se/site/207,Unresolved time semantics,Readers may need to inspect the upstream SEAD site page because the repository does not currently expose stronger reference links.
5747,Byberget,Sweden,inventory_only_or_unresolved,duration_not_available,site_page_only,medium_access_constrained,context_layer_with_explicit_caveat,https://browser.sead.se/site/5747,Unresolved time semantics,Readers may need to inspect the upstream SEAD site page because the repository does not currently expose stronger reference links.
5748,Byss Hans i Oljonsbyn,Sweden,inventory_only_or_unresolved,duration_not_available,site_page_only,medium_access_constrained,context_layer_with_explicit_caveat,https://browser.sead.se/site/5748,Unresolved time semantics,Readers may need to inspect the upstream SEAD site page because the repository does not currently expose stronger reference links.
5697,Bäckaby gamla kyrka,Sweden,inventory_only_or_unresolved,duration_not_available,site_page_only,medium_access_constrained,context_layer_with_explicit_caveat,https://browser.sead.se/site/5697,Unresolved time semantics,Readers may need to inspect the upstream SEAD site page because the repository does not currently expose stronger reference links.
5698,Bäckegården i Västra Utsjö,Sweden,inventory_only_or_unresolved,duration_not_available,site_page_only,medium_access_constrained,context_layer_with_explicit_caveat,https://browser.sead.se/site/5698,Unresolved time semantics,Readers may need to inspect the upstream SEAD site page because the repository does not currently expose stronger reference links.
6431,Bälinge kyrka,Sweden,inventory_only_or_unresolved,duration_not_available,site_page_only,medium_access_constrained,context_layer_with_explicit_caveat,https://browser.sead.se/site/6431,Unresolved time semantics,Readers may need to inspect the upstream SEAD site page because the repository does not currently expose stronger reference links.
5703,Bärsta,Sweden,inventory_only_or_unresolved,duration_not_available,site_page_only,medium_access_constrained,context_layer_with_explicit_caveat,https://browser.sead.se/site/5703,Unresolved time semantics,Readers may need to inspect the upstream SEAD site page because the repository does not currently expose stronger reference links.
6279,Bårabygd,Sweden,inventory_only_or_unresolved,duration_not_available,site_page_only,medium_access_constrained,context_layer_with_explicit_caveat,https://browser.sead.se/site/6279,Unresolved time semantics,Readers may need to inspect the upstream SEAD site page because the repository does not currently expose stronger reference links.
5704,Båthus Laknäs Zorns gammelgård,Sweden,inventory_only_or_unresolved,duration_not_available,site_page_only,medium_access_constrained,context_layer_with_explicit_caveat,https://browser.sead.se/site/5704,Unresolved time semantics,Readers may need to inspect the upstream SEAD site page because the repository does not currently expose stronger reference links.
5705,Båthus Nusnäs Zorns gammelgård,Sweden,inventory_only_or_unresolved,duration_not_available,site_page_only,medium_access_constrained,context_layer_with_explicit_caveat,https://browser.sead.se/site/5705,Unresolved time semantics,Readers may need to inspect the upstream SEAD site page because the repository does not currently expose stronger reference links.
5706,Båthus Öje Zorns gammelgård,Sweden,inventory_only_or_unresolved,duration_not_available,site_page_only,medium_access_constrained,context_layer_with_explicit_caveat,https://browser.sead.se/site/5706,Unresolved time semantics,Readers may need to inspect the upstream SEAD site page because the repository does not currently expose stronger reference links.
5733,Böösgården i Åselby,Sweden,inventory_only_or_unresolved,duration_not_available,site_page_only,medium_access_constrained,context_layer_with_explicit_caveat,https://browser.sead.se/site/5733,Unresolved time semantics,Readers may need to inspect the upstream SEAD site page because the repository does not currently expose stronger reference links.
79,Citytunnelprojektet delområde 1,Sweden,inventory_only_or_unresolved,duration_not_available,site_page_only,medium_access_constrained,context_layer_with_explicit_caveat,https://browser.sead.se/site/79,Unresolved time semantics,Readers may need to inspect the upstream SEAD site page because the repository does not currently expose stronger reference links.
83,Citytunnelprojektet delområde 2,Sweden,inventory_only_or_unresolved,duration_not_available,site_page_only,medium_access_constrained,context_layer_with_explicit_caveat,https://browser.sead.se/site/83,Unresolved time semantics,Readers may need to inspect the upstream SEAD site page because the repository does not currently expose stronger reference links.
105,Citytunnelprojektet delområde 3,Sweden,inventory_only_or_unresolved,duration_not_available,site_page_only,medium_access_constrained,context_layer_with_explicit_caveat,https://browser.sead.se/site/105,Unresolved time semantics,Readers may need to inspect the upstream SEAD site page because the repository does not currently expose stronger reference links.
84,Citytunnelprojektet delområde 4,Sweden,inventory_only_or_unresolved,duration_not_available,site_page_only,medium_access_constrained,context_layer_with_explicit_caveat,https://browser.sead.se/site/84,Unresolved time semantics,Readers may need to inspect the upstream SEAD site page because the repository does not currently expose stronger reference links.
78,Citytunnelprojektet delområde 5,Sweden,inventory_only_or_unresolved,duration_not_available,site_page_only,medium_access_constrained,context_layer_with_explicit_caveat,https://browser.sead.se/site/78,Unresolved time semantics,Readers may need to inspect the upstream SEAD site page because the repository does not currently expose stronger reference links.
269,Citytunnelprojektet delområde 6,Sweden,inventory_only_or_unresolved,duration_not_available,site_page_only,medium_access_constrained,context_layer_with_explicit_caveat,https://browser.sead.se/site/269,Unresolved time semantics,Readers may need to inspect the upstream SEAD site page because the repository does not currently expose stronger reference links.
259,Citytunnelprojektet delområde 7,Sweden,inventory_only_or_unresolved,duration_not_available,site_page_only,medium_access_constrained,context_layer_with_explicit_caveat,https://browser.sead.se/site/259,Unresolved time semantics,Readers may need to inspect the upstream SEAD site page because the repository does not currently expose stronger reference links.
357,Citytunnelprojektet delområde 8,Sweden,inventory_only_or_unresolved,duration_not_available,site_page_only,medium_access_constrained,context_layer_with_explicit_caveat,https://browser.sead.se/site/357,Unresolved time semantics,Readers may need to inspect the upstream SEAD site page because the repository does not currently expose stronger reference links.
257,Citytunnelprojektet delområde Hotelltomten,Sweden,inventory_only_or_unresolved,duration_not_available,site_page_only,medium_access_constrained,context_layer_with_explicit_caveat,https://browser.sead.se/site/257,Unresolved time semantics,Readers may need to inspect the upstream SEAD site page because the repository does not currently expose stronger reference links.
260,Citytunnelprojektet delområdet Vintrie IP,Sweden,inventory_only_or_unresolved,duration_not_available,site_page_only,medium_access_constrained,context_layer_with_explicit_caveat,https://browser.sead.se/site/260,Unresolved time semantics,Readers may need to inspect the upstream SEAD site page because the repository does not currently expose stronger reference links.
6389,Dagstorp 16:1,Sweden,inventory_only_or_unresolved,duration_not_available,site_page_only,medium_access_constrained,context_layer_with_explicit_caveat,https://browser.sead.se/site/6389,Unresolved time semantics,Readers may need to inspect the upstream SEAD site page because the repository does not currently expose stronger reference links.
5750,Dahlbergsladan Skamhed,Sweden,inventory_only_or_unresolved,duration_not_available,site_page_only,medium_access_constrained,context_layer_with_explicit_caveat,https://browser.sead.se/site/5750,Unresolved time semantics,Readers may need to inspect the upstream SEAD site page because the repository does not currently expose stronger reference links.
5751,Dahlgrens i Nedre Gärdsjö,Sweden,inventory_only_or_unresolved,duration_not_available,site_page_only,medium_access_constrained,context_layer_with_explicit_caveat,https://browser.sead.se/site/5751,Unresolved time semantics,Readers may need to inspect the upstream SEAD site page because the repository does not currently expose stronger reference links.
5752,Dahlström i Sölvsved,Sweden,inventory_only_or_unresolved,duration_not_available,site_page_only,medium_access_constrained,context_layer_with_explicit_caveat,https://browser.sead.se/site/5752,Unresolved time semantics,Readers may need to inspect the upstream SEAD site page because the repository does not currently expose stronger reference links.
5753,Dahlströms i Vallavallen,Sweden,inventory_only_or_unresolved,duration_not_available,site_page_only,medium_access_constrained,context_layer_with_explicit_caveat,https://browser.sead.se/site/5753,Unresolved time semantics,Readers may need to inspect the upstream SEAD site page because the repository does not currently expose stronger reference links.
5754,Dahlströmska huset,Sweden,inventory_only_or_unresolved,duration_not_available,site_page_only,medium_access_constrained,context_layer_with_explicit_caveat,https://browser.sead.se/site/5754,Unresolved time semantics,Readers may need to inspect the upstream SEAD site page because the repository does not currently expose stronger reference links.
5755,Dalänger i Öster-Svartåsen,Sweden,inventory_only_or_unresolved,duration_not_available,site_page_only,medium_access_constrained,context_layer_with_explicit_caveat,https://browser.sead.se/site/5755,Unresolved time semantics,Readers may need to inspect the upstream SEAD site page because the repository does not currently expose stronger reference links.
61,Dammen Raä 195:1,Sweden,inventory_only_or_unresolved,duration_not_available,site_page_only,medium_access_constrained,context_layer_with_explicit_caveat,https://browser.sead.se/site/61,Unresolved time semantics,Readers may need to inspect the upstream SEAD site page because the repository does not currently expose stronger reference links.
5756,Daniel Pers i Nedre Gärdsjö,Sweden,inventory_only_or_unresolved,duration_not_available,site_page_only,medium_access_constrained,context_layer_with_explicit_caveat,https://browser.sead.se/site/5756,Unresolved time semantics,Readers may need to inspect the upstream SEAD site page because the repository does not currently expose stronger reference links.
5757,Danielssons i Pålgård,Sweden,inventory_only_or_unresolved,duration_not_available,site_page_only,medium_access_constrained,context_layer_with_explicit_caveat,https://browser.sead.se/site/5757,Unresolved time semantics,Readers may need to inspect the upstream SEAD site page because the repository does not currently expose stronger reference links.
6284,Danshyttan,Sweden,inventory_only_or_unresolved,duration_not_available,site_page_only,medium_access_constrained,context_layer_with_explicit_caveat,https://browser.sead.se/site/6284,Unresolved time semantics,Readers may need to inspect the upstream SEAD site page because the repository does not currently expose stronger reference links.
5758,Danskladan i Södra Kättbo,Sweden,inventory_only_or_unresolved,duration_not_available,site_page_only,medium_access_constrained,context_layer_with_explicit_caveat,https://browser.sead.se/site/5758,Unresolved time semantics,Readers may need to inspect the upstream SEAD site page because the repository does not currently expose stronger reference links.
5759,Deckers i Kyrkbyn,Sweden,inventory_only_or_unresolved,duration_not_available,site_page_only,medium_access_constrained,context_layer_with_explicit_caveat,https://browser.sead.se/site/5759,Unresolved time semantics,Readers may need to inspect the upstream SEAD site page because the repository does not currently expose stronger reference links.
243,Deset Knubben,Norway,inventory_only_or_unresolved,duration_not_available,site_page_only,medium_access_constrained,context_layer_with_explicit_caveat,https://browser.sead.se/site/243,Unresolved time semantics,Readers may need to inspect the upstream SEAD site page because the repository does not currently expose stronger reference links.
5760,Dikmanska gården,Sweden,inventory_only_or_unresolved,duration_not_available,site_page_only,medium_access_constrained,context_layer_with_explicit_caveat,https://browser.sead.se/site/5760,Unresolved time semantics,Readers may need to inspect the upstream SEAD site page because the repository does not currently expose stronger reference links.
6432,Djurgårdsbrunn,Sweden,inventory_only_or_unresolved,duration_not_available,site_page_only,medium_access_constrained,context_layer_with_explicit_caveat,https://browser.sead.se/site/6432,Unresolved time semantics,Readers may need to inspect the upstream SEAD site page because the repository does not currently expose stronger reference links.
6285,Djurgårdsbrunnsvägen,Sweden,inventory_only_or_unresolved,duration_not_available,site_page_only,medium_access_constrained,context_layer_with_explicit_caveat,https://browser.sead.se/site/6285,Unresolved time semantics,Readers may need to inspect the upstream SEAD site page because the repository does not currently expose stronger reference links.
6286,Drottningholm,Sweden,inventory_only_or_unresolved,duration_not_available,site_page_only,medium_access_constrained,context_layer_with_explicit_caveat,https://browser.sead.se/site/6286,Unresolved time semantics,Readers may need to inspect the upstream SEAD site page because the repository does not currently expose stronger reference links.
5762,Drändj-gard i Färnäs,Sweden,inventory_only_or_unresolved,duration_not_available,site_page_only,medium_access_constrained,context_layer_with_explicit_caveat,https://browser.sead.se/site/5762,Unresolved time semantics,Readers may need to inspect the upstream SEAD site page because the repository does not currently expose stronger reference links.
5763,Dubbelbod i Laxvadet,Sweden,inventory_only_or_unresolved,duration_not_available,site_page_only,medium_access_constrained,context_layer_with_explicit_caveat,https://browser.sead.se/site/5763,Unresolved time semantics,Readers may need to inspect the upstream SEAD site page because the repository does not currently expose stronger reference links.
5764,Dubbelhärbre Kråkberg,Sweden,inventory_only_or_unresolved,duration_not_available,site_page_only,medium_access_constrained,context_layer_with_explicit_caveat,https://browser.sead.se/site/5764,Unresolved time semantics,Readers may need to inspect the upstream SEAD site page because the repository does not currently expose stronger reference links.
5749,Dädesjö gamla kyrka,Sweden,inventory_only_or_unresolved,duration_not_available,site_page_only,medium_access_constrained,context_layer_with_explicit_caveat,https://browser.sead.se/site/5749,Unresolved time semantics,Readers may need to inspect the upstream SEAD site page because the repository does not currently expose stronger reference links.
5761,Dössgården i Fudal,Sweden,inventory_only_or_unresolved,duration_not_available,site_page_only,medium_access_constrained,context_layer_with_explicit_caveat,https://browser.sead.se/site/5761,Unresolved time semantics,Readers may need to inspect the upstream SEAD site page because the repository does not currently expose stronger reference links.
5766,Edestads kyrka,Sweden,inventory_only_or_unresolved,duration_not_available,site_page_only,medium_access_constrained,context_layer_with_explicit_caveat,https://browser.sead.se/site/5766,Unresolved time semantics,Readers may need to inspect the upstream SEAD site page because the repository does not currently expose stronger reference links.
5768,Edshults herrgård,Sweden,inventory_only_or_unresolved,duration_not_available,site_page_only,medium_access_constrained,context_layer_with_explicit_caveat,https://browser.sead.se/site/5768,Unresolved time semantics,Readers may need to inspect the upstream SEAD site page because the repository does not currently expose stronger reference links.
5767,Edsåsen,Sweden,inventory_only_or_unresolved,duration_not_available,site_page_only,medium_access_constrained,context_layer_with_explicit_caveat,https://browser.sead.se/site/5767,Unresolved time semantics,Readers may need to inspect the upstream SEAD site page because the repository does not currently expose stronger reference links.
5769,Edvin Jannes i Kyrkbyn Boda,Sweden,inventory_only_or_unresolved,duration_not_available,site_page_only,medium_access_constrained,context_layer_with_explicit_caveat,https://browser.sead.se/site/5769,Unresolved time semantics,Readers may need to inspect the upstream SEAD site page because the repository does not currently expose stronger reference links.
5765,Edåsa kyrka,Sweden,inventory_only_or_unresolved,duration_not_available,site_page_only,medium_access_constrained,context_layer_with_explicit_caveat,https://browser.sead.se/site/5765,Unresolved time semantics,Readers may need to inspect the upstream SEAD site page because the repository does not currently expose stronger reference links.
28,Eftra Raä 110,Sweden,inventory_only_or_unresolved,duration_not_available,site_page_only,medium_access_constrained,context_layer_with_explicit_caveat,https://browser.sead.se/site/28,Unresolved time semantics,Readers may need to inspect the upstream SEAD site page because the repository does not currently expose stronger reference links.
5770,Eggeby bytomt,Sweden,inventory_only_or_unresolved,duration_not_available,site_page_only,medium_access_constrained,context_layer_with_explicit_caveat,https://browser.sead.se/site/5770,Unresolved time semantics,Readers may need to inspect the upstream SEAD site page because the repository does not currently expose stronger reference links.
5771,Egnelius i Östra Pålgård,Sweden,inventory_only_or_unresolved,duration_not_available,site_page_only,medium_access_constrained,context_layer_with_explicit_caveat,https://browser.sead.se/site/5771,Unresolved time semantics,Readers may need to inspect the upstream SEAD site page because the repository does not currently expose stronger reference links.
6287,Ekebo,Sweden,inventory_only_or_unresolved,duration_not_available,site_page_only,medium_access_constrained,context_layer_with_explicit_caveat,https://browser.sead.se/site/6287,Unresolved time semantics,Readers may need to inspect the upstream SEAD site page because the repository does not currently expose stronger reference links.
5662,Ekö,Sweden,inventory_only_or_unresolved,duration_not_available,site_page_only,medium_access_constrained,context_layer_with_explicit_caveat,https://browser.sead.se/site/5662,Unresolved time semantics,Readers may need to inspect the upstream SEAD site page because the repository does not currently expose stronger reference links.
5772,Eldhus Fageråsen,Sweden,inventory_only_or_unresolved,duration_not_available,site_page_only,medium_access_constrained,context_layer_with_explicit_caveat,https://browser.sead.se/site/5772,Unresolved time semantics,Readers may need to inspect the upstream SEAD site page because the repository does not currently expose stronger reference links.
5773,Eldhus Selja,Sweden,inventory_only_or_unresolved,duration_not_available,site_page_only,medium_access_constrained,context_layer_with_explicit_caveat,https://browser.sead.se/site/5773,Unresolved time semantics,Readers may need to inspect the upstream SEAD site page because the repository does not currently expose stronger reference links.
5774,Eliasgården i Tasbäck,Sweden,inventory_only_or_unresolved,duration_not_available,site_page_only,medium_access_constrained,context_layer_with_explicit_caveat,https://browser.sead.se/site/5774,Unresolved time semantics,Readers may need to inspect the upstream SEAD site page because the repository does not currently expose stronger reference links.
5775,Emilsson i Tand,Sweden,inventory_only_or_unresolved,duration_not_available,site_page_only,medium_access_constrained,context_layer_with_explicit_caveat,https://browser.sead.se/site/5775,Unresolved time semantics,Readers may need to inspect the upstream SEAD site page because the repository does not currently expose stronger reference links.
4248,Endletvatn,Norway,inventory_only_or_unresolved,duration_not_available,site_page_only,medium_access_constrained,context_layer_with_explicit_caveat,https://browser.sead.se/site/4248,Unresolved time semantics,Readers may need to inspect the upstream SEAD site page because the repository does not currently expose stronger reference links.
5777,Engelsbergs herrgård,Sweden,inventory_only_or_unresolved,duration_not_available,site_page_only,medium_access_constrained,context_layer_with_explicit_caveat,https://browser.sead.se/site/5777,Unresolved time semantics,Readers may need to inspect the upstream SEAD site page because the repository does not currently expose stronger reference links.
6349,Enköping 26:1,Sweden,inventory_only_or_unresolved,duration_not_available,site_page_only,medium_access_constrained,context_layer_with_explicit_caveat,https://browser.sead.se/site/6349,Unresolved time semantics,Readers may need to inspect the upstream SEAD site page because the repository does not currently expose stronger reference links.
5776,Enån Färnäs,Sweden,inventory_only_or_unresolved,duration_not_available,site_page_only,medium_access_constrained,context_layer_with_explicit_caveat,https://browser.sead.se/site/5776,Unresolved time semantics,Readers may need to inspect the upstream SEAD site page because the repository does not currently expose stronger reference links.
333,Enånger Raä 145,Sweden,inventory_only_or_unresolved,duration_not_available,site_page_only,medium_access_constrained,context_layer_with_explicit_caveat,https://browser.sead.se/site/333,Unresolved time semantics,Readers may need to inspect the upstream SEAD site page because the repository does not currently expose stronger reference links.
319,Enånger Raä 146,Sweden,inventory_only_or_unresolved,duration_not_available,site_page_only,medium_access_constrained,context_layer_with_explicit_caveat,https://browser.sead.se/site/319,Unresolved time semantics,Readers may need to inspect the upstream SEAD site page because the repository does not currently expose stronger reference links.
5778,Erik Hanssons i Sanna,Sweden,inventory_only_or_unresolved,duration_not_available,site_page_only,medium_access_constrained,context_layer_with_explicit_caveat,https://browser.sead.se/site/5778,Unresolved time semantics,Readers may need to inspect the upstream SEAD site page because the repository does not currently expose stronger reference links.
5779,Erik Ingels i Ovanmyra,Sweden,inventory_only_or_unresolved,duration_not_available,site_page_only,medium_access_constrained,context_layer_with_explicit_caveat,https://browser.sead.se/site/5779,Unresolved time semantics,Readers may need to inspect the upstream SEAD site page because the repository does not currently expose stronger reference links.
5780,Erik Karlströms i Nedre Gärdsjö,Sweden,inventory_only_or_unresolved,duration_not_available,site_page_only,medium_access_constrained,context_layer_with_explicit_caveat,https://browser.sead.se/site/5780,Unresolved time semantics,Readers may need to inspect the upstream SEAD site page because the repository does not currently expose stronger reference links.
5781,Erik Laggar i Änderåsen,Sweden,inventory_only_or_unresolved,duration_not_available,site_page_only,medium_access_constrained,context_layer_with_explicit_caveat,https://browser.sead.se/site/5781,Unresolved time semantics,Readers may need to inspect the upstream SEAD site page because the repository does not currently expose stronger reference links.
5782,Erik-Anders i Vallsbo,Sweden,inventory_only_or_unresolved,duration_not_available,site_page_only,medium_access_constrained,context_layer_with_explicit_caveat,https://browser.sead.se/site/5782,Unresolved time semantics,Readers may need to inspect the upstream SEAD site page because the repository does not currently expose stronger reference links.
5783,Eriksbergs gamla kyrka,Sweden,inventory_only_or_unresolved,duration_not_available,site_page_only,medium_access_constrained,context_layer_with_explicit_caveat,https://browser.sead.se/site/5783,Unresolved time semantics,Readers may need to inspect the upstream SEAD site page because the repository does not currently expose stronger reference links.
5784,Erikssons i Bräcke,Sweden,inventory_only_or_unresolved,duration_not_available,site_page_only,medium_access_constrained,context_layer_with_explicit_caveat,https://browser.sead.se/site/5784,Unresolved time semantics,Readers may need to inspect the upstream SEAD site page because the repository does not currently expose stronger reference links.
5785,Erikssons i Norrböle,Sweden,inventory_only_or_unresolved,duration_not_available,site_page_only,medium_access_constrained,context_layer_with_explicit_caveat,https://browser.sead.se/site/5785,Unresolved time semantics,Readers may need to inspect the upstream SEAD site page because the repository does not currently expose stronger reference links.
5786,Erikssons i Orrviken,Sweden,inventory_only_or_unresolved,duration_not_available,site_page_only,medium_access_constrained,context_layer_with_explicit_caveat,https://browser.sead.se/site/5786,Unresolved time semantics,Readers may need to inspect the upstream SEAD site page because the repository does not currently expose stronger reference links.
5787,Erskpers i Vängsbo,Sweden,inventory_only_or_unresolved,duration_not_available,site_page_only,medium_access_constrained,context_layer_with_explicit_caveat,https://browser.sead.se/site/5787,Unresolved time semantics,Readers may need to inspect the upstream SEAD site page because the repository does not currently expose stronger reference links.
6433,Erstavik,Sweden,inventory_only_or_unresolved,duration_not_available,site_page_only,medium_access_constrained,context_layer_with_explicit_caveat,https://browser.sead.se/site/6433,Unresolved time semantics,Readers may need to inspect the upstream SEAD site page because the repository does not currently expose stronger reference links.
6378,Eskilstuna 554:1,Sweden,inventory_only_or_unresolved,duration_not_available,site_page_only,medium_access_constrained,context_layer_with_explicit_caveat,https://browser.sead.se/site/6378,Unresolved time semantics,Readers may need to inspect the upstream SEAD site page because the repository does not currently expose stronger reference links.
3738,Eura Ä Karäjämäki,Finland,inventory_only_or_unresolved,duration_not_available,site_page_only,medium_access_constrained,context_layer_with_explicit_caveat,https://browser.sead.se/site/3738,Unresolved time semantics,Readers may need to inspect the upstream SEAD site page because the repository does not currently expose stronger reference links.
5788,Fahlströmsta loftboden,Sweden,inventory_only_or_unresolved,duration_not_available,site_page_only,medium_access_constrained,context_layer_with_explicit_caveat,https://browser.sead.se/site/5788,Unresolved time semantics,Readers may need to inspect the upstream SEAD site page because the repository does not currently expose stronger reference links.
202,Falköping Raä 3,Sweden,inventory_only_or_unresolved,duration_not_available,site_page_only,medium_access_constrained,context_layer_with_explicit_caveat,https://browser.sead.se/site/202,Unresolved time semantics,Readers may need to inspect the upstream SEAD site page because the repository does not currently expose stronger reference links.
6390,Falsterbo 15:1,Sweden,inventory_only_or_unresolved,duration_not_available,site_page_only,medium_access_constrained,context_layer_with_explicit_caveat,https://browser.sead.se/site/6390,Unresolved time semantics,Readers may need to inspect the upstream SEAD site page because the repository does not currently expose stronger reference links.
5790,Falsterbo kyrka,Sweden,inventory_only_or_unresolved,duration_not_available,site_page_only,medium_access_constrained,context_layer_with_explicit_caveat,https://browser.sead.se/site/5790,Unresolved time semantics,Readers may need to inspect the upstream SEAD site page because the repository does not currently expose stronger reference links.
4394,Falun,Sweden,inventory_only_or_unresolved,duration_not_available,site_page_only,medium_access_constrained,context_layer_with_explicit_caveat,https://browser.sead.se/site/4394,Unresolved time semantics,Readers may need to inspect the upstream SEAD site page because the repository does not currently expose stronger reference links.
170,Falun Raä 68,Sweden,inventory_only_or_unresolved,duration_not_available,site_page_only,medium_access_constrained,context_layer_with_explicit_caveat,https://browser.sead.se/site/170,Unresolved time semantics,Readers may need to inspect the upstream SEAD site page because the repository does not currently expose stronger reference links.
6288,Farstorp,Sweden,inventory_only_or_unresolved,duration_not_available,site_page_only,medium_access_constrained,context_layer_with_explicit_caveat,https://browser.sead.se/site/6288,Unresolved time semantics,Readers may need to inspect the upstream SEAD site page because the repository does not currently expose stronger reference links.
5792,Finja kyrka,Sweden,inventory_only_or_unresolved,duration_not_available,site_page_only,medium_access_constrained,context_layer_with_explicit_caveat,https://browser.sead.se/site/5792,Unresolved time semantics,Readers may need to inspect the upstream SEAD site page because the repository does not currently expose stronger reference links.
5793,Fiskgårdarna i Noret,Sweden,inventory_only_or_unresolved,duration_not_available,site_page_only,medium_access_constrained,context_layer_with_explicit_caveat,https://browser.sead.se/site/5793,Unresolved time semantics,Readers may need to inspect the upstream SEAD site page because the repository does not currently expose stronger reference links.
5794,Fjällsta,Sweden,inventory_only_or_unresolved,duration_not_available,site_page_only,medium_access_constrained,context_layer_with_explicit_caveat,https://browser.sead.se/site/5794,Unresolved time semantics,Readers may need to inspect the upstream SEAD site page because the repository does not currently expose stronger reference links.
5795,Fjärdmans i Övre Gärdsjö,Sweden,inventory_only_or_unresolved,duration_not_available,site_page_only,medium_access_constrained,context_layer_with_explicit_caveat,https://browser.sead.se/site/5795,Unresolved time semantics,Readers may need to inspect the upstream SEAD site page because the repository does not currently expose stronger reference links.
21,Fjärås Raä 499,Sweden,inventory_only_or_unresolved,duration_not_available,site_page_only,medium_access_constrained,context_layer_with_explicit_caveat,https://browser.sead.se/site/21,Unresolved time semantics,Readers may need to inspect the upstream SEAD site page because the repository does not currently expose stronger reference links.
13,Fjärås Raä 504,Sweden,inventory_only_or_unresolved,duration_not_available,site_page_only,medium_access_constrained,context_layer_with_explicit_caveat,https://browser.sead.se/site/13,Unresolved time semantics,Readers may need to inspect the upstream SEAD site page because the repository does not currently expose stronger reference links.
6381,Fleninge 75:2,Sweden,inventory_only_or_unresolved,duration_not_available,site_page_only,medium_access_constrained,context_layer_with_explicit_caveat,https://browser.sead.se/site/6381,Unresolved time semantics,Readers may need to inspect the upstream SEAD site page because the repository does not currently expose stronger reference links.
5796,Flensburgska gården,Sweden,inventory_only_or_unresolved,duration_not_available,site_page_only,medium_access_constrained,context_layer_with_explicit_caveat,https://browser.sead.se/site/5796,Unresolved time semantics,Readers may need to inspect the upstream SEAD site page because the repository does not currently expose stronger reference links.
5797,Flint Johans i Gruddbo,Sweden,inventory_only_or_unresolved,duration_not_available,site_page_only,medium_access_constrained,context_layer_with_explicit_caveat,https://browser.sead.se/site/5797,Unresolved time semantics,Readers may need to inspect the upstream SEAD site page because the repository does not currently expose stronger reference links.
5798,Flivik,Sweden,inventory_only_or_unresolved,duration_not_available,site_page_only,medium_access_constrained,context_layer_with_explicit_caveat,https://browser.sead.se/site/5798,Unresolved time semantics,Readers may need to inspect the upstream SEAD site page because the repository does not currently expose stronger reference links.
6388,Flädie 9:4,Sweden,inventory_only_or_unresolved,duration_not_available,site_page_only,medium_access_constrained,context_layer_with_explicit_caveat,https://browser.sead.se/site/6388,Unresolved time semantics,Readers may need to inspect the upstream SEAD site page because the repository does not currently expose stronger reference links.
5799,Foderbod Fudal Zorns gammelgård,Sweden,inventory_only_or_unresolved,duration_not_available,site_page_only,medium_access_constrained,context_layer_with_explicit_caveat,https://browser.sead.se/site/5799,Unresolved time semantics,Readers may need to inspect the upstream SEAD site page because the repository does not currently expose stronger reference links.
5800,Foderbod i Selbäck,Sweden,inventory_only_or_unresolved,duration_not_available,site_page_only,medium_access_constrained,context_layer_with_explicit_caveat,https://browser.sead.se/site/5800,Unresolved time semantics,Readers may need to inspect the upstream SEAD site page because the repository does not currently expose stronger reference links.
5801,Foderbod Kansbol,Sweden,inventory_only_or_unresolved,duration_not_available,site_page_only,medium_access_constrained,context_layer_with_explicit_caveat,https://browser.sead.se/site/5801,Unresolved time semantics,Readers may need to inspect the upstream SEAD site page because the repository does not currently expose stronger reference links.
88,Fors Raä 125,Sweden,inventory_only_or_unresolved,duration_not_available,site_page_only,medium_access_constrained,context_layer_with_explicit_caveat,https://browser.sead.se/site/88,Unresolved time semantics,Readers may need to inspect the upstream SEAD site page because the repository does not currently expose stronger reference links.
118,Fors Raä 143,Sweden,inventory_only_or_unresolved,duration_not_available,site_page_only,medium_access_constrained,context_layer_with_explicit_caveat,https://browser.sead.se/site/118,Unresolved time semantics,Readers may need to inspect the upstream SEAD site page because the repository does not currently expose stronger reference links.
318,Forsa,Sweden,inventory_only_or_unresolved,duration_not_available,site_page_only,medium_access_constrained,context_layer_with_explicit_caveat,https://browser.sead.se/site/318,Unresolved time semantics,Readers may need to inspect the upstream SEAD site page because the repository does not currently expose stronger reference links.
5803,Forshems kyrka,Sweden,inventory_only_or_unresolved,duration_not_available,site_page_only,medium_access_constrained,context_layer_with_explicit_caveat,https://browser.sead.se/site/5803,Unresolved time semantics,Readers may need to inspect the upstream SEAD site page because the repository does not currently expose stronger reference links.
64,Forshälla Raä 140,Sweden,inventory_only_or_unresolved,duration_not_available,site_page_only,medium_access_constrained,context_layer_with_explicit_caveat,https://browser.sead.se/site/64,Unresolved time semantics,Readers may need to inspect the upstream SEAD site page because the repository does not currently expose stronger reference links.
282,Forshälla Raä 360,Sweden,inventory_only_or_unresolved,duration_not_available,site_page_only,medium_access_constrained,context_layer_with_explicit_caveat,https://browser.sead.se/site/282,Unresolved time semantics,Readers may need to inspect the upstream SEAD site page because the repository does not currently expose stronger reference links.
347,"Forskningsparken, Huddinge",Sweden,inventory_only_or_unresolved,duration_not_available,site_page_only,medium_access_constrained,context_layer_with_explicit_caveat,https://browser.sead.se/site/347,Unresolved time semantics,Readers may need to inspect the upstream SEAD site page because the repository does not currently expose stronger reference links.
5804,Forssa kyrka,Sweden,inventory_only_or_unresolved,duration_not_available,site_page_only,medium_access_constrained,context_layer_with_explicit_caveat,https://browser.sead.se/site/5804,Unresolved time semantics,Readers may need to inspect the upstream SEAD site page because the repository does not currently expose stronger reference links.
5649,Forsvik,Sweden,inventory_only_or_unresolved,duration_not_available,site_page_only,medium_access_constrained,context_layer_with_explicit_caveat,https://browser.sead.se/site/5649,Unresolved time semantics,Readers may need to inspect the upstream SEAD site page because the repository does not currently expose stronger reference links.
376,Foss 173,Sweden,inventory_only_or_unresolved,duration_not_available,site_page_only,medium_access_constrained,context_layer_with_explicit_caveat,https://browser.sead.se/site/376,Unresolved time semantics,Readers may need to inspect the upstream SEAD site page because the repository does not currently expose stronger reference links.
287,Foss 217,Sweden,inventory_only_or_unresolved,duration_not_available,site_page_only,medium_access_constrained,context_layer_with_explicit_caveat,https://browser.sead.se/site/287,Unresolved time semantics,Readers may need to inspect the upstream SEAD site page because the repository does not currently expose stronger reference links.
324,Foss 438:1,Sweden,inventory_only_or_unresolved,duration_not_available,site_page_only,medium_access_constrained,context_layer_with_explicit_caveat,https://browser.sead.se/site/324,Unresolved time semantics,Readers may need to inspect the upstream SEAD site page because the repository does not currently expose stronger reference links.
382,Foss Raä 166,Sweden,inventory_only_or_unresolved,duration_not_available,site_page_only,medium_access_constrained,context_layer_with_explicit_caveat,https://browser.sead.se/site/382,Unresolved time semantics,Readers may need to inspect the upstream SEAD site page because the repository does not currently expose stronger reference links.
323,Foss Raä 440,Sweden,inventory_only_or_unresolved,duration_not_available,site_page_only,medium_access_constrained,context_layer_with_explicit_caveat,https://browser.sead.se/site/323,Unresolved time semantics,Readers may need to inspect the upstream SEAD site page because the repository does not currently expose stronger reference links.
5805,Framgården i Nederhögen,Sweden,inventory_only_or_unresolved,duration_not_available,site_page_only,medium_access_constrained,context_layer_with_explicit_caveat,https://browser.sead.se/site/5805,Unresolved time semantics,Readers may need to inspect the upstream SEAD site page because the repository does not currently expose stronger reference links.
393,Fresta 87:3,Sweden,inventory_only_or_unresolved,duration_not_available,site_page_only,medium_access_constrained,context_layer_with_explicit_caveat,https://browser.sead.se/site/393,Unresolved time semantics,Readers may need to inspect the upstream SEAD site page because the repository does not currently expose stronger reference links.
6369,Fröjel 380,Sweden,inventory_only_or_unresolved,duration_not_available,site_page_only,medium_access_constrained,context_layer_with_explicit_caveat,https://browser.sead.se/site/6369,Unresolved time semantics,Readers may need to inspect the upstream SEAD site page because the repository does not currently expose stronger reference links.
5806,Frösö kyrka,Sweden,inventory_only_or_unresolved,duration_not_available,site_page_only,medium_access_constrained,context_layer_with_explicit_caveat,https://browser.sead.se/site/5806,Unresolved time semantics,Readers may need to inspect the upstream SEAD site page because the repository does not currently expose stronger reference links.
5807,Frövifors bruksherrgård,Sweden,inventory_only_or_unresolved,duration_not_available,site_page_only,medium_access_constrained,context_layer_with_explicit_caveat,https://browser.sead.se/site/5807,Unresolved time semantics,Readers may need to inspect the upstream SEAD site page because the repository does not currently expose stronger reference links.
5808,Fudalboden Zorns gammelgård,Sweden,inventory_only_or_unresolved,duration_not_available,site_page_only,medium_access_constrained,context_layer_with_explicit_caveat,https://browser.sead.se/site/5808,Unresolved time semantics,Readers may need to inspect the upstream SEAD site page because the repository does not currently expose stronger reference links.
5809,Fudalfähus Zorns gammelgård,Sweden,inventory_only_or_unresolved,duration_not_available,site_page_only,medium_access_constrained,context_layer_with_explicit_caveat,https://browser.sead.se/site/5809,Unresolved time semantics,Readers may need to inspect the upstream SEAD site page because the repository does not currently expose stronger reference links.
5664,Fulltofta,Sweden,inventory_only_or_unresolved,duration_not_available,site_page_only,medium_access_constrained,context_layer_with_explicit_caveat,https://browser.sead.se/site/5664,Unresolved time semantics,Readers may need to inspect the upstream SEAD site page because the repository does not currently expose stronger reference links.
5811,Fulltofta kyrka,Sweden,inventory_only_or_unresolved,duration_not_available,site_page_only,medium_access_constrained,context_layer_with_explicit_caveat,https://browser.sead.se/site/5811,Unresolved time semantics,Readers may need to inspect the upstream SEAD site page because the repository does not currently expose stronger reference links.
5810,Fullösa kyrka,Sweden,inventory_only_or_unresolved,duration_not_available,site_page_only,medium_access_constrained,context_layer_with_explicit_caveat,https://browser.sead.se/site/5810,Unresolved time semantics,Readers may need to inspect the upstream SEAD site page because the repository does not currently expose stronger reference links.
5789,Fähus Bomansberg,Sweden,inventory_only_or_unresolved,duration_not_available,site_page_only,medium_access_constrained,context_layer_with_explicit_caveat,https://browser.sead.se/site/5789,Unresolved time semantics,Readers may need to inspect the upstream SEAD site page because the repository does not currently expose stronger reference links.
5791,Färjolles i Måga,Sweden,inventory_only_or_unresolved,duration_not_available,site_page_only,medium_access_constrained,context_layer_with_explicit_caveat,https://browser.sead.se/site/5791,Unresolved time semantics,Readers may need to inspect the upstream SEAD site page because the repository does not currently expose stronger reference links.
6434,Färlöv,Sweden,inventory_only_or_unresolved,duration_not_available,site_page_only,medium_access_constrained,context_layer_with_explicit_caveat,https://browser.sead.se/site/6434,Unresolved time semantics,Readers may need to inspect the upstream SEAD site page because the repository does not currently expose stronger reference links.
305,Fåröarna,Sweden,inventory_only_or_unresolved,duration_not_available,site_page_only,medium_access_constrained,context_layer_with_explicit_caveat,https://browser.sead.se/site/305,Unresolved time semantics,Readers may need to inspect the upstream SEAD site page because the repository does not currently expose stronger reference links.
5802,Församlingshemmet,Sweden,inventory_only_or_unresolved,duration_not_available,site_page_only,medium_access_constrained,context_layer_with_explicit_caveat,https://browser.sead.se/site/5802,Unresolved time semantics,Readers may need to inspect the upstream SEAD site page because the repository does not currently expose stronger reference links.
5812,Gagnef gamla prästgård,Sweden,inventory_only_or_unresolved,duration_not_available,site_page_only,medium_access_constrained,context_layer_with_explicit_caveat,https://browser.sead.se/site/5812,Unresolved time semantics,Readers may need to inspect the upstream SEAD site page because the repository does not currently expose stronger reference links.
6289,Gamla byvägen,Sweden,inventory_only_or_unresolved,duration_not_available,site_page_only,medium_access_constrained,context_layer_with_explicit_caveat,https://browser.sead.se/site/6289,Unresolved time semantics,Readers may need to inspect the upstream SEAD site page because the repository does not currently expose stronger reference links.
6435,Gamla hamnen på Enholmen,Sweden,inventory_only_or_unresolved,duration_not_available,site_page_only,medium_access_constrained,context_layer_with_explicit_caveat,https://browser.sead.se/site/6435,Unresolved time semantics,Readers may need to inspect the upstream SEAD site page because the repository does not currently expose stronger reference links.
5813,Gamla Linköping,Sweden,inventory_only_or_unresolved,duration_not_available,site_page_only,medium_access_constrained,context_layer_with_explicit_caveat,https://browser.sead.se/site/5813,Unresolved time semantics,Readers may need to inspect the upstream SEAD site page because the repository does not currently expose stronger reference links.
5814,Gamla rådhuset,Sweden,inventory_only_or_unresolved,duration_not_available,site_page_only,medium_access_constrained,context_layer_with_explicit_caveat,https://browser.sead.se/site/5814,Unresolved time semantics,Readers may need to inspect the upstream SEAD site page because the repository does not currently expose stronger reference links.
6290,Gamla Viker,Sweden,inventory_only_or_unresolved,duration_not_available,site_page_only,medium_access_constrained,context_layer_with_explicit_caveat,https://browser.sead.se/site/6290,Unresolved time semantics,Readers may need to inspect the upstream SEAD site page because the repository does not currently expose stronger reference links.
6360,Gamleby 450:1,Sweden,inventory_only_or_unresolved,duration_not_available,site_page_only,medium_access_constrained,context_layer_with_explicit_caveat,https://browser.sead.se/site/6360,Unresolved time semantics,Readers may need to inspect the upstream SEAD site page because the repository does not currently expose stronger reference links.
5815,Gammelgården i Fluren,Sweden,inventory_only_or_unresolved,duration_not_available,site_page_only,medium_access_constrained,context_layer_with_explicit_caveat,https://browser.sead.se/site/5815,Unresolved time semantics,Readers may need to inspect the upstream SEAD site page because the repository does not currently expose stronger reference links.
364,"Gammelstad, Luleå",Sweden,inventory_only_or_unresolved,duration_not_available,site_page_only,medium_access_constrained,context_layer_with_explicit_caveat,https://browser.sead.se/site/364,Unresolved time semantics,Readers may need to inspect the upstream SEAD site page because the repository does not currently expose stronger reference links.
5820,Gathenhielmska huset,Sweden,inventory_only_or_unresolved,duration_not_available,site_page_only,medium_access_constrained,context_layer_with_explicit_caveat,https://browser.sead.se/site/5820,Unresolved time semantics,Readers may need to inspect the upstream SEAD site page because the repository does not currently expose stronger reference links.
10,Getinge Raä 93,Sweden,inventory_only_or_unresolved,duration_not_available,site_page_only,medium_access_constrained,context_layer_with_explicit_caveat,https://browser.sead.se/site/10,Unresolved time semantics,Readers may need to inspect the upstream SEAD site page because the repository does not currently expose stronger reference links.
5821,Getladan i Östanhol,Sweden,inventory_only_or_unresolved,duration_not_available,site_page_only,medium_access_constrained,context_layer_with_explicit_caveat,https://browser.sead.se/site/5821,Unresolved time semantics,Readers may need to inspect the upstream SEAD site page because the repository does not currently expose stronger reference links.
5822,Gisselås,Sweden,inventory_only_or_unresolved,duration_not_available,site_page_only,medium_access_constrained,context_layer_with_explicit_caveat,https://browser.sead.se/site/5822,Unresolved time semantics,Readers may need to inspect the upstream SEAD site page because the repository does not currently expose stronger reference links.
6359,Gladhammar 155:1,Sweden,inventory_only_or_unresolved,duration_not_available,site_page_only,medium_access_constrained,context_layer_with_explicit_caveat,https://browser.sead.se/site/6359,Unresolved time semantics,Readers may need to inspect the upstream SEAD site page because the repository does not currently expose stronger reference links.
6358,Gladhammar 277:1,Sweden,inventory_only_or_unresolved,duration_not_available,site_page_only,medium_access_constrained,context_layer_with_explicit_caveat,https://browser.sead.se/site/6358,Unresolved time semantics,Readers may need to inspect the upstream SEAD site page because the repository does not currently expose stronger reference links.
5830,Granbacken i Bagghyttan,Sweden,inventory_only_or_unresolved,duration_not_available,site_page_only,medium_access_constrained,context_layer_with_explicit_caveat,https://browser.sead.se/site/5830,Unresolved time semantics,Readers may need to inspect the upstream SEAD site page because the repository does not currently expose stronger reference links.
5831,Grangärdes-Hästberg,Sweden,inventory_only_or_unresolved,duration_not_available,site_page_only,medium_access_constrained,context_layer_with_explicit_caveat,https://browser.sead.se/site/5831,Unresolved time semantics,Readers may need to inspect the upstream SEAD site page because the repository does not currently expose stronger reference links.
5832,Granhults kyrka,Sweden,inventory_only_or_unresolved,duration_not_available,site_page_only,medium_access_constrained,context_layer_with_explicit_caveat,https://browser.sead.se/site/5832,Unresolved time semantics,Readers may need to inspect the upstream SEAD site page because the repository does not currently expose stronger reference links.
5833,Grannas i Färnäs,Sweden,inventory_only_or_unresolved,duration_not_available,site_page_only,medium_access_constrained,context_layer_with_explicit_caveat,https://browser.sead.se/site/5833,Unresolved time semantics,Readers may need to inspect the upstream SEAD site page because the repository does not currently expose stronger reference links.
5834,Grevbäcks kyrka,Sweden,inventory_only_or_unresolved,duration_not_available,site_page_only,medium_access_constrained,context_layer_with_explicit_caveat,https://browser.sead.se/site/5834,Unresolved time semantics,Readers may need to inspect the upstream SEAD site page because the repository does not currently expose stronger reference links.
5835,Grimmatorpet,Sweden,inventory_only_or_unresolved,duration_not_available,site_page_only,medium_access_constrained,context_layer_with_explicit_caveat,https://browser.sead.se/site/5835,Unresolved time semantics,Readers may need to inspect the upstream SEAD site page because the repository does not currently expose stronger reference links.
6291,Grimsta,Sweden,inventory_only_or_unresolved,duration_not_available,site_page_only,medium_access_constrained,context_layer_with_explicit_caveat,https://browser.sead.se/site/6291,Unresolved time semantics,Readers may need to inspect the upstream SEAD site page because the repository does not currently expose stronger reference links.
5836,Grisskär,Sweden,inventory_only_or_unresolved,duration_not_available,site_page_only,medium_access_constrained,context_layer_with_explicit_caveat,https://browser.sead.se/site/5836,Unresolved time semantics,Readers may need to inspect the upstream SEAD site page because the repository does not currently expose stronger reference links.
3719,Grobin,,inventory_only_or_unresolved,broad_context_duration,site_page_only,medium_access_constrained,context_layer_with_explicit_caveat,https://browser.sead.se/site/3719,,Readers may need to inspect the upstream SEAD site page because the repository does not currently expose stronger reference links.
167,Grums Raä 41:1,Sweden,inventory_only_or_unresolved,duration_not_available,site_page_only,medium_access_constrained,context_layer_with_explicit_caveat,https://browser.sead.se/site/167,Unresolved time semantics,Readers may need to inspect the upstream SEAD site page because the repository does not currently expose stronger reference links.
196,Grundsunda Raä 121,Sweden,inventory_only_or_unresolved,duration_not_available,site_page_only,medium_access_constrained,context_layer_with_explicit_caveat,https://browser.sead.se/site/196,Unresolved time semantics,Readers may need to inspect the upstream SEAD site page because the repository does not currently expose stronger reference links.
218,Grundsunda Raä 126,Sweden,inventory_only_or_unresolved,duration_not_available,site_page_only,medium_access_constrained,context_layer_with_explicit_caveat,https://browser.sead.se/site/218,Unresolved time semantics,Readers may need to inspect the upstream SEAD site page because the repository does not currently expose stronger reference links.
254,Grundsunda Raä 30,Sweden,inventory_only_or_unresolved,duration_not_available,site_page_only,medium_access_constrained,context_layer_with_explicit_caveat,https://browser.sead.se/site/254,Unresolved time semantics,Readers may need to inspect the upstream SEAD site page because the repository does not currently expose stronger reference links.
92,Grundsunda Raä 345,Sweden,inventory_only_or_unresolved,duration_not_available,site_page_only,medium_access_constrained,context_layer_with_explicit_caveat,https://browser.sead.se/site/92,Unresolved time semantics,Readers may need to inspect the upstream SEAD site page because the repository does not currently expose stronger reference links.
82,Grundsunda Raä 364,Sweden,inventory_only_or_unresolved,duration_not_available,site_page_only,medium_access_constrained,context_layer_with_explicit_caveat,https://browser.sead.se/site/82,Unresolved time semantics,Readers may need to inspect the upstream SEAD site page because the repository does not currently expose stronger reference links.
5838,Gruvris i Gulleråsen,Sweden,inventory_only_or_unresolved,duration_not_available,site_page_only,medium_access_constrained,context_layer_with_explicit_caveat,https://browser.sead.se/site/5838,Unresolved time semantics,Readers may need to inspect the upstream SEAD site page because the repository does not currently expose stronger reference links.
6414,Gryt 4:2,Sweden,inventory_only_or_unresolved,duration_not_available,site_page_only,medium_access_constrained,context_layer_with_explicit_caveat,https://browser.sead.se/site/6414,Unresolved time semantics,Readers may need to inspect the upstream SEAD site page because the repository does not currently expose stronger reference links.
5648,Grönhult,Sweden,inventory_only_or_unresolved,duration_not_available,site_page_only,medium_access_constrained,context_layer_with_explicit_caveat,https://browser.sead.se/site/5648,Unresolved time semantics,Readers may need to inspect the upstream SEAD site page because the repository does not currently expose stronger reference links.
5837,Grönås,Sweden,inventory_only_or_unresolved,duration_not_available,site_page_only,medium_access_constrained,context_layer_with_explicit_caveat,https://browser.sead.se/site/5837,Unresolved time semantics,Readers may need to inspect the upstream SEAD site page because the repository does not currently expose stronger reference links.
6373,Grötlingbo 258:1,Sweden,inventory_only_or_unresolved,duration_not_available,site_page_only,medium_access_constrained,context_layer_with_explicit_caveat,https://browser.sead.se/site/6373,Unresolved time semantics,Readers may need to inspect the upstream SEAD site page because the repository does not currently expose stronger reference links.
5839,Gubbänget i Delsbo,Sweden,inventory_only_or_unresolved,duration_not_available,site_page_only,medium_access_constrained,context_layer_with_explicit_caveat,https://browser.sead.se/site/5839,Unresolved time semantics,Readers may need to inspect the upstream SEAD site page because the repository does not currently expose stronger reference links.
5840,Gullo Lars i Höjen,Sweden,inventory_only_or_unresolved,duration_not_available,site_page_only,medium_access_constrained,context_layer_with_explicit_caveat,https://browser.sead.se/site/5840,Unresolved time semantics,Readers may need to inspect the upstream SEAD site page because the repository does not currently expose stronger reference links.
5841,Gumdes i Näset,Sweden,inventory_only_or_unresolved,duration_not_available,site_page_only,medium_access_constrained,context_layer_with_explicit_caveat,https://browser.sead.se/site/5841,Unresolved time semantics,Readers may need to inspect the upstream SEAD site page because the repository does not currently expose stronger reference links.
250,Gunnarskog Raä 595,Sweden,inventory_only_or_unresolved,duration_not_available,site_page_only,medium_access_constrained,context_layer_with_explicit_caveat,https://browser.sead.se/site/250,Unresolved time semantics,Readers may need to inspect the upstream SEAD site page because the repository does not currently expose stronger reference links.
136,Gunnarsrød 6,Norway,inventory_only_or_unresolved,duration_not_available,site_page_only,medium_access_constrained,context_layer_with_explicit_caveat,https://browser.sead.se/site/136,Unresolved time semantics,Readers may need to inspect the upstream SEAD site page because the repository does not currently expose stronger reference links.
85,Guomojávrrit,Norway,inventory_only_or_unresolved,duration_not_available,site_page_only,medium_access_constrained,context_layer_with_explicit_caveat,https://browser.sead.se/site/85,Unresolved time semantics,Readers may need to inspect the upstream SEAD site page because the repository does not currently expose stronger reference links.
5842,Gustavs Torg,Sweden,inventory_only_or_unresolved,duration_not_available,site_page_only,medium_access_constrained,context_layer_with_explicit_caveat,https://browser.sead.se/site/5842,Unresolved time semantics,Readers may need to inspect the upstream SEAD site page because the repository does not currently expose stronger reference links.
5818,Gärdsjölindorna i Nedre Gärdsjö,Sweden,inventory_only_or_unresolved,duration_not_available,site_page_only,medium_access_constrained,context_layer_with_explicit_caveat,https://browser.sead.se/site/5818,Unresolved time semantics,Readers may need to inspect the upstream SEAD site page because the repository does not currently expose stronger reference links.
5816,Gärdås,Sweden,inventory_only_or_unresolved,duration_not_available,site_page_only,medium_access_constrained,context_layer_with_explicit_caveat,https://browser.sead.se/site/5816,Unresolved time semantics,Readers may need to inspect the upstream SEAD site page because the repository does not currently expose stronger reference links.
5819,Gästgivaregården i Grådö,Sweden,inventory_only_or_unresolved,duration_not_available,site_page_only,medium_access_constrained,context_layer_with_explicit_caveat,https://browser.sead.se/site/5819,Unresolved time semantics,Readers may need to inspect the upstream SEAD site page because the repository does not currently expose stronger reference links.
223,Gävle Raä 303,Sweden,inventory_only_or_unresolved,duration_not_available,site_page_only,medium_access_constrained,context_layer_with_explicit_caveat,https://browser.sead.se/site/223,Unresolved time semantics,Readers may need to inspect the upstream SEAD site page because the repository does not currently expose stronger reference links.
6353,Gårdby 81,Sweden,inventory_only_or_unresolved,duration_not_available,site_page_only,medium_access_constrained,context_layer_with_explicit_caveat,https://browser.sead.se/site/6353,Unresolved time semantics,Readers may need to inspect the upstream SEAD site page because the repository does not currently expose stronger reference links.
5817,Gården Berget i Backen,Sweden,inventory_only_or_unresolved,duration_not_available,site_page_only,medium_access_constrained,context_layer_with_explicit_caveat,https://browser.sead.se/site/5817,Unresolved time semantics,Readers may need to inspect the upstream SEAD site page because the repository does not currently expose stronger reference links.
264,Gåsinge-Dillnäs Raä 94,Sweden,inventory_only_or_unresolved,duration_not_available,site_page_only,medium_access_constrained,context_layer_with_explicit_caveat,https://browser.sead.se/site/264,Unresolved time semantics,Readers may need to inspect the upstream SEAD site page because the repository does not currently expose stronger reference links.
5823,Gödelövs kyrka,Sweden,inventory_only_or_unresolved,duration_not_available,site_page_only,medium_access_constrained,context_layer_with_explicit_caveat,https://browser.sead.se/site/5823,Unresolved time semantics,Readers may need to inspect the upstream SEAD site page because the repository does not currently expose stronger reference links.
5824,Gökhems kyrka,Sweden,inventory_only_or_unresolved,duration_not_available,site_page_only,medium_access_constrained,context_layer_with_explicit_caveat,https://browser.sead.se/site/5824,Unresolved time semantics,Readers may need to inspect the upstream SEAD site page because the repository does not currently expose stronger reference links.
5825,Göran Nygårds i Nedre Gärdsjö,Sweden,inventory_only_or_unresolved,duration_not_available,site_page_only,medium_access_constrained,context_layer_with_explicit_caveat,https://browser.sead.se/site/5825,Unresolved time semantics,Readers may need to inspect the upstream SEAD site page because the repository does not currently expose stronger reference links.
5826,Göranstorp,Sweden,inventory_only_or_unresolved,duration_not_available,site_page_only,medium_access_constrained,context_layer_with_explicit_caveat,https://browser.sead.se/site/5826,Unresolved time semantics,Readers may need to inspect the upstream SEAD site page because the repository does not currently expose stronger reference links.
5827,Göras i Ede,Sweden,inventory_only_or_unresolved,duration_not_available,site_page_only,medium_access_constrained,context_layer_with_explicit_caveat,https://browser.sead.se/site/5827,Unresolved time semantics,Readers may need to inspect the upstream SEAD site page because the repository does not currently expose stronger reference links.
6436,"Göta kanal, hamnen",Sweden,inventory_only_or_unresolved,duration_not_available,site_page_only,medium_access_constrained,context_layer_with_explicit_caveat,https://browser.sead.se/site/6436,Unresolved time semantics,Readers may need to inspect the upstream SEAD site page because the repository does not currently expose stronger reference links.
146,Göteborg Raä 218,Sweden,inventory_only_or_unresolved,duration_not_available,site_page_only,medium_access_constrained,context_layer_with_explicit_caveat,https://browser.sead.se/site/146,Unresolved time semantics,Readers may need to inspect the upstream SEAD site page because the repository does not currently expose stronger reference links.
152,Göteborg Raä 365,Sweden,inventory_only_or_unresolved,duration_not_available,site_page_only,medium_access_constrained,context_layer_with_explicit_caveat,https://browser.sead.se/site/152,Unresolved time semantics,Readers may need to inspect the upstream SEAD site page because the repository does not currently expose stronger reference links.
173,Göteborg Raä 66,Sweden,inventory_only_or_unresolved,duration_not_available,site_page_only,medium_access_constrained,context_layer_with_explicit_caveat,https://browser.sead.se/site/173,Unresolved time semantics,Readers may need to inspect the upstream SEAD site page because the repository does not currently expose stronger reference links.
5828,Götene kyrka,Sweden,inventory_only_or_unresolved,duration_not_available,site_page_only,medium_access_constrained,context_layer_with_explicit_caveat,https://browser.sead.se/site/5828,Unresolved time semantics,Readers may need to inspect the upstream SEAD site page because the repository does not currently expose stronger reference links.
228,Götene Raä 52,Sweden,inventory_only_or_unresolved,duration_not_available,site_page_only,medium_access_constrained,context_layer_with_explicit_caveat,https://browser.sead.se/site/228,Unresolved time semantics,Readers may need to inspect the upstream SEAD site page because the repository does not currently expose stronger reference links.
5829,Göteve kyrka,Sweden,inventory_only_or_unresolved,duration_not_available,site_page_only,medium_access_constrained,context_layer_with_explicit_caveat,https://browser.sead.se/site/5829,Unresolved time semantics,Readers may need to inspect the upstream SEAD site page because the repository does not currently expose stronger reference links.
5079,Haapajärvi: Haga,Finland,inventory_only_or_unresolved,duration_not_available,site_page_only,medium_access_constrained,context_layer_with_explicit_caveat,https://browser.sead.se/site/5079,Unresolved time semantics,Readers may need to inspect the upstream SEAD site page because the repository does not currently expose stronger reference links.
5843,Hackås kyrka,Sweden,inventory_only_or_unresolved,duration_not_available,site_page_only,medium_access_constrained,context_layer_with_explicit_caveat,https://browser.sead.se/site/5843,Unresolved time semantics,Readers may need to inspect the upstream SEAD site page because the repository does not currently expose stronger reference links.
5844,Hagaloftet i Rissätra,Sweden,inventory_only_or_unresolved,duration_not_available,site_page_only,medium_access_constrained,context_layer_with_explicit_caveat,https://browser.sead.se/site/5844,Unresolved time semantics,Readers may need to inspect the upstream SEAD site page because the repository does not currently expose stronger reference links.
5845,Hagalund,Sweden,inventory_only_or_unresolved,duration_not_available,site_page_only,medium_access_constrained,context_layer_with_explicit_caveat,https://browser.sead.se/site/5845,Unresolved time semantics,Readers may need to inspect the upstream SEAD site page because the repository does not currently expose stronger reference links.
5670,Hagaparken,Sweden,inventory_only_or_unresolved,duration_not_available,site_page_only,medium_access_constrained,context_layer_with_explicit_caveat,https://browser.sead.se/site/5670,Unresolved time semantics,Readers may need to inspect the upstream SEAD site page because the repository does not currently expose stronger reference links.
5846,Hagen i Gällö,Sweden,inventory_only_or_unresolved,duration_not_available,site_page_only,medium_access_constrained,context_layer_with_explicit_caveat,https://browser.sead.se/site/5846,Unresolved time semantics,Readers may need to inspect the upstream SEAD site page because the repository does not currently expose stronger reference links.
316,"Hagen, Bäve",Sweden,inventory_only_or_unresolved,duration_not_available,site_page_only,medium_access_constrained,context_layer_with_explicit_caveat,https://browser.sead.se/site/316,Unresolved time semantics,Readers may need to inspect the upstream SEAD site page because the repository does not currently expose stronger reference links.
6368,Hagshult 29:1,Sweden,inventory_only_or_unresolved,duration_not_available,site_page_only,medium_access_constrained,context_layer_with_explicit_caveat,https://browser.sead.se/site/6368,Unresolved time semantics,Readers may need to inspect the upstream SEAD site page because the repository does not currently expose stronger reference links.
5847,Hagshult kyrka,Sweden,inventory_only_or_unresolved,duration_not_available,site_page_only,medium_access_constrained,context_layer_with_explicit_caveat,https://browser.sead.se/site/5847,Unresolved time semantics,Readers may need to inspect the upstream SEAD site page because the repository does not currently expose stronger reference links.
5848,Hagströms i Norrböle,Sweden,inventory_only_or_unresolved,duration_not_available,site_page_only,medium_access_constrained,context_layer_with_explicit_caveat,https://browser.sead.se/site/5848,Unresolved time semantics,Readers may need to inspect the upstream SEAD site page because the repository does not currently expose stronger reference links.
6292,Hagverksmo,Sweden,inventory_only_or_unresolved,duration_not_available,site_page_only,medium_access_constrained,context_layer_with_explicit_caveat,https://browser.sead.se/site/6292,Unresolved time semantics,Readers may need to inspect the upstream SEAD site page because the repository does not currently expose stronger reference links.
5849,Hall i Byom,Sweden,inventory_only_or_unresolved,duration_not_available,site_page_only,medium_access_constrained,context_layer_with_explicit_caveat,https://browser.sead.se/site/5849,Unresolved time semantics,Readers may need to inspect the upstream SEAD site page because the repository does not currently expose stronger reference links.
4138,"Halla kyrka, Gotland",Sweden,inventory_only_or_unresolved,duration_not_available,site_page_only,medium_access_constrained,context_layer_with_explicit_caveat,https://browser.sead.se/site/4138,Unresolved time semantics,Readers may need to inspect the upstream SEAD site page because the repository does not currently expose stronger reference links.
24,"Hallagård, Stomma kulle",Sweden,inventory_only_or_unresolved,duration_not_available,site_page_only,medium_access_constrained,context_layer_with_explicit_caveat,https://browser.sead.se/site/24,Unresolved time semantics,Readers may need to inspect the upstream SEAD site page because the repository does not currently expose stronger reference links.
6293,Hallarum,Sweden,inventory_only_or_unresolved,duration_not_available,site_page_only,medium_access_constrained,context_layer_with_explicit_caveat,https://browser.sead.se/site/6293,Unresolved time semantics,Readers may need to inspect the upstream SEAD site page because the repository does not currently expose stronger reference links.
5851,Hallen,Sweden,inventory_only_or_unresolved,duration_not_available,site_page_only,medium_access_constrained,context_layer_with_explicit_caveat,https://browser.sead.se/site/5851,Unresolved time semantics,Readers may need to inspect the upstream SEAD site page because the repository does not currently expose stronger reference links.
5852,Hallens kyrka,Sweden,inventory_only_or_unresolved,duration_not_available,site_page_only,medium_access_constrained,context_layer_with_explicit_caveat,https://browser.sead.se/site/5852,Unresolved time semantics,Readers may need to inspect the upstream SEAD site page because the repository does not currently expose stronger reference links.
5854,Hallingebergs kyrka,Sweden,inventory_only_or_unresolved,duration_not_available,site_page_only,medium_access_constrained,context_layer_with_explicit_caveat,https://browser.sead.se/site/5854,Unresolved time semantics,Readers may need to inspect the upstream SEAD site page because the repository does not currently expose stronger reference links.
15,Halmstad Raä 44,Sweden,inventory_only_or_unresolved,duration_not_available,site_page_only,medium_access_constrained,context_layer_with_explicit_caveat,https://browser.sead.se/site/15,Unresolved time semantics,Readers may need to inspect the upstream SEAD site page because the repository does not currently expose stronger reference links.
5855,Halmstads slott,Sweden,inventory_only_or_unresolved,duration_not_available,site_page_only,medium_access_constrained,context_layer_with_explicit_caveat,https://browser.sead.se/site/5855,Unresolved time semantics,Readers may need to inspect the upstream SEAD site page because the repository does not currently expose stronger reference links.
5856,Halvarssons i Hammarbyn,Sweden,inventory_only_or_unresolved,duration_not_available,site_page_only,medium_access_constrained,context_layer_with_explicit_caveat,https://browser.sead.se/site/5856,Unresolved time semantics,Readers may need to inspect the upstream SEAD site page because the repository does not currently expose stronger reference links.
5857,Handog,Sweden,inventory_only_or_unresolved,duration_not_available,site_page_only,medium_access_constrained,context_layer_with_explicit_caveat,https://browser.sead.se/site/5857,Unresolved time semantics,Readers may need to inspect the upstream SEAD site page because the repository does not currently expose stronger reference links.
5858,Haneberg,Sweden,inventory_only_or_unresolved,duration_not_available,site_page_only,medium_access_constrained,context_layer_with_explicit_caveat,https://browser.sead.se/site/5858,Unresolved time semantics,Readers may need to inspect the upstream SEAD site page because the repository does not currently expose stronger reference links.
5859,Hanmora gård,Sweden,inventory_only_or_unresolved,duration_not_available,site_page_only,medium_access_constrained,context_layer_with_explicit_caveat,https://browser.sead.se/site/5859,Unresolved time semantics,Readers may need to inspect the upstream SEAD site page because the repository does not currently expose stronger reference links.
5860,Hansanders i Sundsjöåsen,Sweden,inventory_only_or_unresolved,duration_not_available,site_page_only,medium_access_constrained,context_layer_with_explicit_caveat,https://browser.sead.se/site/5860,Unresolved time semantics,Readers may need to inspect the upstream SEAD site page because the repository does not currently expose stronger reference links.
5861,Hansbacks i Näset,Sweden,inventory_only_or_unresolved,duration_not_available,site_page_only,medium_access_constrained,context_layer_with_explicit_caveat,https://browser.sead.se/site/5861,Unresolved time semantics,Readers may need to inspect the upstream SEAD site page because the repository does not currently expose stronger reference links.
3701,Harplinge 155,Sweden,inventory_only_or_unresolved,duration_not_available,site_page_only,medium_access_constrained,context_layer_with_explicit_caveat,https://browser.sead.se/site/3701,Unresolved time semantics,Readers may need to inspect the upstream SEAD site page because the repository does not currently expose stronger reference links.
23,Hasslöv Raä 86,Sweden,inventory_only_or_unresolved,duration_not_available,site_page_only,medium_access_constrained,context_layer_with_explicit_caveat,https://browser.sead.se/site/23,Unresolved time semantics,Readers may need to inspect the upstream SEAD site page because the repository does not currently expose stronger reference links.
3698,Havor Fort,Sweden,inventory_only_or_unresolved,duration_not_available,site_page_only,medium_access_constrained,context_layer_with_explicit_caveat,https://browser.sead.se/site/3698,Unresolved time semantics,Readers may need to inspect the upstream SEAD site page because the repository does not currently expose stronger reference links.
5873,Hebbeska huset,Sweden,inventory_only_or_unresolved,duration_not_available,site_page_only,medium_access_constrained,context_layer_with_explicit_caveat,https://browser.sead.se/site/5873,Unresolved time semantics,Readers may need to inspect the upstream SEAD site page because the repository does not currently expose stronger reference links.
3697,Hedeby,,inventory_only_or_unresolved,broad_context_duration,site_page_only,medium_access_constrained,context_layer_with_explicit_caveat,https://browser.sead.se/site/3697,,Readers may need to inspect the upstream SEAD site page because the repository does not currently expose stronger reference links.
205,Hedesunda Raä 113,Sweden,inventory_only_or_unresolved,duration_not_available,site_page_only,medium_access_constrained,context_layer_with_explicit_caveat,https://browser.sead.se/site/205,Unresolved time semantics,Readers may need to inspect the upstream SEAD site page because the repository does not currently expose stronger reference links.
5874,Hedningaladan Perlars i Ribbåsen,Sweden,inventory_only_or_unresolved,duration_not_available,site_page_only,medium_access_constrained,context_layer_with_explicit_caveat,https://browser.sead.se/site/5874,Unresolved time semantics,Readers may need to inspect the upstream SEAD site page because the repository does not currently expose stronger reference links.
5875,Hedninghuset Erkasjers i Idbäck,Sweden,inventory_only_or_unresolved,duration_not_available,site_page_only,medium_access_constrained,context_layer_with_explicit_caveat,https://browser.sead.se/site/5875,Unresolved time semantics,Readers may need to inspect the upstream SEAD site page because the repository does not currently expose stronger reference links.
373,Hedningsgärdet,Sweden,inventory_only_or_unresolved,duration_not_available,site_page_only,medium_access_constrained,context_layer_with_explicit_caveat,https://browser.sead.se/site/373,Unresolved time semantics,Readers may need to inspect the upstream SEAD site page because the repository does not currently expose stronger reference links.
4129,Helgelsens gård,Sweden,inventory_only_or_unresolved,duration_not_available,site_page_only,medium_access_constrained,context_layer_with_explicit_caveat,https://browser.sead.se/site/4129,Unresolved time semantics,Readers may need to inspect the upstream SEAD site page because the repository does not currently expose stronger reference links.
5876,Heliga Kors Kyrka,Sweden,inventory_only_or_unresolved,duration_not_available,site_page_only,medium_access_constrained,context_layer_with_explicit_caveat,https://browser.sead.se/site/5876,Unresolved time semantics,Readers may need to inspect the upstream SEAD site page because the repository does not currently expose stronger reference links.
6392,Helsingborg 226:1,Sweden,inventory_only_or_unresolved,duration_not_available,site_page_only,medium_access_constrained,context_layer_with_explicit_caveat,https://browser.sead.se/site/6392,Unresolved time semantics,Readers may need to inspect the upstream SEAD site page because the repository does not currently expose stronger reference links.
6380,Helsingborg 252,Sweden,inventory_only_or_unresolved,duration_not_available,site_page_only,medium_access_constrained,context_layer_with_explicit_caveat,https://browser.sead.se/site/6380,Unresolved time semantics,Readers may need to inspect the upstream SEAD site page because the repository does not currently expose stronger reference links.
6382,Helsingborg 42:1,Sweden,inventory_only_or_unresolved,duration_not_available,site_page_only,medium_access_constrained,context_layer_with_explicit_caveat,https://browser.sead.se/site/6382,Unresolved time semantics,Readers may need to inspect the upstream SEAD site page because the repository does not currently expose stronger reference links.
5877,Hembygdsgården,Sweden,inventory_only_or_unresolved,duration_not_available,site_page_only,medium_access_constrained,context_layer_with_explicit_caveat,https://browser.sead.se/site/5877,Unresolved time semantics,Readers may need to inspect the upstream SEAD site page because the repository does not currently expose stronger reference links.
5878,Henriksson i Tångeråsen,Sweden,inventory_only_or_unresolved,duration_not_available,site_page_only,medium_access_constrained,context_layer_with_explicit_caveat,https://browser.sead.se/site/5878,Unresolved time semantics,Readers may need to inspect the upstream SEAD site page because the repository does not currently expose stronger reference links.
286,Herrestad Raä 14,Sweden,inventory_only_or_unresolved,duration_not_available,site_page_only,medium_access_constrained,context_layer_with_explicit_caveat,https://browser.sead.se/site/286,Unresolved time semantics,Readers may need to inspect the upstream SEAD site page because the repository does not currently expose stronger reference links.
6295,Hill,Sweden,inventory_only_or_unresolved,duration_not_available,site_page_only,medium_access_constrained,context_layer_with_explicit_caveat,https://browser.sead.se/site/6295,Unresolved time semantics,Readers may need to inspect the upstream SEAD site page because the repository does not currently expose stronger reference links.
122,Hilleröd NFH A2039,Denmark,inventory_only_or_unresolved,duration_not_available,site_page_only,medium_access_constrained,context_layer_with_explicit_caveat,https://browser.sead.se/site/122,Unresolved time semantics,Readers may need to inspect the upstream SEAD site page because the repository does not currently expose stronger reference links.
5880,Hjelms bod,Sweden,inventory_only_or_unresolved,duration_not_available,site_page_only,medium_access_constrained,context_layer_with_explicit_caveat,https://browser.sead.se/site/5880,Unresolved time semantics,Readers may need to inspect the upstream SEAD site page because the repository does not currently expose stronger reference links.
5881,Hjortgården i Lenåsen,Sweden,inventory_only_or_unresolved,duration_not_available,site_page_only,medium_access_constrained,context_layer_with_explicit_caveat,https://browser.sead.se/site/5881,Unresolved time semantics,Readers may need to inspect the upstream SEAD site page because the repository does not currently expose stronger reference links.
5882,Hjortsberga kyrka,Sweden,inventory_only_or_unresolved,duration_not_available,site_page_only,medium_access_constrained,context_layer_with_explicit_caveat,https://browser.sead.se/site/5882,Unresolved time semantics,Readers may need to inspect the upstream SEAD site page because the repository does not currently expose stronger reference links.
5879,Hjältanstorp,Sweden,inventory_only_or_unresolved,duration_not_available,site_page_only,medium_access_constrained,context_layer_with_explicit_caveat,https://browser.sead.se/site/5879,Unresolved time semantics,Readers may need to inspect the upstream SEAD site page because the repository does not currently expose stronger reference links.
4124,Hofterups kyrka,Sweden,inventory_only_or_unresolved,duration_not_available,site_page_only,medium_access_constrained,context_layer_with_explicit_caveat,https://browser.sead.se/site/4124,Unresolved time semantics,Readers may need to inspect the upstream SEAD site page because the repository does not currently expose stronger reference links.
54,Hogdal 443,Sweden,inventory_only_or_unresolved,duration_not_available,site_page_only,medium_access_constrained,context_layer_with_explicit_caveat,https://browser.sead.se/site/54,Unresolved time semantics,Readers may need to inspect the upstream SEAD site page because the repository does not currently expose stronger reference links.
71,Hogdal 444 + 445,Sweden,inventory_only_or_unresolved,duration_not_available,site_page_only,medium_access_constrained,context_layer_with_explicit_caveat,https://browser.sead.se/site/71,Unresolved time semantics,Readers may need to inspect the upstream SEAD site page because the repository does not currently expose stronger reference links.
334,Hogstorp,Sweden,inventory_only_or_unresolved,duration_not_available,site_page_only,medium_access_constrained,context_layer_with_explicit_caveat,https://browser.sead.se/site/334,Unresolved time semantics,Readers may need to inspect the upstream SEAD site page because the repository does not currently expose stronger reference links.
60,Hogstorp 327:1,Sweden,inventory_only_or_unresolved,duration_not_available,site_page_only,medium_access_constrained,context_layer_with_explicit_caveat,https://browser.sead.se/site/60,Unresolved time semantics,Readers may need to inspect the upstream SEAD site page because the repository does not currently expose stronger reference links.
5884,Holländarhuset,Sweden,inventory_only_or_unresolved,duration_not_available,site_page_only,medium_access_constrained,context_layer_with_explicit_caveat,https://browser.sead.se/site/5884,Unresolved time semantics,Readers may need to inspect the upstream SEAD site page because the repository does not currently expose stronger reference links.
6437,Holmen,Sweden,inventory_only_or_unresolved,duration_not_available,site_page_only,medium_access_constrained,context_layer_with_explicit_caveat,https://browser.sead.se/site/6437,Unresolved time semantics,Readers may need to inspect the upstream SEAD site page because the repository does not currently expose stronger reference links.
6296,Hucksjöåsen,Sweden,inventory_only_or_unresolved,duration_not_available,site_page_only,medium_access_constrained,context_layer_with_explicit_caveat,https://browser.sead.se/site/6296,Unresolved time semantics,Readers may need to inspect the upstream SEAD site page because the repository does not currently expose stronger reference links.
6342,Huddunge 252,Sweden,inventory_only_or_unresolved,duration_not_available,site_page_only,medium_access_constrained,context_layer_with_explicit_caveat,https://browser.sead.se/site/6342,Unresolved time semantics,Readers may need to inspect the upstream SEAD site page because the repository does not currently expose stronger reference links.
6297,Hulevik,Sweden,inventory_only_or_unresolved,duration_not_available,site_page_only,medium_access_constrained,context_layer_with_explicit_caveat,https://browser.sead.se/site/6297,Unresolved time semantics,Readers may need to inspect the upstream SEAD site page because the repository does not currently expose stronger reference links.
5886,Hults gård,Sweden,inventory_only_or_unresolved,duration_not_available,site_page_only,medium_access_constrained,context_layer_with_explicit_caveat,https://browser.sead.se/site/5886,Unresolved time semantics,Readers may need to inspect the upstream SEAD site page because the repository does not currently expose stronger reference links.
6298,Husarö,Sweden,inventory_only_or_unresolved,duration_not_available,site_page_only,medium_access_constrained,context_layer_with_explicit_caveat,https://browser.sead.se/site/6298,Unresolved time semantics,Readers may need to inspect the upstream SEAD site page because the repository does not currently expose stronger reference links.
6454,Husie bog,Sweden,inventory_only_or_unresolved,duration_not_available,site_page_only,medium_access_constrained,context_layer_with_explicit_caveat,https://browser.sead.se/site/6454,Unresolved time semantics,Readers may need to inspect the upstream SEAD site page because the repository does not currently expose stronger reference links.
262,Hyllie 155,Sweden,inventory_only_or_unresolved,duration_not_available,site_page_only,medium_access_constrained,context_layer_with_explicit_caveat,https://browser.sead.se/site/262,Unresolved time semantics,Readers may need to inspect the upstream SEAD site page because the repository does not currently expose stronger reference links.
6294,Hälleberget A,Sweden,inventory_only_or_unresolved,duration_not_available,site_page_only,medium_access_constrained,context_layer_with_explicit_caveat,https://browser.sead.se/site/6294,Unresolved time semantics,Readers may need to inspect the upstream SEAD site page because the repository does not currently expose stronger reference links.
321,Hällekind 1636,Sweden,inventory_only_or_unresolved,duration_not_available,site_page_only,medium_access_constrained,context_layer_with_explicit_caveat,https://browser.sead.se/site/321,Unresolved time semantics,Readers may need to inspect the upstream SEAD site page because the repository does not currently expose stronger reference links.
327,Hällekind 1639,Sweden,inventory_only_or_unresolved,duration_not_available,site_page_only,medium_access_constrained,context_layer_with_explicit_caveat,https://browser.sead.se/site/327,Unresolved time semantics,Readers may need to inspect the upstream SEAD site page because the repository does not currently expose stronger reference links.
5862,Härbre Färnästjärn,Sweden,inventory_only_or_unresolved,duration_not_available,site_page_only,medium_access_constrained,context_layer_with_explicit_caveat,https://browser.sead.se/site/5862,Unresolved time semantics,Readers may need to inspect the upstream SEAD site page because the repository does not currently expose stronger reference links.
5863,Härbre Gopshus,Sweden,inventory_only_or_unresolved,duration_not_available,site_page_only,medium_access_constrained,context_layer_with_explicit_caveat,https://browser.sead.se/site/5863,Unresolved time semantics,Readers may need to inspect the upstream SEAD site page because the repository does not currently expose stronger reference links.
5864,Härbre Gopsmorsgård,Sweden,inventory_only_or_unresolved,duration_not_available,site_page_only,medium_access_constrained,context_layer_with_explicit_caveat,https://browser.sead.se/site/5864,Unresolved time semantics,Readers may need to inspect the upstream SEAD site page because the repository does not currently expose stronger reference links.
5865,Härbre i Färnäs,Sweden,inventory_only_or_unresolved,duration_not_available,site_page_only,medium_access_constrained,context_layer_with_explicit_caveat,https://browser.sead.se/site/5865,Unresolved time semantics,Readers may need to inspect the upstream SEAD site page because the repository does not currently expose stronger reference links.
5866,Härbre i Kallmora,Sweden,inventory_only_or_unresolved,duration_not_available,site_page_only,medium_access_constrained,context_layer_with_explicit_caveat,https://browser.sead.se/site/5866,Unresolved time semantics,Readers may need to inspect the upstream SEAD site page because the repository does not currently expose stronger reference links.
5867,Härbre i Öna,Sweden,inventory_only_or_unresolved,duration_not_available,site_page_only,medium_access_constrained,context_layer_with_explicit_caveat,https://browser.sead.se/site/5867,Unresolved time semantics,Readers may need to inspect the upstream SEAD site page because the repository does not currently expose stronger reference links.
5868,Härbre i Östäng,Sweden,inventory_only_or_unresolved,duration_not_available,site_page_only,medium_access_constrained,context_layer_with_explicit_caveat,https://browser.sead.se/site/5868,Unresolved time semantics,Readers may need to inspect the upstream SEAD site page because the repository does not currently expose stronger reference links.
5869,Härbre Nusnäs,Sweden,inventory_only_or_unresolved,duration_not_available,site_page_only,medium_access_constrained,context_layer_with_explicit_caveat,https://browser.sead.se/site/5869,Unresolved time semantics,Readers may need to inspect the upstream SEAD site page because the repository does not currently expose stronger reference links.
5871,Härbre Vika,Sweden,inventory_only_or_unresolved,duration_not_available,site_page_only,medium_access_constrained,context_layer_with_explicit_caveat,https://browser.sead.se/site/5871,Unresolved time semantics,Readers may need to inspect the upstream SEAD site page because the repository does not currently expose stronger reference links.
5870,Härbre Västerberg,Sweden,inventory_only_or_unresolved,duration_not_available,site_page_only,medium_access_constrained,context_layer_with_explicit_caveat,https://browser.sead.se/site/5870,Unresolved time semantics,Readers may need to inspect the upstream SEAD site page because the repository does not currently expose stronger reference links.
5872,Härlarsloftet från Idbäck,Sweden,inventory_only_or_unresolved,duration_not_available,site_page_only,medium_access_constrained,context_layer_with_explicit_caveat,https://browser.sead.se/site/5872,Unresolved time semantics,Readers may need to inspect the upstream SEAD site page because the repository does not currently expose stronger reference links.
4784,Härnön,,inventory_only_or_unresolved,broad_context_duration,site_page_only,medium_access_constrained,context_layer_with_explicit_caveat,https://browser.sead.se/site/4784,,Readers may need to inspect the upstream SEAD site page because the repository does not currently expose stronger reference links.
211,Härnösand Raä 1,Sweden,inventory_only_or_unresolved,duration_not_available,site_page_only,medium_access_constrained,context_layer_with_explicit_caveat,https://browser.sead.se/site/211,Unresolved time semantics,Readers may need to inspect the upstream SEAD site page because the repository does not currently expose stronger reference links.
166,Härnösand Raä 119,Sweden,inventory_only_or_unresolved,duration_not_available,site_page_only,medium_access_constrained,context_layer_with_explicit_caveat,https://browser.sead.se/site/166,Unresolved time semantics,Readers may need to inspect the upstream SEAD site page because the repository does not currently expose stronger reference links.
63,Håby 6:1,Sweden,inventory_only_or_unresolved,duration_not_available,site_page_only,medium_access_constrained,context_layer_with_explicit_caveat,https://browser.sead.se/site/63,Unresolved time semantics,Readers may need to inspect the upstream SEAD site page because the repository does not currently expose stronger reference links.
391,Håby Raä 4:1,Sweden,inventory_only_or_unresolved,duration_not_available,site_page_only,medium_access_constrained,context_layer_with_explicit_caveat,https://browser.sead.se/site/391,Unresolved time semantics,Readers may need to inspect the upstream SEAD site page because the repository does not currently expose stronger reference links.
5850,Hållbus i Selbäck,Sweden,inventory_only_or_unresolved,duration_not_available,site_page_only,medium_access_constrained,context_layer_with_explicit_caveat,https://browser.sead.se/site/5850,Unresolved time semantics,Readers may need to inspect the upstream SEAD site page because the repository does not currently expose stronger reference links.
5853,Hållgården Kulåra,Sweden,inventory_only_or_unresolved,duration_not_available,site_page_only,medium_access_constrained,context_layer_with_explicit_caveat,https://browser.sead.se/site/5853,Unresolved time semantics,Readers may need to inspect the upstream SEAD site page because the repository does not currently expose stronger reference links.
65,Hålta Raä 130,Sweden,inventory_only_or_unresolved,duration_not_available,site_page_only,medium_access_constrained,context_layer_with_explicit_caveat,https://browser.sead.se/site/65,Unresolved time semantics,Readers may need to inspect the upstream SEAD site page because the repository does not currently expose stronger reference links.
348,Högom grav 4?,Sweden,inventory_only_or_unresolved,duration_not_available,site_page_only,medium_access_constrained,context_layer_with_explicit_caveat,https://browser.sead.se/site/348,Unresolved time semantics,Readers may need to inspect the upstream SEAD site page because the repository does not currently expose stronger reference links.
5883,Högs kyrka,Sweden,inventory_only_or_unresolved,duration_not_available,site_page_only,medium_access_constrained,context_layer_with_explicit_caveat,https://browser.sead.se/site/5883,Unresolved time semantics,Readers may need to inspect the upstream SEAD site page because the repository does not currently expose stronger reference links.
5645,Höje,Sweden,inventory_only_or_unresolved,duration_not_available,site_page_only,medium_access_constrained,context_layer_with_explicit_caveat,https://browser.sead.se/site/5645,Unresolved time semantics,Readers may need to inspect the upstream SEAD site page because the repository does not currently expose stronger reference links.
6425,Hölö 320:1,Sweden,inventory_only_or_unresolved,duration_not_available,site_page_only,medium_access_constrained,context_layer_with_explicit_caveat,https://browser.sead.se/site/6425,Unresolved time semantics,Readers may need to inspect the upstream SEAD site page because the repository does not currently expose stronger reference links.
5885,Hörnsjöfors,Sweden,inventory_only_or_unresolved,duration_not_available,site_page_only,medium_access_constrained,context_layer_with_explicit_caveat,https://browser.sead.se/site/5885,Unresolved time semantics,Readers may need to inspect the upstream SEAD site page because the repository does not currently expose stronger reference links.
214,Idre Raä 14,Sweden,inventory_only_or_unresolved,duration_not_available,site_page_only,medium_access_constrained,context_layer_with_explicit_caveat,https://browser.sead.se/site/214,Unresolved time semantics,Readers may need to inspect the upstream SEAD site page because the repository does not currently expose stronger reference links.
6438,Igelsfors,Sweden,inventory_only_or_unresolved,duration_not_available,site_page_only,medium_access_constrained,context_layer_with_explicit_caveat,https://browser.sead.se/site/6438,Unresolved time semantics,Readers may need to inspect the upstream SEAD site page because the repository does not currently expose stronger reference links.
5887,Ignaberga gamla kyrka,Sweden,inventory_only_or_unresolved,duration_not_available,site_page_only,medium_access_constrained,context_layer_with_explicit_caveat,https://browser.sead.se/site/5887,Unresolved time semantics,Readers may need to inspect the upstream SEAD site page because the repository does not currently expose stronger reference links.
5888,Ingbergs i Laknäs,Sweden,inventory_only_or_unresolved,duration_not_available,site_page_only,medium_access_constrained,context_layer_with_explicit_caveat,https://browser.sead.se/site/5888,Unresolved time semantics,Readers may need to inspect the upstream SEAD site page because the repository does not currently expose stronger reference links.
6299,Ingelsta,Sweden,inventory_only_or_unresolved,duration_not_available,site_page_only,medium_access_constrained,context_layer_with_explicit_caveat,https://browser.sead.se/site/6299,Unresolved time semantics,Readers may need to inspect the upstream SEAD site page because the repository does not currently expose stronger reference links.
6300,Ingestorp övre,Sweden,inventory_only_or_unresolved,duration_not_available,site_page_only,medium_access_constrained,context_layer_with_explicit_caveat,https://browser.sead.se/site/6300,Unresolved time semantics,Readers may need to inspect the upstream SEAD site page because the repository does not currently expose stronger reference links.
5436,Ingoy,Norway,inventory_only_or_unresolved,duration_not_available,site_page_only,medium_access_constrained,context_layer_with_explicit_caveat,https://browser.sead.se/site/5436,Unresolved time semantics,Readers may need to inspect the upstream SEAD site page because the repository does not currently expose stronger reference links.
5889,Ivarshärbret från Utsälje,Sweden,inventory_only_or_unresolved,duration_not_available,site_page_only,medium_access_constrained,context_layer_with_explicit_caveat,https://browser.sead.se/site/5889,Unresolved time semantics,Readers may need to inspect the upstream SEAD site page because the repository does not currently expose stronger reference links.
5890,Jacob Nickelsens hus,Sweden,inventory_only_or_unresolved,duration_not_available,site_page_only,medium_access_constrained,context_layer_with_explicit_caveat,https://browser.sead.se/site/5890,Unresolved time semantics,Readers may need to inspect the upstream SEAD site page because the repository does not currently expose stronger reference links.
5892,Jan-Mats i Åsmundshyttan,Sweden,inventory_only_or_unresolved,duration_not_available,site_page_only,medium_access_constrained,context_layer_with_explicit_caveat,https://browser.sead.se/site/5892,Unresolved time semantics,Readers may need to inspect the upstream SEAD site page because the repository does not currently expose stronger reference links.
5893,Janngården Änderåsen,Sweden,inventory_only_or_unresolved,duration_not_available,site_page_only,medium_access_constrained,context_layer_with_explicit_caveat,https://browser.sead.se/site/5893,Unresolved time semantics,Readers may need to inspect the upstream SEAD site page because the repository does not currently expose stronger reference links.
5895,Jedeurska huset,Sweden,inventory_only_or_unresolved,duration_not_available,site_page_only,medium_access_constrained,context_layer_with_explicit_caveat,https://browser.sead.se/site/5895,Unresolved time semantics,Readers may need to inspect the upstream SEAD site page because the repository does not currently expose stronger reference links.
5896,John Bixbo i Bye,Sweden,inventory_only_or_unresolved,duration_not_available,site_page_only,medium_access_constrained,context_layer_with_explicit_caveat,https://browser.sead.se/site/5896,Unresolved time semantics,Readers may need to inspect the upstream SEAD site page because the repository does not currently expose stronger reference links.
5897,Johnssons i Bergsbyn,Sweden,inventory_only_or_unresolved,duration_not_available,site_page_only,medium_access_constrained,context_layer_with_explicit_caveat,https://browser.sead.se/site/5897,Unresolved time semantics,Readers may need to inspect the upstream SEAD site page because the repository does not currently expose stronger reference links.
5898,Jon Backs i Nedre Gärdsjö,Sweden,inventory_only_or_unresolved,duration_not_available,site_page_only,medium_access_constrained,context_layer_with_explicit_caveat,https://browser.sead.se/site/5898,Unresolved time semantics,Readers may need to inspect the upstream SEAD site page because the repository does not currently expose stronger reference links.
5902,Jon-Lars i Långhed,Sweden,inventory_only_or_unresolved,duration_not_available,site_page_only,medium_access_constrained,context_layer_with_explicit_caveat,https://browser.sead.se/site/5902,Unresolved time semantics,Readers may need to inspect the upstream SEAD site page because the repository does not currently expose stronger reference links.
5909,Jon-Svens i Ygsbo,Sweden,inventory_only_or_unresolved,duration_not_available,site_page_only,medium_access_constrained,context_layer_with_explicit_caveat,https://browser.sead.se/site/5909,Unresolved time semantics,Readers may need to inspect the upstream SEAD site page because the repository does not currently expose stronger reference links.
5899,Jonasson i Haga,Sweden,inventory_only_or_unresolved,duration_not_available,site_page_only,medium_access_constrained,context_layer_with_explicit_caveat,https://browser.sead.se/site/5899,Unresolved time semantics,Readers may need to inspect the upstream SEAD site page because the repository does not currently expose stronger reference links.
5900,Joners i Homnabo,Sweden,inventory_only_or_unresolved,duration_not_available,site_page_only,medium_access_constrained,context_layer_with_explicit_caveat,https://browser.sead.se/site/5900,Unresolved time semantics,Readers may need to inspect the upstream SEAD site page because the repository does not currently expose stronger reference links.
5901,Jones i Ovanmyra,Sweden,inventory_only_or_unresolved,duration_not_available,site_page_only,medium_access_constrained,context_layer_with_explicit_caveat,https://browser.sead.se/site/5901,Unresolved time semantics,Readers may need to inspect the upstream SEAD site page because the repository does not currently expose stronger reference links.
5906,Jonsson i Skickja,Sweden,inventory_only_or_unresolved,duration_not_available,site_page_only,medium_access_constrained,context_layer_with_explicit_caveat,https://browser.sead.se/site/5906,Unresolved time semantics,Readers may need to inspect the upstream SEAD site page because the repository does not currently expose stronger reference links.
5910,Jontes i Gäle,Sweden,inventory_only_or_unresolved,duration_not_available,site_page_only,medium_access_constrained,context_layer_with_explicit_caveat,https://browser.sead.se/site/5910,Unresolved time semantics,Readers may need to inspect the upstream SEAD site page because the repository does not currently expose stronger reference links.
5911,Jugasgården,Sweden,inventory_only_or_unresolved,duration_not_available,site_page_only,medium_access_constrained,context_layer_with_explicit_caveat,https://browser.sead.se/site/5911,Unresolved time semantics,Readers may need to inspect the upstream SEAD site page because the repository does not currently expose stronger reference links.
6439,Juleboda,Sweden,inventory_only_or_unresolved,duration_not_available,site_page_only,medium_access_constrained,context_layer_with_explicit_caveat,https://browser.sead.se/site/6439,Unresolved time semantics,Readers may need to inspect the upstream SEAD site page because the repository does not currently expose stronger reference links.
6440,Julita gård,Sweden,inventory_only_or_unresolved,duration_not_available,site_page_only,medium_access_constrained,context_layer_with_explicit_caveat,https://browser.sead.se/site/6440,Unresolved time semantics,Readers may need to inspect the upstream SEAD site page because the repository does not currently expose stronger reference links.
3666,"Juszkowo, pow. Pruszcz",,inventory_only_or_unresolved,broad_context_duration,site_page_only,medium_access_constrained,context_layer_with_explicit_caveat,https://browser.sead.se/site/3666,,Readers may need to inspect the upstream SEAD site page because the repository does not currently expose stronger reference links.
5891,Jäla kyrka,Sweden,inventory_only_or_unresolved,duration_not_available,site_page_only,medium_access_constrained,context_layer_with_explicit_caveat,https://browser.sead.se/site/5891,Unresolved time semantics,Readers may need to inspect the upstream SEAD site page because the repository does not currently expose stronger reference links.
5894,Järna kyrka,Sweden,inventory_only_or_unresolved,duration_not_available,site_page_only,medium_access_constrained,context_layer_with_explicit_caveat,https://browser.sead.se/site/5894,Unresolved time semantics,Readers may need to inspect the upstream SEAD site page because the repository does not currently expose stronger reference links.
6393,Järrestad 45:1,Sweden,inventory_only_or_unresolved,duration_not_available,site_page_only,medium_access_constrained,context_layer_with_explicit_caveat,https://browser.sead.se/site/6393,Unresolved time semantics,Readers may need to inspect the upstream SEAD site page because the repository does not currently expose stronger reference links.
6367,Jönköping 137:1,Sweden,inventory_only_or_unresolved,duration_not_available,site_page_only,medium_access_constrained,context_layer_with_explicit_caveat,https://browser.sead.se/site/6367,Unresolved time semantics,Readers may need to inspect the upstream SEAD site page because the repository does not currently expose stronger reference links.
6366,Jönköping 50:1,Sweden,inventory_only_or_unresolved,duration_not_available,site_page_only,medium_access_constrained,context_layer_with_explicit_caveat,https://browser.sead.se/site/6366,Unresolved time semantics,Readers may need to inspect the upstream SEAD site page because the repository does not currently expose stronger reference links.
5903,Jönses i Vreta,Sweden,inventory_only_or_unresolved,duration_not_available,site_page_only,medium_access_constrained,context_layer_with_explicit_caveat,https://browser.sead.se/site/5903,Unresolved time semantics,Readers may need to inspect the upstream SEAD site page because the repository does not currently expose stronger reference links.
5904,Jönsson i Dille,Sweden,inventory_only_or_unresolved,duration_not_available,site_page_only,medium_access_constrained,context_layer_with_explicit_caveat,https://browser.sead.se/site/5904,Unresolved time semantics,Readers may need to inspect the upstream SEAD site page because the repository does not currently expose stronger reference links.
5905,Jönsson i Fanbyn,Sweden,inventory_only_or_unresolved,duration_not_available,site_page_only,medium_access_constrained,context_layer_with_explicit_caveat,https://browser.sead.se/site/5905,Unresolved time semantics,Readers may need to inspect the upstream SEAD site page because the repository does not currently expose stronger reference links.
5907,Jönsson i Smedsta,Sweden,inventory_only_or_unresolved,duration_not_available,site_page_only,medium_access_constrained,context_layer_with_explicit_caveat,https://browser.sead.se/site/5907,Unresolved time semantics,Readers may need to inspect the upstream SEAD site page because the repository does not currently expose stronger reference links.
5908,Jönssons i Hara,Sweden,inventory_only_or_unresolved,duration_not_available,site_page_only,medium_access_constrained,context_layer_with_explicit_caveat,https://browser.sead.se/site/5908,Unresolved time semantics,Readers may need to inspect the upstream SEAD site page because the repository does not currently expose stronger reference links.
74,Jörlanda Raä 184,Sweden,inventory_only_or_unresolved,duration_not_available,site_page_only,medium_access_constrained,context_layer_with_explicit_caveat,https://browser.sead.se/site/74,Unresolved time semantics,Readers may need to inspect the upstream SEAD site page because the repository does not currently expose stronger reference links.
335,Kall Raä 599,Sweden,inventory_only_or_unresolved,duration_not_available,site_page_only,medium_access_constrained,context_layer_with_explicit_caveat,https://browser.sead.se/site/335,Unresolved time semantics,Readers may need to inspect the upstream SEAD site page because the repository does not currently expose stronger reference links.
5912,Kalles i Persbo,Sweden,inventory_only_or_unresolved,duration_not_available,site_page_only,medium_access_constrained,context_layer_with_explicit_caveat,https://browser.sead.se/site/5912,Unresolved time semantics,Readers may need to inspect the upstream SEAD site page because the repository does not currently expose stronger reference links.
69,Kallsås 426:1,Sweden,inventory_only_or_unresolved,duration_not_available,site_page_only,medium_access_constrained,context_layer_with_explicit_caveat,https://browser.sead.se/site/69,Unresolved time semantics,Readers may need to inspect the upstream SEAD site page because the repository does not currently expose stronger reference links.
70,Kallsås 430:1,Sweden,inventory_only_or_unresolved,duration_not_available,site_page_only,medium_access_constrained,context_layer_with_explicit_caveat,https://browser.sead.se/site/70,Unresolved time semantics,Readers may need to inspect the upstream SEAD site page because the repository does not currently expose stronger reference links.
5913,Kallurgården,Sweden,inventory_only_or_unresolved,duration_not_available,site_page_only,medium_access_constrained,context_layer_with_explicit_caveat,https://browser.sead.se/site/5913,Unresolved time semantics,Readers may need to inspect the upstream SEAD site page because the repository does not currently expose stronger reference links.
6362,Kalmar 93:1,Sweden,inventory_only_or_unresolved,duration_not_available,site_page_only,medium_access_constrained,context_layer_with_explicit_caveat,https://browser.sead.se/site/6362,Unresolved time semantics,Readers may need to inspect the upstream SEAD site page because the repository does not currently expose stronger reference links.
6361,Kalmar 94:1,Sweden,inventory_only_or_unresolved,duration_not_available,site_page_only,medium_access_constrained,context_layer_with_explicit_caveat,https://browser.sead.se/site/6361,Unresolved time semantics,Readers may need to inspect the upstream SEAD site page because the repository does not currently expose stronger reference links.
6441,"Kanaljorden, Söderköping",Sweden,inventory_only_or_unresolved,duration_not_available,site_page_only,medium_access_constrained,context_layer_with_explicit_caveat,https://browser.sead.se/site/6441,Unresolved time semantics,Readers may need to inspect the upstream SEAD site page because the repository does not currently expose stronger reference links.
3658,Kansakoulunmäki,Finland,inventory_only_or_unresolved,duration_not_available,site_page_only,medium_access_constrained,context_layer_with_explicit_caveat,https://browser.sead.se/site/3658,Unresolved time semantics,Readers may need to inspect the upstream SEAD site page because the repository does not currently expose stronger reference links.
5915,Kapellbacken i Amundsböle,Sweden,inventory_only_or_unresolved,duration_not_available,site_page_only,medium_access_constrained,context_layer_with_explicit_caveat,https://browser.sead.se/site/5915,Unresolved time semantics,Readers may need to inspect the upstream SEAD site page because the repository does not currently expose stronger reference links.
5916,"Kares, Peres och Sandins i Vikarbyn",Sweden,inventory_only_or_unresolved,duration_not_available,site_page_only,medium_access_constrained,context_layer_with_explicit_caveat,https://browser.sead.se/site/5916,Unresolved time semantics,Readers may need to inspect the upstream SEAD site page because the repository does not currently expose stronger reference links.
5917,Karin Nyréns i Hulån,Sweden,inventory_only_or_unresolved,duration_not_available,site_page_only,medium_access_constrained,context_layer_with_explicit_caveat,https://browser.sead.se/site/5917,Unresolved time semantics,Readers may need to inspect the upstream SEAD site page because the repository does not currently expose stronger reference links.
5918,Karins i Gärde,Sweden,inventory_only_or_unresolved,duration_not_available,site_page_only,medium_access_constrained,context_layer_with_explicit_caveat,https://browser.sead.se/site/5918,Unresolved time semantics,Readers may need to inspect the upstream SEAD site page because the repository does not currently expose stronger reference links.
5919,Karl Pettersson i Röjeråsen,Sweden,inventory_only_or_unresolved,duration_not_available,site_page_only,medium_access_constrained,context_layer_with_explicit_caveat,https://browser.sead.se/site/5919,Unresolved time semantics,Readers may need to inspect the upstream SEAD site page because the repository does not currently expose stronger reference links.
235,Karleby Raä 105,Sweden,inventory_only_or_unresolved,duration_not_available,site_page_only,medium_access_constrained,context_layer_with_explicit_caveat,https://browser.sead.se/site/235,Unresolved time semantics,Readers may need to inspect the upstream SEAD site page because the repository does not currently expose stronger reference links.
5920,Karlquist i Nybo,Sweden,inventory_only_or_unresolved,duration_not_available,site_page_only,medium_access_constrained,context_layer_with_explicit_caveat,https://browser.sead.se/site/5920,Unresolved time semantics,Readers may need to inspect the upstream SEAD site page because the repository does not currently expose stronger reference links.
5921,Karlsson i Börön,Sweden,inventory_only_or_unresolved,duration_not_available,site_page_only,medium_access_constrained,context_layer_with_explicit_caveat,https://browser.sead.se/site/5921,Unresolved time semantics,Readers may need to inspect the upstream SEAD site page because the repository does not currently expose stronger reference links.
5922,Karlsson i Edsäng,Sweden,inventory_only_or_unresolved,duration_not_available,site_page_only,medium_access_constrained,context_layer_with_explicit_caveat,https://browser.sead.se/site/5922,Unresolved time semantics,Readers may need to inspect the upstream SEAD site page because the repository does not currently expose stronger reference links.
5923,Karlssons i Hara,Sweden,inventory_only_or_unresolved,duration_not_available,site_page_only,medium_access_constrained,context_layer_with_explicit_caveat,https://browser.sead.se/site/5923,Unresolved time semantics,Readers may need to inspect the upstream SEAD site page because the repository does not currently expose stronger reference links.
5925,Kastalen vid Fellingsbro kyrka,Sweden,inventory_only_or_unresolved,duration_not_available,site_page_only,medium_access_constrained,context_layer_with_explicit_caveat,https://browser.sead.se/site/5925,Unresolved time semantics,Readers may need to inspect the upstream SEAD site page because the repository does not currently expose stronger reference links.
3652,Kastelholm,,inventory_only_or_unresolved,broad_context_duration,site_page_only,medium_access_constrained,context_layer_with_explicit_caveat,https://browser.sead.se/site/3652,,Readers may need to inspect the upstream SEAD site page because the repository does not currently expose stronger reference links.
127,Kaupang i Skiringssal,Norway,inventory_only_or_unresolved,duration_not_available,site_page_only,medium_access_constrained,context_layer_with_explicit_caveat,https://browser.sead.se/site/127,Unresolved time semantics,Readers may need to inspect the upstream SEAD site page because the repository does not currently expose stronger reference links.
5926,Kestads kyrka,Sweden,inventory_only_or_unresolved,duration_not_available,site_page_only,medium_access_constrained,context_layer_with_explicit_caveat,https://browser.sead.se/site/5926,Unresolved time semantics,Readers may need to inspect the upstream SEAD site page because the repository does not currently expose stronger reference links.
5927,Kimsundets fiskarvall,Sweden,inventory_only_or_unresolved,duration_not_available,site_page_only,medium_access_constrained,context_layer_with_explicit_caveat,https://browser.sead.se/site/5927,Unresolved time semantics,Readers may need to inspect the upstream SEAD site page because the repository does not currently expose stronger reference links.
5928,Kinnareds kyrka,Sweden,inventory_only_or_unresolved,duration_not_available,site_page_only,medium_access_constrained,context_layer_with_explicit_caveat,https://browser.sead.se/site/5928,Unresolved time semantics,Readers may need to inspect the upstream SEAD site page because the repository does not currently expose stronger reference links.
5929,Kinne-Vedums kyrka,Sweden,inventory_only_or_unresolved,duration_not_available,site_page_only,medium_access_constrained,context_layer_with_explicit_caveat,https://browser.sead.se/site/5929,Unresolved time semantics,Readers may need to inspect the upstream SEAD site page because the repository does not currently expose stronger reference links.
93,Kjerringneset,Norway,inventory_only_or_unresolved,duration_not_available,site_page_only,medium_access_constrained,context_layer_with_explicit_caveat,https://browser.sead.se/site/93,Unresolved time semantics,Readers may need to inspect the upstream SEAD site page because the repository does not currently expose stronger reference links.
5930,Klasgården i Laknäs,Sweden,inventory_only_or_unresolved,duration_not_available,site_page_only,medium_access_constrained,context_layer_with_explicit_caveat,https://browser.sead.se/site/5930,Unresolved time semantics,Readers may need to inspect the upstream SEAD site page because the repository does not currently expose stronger reference links.
5931,Klaus Mortensens hus,Sweden,inventory_only_or_unresolved,duration_not_available,site_page_only,medium_access_constrained,context_layer_with_explicit_caveat,https://browser.sead.se/site/5931,Unresolved time semantics,Readers may need to inspect the upstream SEAD site page because the repository does not currently expose stronger reference links.
5932,Klintahuset,Sweden,inventory_only_or_unresolved,duration_not_available,site_page_only,medium_access_constrained,context_layer_with_explicit_caveat,https://browser.sead.se/site/5932,Unresolved time semantics,Readers may need to inspect the upstream SEAD site page because the repository does not currently expose stronger reference links.
5933,Klitten,Sweden,inventory_only_or_unresolved,duration_not_available,site_page_only,medium_access_constrained,context_layer_with_explicit_caveat,https://browser.sead.se/site/5933,Unresolved time semantics,Readers may need to inspect the upstream SEAD site page because the repository does not currently expose stronger reference links.
5934,Klockars i Loka,Sweden,inventory_only_or_unresolved,duration_not_available,site_page_only,medium_access_constrained,context_layer_with_explicit_caveat,https://browser.sead.se/site/5934,Unresolved time semantics,Readers may need to inspect the upstream SEAD site page because the repository does not currently expose stronger reference links.
5935,Klösta,Sweden,inventory_only_or_unresolved,duration_not_available,site_page_only,medium_access_constrained,context_layer_with_explicit_caveat,https://browser.sead.se/site/5935,Unresolved time semantics,Readers may need to inspect the upstream SEAD site page because the repository does not currently expose stronger reference links.
312,Knivsta Raä 16,Sweden,inventory_only_or_unresolved,duration_not_available,site_page_only,medium_access_constrained,context_layer_with_explicit_caveat,https://browser.sead.se/site/312,Unresolved time semantics,Readers may need to inspect the upstream SEAD site page because the repository does not currently expose stronger reference links.
153,Knubba,Norway,inventory_only_or_unresolved,duration_not_available,site_page_only,medium_access_constrained,context_layer_with_explicit_caveat,https://browser.sead.se/site/153,Unresolved time semantics,Readers may need to inspect the upstream SEAD site page because the repository does not currently expose stronger reference links.
143,Knubbetjern,Norway,inventory_only_or_unresolved,duration_not_available,site_page_only,medium_access_constrained,context_layer_with_explicit_caveat,https://browser.sead.se/site/143,Unresolved time semantics,Readers may need to inspect the upstream SEAD site page because the repository does not currently expose stronger reference links.
5936,Knutssons i Nederhögen,Sweden,inventory_only_or_unresolved,duration_not_available,site_page_only,medium_access_constrained,context_layer_with_explicit_caveat,https://browser.sead.se/site/5936,Unresolved time semantics,Readers may need to inspect the upstream SEAD site page because the repository does not currently expose stronger reference links.
4882,Koivusilta,Finland,inventory_only_or_unresolved,duration_not_available,site_page_only,medium_access_constrained,context_layer_with_explicit_caveat,https://browser.sead.se/site/4882,Unresolved time semantics,Readers may need to inspect the upstream SEAD site page because the repository does not currently expose stronger reference links.
356,Kolbäck Raä 355,Sweden,inventory_only_or_unresolved,duration_not_available,site_page_only,medium_access_constrained,context_layer_with_explicit_caveat,https://browser.sead.se/site/356,Unresolved time semantics,Readers may need to inspect the upstream SEAD site page because the repository does not currently expose stronger reference links.
5937,Konga kyrka,Sweden,inventory_only_or_unresolved,duration_not_available,site_page_only,medium_access_constrained,context_layer_with_explicit_caveat,https://browser.sead.se/site/5937,Unresolved time semantics,Readers may need to inspect the upstream SEAD site page because the repository does not currently expose stronger reference links.
5938,Kopparbergs tingshus,Sweden,inventory_only_or_unresolved,duration_not_available,site_page_only,medium_access_constrained,context_layer_with_explicit_caveat,https://browser.sead.se/site/5938,Unresolved time semantics,Readers may need to inspect the upstream SEAD site page because the repository does not currently expose stronger reference links.
5939,Korsnäsgården,Sweden,inventory_only_or_unresolved,duration_not_available,site_page_only,medium_access_constrained,context_layer_with_explicit_caveat,https://browser.sead.se/site/5939,Unresolved time semantics,Readers may need to inspect the upstream SEAD site page because the repository does not currently expose stronger reference links.
291,Kosjärv,Sweden,inventory_only_or_unresolved,duration_not_available,site_page_only,medium_access_constrained,context_layer_with_explicit_caveat,https://browser.sead.se/site/291,Unresolved time semantics,Readers may need to inspect the upstream SEAD site page because the repository does not currently expose stronger reference links.
5277,Kreigers Flak,,inventory_only_or_unresolved,broad_context_duration,site_page_only,medium_access_constrained,context_layer_with_explicit_caveat,https://browser.sead.se/site/5277,,Readers may need to inspect the upstream SEAD site page because the repository does not currently expose stronger reference links.
6302,Kringelvägen,Sweden,inventory_only_or_unresolved,duration_not_available,site_page_only,medium_access_constrained,context_layer_with_explicit_caveat,https://browser.sead.se/site/6302,Unresolved time semantics,Readers may need to inspect the upstream SEAD site page because the repository does not currently expose stronger reference links.
6395,Kristianstad 215:1,Sweden,inventory_only_or_unresolved,duration_not_available,site_page_only,medium_access_constrained,context_layer_with_explicit_caveat,https://browser.sead.se/site/6395,Unresolved time semantics,Readers may need to inspect the upstream SEAD site page because the repository does not currently expose stronger reference links.
6396,Kristianstad 217:1,Sweden,inventory_only_or_unresolved,duration_not_available,site_page_only,medium_access_constrained,context_layer_with_explicit_caveat,https://browser.sead.se/site/6396,Unresolved time semantics,Readers may need to inspect the upstream SEAD site page because the repository does not currently expose stronger reference links.
6401,Kristianstad 93:1,Sweden,inventory_only_or_unresolved,duration_not_available,site_page_only,medium_access_constrained,context_layer_with_explicit_caveat,https://browser.sead.se/site/6401,Unresolved time semantics,Readers may need to inspect the upstream SEAD site page because the repository does not currently expose stronger reference links.
5941,Kristoffersson i Mälgåsen,Sweden,inventory_only_or_unresolved,duration_not_available,site_page_only,medium_access_constrained,context_layer_with_explicit_caveat,https://browser.sead.se/site/5941,Unresolved time semantics,Readers may need to inspect the upstream SEAD site page because the repository does not currently expose stronger reference links.
5942,Kroa,Sweden,inventory_only_or_unresolved,duration_not_available,site_page_only,medium_access_constrained,context_layer_with_explicit_caveat,https://browser.sead.se/site/5942,Unresolved time semantics,Readers may need to inspect the upstream SEAD site page because the repository does not currently expose stronger reference links.
5943,Kropp kyrka,Sweden,inventory_only_or_unresolved,duration_not_available,site_page_only,medium_access_constrained,context_layer_with_explicit_caveat,https://browser.sead.se/site/5943,Unresolved time semantics,Readers may need to inspect the upstream SEAD site page because the repository does not currently expose stronger reference links.
4097,Krusenbergs herrgård,Sweden,inventory_only_or_unresolved,duration_not_available,site_page_only,medium_access_constrained,context_layer_with_explicit_caveat,https://browser.sead.se/site/4097,Unresolved time semantics,Readers may need to inspect the upstream SEAD site page because the repository does not currently expose stronger reference links.
5940,Kråkgården i södra Bomansberg,Sweden,inventory_only_or_unresolved,duration_not_available,site_page_only,medium_access_constrained,context_layer_with_explicit_caveat,https://browser.sead.se/site/5940,Unresolved time semantics,Readers may need to inspect the upstream SEAD site page because the repository does not currently expose stronger reference links.
5944,Kullen,Sweden,inventory_only_or_unresolved,duration_not_available,site_page_only,medium_access_constrained,context_layer_with_explicit_caveat,https://browser.sead.se/site/5944,Unresolved time semantics,Readers may need to inspect the upstream SEAD site page because the repository does not currently expose stronger reference links.
5945,Kungslena kyrka,Sweden,inventory_only_or_unresolved,duration_not_available,site_page_only,medium_access_constrained,context_layer_with_explicit_caveat,https://browser.sead.se/site/5945,Unresolved time semantics,Readers may need to inspect the upstream SEAD site page because the repository does not currently expose stronger reference links.
5946,Kusens i Österstråsjö,Sweden,inventory_only_or_unresolved,duration_not_available,site_page_only,medium_access_constrained,context_layer_with_explicit_caveat,https://browser.sead.se/site/5946,Unresolved time semantics,Readers may need to inspect the upstream SEAD site page because the repository does not currently expose stronger reference links.
5947,Kvarnbacken i Sundborn,Sweden,inventory_only_or_unresolved,duration_not_available,site_page_only,medium_access_constrained,context_layer_with_explicit_caveat,https://browser.sead.se/site/5947,Unresolved time semantics,Readers may need to inspect the upstream SEAD site page because the repository does not currently expose stronger reference links.
6426,"Kvarnfallet, Uppsala",Sweden,inventory_only_or_unresolved,duration_not_available,site_page_only,medium_access_constrained,context_layer_with_explicit_caveat,https://browser.sead.se/site/6426,Unresolved time semantics,Readers may need to inspect the upstream SEAD site page because the repository does not currently expose stronger reference links.
6303,Kvarter General Ulfeldt,Sweden,inventory_only_or_unresolved,duration_not_available,site_page_only,medium_access_constrained,context_layer_with_explicit_caveat,https://browser.sead.se/site/6303,Unresolved time semantics,Readers may need to inspect the upstream SEAD site page because the repository does not currently expose stronger reference links.
6463,Kvarteret Gamla Holmarna,Sweden,inventory_only_or_unresolved,duration_not_available,site_page_only,medium_access_constrained,context_layer_with_explicit_caveat,https://browser.sead.se/site/6463,Unresolved time semantics,Readers may need to inspect the upstream SEAD site page because the repository does not currently expose stronger reference links.
6304,Kvarteret Iphigenia,Sweden,inventory_only_or_unresolved,duration_not_available,site_page_only,medium_access_constrained,context_layer_with_explicit_caveat,https://browser.sead.se/site/6304,Unresolved time semantics,Readers may need to inspect the upstream SEAD site page because the repository does not currently expose stronger reference links.
6305,Kvarteret Mercurius,Sweden,inventory_only_or_unresolved,duration_not_available,site_page_only,medium_access_constrained,context_layer_with_explicit_caveat,https://browser.sead.se/site/6305,Unresolved time semantics,Readers may need to inspect the upstream SEAD site page because the repository does not currently expose stronger reference links.
6464,Kvarteret Spinnrocken,Sweden,inventory_only_or_unresolved,duration_not_available,site_page_only,medium_access_constrained,context_layer_with_explicit_caveat,https://browser.sead.se/site/6464,Unresolved time semantics,Readers may need to inspect the upstream SEAD site page because the repository does not currently expose stronger reference links.
308,Kvarteret Örtedalen,Sweden,inventory_only_or_unresolved,duration_not_available,site_page_only,medium_access_constrained,context_layer_with_explicit_caveat,https://browser.sead.se/site/308,Unresolved time semantics,Readers may need to inspect the upstream SEAD site page because the repository does not currently expose stronger reference links.
6465,Kvarteret Örtedalen,Sweden,inventory_only_or_unresolved,duration_not_available,site_page_only,medium_access_constrained,context_layer_with_explicit_caveat,https://browser.sead.se/site/6465,Unresolved time semantics,Readers may need to inspect the upstream SEAD site page because the repository does not currently expose stronger reference links.
5948,Kvibergsnäs landeri,Sweden,inventory_only_or_unresolved,duration_not_available,site_page_only,medium_access_constrained,context_layer_with_explicit_caveat,https://browser.sead.se/site/5948,Unresolved time semantics,Readers may need to inspect the upstream SEAD site page because the repository does not currently expose stronger reference links.
27,Kvibille Raä 131,Sweden,inventory_only_or_unresolved,duration_not_available,site_page_only,medium_access_constrained,context_layer_with_explicit_caveat,https://browser.sead.se/site/27,Unresolved time semantics,Readers may need to inspect the upstream SEAD site page because the repository does not currently expose stronger reference links.
5949,Kvistgården i Lenåsen,Sweden,inventory_only_or_unresolved,duration_not_available,site_page_only,medium_access_constrained,context_layer_with_explicit_caveat,https://browser.sead.se/site/5949,Unresolved time semantics,Readers may need to inspect the upstream SEAD site page because the repository does not currently expose stronger reference links.
5951,Kyrkbåthus i Laknäs,Sweden,inventory_only_or_unresolved,duration_not_available,site_page_only,medium_access_constrained,context_layer_with_explicit_caveat,https://browser.sead.se/site/5951,Unresolved time semantics,Readers may need to inspect the upstream SEAD site page because the repository does not currently expose stronger reference links.
6400,Kyrkheddinge 6:1,Sweden,inventory_only_or_unresolved,duration_not_available,site_page_only,medium_access_constrained,context_layer_with_explicit_caveat,https://browser.sead.se/site/6400,Unresolved time semantics,Readers may need to inspect the upstream SEAD site page because the repository does not currently expose stronger reference links.
5952,Kyrkhärbret Älvdalen,Sweden,inventory_only_or_unresolved,duration_not_available,site_page_only,medium_access_constrained,context_layer_with_explicit_caveat,https://browser.sead.se/site/5952,Unresolved time semantics,Readers may need to inspect the upstream SEAD site page because the repository does not currently expose stronger reference links.
5953,Kyrkladan Bur Mats i Tiberget,Sweden,inventory_only_or_unresolved,duration_not_available,site_page_only,medium_access_constrained,context_layer_with_explicit_caveat,https://browser.sead.se/site/5953,Unresolved time semantics,Readers may need to inspect the upstream SEAD site page because the repository does not currently expose stronger reference links.
5954,Kyrkladan från Haverö,Sweden,inventory_only_or_unresolved,duration_not_available,site_page_only,medium_access_constrained,context_layer_with_explicit_caveat,https://browser.sead.se/site/5954,Unresolved time semantics,Readers may need to inspect the upstream SEAD site page because the repository does not currently expose stronger reference links.
5950,Kyrkås gamla kyrka,Sweden,inventory_only_or_unresolved,duration_not_available,site_page_only,medium_access_constrained,context_layer_with_explicit_caveat,https://browser.sead.se/site/5950,Unresolved time semantics,Readers may need to inspect the upstream SEAD site page because the repository does not currently expose stronger reference links.
4085,Källunge kyrka,Sweden,inventory_only_or_unresolved,duration_not_available,site_page_only,medium_access_constrained,context_layer_with_explicit_caveat,https://browser.sead.se/site/4085,Unresolved time semantics,Readers may need to inspect the upstream SEAD site page because the repository does not currently expose stronger reference links.
5086,Kärsämäki: Kintasahonräme,Finland,inventory_only_or_unresolved,duration_not_available,site_page_only,medium_access_constrained,context_layer_with_explicit_caveat,https://browser.sead.se/site/5086,Unresolved time semantics,Readers may need to inspect the upstream SEAD site page because the repository does not currently expose stronger reference links.
5087,Kärsämäki: Kärsämenneva,Finland,inventory_only_or_unresolved,duration_not_available,site_page_only,medium_access_constrained,context_layer_with_explicit_caveat,https://browser.sead.se/site/5087,Unresolved time semantics,Readers may need to inspect the upstream SEAD site page because the repository does not currently expose stronger reference links.
6301,Kågbo,Sweden,inventory_only_or_unresolved,duration_not_available,site_page_only,medium_access_constrained,context_layer_with_explicit_caveat,https://browser.sead.se/site/6301,Unresolved time semantics,Readers may need to inspect the upstream SEAD site page because the repository does not currently expose stronger reference links.
5914,Kånna kyrka,Sweden,inventory_only_or_unresolved,duration_not_available,site_page_only,medium_access_constrained,context_layer_with_explicit_caveat,https://browser.sead.se/site/5914,Unresolved time semantics,Readers may need to inspect the upstream SEAD site page because the repository does not currently expose stronger reference links.
5924,Kåseholms slott,Sweden,inventory_only_or_unresolved,duration_not_available,site_page_only,medium_access_constrained,context_layer_with_explicit_caveat,https://browser.sead.se/site/5924,Unresolved time semantics,Readers may need to inspect the upstream SEAD site page because the repository does not currently expose stronger reference links.
6403,Köping 148:1,Sweden,inventory_only_or_unresolved,duration_not_available,site_page_only,medium_access_constrained,context_layer_with_explicit_caveat,https://browser.sead.se/site/6403,Unresolved time semantics,Readers may need to inspect the upstream SEAD site page because the repository does not currently expose stronger reference links.
5955,Labbgård,Sweden,inventory_only_or_unresolved,duration_not_available,site_page_only,medium_access_constrained,context_layer_with_explicit_caveat,https://browser.sead.se/site/5955,Unresolved time semantics,Readers may need to inspect the upstream SEAD site page because the repository does not currently expose stronger reference links.
5956,Lada Mellan-Selbäck,Sweden,inventory_only_or_unresolved,duration_not_available,site_page_only,medium_access_constrained,context_layer_with_explicit_caveat,https://browser.sead.se/site/5956,Unresolved time semantics,Readers may need to inspect the upstream SEAD site page because the repository does not currently expose stronger reference links.
256,Laforsen,Sweden,inventory_only_or_unresolved,duration_not_available,site_page_only,medium_access_constrained,context_layer_with_explicit_caveat,https://browser.sead.se/site/256,Unresolved time semantics,Readers may need to inspect the upstream SEAD site page because the repository does not currently expose stronger reference links.
17,Laholm Raä 205,Sweden,inventory_only_or_unresolved,duration_not_available,site_page_only,medium_access_constrained,context_layer_with_explicit_caveat,https://browser.sead.se/site/17,Unresolved time semantics,Readers may need to inspect the upstream SEAD site page because the repository does not currently expose stronger reference links.
11,Landa Raä 35,Sweden,inventory_only_or_unresolved,duration_not_available,site_page_only,medium_access_constrained,context_layer_with_explicit_caveat,https://browser.sead.se/site/11,Unresolved time semantics,Readers may need to inspect the upstream SEAD site page because the repository does not currently expose stronger reference links.
5957,Landbybon Vänjan,Sweden,inventory_only_or_unresolved,duration_not_available,site_page_only,medium_access_constrained,context_layer_with_explicit_caveat,https://browser.sead.se/site/5957,Unresolved time semantics,Readers may need to inspect the upstream SEAD site page because the repository does not currently expose stronger reference links.
5959,Landgren i Bye,Sweden,inventory_only_or_unresolved,duration_not_available,site_page_only,medium_access_constrained,context_layer_with_explicit_caveat,https://browser.sead.se/site/5959,Unresolved time semantics,Readers may need to inspect the upstream SEAD site page because the repository does not currently expose stronger reference links.
5958,Landgården i Mon,Sweden,inventory_only_or_unresolved,duration_not_available,site_page_only,medium_access_constrained,context_layer_with_explicit_caveat,https://browser.sead.se/site/5958,Unresolved time semantics,Readers may need to inspect the upstream SEAD site page because the repository does not currently expose stronger reference links.
6384,Landskrona 12:1,Sweden,inventory_only_or_unresolved,duration_not_available,site_page_only,medium_access_constrained,context_layer_with_explicit_caveat,https://browser.sead.se/site/6384,Unresolved time semantics,Readers may need to inspect the upstream SEAD site page because the repository does not currently expose stronger reference links.
4082,Landsnora kvarn,Sweden,inventory_only_or_unresolved,duration_not_available,site_page_only,medium_access_constrained,context_layer_with_explicit_caveat,https://browser.sead.se/site/4082,Unresolved time semantics,Readers may need to inspect the upstream SEAD site page because the repository does not currently expose stronger reference links.
75,Langagergård TAK 1402,Denmark,inventory_only_or_unresolved,duration_not_available,site_page_only,medium_access_constrained,context_layer_with_explicit_caveat,https://browser.sead.se/site/75,Unresolved time semantics,Readers may need to inspect the upstream SEAD site page because the repository does not currently expose stronger reference links.
5963,Lantbruksstyrelsen i Ede,Sweden,inventory_only_or_unresolved,duration_not_available,site_page_only,medium_access_constrained,context_layer_with_explicit_caveat,https://browser.sead.se/site/5963,Unresolved time semantics,Readers may need to inspect the upstream SEAD site page because the repository does not currently expose stronger reference links.
5964,Lars Jonnsson i Fudal,Sweden,inventory_only_or_unresolved,duration_not_available,site_page_only,medium_access_constrained,context_layer_with_explicit_caveat,https://browser.sead.se/site/5964,Unresolved time semantics,Readers may need to inspect the upstream SEAD site page because the repository does not currently expose stronger reference links.
5965,Lars-Danielsgården i Persbo,Sweden,inventory_only_or_unresolved,duration_not_available,site_page_only,medium_access_constrained,context_layer_with_explicit_caveat,https://browser.sead.se/site/5965,Unresolved time semantics,Readers may need to inspect the upstream SEAD site page because the repository does not currently expose stronger reference links.
5966,Larsgården i nedre Gärdsjö,Sweden,inventory_only_or_unresolved,duration_not_available,site_page_only,medium_access_constrained,context_layer_with_explicit_caveat,https://browser.sead.se/site/5966,Unresolved time semantics,Readers may need to inspect the upstream SEAD site page because the repository does not currently expose stronger reference links.
5967,Larspers i Nusnäs,Sweden,inventory_only_or_unresolved,duration_not_available,site_page_only,medium_access_constrained,context_layer_with_explicit_caveat,https://browser.sead.se/site/5967,Unresolved time semantics,Readers may need to inspect the upstream SEAD site page because the repository does not currently expose stronger reference links.
5968,Larssimilis i Persbo,Sweden,inventory_only_or_unresolved,duration_not_available,site_page_only,medium_access_constrained,context_layer_with_explicit_caveat,https://browser.sead.se/site/5968,Unresolved time semantics,Readers may need to inspect the upstream SEAD site page because the repository does not currently expose stronger reference links.
5969,Larsson i Smedsbo,Sweden,inventory_only_or_unresolved,duration_not_available,site_page_only,medium_access_constrained,context_layer_with_explicit_caveat,https://browser.sead.se/site/5969,Unresolved time semantics,Readers may need to inspect the upstream SEAD site page because the repository does not currently expose stronger reference links.
5970,Larsson i Tångeråsen,Sweden,inventory_only_or_unresolved,duration_not_available,site_page_only,medium_access_constrained,context_layer_with_explicit_caveat,https://browser.sead.se/site/5970,Unresolved time semantics,Readers may need to inspect the upstream SEAD site page because the repository does not currently expose stronger reference links.
5971,Larssons i By,Sweden,inventory_only_or_unresolved,duration_not_available,site_page_only,medium_access_constrained,context_layer_with_explicit_caveat,https://browser.sead.se/site/5971,Unresolved time semantics,Readers may need to inspect the upstream SEAD site page because the repository does not currently expose stronger reference links.
5972,Lathman i Bodal,Sweden,inventory_only_or_unresolved,duration_not_available,site_page_only,medium_access_constrained,context_layer_with_explicit_caveat,https://browser.sead.se/site/5972,Unresolved time semantics,Readers may need to inspect the upstream SEAD site page because the repository does not currently expose stronger reference links.
160,Ledsjö Raä 148,Sweden,inventory_only_or_unresolved,duration_not_available,site_page_only,medium_access_constrained,context_layer_with_explicit_caveat,https://browser.sead.se/site/160,Unresolved time semantics,Readers may need to inspect the upstream SEAD site page because the repository does not currently expose stronger reference links.
106,Ledsjö Raä 149,Sweden,inventory_only_or_unresolved,duration_not_available,site_page_only,medium_access_constrained,context_layer_with_explicit_caveat,https://browser.sead.se/site/106,Unresolved time semantics,Readers may need to inspect the upstream SEAD site page because the repository does not currently expose stronger reference links.
124,Ledsjö Raä 153,Sweden,inventory_only_or_unresolved,duration_not_available,site_page_only,medium_access_constrained,context_layer_with_explicit_caveat,https://browser.sead.se/site/124,Unresolved time semantics,Readers may need to inspect the upstream SEAD site page because the repository does not currently expose stronger reference links.
158,Ledsjö Raä 73,Sweden,inventory_only_or_unresolved,duration_not_available,site_page_only,medium_access_constrained,context_layer_with_explicit_caveat,https://browser.sead.se/site/158,Unresolved time semantics,Readers may need to inspect the upstream SEAD site page because the repository does not currently expose stronger reference links.
5973,Leksands kyrka,Sweden,inventory_only_or_unresolved,duration_not_available,site_page_only,medium_access_constrained,context_layer_with_explicit_caveat,https://browser.sead.se/site/5973,Unresolved time semantics,Readers may need to inspect the upstream SEAD site page because the repository does not currently expose stronger reference links.
154,Leksberg Raä 69,Sweden,inventory_only_or_unresolved,duration_not_available,site_page_only,medium_access_constrained,context_layer_with_explicit_caveat,https://browser.sead.se/site/154,Unresolved time semantics,Readers may need to inspect the upstream SEAD site page because the repository does not currently expose stronger reference links.
6364,Lena 7:1,Sweden,inventory_only_or_unresolved,duration_not_available,site_page_only,medium_access_constrained,context_layer_with_explicit_caveat,https://browser.sead.se/site/6364,Unresolved time semantics,Readers may need to inspect the upstream SEAD site page because the repository does not currently expose stronger reference links.
5974,Levene kyrka,Sweden,inventory_only_or_unresolved,duration_not_available,site_page_only,medium_access_constrained,context_layer_with_explicit_caveat,https://browser.sead.se/site/5974,Unresolved time semantics,Readers may need to inspect the upstream SEAD site page because the repository does not currently expose stronger reference links.
5975,Lids kyrka,Sweden,inventory_only_or_unresolved,duration_not_available,site_page_only,medium_access_constrained,context_layer_with_explicit_caveat,https://browser.sead.se/site/5975,Unresolved time semantics,Readers may need to inspect the upstream SEAD site page because the repository does not currently expose stronger reference links.
5976,Lilla Främsbacka,Sweden,inventory_only_or_unresolved,duration_not_available,site_page_only,medium_access_constrained,context_layer_with_explicit_caveat,https://browser.sead.se/site/5976,Unresolved time semantics,Readers may need to inspect the upstream SEAD site page because the repository does not currently expose stronger reference links.
6306,Lilla Korpebo,Sweden,inventory_only_or_unresolved,duration_not_available,site_page_only,medium_access_constrained,context_layer_with_explicit_caveat,https://browser.sead.se/site/6306,Unresolved time semantics,Readers may need to inspect the upstream SEAD site page because the repository does not currently expose stronger reference links.
5666,Lilla Pålsjö,Sweden,inventory_only_or_unresolved,duration_not_available,site_page_only,medium_access_constrained,context_layer_with_explicit_caveat,https://browser.sead.se/site/5666,Unresolved time semantics,Readers may need to inspect the upstream SEAD site page because the repository does not currently expose stronger reference links.
6307,Lillanäs,Sweden,inventory_only_or_unresolved,duration_not_available,site_page_only,medium_access_constrained,context_layer_with_explicit_caveat,https://browser.sead.se/site/6307,Unresolved time semantics,Readers may need to inspect the upstream SEAD site page because the repository does not currently expose stronger reference links.
390,Lillberget,Sweden,inventory_only_or_unresolved,duration_not_available,site_page_only,medium_access_constrained,context_layer_with_explicit_caveat,https://browser.sead.se/site/390,Unresolved time semantics,Readers may need to inspect the upstream SEAD site page because the repository does not currently expose stronger reference links.
5977,Limkläloftet från Hallosbacken,Sweden,inventory_only_or_unresolved,duration_not_available,site_page_only,medium_access_constrained,context_layer_with_explicit_caveat,https://browser.sead.se/site/5977,Unresolved time semantics,Readers may need to inspect the upstream SEAD site page because the repository does not currently expose stronger reference links.
6444,Lina bog,Sweden,inventory_only_or_unresolved,duration_not_available,site_page_only,medium_access_constrained,context_layer_with_explicit_caveat,https://browser.sead.se/site/6444,Unresolved time semantics,Readers may need to inspect the upstream SEAD site page because the repository does not currently expose stronger reference links.
5979,Lindborg i Långsillremon,Sweden,inventory_only_or_unresolved,duration_not_available,site_page_only,medium_access_constrained,context_layer_with_explicit_caveat,https://browser.sead.se/site/5979,Unresolved time semantics,Readers may need to inspect the upstream SEAD site page because the repository does not currently expose stronger reference links.
5980,Lindgren i Tunvågen,Sweden,inventory_only_or_unresolved,duration_not_available,site_page_only,medium_access_constrained,context_layer_with_explicit_caveat,https://browser.sead.se/site/5980,Unresolved time semantics,Readers may need to inspect the upstream SEAD site page because the repository does not currently expose stronger reference links.
5981,Lindmansgården i Eggen,Sweden,inventory_only_or_unresolved,duration_not_available,site_page_only,medium_access_constrained,context_layer_with_explicit_caveat,https://browser.sead.se/site/5981,Unresolved time semantics,Readers may need to inspect the upstream SEAD site page because the repository does not currently expose stronger reference links.
5978,Lindås,Sweden,inventory_only_or_unresolved,duration_not_available,site_page_only,medium_access_constrained,context_layer_with_explicit_caveat,https://browser.sead.se/site/5978,Unresolved time semantics,Readers may need to inspect the upstream SEAD site page because the repository does not currently expose stronger reference links.
6413,Linköping 153:1,Sweden,inventory_only_or_unresolved,duration_not_available,site_page_only,medium_access_constrained,context_layer_with_explicit_caveat,https://browser.sead.se/site/6413,Unresolved time semantics,Readers may need to inspect the upstream SEAD site page because the repository does not currently expose stronger reference links.
6406,Linköping 503,Sweden,inventory_only_or_unresolved,duration_not_available,site_page_only,medium_access_constrained,context_layer_with_explicit_caveat,https://browser.sead.se/site/6406,Unresolved time semantics,Readers may need to inspect the upstream SEAD site page because the repository does not currently expose stronger reference links.
4074,Linköpings domkyrka,Sweden,inventory_only_or_unresolved,duration_not_available,site_page_only,medium_access_constrained,context_layer_with_explicit_caveat,https://browser.sead.se/site/4074,Unresolved time semantics,Readers may need to inspect the upstream SEAD site page because the repository does not currently expose stronger reference links.
5982,Lisskvarngården i Malmsta,Sweden,inventory_only_or_unresolved,duration_not_available,site_page_only,medium_access_constrained,context_layer_with_explicit_caveat,https://browser.sead.se/site/5982,Unresolved time semantics,Readers may need to inspect the upstream SEAD site page because the repository does not currently expose stronger reference links.
5983,Lithströms i Österuppland,Sweden,inventory_only_or_unresolved,duration_not_available,site_page_only,medium_access_constrained,context_layer_with_explicit_caveat,https://browser.sead.se/site/5983,Unresolved time semantics,Readers may need to inspect the upstream SEAD site page because the repository does not currently expose stronger reference links.
3583,Litslena 561,Sweden,inventory_only_or_unresolved,duration_not_available,site_page_only,medium_access_constrained,context_layer_with_explicit_caveat,https://browser.sead.se/site/3583,Unresolved time semantics,Readers may need to inspect the upstream SEAD site page because the repository does not currently expose stronger reference links.
5984,Ljungsarps kyrka,Sweden,inventory_only_or_unresolved,duration_not_available,site_page_only,medium_access_constrained,context_layer_with_explicit_caveat,https://browser.sead.se/site/5984,Unresolved time semantics,Readers may need to inspect the upstream SEAD site page because the repository does not currently expose stronger reference links.
5655,Ljusträdet i Lundagård,Sweden,inventory_only_or_unresolved,duration_not_available,site_page_only,medium_access_constrained,context_layer_with_explicit_caveat,https://browser.sead.se/site/5655,Unresolved time semantics,Readers may need to inspect the upstream SEAD site page because the repository does not currently expose stronger reference links.
4915,Lockarp 7B,Sweden,inventory_only_or_unresolved,duration_not_available,site_page_only,medium_access_constrained,context_layer_with_explicit_caveat,https://browser.sead.se/site/4915,Unresolved time semantics,Readers may need to inspect the upstream SEAD site page because the repository does not currently expose stronger reference links.
278,Lockarp 8:4,Sweden,inventory_only_or_unresolved,duration_not_available,site_page_only,medium_access_constrained,context_layer_with_explicit_caveat,https://browser.sead.se/site/278,Unresolved time semantics,Readers may need to inspect the upstream SEAD site page because the repository does not currently expose stronger reference links.
5985,Loft i Ytterocke,Sweden,inventory_only_or_unresolved,duration_not_available,site_page_only,medium_access_constrained,context_layer_with_explicit_caveat,https://browser.sead.se/site/5985,Unresolved time semantics,Readers may need to inspect the upstream SEAD site page because the repository does not currently expose stronger reference links.
395,Lohärad Raä 167:1,Sweden,inventory_only_or_unresolved,duration_not_available,site_page_only,medium_access_constrained,context_layer_with_explicit_caveat,https://browser.sead.se/site/395,Unresolved time semantics,Readers may need to inspect the upstream SEAD site page because the repository does not currently expose stronger reference links.
5990,Losgården i Gråda,Sweden,inventory_only_or_unresolved,duration_not_available,site_page_only,medium_access_constrained,context_layer_with_explicit_caveat,https://browser.sead.se/site/5990,Unresolved time semantics,Readers may need to inspect the upstream SEAD site page because the repository does not currently expose stronger reference links.
6308,Lovö prästgård,Sweden,inventory_only_or_unresolved,duration_not_available,site_page_only,medium_access_constrained,context_layer_with_explicit_caveat,https://browser.sead.se/site/6308,Unresolved time semantics,Readers may need to inspect the upstream SEAD site page because the repository does not currently expose stronger reference links.
4518,Lund,Sweden,inventory_only_or_unresolved,duration_not_available,site_page_only,medium_access_constrained,context_layer_with_explicit_caveat,https://browser.sead.se/site/4518,Unresolved time semantics,Readers may need to inspect the upstream SEAD site page because the repository does not currently expose stronger reference links.
6385,Lund 73:1,Sweden,inventory_only_or_unresolved,duration_not_available,site_page_only,medium_access_constrained,context_layer_with_explicit_caveat,https://browser.sead.se/site/6385,Unresolved time semantics,Readers may need to inspect the upstream SEAD site page because the repository does not currently expose stronger reference links.
5991,Lund i Hov,Sweden,inventory_only_or_unresolved,duration_not_available,site_page_only,medium_access_constrained,context_layer_with_explicit_caveat,https://browser.sead.se/site/5991,Unresolved time semantics,Readers may need to inspect the upstream SEAD site page because the repository does not currently expose stronger reference links.
169,Lundby Raä 8,Sweden,inventory_only_or_unresolved,duration_not_available,site_page_only,medium_access_constrained,context_layer_with_explicit_caveat,https://browser.sead.se/site/169,Unresolved time semantics,Readers may need to inspect the upstream SEAD site page because the repository does not currently expose stronger reference links.
5992,Lundins i Norrskog,Sweden,inventory_only_or_unresolved,duration_not_available,site_page_only,medium_access_constrained,context_layer_with_explicit_caveat,https://browser.sead.se/site/5992,Unresolved time semantics,Readers may need to inspect the upstream SEAD site page because the repository does not currently expose stronger reference links.
5993,Lunnahöje,Sweden,inventory_only_or_unresolved,duration_not_available,site_page_only,medium_access_constrained,context_layer_with_explicit_caveat,https://browser.sead.se/site/5993,Unresolved time semantics,Readers may need to inspect the upstream SEAD site page because the repository does not currently expose stronger reference links.
5646,Lyckås,Sweden,inventory_only_or_unresolved,duration_not_available,site_page_only,medium_access_constrained,context_layer_with_explicit_caveat,https://browser.sead.se/site/5646,Unresolved time semantics,Readers may need to inspect the upstream SEAD site page because the repository does not currently expose stronger reference links.
4069,Lye kyrka,Sweden,inventory_only_or_unresolved,duration_not_available,site_page_only,medium_access_constrained,context_layer_with_explicit_caveat,https://browser.sead.se/site/4069,Unresolved time semantics,Readers may need to inspect the upstream SEAD site page because the repository does not currently expose stronger reference links.
5994,Lyngsjö kyrka,Sweden,inventory_only_or_unresolved,duration_not_available,site_page_only,medium_access_constrained,context_layer_with_explicit_caveat,https://browser.sead.se/site/5994,Unresolved time semantics,Readers may need to inspect the upstream SEAD site page because the repository does not currently expose stronger reference links.
159,Láksjohka,Norway,inventory_only_or_unresolved,duration_not_available,site_page_only,medium_access_constrained,context_layer_with_explicit_caveat,https://browser.sead.se/site/159,Unresolved time semantics,Readers may need to inspect the upstream SEAD site page because the repository does not currently expose stronger reference links.
5961,Lännavägen,Sweden,inventory_only_or_unresolved,duration_not_available,site_page_only,medium_access_constrained,context_layer_with_explicit_caveat,https://browser.sead.se/site/5961,Unresolved time semantics,Readers may need to inspect the upstream SEAD site page because the repository does not currently expose stronger reference links.
5962,Länsmansgården i Klösta,Sweden,inventory_only_or_unresolved,duration_not_available,site_page_only,medium_access_constrained,context_layer_with_explicit_caveat,https://browser.sead.se/site/5962,Unresolved time semantics,Readers may need to inspect the upstream SEAD site page because the repository does not currently expose stronger reference links.
6372,Lärbro 579:1,Sweden,inventory_only_or_unresolved,duration_not_available,site_page_only,medium_access_constrained,context_layer_with_explicit_caveat,https://browser.sead.se/site/6372,Unresolved time semantics,Readers may need to inspect the upstream SEAD site page because the repository does not currently expose stronger reference links.
5960,Långsved,Sweden,inventory_only_or_unresolved,duration_not_available,site_page_only,medium_access_constrained,context_layer_with_explicit_caveat,https://browser.sead.se/site/5960,Unresolved time semantics,Readers may need to inspect the upstream SEAD site page because the repository does not currently expose stronger reference links.
5986,Lökes i Skästra,Sweden,inventory_only_or_unresolved,duration_not_available,site_page_only,medium_access_constrained,context_layer_with_explicit_caveat,https://browser.sead.se/site/5986,Unresolved time semantics,Readers may need to inspect the upstream SEAD site page because the repository does not currently expose stronger reference links.
5987,Lönneberga kyrka,Sweden,inventory_only_or_unresolved,duration_not_available,site_page_only,medium_access_constrained,context_layer_with_explicit_caveat,https://browser.sead.se/site/5987,Unresolved time semantics,Readers may need to inspect the upstream SEAD site page because the repository does not currently expose stronger reference links.
5988,Lörans kapell,Sweden,inventory_only_or_unresolved,duration_not_available,site_page_only,medium_access_constrained,context_layer_with_explicit_caveat,https://browser.sead.se/site/5988,Unresolved time semantics,Readers may need to inspect the upstream SEAD site page because the repository does not currently expose stronger reference links.
5989,Lösens kyrka,Sweden,inventory_only_or_unresolved,duration_not_available,site_page_only,medium_access_constrained,context_layer_with_explicit_caveat,https://browser.sead.se/site/5989,Unresolved time semantics,Readers may need to inspect the upstream SEAD site page because the repository does not currently expose stronger reference links.
4885,Lövdalen,Sweden,inventory_only_or_unresolved,duration_not_available,site_page_only,medium_access_constrained,context_layer_with_explicit_caveat,https://browser.sead.se/site/4885,Unresolved time semantics,Readers may need to inspect the upstream SEAD site page because the repository does not currently expose stronger reference links.
361,Lövleforsen,Sweden,inventory_only_or_unresolved,duration_not_available,site_page_only,medium_access_constrained,context_layer_with_explicit_caveat,https://browser.sead.se/site/361,Unresolved time semantics,Readers may need to inspect the upstream SEAD site page because the repository does not currently expose stronger reference links.
6309,Maglehem,Sweden,inventory_only_or_unresolved,duration_not_available,site_page_only,medium_access_constrained,context_layer_with_explicit_caveat,https://browser.sead.se/site/6309,Unresolved time semantics,Readers may need to inspect the upstream SEAD site page because the repository does not currently expose stronger reference links.
5995,Maglö borg,Sweden,inventory_only_or_unresolved,duration_not_available,site_page_only,medium_access_constrained,context_layer_with_explicit_caveat,https://browser.sead.se/site/5995,Unresolved time semantics,Readers may need to inspect the upstream SEAD site page because the repository does not currently expose stronger reference links.
5996,Malungs kyrka,Sweden,inventory_only_or_unresolved,duration_not_available,site_page_only,medium_access_constrained,context_layer_with_explicit_caveat,https://browser.sead.se/site/5996,Unresolved time semantics,Readers may need to inspect the upstream SEAD site page because the repository does not currently expose stronger reference links.
5997,Manberg i Sjör,Sweden,inventory_only_or_unresolved,duration_not_available,site_page_only,medium_access_constrained,context_layer_with_explicit_caveat,https://browser.sead.se/site/5997,Unresolved time semantics,Readers may need to inspect the upstream SEAD site page because the repository does not currently expose stronger reference links.
5998,Mankas i Torsgård,Sweden,inventory_only_or_unresolved,duration_not_available,site_page_only,medium_access_constrained,context_layer_with_explicit_caveat,https://browser.sead.se/site/5998,Unresolved time semantics,Readers may need to inspect the upstream SEAD site page because the repository does not currently expose stronger reference links.
6000,Marby gamla kyrka,Sweden,inventory_only_or_unresolved,duration_not_available,site_page_only,medium_access_constrained,context_layer_with_explicit_caveat,https://browser.sead.se/site/6000,Unresolved time semantics,Readers may need to inspect the upstream SEAD site page because the repository does not currently expose stronger reference links.
6377,Mariefred 21:1,Sweden,inventory_only_or_unresolved,duration_not_available,site_page_only,medium_access_constrained,context_layer_with_explicit_caveat,https://browser.sead.se/site/6377,Unresolved time semantics,Readers may need to inspect the upstream SEAD site page because the repository does not currently expose stronger reference links.
6001,Marka kyrka,Sweden,inventory_only_or_unresolved,duration_not_available,site_page_only,medium_access_constrained,context_layer_with_explicit_caveat,https://browser.sead.se/site/6001,Unresolved time semantics,Readers may need to inspect the upstream SEAD site page because the repository does not currently expose stronger reference links.
6002,Marmaverken,Sweden,inventory_only_or_unresolved,duration_not_available,site_page_only,medium_access_constrained,context_layer_with_explicit_caveat,https://browser.sead.se/site/6002,Unresolved time semantics,Readers may need to inspect the upstream SEAD site page because the repository does not currently expose stronger reference links.
358,Marskärskobben,Sweden,inventory_only_or_unresolved,duration_not_available,site_page_only,medium_access_constrained,context_layer_with_explicit_caveat,https://browser.sead.se/site/358,Unresolved time semantics,Readers may need to inspect the upstream SEAD site page because the repository does not currently expose stronger reference links.
6311,Marstrand,Sweden,inventory_only_or_unresolved,duration_not_available,site_page_only,medium_access_constrained,context_layer_with_explicit_caveat,https://browser.sead.se/site/6311,Unresolved time semantics,Readers may need to inspect the upstream SEAD site page because the repository does not currently expose stronger reference links.
6448,Martebomyr,Sweden,inventory_only_or_unresolved,duration_not_available,site_page_only,medium_access_constrained,context_layer_with_explicit_caveat,https://browser.sead.se/site/6448,Unresolved time semantics,Readers may need to inspect the upstream SEAD site page because the repository does not currently expose stronger reference links.
6004,Martin Bränd i Nedre Gärdsjö,Sweden,inventory_only_or_unresolved,duration_not_available,site_page_only,medium_access_constrained,context_layer_with_explicit_caveat,https://browser.sead.se/site/6004,Unresolved time semantics,Readers may need to inspect the upstream SEAD site page because the repository does not currently expose stronger reference links.
6005,Marums kyrka,Sweden,inventory_only_or_unresolved,duration_not_available,site_page_only,medium_access_constrained,context_layer_with_explicit_caveat,https://browser.sead.se/site/6005,Unresolved time semantics,Readers may need to inspect the upstream SEAD site page because the repository does not currently expose stronger reference links.
6006,Matspers i Fåsås,Sweden,inventory_only_or_unresolved,duration_not_available,site_page_only,medium_access_constrained,context_layer_with_explicit_caveat,https://browser.sead.se/site/6006,Unresolved time semantics,Readers may need to inspect the upstream SEAD site page because the repository does not currently expose stronger reference links.
6007,Mattmars kyrka,Sweden,inventory_only_or_unresolved,duration_not_available,site_page_only,medium_access_constrained,context_layer_with_explicit_caveat,https://browser.sead.se/site/6007,Unresolved time semantics,Readers may need to inspect the upstream SEAD site page because the repository does not currently expose stronger reference links.
6008,Mattson i Stora Snöån,Sweden,inventory_only_or_unresolved,duration_not_available,site_page_only,medium_access_constrained,context_layer_with_explicit_caveat,https://browser.sead.se/site/6008,Unresolved time semantics,Readers may need to inspect the upstream SEAD site page because the repository does not currently expose stronger reference links.
362,Medåker Raä 176,Sweden,inventory_only_or_unresolved,duration_not_available,site_page_only,medium_access_constrained,context_layer_with_explicit_caveat,https://browser.sead.se/site/362,Unresolved time semantics,Readers may need to inspect the upstream SEAD site page because the repository does not currently expose stronger reference links.
6009,Melins härbre,Sweden,inventory_only_or_unresolved,duration_not_available,site_page_only,medium_access_constrained,context_layer_with_explicit_caveat,https://browser.sead.se/site/6009,Unresolved time semantics,Readers may need to inspect the upstream SEAD site page because the repository does not currently expose stronger reference links.
6010,Mellanhärbret från kyrkvallen,Sweden,inventory_only_or_unresolved,duration_not_available,site_page_only,medium_access_constrained,context_layer_with_explicit_caveat,https://browser.sead.se/site/6010,Unresolved time semantics,Readers may need to inspect the upstream SEAD site page because the repository does not currently expose stronger reference links.
111,Melvold,Norway,inventory_only_or_unresolved,duration_not_available,site_page_only,medium_access_constrained,context_layer_with_explicit_caveat,https://browser.sead.se/site/111,Unresolved time semantics,Readers may need to inspect the upstream SEAD site page because the repository does not currently expose stronger reference links.
4888,Metsäpirtti,,inventory_only_or_unresolved,broad_context_duration,site_page_only,medium_access_constrained,context_layer_with_explicit_caveat,https://browser.sead.se/site/4888,,Readers may need to inspect the upstream SEAD site page because the repository does not currently expose stronger reference links.
6012,Mjellrumsgården,Sweden,inventory_only_or_unresolved,duration_not_available,site_page_only,medium_access_constrained,context_layer_with_explicit_caveat,https://browser.sead.se/site/6012,Unresolved time semantics,Readers may need to inspect the upstream SEAD site page because the repository does not currently expose stronger reference links.
6011,Mjäldrunga kyrka,Sweden,inventory_only_or_unresolved,duration_not_available,site_page_only,medium_access_constrained,context_layer_with_explicit_caveat,https://browser.sead.se/site/6011,Unresolved time semantics,Readers may need to inspect the upstream SEAD site page because the repository does not currently expose stronger reference links.
349,Mjölingsören,Sweden,inventory_only_or_unresolved,duration_not_available,site_page_only,medium_access_constrained,context_layer_with_explicit_caveat,https://browser.sead.se/site/349,Unresolved time semantics,Readers may need to inspect the upstream SEAD site page because the repository does not currently expose stronger reference links.
6013,Modigs i Ingärdningsbodarna,Sweden,inventory_only_or_unresolved,duration_not_available,site_page_only,medium_access_constrained,context_layer_with_explicit_caveat,https://browser.sead.se/site/6013,Unresolved time semantics,Readers may need to inspect the upstream SEAD site page because the repository does not currently expose stronger reference links.
6312,Morbygden,Sweden,inventory_only_or_unresolved,duration_not_available,site_page_only,medium_access_constrained,context_layer_with_explicit_caveat,https://browser.sead.se/site/6312,Unresolved time semantics,Readers may need to inspect the upstream SEAD site page because the repository does not currently expose stronger reference links.
388,Morlanda 367,Sweden,inventory_only_or_unresolved,duration_not_available,site_page_only,medium_access_constrained,context_layer_with_explicit_caveat,https://browser.sead.se/site/388,Unresolved time semantics,Readers may need to inspect the upstream SEAD site page because the repository does not currently expose stronger reference links.
6016,Morlinggården i Utby,Sweden,inventory_only_or_unresolved,duration_not_available,site_page_only,medium_access_constrained,context_layer_with_explicit_caveat,https://browser.sead.se/site/6016,Unresolved time semantics,Readers may need to inspect the upstream SEAD site page because the repository does not currently expose stronger reference links.
6412,Motala 173:1,Sweden,inventory_only_or_unresolved,duration_not_available,site_page_only,medium_access_constrained,context_layer_with_explicit_caveat,https://browser.sead.se/site/6412,Unresolved time semantics,Readers may need to inspect the upstream SEAD site page because the repository does not currently expose stronger reference links.
6018,Muréns i Ope,Sweden,inventory_only_or_unresolved,duration_not_available,site_page_only,medium_access_constrained,context_layer_with_explicit_caveat,https://browser.sead.se/site/6018,Unresolved time semantics,Readers may need to inspect the upstream SEAD site page because the repository does not currently expose stronger reference links.
4059,Musikskolan,Sweden,inventory_only_or_unresolved,duration_not_available,site_page_only,medium_access_constrained,context_layer_with_explicit_caveat,https://browser.sead.se/site/4059,Unresolved time semantics,Readers may need to inspect the upstream SEAD site page because the repository does not currently expose stronger reference links.
4883,Mustalampi,Finland,inventory_only_or_unresolved,duration_not_available,site_page_only,medium_access_constrained,context_layer_with_explicit_caveat,https://browser.sead.se/site/4883,Unresolved time semantics,Readers may need to inspect the upstream SEAD site page because the repository does not currently expose stronger reference links.
6019,Myhrs i Selja,Sweden,inventory_only_or_unresolved,duration_not_available,site_page_only,medium_access_constrained,context_layer_with_explicit_caveat,https://browser.sead.se/site/6019,Unresolved time semantics,Readers may need to inspect the upstream SEAD site page because the repository does not currently expose stronger reference links.
6020,Myssjö kyrka,Sweden,inventory_only_or_unresolved,duration_not_available,site_page_only,medium_access_constrained,context_layer_with_explicit_caveat,https://browser.sead.se/site/6020,Unresolved time semantics,Readers may need to inspect the upstream SEAD site page because the repository does not currently expose stronger reference links.
6310,Målen,Sweden,inventory_only_or_unresolved,duration_not_available,site_page_only,medium_access_constrained,context_layer_with_explicit_caveat,https://browser.sead.se/site/6310,Unresolved time semantics,Readers may need to inspect the upstream SEAD site page because the repository does not currently expose stronger reference links.
6352,Målilla 381,Sweden,inventory_only_or_unresolved,duration_not_available,site_page_only,medium_access_constrained,context_layer_with_explicit_caveat,https://browser.sead.se/site/6352,Unresolved time semantics,Readers may need to inspect the upstream SEAD site page because the repository does not currently expose stronger reference links.
233,Månstad Raä 81,Sweden,inventory_only_or_unresolved,duration_not_available,site_page_only,medium_access_constrained,context_layer_with_explicit_caveat,https://browser.sead.se/site/233,Unresolved time semantics,Readers may need to inspect the upstream SEAD site page because the repository does not currently expose stronger reference links.
5999,Månstads kyrka,Sweden,inventory_only_or_unresolved,duration_not_available,site_page_only,medium_access_constrained,context_layer_with_explicit_caveat,https://browser.sead.se/site/5999,Unresolved time semantics,Readers may need to inspect the upstream SEAD site page because the repository does not currently expose stronger reference links.
6003,Mårtens i Bäck,Sweden,inventory_only_or_unresolved,duration_not_available,site_page_only,medium_access_constrained,context_layer_with_explicit_caveat,https://browser.sead.se/site/6003,Unresolved time semantics,Readers may need to inspect the upstream SEAD site page because the repository does not currently expose stronger reference links.
6014,Mölleberga kyrka,Sweden,inventory_only_or_unresolved,duration_not_available,site_page_only,medium_access_constrained,context_layer_with_explicit_caveat,https://browser.sead.se/site/6014,Unresolved time semantics,Readers may need to inspect the upstream SEAD site page because the repository does not currently expose stronger reference links.
6015,Mölltorps kyrka,Sweden,inventory_only_or_unresolved,duration_not_available,site_page_only,medium_access_constrained,context_layer_with_explicit_caveat,https://browser.sead.se/site/6015,Unresolved time semantics,Readers may need to inspect the upstream SEAD site page because the repository does not currently expose stronger reference links.
116,Mölndal Raä 79,Sweden,inventory_only_or_unresolved,duration_not_available,site_page_only,medium_access_constrained,context_layer_with_explicit_caveat,https://browser.sead.se/site/116,Unresolved time semantics,Readers may need to inspect the upstream SEAD site page because the repository does not currently expose stronger reference links.
6357,Mönsterås 376:1,Sweden,inventory_only_or_unresolved,duration_not_available,site_page_only,medium_access_constrained,context_layer_with_explicit_caveat,https://browser.sead.se/site/6357,Unresolved time semantics,Readers may need to inspect the upstream SEAD site page because the repository does not currently expose stronger reference links.
6017,Mörtviksvägen,Sweden,inventory_only_or_unresolved,duration_not_available,site_page_only,medium_access_constrained,context_layer_with_explicit_caveat,https://browser.sead.se/site/6017,Unresolved time semantics,Readers may need to inspect the upstream SEAD site page because the repository does not currently expose stronger reference links.
339,Naverstad 373,Sweden,inventory_only_or_unresolved,duration_not_available,site_page_only,medium_access_constrained,context_layer_with_explicit_caveat,https://browser.sead.se/site/339,Unresolved time semantics,Readers may need to inspect the upstream SEAD site page because the repository does not currently expose stronger reference links.
6025,Naverstads kyrka,Sweden,inventory_only_or_unresolved,duration_not_available,site_page_only,medium_access_constrained,context_layer_with_explicit_caveat,https://browser.sead.se/site/6025,Unresolved time semantics,Readers may need to inspect the upstream SEAD site page because the repository does not currently expose stronger reference links.
336,Nederkalix Raä 722,Sweden,inventory_only_or_unresolved,duration_not_available,site_page_only,medium_access_constrained,context_layer_with_explicit_caveat,https://browser.sead.se/site/336,Unresolved time semantics,Readers may need to inspect the upstream SEAD site page because the repository does not currently expose stronger reference links.
266,Nederluleå Raä 330,Sweden,inventory_only_or_unresolved,duration_not_available,site_page_only,medium_access_constrained,context_layer_with_explicit_caveat,https://browser.sead.se/site/266,Unresolved time semantics,Readers may need to inspect the upstream SEAD site page because the repository does not currently expose stronger reference links.
271,Nederluleå Raä 601,Sweden,inventory_only_or_unresolved,duration_not_available,site_page_only,medium_access_constrained,context_layer_with_explicit_caveat,https://browser.sead.se/site/271,Unresolved time semantics,Readers may need to inspect the upstream SEAD site page because the repository does not currently expose stronger reference links.
6026,Nicklasson i Järpen,Sweden,inventory_only_or_unresolved,duration_not_available,site_page_only,medium_access_constrained,context_layer_with_explicit_caveat,https://browser.sead.se/site/6026,Unresolved time semantics,Readers may need to inspect the upstream SEAD site page because the repository does not currently expose stronger reference links.
332,Nickösörarna,Sweden,inventory_only_or_unresolved,duration_not_available,site_page_only,medium_access_constrained,context_layer_with_explicit_caveat,https://browser.sead.se/site/332,Unresolved time semantics,Readers may need to inspect the upstream SEAD site page because the repository does not currently expose stronger reference links.
6027,Nils Erik Olssons i Noret,Sweden,inventory_only_or_unresolved,duration_not_available,site_page_only,medium_access_constrained,context_layer_with_explicit_caveat,https://browser.sead.se/site/6027,Unresolved time semantics,Readers may need to inspect the upstream SEAD site page because the repository does not currently expose stronger reference links.
398,Njurunda 838,Sweden,inventory_only_or_unresolved,duration_not_available,site_page_only,medium_access_constrained,context_layer_with_explicit_caveat,https://browser.sead.se/site/398,Unresolved time semantics,Readers may need to inspect the upstream SEAD site page because the repository does not currently expose stronger reference links.
380,Njurunda Raä 125,Sweden,inventory_only_or_unresolved,duration_not_available,site_page_only,medium_access_constrained,context_layer_with_explicit_caveat,https://browser.sead.se/site/380,Unresolved time semantics,Readers may need to inspect the upstream SEAD site page because the repository does not currently expose stronger reference links.
371,Njurunda Raä 837,Sweden,inventory_only_or_unresolved,duration_not_available,site_page_only,medium_access_constrained,context_layer_with_explicit_caveat,https://browser.sead.se/site/371,Unresolved time semantics,Readers may need to inspect the upstream SEAD site page because the repository does not currently expose stronger reference links.
6343,Nora 416,Sweden,inventory_only_or_unresolved,duration_not_available,site_page_only,medium_access_constrained,context_layer_with_explicit_caveat,https://browser.sead.se/site/6343,Unresolved time semantics,Readers may need to inspect the upstream SEAD site page because the repository does not currently expose stronger reference links.
96,Nora Raä 5,Sweden,inventory_only_or_unresolved,duration_not_available,site_page_only,medium_access_constrained,context_layer_with_explicit_caveat,https://browser.sead.se/site/96,Unresolved time semantics,Readers may need to inspect the upstream SEAD site page because the repository does not currently expose stronger reference links.
6313,Norbergsby,Sweden,inventory_only_or_unresolved,duration_not_available,site_page_only,medium_access_constrained,context_layer_with_explicit_caveat,https://browser.sead.se/site/6313,Unresolved time semantics,Readers may need to inspect the upstream SEAD site page because the repository does not currently expose stronger reference links.
6028,Nordanå gård,Sweden,inventory_only_or_unresolved,duration_not_available,site_page_only,medium_access_constrained,context_layer_with_explicit_caveat,https://browser.sead.se/site/6028,Unresolved time semantics,Readers may need to inspect the upstream SEAD site page because the repository does not currently expose stronger reference links.
6029,Norderö kyrka,Sweden,inventory_only_or_unresolved,duration_not_available,site_page_only,medium_access_constrained,context_layer_with_explicit_caveat,https://browser.sead.se/site/6029,Unresolved time semantics,Readers may need to inspect the upstream SEAD site page because the repository does not currently expose stronger reference links.
6030,Nordvästra härbret Zorns gammelgård,Sweden,inventory_only_or_unresolved,duration_not_available,site_page_only,medium_access_constrained,context_layer_with_explicit_caveat,https://browser.sead.se/site/6030,Unresolved time semantics,Readers may need to inspect the upstream SEAD site page because the repository does not currently expose stronger reference links.
6032,Noring i Sanne,Sweden,inventory_only_or_unresolved,duration_not_available,site_page_only,medium_access_constrained,context_layer_with_explicit_caveat,https://browser.sead.se/site/6032,Unresolved time semantics,Readers may need to inspect the upstream SEAD site page because the repository does not currently expose stronger reference links.
102,Norra Björke Raä 57,Sweden,inventory_only_or_unresolved,duration_not_available,site_page_only,medium_access_constrained,context_layer_with_explicit_caveat,https://browser.sead.se/site/102,Unresolved time semantics,Readers may need to inspect the upstream SEAD site page because the repository does not currently expose stronger reference links.
6033,Norra Fågelås kyrka,Sweden,inventory_only_or_unresolved,duration_not_available,site_page_only,medium_access_constrained,context_layer_with_explicit_caveat,https://browser.sead.se/site/6033,Unresolved time semantics,Readers may need to inspect the upstream SEAD site page because the repository does not currently expose stronger reference links.
351,Norra Ryssmasterna,Sweden,inventory_only_or_unresolved,duration_not_available,site_page_only,medium_access_constrained,context_layer_with_explicit_caveat,https://browser.sead.se/site/351,Unresolved time semantics,Readers may need to inspect the upstream SEAD site page because the repository does not currently expose stronger reference links.
289,Norra Småholmen,Sweden,inventory_only_or_unresolved,duration_not_available,site_page_only,medium_access_constrained,context_layer_with_explicit_caveat,https://browser.sead.se/site/289,Unresolved time semantics,Readers may need to inspect the upstream SEAD site page because the repository does not currently expose stronger reference links.
6034,Norra Strö kyrka,Sweden,inventory_only_or_unresolved,duration_not_available,site_page_only,medium_access_constrained,context_layer_with_explicit_caveat,https://browser.sead.se/site/6034,Unresolved time semantics,Readers may need to inspect the upstream SEAD site page because the repository does not currently expose stronger reference links.
280,Norrala Raä 177,Sweden,inventory_only_or_unresolved,duration_not_available,site_page_only,medium_access_constrained,context_layer_with_explicit_caveat,https://browser.sead.se/site/280,Unresolved time semantics,Readers may need to inspect the upstream SEAD site page because the repository does not currently expose stronger reference links.
6035,Norrgården i Östansjö,Sweden,inventory_only_or_unresolved,duration_not_available,site_page_only,medium_access_constrained,context_layer_with_explicit_caveat,https://browser.sead.se/site/6035,Unresolved time semantics,Readers may need to inspect the upstream SEAD site page because the repository does not currently expose stronger reference links.
272,Norrsunda Raä 185,Sweden,inventory_only_or_unresolved,duration_not_available,site_page_only,medium_access_constrained,context_layer_with_explicit_caveat,https://browser.sead.se/site/272,Unresolved time semantics,Readers may need to inspect the upstream SEAD site page because the repository does not currently expose stronger reference links.
359,Norum 291,Sweden,inventory_only_or_unresolved,duration_not_available,site_page_only,medium_access_constrained,context_layer_with_explicit_caveat,https://browser.sead.se/site/359,Unresolved time semantics,Readers may need to inspect the upstream SEAD site page because the repository does not currently expose stronger reference links.
66,Norum Raä 285,Sweden,inventory_only_or_unresolved,duration_not_available,site_page_only,medium_access_constrained,context_layer_with_explicit_caveat,https://browser.sead.se/site/66,Unresolved time semantics,Readers may need to inspect the upstream SEAD site page because the repository does not currently expose stronger reference links.
399,Norum Raä 5,Sweden,inventory_only_or_unresolved,duration_not_available,site_page_only,medium_access_constrained,context_layer_with_explicit_caveat,https://browser.sead.se/site/399,Unresolved time semantics,Readers may need to inspect the upstream SEAD site page because the repository does not currently expose stronger reference links.
6036,Norup,Sweden,inventory_only_or_unresolved,duration_not_available,site_page_only,medium_access_constrained,context_layer_with_explicit_caveat,https://browser.sead.se/site/6036,Unresolved time semantics,Readers may need to inspect the upstream SEAD site page because the repository does not currently expose stronger reference links.
6031,Norén i Trusta,Sweden,inventory_only_or_unresolved,duration_not_available,site_page_only,medium_access_constrained,context_layer_with_explicit_caveat,https://browser.sead.se/site/6031,Unresolved time semantics,Readers may need to inspect the upstream SEAD site page because the repository does not currently expose stronger reference links.
4562,Novgorod: Troitsky,,inventory_only_or_unresolved,broad_context_duration,site_page_only,medium_access_constrained,context_layer_with_explicit_caveat,https://browser.sead.se/site/4562,,Readers may need to inspect the upstream SEAD site page because the repository does not currently expose stronger reference links.
5094,Nurmo: Paukaneva,Finland,inventory_only_or_unresolved,duration_not_available,site_page_only,medium_access_constrained,context_layer_with_explicit_caveat,https://browser.sead.se/site/5094,Unresolved time semantics,Readers may need to inspect the upstream SEAD site page because the repository does not currently expose stronger reference links.
6039,Nygårds i Nedre Gärdsjö,Sweden,inventory_only_or_unresolved,duration_not_available,site_page_only,medium_access_constrained,context_layer_with_explicit_caveat,https://browser.sead.se/site/6039,Unresolved time semantics,Readers may need to inspect the upstream SEAD site page because the repository does not currently expose stronger reference links.
6040,Nygårds i Ovanmyra,Sweden,inventory_only_or_unresolved,duration_not_available,site_page_only,medium_access_constrained,context_layer_with_explicit_caveat,https://browser.sead.se/site/6040,Unresolved time semantics,Readers may need to inspect the upstream SEAD site page because the repository does not currently expose stronger reference links.
4045,Nykyrka kyrka,Sweden,inventory_only_or_unresolved,duration_not_available,site_page_only,medium_access_constrained,context_layer_with_explicit_caveat,https://browser.sead.se/site/4045,Unresolved time semantics,Readers may need to inspect the upstream SEAD site page because the repository does not currently expose stronger reference links.
283,Nyköping 231,Sweden,inventory_only_or_unresolved,duration_not_available,site_page_only,medium_access_constrained,context_layer_with_explicit_caveat,https://browser.sead.se/site/283,Unresolved time semantics,Readers may need to inspect the upstream SEAD site page because the repository does not currently expose stronger reference links.
6374,Nyköping 661,Sweden,inventory_only_or_unresolved,duration_not_available,site_page_only,medium_access_constrained,context_layer_with_explicit_caveat,https://browser.sead.se/site/6374,Unresolved time semantics,Readers may need to inspect the upstream SEAD site page because the repository does not currently expose stronger reference links.
360,Nyköpingshus,Sweden,inventory_only_or_unresolved,duration_not_available,site_page_only,medium_access_constrained,context_layer_with_explicit_caveat,https://browser.sead.se/site/360,Unresolved time semantics,Readers may need to inspect the upstream SEAD site page because the repository does not currently expose stronger reference links.
6370,När 219,Sweden,inventory_only_or_unresolved,duration_not_available,site_page_only,medium_access_constrained,context_layer_with_explicit_caveat,https://browser.sead.se/site/6370,Unresolved time semantics,Readers may need to inspect the upstream SEAD site page because the repository does not currently expose stronger reference links.
6021,Näs gård i Persbo,Sweden,inventory_only_or_unresolved,duration_not_available,site_page_only,medium_access_constrained,context_layer_with_explicit_caveat,https://browser.sead.se/site/6021,Unresolved time semantics,Readers may need to inspect the upstream SEAD site page because the repository does not currently expose stronger reference links.
6022,Näs Herrgård,Sweden,inventory_only_or_unresolved,duration_not_available,site_page_only,medium_access_constrained,context_layer_with_explicit_caveat,https://browser.sead.se/site/6022,Unresolved time semantics,Readers may need to inspect the upstream SEAD site page because the repository does not currently expose stronger reference links.
6023,Näsjonases i Andtjärabo,Sweden,inventory_only_or_unresolved,duration_not_available,site_page_only,medium_access_constrained,context_layer_with_explicit_caveat,https://browser.sead.se/site/6023,Unresolved time semantics,Readers may need to inspect the upstream SEAD site page because the repository does not currently expose stronger reference links.
6024,Näsjons i Åberga,Sweden,inventory_only_or_unresolved,duration_not_available,site_page_only,medium_access_constrained,context_layer_with_explicit_caveat,https://browser.sead.se/site/6024,Unresolved time semantics,Readers may need to inspect the upstream SEAD site page because the repository does not currently expose stronger reference links.
89,Nätra Raä 306,Sweden,inventory_only_or_unresolved,duration_not_available,site_page_only,medium_access_constrained,context_layer_with_explicit_caveat,https://browser.sead.se/site/89,Unresolved time semantics,Readers may need to inspect the upstream SEAD site page because the repository does not currently expose stronger reference links.
76,Nätra Raä 307,Sweden,inventory_only_or_unresolved,duration_not_available,site_page_only,medium_access_constrained,context_layer_with_explicit_caveat,https://browser.sead.se/site/76,Unresolved time semantics,Readers may need to inspect the upstream SEAD site page because the repository does not currently expose stronger reference links.
155,Nätra Raä 359,Sweden,inventory_only_or_unresolved,duration_not_available,site_page_only,medium_access_constrained,context_layer_with_explicit_caveat,https://browser.sead.se/site/155,Unresolved time semantics,Readers may need to inspect the upstream SEAD site page because the repository does not currently expose stronger reference links.
6037,Nösslinge kyrka,Sweden,inventory_only_or_unresolved,duration_not_available,site_page_only,medium_access_constrained,context_layer_with_explicit_caveat,https://browser.sead.se/site/6037,Unresolved time semantics,Readers may need to inspect the upstream SEAD site page because the repository does not currently expose stronger reference links.
6038,Nöttja kyrka,Sweden,inventory_only_or_unresolved,duration_not_available,site_page_only,medium_access_constrained,context_layer_with_explicit_caveat,https://browser.sead.se/site/6038,Unresolved time semantics,Readers may need to inspect the upstream SEAD site page because the repository does not currently expose stronger reference links.
97,Oarddojávri,Norway,inventory_only_or_unresolved,duration_not_available,site_page_only,medium_access_constrained,context_layer_with_explicit_caveat,https://browser.sead.se/site/97,Unresolved time semantics,Readers may need to inspect the upstream SEAD site page because the repository does not currently expose stronger reference links.
6041,Odelbergs Ön,Sweden,inventory_only_or_unresolved,duration_not_available,site_page_only,medium_access_constrained,context_layer_with_explicit_caveat,https://browser.sead.se/site/6041,Unresolved time semantics,Readers may need to inspect the upstream SEAD site page because the repository does not currently expose stronger reference links.
329,Odensala 6 (386),Sweden,inventory_only_or_unresolved,duration_not_available,site_page_only,medium_access_constrained,context_layer_with_explicit_caveat,https://browser.sead.se/site/329,Unresolved time semantics,Readers may need to inspect the upstream SEAD site page because the repository does not currently expose stronger reference links.
328,Odensala Raä 402,Sweden,inventory_only_or_unresolved,duration_not_available,site_page_only,medium_access_constrained,context_layer_with_explicit_caveat,https://browser.sead.se/site/328,Unresolved time semantics,Readers may need to inspect the upstream SEAD site page because the repository does not currently expose stronger reference links.
387,Odlaren 1:1,Sweden,inventory_only_or_unresolved,duration_not_available,site_page_only,medium_access_constrained,context_layer_with_explicit_caveat,https://browser.sead.se/site/387,Unresolved time semantics,Readers may need to inspect the upstream SEAD site page because the repository does not currently expose stronger reference links.
6042,Ods kyrka,Sweden,inventory_only_or_unresolved,duration_not_available,site_page_only,medium_access_constrained,context_layer_with_explicit_caveat,https://browser.sead.se/site/6042,Unresolved time semantics,Readers may need to inspect the upstream SEAD site page because the repository does not currently expose stronger reference links.
6043,Offerdals kyrka,Sweden,inventory_only_or_unresolved,duration_not_available,site_page_only,medium_access_constrained,context_layer_with_explicit_caveat,https://browser.sead.se/site/6043,Unresolved time semantics,Readers may need to inspect the upstream SEAD site page because the repository does not currently expose stronger reference links.
6045,Olaloftet från norra Mon,Sweden,inventory_only_or_unresolved,duration_not_available,site_page_only,medium_access_constrained,context_layer_with_explicit_caveat,https://browser.sead.se/site/6045,Unresolved time semantics,Readers may need to inspect the upstream SEAD site page because the repository does not currently expose stronger reference links.
6046,Olars i Holen Västra Öje,Sweden,inventory_only_or_unresolved,duration_not_available,site_page_only,medium_access_constrained,context_layer_with_explicit_caveat,https://browser.sead.se/site/6046,Unresolved time semantics,Readers may need to inspect the upstream SEAD site page because the repository does not currently expose stronger reference links.
6047,Olars i Knåda,Sweden,inventory_only_or_unresolved,duration_not_available,site_page_only,medium_access_constrained,context_layer_with_explicit_caveat,https://browser.sead.se/site/6047,Unresolved time semantics,Readers may need to inspect the upstream SEAD site page because the repository does not currently expose stronger reference links.
6048,Olers-gården i Stenshyttan,Sweden,inventory_only_or_unresolved,duration_not_available,site_page_only,medium_access_constrained,context_layer_with_explicit_caveat,https://browser.sead.se/site/6048,Unresolved time semantics,Readers may need to inspect the upstream SEAD site page because the repository does not currently expose stronger reference links.
6049,Oljonsgården i Hara,Sweden,inventory_only_or_unresolved,duration_not_available,site_page_only,medium_access_constrained,context_layer_with_explicit_caveat,https://browser.sead.se/site/6049,Unresolved time semantics,Readers may need to inspect the upstream SEAD site page because the repository does not currently expose stronger reference links.
6050,Ollars i Orsbleck,Sweden,inventory_only_or_unresolved,duration_not_available,site_page_only,medium_access_constrained,context_layer_with_explicit_caveat,https://browser.sead.se/site/6050,Unresolved time semantics,Readers may need to inspect the upstream SEAD site page because the repository does not currently expose stronger reference links.
6051,Ollas i Ovanmyra,Sweden,inventory_only_or_unresolved,duration_not_available,site_page_only,medium_access_constrained,context_layer_with_explicit_caveat,https://browser.sead.se/site/6051,Unresolved time semantics,Readers may need to inspect the upstream SEAD site page because the repository does not currently expose stronger reference links.
6053,Olmats i Noret,Sweden,inventory_only_or_unresolved,duration_not_available,site_page_only,medium_access_constrained,context_layer_with_explicit_caveat,https://browser.sead.se/site/6053,Unresolved time semantics,Readers may need to inspect the upstream SEAD site page because the repository does not currently expose stronger reference links.
6052,Olmårs i Vik,Sweden,inventory_only_or_unresolved,duration_not_available,site_page_only,medium_access_constrained,context_layer_with_explicit_caveat,https://browser.sead.se/site/6052,Unresolved time semantics,Readers may need to inspect the upstream SEAD site page because the repository does not currently expose stronger reference links.
6054,Olofsson i Gärde,Sweden,inventory_only_or_unresolved,duration_not_available,site_page_only,medium_access_constrained,context_layer_with_explicit_caveat,https://browser.sead.se/site/6054,Unresolved time semantics,Readers may need to inspect the upstream SEAD site page because the repository does not currently expose stronger reference links.
6055,Olols vallstuga,Sweden,inventory_only_or_unresolved,duration_not_available,site_page_only,medium_access_constrained,context_layer_with_explicit_caveat,https://browser.sead.se/site/6055,Unresolved time semantics,Readers may need to inspect the upstream SEAD site page because the repository does not currently expose stronger reference links.
6056,Olovsson i Hölje,Sweden,inventory_only_or_unresolved,duration_not_available,site_page_only,medium_access_constrained,context_layer_with_explicit_caveat,https://browser.sead.se/site/6056,Unresolved time semantics,Readers may need to inspect the upstream SEAD site page because the repository does not currently expose stronger reference links.
6057,Olperås i Färnäs,Sweden,inventory_only_or_unresolved,duration_not_available,site_page_only,medium_access_constrained,context_layer_with_explicit_caveat,https://browser.sead.se/site/6057,Unresolved time semantics,Readers may need to inspect the upstream SEAD site page because the repository does not currently expose stronger reference links.
6058,Olsson i Medvigge,Sweden,inventory_only_or_unresolved,duration_not_available,site_page_only,medium_access_constrained,context_layer_with_explicit_caveat,https://browser.sead.se/site/6058,Unresolved time semantics,Readers may need to inspect the upstream SEAD site page because the repository does not currently expose stronger reference links.
6059,Olsson i Sjör,Sweden,inventory_only_or_unresolved,duration_not_available,site_page_only,medium_access_constrained,context_layer_with_explicit_caveat,https://browser.sead.se/site/6059,Unresolved time semantics,Readers may need to inspect the upstream SEAD site page because the repository does not currently expose stronger reference links.
6060,Olssons i Harabygden,Sweden,inventory_only_or_unresolved,duration_not_available,site_page_only,medium_access_constrained,context_layer_with_explicit_caveat,https://browser.sead.se/site/6060,Unresolved time semantics,Readers may need to inspect the upstream SEAD site page because the repository does not currently expose stronger reference links.
6061,Olssons i Ringsta,Sweden,inventory_only_or_unresolved,duration_not_available,site_page_only,medium_access_constrained,context_layer_with_explicit_caveat,https://browser.sead.se/site/6061,Unresolved time semantics,Readers may need to inspect the upstream SEAD site page because the repository does not currently expose stronger reference links.
6062,Olvarberget,Sweden,inventory_only_or_unresolved,duration_not_available,site_page_only,medium_access_constrained,context_layer_with_explicit_caveat,https://browser.sead.se/site/6062,Unresolved time semantics,Readers may need to inspect the upstream SEAD site page because the repository does not currently expose stronger reference links.
4,Onsala 327,Sweden,inventory_only_or_unresolved,duration_not_available,site_page_only,medium_access_constrained,context_layer_with_explicit_caveat,https://browser.sead.se/site/4,Unresolved time semantics,Readers may need to inspect the upstream SEAD site page because the repository does not currently expose stronger reference links.
12,Onsala Raä 369,Sweden,inventory_only_or_unresolved,duration_not_available,site_page_only,medium_access_constrained,context_layer_with_explicit_caveat,https://browser.sead.se/site/12,Unresolved time semantics,Readers may need to inspect the upstream SEAD site page because the repository does not currently expose stronger reference links.
5665,Onsjöstugan,Sweden,inventory_only_or_unresolved,duration_not_available,site_page_only,medium_access_constrained,context_layer_with_explicit_caveat,https://browser.sead.se/site/5665,Unresolved time semantics,Readers may need to inspect the upstream SEAD site page because the repository does not currently expose stronger reference links.
6063,Ornässtugan,Sweden,inventory_only_or_unresolved,duration_not_available,site_page_only,medium_access_constrained,context_layer_with_explicit_caveat,https://browser.sead.se/site/6063,Unresolved time semantics,Readers may need to inspect the upstream SEAD site page because the repository does not currently expose stronger reference links.
6064,Orsa kyrka,Sweden,inventory_only_or_unresolved,duration_not_available,site_page_only,medium_access_constrained,context_layer_with_explicit_caveat,https://browser.sead.se/site/6064,Unresolved time semantics,Readers may need to inspect the upstream SEAD site page because the repository does not currently expose stronger reference links.
3528,Otterböte,,inventory_only_or_unresolved,broad_context_duration,site_page_only,medium_access_constrained,context_layer_with_explicit_caveat,https://browser.sead.se/site/3528,,Readers may need to inspect the upstream SEAD site page because the repository does not currently expose stronger reference links.
181,Ovansjö Raä 307,Sweden,inventory_only_or_unresolved,duration_not_available,site_page_only,medium_access_constrained,context_layer_with_explicit_caveat,https://browser.sead.se/site/181,Unresolved time semantics,Readers may need to inspect the upstream SEAD site page because the repository does not currently expose stronger reference links.
6074,Oxsjön,Sweden,inventory_only_or_unresolved,duration_not_available,site_page_only,medium_access_constrained,context_layer_with_explicit_caveat,https://browser.sead.se/site/6074,Unresolved time semantics,Readers may need to inspect the upstream SEAD site page because the repository does not currently expose stronger reference links.
3524,Pappilanmäki,Finland,inventory_only_or_unresolved,duration_not_available,site_page_only,medium_access_constrained,context_layer_with_explicit_caveat,https://browser.sead.se/site/3524,Unresolved time semantics,Readers may need to inspect the upstream SEAD site page because the repository does not currently expose stronger reference links.
6076,Parhäbre i Mon,Sweden,inventory_only_or_unresolved,duration_not_available,site_page_only,medium_access_constrained,context_layer_with_explicit_caveat,https://browser.sead.se/site/6076,Unresolved time semantics,Readers may need to inspect the upstream SEAD site page because the repository does not currently expose stronger reference links.
6077,Pedersens i Berget,Sweden,inventory_only_or_unresolved,duration_not_available,site_page_only,medium_access_constrained,context_layer_with_explicit_caveat,https://browser.sead.se/site/6077,Unresolved time semantics,Readers may need to inspect the upstream SEAD site page because the repository does not currently expose stronger reference links.
6078,Pellas i Färnäs,Sweden,inventory_only_or_unresolved,duration_not_available,site_page_only,medium_access_constrained,context_layer_with_explicit_caveat,https://browser.sead.se/site/6078,Unresolved time semantics,Readers may need to inspect the upstream SEAD site page because the repository does not currently expose stronger reference links.
6079,Pellas i Östra Björken,Sweden,inventory_only_or_unresolved,duration_not_available,site_page_only,medium_access_constrained,context_layer_with_explicit_caveat,https://browser.sead.se/site/6079,Unresolved time semantics,Readers may need to inspect the upstream SEAD site page because the repository does not currently expose stronger reference links.
6080,Pellebergs i Älgberget,Sweden,inventory_only_or_unresolved,duration_not_available,site_page_only,medium_access_constrained,context_layer_with_explicit_caveat,https://browser.sead.se/site/6080,Unresolved time semantics,Readers may need to inspect the upstream SEAD site page because the repository does not currently expose stronger reference links.
6081,Pellgården i Västanå,Sweden,inventory_only_or_unresolved,duration_not_available,site_page_only,medium_access_constrained,context_layer_with_explicit_caveat,https://browser.sead.se/site/6081,Unresolved time semantics,Readers may need to inspect the upstream SEAD site page because the repository does not currently expose stronger reference links.
5085,Pelso,Finland,inventory_only_or_unresolved,duration_not_available,site_page_only,medium_access_constrained,context_layer_with_explicit_caveat,https://browser.sead.se/site/5085,Unresolved time semantics,Readers may need to inspect the upstream SEAD site page because the repository does not currently expose stronger reference links.
6082,Peres i Blecket,Sweden,inventory_only_or_unresolved,duration_not_available,site_page_only,medium_access_constrained,context_layer_with_explicit_caveat,https://browser.sead.se/site/6082,Unresolved time semantics,Readers may need to inspect the upstream SEAD site page because the repository does not currently expose stronger reference links.
6083,Peres i Vikarbyn,Sweden,inventory_only_or_unresolved,duration_not_available,site_page_only,medium_access_constrained,context_layer_with_explicit_caveat,https://browser.sead.se/site/6083,Unresolved time semantics,Readers may need to inspect the upstream SEAD site page because the repository does not currently expose stronger reference links.
6084,PerJons i Vik,Sweden,inventory_only_or_unresolved,duration_not_available,site_page_only,medium_access_constrained,context_layer_with_explicit_caveat,https://browser.sead.se/site/6084,Unresolved time semantics,Readers may need to inspect the upstream SEAD site page because the repository does not currently expose stronger reference links.
6085,Perols i Nedre Gärdsjö,Sweden,inventory_only_or_unresolved,duration_not_available,site_page_only,medium_access_constrained,context_layer_with_explicit_caveat,https://browser.sead.se/site/6085,Unresolved time semantics,Readers may need to inspect the upstream SEAD site page because the repository does not currently expose stronger reference links.
6086,Perols i Övre Gärdsjö,Sweden,inventory_only_or_unresolved,duration_not_available,site_page_only,medium_access_constrained,context_layer_with_explicit_caveat,https://browser.sead.se/site/6086,Unresolved time semantics,Readers may need to inspect the upstream SEAD site page because the repository does not currently expose stronger reference links.
6087,Persgården,Sweden,inventory_only_or_unresolved,duration_not_available,site_page_only,medium_access_constrained,context_layer_with_explicit_caveat,https://browser.sead.se/site/6087,Unresolved time semantics,Readers may need to inspect the upstream SEAD site page because the repository does not currently expose stronger reference links.
6088,Persson i Böle,Sweden,inventory_only_or_unresolved,duration_not_available,site_page_only,medium_access_constrained,context_layer_with_explicit_caveat,https://browser.sead.se/site/6088,Unresolved time semantics,Readers may need to inspect the upstream SEAD site page because the repository does not currently expose stronger reference links.
6089,Persson i Lungre,Sweden,inventory_only_or_unresolved,duration_not_available,site_page_only,medium_access_constrained,context_layer_with_explicit_caveat,https://browser.sead.se/site/6089,Unresolved time semantics,Readers may need to inspect the upstream SEAD site page because the repository does not currently expose stronger reference links.
6090,Perssons i Borr,Sweden,inventory_only_or_unresolved,duration_not_available,site_page_only,medium_access_constrained,context_layer_with_explicit_caveat,https://browser.sead.se/site/6090,Unresolved time semantics,Readers may need to inspect the upstream SEAD site page because the repository does not currently expose stronger reference links.
6091,Perstorp kyrka,Sweden,inventory_only_or_unresolved,duration_not_available,site_page_only,medium_access_constrained,context_layer_with_explicit_caveat,https://browser.sead.se/site/6091,Unresolved time semantics,Readers may need to inspect the upstream SEAD site page because the repository does not currently expose stronger reference links.
6092,Petersenska huset,Sweden,inventory_only_or_unresolved,duration_not_available,site_page_only,medium_access_constrained,context_layer_with_explicit_caveat,https://browser.sead.se/site/6092,Unresolved time semantics,Readers may need to inspect the upstream SEAD site page because the repository does not currently expose stronger reference links.
6093,Petter Pers i Flatenberg,Sweden,inventory_only_or_unresolved,duration_not_available,site_page_only,medium_access_constrained,context_layer_with_explicit_caveat,https://browser.sead.se/site/6093,Unresolved time semantics,Readers may need to inspect the upstream SEAD site page because the repository does not currently expose stronger reference links.
6094,Petterssons i Norrböle,Sweden,inventory_only_or_unresolved,duration_not_available,site_page_only,medium_access_constrained,context_layer_with_explicit_caveat,https://browser.sead.se/site/6094,Unresolved time semantics,Readers may need to inspect the upstream SEAD site page because the repository does not currently expose stronger reference links.
6095,Piper Pers i Vålberg,Sweden,inventory_only_or_unresolved,duration_not_available,site_page_only,medium_access_constrained,context_layer_with_explicit_caveat,https://browser.sead.se/site/6095,Unresolved time semantics,Readers may need to inspect the upstream SEAD site page because the repository does not currently expose stronger reference links.
6096,Plintsberg,Sweden,inventory_only_or_unresolved,duration_not_available,site_page_only,medium_access_constrained,context_layer_with_explicit_caveat,https://browser.sead.se/site/6096,Unresolved time semantics,Readers may need to inspect the upstream SEAD site page because the repository does not currently expose stronger reference links.
6098,Prans i Västbjörka,Sweden,inventory_only_or_unresolved,duration_not_available,site_page_only,medium_access_constrained,context_layer_with_explicit_caveat,https://browser.sead.se/site/6098,Unresolved time semantics,Readers may need to inspect the upstream SEAD site page because the repository does not currently expose stronger reference links.
6100,Prostgården,Sweden,inventory_only_or_unresolved,duration_not_available,site_page_only,medium_access_constrained,context_layer_with_explicit_caveat,https://browser.sead.se/site/6100,Unresolved time semantics,Readers may need to inspect the upstream SEAD site page because the repository does not currently expose stronger reference links.
6099,Prästgårdsloftet Älvdalen,Sweden,inventory_only_or_unresolved,duration_not_available,site_page_only,medium_access_constrained,context_layer_with_explicit_caveat,https://browser.sead.se/site/6099,Unresolved time semantics,Readers may need to inspect the upstream SEAD site page because the repository does not currently expose stronger reference links.
186,Prästsjödiket Umeå,Sweden,inventory_only_or_unresolved,duration_not_available,site_page_only,medium_access_constrained,context_layer_with_explicit_caveat,https://browser.sead.se/site/186,Unresolved time semantics,Readers may need to inspect the upstream SEAD site page because the repository does not currently expose stronger reference links.
6075,Päbul i Östnor,Sweden,inventory_only_or_unresolved,duration_not_available,site_page_only,medium_access_constrained,context_layer_with_explicit_caveat,https://browser.sead.se/site/6075,Unresolved time semantics,Readers may need to inspect the upstream SEAD site page because the repository does not currently expose stronger reference links.
6097,Pörte i Burängsberget,Sweden,inventory_only_or_unresolved,duration_not_available,site_page_only,medium_access_constrained,context_layer_with_explicit_caveat,https://browser.sead.se/site/6097,Unresolved time semantics,Readers may need to inspect the upstream SEAD site page because the repository does not currently expose stronger reference links.
4038,Radio Gotland,Sweden,inventory_only_or_unresolved,duration_not_available,site_page_only,medium_access_constrained,context_layer_with_explicit_caveat,https://browser.sead.se/site/4038,Unresolved time semantics,Readers may need to inspect the upstream SEAD site page because the repository does not currently expose stronger reference links.
6101,Ragunda gamla kyrka,Sweden,inventory_only_or_unresolved,duration_not_available,site_page_only,medium_access_constrained,context_layer_with_explicit_caveat,https://browser.sead.se/site/6101,Unresolved time semantics,Readers may need to inspect the upstream SEAD site page because the repository does not currently expose stronger reference links.
109,Ramsele Raä 160,Sweden,inventory_only_or_unresolved,duration_not_available,site_page_only,medium_access_constrained,context_layer_with_explicit_caveat,https://browser.sead.se/site/109,Unresolved time semantics,Readers may need to inspect the upstream SEAD site page because the repository does not currently expose stronger reference links.
6102,Rankhyttan,Sweden,inventory_only_or_unresolved,duration_not_available,site_page_only,medium_access_constrained,context_layer_with_explicit_caveat,https://browser.sead.se/site/6102,Unresolved time semantics,Readers may need to inspect the upstream SEAD site page because the repository does not currently expose stronger reference links.
6103,Ransbergs kyrka,Sweden,inventory_only_or_unresolved,duration_not_available,site_page_only,medium_access_constrained,context_layer_with_explicit_caveat,https://browser.sead.se/site/6103,Unresolved time semantics,Readers may need to inspect the upstream SEAD site page because the repository does not currently expose stronger reference links.
6104,Rapptorpen,Sweden,inventory_only_or_unresolved,duration_not_available,site_page_only,medium_access_constrained,context_layer_with_explicit_caveat,https://browser.sead.se/site/6104,Unresolved time semantics,Readers may need to inspect the upstream SEAD site page because the repository does not currently expose stronger reference links.
4981,Raunis,,inventory_only_or_unresolved,broad_context_duration,site_page_only,medium_access_constrained,context_layer_with_explicit_caveat,https://browser.sead.se/site/4981,,Readers may need to inspect the upstream SEAD site page because the repository does not currently expose stronger reference links.
6107,Renbergs i Öje,Sweden,inventory_only_or_unresolved,duration_not_available,site_page_only,medium_access_constrained,context_layer_with_explicit_caveat,https://browser.sead.se/site/6107,Unresolved time semantics,Readers may need to inspect the upstream SEAD site page because the repository does not currently expose stronger reference links.
6108,Resare-Olssons i Västberg,Sweden,inventory_only_or_unresolved,duration_not_available,site_page_only,medium_access_constrained,context_layer_with_explicit_caveat,https://browser.sead.se/site/6108,Unresolved time semantics,Readers may need to inspect the upstream SEAD site page because the repository does not currently expose stronger reference links.
6316,Reutersberg,Sweden,inventory_only_or_unresolved,duration_not_available,site_page_only,medium_access_constrained,context_layer_with_explicit_caveat,https://browser.sead.se/site/6316,Unresolved time semantics,Readers may need to inspect the upstream SEAD site page because the repository does not currently expose stronger reference links.
6109,Ribetua gård,Sweden,inventory_only_or_unresolved,duration_not_available,site_page_only,medium_access_constrained,context_layer_with_explicit_caveat,https://browser.sead.se/site/6109,Unresolved time semantics,Readers may need to inspect the upstream SEAD site page because the repository does not currently expose stronger reference links.
5448,Riga,,inventory_only_or_unresolved,broad_context_duration,site_page_only,medium_access_constrained,context_layer_with_explicit_caveat,https://browser.sead.se/site/5448,,Readers may need to inspect the upstream SEAD site page because the repository does not currently expose stronger reference links.
6317,Ringestena,Sweden,inventory_only_or_unresolved,duration_not_available,site_page_only,medium_access_constrained,context_layer_with_explicit_caveat,https://browser.sead.se/site/6317,Unresolved time semantics,Readers may need to inspect the upstream SEAD site page because the repository does not currently expose stronger reference links.
6110,Ringsta,Sweden,inventory_only_or_unresolved,duration_not_available,site_page_only,medium_access_constrained,context_layer_with_explicit_caveat,https://browser.sead.se/site/6110,Unresolved time semantics,Readers may need to inspect the upstream SEAD site page because the repository does not currently expose stronger reference links.
6318,Ringsö,Sweden,inventory_only_or_unresolved,duration_not_available,site_page_only,medium_access_constrained,context_layer_with_explicit_caveat,https://browser.sead.se/site/6318,Unresolved time semantics,Readers may need to inspect the upstream SEAD site page because the repository does not currently expose stronger reference links.
343,Ripkallhögen,Sweden,inventory_only_or_unresolved,duration_not_available,site_page_only,medium_access_constrained,context_layer_with_explicit_caveat,https://browser.sead.se/site/343,Unresolved time semantics,Readers may need to inspect the upstream SEAD site page because the repository does not currently expose stronger reference links.
6111,Ripsa kyrka,Sweden,inventory_only_or_unresolved,duration_not_available,site_page_only,medium_access_constrained,context_layer_with_explicit_caveat,https://browser.sead.se/site/6111,Unresolved time semantics,Readers may need to inspect the upstream SEAD site page because the repository does not currently expose stronger reference links.
6112,Risaloftet,Sweden,inventory_only_or_unresolved,duration_not_available,site_page_only,medium_access_constrained,context_layer_with_explicit_caveat,https://browser.sead.se/site/6112,Unresolved time semantics,Readers may need to inspect the upstream SEAD site page because the repository does not currently expose stronger reference links.
4605,Rjurikovo Gorodisce,,inventory_only_or_unresolved,broad_context_duration,site_page_only,medium_access_constrained,context_layer_with_explicit_caveat,https://browser.sead.se/site/4605,,Readers may need to inspect the upstream SEAD site page because the repository does not currently expose stronger reference links.
6113,Rombins i Östnor,Sweden,inventory_only_or_unresolved,duration_not_available,site_page_only,medium_access_constrained,context_layer_with_explicit_caveat,https://browser.sead.se/site/6113,Unresolved time semantics,Readers may need to inspect the upstream SEAD site page because the repository does not currently expose stronger reference links.
6114,Romson-gården i Noret,Sweden,inventory_only_or_unresolved,duration_not_available,site_page_only,medium_access_constrained,context_layer_with_explicit_caveat,https://browser.sead.se/site/6114,Unresolved time semantics,Readers may need to inspect the upstream SEAD site page because the repository does not currently expose stronger reference links.
3504,Rosenhof,,inventory_only_or_unresolved,broad_context_duration,site_page_only,medium_access_constrained,context_layer_with_explicit_caveat,https://browser.sead.se/site/3504,,Readers may need to inspect the upstream SEAD site page because the repository does not currently expose stronger reference links.
3505,Rosenhof,,inventory_only_or_unresolved,broad_context_duration,site_page_only,medium_access_constrained,context_layer_with_explicit_caveat,https://browser.sead.se/site/3505,,Readers may need to inspect the upstream SEAD site page because the repository does not currently expose stronger reference links.
6115,Rosenvingeska huset,Sweden,inventory_only_or_unresolved,duration_not_available,site_page_only,medium_access_constrained,context_layer_with_explicit_caveat,https://browser.sead.se/site/6115,Unresolved time semantics,Readers may need to inspect the upstream SEAD site page because the repository does not currently expose stronger reference links.
5656,Roslättsgård,Sweden,inventory_only_or_unresolved,duration_not_available,site_page_only,medium_access_constrained,context_layer_with_explicit_caveat,https://browser.sead.se/site/5656,Unresolved time semantics,Readers may need to inspect the upstream SEAD site page because the repository does not currently expose stronger reference links.
6116,Roth i Sterte,Sweden,inventory_only_or_unresolved,duration_not_available,site_page_only,medium_access_constrained,context_layer_with_explicit_caveat,https://browser.sead.se/site/6116,Unresolved time semantics,Readers may need to inspect the upstream SEAD site page because the repository does not currently expose stronger reference links.
5676,RTM Buxabygd,Sweden,inventory_only_or_unresolved,duration_not_available,site_page_only,medium_access_constrained,context_layer_with_explicit_caveat,https://browser.sead.se/site/5676,Unresolved time semantics,Readers may need to inspect the upstream SEAD site page because the repository does not currently expose stronger reference links.
100,"Ruksesbákti, Indre Sandvik",Norway,inventory_only_or_unresolved,duration_not_available,site_page_only,medium_access_constrained,context_layer_with_explicit_caveat,https://browser.sead.se/site/100,Unresolved time semantics,Readers may need to inspect the upstream SEAD site page because the repository does not currently expose stronger reference links.
6354,Rumskulla 234:1,Sweden,inventory_only_or_unresolved,duration_not_available,site_page_only,medium_access_constrained,context_layer_with_explicit_caveat,https://browser.sead.se/site/6354,Unresolved time semantics,Readers may need to inspect the upstream SEAD site page because the repository does not currently expose stronger reference links.
6117,Runtuna kyrka,Sweden,inventory_only_or_unresolved,duration_not_available,site_page_only,medium_access_constrained,context_layer_with_explicit_caveat,https://browser.sead.se/site/6117,Unresolved time semantics,Readers may need to inspect the upstream SEAD site page because the repository does not currently expose stronger reference links.
6118,Rutå Lars Rutån,Sweden,inventory_only_or_unresolved,duration_not_available,site_page_only,medium_access_constrained,context_layer_with_explicit_caveat,https://browser.sead.se/site/6118,Unresolved time semantics,Readers may need to inspect the upstream SEAD site page because the repository does not currently expose stronger reference links.
6119,Ryds herrgård,Sweden,inventory_only_or_unresolved,duration_not_available,site_page_only,medium_access_constrained,context_layer_with_explicit_caveat,https://browser.sead.se/site/6119,Unresolved time semantics,Readers may need to inspect the upstream SEAD site page because the repository does not currently expose stronger reference links.
4031,Ryssby kyrka,Sweden,inventory_only_or_unresolved,duration_not_available,site_page_only,medium_access_constrained,context_layer_with_explicit_caveat,https://browser.sead.se/site/4031,Unresolved time semantics,Readers may need to inspect the upstream SEAD site page because the repository does not currently expose stronger reference links.
6120,Ryttartorpet,Sweden,inventory_only_or_unresolved,duration_not_available,site_page_only,medium_access_constrained,context_layer_with_explicit_caveat,https://browser.sead.se/site/6120,Unresolved time semantics,Readers may need to inspect the upstream SEAD site page because the repository does not currently expose stronger reference links.
6121,Ryttartorpet bod,Sweden,inventory_only_or_unresolved,duration_not_available,site_page_only,medium_access_constrained,context_layer_with_explicit_caveat,https://browser.sead.se/site/6121,Unresolved time semantics,Readers may need to inspect the upstream SEAD site page because the repository does not currently expose stronger reference links.
6122,Ryttartorpet fähus,Sweden,inventory_only_or_unresolved,duration_not_available,site_page_only,medium_access_constrained,context_layer_with_explicit_caveat,https://browser.sead.se/site/6122,Unresolved time semantics,Readers may need to inspect the upstream SEAD site page because the repository does not currently expose stronger reference links.
6123,Ryttartorpet tröskloge,Sweden,inventory_only_or_unresolved,duration_not_available,site_page_only,medium_access_constrained,context_layer_with_explicit_caveat,https://browser.sead.se/site/6123,Unresolved time semantics,Readers may need to inspect the upstream SEAD site page because the repository does not currently expose stronger reference links.
3500,Ryurik Gorodishche,,inventory_only_or_unresolved,broad_context_duration,site_page_only,medium_access_constrained,context_layer_with_explicit_caveat,https://browser.sead.se/site/3500,,Readers may need to inspect the upstream SEAD site page because the repository does not currently expose stronger reference links.
6105,Rättviks kyrka,Sweden,inventory_only_or_unresolved,duration_not_available,site_page_only,medium_access_constrained,context_layer_with_explicit_caveat,https://browser.sead.se/site/6105,Unresolved time semantics,Readers may need to inspect the upstream SEAD site page because the repository does not currently expose stronger reference links.
6106,Rävinge kyrka,Sweden,inventory_only_or_unresolved,duration_not_available,site_page_only,medium_access_constrained,context_layer_with_explicit_caveat,https://browser.sead.se/site/6106,Unresolved time semantics,Readers may need to inspect the upstream SEAD site page because the repository does not currently expose stronger reference links.
184,Råda Raä 101,Sweden,inventory_only_or_unresolved,duration_not_available,site_page_only,medium_access_constrained,context_layer_with_explicit_caveat,https://browser.sead.se/site/184,Unresolved time semantics,Readers may need to inspect the upstream SEAD site page because the repository does not currently expose stronger reference links.
370,Råneå 414,Sweden,inventory_only_or_unresolved,duration_not_available,site_page_only,medium_access_constrained,context_layer_with_explicit_caveat,https://browser.sead.se/site/370,Unresolved time semantics,Readers may need to inspect the upstream SEAD site page because the repository does not currently expose stronger reference links.
369,Rönnby-Skultuna,Sweden,inventory_only_or_unresolved,duration_not_available,site_page_only,medium_access_constrained,context_layer_with_explicit_caveat,https://browser.sead.se/site/369,Unresolved time semantics,Readers may need to inspect the upstream SEAD site page because the repository does not currently expose stronger reference links.
126,Rød Terrasse,Norway,inventory_only_or_unresolved,duration_not_available,site_page_only,medium_access_constrained,context_layer_with_explicit_caveat,https://browser.sead.se/site/126,Unresolved time semantics,Readers may need to inspect the upstream SEAD site page because the repository does not currently expose stronger reference links.
165,Rødstranda,Norway,inventory_only_or_unresolved,duration_not_available,site_page_only,medium_access_constrained,context_layer_with_explicit_caveat,https://browser.sead.se/site/165,Unresolved time semantics,Readers may need to inspect the upstream SEAD site page because the repository does not currently expose stronger reference links.
6137,S'Ers-gården i Österby,Sweden,inventory_only_or_unresolved,duration_not_available,site_page_only,medium_access_constrained,context_layer_with_explicit_caveat,https://browser.sead.se/site/6137,Unresolved time semantics,Readers may need to inspect the upstream SEAD site page because the repository does not currently expose stronger reference links.
6124,Sahréns i Färnäs,Sweden,inventory_only_or_unresolved,duration_not_available,site_page_only,medium_access_constrained,context_layer_with_explicit_caveat,https://browser.sead.se/site/6124,Unresolved time semantics,Readers may need to inspect the upstream SEAD site page because the repository does not currently expose stronger reference links.
4886,Sakkola,,inventory_only_or_unresolved,broad_context_duration,site_page_only,medium_access_constrained,context_layer_with_explicit_caveat,https://browser.sead.se/site/4886,,Readers may need to inspect the upstream SEAD site page because the repository does not currently expose stronger reference links.
6125,Sala sockenkyrka,Sweden,inventory_only_or_unresolved,duration_not_available,site_page_only,medium_access_constrained,context_layer_with_explicit_caveat,https://browser.sead.se/site/6125,Unresolved time semantics,Readers may need to inspect the upstream SEAD site page because the repository does not currently expose stronger reference links.
6127,Saltosas i Klappsta,Sweden,inventory_only_or_unresolved,duration_not_available,site_page_only,medium_access_constrained,context_layer_with_explicit_caveat,https://browser.sead.se/site/6127,Unresolved time semantics,Readers may need to inspect the upstream SEAD site page because the repository does not currently expose stronger reference links.
6128,Samlängan Hjältanstorp,Sweden,inventory_only_or_unresolved,duration_not_available,site_page_only,medium_access_constrained,context_layer_with_explicit_caveat,https://browser.sead.se/site/6128,Unresolved time semantics,Readers may need to inspect the upstream SEAD site page because the repository does not currently expose stronger reference links.
6129,Sandvikshärbret,Sweden,inventory_only_or_unresolved,duration_not_available,site_page_only,medium_access_constrained,context_layer_with_explicit_caveat,https://browser.sead.se/site/6129,Unresolved time semantics,Readers may need to inspect the upstream SEAD site page because the repository does not currently expose stronger reference links.
6408,Sankt Johannes 96:1,Sweden,inventory_only_or_unresolved,duration_not_available,site_page_only,medium_access_constrained,context_layer_with_explicit_caveat,https://browser.sead.se/site/6408,Unresolved time semantics,Readers may need to inspect the upstream SEAD site page because the repository does not currently expose stronger reference links.
6130,Sankt Petri Kyrka,Sweden,inventory_only_or_unresolved,duration_not_available,site_page_only,medium_access_constrained,context_layer_with_explicit_caveat,https://browser.sead.se/site/6130,Unresolved time semantics,Readers may need to inspect the upstream SEAD site page because the repository does not currently expose stronger reference links.
6131,Sankta Karins kapell,Sweden,inventory_only_or_unresolved,duration_not_available,site_page_only,medium_access_constrained,context_layer_with_explicit_caveat,https://browser.sead.se/site/6131,Unresolved time semantics,Readers may need to inspect the upstream SEAD site page because the repository does not currently expose stronger reference links.
6132,Sannagård i Sillerbo,Sweden,inventory_only_or_unresolved,duration_not_available,site_page_only,medium_access_constrained,context_layer_with_explicit_caveat,https://browser.sead.se/site/6132,Unresolved time semantics,Readers may need to inspect the upstream SEAD site page because the repository does not currently expose stronger reference links.
6133,Sarasgården Isala,Sweden,inventory_only_or_unresolved,duration_not_available,site_page_only,medium_access_constrained,context_layer_with_explicit_caveat,https://browser.sead.se/site/6133,Unresolved time semantics,Readers may need to inspect the upstream SEAD site page because the repository does not currently expose stronger reference links.
6136,Selens fäbod,Sweden,inventory_only_or_unresolved,duration_not_available,site_page_only,medium_access_constrained,context_layer_with_explicit_caveat,https://browser.sead.se/site/6136,Unresolved time semantics,Readers may need to inspect the upstream SEAD site page because the repository does not currently expose stronger reference links.
325,Selånger Raä 136,Sweden,inventory_only_or_unresolved,duration_not_available,site_page_only,medium_access_constrained,context_layer_with_explicit_caveat,https://browser.sead.se/site/325,Unresolved time semantics,Readers may need to inspect the upstream SEAD site page because the repository does not currently expose stronger reference links.
6138,Sibbolängena i Nedre Gärdsjö,Sweden,inventory_only_or_unresolved,duration_not_available,site_page_only,medium_access_constrained,context_layer_with_explicit_caveat,https://browser.sead.se/site/6138,Unresolved time semantics,Readers may need to inspect the upstream SEAD site page because the repository does not currently expose stronger reference links.
3487,Siggeneben,,inventory_only_or_unresolved,broad_context_duration,site_page_only,medium_access_constrained,context_layer_with_explicit_caveat,https://browser.sead.se/site/3487,,Readers may need to inspect the upstream SEAD site page because the repository does not currently expose stronger reference links.
6421,Sigtuna 195:1,Sweden,inventory_only_or_unresolved,duration_not_available,site_page_only,medium_access_constrained,context_layer_with_explicit_caveat,https://browser.sead.se/site/6421,Unresolved time semantics,Readers may need to inspect the upstream SEAD site page because the repository does not currently expose stronger reference links.
6321,Silje,Sweden,inventory_only_or_unresolved,duration_not_available,site_page_only,medium_access_constrained,context_layer_with_explicit_caveat,https://browser.sead.se/site/6321,Unresolved time semantics,Readers may need to inspect the upstream SEAD site page because the repository does not currently expose stronger reference links.
6386,Silvåkra 10:1,Sweden,inventory_only_or_unresolved,duration_not_available,site_page_only,medium_access_constrained,context_layer_with_explicit_caveat,https://browser.sead.se/site/6386,Unresolved time semantics,Readers may need to inspect the upstream SEAD site page because the repository does not currently expose stronger reference links.
345,Själstuga,Sweden,inventory_only_or_unresolved,duration_not_available,site_page_only,medium_access_constrained,context_layer_with_explicit_caveat,https://browser.sead.se/site/345,Unresolved time semantics,Readers may need to inspect the upstream SEAD site page because the repository does not currently expose stronger reference links.
6139,Sjöbloms i Gärde,Sweden,inventory_only_or_unresolved,duration_not_available,site_page_only,medium_access_constrained,context_layer_with_explicit_caveat,https://browser.sead.se/site/6139,Unresolved time semantics,Readers may need to inspect the upstream SEAD site page because the repository does not currently expose stronger reference links.
6140,Sjösås gamla kyrka,Sweden,inventory_only_or_unresolved,duration_not_available,site_page_only,medium_access_constrained,context_layer_with_explicit_caveat,https://browser.sead.se/site/6140,Unresolved time semantics,Readers may need to inspect the upstream SEAD site page because the repository does not currently expose stronger reference links.
6141,Skagerholms gård,Sweden,inventory_only_or_unresolved,duration_not_available,site_page_only,medium_access_constrained,context_layer_with_explicit_caveat,https://browser.sead.se/site/6141,Unresolved time semantics,Readers may need to inspect the upstream SEAD site page because the repository does not currently expose stronger reference links.
6144,Skalunda kyrka,Sweden,inventory_only_or_unresolved,duration_not_available,site_page_only,medium_access_constrained,context_layer_with_explicit_caveat,https://browser.sead.se/site/6144,Unresolved time semantics,Readers may need to inspect the upstream SEAD site page because the repository does not currently expose stronger reference links.
6146,Skanör Stubbamölla,Sweden,inventory_only_or_unresolved,duration_not_available,site_page_only,medium_access_constrained,context_layer_with_explicit_caveat,https://browser.sead.se/site/6146,Unresolved time semantics,Readers may need to inspect the upstream SEAD site page because the repository does not currently expose stronger reference links.
182,Skeby Raä 46,Sweden,inventory_only_or_unresolved,duration_not_available,site_page_only,medium_access_constrained,context_layer_with_explicit_caveat,https://browser.sead.se/site/182,Unresolved time semantics,Readers may need to inspect the upstream SEAD site page because the repository does not currently expose stronger reference links.
381,Skederid 106,Sweden,inventory_only_or_unresolved,duration_not_available,site_page_only,medium_access_constrained,context_layer_with_explicit_caveat,https://browser.sead.se/site/381,Unresolved time semantics,Readers may need to inspect the upstream SEAD site page because the repository does not currently expose stronger reference links.
337,Skederid Raä 190,Sweden,inventory_only_or_unresolved,duration_not_available,site_page_only,medium_access_constrained,context_layer_with_explicit_caveat,https://browser.sead.se/site/337,Unresolved time semantics,Readers may need to inspect the upstream SEAD site page because the repository does not currently expose stronger reference links.
67,Skee 1593:1,Sweden,inventory_only_or_unresolved,duration_not_available,site_page_only,medium_access_constrained,context_layer_with_explicit_caveat,https://browser.sead.se/site/67,Unresolved time semantics,Readers may need to inspect the upstream SEAD site page because the repository does not currently expose stronger reference links.
204,Skellefteå socken Raä 198,Sweden,inventory_only_or_unresolved,duration_not_available,site_page_only,medium_access_constrained,context_layer_with_explicit_caveat,https://browser.sead.se/site/204,Unresolved time semantics,Readers may need to inspect the upstream SEAD site page because the repository does not currently expose stronger reference links.
255,Skellefteå stad Raä 632,Sweden,inventory_only_or_unresolved,duration_not_available,site_page_only,medium_access_constrained,context_layer_with_explicit_caveat,https://browser.sead.se/site/255,Unresolved time semantics,Readers may need to inspect the upstream SEAD site page because the repository does not currently expose stronger reference links.
123,Skjærvika,Norway,inventory_only_or_unresolved,duration_not_available,site_page_only,medium_access_constrained,context_layer_with_explicit_caveat,https://browser.sead.se/site/123,Unresolved time semantics,Readers may need to inspect the upstream SEAD site page because the repository does not currently expose stronger reference links.
125,Skog Raä 7,Sweden,inventory_only_or_unresolved,duration_not_available,site_page_only,medium_access_constrained,context_layer_with_explicit_caveat,https://browser.sead.se/site/125,Unresolved time semantics,Readers may need to inspect the upstream SEAD site page because the repository does not currently expose stronger reference links.
6147,Skog-gard i Nusnäs,Sweden,inventory_only_or_unresolved,duration_not_available,site_page_only,medium_access_constrained,context_layer_with_explicit_caveat,https://browser.sead.se/site/6147,Unresolved time semantics,Readers may need to inspect the upstream SEAD site page because the repository does not currently expose stronger reference links.
6148,Skom Lars i Tällberg,Sweden,inventory_only_or_unresolved,duration_not_available,site_page_only,medium_access_constrained,context_layer_with_explicit_caveat,https://browser.sead.se/site/6148,Unresolved time semantics,Readers may need to inspect the upstream SEAD site page because the repository does not currently expose stronger reference links.
6149,Skommars i Heden,Sweden,inventory_only_or_unresolved,duration_not_available,site_page_only,medium_access_constrained,context_layer_with_explicit_caveat,https://browser.sead.se/site/6149,Unresolved time semantics,Readers may need to inspect the upstream SEAD site page because the repository does not currently expose stronger reference links.
6151,Skottsbergska gården,Sweden,inventory_only_or_unresolved,duration_not_available,site_page_only,medium_access_constrained,context_layer_with_explicit_caveat,https://browser.sead.se/site/6151,Unresolved time semantics,Readers may need to inspect the upstream SEAD site page because the repository does not currently expose stronger reference links.
6153,Skraders i Ribbåsen,Sweden,inventory_only_or_unresolved,duration_not_available,site_page_only,medium_access_constrained,context_layer_with_explicit_caveat,https://browser.sead.se/site/6153,Unresolved time semantics,Readers may need to inspect the upstream SEAD site page because the repository does not currently expose stronger reference links.
29,Skrea Raä 106,Sweden,inventory_only_or_unresolved,duration_not_available,site_page_only,medium_access_constrained,context_layer_with_explicit_caveat,https://browser.sead.se/site/29,Unresolved time semantics,Readers may need to inspect the upstream SEAD site page because the repository does not currently expose stronger reference links.
57,Skrea Raä 162,Sweden,inventory_only_or_unresolved,duration_not_available,site_page_only,medium_access_constrained,context_layer_with_explicit_caveat,https://browser.sead.se/site/57,Unresolved time semantics,Readers may need to inspect the upstream SEAD site page because the repository does not currently expose stronger reference links.
3,Skrea Raä 177,Sweden,inventory_only_or_unresolved,duration_not_available,site_page_only,medium_access_constrained,context_layer_with_explicit_caveat,https://browser.sead.se/site/3,Unresolved time semantics,Readers may need to inspect the upstream SEAD site page because the repository does not currently expose stronger reference links.
22,Skrea Raä 191,Sweden,inventory_only_or_unresolved,duration_not_available,site_page_only,medium_access_constrained,context_layer_with_explicit_caveat,https://browser.sead.se/site/22,Unresolved time semantics,Readers may need to inspect the upstream SEAD site page because the repository does not currently expose stronger reference links.
77,Skrea Raä 193,Sweden,inventory_only_or_unresolved,duration_not_available,site_page_only,medium_access_constrained,context_layer_with_explicit_caveat,https://browser.sead.se/site/77,Unresolved time semantics,Readers may need to inspect the upstream SEAD site page because the repository does not currently expose stronger reference links.
2,Skrea Raä 194,Sweden,inventory_only_or_unresolved,duration_not_available,site_page_only,medium_access_constrained,context_layer_with_explicit_caveat,https://browser.sead.se/site/2,Unresolved time semantics,Readers may need to inspect the upstream SEAD site page because the repository does not currently expose stronger reference links.
115,Skrea Raä 195,Sweden,inventory_only_or_unresolved,duration_not_available,site_page_only,medium_access_constrained,context_layer_with_explicit_caveat,https://browser.sead.se/site/115,Unresolved time semantics,Readers may need to inspect the upstream SEAD site page because the repository does not currently expose stronger reference links.
19,Skrea Raä 77,Sweden,inventory_only_or_unresolved,duration_not_available,site_page_only,medium_access_constrained,context_layer_with_explicit_caveat,https://browser.sead.se/site/19,Unresolved time semantics,Readers may need to inspect the upstream SEAD site page because the repository does not currently expose stronger reference links.
6152,Skräddars,Sweden,inventory_only_or_unresolved,duration_not_available,site_page_only,medium_access_constrained,context_layer_with_explicit_caveat,https://browser.sead.se/site/6152,Unresolved time semantics,Readers may need to inspect the upstream SEAD site page because the repository does not currently expose stronger reference links.
6142,Skäggalösa Norregård,Sweden,inventory_only_or_unresolved,duration_not_available,site_page_only,medium_access_constrained,context_layer_with_explicit_caveat,https://browser.sead.se/site/6142,Unresolved time semantics,Readers may need to inspect the upstream SEAD site page because the repository does not currently expose stronger reference links.
6455,Skällvik 222:1,Sweden,inventory_only_or_unresolved,duration_not_available,site_page_only,medium_access_constrained,context_layer_with_explicit_caveat,https://browser.sead.se/site/6455,Unresolved time semantics,Readers may need to inspect the upstream SEAD site page because the repository does not currently expose stronger reference links.
6145,Skälvums kyrka,Sweden,inventory_only_or_unresolved,duration_not_available,site_page_only,medium_access_constrained,context_layer_with_explicit_caveat,https://browser.sead.se/site/6145,Unresolved time semantics,Readers may need to inspect the upstream SEAD site page because the repository does not currently expose stronger reference links.
6404,Skänninge 52,Sweden,inventory_only_or_unresolved,duration_not_available,site_page_only,medium_access_constrained,context_layer_with_explicit_caveat,https://browser.sead.se/site/6404,Unresolved time semantics,Readers may need to inspect the upstream SEAD site page because the repository does not currently expose stronger reference links.
6411,Skänninge 5:1,Sweden,inventory_only_or_unresolved,duration_not_available,site_page_only,medium_access_constrained,context_layer_with_explicit_caveat,https://browser.sead.se/site/6411,Unresolved time semantics,Readers may need to inspect the upstream SEAD site page because the repository does not currently expose stronger reference links.
6143,Skålö,Sweden,inventory_only_or_unresolved,duration_not_available,site_page_only,medium_access_constrained,context_layer_with_explicit_caveat,https://browser.sead.se/site/6143,Unresolved time semantics,Readers may need to inspect the upstream SEAD site page because the repository does not currently expose stronger reference links.
352,Skön Raä 164,Sweden,inventory_only_or_unresolved,duration_not_available,site_page_only,medium_access_constrained,context_layer_with_explicit_caveat,https://browser.sead.se/site/352,Unresolved time semantics,Readers may need to inspect the upstream SEAD site page because the repository does not currently expose stronger reference links.
6150,Skörstorps kyrka,Sweden,inventory_only_or_unresolved,duration_not_available,site_page_only,medium_access_constrained,context_layer_with_explicit_caveat,https://browser.sead.se/site/6150,Unresolved time semantics,Readers may need to inspect the upstream SEAD site page because the repository does not currently expose stronger reference links.
241,Skövde Raä 158,Sweden,inventory_only_or_unresolved,duration_not_available,site_page_only,medium_access_constrained,context_layer_with_explicit_caveat,https://browser.sead.se/site/241,Unresolved time semantics,Readers may need to inspect the upstream SEAD site page because the repository does not currently expose stronger reference links.
5660,Slättåkra,Sweden,inventory_only_or_unresolved,duration_not_available,site_page_only,medium_access_constrained,context_layer_with_explicit_caveat,https://browser.sead.se/site/5660,Unresolved time semantics,Readers may need to inspect the upstream SEAD site page because the repository does not currently expose stronger reference links.
4006,Slättåkra lillegård,Sweden,inventory_only_or_unresolved,duration_not_available,site_page_only,medium_access_constrained,context_layer_with_explicit_caveat,https://browser.sead.se/site/4006,Unresolved time semantics,Readers may need to inspect the upstream SEAD site page because the repository does not currently expose stronger reference links.
1,Slöinge Raä 114,Sweden,inventory_only_or_unresolved,duration_not_available,site_page_only,medium_access_constrained,context_layer_with_explicit_caveat,https://browser.sead.se/site/1,Unresolved time semantics,Readers may need to inspect the upstream SEAD site page because the repository does not currently expose stronger reference links.
16,Slöinge Raä 115,Sweden,inventory_only_or_unresolved,duration_not_available,site_page_only,medium_access_constrained,context_layer_with_explicit_caveat,https://browser.sead.se/site/16,Unresolved time semantics,Readers may need to inspect the upstream SEAD site page because the repository does not currently expose stronger reference links.
6155,Smedja Nusnäs Zorns gammelgård,Sweden,inventory_only_or_unresolved,duration_not_available,site_page_only,medium_access_constrained,context_layer_with_explicit_caveat,https://browser.sead.se/site/6155,Unresolved time semantics,Readers may need to inspect the upstream SEAD site page because the repository does not currently expose stronger reference links.
6156,Smedjan i Läde,Sweden,inventory_only_or_unresolved,duration_not_available,site_page_only,medium_access_constrained,context_layer_with_explicit_caveat,https://browser.sead.se/site/6156,Unresolved time semantics,Readers may need to inspect the upstream SEAD site page because the repository does not currently expose stronger reference links.
6157,Smedjegatan 22,Sweden,inventory_only_or_unresolved,duration_not_available,site_page_only,medium_access_constrained,context_layer_with_explicit_caveat,https://browser.sead.se/site/6157,Unresolved time semantics,Readers may need to inspect the upstream SEAD site page because the repository does not currently expose stronger reference links.
6158,Smens i Yg,Sweden,inventory_only_or_unresolved,duration_not_available,site_page_only,medium_access_constrained,context_layer_with_explicit_caveat,https://browser.sead.se/site/6158,Unresolved time semantics,Readers may need to inspect the upstream SEAD site page because the repository does not currently expose stronger reference links.
6159,Smensgård i Torrbergsbo,Sweden,inventory_only_or_unresolved,duration_not_available,site_page_only,medium_access_constrained,context_layer_with_explicit_caveat,https://browser.sead.se/site/6159,Unresolved time semantics,Readers may need to inspect the upstream SEAD site page because the repository does not currently expose stronger reference links.
6154,Smälingsgården,Sweden,inventory_only_or_unresolved,duration_not_available,site_page_only,medium_access_constrained,context_layer_with_explicit_caveat,https://browser.sead.se/site/6154,Unresolved time semantics,Readers may need to inspect the upstream SEAD site page because the repository does not currently expose stronger reference links.
26,Snöstorp Raä 106,Sweden,inventory_only_or_unresolved,duration_not_available,site_page_only,medium_access_constrained,context_layer_with_explicit_caveat,https://browser.sead.se/site/26,Unresolved time semantics,Readers may need to inspect the upstream SEAD site page because the repository does not currently expose stronger reference links.
378,Solberg 1:15,Sweden,inventory_only_or_unresolved,duration_not_available,site_page_only,medium_access_constrained,context_layer_with_explicit_caveat,https://browser.sead.se/site/378,Unresolved time semantics,Readers may need to inspect the upstream SEAD site page because the repository does not currently expose stronger reference links.
299,Solberga,Sweden,inventory_only_or_unresolved,duration_not_available,site_page_only,medium_access_constrained,context_layer_with_explicit_caveat,https://browser.sead.se/site/299,Unresolved time semantics,Readers may need to inspect the upstream SEAD site page because the repository does not currently expose stronger reference links.
6164,Solna kyrka,Sweden,inventory_only_or_unresolved,duration_not_available,site_page_only,medium_access_constrained,context_layer_with_explicit_caveat,https://browser.sead.se/site/6164,Unresolved time semantics,Readers may need to inspect the upstream SEAD site page because the repository does not currently expose stronger reference links.
6165,Solna kyrka ladan,Sweden,inventory_only_or_unresolved,duration_not_available,site_page_only,medium_access_constrained,context_layer_with_explicit_caveat,https://browser.sead.se/site/6165,Unresolved time semantics,Readers may need to inspect the upstream SEAD site page because the repository does not currently expose stronger reference links.
6166,Solumnshamn,Sweden,inventory_only_or_unresolved,duration_not_available,site_page_only,medium_access_constrained,context_layer_with_explicit_caveat,https://browser.sead.se/site/6166,Unresolved time semantics,Readers may need to inspect the upstream SEAD site page because the repository does not currently expose stronger reference links.
6167,Solviks i kyrkbyn Boda,Sweden,inventory_only_or_unresolved,duration_not_available,site_page_only,medium_access_constrained,context_layer_with_explicit_caveat,https://browser.sead.se/site/6167,Unresolved time semantics,Readers may need to inspect the upstream SEAD site page because the repository does not currently expose stronger reference links.
6169,Sommarlagård Hjältanstorp,Sweden,inventory_only_or_unresolved,duration_not_available,site_page_only,medium_access_constrained,context_layer_with_explicit_caveat,https://browser.sead.se/site/6169,Unresolved time semantics,Readers may need to inspect the upstream SEAD site page because the repository does not currently expose stronger reference links.
6170,Sonaboda,Sweden,inventory_only_or_unresolved,duration_not_available,site_page_only,medium_access_constrained,context_layer_with_explicit_caveat,https://browser.sead.se/site/6170,Unresolved time semantics,Readers may need to inspect the upstream SEAD site page because the repository does not currently expose stronger reference links.
240,Sorsele Raä 277,Sweden,inventory_only_or_unresolved,duration_not_available,site_page_only,medium_access_constrained,context_layer_with_explicit_caveat,https://browser.sead.se/site/240,Unresolved time semantics,Readers may need to inspect the upstream SEAD site page because the repository does not currently expose stronger reference links.
6173,Sosserladan Fåsås,Sweden,inventory_only_or_unresolved,duration_not_available,site_page_only,medium_access_constrained,context_layer_with_explicit_caveat,https://browser.sead.se/site/6173,Unresolved time semantics,Readers may need to inspect the upstream SEAD site page because the repository does not currently expose stronger reference links.
6174,Sotarskärsviken i Ältebo,Sweden,inventory_only_or_unresolved,duration_not_available,site_page_only,medium_access_constrained,context_layer_with_explicit_caveat,https://browser.sead.se/site/6174,Unresolved time semantics,Readers may need to inspect the upstream SEAD site page because the repository does not currently expose stronger reference links.
6176,Sparreska palatset,Sweden,inventory_only_or_unresolved,duration_not_available,site_page_only,medium_access_constrained,context_layer_with_explicit_caveat,https://browser.sead.se/site/6176,Unresolved time semantics,Readers may need to inspect the upstream SEAD site page because the repository does not currently expose stronger reference links.
6177,Sparrgården i Indor,Sweden,inventory_only_or_unresolved,duration_not_available,site_page_only,medium_access_constrained,context_layer_with_explicit_caveat,https://browser.sead.se/site/6177,Unresolved time semantics,Readers may need to inspect the upstream SEAD site page because the repository does not currently expose stronger reference links.
6178,Sparvgården i Backa,Sweden,inventory_only_or_unresolved,duration_not_available,site_page_only,medium_access_constrained,context_layer_with_explicit_caveat,https://browser.sead.se/site/6178,Unresolved time semantics,Readers may need to inspect the upstream SEAD site page because the repository does not currently expose stronger reference links.
5651,Spinkarp,Sweden,inventory_only_or_unresolved,duration_not_available,site_page_only,medium_access_constrained,context_layer_with_explicit_caveat,https://browser.sead.se/site/5651,Unresolved time semantics,Readers may need to inspect the upstream SEAD site page because the repository does not currently expose stronger reference links.
6179,Spinkarps gård,Sweden,inventory_only_or_unresolved,duration_not_available,site_page_only,medium_access_constrained,context_layer_with_explicit_caveat,https://browser.sead.se/site/6179,Unresolved time semantics,Readers may need to inspect the upstream SEAD site page because the repository does not currently expose stronger reference links.
6180,Sporrakulla,Sweden,inventory_only_or_unresolved,duration_not_available,site_page_only,medium_access_constrained,context_layer_with_explicit_caveat,https://browser.sead.se/site/6180,Unresolved time semantics,Readers may need to inspect the upstream SEAD site page because the repository does not currently expose stronger reference links.
6181,Staffans i Åsen,Sweden,inventory_only_or_unresolved,duration_not_available,site_page_only,medium_access_constrained,context_layer_with_explicit_caveat,https://browser.sead.se/site/6181,Unresolved time semantics,Readers may need to inspect the upstream SEAD site page because the repository does not currently expose stronger reference links.
6182,Staffas i Nedre Gärdsjö,Sweden,inventory_only_or_unresolved,duration_not_available,site_page_only,medium_access_constrained,context_layer_with_explicit_caveat,https://browser.sead.se/site/6182,Unresolved time semantics,Readers may need to inspect the upstream SEAD site page because the repository does not currently expose stronger reference links.
6183,Staffas i Ovanmyra,Sweden,inventory_only_or_unresolved,duration_not_available,site_page_only,medium_access_constrained,context_layer_with_explicit_caveat,https://browser.sead.se/site/6183,Unresolved time semantics,Readers may need to inspect the upstream SEAD site page because the repository does not currently expose stronger reference links.
56,Stafsinge 118,Sweden,inventory_only_or_unresolved,duration_not_available,site_page_only,medium_access_constrained,context_layer_with_explicit_caveat,https://browser.sead.se/site/56,Unresolved time semantics,Readers may need to inspect the upstream SEAD site page because the repository does not currently expose stronger reference links.
9,Stafsinge Raä 120,Sweden,inventory_only_or_unresolved,duration_not_available,site_page_only,medium_access_constrained,context_layer_with_explicit_caveat,https://browser.sead.se/site/9,Unresolved time semantics,Readers may need to inspect the upstream SEAD site page because the repository does not currently expose stronger reference links.
20,Stafsinge Raä 122,Sweden,inventory_only_or_unresolved,duration_not_available,site_page_only,medium_access_constrained,context_layer_with_explicit_caveat,https://browser.sead.se/site/20,Unresolved time semantics,Readers may need to inspect the upstream SEAD site page because the repository does not currently expose stronger reference links.
6185,Stall Fudal Zorns gammelgård,Sweden,inventory_only_or_unresolved,duration_not_available,site_page_only,medium_access_constrained,context_layer_with_explicit_caveat,https://browser.sead.se/site/6185,Unresolved time semantics,Readers may need to inspect the upstream SEAD site page because the repository does not currently expose stronger reference links.
6186,Stall i Grönlokshol,Sweden,inventory_only_or_unresolved,duration_not_available,site_page_only,medium_access_constrained,context_layer_with_explicit_caveat,https://browser.sead.se/site/6186,Unresolved time semantics,Readers may need to inspect the upstream SEAD site page because the repository does not currently expose stronger reference links.
6187,Stall i Noret,Sweden,inventory_only_or_unresolved,duration_not_available,site_page_only,medium_access_constrained,context_layer_with_explicit_caveat,https://browser.sead.se/site/6187,Unresolved time semantics,Readers may need to inspect the upstream SEAD site page because the repository does not currently expose stronger reference links.
6188,Stall Sturhans i Fåsås,Sweden,inventory_only_or_unresolved,duration_not_available,site_page_only,medium_access_constrained,context_layer_with_explicit_caveat,https://browser.sead.se/site/6188,Unresolved time semantics,Readers may need to inspect the upstream SEAD site page because the repository does not currently expose stronger reference links.
62,Stare 1:13,Sweden,inventory_only_or_unresolved,duration_not_available,site_page_only,medium_access_constrained,context_layer_with_explicit_caveat,https://browser.sead.se/site/62,Unresolved time semantics,Readers may need to inspect the upstream SEAD site page because the repository does not currently expose stronger reference links.
6189,Stavsholmen,Sweden,inventory_only_or_unresolved,duration_not_available,site_page_only,medium_access_constrained,context_layer_with_explicit_caveat,https://browser.sead.se/site/6189,Unresolved time semantics,Readers may need to inspect the upstream SEAD site page because the repository does not currently expose stronger reference links.
6190,Stavsjöbodarna,Sweden,inventory_only_or_unresolved,duration_not_available,site_page_only,medium_access_constrained,context_layer_with_explicit_caveat,https://browser.sead.se/site/6190,Unresolved time semantics,Readers may need to inspect the upstream SEAD site page because the repository does not currently expose stronger reference links.
6191,Steninge kyrka,Sweden,inventory_only_or_unresolved,duration_not_available,site_page_only,medium_access_constrained,context_layer_with_explicit_caveat,https://browser.sead.se/site/6191,Unresolved time semantics,Readers may need to inspect the upstream SEAD site page because the repository does not currently expose stronger reference links.
6323,Stensmålen,Sweden,inventory_only_or_unresolved,duration_not_available,site_page_only,medium_access_constrained,context_layer_with_explicit_caveat,https://browser.sead.se/site/6323,Unresolved time semantics,Readers may need to inspect the upstream SEAD site page because the repository does not currently expose stronger reference links.
6192,Sticko Erik Perssons gård i Färnäs,Sweden,inventory_only_or_unresolved,duration_not_available,site_page_only,medium_access_constrained,context_layer_with_explicit_caveat,https://browser.sead.se/site/6192,Unresolved time semantics,Readers may need to inspect the upstream SEAD site page because the repository does not currently expose stronger reference links.
6422,Stockholm 103:1,Sweden,inventory_only_or_unresolved,duration_not_available,site_page_only,medium_access_constrained,context_layer_with_explicit_caveat,https://browser.sead.se/site/6422,Unresolved time semantics,Readers may need to inspect the upstream SEAD site page because the repository does not currently expose stronger reference links.
6416,Stockholm 704,Sweden,inventory_only_or_unresolved,duration_not_available,site_page_only,medium_access_constrained,context_layer_with_explicit_caveat,https://browser.sead.se/site/6416,Unresolved time semantics,Readers may need to inspect the upstream SEAD site page because the repository does not currently expose stronger reference links.
6417,Stockholm 705,Sweden,inventory_only_or_unresolved,duration_not_available,site_page_only,medium_access_constrained,context_layer_with_explicit_caveat,https://browser.sead.se/site/6417,Unresolved time semantics,Readers may need to inspect the upstream SEAD site page because the repository does not currently expose stronger reference links.
6418,Stockholm 706,Sweden,inventory_only_or_unresolved,duration_not_available,site_page_only,medium_access_constrained,context_layer_with_explicit_caveat,https://browser.sead.se/site/6418,Unresolved time semantics,Readers may need to inspect the upstream SEAD site page because the repository does not currently expose stronger reference links.
6420,Stockholm 707,Sweden,inventory_only_or_unresolved,duration_not_available,site_page_only,medium_access_constrained,context_layer_with_explicit_caveat,https://browser.sead.se/site/6420,Unresolved time semantics,Readers may need to inspect the upstream SEAD site page because the repository does not currently expose stronger reference links.
6419,Stockholm 709,Sweden,inventory_only_or_unresolved,duration_not_available,site_page_only,medium_access_constrained,context_layer_with_explicit_caveat,https://browser.sead.se/site/6419,Unresolved time semantics,Readers may need to inspect the upstream SEAD site page because the repository does not currently expose stronger reference links.
6415,Stockholm 710,Sweden,inventory_only_or_unresolved,duration_not_available,site_page_only,medium_access_constrained,context_layer_with_explicit_caveat,https://browser.sead.se/site/6415,Unresolved time semantics,Readers may need to inspect the upstream SEAD site page because the repository does not currently expose stronger reference links.
6193,Stockholmsgården i Gåda,Sweden,inventory_only_or_unresolved,duration_not_available,site_page_only,medium_access_constrained,context_layer_with_explicit_caveat,https://browser.sead.se/site/6193,Unresolved time semantics,Readers may need to inspect the upstream SEAD site page because the repository does not currently expose stronger reference links.
6194,Stora Bråmåmyr i Nusnäs,Sweden,inventory_only_or_unresolved,duration_not_available,site_page_only,medium_access_constrained,context_layer_with_explicit_caveat,https://browser.sead.se/site/6194,Unresolved time semantics,Readers may need to inspect the upstream SEAD site page because the repository does not currently expose stronger reference links.
6195,Stora Gårda Herrgård,Sweden,inventory_only_or_unresolved,duration_not_available,site_page_only,medium_access_constrained,context_layer_with_explicit_caveat,https://browser.sead.se/site/6195,Unresolved time semantics,Readers may need to inspect the upstream SEAD site page because the repository does not currently expose stronger reference links.
350,Stora Halmören,Sweden,inventory_only_or_unresolved,duration_not_available,site_page_only,medium_access_constrained,context_layer_with_explicit_caveat,https://browser.sead.se/site/350,Unresolved time semantics,Readers may need to inspect the upstream SEAD site page because the repository does not currently expose stronger reference links.
3996,Stora Herrestads kyrka,Sweden,inventory_only_or_unresolved,duration_not_available,site_page_only,medium_access_constrained,context_layer_with_explicit_caveat,https://browser.sead.se/site/3996,Unresolved time semantics,Readers may need to inspect the upstream SEAD site page because the repository does not currently expose stronger reference links.
6375,Stora Malm 229:1,Sweden,inventory_only_or_unresolved,duration_not_available,site_page_only,medium_access_constrained,context_layer_with_explicit_caveat,https://browser.sead.se/site/6375,Unresolved time semantics,Readers may need to inspect the upstream SEAD site page because the repository does not currently expose stronger reference links.
6196,Stora Skedelid,Sweden,inventory_only_or_unresolved,duration_not_available,site_page_only,medium_access_constrained,context_layer_with_explicit_caveat,https://browser.sead.se/site/6196,Unresolved time semantics,Readers may need to inspect the upstream SEAD site page because the repository does not currently expose stronger reference links.
6197,Stora skedvi kyrka,Sweden,inventory_only_or_unresolved,duration_not_available,site_page_only,medium_access_constrained,context_layer_with_explicit_caveat,https://browser.sead.se/site/6197,Unresolved time semantics,Readers may need to inspect the upstream SEAD site page because the repository does not currently expose stronger reference links.
374,Stora Träskär,Sweden,inventory_only_or_unresolved,duration_not_available,site_page_only,medium_access_constrained,context_layer_with_explicit_caveat,https://browser.sead.se/site/374,Unresolved time semantics,Readers may need to inspect the upstream SEAD site page because the repository does not currently expose stronger reference links.
6198,Storpers i Södra Kättbo,Sweden,inventory_only_or_unresolved,duration_not_available,site_page_only,medium_access_constrained,context_layer_with_explicit_caveat,https://browser.sead.se/site/6198,Unresolved time semantics,Readers may need to inspect the upstream SEAD site page because the repository does not currently expose stronger reference links.
6199,Storsved i Berge,Sweden,inventory_only_or_unresolved,duration_not_available,site_page_only,medium_access_constrained,context_layer_with_explicit_caveat,https://browser.sead.se/site/6199,Unresolved time semantics,Readers may need to inspect the upstream SEAD site page because the repository does not currently expose stronger reference links.
5154,Stralsund,,inventory_only_or_unresolved,broad_context_duration,site_page_only,medium_access_constrained,context_layer_with_explicit_caveat,https://browser.sead.se/site/5154,,Readers may need to inspect the upstream SEAD site page because the repository does not currently expose stronger reference links.
311,Strängnäs Raä 443,Sweden,inventory_only_or_unresolved,duration_not_available,site_page_only,medium_access_constrained,context_layer_with_explicit_caveat,https://browser.sead.se/site/311,Unresolved time semantics,Readers may need to inspect the upstream SEAD site page because the repository does not currently expose stronger reference links.
6201,Stråvalla kyrka,Sweden,inventory_only_or_unresolved,duration_not_available,site_page_only,medium_access_constrained,context_layer_with_explicit_caveat,https://browser.sead.se/site/6201,Unresolved time semantics,Readers may need to inspect the upstream SEAD site page because the repository does not currently expose stronger reference links.
140,Stræten,Norway,inventory_only_or_unresolved,duration_not_available,site_page_only,medium_access_constrained,context_layer_with_explicit_caveat,https://browser.sead.se/site/140,Unresolved time semantics,Readers may need to inspect the upstream SEAD site page because the repository does not currently expose stronger reference links.
132,Stræten terasse,Norway,inventory_only_or_unresolved,duration_not_available,site_page_only,medium_access_constrained,context_layer_with_explicit_caveat,https://browser.sead.se/site/132,Unresolved time semantics,Readers may need to inspect the upstream SEAD site page because the repository does not currently expose stronger reference links.
6202,Strö kyrka,Sweden,inventory_only_or_unresolved,duration_not_available,site_page_only,medium_access_constrained,context_layer_with_explicit_caveat,https://browser.sead.se/site/6202,Unresolved time semantics,Readers may need to inspect the upstream SEAD site page because the repository does not currently expose stronger reference links.
6324,Strömmen,Sweden,inventory_only_or_unresolved,duration_not_available,site_page_only,medium_access_constrained,context_layer_with_explicit_caveat,https://browser.sead.se/site/6324,Unresolved time semantics,Readers may need to inspect the upstream SEAD site page because the repository does not currently expose stronger reference links.
6203,Strömsholms slott,Sweden,inventory_only_or_unresolved,duration_not_available,site_page_only,medium_access_constrained,context_layer_with_explicit_caveat,https://browser.sead.se/site/6203,Unresolved time semantics,Readers may need to inspect the upstream SEAD site page because the repository does not currently expose stronger reference links.
6204,Stubbamöllan,Sweden,inventory_only_or_unresolved,duration_not_available,site_page_only,medium_access_constrained,context_layer_with_explicit_caveat,https://browser.sead.se/site/6204,Unresolved time semantics,Readers may need to inspect the upstream SEAD site page because the repository does not currently expose stronger reference links.
6205,Stuga Fudal Zorns gammelgård,Sweden,inventory_only_or_unresolved,duration_not_available,site_page_only,medium_access_constrained,context_layer_with_explicit_caveat,https://browser.sead.se/site/6205,Unresolved time semantics,Readers may need to inspect the upstream SEAD site page because the repository does not currently expose stronger reference links.
6206,Stuga i Nybingsbo,Sweden,inventory_only_or_unresolved,duration_not_available,site_page_only,medium_access_constrained,context_layer_with_explicit_caveat,https://browser.sead.se/site/6206,Unresolved time semantics,Readers may need to inspect the upstream SEAD site page because the repository does not currently expose stronger reference links.
6207,Stuga Selja,Sweden,inventory_only_or_unresolved,duration_not_available,site_page_only,medium_access_constrained,context_layer_with_explicit_caveat,https://browser.sead.se/site/6207,Unresolved time semantics,Readers may need to inspect the upstream SEAD site page because the repository does not currently expose stronger reference links.
6208,Stuga Skålö by,Sweden,inventory_only_or_unresolved,duration_not_available,site_page_only,medium_access_constrained,context_layer_with_explicit_caveat,https://browser.sead.se/site/6208,Unresolved time semantics,Readers may need to inspect the upstream SEAD site page because the repository does not currently expose stronger reference links.
6209,Sturhanslars Olovs i Fåsås,Sweden,inventory_only_or_unresolved,duration_not_available,site_page_only,medium_access_constrained,context_layer_with_explicit_caveat,https://browser.sead.se/site/6209,Unresolved time semantics,Readers may need to inspect the upstream SEAD site page because the repository does not currently expose stronger reference links.
239,Styrsö Raä 117,Sweden,inventory_only_or_unresolved,duration_not_available,site_page_only,medium_access_constrained,context_layer_with_explicit_caveat,https://browser.sead.se/site/239,Unresolved time semantics,Readers may need to inspect the upstream SEAD site page because the repository does not currently expose stronger reference links.
6184,Stäket,Sweden,inventory_only_or_unresolved,duration_not_available,site_page_only,medium_access_constrained,context_layer_with_explicit_caveat,https://browser.sead.se/site/6184,Unresolved time semantics,Readers may need to inspect the upstream SEAD site page because the repository does not currently expose stronger reference links.
6457,Stäksundet,Sweden,inventory_only_or_unresolved,duration_not_available,site_page_only,medium_access_constrained,context_layer_with_explicit_caveat,https://browser.sead.se/site/6457,Unresolved time semantics,Readers may need to inspect the upstream SEAD site page because the repository does not currently expose stronger reference links.
3850,Stångsmåla,Sweden,inventory_only_or_unresolved,duration_not_available,site_page_only,medium_access_constrained,context_layer_with_explicit_caveat,https://browser.sead.se/site/3850,Unresolved time semantics,Readers may need to inspect the upstream SEAD site page because the repository does not currently expose stronger reference links.
6200,Stötollas i Lenåsen,Sweden,inventory_only_or_unresolved,duration_not_available,site_page_only,medium_access_constrained,context_layer_with_explicit_caveat,https://browser.sead.se/site/6200,Unresolved time semantics,Readers may need to inspect the upstream SEAD site page because the repository does not currently expose stronger reference links.
6210,Sundbergs i Heden,Sweden,inventory_only_or_unresolved,duration_not_available,site_page_only,medium_access_constrained,context_layer_with_explicit_caveat,https://browser.sead.se/site/6210,Unresolved time semantics,Readers may need to inspect the upstream SEAD site page because the repository does not currently expose stronger reference links.
6211,Sundkvists i Söderhögen,Sweden,inventory_only_or_unresolved,duration_not_available,site_page_only,medium_access_constrained,context_layer_with_explicit_caveat,https://browser.sead.se/site/6211,Unresolved time semantics,Readers may need to inspect the upstream SEAD site page because the repository does not currently expose stronger reference links.
3989,Sundre kyrka,Sweden,inventory_only_or_unresolved,duration_not_available,site_page_only,medium_access_constrained,context_layer_with_explicit_caveat,https://browser.sead.se/site/3989,Unresolved time semantics,Readers may need to inspect the upstream SEAD site page because the repository does not currently expose stronger reference links.
119,Sundsaasen 2,Norway,inventory_only_or_unresolved,duration_not_available,site_page_only,medium_access_constrained,context_layer_with_explicit_caveat,https://browser.sead.se/site/119,Unresolved time semantics,Readers may need to inspect the upstream SEAD site page because the repository does not currently expose stronger reference links.
342,Sundsvall stad,Sweden,inventory_only_or_unresolved,duration_not_available,site_page_only,medium_access_constrained,context_layer_with_explicit_caveat,https://browser.sead.se/site/342,Unresolved time semantics,Readers may need to inspect the upstream SEAD site page because the repository does not currently expose stronger reference links.
6212,Sunnanås,Sweden,inventory_only_or_unresolved,duration_not_available,site_page_only,medium_access_constrained,context_layer_with_explicit_caveat,https://browser.sead.se/site/6212,Unresolved time semantics,Readers may need to inspect the upstream SEAD site page because the repository does not currently expose stronger reference links.
6213,Svanebäck,Sweden,inventory_only_or_unresolved,duration_not_available,site_page_only,medium_access_constrained,context_layer_with_explicit_caveat,https://browser.sead.se/site/6213,Unresolved time semantics,Readers may need to inspect the upstream SEAD site page because the repository does not currently expose stronger reference links.
304,Svarteborg 585,Sweden,inventory_only_or_unresolved,duration_not_available,site_page_only,medium_access_constrained,context_layer_with_explicit_caveat,https://browser.sead.se/site/304,Unresolved time semantics,Readers may need to inspect the upstream SEAD site page because the repository does not currently expose stronger reference links.
315,Svarteborg 592,Sweden,inventory_only_or_unresolved,duration_not_available,site_page_only,medium_access_constrained,context_layer_with_explicit_caveat,https://browser.sead.se/site/315,Unresolved time semantics,Readers may need to inspect the upstream SEAD site page because the repository does not currently expose stronger reference links.
276,Svarteborg 593,Sweden,inventory_only_or_unresolved,duration_not_available,site_page_only,medium_access_constrained,context_layer_with_explicit_caveat,https://browser.sead.se/site/276,Unresolved time semantics,Readers may need to inspect the upstream SEAD site page because the repository does not currently expose stronger reference links.
365,Svarteborg 88,Sweden,inventory_only_or_unresolved,duration_not_available,site_page_only,medium_access_constrained,context_layer_with_explicit_caveat,https://browser.sead.se/site/365,Unresolved time semantics,Readers may need to inspect the upstream SEAD site page because the repository does not currently expose stronger reference links.
309,Svarteborg Raä 116,Sweden,inventory_only_or_unresolved,duration_not_available,site_page_only,medium_access_constrained,context_layer_with_explicit_caveat,https://browser.sead.se/site/309,Unresolved time semantics,Readers may need to inspect the upstream SEAD site page because the repository does not currently expose stronger reference links.
346,Svarteborg Raä 403,Sweden,inventory_only_or_unresolved,duration_not_available,site_page_only,medium_access_constrained,context_layer_with_explicit_caveat,https://browser.sead.se/site/346,Unresolved time semantics,Readers may need to inspect the upstream SEAD site page because the repository does not currently expose stronger reference links.
293,Svarteborg Raä 589,Sweden,inventory_only_or_unresolved,duration_not_available,site_page_only,medium_access_constrained,context_layer_with_explicit_caveat,https://browser.sead.se/site/293,Unresolved time semantics,Readers may need to inspect the upstream SEAD site page because the repository does not currently expose stronger reference links.
338,Svarteborg Raä 590,Sweden,inventory_only_or_unresolved,duration_not_available,site_page_only,medium_access_constrained,context_layer_with_explicit_caveat,https://browser.sead.se/site/338,Unresolved time semantics,Readers may need to inspect the upstream SEAD site page because the repository does not currently expose stronger reference links.
6214,Svarv Jöns i Utanmyra,Sweden,inventory_only_or_unresolved,duration_not_available,site_page_only,medium_access_constrained,context_layer_with_explicit_caveat,https://browser.sead.se/site/6214,Unresolved time semantics,Readers may need to inspect the upstream SEAD site page because the repository does not currently expose stronger reference links.
6391,Svedala 7:1,Sweden,inventory_only_or_unresolved,duration_not_available,site_page_only,medium_access_constrained,context_layer_with_explicit_caveat,https://browser.sead.se/site/6391,Unresolved time semantics,Readers may need to inspect the upstream SEAD site page because the repository does not currently expose stronger reference links.
6215,Svedvi kyrka,Sweden,inventory_only_or_unresolved,duration_not_available,site_page_only,medium_access_constrained,context_layer_with_explicit_caveat,https://browser.sead.se/site/6215,Unresolved time semantics,Readers may need to inspect the upstream SEAD site page because the repository does not currently expose stronger reference links.
6216,Sven Bogg i Bonäs,Sweden,inventory_only_or_unresolved,duration_not_available,site_page_only,medium_access_constrained,context_layer_with_explicit_caveat,https://browser.sead.se/site/6216,Unresolved time semantics,Readers may need to inspect the upstream SEAD site page because the repository does not currently expose stronger reference links.
6217,Sven Frimodigs i Sör Lindberg,Sweden,inventory_only_or_unresolved,duration_not_available,site_page_only,medium_access_constrained,context_layer_with_explicit_caveat,https://browser.sead.se/site/6217,Unresolved time semantics,Readers may need to inspect the upstream SEAD site page because the repository does not currently expose stronger reference links.
6218,Sven Mårs i Born,Sweden,inventory_only_or_unresolved,duration_not_available,site_page_only,medium_access_constrained,context_layer_with_explicit_caveat,https://browser.sead.se/site/6218,Unresolved time semantics,Readers may need to inspect the upstream SEAD site page because the repository does not currently expose stronger reference links.
6219,Sven Ollén i Näsbyggebyn,Sweden,inventory_only_or_unresolved,duration_not_available,site_page_only,medium_access_constrained,context_layer_with_explicit_caveat,https://browser.sead.se/site/6219,Unresolved time semantics,Readers may need to inspect the upstream SEAD site page because the repository does not currently expose stronger reference links.
6220,Svensåsen,Sweden,inventory_only_or_unresolved,duration_not_available,site_page_only,medium_access_constrained,context_layer_with_explicit_caveat,https://browser.sead.se/site/6220,Unresolved time semantics,Readers may need to inspect the upstream SEAD site page because the repository does not currently expose stronger reference links.
135,Sværholt,Norway,inventory_only_or_unresolved,duration_not_available,site_page_only,medium_access_constrained,context_layer_with_explicit_caveat,https://browser.sead.se/site/135,Unresolved time semantics,Readers may need to inspect the upstream SEAD site page because the repository does not currently expose stronger reference links.
6221,Sydöstra härbret Zorns gammelgård,Sweden,inventory_only_or_unresolved,duration_not_available,site_page_only,medium_access_constrained,context_layer_with_explicit_caveat,https://browser.sead.se/site/6221,Unresolved time semantics,Readers may need to inspect the upstream SEAD site page because the repository does not currently expose stronger reference links.
3457,Syllöda,,inventory_only_or_unresolved,broad_context_duration,site_page_only,medium_access_constrained,context_layer_with_explicit_caveat,https://browser.sead.se/site/3457,,Readers may need to inspect the upstream SEAD site page because the repository does not currently expose stronger reference links.
6222,Sysslomansgården,Sweden,inventory_only_or_unresolved,duration_not_available,site_page_only,medium_access_constrained,context_layer_with_explicit_caveat,https://browser.sead.se/site/6222,Unresolved time semantics,Readers may need to inspect the upstream SEAD site page because the repository does not currently expose stronger reference links.
3456,Säby 5,Sweden,inventory_only_or_unresolved,duration_not_available,site_page_only,medium_access_constrained,context_layer_with_explicit_caveat,https://browser.sead.se/site/3456,Unresolved time semantics,Readers may need to inspect the upstream SEAD site page because the repository does not currently expose stronger reference links.
3988,Sälja,Sweden,inventory_only_or_unresolved,duration_not_available,site_page_only,medium_access_constrained,context_layer_with_explicit_caveat,https://browser.sead.se/site/3988,Unresolved time semantics,Readers may need to inspect the upstream SEAD site page because the repository does not currently expose stronger reference links.
6126,Sällstorps kyrka,Sweden,inventory_only_or_unresolved,duration_not_available,site_page_only,medium_access_constrained,context_layer_with_explicit_caveat,https://browser.sead.se/site/6126,Unresolved time semantics,Readers may need to inspect the upstream SEAD site page because the repository does not currently expose stronger reference links.
6319,Särdal,Sweden,inventory_only_or_unresolved,duration_not_available,site_page_only,medium_access_constrained,context_layer_with_explicit_caveat,https://browser.sead.se/site/6319,Unresolved time semantics,Readers may need to inspect the upstream SEAD site page because the repository does not currently expose stronger reference links.
6134,Säternybodarna,Sweden,inventory_only_or_unresolved,duration_not_available,site_page_only,medium_access_constrained,context_layer_with_explicit_caveat,https://browser.sead.se/site/6134,Unresolved time semantics,Readers may need to inspect the upstream SEAD site page because the repository does not currently expose stronger reference links.
6135,Sätersfors,Sweden,inventory_only_or_unresolved,duration_not_available,site_page_only,medium_access_constrained,context_layer_with_explicit_caveat,https://browser.sead.se/site/6135,Unresolved time semantics,Readers may need to inspect the upstream SEAD site page because the repository does not currently expose stronger reference links.
6320,Sätila Strömma,Sweden,inventory_only_or_unresolved,duration_not_available,site_page_only,medium_access_constrained,context_layer_with_explicit_caveat,https://browser.sead.se/site/6320,Unresolved time semantics,Readers may need to inspect the upstream SEAD site page because the repository does not currently expose stronger reference links.
229,Sävar Raä 56,Sweden,inventory_only_or_unresolved,duration_not_available,site_page_only,medium_access_constrained,context_layer_with_explicit_caveat,https://browser.sead.se/site/229,Unresolved time semantics,Readers may need to inspect the upstream SEAD site page because the repository does not currently expose stronger reference links.
149,Sånga Raä 8,Sweden,inventory_only_or_unresolved,duration_not_available,site_page_only,medium_access_constrained,context_layer_with_explicit_caveat,https://browser.sead.se/site/149,Unresolved time semantics,Readers may need to inspect the upstream SEAD site page because the repository does not currently expose stronger reference links.
6160,Söderala kyrka,Sweden,inventory_only_or_unresolved,duration_not_available,site_page_only,medium_access_constrained,context_layer_with_explicit_caveat,https://browser.sead.se/site/6160,Unresolved time semantics,Readers may need to inspect the upstream SEAD site page because the repository does not currently expose stronger reference links.
6161,Söderbackan i Västerbor,Sweden,inventory_only_or_unresolved,duration_not_available,site_page_only,medium_access_constrained,context_layer_with_explicit_caveat,https://browser.sead.se/site/6161,Unresolved time semantics,Readers may need to inspect the upstream SEAD site page because the repository does not currently expose stronger reference links.
6162,Söderholm i Grötom,Sweden,inventory_only_or_unresolved,duration_not_available,site_page_only,medium_access_constrained,context_layer_with_explicit_caveat,https://browser.sead.se/site/6162,Unresolved time semantics,Readers may need to inspect the upstream SEAD site page because the repository does not currently expose stronger reference links.
6410,Söderköping 14:1,Sweden,inventory_only_or_unresolved,duration_not_available,site_page_only,medium_access_constrained,context_layer_with_explicit_caveat,https://browser.sead.se/site/6410,Unresolved time semantics,Readers may need to inspect the upstream SEAD site page because the repository does not currently expose stronger reference links.
6163,Söderlundska gården,Sweden,inventory_only_or_unresolved,duration_not_available,site_page_only,medium_access_constrained,context_layer_with_explicit_caveat,https://browser.sead.se/site/6163,Unresolved time semantics,Readers may need to inspect the upstream SEAD site page because the repository does not currently expose stronger reference links.
296,Södra Hee,Sweden,inventory_only_or_unresolved,duration_not_available,site_page_only,medium_access_constrained,context_layer_with_explicit_caveat,https://browser.sead.se/site/296,Unresolved time semantics,Readers may need to inspect the upstream SEAD site page because the repository does not currently expose stronger reference links.
6355,Södra Vi 6:1,Sweden,inventory_only_or_unresolved,duration_not_available,site_page_only,medium_access_constrained,context_layer_with_explicit_caveat,https://browser.sead.se/site/6355,Unresolved time semantics,Readers may need to inspect the upstream SEAD site page because the repository does not currently expose stronger reference links.
6168,Sölvsved,Sweden,inventory_only_or_unresolved,duration_not_available,site_page_only,medium_access_constrained,context_layer_with_explicit_caveat,https://browser.sead.se/site/6168,Unresolved time semantics,Readers may need to inspect the upstream SEAD site page because the repository does not currently expose stronger reference links.
14,Söndrum Raä 100,Sweden,inventory_only_or_unresolved,duration_not_available,site_page_only,medium_access_constrained,context_layer_with_explicit_caveat,https://browser.sead.se/site/14,Unresolved time semantics,Readers may need to inspect the upstream SEAD site page because the repository does not currently expose stronger reference links.
6171,Söne kyrka,Sweden,inventory_only_or_unresolved,duration_not_available,site_page_only,medium_access_constrained,context_layer_with_explicit_caveat,https://browser.sead.se/site/6171,Unresolved time semantics,Readers may need to inspect the upstream SEAD site page because the repository does not currently expose stronger reference links.
6172,Sörgården i Tornäs,Sweden,inventory_only_or_unresolved,duration_not_available,site_page_only,medium_access_constrained,context_layer_with_explicit_caveat,https://browser.sead.se/site/6172,Unresolved time semantics,Readers may need to inspect the upstream SEAD site page because the repository does not currently expose stronger reference links.
6322,Sörsylta,Sweden,inventory_only_or_unresolved,duration_not_available,site_page_only,medium_access_constrained,context_layer_with_explicit_caveat,https://browser.sead.se/site/6322,Unresolved time semantics,Readers may need to inspect the upstream SEAD site page because the repository does not currently expose stronger reference links.
6175,Sövestads kyrka,Sweden,inventory_only_or_unresolved,duration_not_available,site_page_only,medium_access_constrained,context_layer_with_explicit_caveat,https://browser.sead.se/site/6175,Unresolved time semantics,Readers may need to inspect the upstream SEAD site page because the repository does not currently expose stronger reference links.
6223,Tand,Sweden,inventory_only_or_unresolved,duration_not_available,site_page_only,medium_access_constrained,context_layer_with_explicit_caveat,https://browser.sead.se/site/6223,Unresolved time semantics,Readers may need to inspect the upstream SEAD site page because the repository does not currently expose stronger reference links.
392,Tanum 1209,Sweden,inventory_only_or_unresolved,duration_not_available,site_page_only,medium_access_constrained,context_layer_with_explicit_caveat,https://browser.sead.se/site/392,Unresolved time semantics,Readers may need to inspect the upstream SEAD site page because the repository does not currently expose stronger reference links.
297,Tanum 1229,Sweden,inventory_only_or_unresolved,duration_not_available,site_page_only,medium_access_constrained,context_layer_with_explicit_caveat,https://browser.sead.se/site/297,Unresolved time semantics,Readers may need to inspect the upstream SEAD site page because the repository does not currently expose stronger reference links.
290,Tanum 1892,Sweden,inventory_only_or_unresolved,duration_not_available,site_page_only,medium_access_constrained,context_layer_with_explicit_caveat,https://browser.sead.se/site/290,Unresolved time semantics,Readers may need to inspect the upstream SEAD site page because the repository does not currently expose stronger reference links.
367,Tanum 544,Sweden,inventory_only_or_unresolved,duration_not_available,site_page_only,medium_access_constrained,context_layer_with_explicit_caveat,https://browser.sead.se/site/367,Unresolved time semantics,Readers may need to inspect the upstream SEAD site page because the repository does not currently expose stronger reference links.
377,Tanum Raä 1840,Sweden,inventory_only_or_unresolved,duration_not_available,site_page_only,medium_access_constrained,context_layer_with_explicit_caveat,https://browser.sead.se/site/377,Unresolved time semantics,Readers may need to inspect the upstream SEAD site page because the repository does not currently expose stronger reference links.
389,Tanum Raä 539,Sweden,inventory_only_or_unresolved,duration_not_available,site_page_only,medium_access_constrained,context_layer_with_explicit_caveat,https://browser.sead.se/site/389,Unresolved time semantics,Readers may need to inspect the upstream SEAD site page because the repository does not currently expose stronger reference links.
363,Tanum Raä 544,Sweden,inventory_only_or_unresolved,duration_not_available,site_page_only,medium_access_constrained,context_layer_with_explicit_caveat,https://browser.sead.se/site/363,Unresolved time semantics,Readers may need to inspect the upstream SEAD site page because the repository does not currently expose stronger reference links.
366,Tanum Raä 546,Sweden,inventory_only_or_unresolved,duration_not_available,site_page_only,medium_access_constrained,context_layer_with_explicit_caveat,https://browser.sead.se/site/366,Unresolved time semantics,Readers may need to inspect the upstream SEAD site page because the repository does not currently expose stronger reference links.
314,Tanum Raä 59,Sweden,inventory_only_or_unresolved,duration_not_available,site_page_only,medium_access_constrained,context_layer_with_explicit_caveat,https://browser.sead.se/site/314,Unresolved time semantics,Readers may need to inspect the upstream SEAD site page because the repository does not currently expose stronger reference links.
6451,The Police Station park,Sweden,inventory_only_or_unresolved,duration_not_available,site_page_only,medium_access_constrained,context_layer_with_explicit_caveat,https://browser.sead.se/site/6451,Unresolved time semantics,Readers may need to inspect the upstream SEAD site page because the repository does not currently expose stronger reference links.
6452,The Prince house,Sweden,inventory_only_or_unresolved,duration_not_available,site_page_only,medium_access_constrained,context_layer_with_explicit_caveat,https://browser.sead.se/site/6452,Unresolved time semantics,Readers may need to inspect the upstream SEAD site page because the repository does not currently expose stronger reference links.
6227,Thodéns i Gruvriset,Sweden,inventory_only_or_unresolved,duration_not_available,site_page_only,medium_access_constrained,context_layer_with_explicit_caveat,https://browser.sead.se/site/6227,Unresolved time semantics,Readers may need to inspect the upstream SEAD site page because the repository does not currently expose stronger reference links.
6228,Thomsén i Östergrav,Sweden,inventory_only_or_unresolved,duration_not_available,site_page_only,medium_access_constrained,context_layer_with_explicit_caveat,https://browser.sead.se/site/6228,Unresolved time semantics,Readers may need to inspect the upstream SEAD site page because the repository does not currently expose stronger reference links.
6449,Tierp 458,Sweden,inventory_only_or_unresolved,duration_not_available,site_page_only,medium_access_constrained,context_layer_with_explicit_caveat,https://browser.sead.se/site/6449,Unresolved time semantics,Readers may need to inspect the upstream SEAD site page because the repository does not currently expose stronger reference links.
121,Tiertjern,Norway,inventory_only_or_unresolved,duration_not_available,site_page_only,medium_access_constrained,context_layer_with_explicit_caveat,https://browser.sead.se/site/121,Unresolved time semantics,Readers may need to inspect the upstream SEAD site page because the repository does not currently expose stronger reference links.
295,Tillinge Raä 314,Sweden,inventory_only_or_unresolved,duration_not_available,site_page_only,medium_access_constrained,context_layer_with_explicit_caveat,https://browser.sead.se/site/295,Unresolved time semantics,Readers may need to inspect the upstream SEAD site page because the repository does not currently expose stronger reference links.
6459,Tingstäde träsk,Sweden,inventory_only_or_unresolved,duration_not_available,site_page_only,medium_access_constrained,context_layer_with_explicit_caveat,https://browser.sead.se/site/6459,Unresolved time semantics,Readers may need to inspect the upstream SEAD site page because the repository does not currently expose stronger reference links.
6229,Tittolles i Stavsätra,Sweden,inventory_only_or_unresolved,duration_not_available,site_page_only,medium_access_constrained,context_layer_with_explicit_caveat,https://browser.sead.se/site/6229,Unresolved time semantics,Readers may need to inspect the upstream SEAD site page because the repository does not currently expose stronger reference links.
6230,Tjustgöls gård,Sweden,inventory_only_or_unresolved,duration_not_available,site_page_only,medium_access_constrained,context_layer_with_explicit_caveat,https://browser.sead.se/site/6230,Unresolved time semantics,Readers may need to inspect the upstream SEAD site page because the repository does not currently expose stronger reference links.
8,Tjärby Raä 59,Sweden,inventory_only_or_unresolved,duration_not_available,site_page_only,medium_access_constrained,context_layer_with_explicit_caveat,https://browser.sead.se/site/8,Unresolved time semantics,Readers may need to inspect the upstream SEAD site page because the repository does not currently expose stronger reference links.
3447,Tjärnan,,inventory_only_or_unresolved,broad_context_duration,site_page_only,medium_access_constrained,context_layer_with_explicit_caveat,https://browser.sead.se/site/3447,,Readers may need to inspect the upstream SEAD site page because the repository does not currently expose stronger reference links.
6231,Tobaksladan,Sweden,inventory_only_or_unresolved,duration_not_available,site_page_only,medium_access_constrained,context_layer_with_explicit_caveat,https://browser.sead.se/site/6231,Unresolved time semantics,Readers may need to inspect the upstream SEAD site page because the repository does not currently expose stronger reference links.
3445,Tofta 39,Sweden,inventory_only_or_unresolved,duration_not_available,site_page_only,medium_access_constrained,context_layer_with_explicit_caveat,https://browser.sead.se/site/3445,Unresolved time semantics,Readers may need to inspect the upstream SEAD site page because the repository does not currently expose stronger reference links.
242,Torbjörntorp Raä 86,Sweden,inventory_only_or_unresolved,duration_not_available,site_page_only,medium_access_constrained,context_layer_with_explicit_caveat,https://browser.sead.se/site/242,Unresolved time semantics,Readers may need to inspect the upstream SEAD site page because the repository does not currently expose stronger reference links.
6233,Torkelsbo,Sweden,inventory_only_or_unresolved,duration_not_available,site_page_only,medium_access_constrained,context_layer_with_explicit_caveat,https://browser.sead.se/site/6233,Unresolved time semantics,Readers may need to inspect the upstream SEAD site page because the repository does not currently expose stronger reference links.
6325,Torkelsrud,Sweden,inventory_only_or_unresolved,duration_not_available,site_page_only,medium_access_constrained,context_layer_with_explicit_caveat,https://browser.sead.se/site/6325,Unresolved time semantics,Readers may need to inspect the upstream SEAD site page because the repository does not currently expose stronger reference links.
6234,Torkstuga Nusnäs Zorns gammelgård,Sweden,inventory_only_or_unresolved,duration_not_available,site_page_only,medium_access_constrained,context_layer_with_explicit_caveat,https://browser.sead.se/site/6234,Unresolved time semantics,Readers may need to inspect the upstream SEAD site page because the repository does not currently expose stronger reference links.
5647,Torpa stenhus,Sweden,inventory_only_or_unresolved,duration_not_available,site_page_only,medium_access_constrained,context_layer_with_explicit_caveat,https://browser.sead.se/site/5647,Unresolved time semantics,Readers may need to inspect the upstream SEAD site page because the repository does not currently expose stronger reference links.
275,Torsby Raä 100,Sweden,inventory_only_or_unresolved,duration_not_available,site_page_only,medium_access_constrained,context_layer_with_explicit_caveat,https://browser.sead.se/site/275,Unresolved time semantics,Readers may need to inspect the upstream SEAD site page because the repository does not currently expose stronger reference links.
6236,Torsklok-härbret i Västra Lillmon,Sweden,inventory_only_or_unresolved,duration_not_available,site_page_only,medium_access_constrained,context_layer_with_explicit_caveat,https://browser.sead.se/site/6236,Unresolved time semantics,Readers may need to inspect the upstream SEAD site page because the repository does not currently expose stronger reference links.
53,Torslanda 108:1,Sweden,inventory_only_or_unresolved,duration_not_available,site_page_only,medium_access_constrained,context_layer_with_explicit_caveat,https://browser.sead.se/site/53,Unresolved time semantics,Readers may need to inspect the upstream SEAD site page because the repository does not currently expose stronger reference links.
55,Torslanda 110:1,Sweden,inventory_only_or_unresolved,duration_not_available,site_page_only,medium_access_constrained,context_layer_with_explicit_caveat,https://browser.sead.se/site/55,Unresolved time semantics,Readers may need to inspect the upstream SEAD site page because the repository does not currently expose stronger reference links.
331,Torslanda 220,Sweden,inventory_only_or_unresolved,duration_not_available,site_page_only,medium_access_constrained,context_layer_with_explicit_caveat,https://browser.sead.se/site/331,Unresolved time semantics,Readers may need to inspect the upstream SEAD site page because the repository does not currently expose stronger reference links.
68,Torslanda 99:1,Sweden,inventory_only_or_unresolved,duration_not_available,site_page_only,medium_access_constrained,context_layer_with_explicit_caveat,https://browser.sead.se/site/68,Unresolved time semantics,Readers may need to inspect the upstream SEAD site page because the repository does not currently expose stronger reference links.
73,Torslanda Raä 96,Sweden,inventory_only_or_unresolved,duration_not_available,site_page_only,medium_access_constrained,context_layer_with_explicit_caveat,https://browser.sead.se/site/73,Unresolved time semantics,Readers may need to inspect the upstream SEAD site page because the repository does not currently expose stronger reference links.
156,Torsåker Raä 1589,Sweden,inventory_only_or_unresolved,duration_not_available,site_page_only,medium_access_constrained,context_layer_with_explicit_caveat,https://browser.sead.se/site/156,Unresolved time semantics,Readers may need to inspect the upstream SEAD site page because the repository does not currently expose stronger reference links.
6235,Torsångs kyrka,Sweden,inventory_only_or_unresolved,duration_not_available,site_page_only,medium_access_constrained,context_layer_with_explicit_caveat,https://browser.sead.se/site/6235,Unresolved time semantics,Readers may need to inspect the upstream SEAD site page because the repository does not currently expose stronger reference links.
6237,Torup slott,Sweden,inventory_only_or_unresolved,duration_not_available,site_page_only,medium_access_constrained,context_layer_with_explicit_caveat,https://browser.sead.se/site/6237,Unresolved time semantics,Readers may need to inspect the upstream SEAD site page because the repository does not currently expose stronger reference links.
300,Torö Raä 75,Sweden,inventory_only_or_unresolved,duration_not_available,site_page_only,medium_access_constrained,context_layer_with_explicit_caveat,https://browser.sead.se/site/300,Unresolved time semantics,Readers may need to inspect the upstream SEAD site page because the repository does not currently expose stronger reference links.
375,Tossene 446,Sweden,inventory_only_or_unresolved,duration_not_available,site_page_only,medium_access_constrained,context_layer_with_explicit_caveat,https://browser.sead.se/site/375,Unresolved time semantics,Readers may need to inspect the upstream SEAD site page because the repository does not currently expose stronger reference links.
310,Tossene Raä 446,Sweden,inventory_only_or_unresolved,duration_not_available,site_page_only,medium_access_constrained,context_layer_with_explicit_caveat,https://browser.sead.se/site/310,Unresolved time semantics,Readers may need to inspect the upstream SEAD site page because the repository does not currently expose stronger reference links.
6326,Transtorpsvägen,Sweden,inventory_only_or_unresolved,duration_not_available,site_page_only,medium_access_constrained,context_layer_with_explicit_caveat,https://browser.sead.se/site/6326,Unresolved time semantics,Readers may need to inspect the upstream SEAD site page because the repository does not currently expose stronger reference links.
6239,Trappgården i Mångberg,Sweden,inventory_only_or_unresolved,duration_not_available,site_page_only,medium_access_constrained,context_layer_with_explicit_caveat,https://browser.sead.se/site/6239,Unresolved time semantics,Readers may need to inspect the upstream SEAD site page because the repository does not currently expose stronger reference links.
6387,Trelleborg 19:1,Sweden,inventory_only_or_unresolved,duration_not_available,site_page_only,medium_access_constrained,context_layer_with_explicit_caveat,https://browser.sead.se/site/6387,Unresolved time semantics,Readers may need to inspect the upstream SEAD site page because the repository does not currently expose stronger reference links.
6379,Trelleborg 48,Sweden,inventory_only_or_unresolved,duration_not_available,site_page_only,medium_access_constrained,context_layer_with_explicit_caveat,https://browser.sead.se/site/6379,Unresolved time semantics,Readers may need to inspect the upstream SEAD site page because the repository does not currently expose stronger reference links.
284,Trogsta 71,Sweden,inventory_only_or_unresolved,duration_not_available,site_page_only,medium_access_constrained,context_layer_with_explicit_caveat,https://browser.sead.se/site/284,Unresolved time semantics,Readers may need to inspect the upstream SEAD site page because the repository does not currently expose stronger reference links.
3441,Troitski,,inventory_only_or_unresolved,broad_context_duration,site_page_only,medium_access_constrained,context_layer_with_explicit_caveat,https://browser.sead.se/site/3441,,Readers may need to inspect the upstream SEAD site page because the repository does not currently expose stronger reference links.
6242,Trulsatorpet,Sweden,inventory_only_or_unresolved,duration_not_available,site_page_only,medium_access_constrained,context_layer_with_explicit_caveat,https://browser.sead.se/site/6242,Unresolved time semantics,Readers may need to inspect the upstream SEAD site page because the repository does not currently expose stronger reference links.
6238,Trädgårdsmästarbostaden,Sweden,inventory_only_or_unresolved,duration_not_available,site_page_only,medium_access_constrained,context_layer_with_explicit_caveat,https://browser.sead.se/site/6238,Unresolved time semantics,Readers may need to inspect the upstream SEAD site page because the repository does not currently expose stronger reference links.
25,Tröinge 4:9,Sweden,inventory_only_or_unresolved,duration_not_available,site_page_only,medium_access_constrained,context_layer_with_explicit_caveat,https://browser.sead.se/site/25,Unresolved time semantics,Readers may need to inspect the upstream SEAD site page because the repository does not currently expose stronger reference links.
6240,Trösklada Bergkarlås,Sweden,inventory_only_or_unresolved,duration_not_available,site_page_only,medium_access_constrained,context_layer_with_explicit_caveat,https://browser.sead.se/site/6240,Unresolved time semantics,Readers may need to inspect the upstream SEAD site page because the repository does not currently expose stronger reference links.
6241,Trösklada Östnor,Sweden,inventory_only_or_unresolved,duration_not_available,site_page_only,medium_access_constrained,context_layer_with_explicit_caveat,https://browser.sead.se/site/6241,Unresolved time semantics,Readers may need to inspect the upstream SEAD site page because the repository does not currently expose stronger reference links.
6243,Tullinge gård,Sweden,inventory_only_or_unresolved,duration_not_available,site_page_only,medium_access_constrained,context_layer_with_explicit_caveat,https://browser.sead.se/site/6243,Unresolved time semantics,Readers may need to inspect the upstream SEAD site page because the repository does not currently expose stronger reference links.
6244,Tullsåkra,Sweden,inventory_only_or_unresolved,duration_not_available,site_page_only,medium_access_constrained,context_layer_with_explicit_caveat,https://browser.sead.se/site/6244,Unresolved time semantics,Readers may need to inspect the upstream SEAD site page because the repository does not currently expose stronger reference links.
6327,Tuna,Sweden,inventory_only_or_unresolved,duration_not_available,site_page_only,medium_access_constrained,context_layer_with_explicit_caveat,https://browser.sead.se/site/6327,Unresolved time semantics,Readers may need to inspect the upstream SEAD site page because the repository does not currently expose stronger reference links.
273,Tuna Raä 328:1,Sweden,inventory_only_or_unresolved,duration_not_available,site_page_only,medium_access_constrained,context_layer_with_explicit_caveat,https://browser.sead.se/site/273,Unresolved time semantics,Readers may need to inspect the upstream SEAD site page because the repository does not currently expose stronger reference links.
353,Tuna Raä 330,Sweden,inventory_only_or_unresolved,duration_not_available,site_page_only,medium_access_constrained,context_layer_with_explicit_caveat,https://browser.sead.se/site/353,Unresolved time semantics,Readers may need to inspect the upstream SEAD site page because the repository does not currently expose stronger reference links.
396,Turinge 415,Sweden,inventory_only_or_unresolved,duration_not_available,site_page_only,medium_access_constrained,context_layer_with_explicit_caveat,https://browser.sead.se/site/396,Unresolved time semantics,Readers may need to inspect the upstream SEAD site page because the repository does not currently expose stronger reference links.
5650,Tvartorps gård,Sweden,inventory_only_or_unresolved,duration_not_available,site_page_only,medium_access_constrained,context_layer_with_explicit_caveat,https://browser.sead.se/site/5650,Unresolved time semantics,Readers may need to inspect the upstream SEAD site page because the repository does not currently expose stronger reference links.
6328,Tvärgränd,Sweden,inventory_only_or_unresolved,duration_not_available,site_page_only,medium_access_constrained,context_layer_with_explicit_caveat,https://browser.sead.se/site/6328,Unresolved time semantics,Readers may need to inspect the upstream SEAD site page because the repository does not currently expose stronger reference links.
6245,"Tvåan, Röda kvarn",Sweden,inventory_only_or_unresolved,duration_not_available,site_page_only,medium_access_constrained,context_layer_with_explicit_caveat,https://browser.sead.se/site/6245,Unresolved time semantics,Readers may need to inspect the upstream SEAD site page because the repository does not currently expose stronger reference links.
30,Tvååker Raä 193,Sweden,inventory_only_or_unresolved,duration_not_available,site_page_only,medium_access_constrained,context_layer_with_explicit_caveat,https://browser.sead.se/site/30,Unresolved time semantics,Readers may need to inspect the upstream SEAD site page because the repository does not currently expose stronger reference links.
400,Tynderö 27,Sweden,inventory_only_or_unresolved,duration_not_available,site_page_only,medium_access_constrained,context_layer_with_explicit_caveat,https://browser.sead.se/site/400,Unresolved time semantics,Readers may need to inspect the upstream SEAD site page because the repository does not currently expose stronger reference links.
6246,Tynningö,Sweden,inventory_only_or_unresolved,duration_not_available,site_page_only,medium_access_constrained,context_layer_with_explicit_caveat,https://browser.sead.se/site/6246,Unresolved time semantics,Readers may need to inspect the upstream SEAD site page because the repository does not currently expose stronger reference links.
6247,Tysk Karin Olsson i Kärvsåsen,Sweden,inventory_only_or_unresolved,duration_not_available,site_page_only,medium_access_constrained,context_layer_with_explicit_caveat,https://browser.sead.se/site/6247,Unresolved time semantics,Readers may need to inspect the upstream SEAD site page because the repository does not currently expose stronger reference links.
6248,Tysk Sven i Västra Stumsnäs,Sweden,inventory_only_or_unresolved,duration_not_available,site_page_only,medium_access_constrained,context_layer_with_explicit_caveat,https://browser.sead.se/site/6248,Unresolved time semantics,Readers may need to inspect the upstream SEAD site page because the repository does not currently expose stronger reference links.
6249,Tystberga kyrka,Sweden,inventory_only_or_unresolved,duration_not_available,site_page_only,medium_access_constrained,context_layer_with_explicit_caveat,https://browser.sead.se/site/6249,Unresolved time semantics,Readers may need to inspect the upstream SEAD site page because the repository does not currently expose stronger reference links.
6224,Täpp Kerstin i Nedre Gärdsjö,Sweden,inventory_only_or_unresolved,duration_not_available,site_page_only,medium_access_constrained,context_layer_with_explicit_caveat,https://browser.sead.se/site/6224,Unresolved time semantics,Readers may need to inspect the upstream SEAD site page because the repository does not currently expose stronger reference links.
6225,Tärna hembygdsgård,Sweden,inventory_only_or_unresolved,duration_not_available,site_page_only,medium_access_constrained,context_layer_with_explicit_caveat,https://browser.sead.se/site/6225,Unresolved time semantics,Readers may need to inspect the upstream SEAD site page because the repository does not currently expose stronger reference links.
386,Tåme,Sweden,inventory_only_or_unresolved,duration_not_available,site_page_only,medium_access_constrained,context_layer_with_explicit_caveat,https://browser.sead.se/site/386,Unresolved time semantics,Readers may need to inspect the upstream SEAD site page because the repository does not currently expose stronger reference links.
6226,Tåstarps kyrka,Sweden,inventory_only_or_unresolved,duration_not_available,site_page_only,medium_access_constrained,context_layer_with_explicit_caveat,https://browser.sead.se/site/6226,Unresolved time semantics,Readers may need to inspect the upstream SEAD site page because the repository does not currently expose stronger reference links.
161,Tölö Raä 173,Sweden,inventory_only_or_unresolved,duration_not_available,site_page_only,medium_access_constrained,context_layer_with_explicit_caveat,https://browser.sead.se/site/161,Unresolved time semantics,Readers may need to inspect the upstream SEAD site page because the repository does not currently expose stronger reference links.
6232,Tönnersjö kyrka,Sweden,inventory_only_or_unresolved,duration_not_available,site_page_only,medium_access_constrained,context_layer_with_explicit_caveat,https://browser.sead.se/site/6232,Unresolved time semantics,Readers may need to inspect the upstream SEAD site page because the repository does not currently expose stronger reference links.
277,Töre 318:1,Sweden,inventory_only_or_unresolved,duration_not_available,site_page_only,medium_access_constrained,context_layer_with_explicit_caveat,https://browser.sead.se/site/277,Unresolved time semantics,Readers may need to inspect the upstream SEAD site page because the repository does not currently expose stronger reference links.
274,Töre 341:1,Sweden,inventory_only_or_unresolved,duration_not_available,site_page_only,medium_access_constrained,context_layer_with_explicit_caveat,https://browser.sead.se/site/274,Unresolved time semantics,Readers may need to inspect the upstream SEAD site page because the repository does not currently expose stronger reference links.
288,Töre 405:2,Sweden,inventory_only_or_unresolved,duration_not_available,site_page_only,medium_access_constrained,context_layer_with_explicit_caveat,https://browser.sead.se/site/288,Unresolved time semantics,Readers may need to inspect the upstream SEAD site page because the repository does not currently expose stronger reference links.
292,Töre 408:1,Sweden,inventory_only_or_unresolved,duration_not_available,site_page_only,medium_access_constrained,context_layer_with_explicit_caveat,https://browser.sead.se/site/292,Unresolved time semantics,Readers may need to inspect the upstream SEAD site page because the repository does not currently expose stronger reference links.
384,Töre 422,Sweden,inventory_only_or_unresolved,duration_not_available,site_page_only,medium_access_constrained,context_layer_with_explicit_caveat,https://browser.sead.se/site/384,Unresolved time semantics,Readers may need to inspect the upstream SEAD site page because the repository does not currently expose stronger reference links.
298,Töre Raä 320,Sweden,inventory_only_or_unresolved,duration_not_available,site_page_only,medium_access_constrained,context_layer_with_explicit_caveat,https://browser.sead.se/site/298,Unresolved time semantics,Readers may need to inspect the upstream SEAD site page because the repository does not currently expose stronger reference links.
58,Uddevalla Raä 133:1,Sweden,inventory_only_or_unresolved,duration_not_available,site_page_only,medium_access_constrained,context_layer_with_explicit_caveat,https://browser.sead.se/site/58,Unresolved time semantics,Readers may need to inspect the upstream SEAD site page because the repository does not currently expose stronger reference links.
6250,Ulfsparregatan 2,Sweden,inventory_only_or_unresolved,duration_not_available,site_page_only,medium_access_constrained,context_layer_with_explicit_caveat,https://browser.sead.se/site/6250,Unresolved time semantics,Readers may need to inspect the upstream SEAD site page because the repository does not currently expose stronger reference links.
6251,Ullbergs i Kall,Sweden,inventory_only_or_unresolved,duration_not_available,site_page_only,medium_access_constrained,context_layer_with_explicit_caveat,https://browser.sead.se/site/6251,Unresolved time semantics,Readers may need to inspect the upstream SEAD site page because the repository does not currently expose stronger reference links.
6252,Ulvängen,Sweden,inventory_only_or_unresolved,duration_not_available,site_page_only,medium_access_constrained,context_layer_with_explicit_caveat,https://browser.sead.se/site/6252,Unresolved time semantics,Readers may need to inspect the upstream SEAD site page because the repository does not currently expose stronger reference links.
244,Umeå socken Raä 225,Sweden,inventory_only_or_unresolved,duration_not_available,site_page_only,medium_access_constrained,context_layer_with_explicit_caveat,https://browser.sead.se/site/244,Unresolved time semantics,Readers may need to inspect the upstream SEAD site page because the repository does not currently expose stronger reference links.
133,Umeå socken Raä 227,Sweden,inventory_only_or_unresolved,duration_not_available,site_page_only,medium_access_constrained,context_layer_with_explicit_caveat,https://browser.sead.se/site/133,Unresolved time semantics,Readers may need to inspect the upstream SEAD site page because the repository does not currently expose stronger reference links.
192,Umeå socken Raä 318,Sweden,inventory_only_or_unresolved,duration_not_available,site_page_only,medium_access_constrained,context_layer_with_explicit_caveat,https://browser.sead.se/site/192,Unresolved time semantics,Readers may need to inspect the upstream SEAD site page because the repository does not currently expose stronger reference links.
253,Umeå socken Raä 586,Sweden,inventory_only_or_unresolved,duration_not_available,site_page_only,medium_access_constrained,context_layer_with_explicit_caveat,https://browser.sead.se/site/253,Unresolved time semantics,Readers may need to inspect the upstream SEAD site page because the repository does not currently expose stronger reference links.
248,Umeå socken Raä 590,Sweden,inventory_only_or_unresolved,duration_not_available,site_page_only,medium_access_constrained,context_layer_with_explicit_caveat,https://browser.sead.se/site/248,Unresolved time semantics,Readers may need to inspect the upstream SEAD site page because the repository does not currently expose stronger reference links.
216,Umeå stad Raä 15,Sweden,inventory_only_or_unresolved,duration_not_available,site_page_only,medium_access_constrained,context_layer_with_explicit_caveat,https://browser.sead.se/site/216,Unresolved time semantics,Readers may need to inspect the upstream SEAD site page because the repository does not currently expose stronger reference links.
148,Umeå Stadsliden 6:6,Sweden,inventory_only_or_unresolved,duration_not_available,site_page_only,medium_access_constrained,context_layer_with_explicit_caveat,https://browser.sead.se/site/148,Unresolved time semantics,Readers may need to inspect the upstream SEAD site page because the repository does not currently expose stronger reference links.
301,Undersåker Raä 204,Sweden,inventory_only_or_unresolved,duration_not_available,site_page_only,medium_access_constrained,context_layer_with_explicit_caveat,https://browser.sead.se/site/301,Unresolved time semantics,Readers may need to inspect the upstream SEAD site page because the repository does not currently expose stronger reference links.
6347,Uppsala 262:1,Sweden,inventory_only_or_unresolved,duration_not_available,site_page_only,medium_access_constrained,context_layer_with_explicit_caveat,https://browser.sead.se/site/6347,Unresolved time semantics,Readers may need to inspect the upstream SEAD site page because the repository does not currently expose stronger reference links.
6344,Uppsala 670,Sweden,inventory_only_or_unresolved,duration_not_available,site_page_only,medium_access_constrained,context_layer_with_explicit_caveat,https://browser.sead.se/site/6344,Unresolved time semantics,Readers may need to inspect the upstream SEAD site page because the repository does not currently expose stronger reference links.
6346,Uppsala 88:1,Sweden,inventory_only_or_unresolved,duration_not_available,site_page_only,medium_access_constrained,context_layer_with_explicit_caveat,https://browser.sead.se/site/6346,Unresolved time semantics,Readers may need to inspect the upstream SEAD site page because the repository does not currently expose stronger reference links.
303,Uppsala Raä 499,Sweden,inventory_only_or_unresolved,duration_not_available,site_page_only,medium_access_constrained,context_layer_with_explicit_caveat,https://browser.sead.se/site/303,Unresolved time semantics,Readers may need to inspect the upstream SEAD site page because the repository does not currently expose stronger reference links.
4702,Uppsala: Centrum,Sweden,inventory_only_or_unresolved,duration_not_available,site_page_only,medium_access_constrained,context_layer_with_explicit_caveat,https://browser.sead.se/site/4702,Unresolved time semantics,Readers may need to inspect the upstream SEAD site page because the repository does not currently expose stronger reference links.
6253,Utatgården på Öhn,Sweden,inventory_only_or_unresolved,duration_not_available,site_page_only,medium_access_constrained,context_layer_with_explicit_caveat,https://browser.sead.se/site/6253,Unresolved time semantics,Readers may need to inspect the upstream SEAD site page because the repository does not currently expose stronger reference links.
6254,Utmelanda,Sweden,inventory_only_or_unresolved,duration_not_available,site_page_only,medium_access_constrained,context_layer_with_explicit_caveat,https://browser.sead.se/site/6254,Unresolved time semantics,Readers may need to inspect the upstream SEAD site page because the repository does not currently expose stronger reference links.
6409,Vadstena 21:1,Sweden,inventory_only_or_unresolved,duration_not_available,site_page_only,medium_access_constrained,context_layer_with_explicit_caveat,https://browser.sead.se/site/6409,Unresolved time semantics,Readers may need to inspect the upstream SEAD site page because the repository does not currently expose stronger reference links.
6442,Vadstena 35,Sweden,inventory_only_or_unresolved,duration_not_available,site_page_only,medium_access_constrained,context_layer_with_explicit_caveat,https://browser.sead.se/site/6442,Unresolved time semantics,Readers may need to inspect the upstream SEAD site page because the repository does not currently expose stronger reference links.
341,Vaksala Raä 300,Sweden,inventory_only_or_unresolved,duration_not_available,site_page_only,medium_access_constrained,context_layer_with_explicit_caveat,https://browser.sead.se/site/341,Unresolved time semantics,Readers may need to inspect the upstream SEAD site page because the repository does not currently expose stronger reference links.
6257,Valbo kyrka,Sweden,inventory_only_or_unresolved,duration_not_available,site_page_only,medium_access_constrained,context_layer_with_explicit_caveat,https://browser.sead.se/site/6257,Unresolved time semantics,Readers may need to inspect the upstream SEAD site page because the repository does not currently expose stronger reference links.
246,Valbo Raä 399,Sweden,inventory_only_or_unresolved,duration_not_available,site_page_only,medium_access_constrained,context_layer_with_explicit_caveat,https://browser.sead.se/site/246,Unresolved time semantics,Readers may need to inspect the upstream SEAD site page because the repository does not currently expose stronger reference links.
6329,Vallagatan,Sweden,inventory_only_or_unresolved,duration_not_available,site_page_only,medium_access_constrained,context_layer_with_explicit_caveat,https://browser.sead.se/site/6329,Unresolved time semantics,Readers may need to inspect the upstream SEAD site page because the repository does not currently expose stronger reference links.
6258,Vallby kyrka,Sweden,inventory_only_or_unresolved,duration_not_available,site_page_only,medium_access_constrained,context_layer_with_explicit_caveat,https://browser.sead.se/site/6258,Unresolved time semantics,Readers may need to inspect the upstream SEAD site page because the repository does not currently expose stronger reference links.
5,Vallda Raä 293,Sweden,inventory_only_or_unresolved,duration_not_available,site_page_only,medium_access_constrained,context_layer_with_explicit_caveat,https://browser.sead.se/site/5,Unresolved time semantics,Readers may need to inspect the upstream SEAD site page because the repository does not currently expose stronger reference links.
6259,Vallen i Gammelsträng,Sweden,inventory_only_or_unresolved,duration_not_available,site_page_only,medium_access_constrained,context_layer_with_explicit_caveat,https://browser.sead.se/site/6259,Unresolved time semantics,Readers may need to inspect the upstream SEAD site page because the repository does not currently expose stronger reference links.
6423,Vallentuna 495:1,Sweden,inventory_only_or_unresolved,duration_not_available,site_page_only,medium_access_constrained,context_layer_with_explicit_caveat,https://browser.sead.se/site/6423,Unresolved time semantics,Readers may need to inspect the upstream SEAD site page because the repository does not currently expose stronger reference links.
6260,Vallins i Östansjö,Sweden,inventory_only_or_unresolved,duration_not_available,site_page_only,medium_access_constrained,context_layer_with_explicit_caveat,https://browser.sead.se/site/6260,Unresolved time semantics,Readers may need to inspect the upstream SEAD site page because the repository does not currently expose stronger reference links.
6261,Valtorps kyrka,Sweden,inventory_only_or_unresolved,duration_not_available,site_page_only,medium_access_constrained,context_layer_with_explicit_caveat,https://browser.sead.se/site/6261,Unresolved time semantics,Readers may need to inspect the upstream SEAD site page because the repository does not currently expose stronger reference links.
6345,Valö 123:1,Sweden,inventory_only_or_unresolved,duration_not_available,site_page_only,medium_access_constrained,context_layer_with_explicit_caveat,https://browser.sead.se/site/6345,Unresolved time semantics,Readers may need to inspect the upstream SEAD site page because the repository does not currently expose stronger reference links.
6263,Varbergs fästning,Sweden,inventory_only_or_unresolved,duration_not_available,site_page_only,medium_access_constrained,context_layer_with_explicit_caveat,https://browser.sead.se/site/6263,Unresolved time semantics,Readers may need to inspect the upstream SEAD site page because the repository does not currently expose stronger reference links.
6264,Varras i Råsjön,Sweden,inventory_only_or_unresolved,duration_not_available,site_page_only,medium_access_constrained,context_layer_with_explicit_caveat,https://browser.sead.se/site/6264,Unresolved time semantics,Readers may need to inspect the upstream SEAD site page because the repository does not currently expose stronger reference links.
138,"Vaterland 1, Oslo",Norway,inventory_only_or_unresolved,duration_not_available,site_page_only,medium_access_constrained,context_layer_with_explicit_caveat,https://browser.sead.se/site/138,Unresolved time semantics,Readers may need to inspect the upstream SEAD site page because the repository does not currently expose stronger reference links.
6267,Veinge kyrka,Sweden,inventory_only_or_unresolved,duration_not_available,site_page_only,medium_access_constrained,context_layer_with_explicit_caveat,https://browser.sead.se/site/6267,Unresolved time semantics,Readers may need to inspect the upstream SEAD site page because the repository does not currently expose stronger reference links.
6268,Verkstadsstuga Östnor,Sweden,inventory_only_or_unresolved,duration_not_available,site_page_only,medium_access_constrained,context_layer_with_explicit_caveat,https://browser.sead.se/site/6268,Unresolved time semantics,Readers may need to inspect the upstream SEAD site page because the repository does not currently expose stronger reference links.
6397,Verum 4:2,Sweden,inventory_only_or_unresolved,duration_not_available,site_page_only,medium_access_constrained,context_layer_with_explicit_caveat,https://browser.sead.se/site/6397,Unresolved time semantics,Readers may need to inspect the upstream SEAD site page because the repository does not currently expose stronger reference links.
172,Viby Raä 220,Sweden,inventory_only_or_unresolved,duration_not_available,site_page_only,medium_access_constrained,context_layer_with_explicit_caveat,https://browser.sead.se/site/172,Unresolved time semantics,Readers may need to inspect the upstream SEAD site page because the repository does not currently expose stronger reference links.
215,Viby Raä 222,Sweden,inventory_only_or_unresolved,duration_not_available,site_page_only,medium_access_constrained,context_layer_with_explicit_caveat,https://browser.sead.se/site/215,Unresolved time semantics,Readers may need to inspect the upstream SEAD site page because the repository does not currently expose stronger reference links.
234,Viby Raä 225,Sweden,inventory_only_or_unresolved,duration_not_available,site_page_only,medium_access_constrained,context_layer_with_explicit_caveat,https://browser.sead.se/site/234,Unresolved time semantics,Readers may need to inspect the upstream SEAD site page because the repository does not currently expose stronger reference links.
99,Vika Raä 260,Sweden,inventory_only_or_unresolved,duration_not_available,site_page_only,medium_access_constrained,context_layer_with_explicit_caveat,https://browser.sead.se/site/99,Unresolved time semantics,Readers may need to inspect the upstream SEAD site page because the repository does not currently expose stronger reference links.
6269,Vikenhärbret,Sweden,inventory_only_or_unresolved,duration_not_available,site_page_only,medium_access_constrained,context_layer_with_explicit_caveat,https://browser.sead.se/site/6269,Unresolved time semantics,Readers may need to inspect the upstream SEAD site page because the repository does not currently expose stronger reference links.
6270,Vikström i Bodsjö,Sweden,inventory_only_or_unresolved,duration_not_available,site_page_only,medium_access_constrained,context_layer_with_explicit_caveat,https://browser.sead.se/site/6270,Unresolved time semantics,Readers may need to inspect the upstream SEAD site page because the repository does not currently expose stronger reference links.
313,Vilhelmina Raä 1647,Sweden,inventory_only_or_unresolved,duration_not_available,site_page_only,medium_access_constrained,context_layer_with_explicit_caveat,https://browser.sead.se/site/313,Unresolved time semantics,Readers may need to inspect the upstream SEAD site page because the repository does not currently expose stronger reference links.
231,Vinberg Raä 97,Sweden,inventory_only_or_unresolved,duration_not_available,site_page_only,medium_access_constrained,context_layer_with_explicit_caveat,https://browser.sead.se/site/231,Unresolved time semantics,Readers may need to inspect the upstream SEAD site page because the repository does not currently expose stronger reference links.
6371,Visby 107:1,Sweden,inventory_only_or_unresolved,duration_not_available,site_page_only,medium_access_constrained,context_layer_with_explicit_caveat,https://browser.sead.se/site/6371,Unresolved time semantics,Readers may need to inspect the upstream SEAD site page because the repository does not currently expose stronger reference links.
6365,Visingsö 182,Sweden,inventory_only_or_unresolved,duration_not_available,site_page_only,medium_access_constrained,context_layer_with_explicit_caveat,https://browser.sead.se/site/6365,Unresolved time semantics,Readers may need to inspect the upstream SEAD site page because the repository does not currently expose stronger reference links.
6394,Vittsjö 24:1,Sweden,inventory_only_or_unresolved,duration_not_available,site_page_only,medium_access_constrained,context_layer_with_explicit_caveat,https://browser.sead.se/site/6394,Unresolved time semantics,Readers may need to inspect the upstream SEAD site page because the repository does not currently expose stronger reference links.
6399,Vittskövle 1:1,Sweden,inventory_only_or_unresolved,duration_not_available,site_page_only,medium_access_constrained,context_layer_with_explicit_caveat,https://browser.sead.se/site/6399,Unresolved time semantics,Readers may need to inspect the upstream SEAD site page because the repository does not currently expose stronger reference links.
6271,Vretarne Bergmans gård,Sweden,inventory_only_or_unresolved,duration_not_available,site_page_only,medium_access_constrained,context_layer_with_explicit_caveat,https://browser.sead.se/site/6271,Unresolved time semantics,Readers may need to inspect the upstream SEAD site page because the repository does not currently expose stronger reference links.
6255,Vä kyrka,Sweden,inventory_only_or_unresolved,duration_not_available,site_page_only,medium_access_constrained,context_layer_with_explicit_caveat,https://browser.sead.se/site/6255,Unresolved time semantics,Readers may need to inspect the upstream SEAD site page because the repository does not currently expose stronger reference links.
6256,Vähusen,Sweden,inventory_only_or_unresolved,duration_not_available,site_page_only,medium_access_constrained,context_layer_with_explicit_caveat,https://browser.sead.se/site/6256,Unresolved time semantics,Readers may need to inspect the upstream SEAD site page because the repository does not currently expose stronger reference links.
144,Vänersborg Raä 149,Sweden,inventory_only_or_unresolved,duration_not_available,site_page_only,medium_access_constrained,context_layer_with_explicit_caveat,https://browser.sead.se/site/144,Unresolved time semantics,Readers may need to inspect the upstream SEAD site page because the repository does not currently expose stronger reference links.
306,Vänge Raä 88:1,Sweden,inventory_only_or_unresolved,duration_not_available,site_page_only,medium_access_constrained,context_layer_with_explicit_caveat,https://browser.sead.se/site/306,Unresolved time semantics,Readers may need to inspect the upstream SEAD site page because the repository does not currently expose stronger reference links.
18,Värö Raä 323,Sweden,inventory_only_or_unresolved,duration_not_available,site_page_only,medium_access_constrained,context_layer_with_explicit_caveat,https://browser.sead.se/site/18,Unresolved time semantics,Readers may need to inspect the upstream SEAD site page because the repository does not currently expose stronger reference links.
163,Västerbitterna 3:17,Sweden,inventory_only_or_unresolved,duration_not_available,site_page_only,medium_access_constrained,context_layer_with_explicit_caveat,https://browser.sead.se/site/163,Unresolved time semantics,Readers may need to inspect the upstream SEAD site page because the repository does not currently expose stronger reference links.
198,Västerbitterna Raä 34,Sweden,inventory_only_or_unresolved,duration_not_available,site_page_only,medium_access_constrained,context_layer_with_explicit_caveat,https://browser.sead.se/site/198,Unresolved time semantics,Readers may need to inspect the upstream SEAD site page because the repository does not currently expose stronger reference links.
383,Västerhaninge Raä 201,Sweden,inventory_only_or_unresolved,duration_not_available,site_page_only,medium_access_constrained,context_layer_with_explicit_caveat,https://browser.sead.se/site/383,Unresolved time semantics,Readers may need to inspect the upstream SEAD site page because the repository does not currently expose stronger reference links.
344,Västerhaninge Raä 479,Sweden,inventory_only_or_unresolved,duration_not_available,site_page_only,medium_access_constrained,context_layer_with_explicit_caveat,https://browser.sead.se/site/344,Unresolved time semantics,Readers may need to inspect the upstream SEAD site page because the repository does not currently expose stronger reference links.
6350,Västerlövsta 395:1,Sweden,inventory_only_or_unresolved,duration_not_available,site_page_only,medium_access_constrained,context_layer_with_explicit_caveat,https://browser.sead.se/site/6350,Unresolved time semantics,Readers may need to inspect the upstream SEAD site page because the repository does not currently expose stronger reference links.
3945,Västermo kyrka,Sweden,inventory_only_or_unresolved,duration_not_available,site_page_only,medium_access_constrained,context_layer_with_explicit_caveat,https://browser.sead.se/site/3945,Unresolved time semantics,Readers may need to inspect the upstream SEAD site page because the repository does not currently expose stronger reference links.
6265,Västerplana kyrka,Sweden,inventory_only_or_unresolved,duration_not_available,site_page_only,medium_access_constrained,context_layer_with_explicit_caveat,https://browser.sead.se/site/6265,Unresolved time semantics,Readers may need to inspect the upstream SEAD site page because the repository does not currently expose stronger reference links.
6356,Västervik 94:1,Sweden,inventory_only_or_unresolved,duration_not_available,site_page_only,medium_access_constrained,context_layer_with_explicit_caveat,https://browser.sead.se/site/6356,Unresolved time semantics,Readers may need to inspect the upstream SEAD site page because the repository does not currently expose stronger reference links.
6402,Västerås 232:1,Sweden,inventory_only_or_unresolved,duration_not_available,site_page_only,medium_access_constrained,context_layer_with_explicit_caveat,https://browser.sead.se/site/6402,Unresolved time semantics,Readers may need to inspect the upstream SEAD site page because the repository does not currently expose stronger reference links.
6266,Västra Eds kyrkoruin,Sweden,inventory_only_or_unresolved,duration_not_available,site_page_only,medium_access_constrained,context_layer_with_explicit_caveat,https://browser.sead.se/site/6266,Unresolved time semantics,Readers may need to inspect the upstream SEAD site page because the repository does not currently expose stronger reference links.
222,Västra Frölunda Raä 411,Sweden,inventory_only_or_unresolved,duration_not_available,site_page_only,medium_access_constrained,context_layer_with_explicit_caveat,https://browser.sead.se/site/222,Unresolved time semantics,Readers may need to inspect the upstream SEAD site page because the repository does not currently expose stronger reference links.
268,Västra Skälby,Sweden,inventory_only_or_unresolved,duration_not_available,site_page_only,medium_access_constrained,context_layer_with_explicit_caveat,https://browser.sead.se/site/268,Unresolved time semantics,Readers may need to inspect the upstream SEAD site page because the repository does not currently expose stronger reference links.
107,Vättlösa Raä 158,Sweden,inventory_only_or_unresolved,duration_not_available,site_page_only,medium_access_constrained,context_layer_with_explicit_caveat,https://browser.sead.se/site/107,Unresolved time semantics,Readers may need to inspect the upstream SEAD site page because the repository does not currently expose stronger reference links.
6351,Växjö 61:1,Sweden,inventory_only_or_unresolved,duration_not_available,site_page_only,medium_access_constrained,context_layer_with_explicit_caveat,https://browser.sead.se/site/6351,Unresolved time semantics,Readers may need to inspect the upstream SEAD site page because the repository does not currently expose stronger reference links.
174,Våmb Raä 59,Sweden,inventory_only_or_unresolved,duration_not_available,site_page_only,medium_access_constrained,context_layer_with_explicit_caveat,https://browser.sead.se/site/174,Unresolved time semantics,Readers may need to inspect the upstream SEAD site page because the repository does not currently expose stronger reference links.
6262,Våmhusvägen Bonäs,Sweden,inventory_only_or_unresolved,duration_not_available,site_page_only,medium_access_constrained,context_layer_with_explicit_caveat,https://browser.sead.se/site/6262,Unresolved time semantics,Readers may need to inspect the upstream SEAD site page because the repository does not currently expose stronger reference links.
6272,Wahléns i Oxberg,Sweden,inventory_only_or_unresolved,duration_not_available,site_page_only,medium_access_constrained,context_layer_with_explicit_caveat,https://browser.sead.se/site/6272,Unresolved time semantics,Readers may need to inspect the upstream SEAD site page because the repository does not currently expose stronger reference links.
6273,Waxängs gård,Sweden,inventory_only_or_unresolved,duration_not_available,site_page_only,medium_access_constrained,context_layer_with_explicit_caveat,https://browser.sead.se/site/6273,Unresolved time semantics,Readers may need to inspect the upstream SEAD site page because the repository does not currently expose stronger reference links.
4720,Westerland,,inventory_only_or_unresolved,duration_not_available,site_page_only,medium_access_constrained,context_layer_with_explicit_caveat,https://browser.sead.se/site/4720,,Readers may need to inspect the upstream SEAD site page because the repository does not currently expose stronger reference links.
3939,Westööska huset,Sweden,inventory_only_or_unresolved,duration_not_available,site_page_only,medium_access_constrained,context_layer_with_explicit_caveat,https://browser.sead.se/site/3939,Unresolved time semantics,Readers may need to inspect the upstream SEAD site page because the repository does not currently expose stronger reference links.
6274,Ysby kyrka,Sweden,inventory_only_or_unresolved,duration_not_available,site_page_only,medium_access_constrained,context_layer_with_explicit_caveat,https://browser.sead.se/site/6274,Unresolved time semantics,Readers may need to inspect the upstream SEAD site page because the repository does not currently expose stronger reference links.
6383,Ystad 50:1,Sweden,inventory_only_or_unresolved,duration_not_available,site_page_only,medium_access_constrained,context_layer_with_explicit_caveat,https://browser.sead.se/site/6383,Unresolved time semantics,Readers may need to inspect the upstream SEAD site page because the repository does not currently expose stronger reference links.
302,Ytterby Raä 22,Sweden,inventory_only_or_unresolved,duration_not_available,site_page_only,medium_access_constrained,context_layer_with_explicit_caveat,https://browser.sead.se/site/302,Unresolved time semantics,Readers may need to inspect the upstream SEAD site page because the repository does not currently expose stronger reference links.
6275,Ytterselö kyrka,Sweden,inventory_only_or_unresolved,duration_not_available,site_page_only,medium_access_constrained,context_layer_with_explicit_caveat,https://browser.sead.se/site/6275,Unresolved time semantics,Readers may need to inspect the upstream SEAD site page because the repository does not currently expose stronger reference links.
178,Yttre Medväga,Sweden,inventory_only_or_unresolved,duration_not_available,site_page_only,medium_access_constrained,context_layer_with_explicit_caveat,https://browser.sead.se/site/178,Unresolved time semantics,Readers may need to inspect the upstream SEAD site page because the repository does not currently expose stronger reference links.
258,Ägglösen,Sweden,inventory_only_or_unresolved,duration_not_available,site_page_only,medium_access_constrained,context_layer_with_explicit_caveat,https://browser.sead.se/site/258,Unresolved time semantics,Readers may need to inspect the upstream SEAD site page because the repository does not currently expose stronger reference links.
379,Älgtjärn,Sweden,inventory_only_or_unresolved,duration_not_available,site_page_only,medium_access_constrained,context_layer_with_explicit_caveat,https://browser.sead.se/site/379,Unresolved time semantics,Readers may need to inspect the upstream SEAD site page because the repository does not currently expose stronger reference links.
157,"Älgtjärn, Jovan ekopark",Sweden,inventory_only_or_unresolved,duration_not_available,site_page_only,medium_access_constrained,context_layer_with_explicit_caveat,https://browser.sead.se/site/157,Unresolved time semantics,Readers may need to inspect the upstream SEAD site page because the repository does not currently expose stronger reference links.
326,Älvsbyn Raä 958,Sweden,inventory_only_or_unresolved,duration_not_available,site_page_only,medium_access_constrained,context_layer_with_explicit_caveat,https://browser.sead.se/site/326,Unresolved time semantics,Readers may need to inspect the upstream SEAD site page because the repository does not currently expose stronger reference links.
5668,Äskhult,Sweden,inventory_only_or_unresolved,duration_not_available,site_page_only,medium_access_constrained,context_layer_with_explicit_caveat,https://browser.sead.se/site/5668,Unresolved time semantics,Readers may need to inspect the upstream SEAD site page because the repository does not currently expose stronger reference links.
5680,Ågren i Rännberg,Sweden,inventory_only_or_unresolved,duration_not_available,site_page_only,medium_access_constrained,context_layer_with_explicit_caveat,https://browser.sead.se/site/5680,Unresolved time semantics,Readers may need to inspect the upstream SEAD site page because the repository does not currently expose stronger reference links.
6398,Åhus 23:1,Sweden,inventory_only_or_unresolved,duration_not_available,site_page_only,medium_access_constrained,context_layer_with_explicit_caveat,https://browser.sead.se/site/6398,Unresolved time semantics,Readers may need to inspect the upstream SEAD site page because the repository does not currently expose stronger reference links.
6376,Åker 270:1,Sweden,inventory_only_or_unresolved,duration_not_available,site_page_only,medium_access_constrained,context_layer_with_explicit_caveat,https://browser.sead.se/site/6376,Unresolved time semantics,Readers may need to inspect the upstream SEAD site page because the repository does not currently expose stronger reference links.
6443,Åker 303:1,Sweden,inventory_only_or_unresolved,duration_not_available,site_page_only,medium_access_constrained,context_layer_with_explicit_caveat,https://browser.sead.se/site/6443,Unresolved time semantics,Readers may need to inspect the upstream SEAD site page because the repository does not currently expose stronger reference links.
5681,Åkerblads pensionat,Sweden,inventory_only_or_unresolved,duration_not_available,site_page_only,medium_access_constrained,context_layer_with_explicit_caveat,https://browser.sead.se/site/5681,Unresolved time semantics,Readers may need to inspect the upstream SEAD site page because the repository does not currently expose stronger reference links.
354,Åkroken,Sweden,inventory_only_or_unresolved,duration_not_available,site_page_only,medium_access_constrained,context_layer_with_explicit_caveat,https://browser.sead.se/site/354,Unresolved time semantics,Readers may need to inspect the upstream SEAD site page because the repository does not currently expose stronger reference links.
5689,Årdala kyrka,Sweden,inventory_only_or_unresolved,duration_not_available,site_page_only,medium_access_constrained,context_layer_with_explicit_caveat,https://browser.sead.se/site/5689,Unresolved time semantics,Readers may need to inspect the upstream SEAD site page because the repository does not currently expose stronger reference links.
5690,Åre gamla kyrka,Sweden,inventory_only_or_unresolved,duration_not_available,site_page_only,medium_access_constrained,context_layer_with_explicit_caveat,https://browser.sead.se/site/5690,Unresolved time semantics,Readers may need to inspect the upstream SEAD site page because the repository does not currently expose stronger reference links.
5691,Årebergs gård,Sweden,inventory_only_or_unresolved,duration_not_available,site_page_only,medium_access_constrained,context_layer_with_explicit_caveat,https://browser.sead.se/site/5691,Unresolved time semantics,Readers may need to inspect the upstream SEAD site page because the repository does not currently expose stronger reference links.
7,Årstad Raä 3,Sweden,inventory_only_or_unresolved,duration_not_available,site_page_only,medium_access_constrained,context_layer_with_explicit_caveat,https://browser.sead.se/site/7,Unresolved time semantics,Readers may need to inspect the upstream SEAD site page because the repository does not currently expose stronger reference links.
6277,Åsen,Sweden,inventory_only_or_unresolved,duration_not_available,site_page_only,medium_access_constrained,context_layer_with_explicit_caveat,https://browser.sead.se/site/6277,Unresolved time semantics,Readers may need to inspect the upstream SEAD site page because the repository does not currently expose stronger reference links.
294,Åssjiejávrátje,Sweden,inventory_only_or_unresolved,duration_not_available,site_page_only,medium_access_constrained,context_layer_with_explicit_caveat,https://browser.sead.se/site/294,Unresolved time semantics,Readers may need to inspect the upstream SEAD site page because the repository does not currently expose stronger reference links.
6278,Åsögatan,Sweden,inventory_only_or_unresolved,duration_not_available,site_page_only,medium_access_constrained,context_layer_with_explicit_caveat,https://browser.sead.se/site/6278,Unresolved time semantics,Readers may need to inspect the upstream SEAD site page because the repository does not currently expose stronger reference links.
6407,Ödeshög 215:1,Sweden,inventory_only_or_unresolved,duration_not_available,site_page_only,medium_access_constrained,context_layer_with_explicit_caveat,https://browser.sead.se/site/6407,Unresolved time semantics,Readers may need to inspect the upstream SEAD site page because the repository does not currently expose stronger reference links.
189,Ödskölt Raä 122,Sweden,inventory_only_or_unresolved,duration_not_available,site_page_only,medium_access_constrained,context_layer_with_explicit_caveat,https://browser.sead.se/site/189,Unresolved time semantics,Readers may need to inspect the upstream SEAD site page because the repository does not currently expose stronger reference links.
6044,Öhlanders,Sweden,inventory_only_or_unresolved,duration_not_available,site_page_only,medium_access_constrained,context_layer_with_explicit_caveat,https://browser.sead.se/site/6044,Unresolved time semantics,Readers may need to inspect the upstream SEAD site page because the repository does not currently expose stronger reference links.
90,Örby Raä 98,Sweden,inventory_only_or_unresolved,duration_not_available,site_page_only,medium_access_constrained,context_layer_with_explicit_caveat,https://browser.sead.se/site/90,Unresolved time semantics,Readers may need to inspect the upstream SEAD site page because the repository does not currently expose stronger reference links.
6314,Örsaskögle,Sweden,inventory_only_or_unresolved,duration_not_available,site_page_only,medium_access_constrained,context_layer_with_explicit_caveat,https://browser.sead.se/site/6314,Unresolved time semantics,Readers may need to inspect the upstream SEAD site page because the repository does not currently expose stronger reference links.
112,Örsås Raä 291,Sweden,inventory_only_or_unresolved,duration_not_available,site_page_only,medium_access_constrained,context_layer_with_explicit_caveat,https://browser.sead.se/site/112,Unresolved time semantics,Readers may need to inspect the upstream SEAD site page because the repository does not currently expose stronger reference links.
6065,Örtofta slott,Sweden,inventory_only_or_unresolved,duration_not_available,site_page_only,medium_access_constrained,context_layer_with_explicit_caveat,https://browser.sead.se/site/6065,Unresolved time semantics,Readers may need to inspect the upstream SEAD site page because the repository does not currently expose stronger reference links.
6066,Örup Stenhus,Sweden,inventory_only_or_unresolved,duration_not_available,site_page_only,medium_access_constrained,context_layer_with_explicit_caveat,https://browser.sead.se/site/6066,Unresolved time semantics,Readers may need to inspect the upstream SEAD site page because the repository does not currently expose stronger reference links.
3934,Ösmo gamla prästgård,Sweden,inventory_only_or_unresolved,duration_not_available,site_page_only,medium_access_constrained,context_layer_with_explicit_caveat,https://browser.sead.se/site/3934,Unresolved time semantics,Readers may need to inspect the upstream SEAD site page because the repository does not currently expose stronger reference links.
6067,Östboda,Sweden,inventory_only_or_unresolved,duration_not_available,site_page_only,medium_access_constrained,context_layer_with_explicit_caveat,https://browser.sead.se/site/6067,Unresolved time semantics,Readers may need to inspect the upstream SEAD site page because the repository does not currently expose stronger reference links.
6068,Östbyhärbret,Sweden,inventory_only_or_unresolved,duration_not_available,site_page_only,medium_access_constrained,context_layer_with_explicit_caveat,https://browser.sead.se/site/6068,Unresolved time semantics,Readers may need to inspect the upstream SEAD site page because the repository does not currently expose stronger reference links.
6315,Östbyvägen,Sweden,inventory_only_or_unresolved,duration_not_available,site_page_only,medium_access_constrained,context_layer_with_explicit_caveat,https://browser.sead.se/site/6315,Unresolved time semantics,Readers may need to inspect the upstream SEAD site page because the repository does not currently expose stronger reference links.
385,Österhaninge Raä 230,Sweden,inventory_only_or_unresolved,duration_not_available,site_page_only,medium_access_constrained,context_layer_with_explicit_caveat,https://browser.sead.se/site/385,Unresolved time semantics,Readers may need to inspect the upstream SEAD site page because the repository does not currently expose stronger reference links.
340,Österhaninge Raä 238,Sweden,inventory_only_or_unresolved,duration_not_available,site_page_only,medium_access_constrained,context_layer_with_explicit_caveat,https://browser.sead.se/site/340,Unresolved time semantics,Readers may need to inspect the upstream SEAD site page because the repository does not currently expose stronger reference links.
355,Österhaninge Raä 239,Sweden,inventory_only_or_unresolved,duration_not_available,site_page_only,medium_access_constrained,context_layer_with_explicit_caveat,https://browser.sead.se/site/355,Unresolved time semantics,Readers may need to inspect the upstream SEAD site page because the repository does not currently expose stronger reference links.
368,Österhaninge Raä 72,Sweden,inventory_only_or_unresolved,duration_not_available,site_page_only,medium_access_constrained,context_layer_with_explicit_caveat,https://browser.sead.se/site/368,Unresolved time semantics,Readers may need to inspect the upstream SEAD site page because the repository does not currently expose stronger reference links.
6069,Österslövs gamla prästgård,Sweden,inventory_only_or_unresolved,duration_not_available,site_page_only,medium_access_constrained,context_layer_with_explicit_caveat,https://browser.sead.se/site/6069,Unresolved time semantics,Readers may need to inspect the upstream SEAD site page because the repository does not currently expose stronger reference links.
6070,Östnorsstugan,Sweden,inventory_only_or_unresolved,duration_not_available,site_page_only,medium_access_constrained,context_layer_with_explicit_caveat,https://browser.sead.se/site/6070,Unresolved time semantics,Readers may need to inspect the upstream SEAD site page because the repository does not currently expose stronger reference links.
6071,Östnorsstugan stall och lider,Sweden,inventory_only_or_unresolved,duration_not_available,site_page_only,medium_access_constrained,context_layer_with_explicit_caveat,https://browser.sead.se/site/6071,Unresolved time semantics,Readers may need to inspect the upstream SEAD site page because the repository does not currently expose stronger reference links.
6072,Östra Sallerups kyrka,Sweden,inventory_only_or_unresolved,duration_not_available,site_page_only,medium_access_constrained,context_layer_with_explicit_caveat,https://browser.sead.se/site/6072,Unresolved time semantics,Readers may need to inspect the upstream SEAD site page because the repository does not currently expose stronger reference links.
6073,Östra Söderåsen,Sweden,inventory_only_or_unresolved,duration_not_available,site_page_only,medium_access_constrained,context_layer_with_explicit_caveat,https://browser.sead.se/site/6073,Unresolved time semantics,Readers may need to inspect the upstream SEAD site page because the repository does not currently expose stronger reference links.
6348,Övergran 280:1,Sweden,inventory_only_or_unresolved,duration_not_available,site_page_only,medium_access_constrained,context_layer_with_explicit_caveat,https://browser.sead.se/site/6348,Unresolved time semantics,Readers may need to inspect the upstream SEAD site page because the repository does not currently expose stronger reference links.
94,Överlännäs Raä 20,Sweden,inventory_only_or_unresolved,duration_not_available,site_page_only,medium_access_constrained,context_layer_with_explicit_caveat,https://browser.sead.se/site/94,Unresolved time semantics,Readers may need to inspect the upstream SEAD site page because the repository does not currently expose stronger reference links.
397,Övertorneå 427,Sweden,inventory_only_or_unresolved,duration_not_available,site_page_only,medium_access_constrained,context_layer_with_explicit_caveat,https://browser.sead.se/site/397,Unresolved time semantics,Readers may need to inspect the upstream SEAD site page because the repository does not currently expose stronger reference links.
195,Övraby Raä 70,Sweden,inventory_only_or_unresolved,duration_not_available,site_page_only,medium_access_constrained,context_layer_with_explicit_caveat,https://browser.sead.se/site/195,Unresolved time semantics,Readers may need to inspect the upstream SEAD site page because the repository does not currently expose stronger reference links.
4572,Øvre Kvilhaugmyra,,inventory_only_or_unresolved,broad_context_duration,site_page_only,medium_access_constrained,context_layer_with_explicit_caveat,https://browser.sead.se/site/4572,,Readers may need to inspect the upstream SEAD site page because the repository does not currently expose stronger reference links.
3827,12709 Stenkumla,Sweden,numeric_site_span,duration_span_visible,site_page_only,medium_access_constrained,context_layer_with_explicit_caveat,https://browser.sead.se/site/3827,250-312 BP,Readers may need to inspect the upstream SEAD site page because the repository does not currently expose stronger reference links.
3823,17200 Ödeshög,Sweden,numeric_site_span,duration_span_visible,site_page_only,medium_access_constrained,context_layer_with_explicit_caveat,https://browser.sead.se/site/3823,152-153 BP,Readers may need to inspect the upstream SEAD site page because the repository does not currently expose stronger reference links.
3826,62858 Skånela,Sweden,numeric_site_span,duration_span_visible,site_page_only,medium_access_constrained,context_layer_with_explicit_caveat,https://browser.sead.se/site/3826,186-191 BP,Readers may need to inspect the upstream SEAD site page because the repository does not currently expose stronger reference links.
3830,62928 Faringe,Sweden,numeric_site_span,duration_span_visible,site_page_only,medium_access_constrained,context_layer_with_explicit_caveat,https://browser.sead.se/site/3830,170-176 BP,Readers may need to inspect the upstream SEAD site page because the repository does not currently expose stronger reference links.
3829,72257 Lilla Malma,Sweden,numeric_site_span,point_like_or_single_year,site_page_only,medium_access_constrained,context_layer_with_explicit_caveat,https://browser.sead.se/site/3829,148 BP,Readers may need to inspect the upstream SEAD site page because the repository does not currently expose stronger reference links.
4232,Adamsbergs gård,Sweden,numeric_site_span,point_like_or_single_year,site_page_only,medium_access_constrained,context_layer_with_explicit_caveat,https://browser.sead.se/site/4232,156 BP,Readers may need to inspect the upstream SEAD site page because the repository does not currently expose stronger reference links.
4999,Alvastra,Sweden,numeric_site_span,duration_span_visible,site_page_only,medium_access_constrained,context_layer_with_explicit_caveat,https://browser.sead.se/site/4999,3649-6449 BP,Readers may need to inspect the upstream SEAD site page because the repository does not currently expose stronger reference links.
4228,Appelbergska magasinet,Sweden,numeric_site_span,duration_span_visible,site_page_only,medium_access_constrained,context_layer_with_explicit_caveat,https://browser.sead.se/site/4228,96-217 BP,Readers may need to inspect the upstream SEAD site page because the repository does not currently expose stronger reference links.
4226,Asby kyrka,Sweden,numeric_site_span,duration_span_visible,site_page_only,medium_access_constrained,context_layer_with_explicit_caveat,https://browser.sead.se/site/4226,0-130 BP,Readers may need to inspect the upstream SEAD site page because the repository does not currently expose stronger reference links.
4223,Balkåkra kyrkoruin,Sweden,numeric_site_span,duration_span_visible,site_page_only,medium_access_constrained,context_layer_with_explicit_caveat,https://browser.sead.se/site/4223,465-495 BP,Readers may need to inspect the upstream SEAD site page because the repository does not currently expose stronger reference links.
4220,Berkinge Herrgård,Sweden,numeric_site_span,point_like_or_single_year,site_page_only,medium_access_constrained,context_layer_with_explicit_caveat,https://browser.sead.se/site/4220,312 BP,Readers may need to inspect the upstream SEAD site page because the repository does not currently expose stronger reference links.
3925,Biby säteri,Sweden,numeric_site_span,duration_span_visible,site_page_only,medium_access_constrained,context_layer_with_explicit_caveat,https://browser.sead.se/site/3925,322-350 BP,Readers may need to inspect the upstream SEAD site page because the repository does not currently expose stronger reference links.
3918,Billsta,Sweden,numeric_site_span,point_like_or_single_year,site_page_only,medium_access_constrained,context_layer_with_explicit_caveat,https://browser.sead.se/site/3918,0 BP,Readers may need to inspect the upstream SEAD site page because the repository does not currently expose stronger reference links.
4217,Bisslinge gård,Sweden,numeric_site_span,duration_span_visible,site_page_only,medium_access_constrained,context_layer_with_explicit_caveat,https://browser.sead.se/site/4217,184-283 BP,Readers may need to inspect the upstream SEAD site page because the repository does not currently expose stronger reference links.
4216,Bjälbo kyrka,Sweden,numeric_site_span,duration_span_visible,site_page_only,medium_access_constrained,context_layer_with_explicit_caveat,https://browser.sead.se/site/4216,710-791 BP,Readers may need to inspect the upstream SEAD site page because the repository does not currently expose stronger reference links.
4211,Bonäs,Sweden,numeric_site_span,duration_span_visible,site_page_only,medium_access_constrained,context_layer_with_explicit_caveat,https://browser.sead.se/site/4211,153-175 BP,Readers may need to inspect the upstream SEAD site page because the repository does not currently expose stronger reference links.
4210,Boqvistudden,Sweden,numeric_site_span,duration_span_visible,site_page_only,medium_access_constrained,context_layer_with_explicit_caveat,https://browser.sead.se/site/4210,124-159 BP,Readers may need to inspect the upstream SEAD site page because the repository does not currently expose stronger reference links.
4208,Borgholms stadsmuseum,Sweden,numeric_site_span,duration_span_visible,site_page_only,medium_access_constrained,context_layer_with_explicit_caveat,https://browser.sead.se/site/4208,270-286 BP,Readers may need to inspect the upstream SEAD site page because the repository does not currently expose stronger reference links.
4207,Borgmästargården,Sweden,numeric_site_span,duration_span_visible,site_page_only,medium_access_constrained,context_layer_with_explicit_caveat,https://browser.sead.se/site/4207,154-227 BP,Readers may need to inspect the upstream SEAD site page because the repository does not currently expose stronger reference links.
3916,Borntorp,Sweden,numeric_site_span,duration_span_visible,site_page_only,medium_access_constrained,context_layer_with_explicit_caveat,https://browser.sead.se/site/3916,104-153 BP,Readers may need to inspect the upstream SEAD site page because the repository does not currently expose stronger reference links.
4204,Brahekyrkan,Sweden,numeric_site_span,duration_span_visible,site_page_only,medium_access_constrained,context_layer_with_explicit_caveat,https://browser.sead.se/site/4204,775-815 BP,Readers may need to inspect the upstream SEAD site page because the repository does not currently expose stronger reference links.
4198,Brunsta gård,Sweden,numeric_site_span,duration_span_visible,site_page_only,medium_access_constrained,context_layer_with_explicit_caveat,https://browser.sead.se/site/4198,94-164 BP,Readers may need to inspect the upstream SEAD site page because the repository does not currently expose stronger reference links.
4196,Burge,Sweden,numeric_site_span,point_like_or_single_year,site_page_only,medium_access_constrained,context_layer_with_explicit_caveat,https://browser.sead.se/site/4196,249 BP,Readers may need to inspect the upstream SEAD site page because the repository does not currently expose stronger reference links.
4188,Djursnäs säteri,Sweden,numeric_site_span,duration_span_visible,site_page_only,medium_access_constrained,context_layer_with_explicit_caveat,https://browser.sead.se/site/4188,118-190 BP,Readers may need to inspect the upstream SEAD site page because the repository does not currently expose stronger reference links.
3914,Ekeby,Sweden,numeric_site_span,duration_span_visible,site_page_only,medium_access_constrained,context_layer_with_explicit_caveat,https://browser.sead.se/site/3914,174-180 BP,Readers may need to inspect the upstream SEAD site page because the repository does not currently expose stronger reference links.
4184,Ekeby kyrka,Sweden,numeric_site_span,duration_span_visible,site_page_only,medium_access_constrained,context_layer_with_explicit_caveat,https://browser.sead.se/site/4184,650-728 BP,Readers may need to inspect the upstream SEAD site page because the repository does not currently expose stronger reference links.
4181,Em's herrgård,Sweden,numeric_site_span,duration_span_visible,site_page_only,medium_access_constrained,context_layer_with_explicit_caveat,https://browser.sead.se/site/4181,150-247 BP,Readers may need to inspect the upstream SEAD site page because the repository does not currently expose stronger reference links.
4180,Erikskulle,Sweden,numeric_site_span,duration_span_visible,site_page_only,medium_access_constrained,context_layer_with_explicit_caveat,https://browser.sead.se/site/4180,354-417 BP,Readers may need to inspect the upstream SEAD site page because the repository does not currently expose stronger reference links.
4177,Fallebo gård,Sweden,numeric_site_span,duration_span_visible,site_page_only,medium_access_constrained,context_layer_with_explicit_caveat,https://browser.sead.se/site/4177,58-204 BP,Readers may need to inspect the upstream SEAD site page because the repository does not currently expose stronger reference links.
4175,Farstorps församlingshem,Sweden,numeric_site_span,duration_span_visible,site_page_only,medium_access_constrained,context_layer_with_explicit_caveat,https://browser.sead.se/site/4175,225-252 BP,Readers may need to inspect the upstream SEAD site page because the repository does not currently expose stronger reference links.
4174,Finntorp,Sweden,numeric_site_span,duration_span_visible,site_page_only,medium_access_constrained,context_layer_with_explicit_caveat,https://browser.sead.se/site/4174,159-227 BP,Readers may need to inspect the upstream SEAD site page because the repository does not currently expose stronger reference links.
4166,Fröjden,Sweden,numeric_site_span,duration_span_visible,site_page_only,medium_access_constrained,context_layer_with_explicit_caveat,https://browser.sead.se/site/4166,83-176 BP,Readers may need to inspect the upstream SEAD site page because the repository does not currently expose stronger reference links.
4165,Fröken Löfgrens gård,Sweden,numeric_site_span,duration_span_visible,site_page_only,medium_access_constrained,context_layer_with_explicit_caveat,https://browser.sead.se/site/4165,133-236 BP,Readers may need to inspect the upstream SEAD site page because the repository does not currently expose stronger reference links.
4163,Fäbohagen,Sweden,numeric_site_span,point_like_or_single_year,site_page_only,medium_access_constrained,context_layer_with_explicit_caveat,https://browser.sead.se/site/4163,184 BP,Readers may need to inspect the upstream SEAD site page because the repository does not currently expose stronger reference links.
3912,Fåglarp,Sweden,numeric_site_span,duration_span_visible,site_page_only,medium_access_constrained,context_layer_with_explicit_caveat,https://browser.sead.se/site/3912,99-111 BP,Readers may need to inspect the upstream SEAD site page because the repository does not currently expose stronger reference links.
3911,Föra,Sweden,numeric_site_span,duration_span_visible,site_page_only,medium_access_constrained,context_layer_with_explicit_caveat,https://browser.sead.se/site/3911,136-189 BP,Readers may need to inspect the upstream SEAD site page because the repository does not currently expose stronger reference links.
4158,Gammelgarn kastal,Sweden,numeric_site_span,duration_span_visible,site_page_only,medium_access_constrained,context_layer_with_explicit_caveat,https://browser.sead.se/site/4158,501-782 BP,Readers may need to inspect the upstream SEAD site page because the repository does not currently expose stronger reference links.
4154,Gimo Herrgård,Sweden,numeric_site_span,duration_span_visible,site_page_only,medium_access_constrained,context_layer_with_explicit_caveat,https://browser.sead.se/site/4154,159-177 BP,Readers may need to inspect the upstream SEAD site page because the repository does not currently expose stronger reference links.
4153,Glabro,Sweden,numeric_site_span,duration_span_visible,site_page_only,medium_access_constrained,context_layer_with_explicit_caveat,https://browser.sead.se/site/4153,96-147 BP,Readers may need to inspect the upstream SEAD site page because the repository does not currently expose stronger reference links.
3910,Glömminge prästgård,Sweden,numeric_site_span,point_like_or_single_year,site_page_only,medium_access_constrained,context_layer_with_explicit_caveat,https://browser.sead.se/site/3910,228 BP,Readers may need to inspect the upstream SEAD site page because the repository does not currently expose stronger reference links.
4151,Gothem kyrka,Sweden,numeric_site_span,duration_span_visible,site_page_only,medium_access_constrained,context_layer_with_explicit_caveat,https://browser.sead.se/site/4151,734-735 BP,Readers may need to inspect the upstream SEAD site page because the repository does not currently expose stronger reference links.
4150,Grindstu,Sweden,numeric_site_span,point_like_or_single_year,site_page_only,medium_access_constrained,context_layer_with_explicit_caveat,https://browser.sead.se/site/4150,124 BP,Readers may need to inspect the upstream SEAD site page because the repository does not currently expose stronger reference links.
3909,Grisslehamn,Sweden,numeric_site_span,duration_span_visible,site_page_only,medium_access_constrained,context_layer_with_explicit_caveat,https://browser.sead.se/site/3909,114-184 BP,Readers may need to inspect the upstream SEAD site page because the repository does not currently expose stronger reference links.
4148,Grönsö gård,Sweden,numeric_site_span,duration_span_visible,site_page_only,medium_access_constrained,context_layer_with_explicit_caveat,https://browser.sead.se/site/4148,31-140 BP,Readers may need to inspect the upstream SEAD site page because the repository does not currently expose stronger reference links.
4134,Haneberg säteri,Sweden,numeric_site_span,point_like_or_single_year,site_page_only,medium_access_constrained,context_layer_with_explicit_caveat,https://browser.sead.se/site/4134,96 BP,Readers may need to inspect the upstream SEAD site page because the repository does not currently expose stronger reference links.
4133,Harpsund,Sweden,numeric_site_span,point_like_or_single_year,site_page_only,medium_access_constrained,context_layer_with_explicit_caveat,https://browser.sead.se/site/4133,127 BP,Readers may need to inspect the upstream SEAD site page because the repository does not currently expose stronger reference links.
4132,Heda hembygdsgård,Sweden,numeric_site_span,duration_span_visible,site_page_only,medium_access_constrained,context_layer_with_explicit_caveat,https://browser.sead.se/site/4132,139-182 BP,Readers may need to inspect the upstream SEAD site page because the repository does not currently expose stronger reference links.
4128,Hellvi kyrka,Sweden,numeric_site_span,duration_span_visible,site_page_only,medium_access_constrained,context_layer_with_explicit_caveat,https://browser.sead.se/site/4128,350-727 BP,Readers may need to inspect the upstream SEAD site page because the repository does not currently expose stronger reference links.
4917,Hemavan,Sweden,numeric_site_span,duration_span_visible,site_page_only,medium_access_constrained,context_layer_with_explicit_caveat,https://browser.sead.se/site/4917,5050-10115 BP,Readers may need to inspect the upstream SEAD site page because the repository does not currently expose stronger reference links.
3908,Herrökna gård,Sweden,numeric_site_span,duration_span_visible,site_page_only,medium_access_constrained,context_layer_with_explicit_caveat,https://browser.sead.se/site/3908,86-88 BP,Readers may need to inspect the upstream SEAD site page because the repository does not currently expose stronger reference links.
4125,Hester gamla gästgiveri,Sweden,numeric_site_span,duration_span_visible,site_page_only,medium_access_constrained,context_layer_with_explicit_caveat,https://browser.sead.se/site/4125,165-185 BP,Readers may need to inspect the upstream SEAD site page because the repository does not currently expose stronger reference links.
4118,Hults kyrka,Sweden,numeric_site_span,duration_span_visible,site_page_only,medium_access_constrained,context_layer_with_explicit_caveat,https://browser.sead.se/site/4118,681-751 BP,Readers may need to inspect the upstream SEAD site page because the repository does not currently expose stronger reference links.
3905,Husby,Sweden,numeric_site_span,duration_span_visible,site_page_only,medium_access_constrained,context_layer_with_explicit_caveat,https://browser.sead.se/site/3905,142-226 BP,Readers may need to inspect the upstream SEAD site page because the repository does not currently expose stronger reference links.
3903,Häljaryd,Sweden,numeric_site_span,duration_span_visible,site_page_only,medium_access_constrained,context_layer_with_explicit_caveat,https://browser.sead.se/site/3903,85-166 BP,Readers may need to inspect the upstream SEAD site page because the repository does not currently expose stronger reference links.
4111,Häverö kyrka,Sweden,numeric_site_span,duration_span_visible,site_page_only,medium_access_constrained,context_layer_with_explicit_caveat,https://browser.sead.se/site/4111,351-429 BP,Readers may need to inspect the upstream SEAD site page because the repository does not currently expose stronger reference links.
3904,Hårsbäck Sör,Sweden,numeric_site_span,point_like_or_single_year,site_page_only,medium_access_constrained,context_layer_with_explicit_caveat,https://browser.sead.se/site/3904,147 BP,Readers may need to inspect the upstream SEAD site page because the repository does not currently expose stronger reference links.
3902,Högsjö gård,Sweden,numeric_site_span,duration_span_visible,site_page_only,medium_access_constrained,context_layer_with_explicit_caveat,https://browser.sead.se/site/3902,0-191 BP,Readers may need to inspect the upstream SEAD site page because the repository does not currently expose stronger reference links.
4109,Hörja kyrka,Sweden,numeric_site_span,duration_span_visible,site_page_only,medium_access_constrained,context_layer_with_explicit_caveat,https://browser.sead.se/site/4109,502-547 BP,Readers may need to inspect the upstream SEAD site page because the repository does not currently expose stronger reference links.
4107,Janssongården,Sweden,numeric_site_span,duration_span_visible,site_page_only,medium_access_constrained,context_layer_with_explicit_caveat,https://browser.sead.se/site/4107,126-189 BP,Readers may need to inspect the upstream SEAD site page because the repository does not currently expose stronger reference links.
4465,Järavallen 1,Sweden,numeric_site_span,duration_span_visible,site_page_only,medium_access_constrained,context_layer_with_explicit_caveat,https://browser.sead.se/site/4465,5000-7000 BP,Readers may need to inspect the upstream SEAD site page because the repository does not currently expose stronger reference links.
3898,Karkebo,Sweden,numeric_site_span,duration_span_visible,site_page_only,medium_access_constrained,context_layer_with_explicit_caveat,https://browser.sead.se/site/3898,0-413 BP,Readers may need to inspect the upstream SEAD site page because the repository does not currently expose stronger reference links.
4102,Kisa hotell och konferens,Sweden,numeric_site_span,duration_span_visible,site_page_only,medium_access_constrained,context_layer_with_explicit_caveat,https://browser.sead.se/site/4102,53-250 BP,Readers may need to inspect the upstream SEAD site page because the repository does not currently expose stronger reference links.
4100,Kleva gård,Sweden,numeric_site_span,duration_span_visible,site_page_only,medium_access_constrained,context_layer_with_explicit_caveat,https://browser.sead.se/site/4100,57-180 BP,Readers may need to inspect the upstream SEAD site page because the repository does not currently expose stronger reference links.
3897,Kolstad,Sweden,numeric_site_span,point_like_or_single_year,site_page_only,medium_access_constrained,context_layer_with_explicit_caveat,https://browser.sead.se/site/3897,104 BP,Readers may need to inspect the upstream SEAD site page because the repository does not currently expose stronger reference links.
3896,Krogsfall,Sweden,numeric_site_span,point_like_or_single_year,site_page_only,medium_access_constrained,context_layer_with_explicit_caveat,https://browser.sead.se/site/3896,176 BP,Readers may need to inspect the upstream SEAD site page because the repository does not currently expose stronger reference links.
4095,Kråkvik,Sweden,numeric_site_span,duration_span_visible,site_page_only,medium_access_constrained,context_layer_with_explicit_caveat,https://browser.sead.se/site/4095,101-175 BP,Readers may need to inspect the upstream SEAD site page because the repository does not currently expose stronger reference links.
4093,Kulltorps gård,Sweden,numeric_site_span,duration_span_visible,site_page_only,medium_access_constrained,context_layer_with_explicit_caveat,https://browser.sead.se/site/4093,69-193 BP,Readers may need to inspect the upstream SEAD site page because the repository does not currently expose stronger reference links.
4092,Kumla kyrka,Sweden,numeric_site_span,duration_span_visible,site_page_only,medium_access_constrained,context_layer_with_explicit_caveat,https://browser.sead.se/site/4092,681-770 BP,Readers may need to inspect the upstream SEAD site page because the repository does not currently expose stronger reference links.
4091,Kumlaby kyrka,Sweden,numeric_site_span,duration_span_visible,site_page_only,medium_access_constrained,context_layer_with_explicit_caveat,https://browser.sead.se/site/4091,226-848 BP,Readers may need to inspect the upstream SEAD site page because the repository does not currently expose stronger reference links.
4088,Kvarntorp,Sweden,numeric_site_span,duration_span_visible,site_page_only,medium_access_constrained,context_layer_with_explicit_caveat,https://browser.sead.se/site/4088,117-137 BP,Readers may need to inspect the upstream SEAD site page because the repository does not currently expose stronger reference links.
3894,Kvarteret Almen,Sweden,numeric_site_span,duration_span_visible,site_page_only,medium_access_constrained,context_layer_with_explicit_caveat,https://browser.sead.se/site/3894,139-360 BP,Readers may need to inspect the upstream SEAD site page because the repository does not currently expose stronger reference links.
3891,Kvarteret Båtsmannen,Sweden,numeric_site_span,duration_span_visible,site_page_only,medium_access_constrained,context_layer_with_explicit_caveat,https://browser.sead.se/site/3891,175-201 BP,Readers may need to inspect the upstream SEAD site page because the repository does not currently expose stronger reference links.
3889,Kvarteret Fältskären,Sweden,numeric_site_span,point_like_or_single_year,site_page_only,medium_access_constrained,context_layer_with_explicit_caveat,https://browser.sead.se/site/3889,184 BP,Readers may need to inspect the upstream SEAD site page because the repository does not currently expose stronger reference links.
3887,Kvarteret Garvaren,Sweden,numeric_site_span,duration_span_visible,site_page_only,medium_access_constrained,context_layer_with_explicit_caveat,https://browser.sead.se/site/3887,280-303 BP,Readers may need to inspect the upstream SEAD site page because the repository does not currently expose stronger reference links.
3885,Kvarteret Hattmakaren,Sweden,numeric_site_span,duration_span_visible,site_page_only,medium_access_constrained,context_layer_with_explicit_caveat,https://browser.sead.se/site/3885,148-228 BP,Readers may need to inspect the upstream SEAD site page because the repository does not currently expose stronger reference links.
3882,Kvarteret Krögaren,Sweden,numeric_site_span,duration_span_visible,site_page_only,medium_access_constrained,context_layer_with_explicit_caveat,https://browser.sead.se/site/3882,79-99 BP,Readers may need to inspect the upstream SEAD site page because the repository does not currently expose stronger reference links.
3880,Kvarteret Ormen,Sweden,numeric_site_span,point_like_or_single_year,site_page_only,medium_access_constrained,context_layer_with_explicit_caveat,https://browser.sead.se/site/3880,94 BP,Readers may need to inspect the upstream SEAD site page because the repository does not currently expose stronger reference links.
3879,Kvarteret Prelaten,Sweden,numeric_site_span,point_like_or_single_year,site_page_only,medium_access_constrained,context_layer_with_explicit_caveat,https://browser.sead.se/site/3879,152 BP,Readers may need to inspect the upstream SEAD site page because the repository does not currently expose stronger reference links.
3878,Kvarteret Repslagaren,Sweden,numeric_site_span,duration_span_visible,site_page_only,medium_access_constrained,context_layer_with_explicit_caveat,https://browser.sead.se/site/3878,165-185 BP,Readers may need to inspect the upstream SEAD site page because the repository does not currently expose stronger reference links.
3876,Kvarteret Skonaren,Sweden,numeric_site_span,duration_span_visible,site_page_only,medium_access_constrained,context_layer_with_explicit_caveat,https://browser.sead.se/site/3876,203-211 BP,Readers may need to inspect the upstream SEAD site page because the repository does not currently expose stronger reference links.
3875,Kvarteret Specksrum,Sweden,numeric_site_span,point_like_or_single_year,site_page_only,medium_access_constrained,context_layer_with_explicit_caveat,https://browser.sead.se/site/3875,166 BP,Readers may need to inspect the upstream SEAD site page because the repository does not currently expose stronger reference links.
3872,Kvarteret Vinskänken,Sweden,numeric_site_span,duration_span_visible,site_page_only,medium_access_constrained,context_layer_with_explicit_caveat,https://browser.sead.se/site/3872,91-363 BP,Readers may need to inspect the upstream SEAD site page because the repository does not currently expose stronger reference links.
4086,Källa gamla kyrka,Sweden,numeric_site_span,duration_span_visible,site_page_only,medium_access_constrained,context_layer_with_explicit_caveat,https://browser.sead.se/site/4086,630-645 BP,Readers may need to inspect the upstream SEAD site page because the repository does not currently expose stronger reference links.
4079,Lilla Lögla,Sweden,numeric_site_span,duration_span_visible,site_page_only,medium_access_constrained,context_layer_with_explicit_caveat,https://browser.sead.se/site/4079,80-91 BP,Readers may need to inspect the upstream SEAD site page because the repository does not currently expose stronger reference links.
4078,Lilla Rotsunda,Sweden,numeric_site_span,duration_span_visible,site_page_only,medium_access_constrained,context_layer_with_explicit_caveat,https://browser.sead.se/site/4078,145-147 BP,Readers may need to inspect the upstream SEAD site page because the repository does not currently expose stronger reference links.
4077,Lilla Rätö gård,Sweden,numeric_site_span,duration_span_visible,site_page_only,medium_access_constrained,context_layer_with_explicit_caveat,https://browser.sead.se/site/4077,164-174 BP,Readers may need to inspect the upstream SEAD site page because the repository does not currently expose stronger reference links.
4076,Linde kyrka,Sweden,numeric_site_span,point_like_or_single_year,site_page_only,medium_access_constrained,context_layer_with_explicit_caveat,https://browser.sead.se/site/4076,672 BP,Readers may need to inspect the upstream SEAD site page because the repository does not currently expose stronger reference links.
4073,Linköpings slott,Sweden,numeric_site_span,point_like_or_single_year,site_page_only,medium_access_constrained,context_layer_with_explicit_caveat,https://browser.sead.se/site/4073,478 BP,Readers may need to inspect the upstream SEAD site page because the repository does not currently expose stronger reference links.
3869,Lohärads Prästgård,Sweden,numeric_site_span,point_like_or_single_year,site_page_only,medium_access_constrained,context_layer_with_explicit_caveat,https://browser.sead.se/site/3869,204 BP,Readers may need to inspect the upstream SEAD site page because the repository does not currently expose stronger reference links.
4067,Länsmansgården,Sweden,numeric_site_span,duration_span_visible,site_page_only,medium_access_constrained,context_layer_with_explicit_caveat,https://browser.sead.se/site/4067,122-201 BP,Readers may need to inspect the upstream SEAD site page because the repository does not currently expose stronger reference links.
3816,Låga längan,Sweden,numeric_site_span,point_like_or_single_year,site_page_only,medium_access_constrained,context_layer_with_explicit_caveat,https://browser.sead.se/site/3816,196 BP,Readers may need to inspect the upstream SEAD site page because the repository does not currently expose stronger reference links.
3868,Lögla,Sweden,numeric_site_span,point_like_or_single_year,site_page_only,medium_access_constrained,context_layer_with_explicit_caveat,https://browser.sead.se/site/3868,0 BP,Readers may need to inspect the upstream SEAD site page because the repository does not currently expose stronger reference links.
3865,Mariannelund,Sweden,numeric_site_span,duration_span_visible,site_page_only,medium_access_constrained,context_layer_with_explicit_caveat,https://browser.sead.se/site/3865,88-91 BP,Readers may need to inspect the upstream SEAD site page because the repository does not currently expose stronger reference links.
4063,Marjsö,Sweden,numeric_site_span,duration_span_visible,site_page_only,medium_access_constrained,context_layer_with_explicit_caveat,https://browser.sead.se/site/4063,111-126 BP,Readers may need to inspect the upstream SEAD site page because the repository does not currently expose stronger reference links.
3864,Mellanköpinge,Sweden,numeric_site_span,point_like_or_single_year,site_page_only,medium_access_constrained,context_layer_with_explicit_caveat,https://browser.sead.se/site/3864,92 BP,Readers may need to inspect the upstream SEAD site page because the repository does not currently expose stronger reference links.
4057,Möllebacken,Sweden,numeric_site_span,duration_span_visible,site_page_only,medium_access_constrained,context_layer_with_explicit_caveat,https://browser.sead.se/site/4057,178-196 BP,Readers may need to inspect the upstream SEAD site page because the repository does not currently expose stronger reference links.
4056,Mörbylånga kyrka,Sweden,numeric_site_span,duration_span_visible,site_page_only,medium_access_constrained,context_layer_with_explicit_caveat,https://browser.sead.se/site/4056,734-758 BP,Readers may need to inspect the upstream SEAD site page because the repository does not currently expose stronger reference links.
4055,Nedre Hävla bruk,Sweden,numeric_site_span,point_like_or_single_year,site_page_only,medium_access_constrained,context_layer_with_explicit_caveat,https://browser.sead.se/site/4055,208 BP,Readers may need to inspect the upstream SEAD site page because the repository does not currently expose stronger reference links.
4054,Noors Herrgård,Sweden,numeric_site_span,duration_span_visible,site_page_only,medium_access_constrained,context_layer_with_explicit_caveat,https://browser.sead.se/site/4054,93-179 BP,Readers may need to inspect the upstream SEAD site page because the repository does not currently expose stronger reference links.
4047,Norrlanda kyrka,Sweden,numeric_site_span,duration_span_visible,site_page_only,medium_access_constrained,context_layer_with_explicit_caveat,https://browser.sead.se/site/4047,710-772 BP,Readers may need to inspect the upstream SEAD site page because the repository does not currently expose stronger reference links.
4042,Orkesta kyrka,Sweden,numeric_site_span,duration_span_visible,site_page_only,medium_access_constrained,context_layer_with_explicit_caveat,https://browser.sead.se/site/4042,147-366 BP,Readers may need to inspect the upstream SEAD site page because the repository does not currently expose stronger reference links.
4040,Pedersborg,Sweden,numeric_site_span,duration_span_visible,site_page_only,medium_access_constrained,context_layer_with_explicit_caveat,https://browser.sead.se/site/4040,87-186 BP,Readers may need to inspect the upstream SEAD site page because the repository does not currently expose stronger reference links.
3862,Prästtorp,Sweden,numeric_site_span,duration_span_visible,site_page_only,medium_access_constrained,context_layer_with_explicit_caveat,https://browser.sead.se/site/3862,122-205 BP,Readers may need to inspect the upstream SEAD site page because the repository does not currently expose stronger reference links.
4035,Ristomta gård,Sweden,numeric_site_span,duration_span_visible,site_page_only,medium_access_constrained,context_layer_with_explicit_caveat,https://browser.sead.se/site/4035,155-182 BP,Readers may need to inspect the upstream SEAD site page because the repository does not currently expose stronger reference links.
4032,Rydboholms slott,Sweden,numeric_site_span,duration_span_visible,site_page_only,medium_access_constrained,context_layer_with_explicit_caveat,https://browser.sead.se/site/4032,214-403 BP,Readers may need to inspect the upstream SEAD site page because the repository does not currently expose stronger reference links.
3860,Ryssebo,Sweden,numeric_site_span,point_like_or_single_year,site_page_only,medium_access_constrained,context_layer_with_explicit_caveat,https://browser.sead.se/site/3860,197 BP,Readers may need to inspect the upstream SEAD site page because the repository does not currently expose stronger reference links.
4030,Ränneslätt,Sweden,numeric_site_span,point_like_or_single_year,site_page_only,medium_access_constrained,context_layer_with_explicit_caveat,https://browser.sead.se/site/4030,119 BP,Readers may need to inspect the upstream SEAD site page because the repository does not currently expose stronger reference links.
3859,Salvarp,Sweden,numeric_site_span,point_like_or_single_year,site_page_only,medium_access_constrained,context_layer_with_explicit_caveat,https://browser.sead.se/site/3859,428 BP,Readers may need to inspect the upstream SEAD site page because the repository does not currently expose stronger reference links.
4028,Sanda kyrka,Sweden,numeric_site_span,point_like_or_single_year,site_page_only,medium_access_constrained,context_layer_with_explicit_caveat,https://browser.sead.se/site/4028,356 BP,Readers may need to inspect the upstream SEAD site page because the repository does not currently expose stronger reference links.
4026,Sandemar slott,Sweden,numeric_site_span,point_like_or_single_year,site_page_only,medium_access_constrained,context_layer_with_explicit_caveat,https://browser.sead.se/site/4026,104 BP,Readers may need to inspect the upstream SEAD site page because the repository does not currently expose stronger reference links.
4020,Sigfridsgården,Sweden,numeric_site_span,duration_span_visible,site_page_only,medium_access_constrained,context_layer_with_explicit_caveat,https://browser.sead.se/site/4020,84-215 BP,Readers may need to inspect the upstream SEAD site page because the repository does not currently expose stronger reference links.
4019,Silte kyrka,Sweden,numeric_site_span,point_like_or_single_year,site_page_only,medium_access_constrained,context_layer_with_explicit_caveat,https://browser.sead.se/site/4019,122 BP,Readers may need to inspect the upstream SEAD site page because the repository does not currently expose stronger reference links.
4018,Sisshammar,Sweden,numeric_site_span,point_like_or_single_year,site_page_only,medium_access_constrained,context_layer_with_explicit_caveat,https://browser.sead.se/site/4018,100 BP,Readers may need to inspect the upstream SEAD site page because the repository does not currently expose stronger reference links.
4017,Sjonhem kyrka,Sweden,numeric_site_span,duration_span_visible,site_page_only,medium_access_constrained,context_layer_with_explicit_caveat,https://browser.sead.se/site/4017,783-814 BP,Readers may need to inspect the upstream SEAD site page because the repository does not currently expose stronger reference links.
4015,Sjöstugan,Sweden,numeric_site_span,point_like_or_single_year,site_page_only,medium_access_constrained,context_layer_with_explicit_caveat,https://browser.sead.se/site/4015,156 BP,Readers may need to inspect the upstream SEAD site page because the repository does not currently expose stronger reference links.
4014,Skabersjö slott,Sweden,numeric_site_span,duration_span_visible,site_page_only,medium_access_constrained,context_layer_with_explicit_caveat,https://browser.sead.se/site/4014,165-371 BP,Readers may need to inspect the upstream SEAD site page because the repository does not currently expose stronger reference links.
3857,Skedshult,Sweden,numeric_site_span,duration_span_visible,site_page_only,medium_access_constrained,context_layer_with_explicit_caveat,https://browser.sead.se/site/3857,78-281 BP,Readers may need to inspect the upstream SEAD site page because the repository does not currently expose stronger reference links.
3855,Skålsta,Sweden,numeric_site_span,point_like_or_single_year,site_page_only,medium_access_constrained,context_layer_with_explicit_caveat,https://browser.sead.se/site/3855,174 BP,Readers may need to inspect the upstream SEAD site page because the repository does not currently expose stronger reference links.
3854,Sköldsborg,Sweden,numeric_site_span,duration_span_visible,site_page_only,medium_access_constrained,context_layer_with_explicit_caveat,https://browser.sead.se/site/3854,153-154 BP,Readers may need to inspect the upstream SEAD site page because the repository does not currently expose stronger reference links.
4010,Skönberga kyrka,Sweden,numeric_site_span,duration_span_visible,site_page_only,medium_access_constrained,context_layer_with_explicit_caveat,https://browser.sead.se/site/4010,733-793 BP,Readers may need to inspect the upstream SEAD site page because the repository does not currently expose stronger reference links.
4003,Snåret,Sweden,numeric_site_span,duration_span_visible,site_page_only,medium_access_constrained,context_layer_with_explicit_caveat,https://browser.sead.se/site/4003,126-140 BP,Readers may need to inspect the upstream SEAD site page because the repository does not currently expose stronger reference links.
4002,Solbaddet,Sweden,numeric_site_span,duration_span_visible,site_page_only,medium_access_constrained,context_layer_with_explicit_caveat,https://browser.sead.se/site/4002,190-203 BP,Readers may need to inspect the upstream SEAD site page because the repository does not currently expose stronger reference links.
4001,Sonnorps frälsegård,Sweden,numeric_site_span,duration_span_visible,site_page_only,medium_access_constrained,context_layer_with_explicit_caveat,https://browser.sead.se/site/4001,124-257 BP,Readers may need to inspect the upstream SEAD site page because the repository does not currently expose stronger reference links.
4645,Spjalko,Sweden,numeric_site_span,duration_span_visible,site_page_only,medium_access_constrained,context_layer_with_explicit_caveat,https://browser.sead.se/site/4645,2500-7000 BP,Readers may need to inspect the upstream SEAD site page because the repository does not currently expose stronger reference links.
3997,Stensjö,Sweden,numeric_site_span,duration_span_visible,site_page_only,medium_access_constrained,context_layer_with_explicit_caveat,https://browser.sead.se/site/3997,142-148 BP,Readers may need to inspect the upstream SEAD site page because the repository does not currently expose stronger reference links.
3851,Stora Hulterska,Sweden,numeric_site_span,duration_span_visible,site_page_only,medium_access_constrained,context_layer_with_explicit_caveat,https://browser.sead.se/site/3851,179-189 BP,Readers may need to inspect the upstream SEAD site page because the repository does not currently expose stronger reference links.
3993,Stora Lund,Sweden,numeric_site_span,point_like_or_single_year,site_page_only,medium_access_constrained,context_layer_with_explicit_caveat,https://browser.sead.se/site/3993,173 BP,Readers may need to inspect the upstream SEAD site page because the repository does not currently expose stronger reference links.
3991,Strömby,Sweden,numeric_site_span,duration_span_visible,site_page_only,medium_access_constrained,context_layer_with_explicit_caveat,https://browser.sead.se/site/3991,90-94 BP,Readers may need to inspect the upstream SEAD site page because the repository does not currently expose stronger reference links.
3990,Sundbyviks gård,Sweden,numeric_site_span,duration_span_visible,site_page_only,medium_access_constrained,context_layer_with_explicit_caveat,https://browser.sead.se/site/3990,95-214 BP,Readers may need to inspect the upstream SEAD site page because the repository does not currently expose stronger reference links.
3848,Svaneberg,Sweden,numeric_site_span,point_like_or_single_year,site_page_only,medium_access_constrained,context_layer_with_explicit_caveat,https://browser.sead.se/site/3848,147 BP,Readers may need to inspect the upstream SEAD site page because the repository does not currently expose stronger reference links.
3985,Södra Möckleby kyrka,Sweden,numeric_site_span,duration_span_visible,site_page_only,medium_access_constrained,context_layer_with_explicit_caveat,https://browser.sead.se/site/3985,257-793 BP,Readers may need to inspect the upstream SEAD site page because the repository does not currently expose stronger reference links.
3984,Tidersrums kyrka,Sweden,numeric_site_span,duration_span_visible,site_page_only,medium_access_constrained,context_layer_with_explicit_caveat,https://browser.sead.se/site/3984,614-635 BP,Readers may need to inspect the upstream SEAD site page because the repository does not currently expose stronger reference links.
3847,Tofta,Sweden,numeric_site_span,point_like_or_single_year,site_page_only,medium_access_constrained,context_layer_with_explicit_caveat,https://browser.sead.se/site/3847,170 BP,Readers may need to inspect the upstream SEAD site page because the repository does not currently expose stronger reference links.
3846,Torhult,Sweden,numeric_site_span,duration_span_visible,site_page_only,medium_access_constrained,context_layer_with_explicit_caveat,https://browser.sead.se/site/3846,136-223 BP,Readers may need to inspect the upstream SEAD site page because the repository does not currently expose stronger reference links.
3980,Torpa prästgård,Sweden,numeric_site_span,duration_span_visible,site_page_only,medium_access_constrained,context_layer_with_explicit_caveat,https://browser.sead.se/site/3980,149-166 BP,Readers may need to inspect the upstream SEAD site page because the repository does not currently expose stronger reference links.
3979,Torö kyrka,Sweden,numeric_site_span,duration_span_visible,site_page_only,medium_access_constrained,context_layer_with_explicit_caveat,https://browser.sead.se/site/3979,215-216 BP,Readers may need to inspect the upstream SEAD site page because the repository does not currently expose stronger reference links.
3978,Tovastugan,Sweden,numeric_site_span,duration_span_visible,site_page_only,medium_access_constrained,context_layer_with_explicit_caveat,https://browser.sead.se/site/3978,183-330 BP,Readers may need to inspect the upstream SEAD site page because the repository does not currently expose stronger reference links.
3977,Trehörna säteri,Sweden,numeric_site_span,duration_span_visible,site_page_only,medium_access_constrained,context_layer_with_explicit_caveat,https://browser.sead.se/site/3977,193-302 BP,Readers may need to inspect the upstream SEAD site page because the repository does not currently expose stronger reference links.
3976,Träne kyrka,Sweden,numeric_site_span,duration_span_visible,site_page_only,medium_access_constrained,context_layer_with_explicit_caveat,https://browser.sead.se/site/3976,238-269 BP,Readers may need to inspect the upstream SEAD site page because the repository does not currently expose stronger reference links.
3974,Tuntorps gård,Sweden,numeric_site_span,point_like_or_single_year,site_page_only,medium_access_constrained,context_layer_with_explicit_caveat,https://browser.sead.se/site/3974,167 BP,Readers may need to inspect the upstream SEAD site page because the repository does not currently expose stronger reference links.
3845,Uggelbo,Sweden,numeric_site_span,duration_span_visible,site_page_only,medium_access_constrained,context_layer_with_explicit_caveat,https://browser.sead.se/site/3845,124-128 BP,Readers may need to inspect the upstream SEAD site page because the repository does not currently expose stronger reference links.
3968,Vadsbro kyrka,Sweden,numeric_site_span,duration_span_visible,site_page_only,medium_access_constrained,context_layer_with_explicit_caveat,https://browser.sead.se/site/3968,300-302 BP,Readers may need to inspect the upstream SEAD site page because the repository does not currently expose stronger reference links.
3844,Vallsnäs,Sweden,numeric_site_span,duration_span_visible,site_page_only,medium_access_constrained,context_layer_with_explicit_caveat,https://browser.sead.se/site/3844,219-257 BP,Readers may need to inspect the upstream SEAD site page because the repository does not currently expose stronger reference links.
3962,Viby gård,Sweden,numeric_site_span,duration_span_visible,site_page_only,medium_access_constrained,context_layer_with_explicit_caveat,https://browser.sead.se/site/3962,101-128 BP,Readers may need to inspect the upstream SEAD site page because the repository does not currently expose stronger reference links.
3961,Vickleby kyrka,Sweden,numeric_site_span,duration_span_visible,site_page_only,medium_access_constrained,context_layer_with_explicit_caveat,https://browser.sead.se/site/3961,211-228 BP,Readers may need to inspect the upstream SEAD site page because the repository does not currently expose stronger reference links.
3842,Viggeby,Sweden,numeric_site_span,duration_span_visible,site_page_only,medium_access_constrained,context_layer_with_explicit_caveat,https://browser.sead.se/site/3842,105-146 BP,Readers may need to inspect the upstream SEAD site page because the repository does not currently expose stronger reference links.
3960,Viggesbo säteri,Sweden,numeric_site_span,duration_span_visible,site_page_only,medium_access_constrained,context_layer_with_explicit_caveat,https://browser.sead.se/site/3960,102-259 BP,Readers may need to inspect the upstream SEAD site page because the repository does not currently expose stronger reference links.
3841,Vingåker-Kvarngölet,Sweden,numeric_site_span,point_like_or_single_year,site_page_only,medium_access_constrained,context_layer_with_explicit_caveat,https://browser.sead.se/site/3841,171 BP,Readers may need to inspect the upstream SEAD site page because the repository does not currently expose stronger reference links.
3951,Värmdö kyrka,Sweden,numeric_site_span,duration_span_visible,site_page_only,medium_access_constrained,context_layer_with_explicit_caveat,https://browser.sead.se/site/3951,246-517 BP,Readers may need to inspect the upstream SEAD site page because the repository does not currently expose stronger reference links.
3944,Västerås domkyrka,Sweden,numeric_site_span,duration_span_visible,site_page_only,medium_access_constrained,context_layer_with_explicit_caveat,https://browser.sead.se/site/3944,673-719 BP,Readers may need to inspect the upstream SEAD site page because the repository does not currently expose stronger reference links.
3941,Västra trädgårdsgatan 13,Sweden,numeric_site_span,duration_span_visible,site_page_only,medium_access_constrained,context_layer_with_explicit_caveat,https://browser.sead.se/site/3941,146-153 BP,Readers may need to inspect the upstream SEAD site page because the repository does not currently expose stronger reference links.
3922,Wrangelska palatset,Sweden,numeric_site_span,duration_span_visible,site_page_only,medium_access_constrained,context_layer_with_explicit_caveat,https://browser.sead.se/site/3922,130-318 BP,Readers may need to inspect the upstream SEAD site page because the repository does not currently expose stronger reference links.
3835,Ängstigen,Sweden,numeric_site_span,duration_span_visible,site_page_only,medium_access_constrained,context_layer_with_explicit_caveat,https://browser.sead.se/site/3835,115-128 BP,Readers may need to inspect the upstream SEAD site page because the repository does not currently expose stronger reference links.
3929,Östrabo biskopsgård,Sweden,numeric_site_span,duration_span_visible,site_page_only,medium_access_constrained,context_layer_with_explicit_caveat,https://browser.sead.se/site/3929,143-225 BP,Readers may need to inspect the upstream SEAD site page because the repository does not currently expose stronger reference links.
3928,Överselö kyrka,Sweden,numeric_site_span,point_like_or_single_year,site_page_only,medium_access_constrained,context_layer_with_explicit_caveat,https://browser.sead.se/site/3928,114 BP,Readers may need to inspect the upstream SEAD site page because the repository does not currently expose stronger reference links.
3927,Övraby kyrka,Sweden,numeric_site_span,duration_span_visible,site_page_only,medium_access_constrained,context_layer_with_explicit_caveat,https://browser.sead.se/site/3927,813-892 BP,Readers may need to inspect the upstream SEAD site page because the repository does not currently expose stronger reference links.
3926,Övre Häfla bruk,Sweden,numeric_site_span,point_like_or_single_year,site_page_only,medium_access_constrained,context_layer_with_explicit_caveat,https://browser.sead.se/site/3926,122 BP,Readers may need to inspect the upstream SEAD site page because the repository does not currently expose stronger reference links.
3833,12051 Bro,Sweden,numeric_span_with_contextual_caveat,duration_span_visible,site_page_only,medium_contextual_numeric_mix,context_layer_with_explicit_caveat,https://browser.sead.se/site/3833,100-204 BP,Readers may need to inspect the upstream SEAD site page because the repository does not currently expose stronger reference links.
3824,12068 Gotland,Sweden,numeric_span_with_contextual_caveat,point_like_or_single_year,site_page_only,medium_contextual_numeric_mix,context_layer_with_explicit_caveat,https://browser.sead.se/site/3824,166 BP,Readers may need to inspect the upstream SEAD site page because the repository does not currently expose stronger reference links.
3832,12076 Ekeby,Sweden,numeric_span_with_contextual_caveat,point_like_or_single_year,site_page_only,medium_contextual_numeric_mix,context_layer_with_explicit_caveat,https://browser.sead.se/site/3832,100 BP,Readers may need to inspect the upstream SEAD site page because the repository does not currently expose stronger reference links.
3831,75246 Eksjö,Sweden,numeric_span_with_contextual_caveat,duration_span_visible,site_page_only,medium_contextual_numeric_mix,context_layer_with_explicit_caveat,https://browser.sead.se/site/3831,243-293 BP,Readers may need to inspect the upstream SEAD site page because the repository does not currently expose stronger reference links.
3817,75525 Småland,Sweden,numeric_span_with_contextual_caveat,duration_span_visible,site_page_only,medium_contextual_numeric_mix,context_layer_with_explicit_caveat,https://browser.sead.se/site/3817,68-71 BP,Readers may need to inspect the upstream SEAD site page because the repository does not currently expose stronger reference links.
3825,75533 Örsjö,Sweden,numeric_span_with_contextual_caveat,duration_span_visible,site_page_only,medium_contextual_numeric_mix,context_layer_with_explicit_caveat,https://browser.sead.se/site/3825,141-215 BP,Readers may need to inspect the upstream SEAD site page because the repository does not currently expose stronger reference links.
3828,75549 Nybro,Sweden,numeric_span_with_contextual_caveat,duration_span_visible,site_page_only,medium_contextual_numeric_mix,context_layer_with_explicit_caveat,https://browser.sead.se/site/3828,84-169 BP,Readers may need to inspect the upstream SEAD site page because the repository does not currently expose stronger reference links.
3822,75710 Jönköping,Sweden,numeric_span_with_contextual_caveat,duration_span_visible,site_page_only,medium_contextual_numeric_mix,context_layer_with_explicit_caveat,https://browser.sead.se/site/3822,171-301 BP,Readers may need to inspect the upstream SEAD site page because the repository does not currently expose stronger reference links.
5366,Abisko 2004-5,Sweden,numeric_span_with_contextual_caveat,point_like_or_single_year,site_page_only,medium_contextual_numeric_mix,context_layer_with_explicit_caveat,https://browser.sead.se/site/5366,CAL_2004_AD (-54 BP),Readers may need to inspect the upstream SEAD site page because the repository does not currently expose stronger reference links.
4233,Ada Blocks hus,Sweden,numeric_span_with_contextual_caveat,duration_span_visible,site_page_only,medium_contextual_numeric_mix,context_layer_with_explicit_caveat,https://browser.sead.se/site/4233,230-578 BP,Readers may need to inspect the upstream SEAD site page because the repository does not currently expose stronger reference links.
4237,Agerod V,Sweden,numeric_span_with_contextual_caveat,duration_span_visible,site_page_only,medium_contextual_numeric_mix,context_layer_with_explicit_caveat,https://browser.sead.se/site/4237,Early Holocene (6610-7837 BP),Readers may need to inspect the upstream SEAD site page because the repository does not currently expose stronger reference links.
5070,Alatornio,Finland,numeric_span_with_contextual_caveat,duration_span_visible,site_page_only,medium_contextual_numeric_mix,context_layer_with_explicit_caveat,https://browser.sead.se/site/5070,Holocene (0-10000 BP),Readers may need to inspect the upstream SEAD site page because the repository does not currently expose stronger reference links.
5081,Alavieska: Keinola,Finland,numeric_span_with_contextual_caveat,duration_span_visible,site_page_only,medium_contextual_numeric_mix,context_layer_with_explicit_caveat,https://browser.sead.se/site/5081,Holocene (0-10000 BP),Readers may need to inspect the upstream SEAD site page because the repository does not currently expose stronger reference links.
5072,Alavieska: Koiraneva,Finland,numeric_span_with_contextual_caveat,duration_span_visible,site_page_only,medium_contextual_numeric_mix,context_layer_with_explicit_caveat,https://browser.sead.se/site/5072,Holocene (0-10000 BP),Readers may need to inspect the upstream SEAD site page because the repository does not currently expose stronger reference links.
3813,Albertshög,Sweden,numeric_span_with_contextual_caveat,duration_span_visible,site_page_only,medium_contextual_numeric_mix,context_layer_with_explicit_caveat,https://browser.sead.se/site/3813,Middle neolithic S Scandinavia (4350-5250 BP),Readers may need to inspect the upstream SEAD site page because the repository does not currently expose stronger reference links.
3812,Alby,Sweden,numeric_span_with_contextual_caveat,duration_span_visible,site_page_only,medium_contextual_numeric_mix,context_layer_with_explicit_caveat,https://browser.sead.se/site/3812,CAL_PERIOD_8000_5900_BP (5850-7950 BP),Readers may need to inspect the upstream SEAD site page because the repository does not currently expose stronger reference links.
4231,Allemora,Sweden,numeric_span_with_contextual_caveat,duration_span_visible,site_page_only,medium_contextual_numeric_mix,context_layer_with_explicit_caveat,https://browser.sead.se/site/4231,457-469 BP,Readers may need to inspect the upstream SEAD site page because the repository does not currently expose stronger reference links.
3811,Almhov subarea 1,Sweden,numeric_span_with_contextual_caveat,duration_span_visible,site_page_only,medium_contextual_numeric_mix,context_layer_with_explicit_caveat,https://browser.sead.se/site/3811,Early neolithic S Scandinavia (5250-5950 BP),Readers may need to inspect the upstream SEAD site page because the repository does not currently expose stronger reference links.
4230,Alskogs kyrka,Sweden,numeric_span_with_contextual_caveat,duration_span_visible,site_page_only,medium_contextual_numeric_mix,context_layer_with_explicit_caveat,https://browser.sead.se/site/4230,96-97 BP,Readers may need to inspect the upstream SEAD site page because the repository does not currently expose stronger reference links.
4229,Alva kyrka,Sweden,numeric_span_with_contextual_caveat,duration_span_visible,site_page_only,medium_contextual_numeric_mix,context_layer_with_explicit_caveat,https://browser.sead.se/site/4229,509-573 BP,Readers may need to inspect the upstream SEAD site page because the repository does not currently expose stronger reference links.
4890,Alvajarvi: Pihtipudas,Finland,numeric_span_with_contextual_caveat,duration_span_visible,site_page_only,medium_contextual_numeric_mix,context_layer_with_explicit_caveat,https://browser.sead.se/site/4890,Late Holocene (0-5000 BP),Readers may need to inspect the upstream SEAD site page because the repository does not currently expose stronger reference links.
3814,Alvastra,Sweden,numeric_span_with_contextual_caveat,duration_span_visible,site_page_only,medium_contextual_numeric_mix,context_layer_with_explicit_caveat,https://browser.sead.se/site/3814,Middle neolithic S Scandinavia (4350-5250 BP),Readers may need to inspect the upstream SEAD site page because the repository does not currently expose stronger reference links.
3810,Alvastra Megalithic,Sweden,numeric_span_with_contextual_caveat,duration_span_visible,site_page_only,medium_contextual_numeric_mix,context_layer_with_explicit_caveat,https://browser.sead.se/site/3810,Viking; Middle neolithic S Scandinavia (850-5250 BP),Readers may need to inspect the upstream SEAD site page because the repository does not currently expose stronger reference links.
3809,Amhult,Sweden,numeric_span_with_contextual_caveat,duration_span_visible,site_page_only,medium_contextual_numeric_mix,context_layer_with_explicit_caveat,https://browser.sead.se/site/3809,Early neolithic S Scandinavia (5250-5950 BP),Readers may need to inspect the upstream SEAD site page because the repository does not currently expose stronger reference links.
5119,Andoya Lakes,Norway,numeric_span_with_contextual_caveat,duration_span_visible,site_page_only,medium_contextual_numeric_mix,context_layer_with_explicit_caveat,https://browser.sead.se/site/5119,Weichselian (10000-122000 BP),Readers may need to inspect the upstream SEAD site page because the repository does not currently expose stronger reference links.
3808,Anfasterö,Sweden,numeric_span_with_contextual_caveat,duration_span_visible,site_page_only,medium_contextual_numeric_mix,context_layer_with_explicit_caveat,https://browser.sead.se/site/3808,Late neolithic S Scandinavia (3750-4350 BP),Readers may need to inspect the upstream SEAD site page because the repository does not currently expose stronger reference links.
3807,Annelöv,Sweden,numeric_span_with_contextual_caveat,duration_span_visible,site_page_only,medium_contextual_numeric_mix,context_layer_with_explicit_caveat,https://browser.sead.se/site/3807,CAL_PERIOD_3200-2800_BP (2750-3150 BP),Readers may need to inspect the upstream SEAD site page because the repository does not currently expose stronger reference links.
3806,Annexhemmanet,Sweden,numeric_span_with_contextual_caveat,duration_span_visible,site_page_only,medium_contextual_numeric_mix,context_layer_with_explicit_caveat,https://browser.sead.se/site/3806,Viking (850-1150 BP),Readers may need to inspect the upstream SEAD site page because the repository does not currently expose stronger reference links.
3805,Apalle,Sweden,numeric_span_with_contextual_caveat,duration_span_visible,site_page_only,medium_contextual_numeric_mix,context_layer_with_explicit_caveat,https://browser.sead.se/site/3805,Bronze Age Period II - VI (2450-3450 BP),Readers may need to inspect the upstream SEAD site page because the repository does not currently expose stronger reference links.
4227,Arby kyrka,Sweden,numeric_span_with_contextual_caveat,duration_span_visible,site_page_only,medium_contextual_numeric_mix,context_layer_with_explicit_caveat,https://browser.sead.se/site/4227,775-857 BP,Readers may need to inspect the upstream SEAD site page because the repository does not currently expose stronger reference links.
3802,Augerum,Sweden,numeric_span_with_contextual_caveat,duration_span_visible,site_page_only,medium_contextual_numeric_mix,context_layer_with_explicit_caveat,https://browser.sead.se/site/3802,Viking (850-1150 BP),Readers may need to inspect the upstream SEAD site page because the repository does not currently expose stronger reference links.
3801,Augland,Norway,numeric_span_with_contextual_caveat,duration_span_visible,site_page_only,medium_contextual_numeric_mix,context_layer_with_explicit_caveat,https://browser.sead.se/site/3801,Roman Iron Age (1550-1950 BP),Readers may need to inspect the upstream SEAD site page because the repository does not currently expose stronger reference links.
3799,Backa,Sweden,numeric_span_with_contextual_caveat,duration_span_visible,site_page_only,medium_contextual_numeric_mix,context_layer_with_explicit_caveat,https://browser.sead.se/site/3799,Roman Iron Age - Migration Period (1400-1950 BP),Readers may need to inspect the upstream SEAD site page because the repository does not currently expose stronger reference links.
3798,Backarne,Sweden,numeric_span_with_contextual_caveat,duration_span_visible,site_page_only,medium_contextual_numeric_mix,context_layer_with_explicit_caveat,https://browser.sead.se/site/3798,Bronze Age Scandinavia (2450-3750 BP),Readers may need to inspect the upstream SEAD site page because the repository does not currently expose stronger reference links.
4224,Baldringe kyrka,Sweden,numeric_span_with_contextual_caveat,duration_span_visible,site_page_only,medium_contextual_numeric_mix,context_layer_with_explicit_caveat,https://browser.sead.se/site/4224,255-531 BP,Readers may need to inspect the upstream SEAD site page because the repository does not currently expose stronger reference links.
4222,Bankekinds kyrka,Sweden,numeric_span_with_contextual_caveat,duration_span_visible,site_page_only,medium_contextual_numeric_mix,context_layer_with_explicit_caveat,https://browser.sead.se/site/4222,288-857 BP,Readers may need to inspect the upstream SEAD site page because the repository does not currently expose stronger reference links.
5286,Bara,Sweden,numeric_span_with_contextual_caveat,duration_span_visible,site_page_only,medium_contextual_numeric_mix,context_layer_with_explicit_caveat,https://browser.sead.se/site/5286,Lateglacial (10000-13500 BP),Readers may need to inspect the upstream SEAD site page because the repository does not currently expose stronger reference links.
3797,Barmer,Denmark,numeric_span_with_contextual_caveat,duration_span_visible,site_page_only,medium_contextual_numeric_mix,context_layer_with_explicit_caveat,https://browser.sead.se/site/3797,Medieval Scandinavia (450-900 BP),Readers may need to inspect the upstream SEAD site page because the repository does not currently expose stronger reference links.
3796,Barrsjö,Sweden,numeric_span_with_contextual_caveat,duration_span_visible,site_page_only,medium_contextual_numeric_mix,context_layer_with_explicit_caveat,https://browser.sead.se/site/3796,Middle neolithic S Scandinavia (4350-5250 BP),Readers may need to inspect the upstream SEAD site page because the repository does not currently expose stronger reference links.
3795,Barshaldershed,Sweden,numeric_span_with_contextual_caveat,duration_span_visible,site_page_only,medium_contextual_numeric_mix,context_layer_with_explicit_caveat,https://browser.sead.se/site/3795,Viking (850-1150 BP),Readers may need to inspect the upstream SEAD site page because the repository does not currently expose stronger reference links.
3794,Beddinge,Sweden,numeric_span_with_contextual_caveat,duration_span_visible,site_page_only,medium_contextual_numeric_mix,context_layer_with_explicit_caveat,https://browser.sead.se/site/3794,Middle neolithic S Scandinavia (4350-5250 BP),Readers may need to inspect the upstream SEAD site page because the repository does not currently expose stronger reference links.
4221,Bellmanhuset,Sweden,numeric_span_with_contextual_caveat,duration_span_visible,site_page_only,medium_contextual_numeric_mix,context_layer_with_explicit_caveat,https://browser.sead.se/site/4221,166-202 BP,Readers may need to inspect the upstream SEAD site page because the repository does not currently expose stronger reference links.
3793,Bengtstorp,Sweden,numeric_span_with_contextual_caveat,duration_span_visible,site_page_only,medium_contextual_numeric_mix,context_layer_with_explicit_caveat,https://browser.sead.se/site/3793,Migration period Scandinavia (1400-1550 BP),Readers may need to inspect the upstream SEAD site page because the repository does not currently expose stronger reference links.
3792,Berga,Sweden,numeric_span_with_contextual_caveat,duration_span_visible,site_page_only,medium_contextual_numeric_mix,context_layer_with_explicit_caveat,https://browser.sead.se/site/3792,Viking (850-1150 BP),Readers may need to inspect the upstream SEAD site page because the repository does not currently expose stronger reference links.
3791,Binga,Sweden,numeric_span_with_contextual_caveat,duration_span_visible,site_page_only,medium_contextual_numeric_mix,context_layer_with_explicit_caveat,https://browser.sead.se/site/3791,Vendel period Scandinavia (1150-1400 BP),Readers may need to inspect the upstream SEAD site page because the repository does not currently expose stronger reference links.
5112,Birka,Sweden,numeric_span_with_contextual_caveat,duration_span_visible,site_page_only,medium_contextual_numeric_mix,context_layer_with_explicit_caveat,https://browser.sead.se/site/5112,Medieval (400-1550 BP),Readers may need to inspect the upstream SEAD site page because the repository does not currently expose stronger reference links.
3790,"Birka, Cemetery",Sweden,numeric_span_with_contextual_caveat,duration_span_visible,site_page_only,medium_contextual_numeric_mix,context_layer_with_explicit_caveat,https://browser.sead.se/site/3790,Viking; Viking Age - Medieval Period Scandinavia (450-1150 BP),Readers may need to inspect the upstream SEAD site page because the repository does not currently expose stronger reference links.
4219,Biskops,Sweden,numeric_span_with_contextual_caveat,duration_span_visible,site_page_only,medium_contextual_numeric_mix,context_layer_with_explicit_caveat,https://browser.sead.se/site/4219,119-392 BP,Readers may need to inspect the upstream SEAD site page because the repository does not currently expose stronger reference links.
3788,Bjurselet,Sweden,numeric_span_with_contextual_caveat,duration_span_visible,site_page_only,medium_contextual_numeric_mix,context_layer_with_explicit_caveat,https://browser.sead.se/site/3788,Neolithic N Scandinavia (3750-5100 BP),Readers may need to inspect the upstream SEAD site page because the repository does not currently expose stronger reference links.
3787,Bjuröklubb,Sweden,numeric_span_with_contextual_caveat,duration_span_visible,site_page_only,medium_contextual_numeric_mix,context_layer_with_explicit_caveat,https://browser.sead.se/site/3787,Medieval Scandinavia (450-900 BP),Readers may need to inspect the upstream SEAD site page because the repository does not currently expose stronger reference links.
3786,Bjäresjö,Sweden,numeric_span_with_contextual_caveat,duration_span_visible,site_page_only,medium_contextual_numeric_mix,context_layer_with_explicit_caveat,https://browser.sead.se/site/3786,Bronze Age Period II - VI (2450-3450 BP),Readers may need to inspect the upstream SEAD site page because the repository does not currently expose stronger reference links.
4215,Bjäresjö kyrka,Sweden,numeric_span_with_contextual_caveat,duration_span_visible,site_page_only,medium_contextual_numeric_mix,context_layer_with_explicit_caveat,https://browser.sead.se/site/4215,349-963 BP,Readers may need to inspect the upstream SEAD site page because the repository does not currently expose stronger reference links.
3785,Bjärred,Sweden,numeric_span_with_contextual_caveat,duration_span_visible,site_page_only,medium_contextual_numeric_mix,context_layer_with_explicit_caveat,https://browser.sead.se/site/3785,Viking (850-1150 BP),Readers may need to inspect the upstream SEAD site page because the repository does not currently expose stronger reference links.
4214,Bjärsjöholms slott,Sweden,numeric_span_with_contextual_caveat,duration_span_visible,site_page_only,medium_contextual_numeric_mix,context_layer_with_explicit_caveat,https://browser.sead.se/site/4214,359-471 BP,Readers may need to inspect the upstream SEAD site page because the repository does not currently expose stronger reference links.
3784,Bjärtrå stronghold,Sweden,numeric_span_with_contextual_caveat,duration_span_visible,site_page_only,medium_contextual_numeric_mix,context_layer_with_explicit_caveat,https://browser.sead.se/site/3784,Medieval Scandinavia (450-900 BP),Readers may need to inspect the upstream SEAD site page because the repository does not currently expose stronger reference links.
3783,Bjästamon,Sweden,numeric_span_with_contextual_caveat,duration_span_visible,site_page_only,medium_contextual_numeric_mix,context_layer_with_explicit_caveat,https://browser.sead.se/site/3783,CAL_PERIOD_4800-4100_BP (4050-4750 BP),Readers may need to inspect the upstream SEAD site page because the repository does not currently expose stronger reference links.
4213,Björka kyrka,Sweden,numeric_span_with_contextual_caveat,duration_span_visible,site_page_only,medium_contextual_numeric_mix,context_layer_with_explicit_caveat,https://browser.sead.se/site/4213,640-726 BP,Readers may need to inspect the upstream SEAD site page because the repository does not currently expose stronger reference links.
3782,Björkekärr,Sweden,numeric_span_with_contextual_caveat,duration_span_visible,site_page_only,medium_contextual_numeric_mix,context_layer_with_explicit_caveat,https://browser.sead.se/site/3782,Middle neolithic S Scandinavia (4350-5250 BP),Readers may need to inspect the upstream SEAD site page because the repository does not currently expose stronger reference links.
3917,Björkenäs,Sweden,numeric_span_with_contextual_caveat,duration_span_visible,site_page_only,medium_contextual_numeric_mix,context_layer_with_explicit_caveat,https://browser.sead.se/site/3917,121-195 BP,Readers may need to inspect the upstream SEAD site page because the repository does not currently expose stronger reference links.
4805,Björkeröds Mosse,Sweden,numeric_span_with_contextual_caveat,duration_span_visible,site_page_only,medium_contextual_numeric_mix,context_layer_with_explicit_caveat,https://browser.sead.se/site/4805,Early Holocene; Lateglacial (7000-18277 BP),Readers may need to inspect the upstream SEAD site page because the repository does not currently expose stronger reference links.
3781,Björklinge 67,Sweden,numeric_span_with_contextual_caveat,duration_span_visible,site_page_only,medium_contextual_numeric_mix,context_layer_with_explicit_caveat,https://browser.sead.se/site/3781,Middle neolithic S Scandinavia; Quaternary; CAL_PERIOD_1885-1706_BP; Pre Roman Iron Age; Pre Roman - Roman Iron Age; Bronze Age Period VI - Pre Roman Iron Age (1550-2700000 BP),Readers may need to inspect the upstream SEAD site page because the repository does not currently expose stronger reference links.
3780,Björkön,Sweden,numeric_span_with_contextual_caveat,duration_span_visible,site_page_only,medium_contextual_numeric_mix,context_layer_with_explicit_caveat,https://browser.sead.se/site/3780,Early Neolithic - Middle Neolithic S Scandinavia (4350-5950 BP),Readers may need to inspect the upstream SEAD site page because the repository does not currently expose stronger reference links.
3779,Björnstorp,Sweden,numeric_span_with_contextual_caveat,duration_span_visible,site_page_only,medium_contextual_numeric_mix,context_layer_with_explicit_caveat,https://browser.sead.se/site/3779,Bronze Age Period II - VI (2450-3450 BP),Readers may need to inspect the upstream SEAD site page because the repository does not currently expose stronger reference links.
4772,Björsjöås,Sweden,numeric_span_with_contextual_caveat,duration_span_visible,site_page_only,medium_contextual_numeric_mix,context_layer_with_explicit_caveat,https://browser.sead.se/site/4772,Medieval (400-1550 BP),Readers may need to inspect the upstream SEAD site page because the repository does not currently expose stronger reference links.
4911,Blomøy,Norway,numeric_span_with_contextual_caveat,duration_span_visible,site_page_only,medium_contextual_numeric_mix,context_layer_with_explicit_caveat,https://browser.sead.se/site/4911,Lateglacial (10000-13500 BP),Readers may need to inspect the upstream SEAD site page because the repository does not currently expose stronger reference links.
4287,Boliden,Sweden,numeric_span_with_contextual_caveat,duration_span_visible,site_page_only,medium_contextual_numeric_mix,context_layer_with_explicit_caveat,https://browser.sead.se/site/4287,Early Weichselian (40600-122000 BP),Readers may need to inspect the upstream SEAD site page because the repository does not currently expose stronger reference links.
3778,Bollbacken,Sweden,numeric_span_with_contextual_caveat,duration_span_visible,site_page_only,medium_contextual_numeric_mix,context_layer_with_explicit_caveat,https://browser.sead.se/site/3778,Middle neolithic S Scandinavia (4350-5250 BP),Readers may need to inspect the upstream SEAD site page because the repository does not currently expose stronger reference links.
4212,Bonderups kyrka,Sweden,numeric_span_with_contextual_caveat,duration_span_visible,site_page_only,medium_contextual_numeric_mix,context_layer_with_explicit_caveat,https://browser.sead.se/site/4212,217-611 BP,Readers may need to inspect the upstream SEAD site page because the repository does not currently expose stronger reference links.
4209,Borgarhuset,Sweden,numeric_span_with_contextual_caveat,duration_span_visible,site_page_only,medium_contextual_numeric_mix,context_layer_with_explicit_caveat,https://browser.sead.se/site/4209,430-464 BP,Readers may need to inspect the upstream SEAD site page because the repository does not currently expose stronger reference links.
3777,Borgeby,Sweden,numeric_span_with_contextual_caveat,duration_span_visible,site_page_only,medium_contextual_numeric_mix,context_layer_with_explicit_caveat,https://browser.sead.se/site/3777,Viking (850-1150 BP),Readers may need to inspect the upstream SEAD site page because the repository does not currently expose stronger reference links.
3776,Borgholm,Sweden,numeric_span_with_contextual_caveat,point_like_or_single_year,site_page_only,medium_contextual_numeric_mix,context_layer_with_explicit_caveat,https://browser.sead.se/site/3776,Quaternary (2700000 BP),Readers may need to inspect the upstream SEAD site page because the repository does not currently expose stronger reference links.
4206,Bosarp,Sweden,numeric_span_with_contextual_caveat,duration_span_visible,site_page_only,medium_contextual_numeric_mix,context_layer_with_explicit_caveat,https://browser.sead.se/site/4206,105-133 BP,Readers may need to inspect the upstream SEAD site page because the repository does not currently expose stronger reference links.
4205,Bosebo kyrka,Sweden,numeric_span_with_contextual_caveat,duration_span_visible,site_page_only,medium_contextual_numeric_mix,context_layer_with_explicit_caveat,https://browser.sead.se/site/4205,140-783 BP,Readers may need to inspect the upstream SEAD site page because the repository does not currently expose stronger reference links.
4203,Bredsätra kyrka,Sweden,numeric_span_with_contextual_caveat,duration_span_visible,site_page_only,medium_contextual_numeric_mix,context_layer_with_explicit_caveat,https://browser.sead.se/site/4203,736-789 BP,Readers may need to inspect the upstream SEAD site page because the repository does not currently expose stronger reference links.
3775,Bringsvær,Norway,numeric_span_with_contextual_caveat,duration_span_visible,site_page_only,medium_contextual_numeric_mix,context_layer_with_explicit_caveat,https://browser.sead.se/site/3775,Roman Iron Age (1550-1950 BP),Readers may need to inspect the upstream SEAD site page because the repository does not currently expose stronger reference links.
4202,Bro kyrka,Sweden,numeric_span_with_contextual_caveat,duration_span_visible,site_page_only,medium_contextual_numeric_mix,context_layer_with_explicit_caveat,https://browser.sead.se/site/4202,625-736 BP,Readers may need to inspect the upstream SEAD site page because the repository does not currently expose stronger reference links.
4201,Broarps gästgiveri,Sweden,numeric_span_with_contextual_caveat,duration_span_visible,site_page_only,medium_contextual_numeric_mix,context_layer_with_explicit_caveat,https://browser.sead.se/site/4201,56-194 BP,Readers may need to inspect the upstream SEAD site page because the repository does not currently expose stronger reference links.
3774,Brogård,Sweden,numeric_span_with_contextual_caveat,duration_span_visible,site_page_only,medium_contextual_numeric_mix,context_layer_with_explicit_caveat,https://browser.sead.se/site/3774,Roman Iron Age (1550-1950 BP),Readers may need to inspect the upstream SEAD site page because the repository does not currently expose stronger reference links.
4200,Bromma kyrka,Sweden,numeric_span_with_contextual_caveat,duration_span_visible,site_page_only,medium_contextual_numeric_mix,context_layer_with_explicit_caveat,https://browser.sead.se/site/4200,483-543 BP,Readers may need to inspect the upstream SEAD site page because the repository does not currently expose stronger reference links.
3773,Broåsen,Sweden,numeric_span_with_contextual_caveat,duration_span_visible,site_page_only,medium_contextual_numeric_mix,context_layer_with_explicit_caveat,https://browser.sead.se/site/3773,Bronze Age Period III - VI (2450-3250 BP),Readers may need to inspect the upstream SEAD site page because the repository does not currently expose stronger reference links.
3772,Brudager Cemetery,Denmark,numeric_span_with_contextual_caveat,duration_span_visible,site_page_only,medium_contextual_numeric_mix,context_layer_with_explicit_caveat,https://browser.sead.se/site/3772,Roman Iron Age (1550-1950 BP),Readers may need to inspect the upstream SEAD site page because the repository does not currently expose stronger reference links.
3771,Brudager Settlement,Denmark,numeric_span_with_contextual_caveat,duration_span_visible,site_page_only,medium_contextual_numeric_mix,context_layer_with_explicit_caveat,https://browser.sead.se/site/3771,Roman Iron Age (1550-1950 BP),Readers may need to inspect the upstream SEAD site page because the repository does not currently expose stronger reference links.
3915,Bruksgatan,Sweden,numeric_span_with_contextual_caveat,duration_span_visible,site_page_only,medium_contextual_numeric_mix,context_layer_with_explicit_caveat,https://browser.sead.se/site/3915,183-287 BP,Readers may need to inspect the upstream SEAD site page because the repository does not currently expose stronger reference links.
4301,Brumunddal,Norway,numeric_span_with_contextual_caveat,duration_span_visible,site_page_only,medium_contextual_numeric_mix,context_layer_with_explicit_caveat,https://browser.sead.se/site/4301,Early Weichselian (34000-57800 BP),Readers may need to inspect the upstream SEAD site page because the repository does not currently expose stronger reference links.
4199,Brunnby kyrka,Sweden,numeric_span_with_contextual_caveat,duration_span_visible,site_page_only,medium_contextual_numeric_mix,context_layer_with_explicit_caveat,https://browser.sead.se/site/4199,419-582 BP,Readers may need to inspect the upstream SEAD site page because the repository does not currently expose stronger reference links.
3769,Bryggen,Norway,numeric_span_with_contextual_caveat,duration_span_visible,site_page_only,medium_contextual_numeric_mix,context_layer_with_explicit_caveat,https://browser.sead.se/site/3769,Medieval Norway (413-900 BP),Readers may need to inspect the upstream SEAD site page because the repository does not currently expose stronger reference links.
4197,Brönnestads kyrka,Sweden,numeric_span_with_contextual_caveat,duration_span_visible,site_page_only,medium_contextual_numeric_mix,context_layer_with_explicit_caveat,https://browser.sead.se/site/4197,29-509 BP,Readers may need to inspect the upstream SEAD site page because the repository does not currently expose stronger reference links.
3768,Bunkeflo 68,Sweden,numeric_span_with_contextual_caveat,duration_span_visible,site_page_only,medium_contextual_numeric_mix,context_layer_with_explicit_caveat,https://browser.sead.se/site/3768,Viking (850-1150 BP),Readers may need to inspect the upstream SEAD site page because the repository does not currently expose stronger reference links.
3767,Burlöv 20C,Sweden,numeric_span_with_contextual_caveat,duration_span_visible,site_page_only,medium_contextual_numeric_mix,context_layer_with_explicit_caveat,https://browser.sead.se/site/3767,Early Iron Age; Quaternary (1550-2700000 BP),Readers may need to inspect the upstream SEAD site page because the repository does not currently expose stronger reference links.
4195,Burlövs gamla kyrka,Sweden,numeric_span_with_contextual_caveat,duration_span_visible,site_page_only,medium_contextual_numeric_mix,context_layer_with_explicit_caveat,https://browser.sead.se/site/4195,263-784 BP,Readers may need to inspect the upstream SEAD site page because the repository does not currently expose stronger reference links.
4194,Burmeisterska huset,Sweden,numeric_span_with_contextual_caveat,duration_span_visible,site_page_only,medium_contextual_numeric_mix,context_layer_with_explicit_caveat,https://browser.sead.se/site/4194,188-303 BP,Readers may need to inspect the upstream SEAD site page because the repository does not currently expose stronger reference links.
4193,Burs kyrka,Sweden,numeric_span_with_contextual_caveat,duration_span_visible,site_page_only,medium_contextual_numeric_mix,context_layer_with_explicit_caveat,https://browser.sead.se/site/4193,632-728 BP,Readers may need to inspect the upstream SEAD site page because the repository does not currently expose stronger reference links.
4776,Bysjön,Sweden,numeric_span_with_contextual_caveat,duration_span_visible,site_page_only,medium_contextual_numeric_mix,context_layer_with_explicit_caveat,https://browser.sead.se/site/4776,Lateglacial (11100-13261 BP),Readers may need to inspect the upstream SEAD site page because the repository does not currently expose stronger reference links.
3765,Bäckby,Sweden,numeric_span_with_contextual_caveat,duration_span_visible,site_page_only,medium_contextual_numeric_mix,context_layer_with_explicit_caveat,https://browser.sead.se/site/3765,Vendel period Scandinavia; Migration Period  - Vendel Period (1150-1550 BP),Readers may need to inspect the upstream SEAD site page because the repository does not currently expose stronger reference links.
4192,Bäl kyrka,Sweden,numeric_span_with_contextual_caveat,duration_span_visible,site_page_only,medium_contextual_numeric_mix,context_layer_with_explicit_caveat,https://browser.sead.se/site/4192,675-750 BP,Readers may need to inspect the upstream SEAD site page because the repository does not currently expose stronger reference links.
3766,Båtsberg,Sweden,numeric_span_with_contextual_caveat,duration_span_visible,site_page_only,medium_contextual_numeric_mix,context_layer_with_explicit_caveat,https://browser.sead.se/site/3766,Early neolithic S Scandinavia (5250-5950 BP),Readers may need to inspect the upstream SEAD site page because the repository does not currently expose stronger reference links.
3764,Carlshögen,Sweden,numeric_span_with_contextual_caveat,duration_span_visible,site_page_only,medium_contextual_numeric_mix,context_layer_with_explicit_caveat,https://browser.sead.se/site/3764,Middle neolithic S Scandinavia (4350-5250 BP),Readers may need to inspect the upstream SEAD site page because the repository does not currently expose stronger reference links.
3760,Charlottendal,Sweden,numeric_span_with_contextual_caveat,duration_span_visible,site_page_only,medium_contextual_numeric_mix,context_layer_with_explicit_caveat,https://browser.sead.se/site/3760,Late Iron Age (1150-1550 BP),Readers may need to inspect the upstream SEAD site page because the repository does not currently expose stronger reference links.
5528,Copenhagen,Denmark,numeric_span_with_contextual_caveat,duration_span_visible,site_page_only,medium_contextual_numeric_mix,context_layer_with_explicit_caveat,https://browser.sead.se/site/5528,Oxygen Isotope Stage 7 (191000-243000 BP),Readers may need to inspect the upstream SEAD site page because the repository does not currently expose stronger reference links.
4191,Cramérska huset,Sweden,numeric_span_with_contextual_caveat,duration_span_visible,site_page_only,medium_contextual_numeric_mix,context_layer_with_explicit_caveat,https://browser.sead.se/site/4191,121-762 BP,Readers may need to inspect the upstream SEAD site page because the repository does not currently expose stronger reference links.
3754,Dagstorp (SU 17),Sweden,numeric_span_with_contextual_caveat,duration_span_visible,site_page_only,medium_contextual_numeric_mix,context_layer_with_explicit_caveat,https://browser.sead.se/site/3754,Middle neolithic S Scandinavia (4350-5250 BP),Readers may need to inspect the upstream SEAD site page because the repository does not currently expose stronger reference links.
3753,Dagstorp (SU 21),Sweden,numeric_span_with_contextual_caveat,duration_span_visible,site_page_only,medium_contextual_numeric_mix,context_layer_with_explicit_caveat,https://browser.sead.se/site/3753,Middle neolithic S Scandinavia; Early neolithic S Scandinavia; Viking; Vendel period Scandinavia (850-5950 BP),Readers may need to inspect the upstream SEAD site page because the repository does not currently expose stronger reference links.
3752,Dalby,Sweden,numeric_span_with_contextual_caveat,duration_span_visible,site_page_only,medium_contextual_numeric_mix,context_layer_with_explicit_caveat,https://browser.sead.se/site/3752,Medieval Scandinavia (450-900 BP),Readers may need to inspect the upstream SEAD site page because the repository does not currently expose stronger reference links.
4190,Dalby kungsgård,Sweden,numeric_span_with_contextual_caveat,duration_span_visible,site_page_only,medium_contextual_numeric_mix,context_layer_with_explicit_caveat,https://browser.sead.se/site/4190,428-525 BP,Readers may need to inspect the upstream SEAD site page because the repository does not currently expose stronger reference links.
4189,Dalby kyrka,Sweden,numeric_span_with_contextual_caveat,duration_span_visible,site_page_only,medium_contextual_numeric_mix,context_layer_with_explicit_caveat,https://browser.sead.se/site/4189,438-469 BP,Readers may need to inspect the upstream SEAD site page because the repository does not currently expose stronger reference links.
3751,Dalskarlstorp,Sweden,numeric_span_with_contextual_caveat,duration_span_visible,site_page_only,medium_contextual_numeric_mix,context_layer_with_explicit_caveat,https://browser.sead.se/site/3751,Early neolithic S Scandinavia (5250-5950 BP),Readers may need to inspect the upstream SEAD site page because the repository does not currently expose stronger reference links.
3750,Danmarksby,Sweden,numeric_span_with_contextual_caveat,duration_span_visible,site_page_only,medium_contextual_numeric_mix,context_layer_with_explicit_caveat,https://browser.sead.se/site/3750,Migration period Scandinavia (1400-1550 BP),Readers may need to inspect the upstream SEAD site page because the repository does not currently expose stronger reference links.
3749,Darsgärde,Sweden,numeric_span_with_contextual_caveat,duration_span_visible,site_page_only,medium_contextual_numeric_mix,context_layer_with_explicit_caveat,https://browser.sead.se/site/3749,Late Bronze Age - Pre Roman Iron Age Scandinavia (1950-3050 BP),Readers may need to inspect the upstream SEAD site page because the repository does not currently expose stronger reference links.
3747,Dragby,Sweden,numeric_span_with_contextual_caveat,duration_span_visible,site_page_only,medium_contextual_numeric_mix,context_layer_with_explicit_caveat,https://browser.sead.se/site/3747,Pre Roman - Roman Iron Age; Late Neolithic - Early Bronze Age S Scandinavia; Bronze Age Period IV - VI (1550-4350 BP),Readers may need to inspect the upstream SEAD site page because the repository does not currently expose stronger reference links.
4187,Drottningholms slott,Sweden,numeric_span_with_contextual_caveat,duration_span_visible,site_page_only,medium_contextual_numeric_mix,context_layer_with_explicit_caveat,https://browser.sead.se/site/4187,184-345 BP,Readers may need to inspect the upstream SEAD site page because the repository does not currently expose stronger reference links.
4186,Dörby kyrka,Sweden,numeric_span_with_contextual_caveat,duration_span_visible,site_page_only,medium_contextual_numeric_mix,context_layer_with_explicit_caveat,https://browser.sead.se/site/4186,336-362 BP,Readers may need to inspect the upstream SEAD site page because the repository does not currently expose stronger reference links.
3745,Dösjebro (SU 19),Sweden,numeric_span_with_contextual_caveat,duration_span_visible,site_page_only,medium_contextual_numeric_mix,context_layer_with_explicit_caveat,https://browser.sead.se/site/3745,Middle neolithic S Scandinavia (4350-5250 BP),Readers may need to inspect the upstream SEAD site page because the repository does not currently expose stronger reference links.
3744,Egelygård,Denmark,numeric_span_with_contextual_caveat,duration_span_visible,site_page_only,medium_contextual_numeric_mix,context_layer_with_explicit_caveat,https://browser.sead.se/site/3744,Roman Iron Age (1550-1950 BP),Readers may need to inspect the upstream SEAD site page because the repository does not currently expose stronger reference links.
5461,Egtved,Denmark,numeric_span_with_contextual_caveat,point_like_or_single_year,site_page_only,medium_contextual_numeric_mix,context_layer_with_explicit_caveat,https://browser.sead.se/site/5461,Bronze Age Britain; CAL_1370_BC (3319 BP),Readers may need to inspect the upstream SEAD site page because the repository does not currently expose stronger reference links.
3743,Eidanger Prestegård,Norway,numeric_span_with_contextual_caveat,duration_span_visible,site_page_only,medium_contextual_numeric_mix,context_layer_with_explicit_caveat,https://browser.sead.se/site/3743,Roman Iron Age (1550-1950 BP),Readers may need to inspect the upstream SEAD site page because the repository does not currently expose stronger reference links.
4378,Eigebakken,Norway,numeric_span_with_contextual_caveat,duration_span_visible,site_page_only,medium_contextual_numeric_mix,context_layer_with_explicit_caveat,https://browser.sead.se/site/4378,Lateglacial (10000-13500 BP),Readers may need to inspect the upstream SEAD site page because the repository does not currently expose stronger reference links.
5300,Ejby Brickworks,Denmark,numeric_span_with_contextual_caveat,duration_span_visible,site_page_only,medium_contextual_numeric_mix,context_layer_with_explicit_caveat,https://browser.sead.se/site/5300,Lateglacial (10000-13500 BP),Readers may need to inspect the upstream SEAD site page because the repository does not currently expose stronger reference links.
4185,Eke kyrka,Sweden,numeric_span_with_contextual_caveat,duration_span_visible,site_page_only,medium_contextual_numeric_mix,context_layer_with_explicit_caveat,https://browser.sead.se/site/4185,859-1060 BP,Readers may need to inspect the upstream SEAD site page because the repository does not currently expose stronger reference links.
3742,Ekeby,Sweden,numeric_span_with_contextual_caveat,point_like_or_single_year,site_page_only,medium_contextual_numeric_mix,context_layer_with_explicit_caveat,https://browser.sead.se/site/3742,Quaternary (2700000 BP),Readers may need to inspect the upstream SEAD site page because the repository does not currently expose stronger reference links.
4183,Ekelunda,Sweden,numeric_span_with_contextual_caveat,duration_span_visible,site_page_only,medium_contextual_numeric_mix,context_layer_with_explicit_caveat,https://browser.sead.se/site/4183,338-393 BP,Readers may need to inspect the upstream SEAD site page because the repository does not currently expose stronger reference links.
3741,Eklundshov,Sweden,numeric_span_with_contextual_caveat,duration_span_visible,site_page_only,medium_contextual_numeric_mix,context_layer_with_explicit_caveat,https://browser.sead.se/site/3741,Early Iron Age; Early neolithic S Scandinavia (1550-5950 BP),Readers may need to inspect the upstream SEAD site page because the repository does not currently expose stronger reference links.
3740,Eknäs,Finland,numeric_span_with_contextual_caveat,duration_span_visible,site_page_only,medium_contextual_numeric_mix,context_layer_with_explicit_caveat,https://browser.sead.se/site/3740,Middle neolithic S Scandinavia (4350-5250 BP),Readers may need to inspect the upstream SEAD site page because the repository does not currently expose stronger reference links.
4182,Ektorpet,Sweden,numeric_span_with_contextual_caveat,duration_span_visible,site_page_only,medium_contextual_numeric_mix,context_layer_with_explicit_caveat,https://browser.sead.se/site/4182,170-175 BP,Readers may need to inspect the upstream SEAD site page because the repository does not currently expose stronger reference links.
5289,Elinelund,Sweden,numeric_span_with_contextual_caveat,duration_span_visible,site_page_only,medium_contextual_numeric_mix,context_layer_with_explicit_caveat,https://browser.sead.se/site/5289,Holocene (0-10000 BP),Readers may need to inspect the upstream SEAD site page because the repository does not currently expose stronger reference links.
4856,Empohultet,Sweden,numeric_span_with_contextual_caveat,duration_span_visible,site_page_only,medium_contextual_numeric_mix,context_layer_with_explicit_caveat,https://browser.sead.se/site/4856,Early Weichselian (45000-122000 BP),Readers may need to inspect the upstream SEAD site page because the repository does not currently expose stronger reference links.
4179,Eriksöre,Sweden,numeric_span_with_contextual_caveat,duration_span_visible,site_page_only,medium_contextual_numeric_mix,context_layer_with_explicit_caveat,https://browser.sead.se/site/4179,145-242 BP,Readers may need to inspect the upstream SEAD site page because the repository does not currently expose stronger reference links.
5076,Esbjerg,Denmark,numeric_span_with_contextual_caveat,duration_span_visible,site_page_only,medium_contextual_numeric_mix,context_layer_with_explicit_caveat,https://browser.sead.se/site/5076,Holocene; Lateglacial (0-13500 BP),Readers may need to inspect the upstream SEAD site page because the repository does not currently expose stronger reference links.
4897,Eslövs Mosse,Sweden,numeric_span_with_contextual_caveat,duration_span_visible,site_page_only,medium_contextual_numeric_mix,context_layer_with_explicit_caveat,https://browser.sead.se/site/4897,Lateglacial (10000-13500 BP),Readers may need to inspect the upstream SEAD site page because the repository does not currently expose stronger reference links.
4178,Etelhems kyrka,Sweden,numeric_span_with_contextual_caveat,duration_span_visible,site_page_only,medium_contextual_numeric_mix,context_layer_with_explicit_caveat,https://browser.sead.se/site/4178,0-337 BP,Readers may need to inspect the upstream SEAD site page because the repository does not currently expose stronger reference links.
5064,Evertsberg,Sweden,numeric_span_with_contextual_caveat,duration_span_visible,site_page_only,medium_contextual_numeric_mix,context_layer_with_explicit_caveat,https://browser.sead.se/site/5064,Holocene (0-10000 BP),Readers may need to inspect the upstream SEAD site page because the repository does not currently expose stronger reference links.
3737,Fagervik,Sweden,numeric_span_with_contextual_caveat,duration_span_visible,site_page_only,medium_contextual_numeric_mix,context_layer_with_explicit_caveat,https://browser.sead.se/site/3737,Middle neolithic S Scandinavia (4350-5250 BP),Readers may need to inspect the upstream SEAD site page because the repository does not currently expose stronger reference links.
4392,Fakse Bugt,Denmark,numeric_span_with_contextual_caveat,duration_span_visible,site_page_only,medium_contextual_numeric_mix,context_layer_with_explicit_caveat,https://browser.sead.se/site/4392,Lateglacial (10000-13500 BP),Readers may need to inspect the upstream SEAD site page because the repository does not currently expose stronger reference links.
4176,Farhults kyrka,Sweden,numeric_span_with_contextual_caveat,duration_span_visible,site_page_only,medium_contextual_numeric_mix,context_layer_with_explicit_caveat,https://browser.sead.se/site/4176,80-855 BP,Readers may need to inspect the upstream SEAD site page because the repository does not currently expose stronger reference links.
4398,Femsølyng,Denmark,numeric_span_with_contextual_caveat,duration_span_visible,site_page_only,medium_contextual_numeric_mix,context_layer_with_explicit_caveat,https://browser.sead.se/site/4398,Holocene; Lateglacial (0-13500 BP),Readers may need to inspect the upstream SEAD site page because the repository does not currently expose stronger reference links.
4173,Fivelstad kyrka,Sweden,numeric_span_with_contextual_caveat,duration_span_visible,site_page_only,medium_contextual_numeric_mix,context_layer_with_explicit_caveat,https://browser.sead.se/site/4173,611-804 BP,Readers may need to inspect the upstream SEAD site page because the repository does not currently expose stronger reference links.
4172,Fjellskäfte säteri,Sweden,numeric_span_with_contextual_caveat,duration_span_visible,site_page_only,medium_contextual_numeric_mix,context_layer_with_explicit_caveat,https://browser.sead.se/site/4172,105-355 BP,Readers may need to inspect the upstream SEAD site page because the repository does not currently expose stronger reference links.
3736,Fjärås 486,Sweden,numeric_span_with_contextual_caveat,duration_span_visible,site_page_only,medium_contextual_numeric_mix,context_layer_with_explicit_caveat,https://browser.sead.se/site/3736,Viking (850-1150 BP),Readers may need to inspect the upstream SEAD site page because the repository does not currently expose stronger reference links.
4171,Fleringe kyrka,Sweden,numeric_span_with_contextual_caveat,duration_span_visible,site_page_only,medium_contextual_numeric_mix,context_layer_with_explicit_caveat,https://browser.sead.se/site/4171,89-291 BP,Readers may need to inspect the upstream SEAD site page because the repository does not currently expose stronger reference links.
4170,Flistads kyrka,Sweden,numeric_span_with_contextual_caveat,duration_span_visible,site_page_only,medium_contextual_numeric_mix,context_layer_with_explicit_caveat,https://browser.sead.se/site/4170,630-838 BP,Readers may need to inspect the upstream SEAD site page because the repository does not currently expose stronger reference links.
3735,Flyndehage,Denmark,numeric_span_with_contextual_caveat,duration_span_visible,site_page_only,medium_contextual_numeric_mix,context_layer_with_explicit_caveat,https://browser.sead.se/site/3735,Mesolithic  - Early Neolithic Scandinavia (5250-12950 BP),Readers may need to inspect the upstream SEAD site page because the repository does not currently expose stronger reference links.
4169,Flöxhult säteri,Sweden,numeric_span_with_contextual_caveat,duration_span_visible,site_page_only,medium_contextual_numeric_mix,context_layer_with_explicit_caveat,https://browser.sead.se/site/4169,0-199 BP,Readers may need to inspect the upstream SEAD site page because the repository does not currently expose stronger reference links.
4168,Follingbo kyrka,Sweden,numeric_span_with_contextual_caveat,duration_span_visible,site_page_only,medium_contextual_numeric_mix,context_layer_with_explicit_caveat,https://browser.sead.se/site/4168,188-196 BP,Readers may need to inspect the upstream SEAD site page because the repository does not currently expose stronger reference links.
4167,Fornminnesgården,Sweden,numeric_span_with_contextual_caveat,duration_span_visible,site_page_only,medium_contextual_numeric_mix,context_layer_with_explicit_caveat,https://browser.sead.se/site/4167,199-302 BP,Readers may need to inspect the upstream SEAD site page because the repository does not currently expose stronger reference links.
3734,Fosie,Sweden,numeric_span_with_contextual_caveat,duration_span_visible,site_page_only,medium_contextual_numeric_mix,context_layer_with_explicit_caveat,https://browser.sead.se/site/3734,Viking Age - Medieval Period Scandinavia (450-1150 BP),Readers may need to inspect the upstream SEAD site page because the repository does not currently expose stronger reference links.
3732,Fredriksberg 13D,Sweden,numeric_span_with_contextual_caveat,duration_span_visible,site_page_only,medium_contextual_numeric_mix,context_layer_with_explicit_caveat,https://browser.sead.se/site/3732,Pre Roman Iron Age; Quaternary (1950-2700000 BP),Readers may need to inspect the upstream SEAD site page because the repository does not currently expose stronger reference links.
3731,Fredriksberg 13E,Sweden,numeric_span_with_contextual_caveat,duration_span_visible,site_page_only,medium_contextual_numeric_mix,context_layer_with_explicit_caveat,https://browser.sead.se/site/3731,Bronze Age Period IV - VI (2450-3050 BP),Readers may need to inspect the upstream SEAD site page because the repository does not currently expose stronger reference links.
3913,Friggestad,Sweden,numeric_span_with_contextual_caveat,duration_span_visible,site_page_only,medium_contextual_numeric_mix,context_layer_with_explicit_caveat,https://browser.sead.se/site/3913,77-146 BP,Readers may need to inspect the upstream SEAD site page because the repository does not currently expose stronger reference links.
3730,Fristad,Sweden,numeric_span_with_contextual_caveat,duration_span_visible,site_page_only,medium_contextual_numeric_mix,context_layer_with_explicit_caveat,https://browser.sead.se/site/3730,Viking (850-1150 BP),Readers may need to inspect the upstream SEAD site page because the repository does not currently expose stronger reference links.
4164,Furingstads kyrka,Sweden,numeric_span_with_contextual_caveat,duration_span_visible,site_page_only,medium_contextual_numeric_mix,context_layer_with_explicit_caveat,https://browser.sead.se/site/4164,601-868 BP,Readers may need to inspect the upstream SEAD site page because the repository does not currently expose stronger reference links.
4162,Färlövs kyrka,Sweden,numeric_span_with_contextual_caveat,duration_span_visible,site_page_only,medium_contextual_numeric_mix,context_layer_with_explicit_caveat,https://browser.sead.se/site/4162,439-974 BP,Readers may need to inspect the upstream SEAD site page because the repository does not currently expose stronger reference links.
3729,Fågelsjö,Sweden,numeric_span_with_contextual_caveat,duration_span_visible,site_page_only,medium_contextual_numeric_mix,context_layer_with_explicit_caveat,https://browser.sead.se/site/3729,Pre Roman Iron Age (1950-2450 BP),Readers may need to inspect the upstream SEAD site page because the repository does not currently expose stronger reference links.
4161,Föllingsö säteri,Sweden,numeric_span_with_contextual_caveat,duration_span_visible,site_page_only,medium_contextual_numeric_mix,context_layer_with_explicit_caveat,https://browser.sead.se/site/4161,74-320 BP,Readers may need to inspect the upstream SEAD site page because the repository does not currently expose stronger reference links.
4160,Gamla Apoteket,Sweden,numeric_span_with_contextual_caveat,duration_span_visible,site_page_only,medium_contextual_numeric_mix,context_layer_with_explicit_caveat,https://browser.sead.se/site/4160,663-683 BP,Readers may need to inspect the upstream SEAD site page because the repository does not currently expose stronger reference links.
4159,Gamla prästgården,Sweden,numeric_span_with_contextual_caveat,duration_span_visible,site_page_only,medium_contextual_numeric_mix,context_layer_with_explicit_caveat,https://browser.sead.se/site/4159,114-205 BP,Readers may need to inspect the upstream SEAD site page because the repository does not currently expose stronger reference links.
3728,Gamla Uppsala,Sweden,numeric_span_with_contextual_caveat,duration_span_visible,site_page_only,medium_contextual_numeric_mix,context_layer_with_explicit_caveat,https://browser.sead.se/site/3728,Viking (850-1150 BP),Readers may need to inspect the upstream SEAD site page because the repository does not currently expose stronger reference links.
4157,Gammelgarn kyrka,Sweden,numeric_span_with_contextual_caveat,duration_span_visible,site_page_only,medium_contextual_numeric_mix,context_layer_with_explicit_caveat,https://browser.sead.se/site/4157,251-286 BP,Readers may need to inspect the upstream SEAD site page because the repository does not currently expose stronger reference links.
5378,Gammelhemmet,Sweden,numeric_span_with_contextual_caveat,duration_span_visible,site_page_only,medium_contextual_numeric_mix,context_layer_with_explicit_caveat,https://browser.sead.se/site/5378,Late Holocene (0-5000 BP),Readers may need to inspect the upstream SEAD site page because the repository does not currently expose stronger reference links.
4156,Garde kyrka,Sweden,numeric_span_with_contextual_caveat,duration_span_visible,site_page_only,medium_contextual_numeric_mix,context_layer_with_explicit_caveat,https://browser.sead.se/site/4156,816-894 BP,Readers may need to inspect the upstream SEAD site page because the repository does not currently expose stronger reference links.
4155,Genarps kyrka,Sweden,numeric_span_with_contextual_caveat,duration_span_visible,site_page_only,medium_contextual_numeric_mix,context_layer_with_explicit_caveat,https://browser.sead.se/site/4155,350-467 BP,Readers may need to inspect the upstream SEAD site page because the repository does not currently expose stronger reference links.
3727,Gene,Sweden,numeric_span_with_contextual_caveat,duration_span_visible,site_page_only,medium_contextual_numeric_mix,context_layer_with_explicit_caveat,https://browser.sead.se/site/3727,Roman Iron Age - Migration Period (1400-1950 BP),Readers may need to inspect the upstream SEAD site page because the repository does not currently expose stronger reference links.
3726,Glemminge,Sweden,numeric_span_with_contextual_caveat,duration_span_visible,site_page_only,medium_contextual_numeric_mix,context_layer_with_explicit_caveat,https://browser.sead.se/site/3726,Viking (850-1150 BP),Readers may need to inspect the upstream SEAD site page because the repository does not currently expose stronger reference links.
4152,Glimmingehus,Sweden,numeric_span_with_contextual_caveat,duration_span_visible,site_page_only,medium_contextual_numeric_mix,context_layer_with_explicit_caveat,https://browser.sead.se/site/4152,58-568 BP,Readers may need to inspect the upstream SEAD site page because the repository does not currently expose stronger reference links.
3725,Glädjen,Sweden,numeric_span_with_contextual_caveat,duration_span_visible,site_page_only,medium_contextual_numeric_mix,context_layer_with_explicit_caveat,https://browser.sead.se/site/3725,Quaternary; Bronze Age Period III - VI; Early neolithic S Scandinavia (2450-2700000 BP),Readers may need to inspect the upstream SEAD site page because the repository does not currently expose stronger reference links.
3724,Gläntan,Sweden,numeric_span_with_contextual_caveat,duration_span_visible,site_page_only,medium_contextual_numeric_mix,context_layer_with_explicit_caveat,https://browser.sead.se/site/3724,Middle neolithic S Scandinavia (4350-5250 BP),Readers may need to inspect the upstream SEAD site page because the repository does not currently expose stronger reference links.
4416,Godøy,Norway,numeric_span_with_contextual_caveat,duration_span_visible,site_page_only,medium_contextual_numeric_mix,context_layer_with_explicit_caveat,https://browser.sead.se/site/4416,Lateglacial Interstadial; Lateglacial (10790-13096 BP),Readers may need to inspect the upstream SEAD site page because the repository does not currently expose stronger reference links.
4420,Goteborg,Sweden,numeric_span_with_contextual_caveat,point_like_or_single_year,site_page_only,medium_contextual_numeric_mix,context_layer_with_explicit_caveat,https://browser.sead.se/site/4420,Post Medieval; CAL_1745_AD (205 BP),Readers may need to inspect the upstream SEAD site page because the repository does not currently expose stronger reference links.
4421,Gothenburg,Sweden,numeric_span_with_contextual_caveat,duration_span_visible,site_page_only,medium_contextual_numeric_mix,context_layer_with_explicit_caveat,https://browser.sead.se/site/4421,Post Medieval (0-400 BP),Readers may need to inspect the upstream SEAD site page because the repository does not currently expose stronger reference links.
3723,Gotska Sandön,Sweden,numeric_span_with_contextual_caveat,duration_span_visible,site_page_only,medium_contextual_numeric_mix,context_layer_with_explicit_caveat,https://browser.sead.se/site/3723,Viking (850-1150 BP),Readers may need to inspect the upstream SEAD site page because the repository does not currently expose stronger reference links.
3722,Grevie 363,Sweden,numeric_span_with_contextual_caveat,duration_span_visible,site_page_only,medium_contextual_numeric_mix,context_layer_with_explicit_caveat,https://browser.sead.se/site/3722,Bronze Age Period V - VI; Roman Iron Age (1550-2850 BP),Readers may need to inspect the upstream SEAD site page because the repository does not currently expose stronger reference links.
3721,Grevie 365,Sweden,numeric_span_with_contextual_caveat,duration_span_visible,site_page_only,medium_contextual_numeric_mix,context_layer_with_explicit_caveat,https://browser.sead.se/site/3721,Quaternary; Late neolithic S Scandinavia; Bronze Age Period IV - VI; Bronze Age Period VI - Pre Roman Iron Age (1950-2700000 BP),Readers may need to inspect the upstream SEAD site page because the repository does not currently expose stronger reference links.
3720,Grimeton k:a,Sweden,numeric_span_with_contextual_caveat,duration_span_visible,site_page_only,medium_contextual_numeric_mix,context_layer_with_explicit_caveat,https://browser.sead.se/site/3720,Viking (850-1150 BP),Readers may need to inspect the upstream SEAD site page because the repository does not currently expose stronger reference links.
3717,Grundskatan,Sweden,numeric_span_with_contextual_caveat,duration_span_visible,site_page_only,medium_contextual_numeric_mix,context_layer_with_explicit_caveat,https://browser.sead.se/site/3717,Medieval Scandinavia (450-900 BP),Readers may need to inspect the upstream SEAD site page because the repository does not currently expose stronger reference links.
3716,Gryagervej,Denmark,numeric_span_with_contextual_caveat,duration_span_visible,site_page_only,medium_contextual_numeric_mix,context_layer_with_explicit_caveat,https://browser.sead.se/site/3716,Roman Iron Age (1550-1950 BP),Readers may need to inspect the upstream SEAD site page because the repository does not currently expose stronger reference links.
3714,Gräne,Sweden,numeric_span_with_contextual_caveat,duration_span_visible,site_page_only,medium_contextual_numeric_mix,context_layer_with_explicit_caveat,https://browser.sead.se/site/3714,Early Neolithic - Middle Neolithic S Scandinavia (4350-5950 BP),Readers may need to inspect the upstream SEAD site page because the repository does not currently expose stronger reference links.
4149,Grävsten herrgård,Sweden,numeric_span_with_contextual_caveat,duration_span_visible,site_page_only,medium_contextual_numeric_mix,context_layer_with_explicit_caveat,https://browser.sead.se/site/4149,110-357 BP,Readers may need to inspect the upstream SEAD site page because the repository does not currently expose stronger reference links.
3715,Gråfjell lokal Jfp.,Norway,numeric_span_with_contextual_caveat,point_like_or_single_year,site_page_only,medium_contextual_numeric_mix,context_layer_with_explicit_caveat,https://browser.sead.se/site/3715,Quaternary (2700000 BP),Readers may need to inspect the upstream SEAD site page because the repository does not currently expose stronger reference links.
3713,Gualöv,Sweden,numeric_span_with_contextual_caveat,duration_span_visible,site_page_only,medium_contextual_numeric_mix,context_layer_with_explicit_caveat,https://browser.sead.se/site/3713,Bronze Age Period III - V (2550-3250 BP),Readers may need to inspect the upstream SEAD site page because the repository does not currently expose stronger reference links.
3712,Gualöv 24,Sweden,numeric_span_with_contextual_caveat,duration_span_visible,site_page_only,medium_contextual_numeric_mix,context_layer_with_explicit_caveat,https://browser.sead.se/site/3712,Middle neolithic S Scandinavia; Mesolithic  - Early Neolithic Scandinavia (4350-12950 BP),Readers may need to inspect the upstream SEAD site page because the repository does not currently expose stronger reference links.
3711,Gudme,Denmark,numeric_span_with_contextual_caveat,duration_span_visible,site_page_only,medium_contextual_numeric_mix,context_layer_with_explicit_caveat,https://browser.sead.se/site/3711,Roman Iron Age (1550-1950 BP),Readers may need to inspect the upstream SEAD site page because the repository does not currently expose stronger reference links.
3710,Gudme great hall,Denmark,numeric_span_with_contextual_caveat,duration_span_visible,site_page_only,medium_contextual_numeric_mix,context_layer_with_explicit_caveat,https://browser.sead.se/site/3710,Roman Iron Age (1550-1950 BP),Readers may need to inspect the upstream SEAD site page because the repository does not currently expose stronger reference links.
4147,Guldrupe kyrka,Sweden,numeric_span_with_contextual_caveat,duration_span_visible,site_page_only,medium_contextual_numeric_mix,context_layer_with_explicit_caveat,https://browser.sead.se/site/4147,158-559 BP,Readers may need to inspect the upstream SEAD site page because the repository does not currently expose stronger reference links.
4145,Gällstaö Gård,Sweden,numeric_span_with_contextual_caveat,duration_span_visible,site_page_only,medium_contextual_numeric_mix,context_layer_with_explicit_caveat,https://browser.sead.se/site/4145,67-95 BP,Readers may need to inspect the upstream SEAD site page because the repository does not currently expose stronger reference links.
4144,Gärdslösa kyrka,Sweden,numeric_span_with_contextual_caveat,duration_span_visible,site_page_only,medium_contextual_numeric_mix,context_layer_with_explicit_caveat,https://browser.sead.se/site/4144,105-722 BP,Readers may need to inspect the upstream SEAD site page because the repository does not currently expose stronger reference links.
5287,Gärdslöv,Sweden,numeric_span_with_contextual_caveat,duration_span_visible,site_page_only,medium_contextual_numeric_mix,context_layer_with_explicit_caveat,https://browser.sead.se/site/5287,Holocene (0-10000 BP),Readers may need to inspect the upstream SEAD site page because the repository does not currently expose stronger reference links.
4146,Gålarmora,Sweden,numeric_span_with_contextual_caveat,duration_span_visible,site_page_only,medium_contextual_numeric_mix,context_layer_with_explicit_caveat,https://browser.sead.se/site/4146,429-457 BP,Readers may need to inspect the upstream SEAD site page because the repository does not currently expose stronger reference links.
3709,Gödåker,Sweden,numeric_span_with_contextual_caveat,duration_span_visible,site_page_only,medium_contextual_numeric_mix,context_layer_with_explicit_caveat,https://browser.sead.se/site/3709,Roman Iron Age (1550-1950 BP),Readers may need to inspect the upstream SEAD site page because the repository does not currently expose stronger reference links.
3708,Gökhem 71,Sweden,numeric_span_with_contextual_caveat,duration_span_visible,site_page_only,medium_contextual_numeric_mix,context_layer_with_explicit_caveat,https://browser.sead.se/site/3708,Middle neolithic S Scandinavia (4350-5250 BP),Readers may need to inspect the upstream SEAD site page because the repository does not currently expose stronger reference links.
3707,Gökhem 78,Sweden,numeric_span_with_contextual_caveat,duration_span_visible,site_page_only,medium_contextual_numeric_mix,context_layer_with_explicit_caveat,https://browser.sead.se/site/3707,Middle neolithic S Scandinavia (4350-5250 BP),Readers may need to inspect the upstream SEAD site page because the repository does not currently expose stronger reference links.
5090,Haapajärvi: Piipsanneva,Finland,numeric_span_with_contextual_caveat,duration_span_visible,site_page_only,medium_contextual_numeric_mix,context_layer_with_explicit_caveat,https://browser.sead.se/site/5090,Holocene (0-10000 BP),Readers may need to inspect the upstream SEAD site page because the repository does not currently expose stronger reference links.
4143,Hagby kyrka,Sweden,numeric_span_with_contextual_caveat,duration_span_visible,site_page_only,medium_contextual_numeric_mix,context_layer_with_explicit_caveat,https://browser.sead.se/site/4143,117-528 BP,Readers may need to inspect the upstream SEAD site page because the repository does not currently expose stronger reference links.
4142,Hagebyhöga kyrka,Sweden,numeric_span_with_contextual_caveat,duration_span_visible,site_page_only,medium_contextual_numeric_mix,context_layer_with_explicit_caveat,https://browser.sead.se/site/4142,505-888 BP,Readers may need to inspect the upstream SEAD site page because the repository does not currently expose stronger reference links.
4141,Hakarps kyrka,Sweden,numeric_span_with_contextual_caveat,duration_span_visible,site_page_only,medium_contextual_numeric_mix,context_layer_with_explicit_caveat,https://browser.sead.se/site/4141,248-819 BP,Readers may need to inspect the upstream SEAD site page because the repository does not currently expose stronger reference links.
4140,Hall kyrka,Sweden,numeric_span_with_contextual_caveat,duration_span_visible,site_page_only,medium_contextual_numeric_mix,context_layer_with_explicit_caveat,https://browser.sead.se/site/4140,67-213 BP,Readers may need to inspect the upstream SEAD site page because the repository does not currently expose stronger reference links.
4139,"Halla kyrka, Nyköping",Sweden,numeric_span_with_contextual_caveat,duration_span_visible,site_page_only,medium_contextual_numeric_mix,context_layer_with_explicit_caveat,https://browser.sead.se/site/4139,429-471 BP,Readers may need to inspect the upstream SEAD site page because the repository does not currently expose stronger reference links.
4137,Halls fiskeläge,Sweden,numeric_span_with_contextual_caveat,duration_span_visible,site_page_only,medium_contextual_numeric_mix,context_layer_with_explicit_caveat,https://browser.sead.se/site/4137,220-243 BP,Readers may need to inspect the upstream SEAD site page because the repository does not currently expose stronger reference links.
4136,Hallstorps kyrka,Sweden,numeric_span_with_contextual_caveat,duration_span_visible,site_page_only,medium_contextual_numeric_mix,context_layer_with_explicit_caveat,https://browser.sead.se/site/4136,741-832 BP,Readers may need to inspect the upstream SEAD site page because the repository does not currently expose stronger reference links.
3706,Hallunda,Sweden,numeric_span_with_contextual_caveat,duration_span_visible,site_page_only,medium_contextual_numeric_mix,context_layer_with_explicit_caveat,https://browser.sead.se/site/3706,Bronze Age Period III - VI (2450-3250 BP),Readers may need to inspect the upstream SEAD site page because the repository does not currently expose stronger reference links.
4431,Halmstad,Sweden,numeric_span_with_contextual_caveat,duration_span_visible,site_page_only,medium_contextual_numeric_mix,context_layer_with_explicit_caveat,https://browser.sead.se/site/4431,Medieval; Post Medieval (0-1550 BP),Readers may need to inspect the upstream SEAD site page because the repository does not currently expose stronger reference links.
4135,Hammarlunda kyrka,Sweden,numeric_span_with_contextual_caveat,duration_span_visible,site_page_only,medium_contextual_numeric_mix,context_layer_with_explicit_caveat,https://browser.sead.se/site/4135,467-915 BP,Readers may need to inspect the upstream SEAD site page because the repository does not currently expose stronger reference links.
3705,Hamnparken,Sweden,numeric_span_with_contextual_caveat,duration_span_visible,site_page_only,medium_contextual_numeric_mix,context_layer_with_explicit_caveat,https://browser.sead.se/site/3705,CAL_PERIOD_400-300_BP (250-350 BP),Readers may need to inspect the upstream SEAD site page because the repository does not currently expose stronger reference links.
3704,Hamre,Sweden,numeric_span_with_contextual_caveat,duration_span_visible,site_page_only,medium_contextual_numeric_mix,context_layer_with_explicit_caveat,https://browser.sead.se/site/3704,Migration period Scandinavia; Roman Iron Age (1400-1950 BP),Readers may need to inspect the upstream SEAD site page because the repository does not currently expose stronger reference links.
4432,Hanö,Sweden,numeric_span_with_contextual_caveat,duration_span_visible,site_page_only,medium_contextual_numeric_mix,context_layer_with_explicit_caveat,https://browser.sead.se/site/4432,Early Holocene (7000-11190 BP),Readers may need to inspect the upstream SEAD site page because the repository does not currently expose stronger reference links.
4867,Hareskoven,Denmark,numeric_span_with_contextual_caveat,duration_span_visible,site_page_only,medium_contextual_numeric_mix,context_layer_with_explicit_caveat,https://browser.sead.se/site/4867,Late Holocene; Godwin Pollen Zone VIII (0-5000 BP),Readers may need to inspect the upstream SEAD site page because the repository does not currently expose stronger reference links.
4433,Harnosand,Sweden,numeric_span_with_contextual_caveat,duration_span_visible,site_page_only,medium_contextual_numeric_mix,context_layer_with_explicit_caveat,https://browser.sead.se/site/4433,Early Weichselian (40000-122000 BP),Readers may need to inspect the upstream SEAD site page because the repository does not currently expose stronger reference links.
3702,Harplinge 151,Sweden,numeric_span_with_contextual_caveat,duration_span_visible,site_page_only,medium_contextual_numeric_mix,context_layer_with_explicit_caveat,https://browser.sead.se/site/3702,Roman Iron Age - Migration Period; Quaternary (1400-2700000 BP),Readers may need to inspect the upstream SEAD site page because the repository does not currently expose stronger reference links.
5292,Hassle Bösarp,Sweden,numeric_span_with_contextual_caveat,duration_span_visible,site_page_only,medium_contextual_numeric_mix,context_layer_with_explicit_caveat,https://browser.sead.se/site/5292,Holocene (0-10000 BP),Readers may need to inspect the upstream SEAD site page because the repository does not currently expose stronger reference links.
3700,Hasslösa,Sweden,numeric_span_with_contextual_caveat,duration_span_visible,site_page_only,medium_contextual_numeric_mix,context_layer_with_explicit_caveat,https://browser.sead.se/site/3700,Roman Iron Age (1550-1950 BP),Readers may need to inspect the upstream SEAD site page because the repository does not currently expose stronger reference links.
3699,Havor Cemetery,Sweden,numeric_span_with_contextual_caveat,duration_span_visible,site_page_only,medium_contextual_numeric_mix,context_layer_with_explicit_caveat,https://browser.sead.se/site/3699,Roman Iron Age - Migration Period; Viking (850-1950 BP),Readers may need to inspect the upstream SEAD site page because the repository does not currently expose stronger reference links.
4131,Hedeskoga kyrka,Sweden,numeric_span_with_contextual_caveat,duration_span_visible,site_page_only,medium_contextual_numeric_mix,context_layer_with_explicit_caveat,https://browser.sead.se/site/4131,458-838 BP,Readers may need to inspect the upstream SEAD site page because the repository does not currently expose stronger reference links.
4130,Hejde kyrka,Sweden,numeric_span_with_contextual_caveat,duration_span_visible,site_page_only,medium_contextual_numeric_mix,context_layer_with_explicit_caveat,https://browser.sead.se/site/4130,0-318 BP,Readers may need to inspect the upstream SEAD site page because the repository does not currently expose stronger reference links.
3696,Helgeandsholmen,Sweden,numeric_span_with_contextual_caveat,duration_span_visible,site_page_only,medium_contextual_numeric_mix,context_layer_with_explicit_caveat,https://browser.sead.se/site/3696,Medieval Scandinavia (450-900 BP),Readers may need to inspect the upstream SEAD site page because the repository does not currently expose stronger reference links.
3695,Helgö,Sweden,numeric_span_with_contextual_caveat,duration_span_visible,site_page_only,medium_contextual_numeric_mix,context_layer_with_explicit_caveat,https://browser.sead.se/site/3695,Migration period Scandinavia; Vendel period Scandinavia (1150-1550 BP),Readers may need to inspect the upstream SEAD site page because the repository does not currently expose stronger reference links.
3694,Hellerö,Sweden,numeric_span_with_contextual_caveat,duration_span_visible,site_page_only,medium_contextual_numeric_mix,context_layer_with_explicit_caveat,https://browser.sead.se/site/3694,Quaternary; Bronze Age Period II - VI (2450-2700000 BP),Readers may need to inspect the upstream SEAD site page because the repository does not currently expose stronger reference links.
3693,Hellum,Denmark,numeric_span_with_contextual_caveat,duration_span_visible,site_page_only,medium_contextual_numeric_mix,context_layer_with_explicit_caveat,https://browser.sead.se/site/3693,Medieval Scandinavia (450-900 BP),Readers may need to inspect the upstream SEAD site page because the repository does not currently expose stronger reference links.
3692,Helsinge,Denmark,numeric_span_with_contextual_caveat,duration_span_visible,site_page_only,medium_contextual_numeric_mix,context_layer_with_explicit_caveat,https://browser.sead.se/site/3692,Middle Neolithic - Late Neolithic (3750-5250 BP),Readers may need to inspect the upstream SEAD site page because the repository does not currently expose stronger reference links.
4127,Hemse kyrka,Sweden,numeric_span_with_contextual_caveat,duration_span_visible,site_page_only,medium_contextual_numeric_mix,context_layer_with_explicit_caveat,https://browser.sead.se/site/4127,802-930 BP,Readers may need to inspect the upstream SEAD site page because the repository does not currently expose stronger reference links.
5083,Herning,Denmark,numeric_span_with_contextual_caveat,duration_span_visible,site_page_only,medium_contextual_numeric_mix,context_layer_with_explicit_caveat,https://browser.sead.se/site/5083,Ipswichian (122000-132000 BP),Readers may need to inspect the upstream SEAD site page because the repository does not currently expose stronger reference links.
4126,Herrestad kyrka,Sweden,numeric_span_with_contextual_caveat,duration_span_visible,site_page_only,medium_contextual_numeric_mix,context_layer_with_explicit_caveat,https://browser.sead.se/site/4126,834-1004 BP,Readers may need to inspect the upstream SEAD site page because the repository does not currently expose stronger reference links.
3921,Hessensteinska huset,Sweden,numeric_span_with_contextual_caveat,duration_span_visible,site_page_only,medium_contextual_numeric_mix,context_layer_with_explicit_caveat,https://browser.sead.se/site/3921,208-342 BP,Readers may need to inspect the upstream SEAD site page because the repository does not currently expose stronger reference links.
3691,Himlingöje,Denmark,numeric_span_with_contextual_caveat,duration_span_visible,site_page_only,medium_contextual_numeric_mix,context_layer_with_explicit_caveat,https://browser.sead.se/site/3691,Roman Iron Age (1550-1950 BP),Readers may need to inspect the upstream SEAD site page because the repository does not currently expose stronger reference links.
4857,Hirvijärvi,Sweden,numeric_span_with_contextual_caveat,duration_span_visible,site_page_only,medium_contextual_numeric_mix,context_layer_with_explicit_caveat,https://browser.sead.se/site/4857,Early Weichselian (45000-122000 BP),Readers may need to inspect the upstream SEAD site page because the repository does not currently expose stronger reference links.
5082,Hirvineva (Oulais),Finland,numeric_span_with_contextual_caveat,duration_span_visible,site_page_only,medium_contextual_numeric_mix,context_layer_with_explicit_caveat,https://browser.sead.se/site/5082,Holocene (0-10000 BP),Readers may need to inspect the upstream SEAD site page because the repository does not currently expose stronger reference links.
3690,Hjulberga 1,Sweden,numeric_span_with_contextual_caveat,duration_span_visible,site_page_only,medium_contextual_numeric_mix,context_layer_with_explicit_caveat,https://browser.sead.se/site/3690,Early neolithic S Scandinavia (5250-5950 BP),Readers may need to inspect the upstream SEAD site page because the repository does not currently expose stronger reference links.
3689,Hjulberga 2,Sweden,numeric_span_with_contextual_caveat,duration_span_visible,site_page_only,medium_contextual_numeric_mix,context_layer_with_explicit_caveat,https://browser.sead.se/site/3689,Early neolithic S Scandinavia (5250-5950 BP),Readers may need to inspect the upstream SEAD site page because the repository does not currently expose stronger reference links.
4123,Horns kyrka,Sweden,numeric_span_with_contextual_caveat,duration_span_visible,site_page_only,medium_contextual_numeric_mix,context_layer_with_explicit_caveat,https://browser.sead.se/site/4123,321-616 BP,Readers may need to inspect the upstream SEAD site page because the repository does not currently expose stronger reference links.
4122,Hossmo kyrka,Sweden,numeric_span_with_contextual_caveat,duration_span_visible,site_page_only,medium_contextual_numeric_mix,context_layer_with_explicit_caveat,https://browser.sead.se/site/4122,665-866 BP,Readers may need to inspect the upstream SEAD site page because the repository does not currently expose stronger reference links.
4121,Hovdala slott,Sweden,numeric_span_with_contextual_caveat,duration_span_visible,site_page_only,medium_contextual_numeric_mix,context_layer_with_explicit_caveat,https://browser.sead.se/site/4121,111-358 BP,Readers may need to inspect the upstream SEAD site page because the repository does not currently expose stronger reference links.
4120,Hovs kyrka,Sweden,numeric_span_with_contextual_caveat,duration_span_visible,site_page_only,medium_contextual_numeric_mix,context_layer_with_explicit_caveat,https://browser.sead.se/site/4120,453-500 BP,Readers may need to inspect the upstream SEAD site page because the repository does not currently expose stronger reference links.
3687,Hubbo,Sweden,numeric_span_with_contextual_caveat,duration_span_visible,site_page_only,medium_contextual_numeric_mix,context_layer_with_explicit_caveat,https://browser.sead.se/site/3687,Middle neolithic S Scandinavia; Middle Neolithic - Late Neolithic (3750-5250 BP),Readers may need to inspect the upstream SEAD site page because the repository does not currently expose stronger reference links.
4119,Hulterstads kyrka,Sweden,numeric_span_with_contextual_caveat,duration_span_visible,site_page_only,medium_contextual_numeric_mix,context_layer_with_explicit_caveat,https://browser.sead.se/site/4119,778-948 BP,Readers may need to inspect the upstream SEAD site page because the repository does not currently expose stronger reference links.
3907,Hults kulla,Sweden,numeric_span_with_contextual_caveat,duration_span_visible,site_page_only,medium_contextual_numeric_mix,context_layer_with_explicit_caveat,https://browser.sead.se/site/3907,98-107 BP,Readers may need to inspect the upstream SEAD site page because the repository does not currently expose stronger reference links.
3685,Hune hall/Arlösa,Sweden,numeric_span_with_contextual_caveat,duration_span_visible,site_page_only,medium_contextual_numeric_mix,context_layer_with_explicit_caveat,https://browser.sead.se/site/3685,Roman Iron Age (1550-1950 BP),Readers may need to inspect the upstream SEAD site page because the repository does not currently expose stronger reference links.
3684,Hunneberget,Sweden,numeric_span_with_contextual_caveat,duration_span_visible,site_page_only,medium_contextual_numeric_mix,context_layer_with_explicit_caveat,https://browser.sead.se/site/3684,Early Neolithic - Middle Neolithic S Scandinavia; Middle neolithic S Scandinavia (4350-5950 BP),Readers may need to inspect the upstream SEAD site page because the repository does not currently expose stronger reference links.
3906,Hunnebergsgatan,Sweden,numeric_span_with_contextual_caveat,duration_span_visible,site_page_only,medium_contextual_numeric_mix,context_layer_with_explicit_caveat,https://browser.sead.se/site/3906,146-343 BP,Readers may need to inspect the upstream SEAD site page because the repository does not currently expose stronger reference links.
4117,Hunnebergsgatan 30A,Sweden,numeric_span_with_contextual_caveat,duration_span_visible,site_page_only,medium_contextual_numeric_mix,context_layer_with_explicit_caveat,https://browser.sead.se/site/4117,86-228 BP,Readers may need to inspect the upstream SEAD site page because the repository does not currently expose stronger reference links.
3683,Husby,Sweden,numeric_span_with_contextual_caveat,duration_span_visible,site_page_only,medium_contextual_numeric_mix,context_layer_with_explicit_caveat,https://browser.sead.se/site/3683,Vendel period Scandinavia (1150-1400 BP),Readers may need to inspect the upstream SEAD site page because the repository does not currently expose stronger reference links.
3682,"Husby, Ingjaldshögen",Sweden,numeric_span_with_contextual_caveat,duration_span_visible,site_page_only,medium_contextual_numeric_mix,context_layer_with_explicit_caveat,https://browser.sead.se/site/3682,Viking (850-1150 BP),Readers may need to inspect the upstream SEAD site page because the repository does not currently expose stronger reference links.
3681,Hyggby,Sweden,numeric_span_with_contextual_caveat,duration_span_visible,site_page_only,medium_contextual_numeric_mix,context_layer_with_explicit_caveat,https://browser.sead.se/site/3681,Viking (850-1150 BP),Readers may need to inspect the upstream SEAD site page because the repository does not currently expose stronger reference links.
3680,Hyllie 106,Sweden,numeric_span_with_contextual_caveat,duration_span_visible,site_page_only,medium_contextual_numeric_mix,context_layer_with_explicit_caveat,https://browser.sead.se/site/3680,Middle neolithic S Scandinavia (4350-5250 BP),Readers may need to inspect the upstream SEAD site page because the repository does not currently expose stronger reference links.
3679,Hyllie 149,Sweden,numeric_span_with_contextual_caveat,duration_span_visible,site_page_only,medium_contextual_numeric_mix,context_layer_with_explicit_caveat,https://browser.sead.se/site/3679,Middle neolithic S Scandinavia (4350-5250 BP),Readers may need to inspect the upstream SEAD site page because the repository does not currently expose stronger reference links.
5291,Hylteberga,Sweden,numeric_span_with_contextual_caveat,duration_span_visible,site_page_only,medium_contextual_numeric_mix,context_layer_with_explicit_caveat,https://browser.sead.se/site/5291,Holocene (0-10000 BP),Readers may need to inspect the upstream SEAD site page because the repository does not currently expose stronger reference links.
4116,Häglinge,Sweden,numeric_span_with_contextual_caveat,duration_span_visible,site_page_only,medium_contextual_numeric_mix,context_layer_with_explicit_caveat,https://browser.sead.se/site/4116,228-242 BP,Readers may need to inspect the upstream SEAD site page because the repository does not currently expose stronger reference links.
4115,Häglinge kyrka,Sweden,numeric_span_with_contextual_caveat,duration_span_visible,site_page_only,medium_contextual_numeric_mix,context_layer_with_explicit_caveat,https://browser.sead.se/site/4115,620-697 BP,Readers may need to inspect the upstream SEAD site page because the repository does not currently expose stronger reference links.
3677,Hällby,Sweden,numeric_span_with_contextual_caveat,duration_span_visible,site_page_only,medium_contextual_numeric_mix,context_layer_with_explicit_caveat,https://browser.sead.se/site/3677,Quaternary; Bronze Age Period VI - Pre Roman Iron Age (1950-2700000 BP),Readers may need to inspect the upstream SEAD site page because the repository does not currently expose stronger reference links.
4114,Härads kyrka,Sweden,numeric_span_with_contextual_caveat,duration_span_visible,site_page_only,medium_contextual_numeric_mix,context_layer_with_explicit_caveat,https://browser.sead.se/site/4114,429-829 BP,Readers may need to inspect the upstream SEAD site page because the repository does not currently expose stronger reference links.
4113,Härlövs kyrka,Sweden,numeric_span_with_contextual_caveat,duration_span_visible,site_page_only,medium_contextual_numeric_mix,context_layer_with_explicit_caveat,https://browser.sead.se/site/4113,274-516 BP,Readers may need to inspect the upstream SEAD site page because the repository does not currently expose stronger reference links.
4112,Härnevi kyrka,Sweden,numeric_span_with_contextual_caveat,duration_span_visible,site_page_only,medium_contextual_numeric_mix,context_layer_with_explicit_caveat,https://browser.sead.se/site/4112,237-619 BP,Readers may need to inspect the upstream SEAD site page because the repository does not currently expose stronger reference links.
5484,Hässeldala Port,Sweden,numeric_span_with_contextual_caveat,duration_span_visible,site_page_only,medium_contextual_numeric_mix,context_layer_with_explicit_caveat,https://browser.sead.se/site/5484,Lateglacial (10000-13500 BP),Readers may need to inspect the upstream SEAD site page because the repository does not currently expose stronger reference links.
3676,Hästholmen,Sweden,numeric_span_with_contextual_caveat,duration_span_visible,site_page_only,medium_contextual_numeric_mix,context_layer_with_explicit_caveat,https://browser.sead.se/site/3676,Early Neolithic - Middle Neolithic S Scandinavia (4350-5950 BP),Readers may need to inspect the upstream SEAD site page because the repository does not currently expose stronger reference links.
3678,Håga,Sweden,numeric_span_with_contextual_caveat,duration_span_visible,site_page_only,medium_contextual_numeric_mix,context_layer_with_explicit_caveat,https://browser.sead.se/site/3678,Bronze Age Period IV - VI (2450-3050 BP),Readers may need to inspect the upstream SEAD site page because the repository does not currently expose stronger reference links.
4430,"Håkulls Mosse, Kullaberg",Sweden,numeric_span_with_contextual_caveat,duration_span_visible,site_page_only,medium_contextual_numeric_mix,context_layer_with_explicit_caveat,https://browser.sead.se/site/4430,Lateglacial (10000-13500 BP),Readers may need to inspect the upstream SEAD site page because the repository does not currently expose stronger reference links.
3675,Högom,Sweden,numeric_span_with_contextual_caveat,duration_span_visible,site_page_only,medium_contextual_numeric_mix,context_layer_with_explicit_caveat,https://browser.sead.se/site/3675,Viking; Migration period Scandinavia (850-1550 BP),Readers may need to inspect the upstream SEAD site page because the repository does not currently expose stronger reference links.
4110,Hönstorp,Sweden,numeric_span_with_contextual_caveat,duration_span_visible,site_page_only,medium_contextual_numeric_mix,context_layer_with_explicit_caveat,https://browser.sead.se/site/4110,181-284 BP,Readers may need to inspect the upstream SEAD site page because the repository does not currently expose stronger reference links.
4108,Hörsne kyrka,Sweden,numeric_span_with_contextual_caveat,duration_span_visible,site_page_only,medium_contextual_numeric_mix,context_layer_with_explicit_caveat,https://browser.sead.se/site/4108,155-729 BP,Readers may need to inspect the upstream SEAD site page because the repository does not currently expose stronger reference links.
3674,Hötofta,Sweden,numeric_span_with_contextual_caveat,duration_span_visible,site_page_only,medium_contextual_numeric_mix,context_layer_with_explicit_caveat,https://browser.sead.se/site/3674,Early Iron Age (1550-2450 BP),Readers may need to inspect the upstream SEAD site page because the repository does not currently expose stronger reference links.
5564,Ii Hamina,Finland,numeric_span_with_contextual_caveat,duration_span_visible,site_page_only,medium_contextual_numeric_mix,context_layer_with_explicit_caveat,https://browser.sead.se/site/5564,Medieval (400-1550 BP),Readers may need to inspect the upstream SEAD site page because the repository does not currently expose stronger reference links.
4889,Ilmola,Finland,numeric_span_with_contextual_caveat,duration_span_visible,site_page_only,medium_contextual_numeric_mix,context_layer_with_explicit_caveat,https://browser.sead.se/site/4889,Holocene (0-10000 BP),Readers may need to inspect the upstream SEAD site page because the repository does not currently expose stronger reference links.
3901,Ilnestorp,Sweden,numeric_span_with_contextual_caveat,duration_span_visible,site_page_only,medium_contextual_numeric_mix,context_layer_with_explicit_caveat,https://browser.sead.se/site/3901,53-151 BP,Readers may need to inspect the upstream SEAD site page because the repository does not currently expose stronger reference links.
3900,Ingatorp,Sweden,numeric_span_with_contextual_caveat,duration_span_visible,site_page_only,medium_contextual_numeric_mix,context_layer_with_explicit_caveat,https://browser.sead.se/site/3900,174-877 BP,Readers may need to inspect the upstream SEAD site page because the repository does not currently expose stronger reference links.
3673,Ingelstorp 14,Sweden,numeric_span_with_contextual_caveat,duration_span_visible,site_page_only,medium_contextual_numeric_mix,context_layer_with_explicit_caveat,https://browser.sead.se/site/3673,Bronze Age Period II - VI (2450-3450 BP),Readers may need to inspect the upstream SEAD site page because the repository does not currently expose stronger reference links.
3672,Ingelstorp 8,Sweden,numeric_span_with_contextual_caveat,duration_span_visible,site_page_only,medium_contextual_numeric_mix,context_layer_with_explicit_caveat,https://browser.sead.se/site/3672,Roman Iron Age; Middle neolithic S Scandinavia (1550-5250 BP),Readers may need to inspect the upstream SEAD site page because the repository does not currently expose stronger reference links.
3671,Ingelstorp: Cemetery 2,Sweden,numeric_span_with_contextual_caveat,duration_span_visible,site_page_only,medium_contextual_numeric_mix,context_layer_with_explicit_caveat,https://browser.sead.se/site/3671,Bronze Age Period II - VI (2450-3450 BP),Readers may need to inspect the upstream SEAD site page because the repository does not currently expose stronger reference links.
3670,Ingelstorp: Cemetery 4,Sweden,numeric_span_with_contextual_caveat,duration_span_visible,site_page_only,medium_contextual_numeric_mix,context_layer_with_explicit_caveat,https://browser.sead.se/site/3670,Bronze Age Period II - VI (2450-3450 BP),Readers may need to inspect the upstream SEAD site page because the repository does not currently expose stronger reference links.
3669,Ingelstorp: Granhill,Sweden,numeric_span_with_contextual_caveat,duration_span_visible,site_page_only,medium_contextual_numeric_mix,context_layer_with_explicit_caveat,https://browser.sead.se/site/3669,Bronze Age Period II - VI (2450-3450 BP),Readers may need to inspect the upstream SEAD site page because the repository does not currently expose stronger reference links.
3668,Ire,Sweden,numeric_span_with_contextual_caveat,duration_span_visible,site_page_only,medium_contextual_numeric_mix,context_layer_with_explicit_caveat,https://browser.sead.se/site/3668,Middle neolithic S Scandinavia (4350-5250 BP),Readers may need to inspect the upstream SEAD site page because the repository does not currently expose stronger reference links.
3667,Ivetofta,Sweden,numeric_span_with_contextual_caveat,duration_span_visible,site_page_only,medium_contextual_numeric_mix,context_layer_with_explicit_caveat,https://browser.sead.se/site/3667,Mesolithic  - Early Neolithic Scandinavia (5250-12950 BP),Readers may need to inspect the upstream SEAD site page because the repository does not currently expose stronger reference links.
4467,Juomajärvi,Sweden,numeric_span_with_contextual_caveat,duration_span_visible,site_page_only,medium_contextual_numeric_mix,context_layer_with_explicit_caveat,https://browser.sead.se/site/4467,Early Weichselian (45000-122000 BP),Readers may need to inspect the upstream SEAD site page because the repository does not currently expose stronger reference links.
4852,Juomajärvi 1,Sweden,numeric_span_with_contextual_caveat,duration_span_visible,site_page_only,medium_contextual_numeric_mix,context_layer_with_explicit_caveat,https://browser.sead.se/site/4852,Early Weichselian (45000-122000 BP),Readers may need to inspect the upstream SEAD site page because the repository does not currently expose stronger reference links.
3899,Juteboda,Sweden,numeric_span_with_contextual_caveat,duration_span_visible,site_page_only,medium_contextual_numeric_mix,context_layer_with_explicit_caveat,https://browser.sead.se/site/3899,123-385 BP,Readers may need to inspect the upstream SEAD site page because the repository does not currently expose stronger reference links.
3665,Juurikorpi,Finland,numeric_span_with_contextual_caveat,duration_span_visible,site_page_only,medium_contextual_numeric_mix,context_layer_with_explicit_caveat,https://browser.sead.se/site/3665,Middle neolithic S Scandinavia (4350-5250 BP),Readers may need to inspect the upstream SEAD site page because the repository does not currently expose stronger reference links.
5299,Jyderup,Denmark,numeric_span_with_contextual_caveat,duration_span_visible,site_page_only,medium_contextual_numeric_mix,context_layer_with_explicit_caveat,https://browser.sead.se/site/5299,Holocene (0-10000 BP),Readers may need to inspect the upstream SEAD site page because the repository does not currently expose stronger reference links.
3664,Jäder,Sweden,numeric_span_with_contextual_caveat,duration_span_visible,site_page_only,medium_contextual_numeric_mix,context_layer_with_explicit_caveat,https://browser.sead.se/site/3664,Bronze Age Period VI - Pre Roman Iron Age (1950-2550 BP),Readers may need to inspect the upstream SEAD site page because the repository does not currently expose stronger reference links.
4466,Järavallen 2 (Skateholm),Sweden,numeric_span_with_contextual_caveat,duration_span_visible,site_page_only,medium_contextual_numeric_mix,context_layer_with_explicit_caveat,https://browser.sead.se/site/4466,Godwin Pollen Zone VIIa; Godwin Pollen Zone VIIa/b; Godwin Pollen Zone VIIb (2500-7000 BP),Readers may need to inspect the upstream SEAD site page because the repository does not currently expose stronger reference links.
3663,Järrestad,Sweden,numeric_span_with_contextual_caveat,point_like_or_single_year,site_page_only,medium_contextual_numeric_mix,context_layer_with_explicit_caveat,https://browser.sead.se/site/3663,Quaternary (2700000 BP),Readers may need to inspect the upstream SEAD site page because the repository does not currently expose stronger reference links.
3662,Järrestad SU1,Sweden,numeric_span_with_contextual_caveat,duration_span_visible,site_page_only,medium_contextual_numeric_mix,context_layer_with_explicit_caveat,https://browser.sead.se/site/3662,Middle neolithic S Scandinavia; Early neolithic S Scandinavia (4350-5950 BP),Readers may need to inspect the upstream SEAD site page because the repository does not currently expose stronger reference links.
3661,Järrestad SU2,Sweden,numeric_span_with_contextual_caveat,duration_span_visible,site_page_only,medium_contextual_numeric_mix,context_layer_with_explicit_caveat,https://browser.sead.se/site/3661,Early neolithic S Scandinavia; Early Neolithic - Middle Neolithic S Scandinavia (4350-5950 BP),Readers may need to inspect the upstream SEAD site page because the repository does not currently expose stronger reference links.
4106,Jönköpings regemente,Sweden,numeric_span_with_contextual_caveat,duration_span_visible,site_page_only,medium_contextual_numeric_mix,context_layer_with_explicit_caveat,https://browser.sead.se/site/4106,45-122 BP,Readers may need to inspect the upstream SEAD site page because the repository does not currently expose stronger reference links.
4105,Kaga kyrka,Sweden,numeric_span_with_contextual_caveat,duration_span_visible,site_page_only,medium_contextual_numeric_mix,context_layer_with_explicit_caveat,https://browser.sead.se/site/4105,444-858 BP,Readers may need to inspect the upstream SEAD site page because the repository does not currently expose stronger reference links.
4850,Kainulasjärvi,Sweden,numeric_span_with_contextual_caveat,duration_span_visible,site_page_only,medium_contextual_numeric_mix,context_layer_with_explicit_caveat,https://browser.sead.se/site/4850,Early Weichselian (45000-122000 BP),Readers may need to inspect the upstream SEAD site page because the repository does not currently expose stronger reference links.
5288,Kallsjö,Sweden,numeric_span_with_contextual_caveat,duration_span_visible,site_page_only,medium_contextual_numeric_mix,context_layer_with_explicit_caveat,https://browser.sead.se/site/5288,Holocene (0-10000 BP),Readers may need to inspect the upstream SEAD site page because the repository does not currently expose stronger reference links.
3660,Kalmar slottsfjärd,Sweden,numeric_span_with_contextual_caveat,duration_span_visible,site_page_only,medium_contextual_numeric_mix,context_layer_with_explicit_caveat,https://browser.sead.se/site/3660,Viking Age - Medieval Period Scandinavia (450-1150 BP),Readers may need to inspect the upstream SEAD site page because the repository does not currently expose stronger reference links.
5614,Kalverev,Denmark,numeric_span_with_contextual_caveat,duration_span_visible,site_page_only,medium_contextual_numeric_mix,context_layer_with_explicit_caveat,https://browser.sead.se/site/5614,Medieval; CAL_1250-1255_AD (400-1550 BP),Readers may need to inspect the upstream SEAD site page because the repository does not currently expose stronger reference links.
5313,Kandestederne,Denmark,numeric_span_with_contextual_caveat,duration_span_visible,site_page_only,medium_contextual_numeric_mix,context_layer_with_explicit_caveat,https://browser.sead.se/site/5313,Holocene (0-10000 BP),Readers may need to inspect the upstream SEAD site page because the repository does not currently expose stronger reference links.
4104,Kapitelhuset,Sweden,numeric_span_with_contextual_caveat,point_like_or_single_year,site_page_only,medium_contextual_numeric_mix,context_layer_with_explicit_caveat,https://browser.sead.se/site/4104,259 BP,Readers may need to inspect the upstream SEAD site page because the repository does not currently expose stronger reference links.
3656,Karleby 57,Sweden,numeric_span_with_contextual_caveat,duration_span_visible,site_page_only,medium_contextual_numeric_mix,context_layer_with_explicit_caveat,https://browser.sead.se/site/3656,Middle neolithic S Scandinavia (4350-5250 BP),Readers may need to inspect the upstream SEAD site page because the repository does not currently expose stronger reference links.
3655,Karlsfält,Sweden,numeric_span_with_contextual_caveat,duration_span_visible,site_page_only,medium_contextual_numeric_mix,context_layer_with_explicit_caveat,https://browser.sead.se/site/3655,Quaternary; Middle neolithic S Scandinavia; Early neolithic S Scandinavia (4350-2700000 BP),Readers may need to inspect the upstream SEAD site page because the repository does not currently expose stronger reference links.
3654,Karlskrona,Sweden,numeric_span_with_contextual_caveat,duration_span_visible,site_page_only,medium_contextual_numeric_mix,context_layer_with_explicit_caveat,https://browser.sead.se/site/3654,CAL_PERIOD_300-200_BP (150-250 BP),Readers may need to inspect the upstream SEAD site page because the repository does not currently expose stronger reference links.
3653,Kasin/Ørvik,Norway,numeric_span_with_contextual_caveat,duration_span_visible,site_page_only,medium_contextual_numeric_mix,context_layer_with_explicit_caveat,https://browser.sead.se/site/3653,Middle neolithic S Scandinavia (4350-5250 BP),Readers may need to inspect the upstream SEAD site page because the repository does not currently expose stronger reference links.
3651,Katarina,Sweden,numeric_span_with_contextual_caveat,duration_span_visible,site_page_only,medium_contextual_numeric_mix,context_layer_with_explicit_caveat,https://browser.sead.se/site/3651,Medieval Scandinavia (450-900 BP),Readers may need to inspect the upstream SEAD site page because the repository does not currently expose stronger reference links.
4103,Katthamra,Sweden,numeric_span_with_contextual_caveat,duration_span_visible,site_page_only,medium_contextual_numeric_mix,context_layer_with_explicit_caveat,https://browser.sead.se/site/4103,121-183 BP,Readers may need to inspect the upstream SEAD site page because the repository does not currently expose stronger reference links.
4922,Kaupang,Norway,numeric_span_with_contextual_caveat,duration_span_visible,site_page_only,medium_contextual_numeric_mix,context_layer_with_explicit_caveat,https://browser.sead.se/site/4922,Viking; CAL_-950_AD; CAL_800_AD (1000-1150 BP),Readers may need to inspect the upstream SEAD site page because the repository does not currently expose stronger reference links.
5093,Kaustinen,Finland,numeric_span_with_contextual_caveat,duration_span_visible,site_page_only,medium_contextual_numeric_mix,context_layer_with_explicit_caveat,https://browser.sead.se/site/5093,Holocene (0-10000 BP),Readers may need to inspect the upstream SEAD site page because the repository does not currently expose stronger reference links.
3650,Kerola,Finland,numeric_span_with_contextual_caveat,duration_span_visible,site_page_only,medium_contextual_numeric_mix,context_layer_with_explicit_caveat,https://browser.sead.se/site/3650,Middle neolithic S Scandinavia (4350-5250 BP),Readers may need to inspect the upstream SEAD site page because the repository does not currently expose stronger reference links.
3648,Killebäckstorp,Sweden,numeric_span_with_contextual_caveat,duration_span_visible,site_page_only,medium_contextual_numeric_mix,context_layer_with_explicit_caveat,https://browser.sead.se/site/3648,Bronze Age Period IV - VI (2450-3050 BP),Readers may need to inspect the upstream SEAD site page because the repository does not currently expose stronger reference links.
4101,Kista hembygdsgård,Sweden,numeric_span_with_contextual_caveat,duration_span_visible,site_page_only,medium_contextual_numeric_mix,context_layer_with_explicit_caveat,https://browser.sead.se/site/4101,151-162 BP,Readers may need to inspect the upstream SEAD site page because the repository does not currently expose stronger reference links.
5095,Kiukais: Panelia,Finland,numeric_span_with_contextual_caveat,duration_span_visible,site_page_only,medium_contextual_numeric_mix,context_layer_with_explicit_caveat,https://browser.sead.se/site/5095,Late Holocene (0-5000 BP),Readers may need to inspect the upstream SEAD site page because the repository does not currently expose stronger reference links.
3646,Kivisillanmäki,Finland,numeric_span_with_contextual_caveat,duration_span_visible,site_page_only,medium_contextual_numeric_mix,context_layer_with_explicit_caveat,https://browser.sead.se/site/3646,Middle neolithic S Scandinavia (4350-5250 BP),Readers may need to inspect the upstream SEAD site page because the repository does not currently expose stronger reference links.
3645,Kjulaås,Sweden,numeric_span_with_contextual_caveat,duration_span_visible,site_page_only,medium_contextual_numeric_mix,context_layer_with_explicit_caveat,https://browser.sead.se/site/3645,Viking (850-1150 BP),Readers may need to inspect the upstream SEAD site page because the repository does not currently expose stronger reference links.
5479,Klintholm,Denmark,numeric_span_with_contextual_caveat,duration_span_visible,site_page_only,medium_contextual_numeric_mix,context_layer_with_explicit_caveat,https://browser.sead.se/site/5479,Oxygen Isotope Stage 3 (33000-44076 BP),Readers may need to inspect the upstream SEAD site page because the repository does not currently expose stronger reference links.
3644,Klörup-Aggarp,Sweden,numeric_span_with_contextual_caveat,duration_span_visible,site_page_only,medium_contextual_numeric_mix,context_layer_with_explicit_caveat,https://browser.sead.se/site/3644,Roman Iron Age (1550-1950 BP),Readers may need to inspect the upstream SEAD site page because the repository does not currently expose stronger reference links.
5298,Knabstrup Brickworks,Denmark,numeric_span_with_contextual_caveat,duration_span_visible,site_page_only,medium_contextual_numeric_mix,context_layer_with_explicit_caveat,https://browser.sead.se/site/5298,Lateglacial (10000-13500 BP),Readers may need to inspect the upstream SEAD site page because the repository does not currently expose stronger reference links.
4099,Knappsmåla,Sweden,numeric_span_with_contextual_caveat,point_like_or_single_year,site_page_only,medium_contextual_numeric_mix,context_layer_with_explicit_caveat,https://browser.sead.se/site/4099,168 BP,Readers may need to inspect the upstream SEAD site page because the repository does not currently expose stronger reference links.
4479,Kobbelgård,Denmark,numeric_span_with_contextual_caveat,duration_span_visible,site_page_only,medium_contextual_numeric_mix,context_layer_with_explicit_caveat,https://browser.sead.se/site/4479,Weichselian (10000-122000 BP),Readers may need to inspect the upstream SEAD site page because the repository does not currently expose stronger reference links.
4916,Koivula et al,Finland,numeric_span_with_contextual_caveat,point_like_or_single_year,site_page_only,medium_contextual_numeric_mix,context_layer_with_explicit_caveat,https://browser.sead.se/site/4916,CAL_2001_AD (-51 BP),Readers may need to inspect the upstream SEAD site page because the repository does not currently expose stronger reference links.
3643,Kragelund,Denmark,numeric_span_with_contextual_caveat,duration_span_visible,site_page_only,medium_contextual_numeric_mix,context_layer_with_explicit_caveat,https://browser.sead.se/site/3643,Medieval Scandinavia (450-900 BP),Readers may need to inspect the upstream SEAD site page because the repository does not currently expose stronger reference links.
4098,Krapperups borg,Sweden,numeric_span_with_contextual_caveat,duration_span_visible,site_page_only,medium_contextual_numeric_mix,context_layer_with_explicit_caveat,https://browser.sead.se/site/4098,119-565 BP,Readers may need to inspect the upstream SEAD site page because the repository does not currently expose stronger reference links.
3642,Kriminalvårdsanstalten,Sweden,numeric_span_with_contextual_caveat,duration_span_visible,site_page_only,medium_contextual_numeric_mix,context_layer_with_explicit_caveat,https://browser.sead.se/site/3642,Viking (850-1150 BP),Readers may need to inspect the upstream SEAD site page because the repository does not currently expose stronger reference links.
3641,Kristiansand,Norway,numeric_span_with_contextual_caveat,duration_span_visible,site_page_only,medium_contextual_numeric_mix,context_layer_with_explicit_caveat,https://browser.sead.se/site/3641,Roman Iron Age (1550-1950 BP),Readers may need to inspect the upstream SEAD site page because the repository does not currently expose stronger reference links.
3640,Kristineberg (Oxie 15:1),Sweden,numeric_span_with_contextual_caveat,duration_span_visible,site_page_only,medium_contextual_numeric_mix,context_layer_with_explicit_caveat,https://browser.sead.se/site/3640,Bronze Age Period II - VI (2450-3450 BP),Readers may need to inspect the upstream SEAD site page because the repository does not currently expose stronger reference links.
4096,Kruttornet,Sweden,numeric_span_with_contextual_caveat,duration_span_visible,site_page_only,medium_contextual_numeric_mix,context_layer_with_explicit_caveat,https://browser.sead.se/site/4096,305-339 BP,Readers may need to inspect the upstream SEAD site page because the repository does not currently expose stronger reference links.
4482,Kråkenes,Norway,numeric_span_with_contextual_caveat,duration_span_visible,site_page_only,medium_contextual_numeric_mix,context_layer_with_explicit_caveat,https://browser.sead.se/site/4482,Lateglacial (8620-13500 BP),Readers may need to inspect the upstream SEAD site page because the repository does not currently expose stronger reference links.
3639,Kråkeslätt,Sweden,numeric_span_with_contextual_caveat,duration_span_visible,site_page_only,medium_contextual_numeric_mix,context_layer_with_explicit_caveat,https://browser.sead.se/site/3639,Bronze Age Period II - VI (2450-3450 BP),Readers may need to inspect the upstream SEAD site page because the repository does not currently expose stronger reference links.
4094,Kullerstads kyrka,Sweden,numeric_span_with_contextual_caveat,duration_span_visible,site_page_only,medium_contextual_numeric_mix,context_layer_with_explicit_caveat,https://browser.sead.se/site/4094,191-836 BP,Readers may need to inspect the upstream SEAD site page because the repository does not currently expose stronger reference links.
4090,Kummelnäs gård,Sweden,numeric_span_with_contextual_caveat,duration_span_visible,site_page_only,medium_contextual_numeric_mix,context_layer_with_explicit_caveat,https://browser.sead.se/site/4090,149-290 BP,Readers may need to inspect the upstream SEAD site page because the repository does not currently expose stronger reference links.
3638,Kungsbro Motorcykel,Sweden,numeric_span_with_contextual_caveat,duration_span_visible,site_page_only,medium_contextual_numeric_mix,context_layer_with_explicit_caveat,https://browser.sead.se/site/3638,Early Iron Age (1550-2450 BP),Readers may need to inspect the upstream SEAD site page because the repository does not currently expose stronger reference links.
4089,Kungsholms kyrka/Ulrika Eleonora kyrka,Sweden,numeric_span_with_contextual_caveat,duration_span_visible,site_page_only,medium_contextual_numeric_mix,context_layer_with_explicit_caveat,https://browser.sead.se/site/4089,144-233 BP,Readers may need to inspect the upstream SEAD site page because the repository does not currently expose stronger reference links.
3637,Kungsnäs,Sweden,numeric_span_with_contextual_caveat,duration_span_visible,site_page_only,medium_contextual_numeric_mix,context_layer_with_explicit_caveat,https://browser.sead.se/site/3637,Medieval Scandinavia (450-900 BP),Readers may need to inspect the upstream SEAD site page because the repository does not currently expose stronger reference links.
3636,Kunsta,Sweden,numeric_span_with_contextual_caveat,duration_span_visible,site_page_only,medium_contextual_numeric_mix,context_layer_with_explicit_caveat,https://browser.sead.se/site/3636,Viking (850-1150 BP),Readers may need to inspect the upstream SEAD site page because the repository does not currently expose stronger reference links.
4483,Kurujärvi,Sweden,numeric_span_with_contextual_caveat,duration_span_visible,site_page_only,medium_contextual_numeric_mix,context_layer_with_explicit_caveat,https://browser.sead.se/site/4483,Early Weichselian (45000-122000 BP),Readers may need to inspect the upstream SEAD site page because the repository does not currently expose stronger reference links.
3635,kv Apotekaren,Sweden,numeric_span_with_contextual_caveat,duration_span_visible,site_page_only,medium_contextual_numeric_mix,context_layer_with_explicit_caveat,https://browser.sead.se/site/3635,Medieval Scandinavia (450-900 BP),Readers may need to inspect the upstream SEAD site page because the repository does not currently expose stronger reference links.
3634,kv Gröningen,Sweden,numeric_span_with_contextual_caveat,duration_span_visible,site_page_only,medium_contextual_numeric_mix,context_layer_with_explicit_caveat,https://browser.sead.se/site/3634,Viking Age - Medieval Period Scandinavia (450-1150 BP),Readers may need to inspect the upstream SEAD site page because the repository does not currently expose stronger reference links.
3633,kv Kastanjegården,Sweden,numeric_span_with_contextual_caveat,duration_span_visible,site_page_only,medium_contextual_numeric_mix,context_layer_with_explicit_caveat,https://browser.sead.se/site/3633,Bronze Age Period VI - Pre Roman Iron Age; Bronze Age Period V - VI; Bronze Age Period I - II; Late Neolithic - Early Bronze Age S Scandinavia; Middle neolithic S Scandinavia (1950-5250 BP),Readers may need to inspect the upstream SEAD site page because the repository does not currently expose stronger reference links.
3632,kv Katten,Sweden,numeric_span_with_contextual_caveat,duration_span_visible,site_page_only,medium_contextual_numeric_mix,context_layer_with_explicit_caveat,https://browser.sead.se/site/3632,Viking Age - Medieval Period Scandinavia (450-1150 BP),Readers may need to inspect the upstream SEAD site page because the repository does not currently expose stronger reference links.
3631,kv Kråkvinkeln,Sweden,numeric_span_with_contextual_caveat,duration_span_visible,site_page_only,medium_contextual_numeric_mix,context_layer_with_explicit_caveat,https://browser.sead.se/site/3631,Viking Age - Medieval Period Scandinavia (450-1150 BP),Readers may need to inspect the upstream SEAD site page because the repository does not currently expose stronger reference links.
3630,kv Tankbåten,Sweden,numeric_span_with_contextual_caveat,duration_span_visible,site_page_only,medium_contextual_numeric_mix,context_layer_with_explicit_caveat,https://browser.sead.se/site/3630,Viking (850-1150 BP),Readers may need to inspect the upstream SEAD site page because the repository does not currently expose stronger reference links.
3629,kv Transval,Sweden,numeric_span_with_contextual_caveat,duration_span_visible,site_page_only,medium_contextual_numeric_mix,context_layer_with_explicit_caveat,https://browser.sead.se/site/3629,Viking (850-1150 BP),Readers may need to inspect the upstream SEAD site page because the repository does not currently expose stronger reference links.
3628,kv Trädgårdsmästaren,Sweden,numeric_span_with_contextual_caveat,duration_span_visible,site_page_only,medium_contextual_numeric_mix,context_layer_with_explicit_caveat,https://browser.sead.se/site/3628,CAL_PERIOD_1020-1000_BP; CAL_PERIOD_1000-975_BP; CAL_PERIOD_950-925_BP; CAL_PERIOD_800-775_BP; CAL_PERIOD_975-950_BP; CAL_PERIOD_825-775_BP; CAL_PERIOD_925-900_BP; CAL_PERIOD_875-850_BP; CAL_PERIOD_900-800_BP; CAL_PERIOD_900-875_BP; CAL_PERIOD_800-750_BP; CAL_PERIOD_900-850_BP; CAL_PERIOD_775-750_BP (700-970 BP),Readers may need to inspect the upstream SEAD site page because the repository does not currently expose stronger reference links.
3627,kv. Apeln,Sweden,numeric_span_with_contextual_caveat,duration_span_visible,site_page_only,medium_contextual_numeric_mix,context_layer_with_explicit_caveat,https://browser.sead.se/site/3627,CAL_PERIOD_370-150_BP (100-320 BP),Readers may need to inspect the upstream SEAD site page because the repository does not currently expose stronger reference links.
3626,kv. Bronsyxan,Sweden,numeric_span_with_contextual_caveat,duration_span_visible,site_page_only,medium_contextual_numeric_mix,context_layer_with_explicit_caveat,https://browser.sead.se/site/3626,Middle neolithic S Scandinavia (4350-5250 BP),Readers may need to inspect the upstream SEAD site page because the repository does not currently expose stronger reference links.
3625,kv. Diplomaten,Sweden,numeric_span_with_contextual_caveat,duration_span_visible,site_page_only,medium_contextual_numeric_mix,context_layer_with_explicit_caveat,https://browser.sead.se/site/3625,CAL_PERIOD_270-200_BP (150-220 BP),Readers may need to inspect the upstream SEAD site page because the repository does not currently expose stronger reference links.
3624,kv. Dromedaren,Sweden,numeric_span_with_contextual_caveat,duration_span_visible,site_page_only,medium_contextual_numeric_mix,context_layer_with_explicit_caveat,https://browser.sead.se/site/3624,CAL_PERIOD_370-150_BP (100-320 BP),Readers may need to inspect the upstream SEAD site page because the repository does not currently expose stronger reference links.
3623,kv. Elektronen,Sweden,numeric_span_with_contextual_caveat,duration_span_visible,site_page_only,medium_contextual_numeric_mix,context_layer_with_explicit_caveat,https://browser.sead.se/site/3623,Roman Iron Age (1550-1950 BP),Readers may need to inspect the upstream SEAD site page because the repository does not currently expose stronger reference links.
3622,kv. Galeasen,Sweden,numeric_span_with_contextual_caveat,duration_span_visible,site_page_only,medium_contextual_numeric_mix,context_layer_with_explicit_caveat,https://browser.sead.se/site/3622,CAL_PERIOD_500-400_BP (350-450 BP),Readers may need to inspect the upstream SEAD site page because the repository does not currently expose stronger reference links.
3621,kv. Gladan,Sweden,numeric_span_with_contextual_caveat,duration_span_visible,site_page_only,medium_contextual_numeric_mix,context_layer_with_explicit_caveat,https://browser.sead.se/site/3621,CAL_PERIOD_500-300_BP (250-450 BP),Readers may need to inspect the upstream SEAD site page because the repository does not currently expose stronger reference links.
3620,"kv. Havren, Djurängen",Sweden,numeric_span_with_contextual_caveat,duration_span_visible,site_page_only,medium_contextual_numeric_mix,context_layer_with_explicit_caveat,https://browser.sead.se/site/3620,Middle neolithic S Scandinavia (4350-5250 BP),Readers may need to inspect the upstream SEAD site page because the repository does not currently expose stronger reference links.
3619,kv. Hemmet,Sweden,numeric_span_with_contextual_caveat,duration_span_visible,site_page_only,medium_contextual_numeric_mix,context_layer_with_explicit_caveat,https://browser.sead.se/site/3619,CAL_PERIOD_700-500_BP (450-650 BP),Readers may need to inspect the upstream SEAD site page because the repository does not currently expose stronger reference links.
3618,Kv. Hjärtat,Sweden,numeric_span_with_contextual_caveat,duration_span_visible,site_page_only,medium_contextual_numeric_mix,context_layer_with_explicit_caveat,https://browser.sead.se/site/3618,CAL_PERIOD_700-381_BP (331-650 BP),Readers may need to inspect the upstream SEAD site page because the repository does not currently expose stronger reference links.
3617,Kv. Kleopatra,Sweden,numeric_span_with_contextual_caveat,point_like_or_single_year,site_page_only,medium_contextual_numeric_mix,context_layer_with_explicit_caveat,https://browser.sead.se/site/3617,Post Reformation (450 BP),Readers may need to inspect the upstream SEAD site page because the repository does not currently expose stronger reference links.
3616,kv. Specksrum,Sweden,numeric_span_with_contextual_caveat,duration_span_visible,site_page_only,medium_contextual_numeric_mix,context_layer_with_explicit_caveat,https://browser.sead.se/site/3616,Viking (850-1150 BP),Readers may need to inspect the upstream SEAD site page because the repository does not currently expose stronger reference links.
3615,kv. Trädgårdsmästaren,Sweden,numeric_span_with_contextual_caveat,duration_span_visible,site_page_only,medium_contextual_numeric_mix,context_layer_with_explicit_caveat,https://browser.sead.se/site/3615,Viking (850-1150 BP),Readers may need to inspect the upstream SEAD site page because the repository does not currently expose stronger reference links.
3614,Kvarnbacken/kv. Cisternen/Galgegärdsbacken,Sweden,numeric_span_with_contextual_caveat,duration_span_visible,site_page_only,medium_contextual_numeric_mix,context_layer_with_explicit_caveat,https://browser.sead.se/site/3614,Viking (850-1150 BP),Readers may need to inspect the upstream SEAD site page because the repository does not currently expose stronger reference links.
3895,Kvarteret Allön,Sweden,numeric_span_with_contextual_caveat,duration_span_visible,site_page_only,medium_contextual_numeric_mix,context_layer_with_explicit_caveat,https://browser.sead.se/site/3895,139-217 BP,Readers may need to inspect the upstream SEAD site page because the repository does not currently expose stronger reference links.
3893,Kvarteret Boktryckaren,Sweden,numeric_span_with_contextual_caveat,duration_span_visible,site_page_only,medium_contextual_numeric_mix,context_layer_with_explicit_caveat,https://browser.sead.se/site/3893,103-294 BP,Readers may need to inspect the upstream SEAD site page because the repository does not currently expose stronger reference links.
3892,Kvarteret Borgmästaren,Sweden,numeric_span_with_contextual_caveat,duration_span_visible,site_page_only,medium_contextual_numeric_mix,context_layer_with_explicit_caveat,https://browser.sead.se/site/3892,71-349 BP,Readers may need to inspect the upstream SEAD site page because the repository does not currently expose stronger reference links.
3890,Kvarteret Ciselören,Sweden,numeric_span_with_contextual_caveat,duration_span_visible,site_page_only,medium_contextual_numeric_mix,context_layer_with_explicit_caveat,https://browser.sead.se/site/3890,67-344 BP,Readers may need to inspect the upstream SEAD site page because the repository does not currently expose stronger reference links.
3888,Kvarteret Färgaren,Sweden,numeric_span_with_contextual_caveat,duration_span_visible,site_page_only,medium_contextual_numeric_mix,context_layer_with_explicit_caveat,https://browser.sead.se/site/3888,224-389 BP,Readers may need to inspect the upstream SEAD site page because the repository does not currently expose stronger reference links.
3886,Kvarteret Guldsmeden,Sweden,numeric_span_with_contextual_caveat,duration_span_visible,site_page_only,medium_contextual_numeric_mix,context_layer_with_explicit_caveat,https://browser.sead.se/site/3886,104-264 BP,Readers may need to inspect the upstream SEAD site page because the repository does not currently expose stronger reference links.
3884,Kvarteret Kassamannen,Sweden,numeric_span_with_contextual_caveat,duration_span_visible,site_page_only,medium_contextual_numeric_mix,context_layer_with_explicit_caveat,https://browser.sead.se/site/3884,263-321 BP,Readers may need to inspect the upstream SEAD site page because the repository does not currently expose stronger reference links.
3883,Kvarteret Kommendanten,Sweden,numeric_span_with_contextual_caveat,duration_span_visible,site_page_only,medium_contextual_numeric_mix,context_layer_with_explicit_caveat,https://browser.sead.se/site/3883,136-290 BP,Readers may need to inspect the upstream SEAD site page because the repository does not currently expose stronger reference links.
3881,Kvarteret Museet,Sweden,numeric_span_with_contextual_caveat,duration_span_visible,site_page_only,medium_contextual_numeric_mix,context_layer_with_explicit_caveat,https://browser.sead.se/site/3881,669-744 BP,Readers may need to inspect the upstream SEAD site page because the repository does not currently expose stronger reference links.
3877,Kvarteret Rådhuset,Sweden,numeric_span_with_contextual_caveat,duration_span_visible,site_page_only,medium_contextual_numeric_mix,context_layer_with_explicit_caveat,https://browser.sead.se/site/3877,86-101 BP,Readers may need to inspect the upstream SEAD site page because the repository does not currently expose stronger reference links.
3874,Kvarteret Svartbrodern,Sweden,numeric_span_with_contextual_caveat,duration_span_visible,site_page_only,medium_contextual_numeric_mix,context_layer_with_explicit_caveat,https://browser.sead.se/site/3874,315-318 BP,Readers may need to inspect the upstream SEAD site page because the repository does not currently expose stronger reference links.
3873,Kvarteret Vaxblekaren,Sweden,numeric_span_with_contextual_caveat,duration_span_visible,site_page_only,medium_contextual_numeric_mix,context_layer_with_explicit_caveat,https://browser.sead.se/site/3873,244-303 BP,Readers may need to inspect the upstream SEAD site page because the repository does not currently expose stronger reference links.
3871,Kvarteret Östergötland,Sweden,numeric_span_with_contextual_caveat,duration_span_visible,site_page_only,medium_contextual_numeric_mix,context_layer_with_explicit_caveat,https://browser.sead.se/site/3871,320-356 BP,Readers may need to inspect the upstream SEAD site page because the repository does not currently expose stronger reference links.
3613,Kvedesta,Sweden,numeric_span_with_contextual_caveat,duration_span_visible,site_page_only,medium_contextual_numeric_mix,context_layer_with_explicit_caveat,https://browser.sead.se/site/3613,Middle neolithic S Scandinavia (4350-5250 BP),Readers may need to inspect the upstream SEAD site page because the repository does not currently expose stronger reference links.
3612,Kvie,Sweden,numeric_span_with_contextual_caveat,duration_span_visible,site_page_only,medium_contextual_numeric_mix,context_layer_with_explicit_caveat,https://browser.sead.se/site/3612,Viking (850-1150 BP),Readers may need to inspect the upstream SEAD site page because the repository does not currently expose stronger reference links.
3611,Kvinnsgröta,Sweden,numeric_span_with_contextual_caveat,point_like_or_single_year,site_page_only,medium_contextual_numeric_mix,context_layer_with_explicit_caveat,https://browser.sead.se/site/3611,Quaternary (2700000 BP),Readers may need to inspect the upstream SEAD site page because the repository does not currently expose stronger reference links.
3610,Kyrkebo,Sweden,numeric_span_with_contextual_caveat,duration_span_visible,site_page_only,medium_contextual_numeric_mix,context_layer_with_explicit_caveat,https://browser.sead.se/site/3610,Pre Roman Iron Age (1950-2450 BP),Readers may need to inspect the upstream SEAD site page because the repository does not currently expose stronger reference links.
3609,Kyrkheddinge,Sweden,numeric_span_with_contextual_caveat,duration_span_visible,site_page_only,medium_contextual_numeric_mix,context_layer_with_explicit_caveat,https://browser.sead.se/site/3609,Medieval Scandinavia (450-900 BP),Readers may need to inspect the upstream SEAD site page because the repository does not currently expose stronger reference links.
4087,Kyrkvärdsgården,Sweden,numeric_span_with_contextual_caveat,duration_span_visible,site_page_only,medium_contextual_numeric_mix,context_layer_with_explicit_caveat,https://browser.sead.se/site/4087,421-424 BP,Readers may need to inspect the upstream SEAD site page because the repository does not currently expose stronger reference links.
3608,Kyrsta,Sweden,numeric_span_with_contextual_caveat,duration_span_visible,site_page_only,medium_contextual_numeric_mix,context_layer_with_explicit_caveat,https://browser.sead.se/site/3608,Pre Roman - Roman Iron Age (1550-2450 BP),Readers may need to inspect the upstream SEAD site page because the repository does not currently expose stronger reference links.
3607,Källingemöre,Sweden,numeric_span_with_contextual_caveat,point_like_or_single_year,site_page_only,medium_contextual_numeric_mix,context_layer_with_explicit_caveat,https://browser.sead.se/site/3607,Quaternary (2700000 BP),Readers may need to inspect the upstream SEAD site page because the repository does not currently expose stronger reference links.
4084,Kärnan,Sweden,numeric_span_with_contextual_caveat,duration_span_visible,site_page_only,medium_contextual_numeric_mix,context_layer_with_explicit_caveat,https://browser.sead.se/site/4084,1-677 BP,Readers may need to inspect the upstream SEAD site page because the repository does not currently expose stronger reference links.
3606,Kärringsjön,Sweden,numeric_span_with_contextual_caveat,duration_span_visible,site_page_only,medium_contextual_numeric_mix,context_layer_with_explicit_caveat,https://browser.sead.se/site/3606,Roman Iron Age (1550-1950 BP),Readers may need to inspect the upstream SEAD site page because the repository does not currently expose stronger reference links.
3605,Kättsta,Sweden,numeric_span_with_contextual_caveat,duration_span_visible,site_page_only,medium_contextual_numeric_mix,context_layer_with_explicit_caveat,https://browser.sead.se/site/3605,Pre Roman - Roman Iron Age; Bronze Age Period IV - VI (1550-3050 BP),Readers may need to inspect the upstream SEAD site page because the repository does not currently expose stronger reference links.
4083,Kävlinge gamla kyrka,Sweden,numeric_span_with_contextual_caveat,duration_span_visible,site_page_only,medium_contextual_numeric_mix,context_layer_with_explicit_caveat,https://browser.sead.se/site/4083,485-940 BP,Readers may need to inspect the upstream SEAD site page because the repository does not currently expose stronger reference links.
3603,Köpingsvik,Sweden,numeric_span_with_contextual_caveat,duration_span_visible,site_page_only,medium_contextual_numeric_mix,context_layer_with_explicit_caveat,https://browser.sead.se/site/3603,CAL_PERIOD_5500-4800_BP (4750-5450 BP),Readers may need to inspect the upstream SEAD site page because the repository does not currently expose stronger reference links.
4481,Körslättamossen,Sweden,numeric_span_with_contextual_caveat,duration_span_visible,site_page_only,medium_contextual_numeric_mix,context_layer_with_explicit_caveat,https://browser.sead.se/site/4481,Lateglacial Interstadial (8610-14741 BP),Readers may need to inspect the upstream SEAD site page because the repository does not currently expose stronger reference links.
4487,Langanes1,Norway,numeric_span_with_contextual_caveat,duration_span_visible,site_page_only,medium_contextual_numeric_mix,context_layer_with_explicit_caveat,https://browser.sead.se/site/4487,Medieval (400-1550 BP),Readers may need to inspect the upstream SEAD site page because the repository does not currently expose stronger reference links.
3599,Lappvallen,Sweden,numeric_span_with_contextual_caveat,duration_span_visible,site_page_only,medium_contextual_numeric_mix,context_layer_with_explicit_caveat,https://browser.sead.se/site/3599,Pre Roman Iron Age (1950-2450 BP),Readers may need to inspect the upstream SEAD site page because the repository does not currently expose stronger reference links.
3598,Lappviken,Sweden,numeric_span_with_contextual_caveat,duration_span_visible,site_page_only,medium_contextual_numeric_mix,context_layer_with_explicit_caveat,https://browser.sead.se/site/3598,Bronze Age Scandinavia (2450-3750 BP),Readers may need to inspect the upstream SEAD site page because the repository does not currently expose stronger reference links.
5069,Lappäjärvi: Kärnä,Finland,numeric_span_with_contextual_caveat,duration_span_visible,site_page_only,medium_contextual_numeric_mix,context_layer_with_explicit_caveat,https://browser.sead.se/site/5069,Holocene (0-10000 BP),Readers may need to inspect the upstream SEAD site page because the repository does not currently expose stronger reference links.
4081,Lassor,Sweden,numeric_span_with_contextual_caveat,duration_span_visible,site_page_only,medium_contextual_numeric_mix,context_layer_with_explicit_caveat,https://browser.sead.se/site/4081,34-462 BP,Readers may need to inspect the upstream SEAD site page because the repository does not currently expose stronger reference links.
4080,Lau Kyrka,Sweden,numeric_span_with_contextual_caveat,duration_span_visible,site_page_only,medium_contextual_numeric_mix,context_layer_with_explicit_caveat,https://browser.sead.se/site/4080,196-389 BP,Readers may need to inspect the upstream SEAD site page because the repository does not currently expose stronger reference links.
3597,Leonardsberg,Sweden,numeric_span_with_contextual_caveat,duration_span_visible,site_page_only,medium_contextual_numeric_mix,context_layer_with_explicit_caveat,https://browser.sead.se/site/3597,Late Iron Age (1150-1550 BP),Readers may need to inspect the upstream SEAD site page because the repository does not currently expose stronger reference links.
4497,Lerstadvatnet,Norway,numeric_span_with_contextual_caveat,duration_span_visible,site_page_only,medium_contextual_numeric_mix,context_layer_with_explicit_caveat,https://browser.sead.se/site/4497,Lateglacial (10000-13500 BP),Readers may need to inspect the upstream SEAD site page because the repository does not currently expose stronger reference links.
3596,Lerstang,Norway,numeric_span_with_contextual_caveat,duration_span_visible,site_page_only,medium_contextual_numeric_mix,context_layer_with_explicit_caveat,https://browser.sead.se/site/3596,Roman Iron Age (1550-1950 BP),Readers may need to inspect the upstream SEAD site page because the repository does not currently expose stronger reference links.
3595,Lesjön,Sweden,numeric_span_with_contextual_caveat,duration_span_visible,site_page_only,medium_contextual_numeric_mix,context_layer_with_explicit_caveat,https://browser.sead.se/site/3595,Bronze Age Scandinavia; Neolithic N Scandinavia (2450-5100 BP),Readers may need to inspect the upstream SEAD site page because the repository does not currently expose stronger reference links.
4499,Leveaniemi,Sweden,numeric_span_with_contextual_caveat,duration_span_visible,site_page_only,medium_contextual_numeric_mix,context_layer_with_explicit_caveat,https://browser.sead.se/site/4499,Eemian (110000-128000 BP),Readers may need to inspect the upstream SEAD site page because the repository does not currently expose stronger reference links.
3594,Lexby,Sweden,numeric_span_with_contextual_caveat,duration_span_visible,site_page_only,medium_contextual_numeric_mix,context_layer_with_explicit_caveat,https://browser.sead.se/site/3594,Early Iron Age (1550-2450 BP),Readers may need to inspect the upstream SEAD site page because the repository does not currently expose stronger reference links.
3593,Liden under Storegården,Sweden,numeric_span_with_contextual_caveat,duration_span_visible,site_page_only,medium_contextual_numeric_mix,context_layer_with_explicit_caveat,https://browser.sead.se/site/3593,Viking (850-1150 BP),Readers may need to inspect the upstream SEAD site page because the repository does not currently expose stronger reference links.
3592,Lilla Beddinge,Sweden,numeric_span_with_contextual_caveat,duration_span_visible,site_page_only,medium_contextual_numeric_mix,context_layer_with_explicit_caveat,https://browser.sead.se/site/3592,Middle neolithic S Scandinavia (4350-5250 BP),Readers may need to inspect the upstream SEAD site page because the repository does not currently expose stronger reference links.
3870,Lilla Björkudden,Sweden,numeric_span_with_contextual_caveat,duration_span_visible,site_page_only,medium_contextual_numeric_mix,context_layer_with_explicit_caveat,https://browser.sead.se/site/3870,240-255 BP,Readers may need to inspect the upstream SEAD site page because the repository does not currently expose stronger reference links.
3591,Lilla Tvären,Sweden,numeric_span_with_contextual_caveat,duration_span_visible,site_page_only,medium_contextual_numeric_mix,context_layer_with_explicit_caveat,https://browser.sead.se/site/3591,Pre Roman Iron Age (1950-2450 BP),Readers may need to inspect the upstream SEAD site page because the repository does not currently expose stronger reference links.
3590,Lilla Ulvgryt,Sweden,numeric_span_with_contextual_caveat,duration_span_visible,site_page_only,medium_contextual_numeric_mix,context_layer_with_explicit_caveat,https://browser.sead.se/site/3590,Bronze Age Period V - Pre Roman Iron Age (1950-2850 BP),Readers may need to inspect the upstream SEAD site page because the repository does not currently expose stronger reference links.
3588,Limensgård,Denmark,numeric_span_with_contextual_caveat,duration_span_visible,site_page_only,medium_contextual_numeric_mix,context_layer_with_explicit_caveat,https://browser.sead.se/site/3588,Middle neolithic S Scandinavia (4350-5250 BP),Readers may need to inspect the upstream SEAD site page because the repository does not currently expose stronger reference links.
3587,Lindab området,Sweden,numeric_span_with_contextual_caveat,duration_span_visible,site_page_only,medium_contextual_numeric_mix,context_layer_with_explicit_caveat,https://browser.sead.se/site/3587,Bronze Age Period IV - VI (2450-3050 BP),Readers may need to inspect the upstream SEAD site page because the repository does not currently expose stronger reference links.
4075,Linderöds kyrka,Sweden,numeric_span_with_contextual_caveat,duration_span_visible,site_page_only,medium_contextual_numeric_mix,context_layer_with_explicit_caveat,https://browser.sead.se/site/4075,236-786 BP,Readers may need to inspect the upstream SEAD site page because the repository does not currently expose stronger reference links.
4504,Lindved,Sweden,numeric_span_with_contextual_caveat,duration_span_visible,site_page_only,medium_contextual_numeric_mix,context_layer_with_explicit_caveat,https://browser.sead.se/site/4504,Holocene (0-10000 BP),Readers may need to inspect the upstream SEAD site page because the repository does not currently expose stronger reference links.
3586,Linga,Sweden,numeric_span_with_contextual_caveat,duration_span_visible,site_page_only,medium_contextual_numeric_mix,context_layer_with_explicit_caveat,https://browser.sead.se/site/3586,Bronze Age Period VI - Pre Roman Iron Age (1950-2550 BP),Readers may need to inspect the upstream SEAD site page because the repository does not currently expose stronger reference links.
3585,Linköping 188,Sweden,numeric_span_with_contextual_caveat,duration_span_visible,site_page_only,medium_contextual_numeric_mix,context_layer_with_explicit_caveat,https://browser.sead.se/site/3585,Early Neolithic - Middle Neolithic S Scandinavia (4350-5950 BP),Readers may need to inspect the upstream SEAD site page because the repository does not currently expose stronger reference links.
3584,Lisseläng,Sweden,numeric_span_with_contextual_caveat,duration_span_visible,site_page_only,medium_contextual_numeric_mix,context_layer_with_explicit_caveat,https://browser.sead.se/site/3584,Bronze Age Period III - VI (2450-3250 BP),Readers may need to inspect the upstream SEAD site page because the repository does not currently expose stronger reference links.
3582,Lockarp,Sweden,numeric_span_with_contextual_caveat,duration_span_visible,site_page_only,medium_contextual_numeric_mix,context_layer_with_explicit_caveat,https://browser.sead.se/site/3582,Medieval Scandinavia (450-900 BP),Readers may need to inspect the upstream SEAD site page because the repository does not currently expose stronger reference links.
3581,Lockarp 7A,Sweden,numeric_span_with_contextual_caveat,duration_span_visible,site_page_only,medium_contextual_numeric_mix,context_layer_with_explicit_caveat,https://browser.sead.se/site/3581,Viking; Late Iron Age; Late Bronze Age Scandinavia (850-3050 BP),Readers may need to inspect the upstream SEAD site page because the repository does not currently expose stronger reference links.
3815,Lockarp 7B,Sweden,numeric_span_with_contextual_caveat,duration_span_visible,site_page_only,medium_contextual_numeric_mix,context_layer_with_explicit_caveat,https://browser.sead.se/site/3815,Middle neolithic S Scandinavia; Bronze Age Period II - VI; Quaternary; Pre Roman - Roman Iron Age (1550-2700000 BP),Readers may need to inspect the upstream SEAD site page because the repository does not currently expose stronger reference links.
4072,Lojsta kyrka,Sweden,numeric_span_with_contextual_caveat,duration_span_visible,site_page_only,medium_contextual_numeric_mix,context_layer_with_explicit_caveat,https://browser.sead.se/site/4072,277-344 BP,Readers may need to inspect the upstream SEAD site page because the repository does not currently expose stronger reference links.
4071,Lopperstad,Sweden,numeric_span_with_contextual_caveat,duration_span_visible,site_page_only,medium_contextual_numeric_mix,context_layer_with_explicit_caveat,https://browser.sead.se/site/4071,146-182 BP,Readers may need to inspect the upstream SEAD site page because the repository does not currently expose stronger reference links.
5554,Lund Minster,Sweden,numeric_span_with_contextual_caveat,point_like_or_single_year,site_page_only,medium_contextual_numeric_mix,context_layer_with_explicit_caveat,https://browser.sead.se/site/5554,Post Medieval; CAL_1679_AD (271 BP),Readers may need to inspect the upstream SEAD site page because the repository does not currently expose stronger reference links.
3580,Lunda omr. B,Sweden,numeric_span_with_contextual_caveat,duration_span_visible,site_page_only,medium_contextual_numeric_mix,context_layer_with_explicit_caveat,https://browser.sead.se/site/3580,CAL_PERIOD_1800-1300_BP (1250-1750 BP),Readers may need to inspect the upstream SEAD site page because the repository does not currently expose stronger reference links.
4519,"Lundbacken, Tillinge",Sweden,numeric_span_with_contextual_caveat,duration_span_visible,site_page_only,medium_contextual_numeric_mix,context_layer_with_explicit_caveat,https://browser.sead.se/site/4519,CAL_-550_AD (1400-1949 BP),Readers may need to inspect the upstream SEAD site page because the repository does not currently expose stronger reference links.
5304,Lundbæk Mose,Denmark,numeric_span_with_contextual_caveat,duration_span_visible,site_page_only,medium_contextual_numeric_mix,context_layer_with_explicit_caveat,https://browser.sead.se/site/5304,Lateglacial (10000-13500 BP),Readers may need to inspect the upstream SEAD site page because the repository does not currently expose stronger reference links.
3579,Lundeborg I,Denmark,numeric_span_with_contextual_caveat,duration_span_visible,site_page_only,medium_contextual_numeric_mix,context_layer_with_explicit_caveat,https://browser.sead.se/site/3579,Roman Iron Age (1550-1950 BP),Readers may need to inspect the upstream SEAD site page because the repository does not currently expose stronger reference links.
3578,Lundeborg II,Denmark,numeric_span_with_contextual_caveat,duration_span_visible,site_page_only,medium_contextual_numeric_mix,context_layer_with_explicit_caveat,https://browser.sead.se/site/3578,Roman Iron Age (1550-1950 BP),Readers may need to inspect the upstream SEAD site page because the repository does not currently expose stronger reference links.
3577,Lundehöj 26,Denmark,numeric_span_with_contextual_caveat,duration_span_visible,site_page_only,medium_contextual_numeric_mix,context_layer_with_explicit_caveat,https://browser.sead.se/site/3577,Roman Iron Age (1550-1950 BP),Readers may need to inspect the upstream SEAD site page because the repository does not currently expose stronger reference links.
5048,Lundfors,Sweden,numeric_span_with_contextual_caveat,duration_span_visible,site_page_only,medium_contextual_numeric_mix,context_layer_with_explicit_caveat,https://browser.sead.se/site/5048,Holocene (0-10000 BP),Readers may need to inspect the upstream SEAD site page because the repository does not currently expose stronger reference links.
4070,Lunds domkyrka,Sweden,numeric_span_with_contextual_caveat,duration_span_visible,site_page_only,medium_contextual_numeric_mix,context_layer_with_explicit_caveat,https://browser.sead.se/site/4070,519-554 BP,Readers may need to inspect the upstream SEAD site page because the repository does not currently expose stronger reference links.
3576,Lundströms plats,Sweden,numeric_span_with_contextual_caveat,duration_span_visible,site_page_only,medium_contextual_numeric_mix,context_layer_with_explicit_caveat,https://browser.sead.se/site/3576,CAL_PERIOD_600-400_BP (350-550 BP),Readers may need to inspect the upstream SEAD site page because the repository does not currently expose stronger reference links.
3575,Lundåkra,Sweden,numeric_span_with_contextual_caveat,duration_span_visible,site_page_only,medium_contextual_numeric_mix,context_layer_with_explicit_caveat,https://browser.sead.se/site/3575,Bronze Age Period IV - VI (2450-3050 BP),Readers may need to inspect the upstream SEAD site page because the repository does not currently expose stronger reference links.
3574,Lyngåkra,Sweden,numeric_span_with_contextual_caveat,duration_span_visible,site_page_only,medium_contextual_numeric_mix,context_layer_with_explicit_caveat,https://browser.sead.se/site/3574,Bronze Age Period VI - Pre Roman Iron Age (1950-2550 BP),Readers may need to inspect the upstream SEAD site page because the repository does not currently expose stronger reference links.
4066,Lärbro kyrka,Sweden,numeric_span_with_contextual_caveat,duration_span_visible,site_page_only,medium_contextual_numeric_mix,context_layer_with_explicit_caveat,https://browser.sead.se/site/4066,78-646 BP,Readers may need to inspect the upstream SEAD site page because the repository does not currently expose stronger reference links.
4068,Långlöts kyrka,Sweden,numeric_span_with_contextual_caveat,duration_span_visible,site_page_only,medium_contextual_numeric_mix,context_layer_with_explicit_caveat,https://browser.sead.se/site/4068,214-906 BP,Readers may need to inspect the upstream SEAD site page because the repository does not currently expose stronger reference links.
4489,Långsele,Sweden,numeric_span_with_contextual_caveat,duration_span_visible,site_page_only,medium_contextual_numeric_mix,context_layer_with_explicit_caveat,https://browser.sead.se/site/4489,Early Weichselian (45000-122000 BP),Readers may need to inspect the upstream SEAD site page because the repository does not currently expose stronger reference links.
3573,Löddeköpinge,Sweden,numeric_span_with_contextual_caveat,duration_span_visible,site_page_only,medium_contextual_numeric_mix,context_layer_with_explicit_caveat,https://browser.sead.se/site/3573,Viking; Viking Age - Medieval Period Scandinavia (450-1150 BP),Readers may need to inspect the upstream SEAD site page because the repository does not currently expose stronger reference links.
4065,Löddeköpinge kyrka,Sweden,numeric_span_with_contextual_caveat,duration_span_visible,site_page_only,medium_contextual_numeric_mix,context_layer_with_explicit_caveat,https://browser.sead.se/site/4065,424-495 BP,Readers may need to inspect the upstream SEAD site page because the repository does not currently expose stronger reference links.
3572,Löddesborg,Sweden,numeric_span_with_contextual_caveat,duration_span_visible,site_page_only,medium_contextual_numeric_mix,context_layer_with_explicit_caveat,https://browser.sead.se/site/3572,Early neolithic S Scandinavia; Mesolithic  - Early Neolithic Scandinavia (5250-12950 BP),Readers may need to inspect the upstream SEAD site page because the repository does not currently expose stronger reference links.
3571,Löderup,Sweden,numeric_span_with_contextual_caveat,duration_span_visible,site_page_only,medium_contextual_numeric_mix,context_layer_with_explicit_caveat,https://browser.sead.se/site/3571,Bronze Age Period II - VI; Roman Iron Age; Bronze Age Period IV - VI; Bronze Age Period VI - Pre Roman Iron Age; Bronze age Period VI; Bronze Age Period IV - V; Bronze age Period IV; Bronze age Period V; Bronze age Period II; Late Neolithic - Early Bronze Age S Scandinavia; Middle neolithic S Scandinavia (1550-5250 BP),Readers may need to inspect the upstream SEAD site page because the repository does not currently expose stronger reference links.
3570,Löderup 103,Sweden,numeric_span_with_contextual_caveat,duration_span_visible,site_page_only,medium_contextual_numeric_mix,context_layer_with_explicit_caveat,https://browser.sead.se/site/3570,Late Neolithic - Early Bronze Age S Scandinavia (3050-4350 BP),Readers may need to inspect the upstream SEAD site page because the repository does not currently expose stronger reference links.
3569,Löderup 21,Sweden,numeric_span_with_contextual_caveat,duration_span_visible,site_page_only,medium_contextual_numeric_mix,context_layer_with_explicit_caveat,https://browser.sead.se/site/3569,Early neolithic S Scandinavia; Middle neolithic S Scandinavia (4350-5950 BP),Readers may need to inspect the upstream SEAD site page because the repository does not currently expose stronger reference links.
3568,Löderup 27,Sweden,numeric_span_with_contextual_caveat,duration_span_visible,site_page_only,medium_contextual_numeric_mix,context_layer_with_explicit_caveat,https://browser.sead.se/site/3568,Late Neolithic - Early Bronze Age S Scandinavia (3050-4350 BP),Readers may need to inspect the upstream SEAD site page because the repository does not currently expose stronger reference links.
3567,Löderup 3,Sweden,numeric_span_with_contextual_caveat,duration_span_visible,site_page_only,medium_contextual_numeric_mix,context_layer_with_explicit_caveat,https://browser.sead.se/site/3567,Middle neolithic S Scandinavia; Early Neolithic - Middle Neolithic S Scandinavia; Mesolithic  - Early Neolithic Scandinavia (4350-12950 BP),Readers may need to inspect the upstream SEAD site page because the repository does not currently expose stronger reference links.
3566,Löderup 36,Sweden,numeric_span_with_contextual_caveat,duration_span_visible,site_page_only,medium_contextual_numeric_mix,context_layer_with_explicit_caveat,https://browser.sead.se/site/3566,Late Neolithic - Early Bronze Age S Scandinavia (3050-4350 BP),Readers may need to inspect the upstream SEAD site page because the repository does not currently expose stronger reference links.
4064,Löts kyrka,Sweden,numeric_span_with_contextual_caveat,duration_span_visible,site_page_only,medium_contextual_numeric_mix,context_layer_with_explicit_caveat,https://browser.sead.se/site/4064,552-595 BP,Readers may need to inspect the upstream SEAD site page because the repository does not currently expose stronger reference links.
3564,Lövstaholm,Sweden,numeric_span_with_contextual_caveat,duration_span_visible,site_page_only,medium_contextual_numeric_mix,context_layer_with_explicit_caveat,https://browser.sead.se/site/3564,Pre Roman - Roman Iron Age (1550-2450 BP),Readers may need to inspect the upstream SEAD site page because the repository does not currently expose stronger reference links.
3867,Lövö,Sweden,numeric_span_with_contextual_caveat,duration_span_visible,site_page_only,medium_contextual_numeric_mix,context_layer_with_explicit_caveat,https://browser.sead.se/site/3867,142-178 BP,Readers may need to inspect the upstream SEAD site page because the repository does not currently expose stronger reference links.
5306,Løgtved,Denmark,numeric_span_with_contextual_caveat,duration_span_visible,site_page_only,medium_contextual_numeric_mix,context_layer_with_explicit_caveat,https://browser.sead.se/site/5306,Holocene (0-10000 BP),Readers may need to inspect the upstream SEAD site page because the repository does not currently expose stronger reference links.
3565,Løkkebjerggård,Denmark,numeric_span_with_contextual_caveat,duration_span_visible,site_page_only,medium_contextual_numeric_mix,context_layer_with_explicit_caveat,https://browser.sead.se/site/3565,Roman Iron Age (1550-1950 BP),Readers may need to inspect the upstream SEAD site page because the repository does not currently expose stronger reference links.
5310,Lønstrup,Denmark,numeric_span_with_contextual_caveat,duration_span_visible,site_page_only,medium_contextual_numeric_mix,context_layer_with_explicit_caveat,https://browser.sead.se/site/5310,Holocene (0-10000 BP),Readers may need to inspect the upstream SEAD site page because the repository does not currently expose stronger reference links.
5309,Maarup,Denmark,numeric_span_with_contextual_caveat,duration_span_visible,site_page_only,medium_contextual_numeric_mix,context_layer_with_explicit_caveat,https://browser.sead.se/site/5309,Weichselian (10000-122000 BP),Readers may need to inspect the upstream SEAD site page because the repository does not currently expose stronger reference links.
3563,Maksjön,Sweden,numeric_span_with_contextual_caveat,duration_span_visible,site_page_only,medium_contextual_numeric_mix,context_layer_with_explicit_caveat,https://browser.sead.se/site/3563,Bronze Age Scandinavia (2450-3750 BP),Readers may need to inspect the upstream SEAD site page because the repository does not currently expose stronger reference links.
3562,Malmahed,Sweden,numeric_span_with_contextual_caveat,duration_span_visible,site_page_only,medium_contextual_numeric_mix,context_layer_with_explicit_caveat,https://browser.sead.se/site/3562,Early neolithic S Scandinavia (5250-5950 BP),Readers may need to inspect the upstream SEAD site page because the repository does not currently expose stronger reference links.
3866,Malmstorp,Sweden,numeric_span_with_contextual_caveat,duration_span_visible,site_page_only,medium_contextual_numeric_mix,context_layer_with_explicit_caveat,https://browser.sead.se/site/3866,148-266 BP,Readers may need to inspect the upstream SEAD site page because the repository does not currently expose stronger reference links.
3561,Malmö 32,Sweden,numeric_span_with_contextual_caveat,duration_span_visible,site_page_only,medium_contextual_numeric_mix,context_layer_with_explicit_caveat,https://browser.sead.se/site/3561,Early neolithic S Scandinavia; Quaternary (5250-2700000 BP),Readers may need to inspect the upstream SEAD site page because the repository does not currently expose stronger reference links.
3560,Mangsarve,Sweden,numeric_span_with_contextual_caveat,duration_span_visible,site_page_only,medium_contextual_numeric_mix,context_layer_with_explicit_caveat,https://browser.sead.se/site/3560,Viking (850-1150 BP),Readers may need to inspect the upstream SEAD site page because the repository does not currently expose stronger reference links.
3558,"Marieberg (Heby herrgård, Uppland)",Sweden,numeric_span_with_contextual_caveat,duration_span_visible,site_page_only,medium_contextual_numeric_mix,context_layer_with_explicit_caveat,https://browser.sead.se/site/3558,CAL_PERIOD_300-200_BP (150-250 BP),Readers may need to inspect the upstream SEAD site page because the repository does not currently expose stronger reference links.
3557,Mark,Sweden,numeric_span_with_contextual_caveat,duration_span_visible,site_page_only,medium_contextual_numeric_mix,context_layer_with_explicit_caveat,https://browser.sead.se/site/3557,Viking (850-1150 BP),Readers may need to inspect the upstream SEAD site page because the repository does not currently expose stronger reference links.
5098,Martørv-Bakker,Denmark,numeric_span_with_contextual_caveat,duration_span_visible,site_page_only,medium_contextual_numeric_mix,context_layer_with_explicit_caveat,https://browser.sead.se/site/5098,Lateglacial (10000-13500 BP),Readers may need to inspect the upstream SEAD site page because the repository does not currently expose stronger reference links.
3556,Masmo,Sweden,numeric_span_with_contextual_caveat,duration_span_visible,site_page_only,medium_contextual_numeric_mix,context_layer_with_explicit_caveat,https://browser.sead.se/site/3556,Middle neolithic S Scandinavia; Iron Age Sweden (1150-5250 BP),Readers may need to inspect the upstream SEAD site page because the repository does not currently expose stronger reference links.
4062,Mattemåla,Sweden,numeric_span_with_contextual_caveat,duration_span_visible,site_page_only,medium_contextual_numeric_mix,context_layer_with_explicit_caveat,https://browser.sead.se/site/4062,111-123 BP,Readers may need to inspect the upstream SEAD site page because the repository does not currently expose stronger reference links.
4061,Mellby kyrka,Sweden,numeric_span_with_contextual_caveat,duration_span_visible,site_page_only,medium_contextual_numeric_mix,context_layer_with_explicit_caveat,https://browser.sead.se/site/4061,425-811 BP,Readers may need to inspect the upstream SEAD site page because the repository does not currently expose stronger reference links.
5061,Mellerud,Sweden,numeric_span_with_contextual_caveat,duration_span_visible,site_page_only,medium_contextual_numeric_mix,context_layer_with_explicit_caveat,https://browser.sead.se/site/5061,Holocene (0-10000 BP),Readers may need to inspect the upstream SEAD site page because the repository does not currently expose stronger reference links.
5091,Merikarvia,Finland,numeric_span_with_contextual_caveat,duration_span_visible,site_page_only,medium_contextual_numeric_mix,context_layer_with_explicit_caveat,https://browser.sead.se/site/5091,Holocene (0-10000 BP),Readers may need to inspect the upstream SEAD site page because the repository does not currently expose stronger reference links.
4531,Mickelsmossen,Sweden,numeric_span_with_contextual_caveat,duration_span_visible,site_page_only,medium_contextual_numeric_mix,context_layer_with_explicit_caveat,https://browser.sead.se/site/4531,Lateglacial (10000-13500 BP),Readers may need to inspect the upstream SEAD site page because the repository does not currently expose stronger reference links.
3553,Millingsmossen 1,Sweden,numeric_span_with_contextual_caveat,duration_span_visible,site_page_only,medium_contextual_numeric_mix,context_layer_with_explicit_caveat,https://browser.sead.se/site/3553,Neolithic S Scandinavia; Pre Roman - Roman Iron Age (1550-5100 BP),Readers may need to inspect the upstream SEAD site page because the repository does not currently expose stronger reference links.
4853,Missesberget,Sweden,numeric_span_with_contextual_caveat,duration_span_visible,site_page_only,medium_contextual_numeric_mix,context_layer_with_explicit_caveat,https://browser.sead.se/site/4853,Early Weichselian (45000-122000 BP),Readers may need to inspect the upstream SEAD site page because the repository does not currently expose stronger reference links.
3551,Mjäla,Sweden,numeric_span_with_contextual_caveat,duration_span_visible,site_page_only,medium_contextual_numeric_mix,context_layer_with_explicit_caveat,https://browser.sead.se/site/3551,Bronze Age Scandinavia; Neolithic N Scandinavia (2450-5100 BP),Readers may need to inspect the upstream SEAD site page because the repository does not currently expose stronger reference links.
3919,Mjölnargården,Sweden,numeric_span_with_contextual_caveat,duration_span_visible,site_page_only,medium_contextual_numeric_mix,context_layer_with_explicit_caveat,https://browser.sead.se/site/3919,228-233 BP,Readers may need to inspect the upstream SEAD site page because the repository does not currently expose stronger reference links.
5606,Moarna,Sweden,numeric_span_with_contextual_caveat,duration_span_visible,site_page_only,medium_contextual_numeric_mix,context_layer_with_explicit_caveat,https://browser.sead.se/site/5606,Holocene; Lateglacial (5020-10440 BP),Readers may need to inspect the upstream SEAD site page because the repository does not currently expose stronger reference links.
4060,Mortorps kyrka,Sweden,numeric_span_with_contextual_caveat,duration_span_visible,site_page_only,medium_contextual_numeric_mix,context_layer_with_explicit_caveat,https://browser.sead.se/site/4060,119-121 BP,Readers may need to inspect the upstream SEAD site page because the repository does not currently expose stronger reference links.
5294,Mossby,Sweden,numeric_span_with_contextual_caveat,duration_span_visible,site_page_only,medium_contextual_numeric_mix,context_layer_with_explicit_caveat,https://browser.sead.se/site/5294,Lateglacial; Holocene (0-13500 BP),Readers may need to inspect the upstream SEAD site page because the repository does not currently expose stronger reference links.
4544,"Myrby trask, Tunåsen",Sweden,numeric_span_with_contextual_caveat,duration_span_visible,site_page_only,medium_contextual_numeric_mix,context_layer_with_explicit_caveat,https://browser.sead.se/site/4544,Late Holocene (0-5000 BP),Readers may need to inspect the upstream SEAD site page because the repository does not currently expose stronger reference links.
3549,Mysinge,Sweden,numeric_span_with_contextual_caveat,duration_span_visible,site_page_only,medium_contextual_numeric_mix,context_layer_with_explicit_caveat,https://browser.sead.se/site/3549,CAL_PERIOD_5500-4800_BP (4750-5450 BP),Readers may need to inspect the upstream SEAD site page because the repository does not currently expose stronger reference links.
4058,Måcketorpsboden,Sweden,numeric_span_with_contextual_caveat,duration_span_visible,site_page_only,medium_contextual_numeric_mix,context_layer_with_explicit_caveat,https://browser.sead.se/site/4058,306-410 BP,Readers may need to inspect the upstream SEAD site page because the repository does not currently expose stronger reference links.
3547,Mören,Sweden,numeric_span_with_contextual_caveat,duration_span_visible,site_page_only,medium_contextual_numeric_mix,context_layer_with_explicit_caveat,https://browser.sead.se/site/3547,Quaternary; Late Neolithic - Early Bronze Age S Scandinavia (3050-2700000 BP),Readers may need to inspect the upstream SEAD site page because the repository does not currently expose stronger reference links.
3546,Mötesstation Kosjärv,Sweden,numeric_span_with_contextual_caveat,duration_span_visible,site_page_only,medium_contextual_numeric_mix,context_layer_with_explicit_caveat,https://browser.sead.se/site/3546,Early Iron Age (1550-2450 BP),Readers may need to inspect the upstream SEAD site page because the repository does not currently expose stronger reference links.
3548,Møllegårdsmarken,Denmark,numeric_span_with_contextual_caveat,duration_span_visible,site_page_only,medium_contextual_numeric_mix,context_layer_with_explicit_caveat,https://browser.sead.se/site/3548,Roman Iron Age (1550-1950 BP),Readers may need to inspect the upstream SEAD site page because the repository does not currently expose stronger reference links.
5303,Møn unlocated 1896,Denmark,numeric_span_with_contextual_caveat,duration_span_visible,site_page_only,medium_contextual_numeric_mix,context_layer_with_explicit_caveat,https://browser.sead.se/site/5303,Holocene (0-10000 BP),Readers may need to inspect the upstream SEAD site page because the repository does not currently expose stronger reference links.
5073,Nedervetil,Finland,numeric_span_with_contextual_caveat,duration_span_visible,site_page_only,medium_contextual_numeric_mix,context_layer_with_explicit_caveat,https://browser.sead.se/site/5073,Holocene (0-10000 BP),Readers may need to inspect the upstream SEAD site page because the repository does not currently expose stronger reference links.
5122,Nedre Hervavatnet,Norway,numeric_span_with_contextual_caveat,duration_span_visible,site_page_only,medium_contextual_numeric_mix,context_layer_with_explicit_caveat,https://browser.sead.se/site/5122,Early Holocene (7000-10000 BP),Readers may need to inspect the upstream SEAD site page because the repository does not currently expose stronger reference links.
3545,Neukirchen-Bostholm,Denmark,numeric_span_with_contextual_caveat,duration_span_visible,site_page_only,medium_contextual_numeric_mix,context_layer_with_explicit_caveat,https://browser.sead.se/site/3545,Middle neolithic Germany (6200-6750 BP),Readers may need to inspect the upstream SEAD site page because the repository does not currently expose stronger reference links.
3543,Nibble,Sweden,numeric_span_with_contextual_caveat,duration_span_visible,site_page_only,medium_contextual_numeric_mix,context_layer_with_explicit_caveat,https://browser.sead.se/site/3543,Bronze Age Period IV - VI (2450-3050 BP),Readers may need to inspect the upstream SEAD site page because the repository does not currently expose stronger reference links.
3542,Niskanperä,Finland,numeric_span_with_contextual_caveat,duration_span_visible,site_page_only,medium_contextual_numeric_mix,context_layer_with_explicit_caveat,https://browser.sead.se/site/3542,Neolithic N Scandinavia (3750-5100 BP),Readers may need to inspect the upstream SEAD site page because the repository does not currently expose stronger reference links.
3541,Noatun Neset,Norway,numeric_span_with_contextual_caveat,duration_span_visible,site_page_only,medium_contextual_numeric_mix,context_layer_with_explicit_caveat,https://browser.sead.se/site/3541,Bronze Age Scandinavia (2450-3750 BP),Readers may need to inspect the upstream SEAD site page because the repository does not currently expose stronger reference links.
4053,Nora Kyrka,Sweden,numeric_span_with_contextual_caveat,point_like_or_single_year,site_page_only,medium_contextual_numeric_mix,context_layer_with_explicit_caveat,https://browser.sead.se/site/4053,578 BP,Readers may need to inspect the upstream SEAD site page because the repository does not currently expose stronger reference links.
4052,Norra Mellby kyrka,Sweden,numeric_span_with_contextual_caveat,duration_span_visible,site_page_only,medium_contextual_numeric_mix,context_layer_with_explicit_caveat,https://browser.sead.se/site/4052,120-909 BP,Readers may need to inspect the upstream SEAD site page because the repository does not currently expose stronger reference links.
3540,Norra Nöbbelöv,Sweden,numeric_span_with_contextual_caveat,duration_span_visible,site_page_only,medium_contextual_numeric_mix,context_layer_with_explicit_caveat,https://browser.sead.se/site/3540,Quaternary; Middle neolithic S Scandinavia (4350-2700000 BP),Readers may need to inspect the upstream SEAD site page because the repository does not currently expose stronger reference links.
4051,Norra Rörums kyrka,Sweden,numeric_span_with_contextual_caveat,duration_span_visible,site_page_only,medium_contextual_numeric_mix,context_layer_with_explicit_caveat,https://browser.sead.se/site/4051,267-520 BP,Readers may need to inspect the upstream SEAD site page because the repository does not currently expose stronger reference links.
4050,Norra Solberga gamla kyrka,Sweden,numeric_span_with_contextual_caveat,duration_span_visible,site_page_only,medium_contextual_numeric_mix,context_layer_with_explicit_caveat,https://browser.sead.se/site/4050,594-812 BP,Readers may need to inspect the upstream SEAD site page because the repository does not currently expose stronger reference links.
4049,Norra Åsums kyrka,Sweden,numeric_span_with_contextual_caveat,duration_span_visible,site_page_only,medium_contextual_numeric_mix,context_layer_with_explicit_caveat,https://browser.sead.se/site/4049,227-992 BP,Readers may need to inspect the upstream SEAD site page because the repository does not currently expose stronger reference links.
4048,Norrby,Sweden,numeric_span_with_contextual_caveat,duration_span_visible,site_page_only,medium_contextual_numeric_mix,context_layer_with_explicit_caveat,https://browser.sead.se/site/4048,393-397 BP,Readers may need to inspect the upstream SEAD site page because the repository does not currently expose stronger reference links.
3539,Norrkvie,Sweden,numeric_span_with_contextual_caveat,duration_span_visible,site_page_only,medium_contextual_numeric_mix,context_layer_with_explicit_caveat,https://browser.sead.se/site/3539,Viking (850-1150 BP),Readers may need to inspect the upstream SEAD site page because the repository does not currently expose stronger reference links.
3538,Norrsunda 167,Sweden,numeric_span_with_contextual_caveat,duration_span_visible,site_page_only,medium_contextual_numeric_mix,context_layer_with_explicit_caveat,https://browser.sead.se/site/3538,Medieval Scandinavia; Viking (450-1150 BP),Readers may need to inspect the upstream SEAD site page because the repository does not currently expose stronger reference links.
3537,Norrvidinge,Sweden,numeric_span_with_contextual_caveat,duration_span_visible,site_page_only,medium_contextual_numeric_mix,context_layer_with_explicit_caveat,https://browser.sead.se/site/3537,Late Neolithic - Early Bronze Age S Scandinavia (3050-4350 BP),Readers may need to inspect the upstream SEAD site page because the repository does not currently expose stronger reference links.
4046,Norrvidinge kyrka,Sweden,numeric_span_with_contextual_caveat,duration_span_visible,site_page_only,medium_contextual_numeric_mix,context_layer_with_explicit_caveat,https://browser.sead.se/site/4046,880-910 BP,Readers may need to inspect the upstream SEAD site page because the repository does not currently expose stronger reference links.
3536,Norsminde,Denmark,numeric_span_with_contextual_caveat,duration_span_visible,site_page_only,medium_contextual_numeric_mix,context_layer_with_explicit_caveat,https://browser.sead.se/site/3536,Mesolithic  - Early Neolithic Scandinavia (5250-12950 BP),Readers may need to inspect the upstream SEAD site page because the repository does not currently expose stronger reference links.
5379,Nybygget,Sweden,numeric_span_with_contextual_caveat,duration_span_visible,site_page_only,medium_contextual_numeric_mix,context_layer_with_explicit_caveat,https://browser.sead.se/site/5379,Early Weichselian (45000-122000 BP),Readers may need to inspect the upstream SEAD site page because the repository does not currently expose stronger reference links.
3535,Nybölle 4,Denmark,numeric_span_with_contextual_caveat,duration_span_visible,site_page_only,medium_contextual_numeric_mix,context_layer_with_explicit_caveat,https://browser.sead.se/site/3535,Roman Iron Age (1550-1950 BP),Readers may need to inspect the upstream SEAD site page because the repository does not currently expose stronger reference links.
3863,Näs,Sweden,numeric_span_with_contextual_caveat,duration_span_visible,site_page_only,medium_contextual_numeric_mix,context_layer_with_explicit_caveat,https://browser.sead.se/site/3863,142-303 BP,Readers may need to inspect the upstream SEAD site page because the repository does not currently expose stronger reference links.
4044,Näs kyrka,Sweden,numeric_span_with_contextual_caveat,duration_span_visible,site_page_only,medium_contextual_numeric_mix,context_layer_with_explicit_caveat,https://browser.sead.se/site/4044,245-286 BP,Readers may need to inspect the upstream SEAD site page because the repository does not currently expose stronger reference links.
3534,Näsan (Sandbro),Sweden,numeric_span_with_contextual_caveat,duration_span_visible,site_page_only,medium_contextual_numeric_mix,context_layer_with_explicit_caveat,https://browser.sead.se/site/3534,CAL_PERIOD_800-600_BP (550-750 BP),Readers may need to inspect the upstream SEAD site page because the repository does not currently expose stronger reference links.
4043,Nääs gård,Sweden,numeric_span_with_contextual_caveat,duration_span_visible,site_page_only,medium_contextual_numeric_mix,context_layer_with_explicit_caveat,https://browser.sead.se/site/4043,128-184 BP,Readers may need to inspect the upstream SEAD site page because the repository does not currently expose stronger reference links.
3533,Nöbbelöv,Sweden,numeric_span_with_contextual_caveat,duration_span_visible,site_page_only,medium_contextual_numeric_mix,context_layer_with_explicit_caveat,https://browser.sead.se/site/3533,Early Neolithic - Middle Neolithic S Scandinavia (4350-5950 BP),Readers may need to inspect the upstream SEAD site page because the repository does not currently expose stronger reference links.
4554,Nørre Lyngby,Denmark,numeric_span_with_contextual_caveat,duration_span_visible,site_page_only,medium_contextual_numeric_mix,context_layer_with_explicit_caveat,https://browser.sead.se/site/4554,Lateglacial (11460-13597 BP),Readers may need to inspect the upstream SEAD site page because the repository does not currently expose stronger reference links.
5617,Odense,Denmark,numeric_span_with_contextual_caveat,duration_span_visible,site_page_only,medium_contextual_numeric_mix,context_layer_with_explicit_caveat,https://browser.sead.se/site/5617,Viking (850-1150 BP),Readers may need to inspect the upstream SEAD site page because the repository does not currently expose stronger reference links.
5524,Oksnes,Norway,numeric_span_with_contextual_caveat,duration_span_visible,site_page_only,medium_contextual_numeric_mix,context_layer_with_explicit_caveat,https://browser.sead.se/site/5524,Viking; CAL_800-1050_AD (900-1150 BP),Readers may need to inspect the upstream SEAD site page because the repository does not currently expose stronger reference links.
4848,Onttoharjut,Sweden,numeric_span_with_contextual_caveat,duration_span_visible,site_page_only,medium_contextual_numeric_mix,context_layer_with_explicit_caveat,https://browser.sead.se/site/4848,Early Weichselian (45000-122000 BP),Readers may need to inspect the upstream SEAD site page because the repository does not currently expose stronger reference links.
4566,Onttovaara,Sweden,numeric_span_with_contextual_caveat,duration_span_visible,site_page_only,medium_contextual_numeric_mix,context_layer_with_explicit_caveat,https://browser.sead.se/site/4566,Early Weichselian (45000-122000 BP),Readers may need to inspect the upstream SEAD site page because the repository does not currently expose stronger reference links.
3531,Orraryd,Sweden,numeric_span_with_contextual_caveat,duration_span_visible,site_page_only,medium_contextual_numeric_mix,context_layer_with_explicit_caveat,https://browser.sead.se/site/3531,Bronze Age Scandinavia (2450-3750 BP),Readers may need to inspect the upstream SEAD site page because the repository does not currently expose stronger reference links.
4569,Oskarshamn wreck,Sweden,numeric_span_with_contextual_caveat,duration_span_visible,site_page_only,medium_contextual_numeric_mix,context_layer_with_explicit_caveat,https://browser.sead.se/site/4569,Medieval; CAL_1242_AD-; CAL_-1300_AD; CAL_1200-1300_AD (650-750 BP),Readers may need to inspect the upstream SEAD site page because the repository does not currently expose stronger reference links.
4570,Oslo: Gamlebyen,Norway,numeric_span_with_contextual_caveat,duration_span_visible,site_page_only,medium_contextual_numeric_mix,context_layer_with_explicit_caveat,https://browser.sead.se/site/4570,Medieval; CAL_1175-1225_AD; CAL_1275-1300_AD; CAL_1150-1200_AD; CAL_-1225_AD; CAL_1175_AD-; CAL_1025-1075_AD; CAL_1050-1100_AD (650-925 BP),Readers may need to inspect the upstream SEAD site page because the repository does not currently expose stronger reference links.
4571,Oslo: Oslogate 3 & 7,Norway,numeric_span_with_contextual_caveat,duration_span_visible,site_page_only,medium_contextual_numeric_mix,context_layer_with_explicit_caveat,https://browser.sead.se/site/4571,Medieval; CAL_1200-1250_AD; CAL_1400-1500_AD; CAL_1150-1225_AD; CAL_1150-1200_AD; CAL_1150-1500_AD (450-800 BP),Readers may need to inspect the upstream SEAD site page because the repository does not currently expose stronger reference links.
3529,Ottenby,Sweden,numeric_span_with_contextual_caveat,duration_span_visible,site_page_only,medium_contextual_numeric_mix,context_layer_with_explicit_caveat,https://browser.sead.se/site/3529,Quaternary; CAL_PERIOD_5200-4800_BP (4750-2700000 BP),Readers may need to inspect the upstream SEAD site page because the repository does not currently expose stronger reference links.
4041,Ottenby kungsgård,Sweden,numeric_span_with_contextual_caveat,duration_span_visible,site_page_only,medium_contextual_numeric_mix,context_layer_with_explicit_caveat,https://browser.sead.se/site/4041,81-217 BP,Readers may need to inspect the upstream SEAD site page because the repository does not currently expose stronger reference links.
4847,Outojärvi,Sweden,numeric_span_with_contextual_caveat,duration_span_visible,site_page_only,medium_contextual_numeric_mix,context_layer_with_explicit_caveat,https://browser.sead.se/site/4847,Early Weichselian (45000-122000 BP),Readers may need to inspect the upstream SEAD site page because the repository does not currently expose stronger reference links.
3527,Oxiegården,Sweden,numeric_span_with_contextual_caveat,duration_span_visible,site_page_only,medium_contextual_numeric_mix,context_layer_with_explicit_caveat,https://browser.sead.se/site/3527,Viking Age - Medieval Period Scandinavia (450-1150 BP),Readers may need to inspect the upstream SEAD site page because the repository does not currently expose stronger reference links.
3526,"Oxsätra, Anneberg",Sweden,numeric_span_with_contextual_caveat,duration_span_visible,site_page_only,medium_contextual_numeric_mix,context_layer_with_explicit_caveat,https://browser.sead.se/site/3526,Early neolithic S Scandinavia (5250-5950 BP),Readers may need to inspect the upstream SEAD site page because the repository does not currently expose stronger reference links.
3523,Parboäng,Sweden,numeric_span_with_contextual_caveat,point_like_or_single_year,site_page_only,medium_contextual_numeric_mix,context_layer_with_explicit_caveat,https://browser.sead.se/site/3523,Quaternary (2700000 BP),Readers may need to inspect the upstream SEAD site page because the repository does not currently expose stronger reference links.
5074,Perho,Finland,numeric_span_with_contextual_caveat,duration_span_visible,site_page_only,medium_contextual_numeric_mix,context_layer_with_explicit_caveat,https://browser.sead.se/site/5074,Holocene (0-10000 BP),Readers may need to inspect the upstream SEAD site page because the repository does not currently expose stronger reference links.
3522,Perkiö,Finland,numeric_span_with_contextual_caveat,duration_span_visible,site_page_only,medium_contextual_numeric_mix,context_layer_with_explicit_caveat,https://browser.sead.se/site/3522,Middle neolithic S Scandinavia (4350-5250 BP),Readers may need to inspect the upstream SEAD site page because the repository does not currently expose stronger reference links.
4039,Perstorps kyrka,Sweden,numeric_span_with_contextual_caveat,duration_span_visible,site_page_only,medium_contextual_numeric_mix,context_layer_with_explicit_caveat,https://browser.sead.se/site/4039,170-747 BP,Readers may need to inspect the upstream SEAD site page because the repository does not currently expose stronger reference links.
5067,Pihtipudas: Lake Alvajärvi,Finland,numeric_span_with_contextual_caveat,duration_span_visible,site_page_only,medium_contextual_numeric_mix,context_layer_with_explicit_caveat,https://browser.sead.se/site/5067,Holocene (0-10000 BP),Readers may need to inspect the upstream SEAD site page because the repository does not currently expose stronger reference links.
4586,Piilonsuo,Finland,numeric_span_with_contextual_caveat,duration_span_visible,site_page_only,medium_contextual_numeric_mix,context_layer_with_explicit_caveat,https://browser.sead.se/site/4586,Holocene (0-10000 BP),Readers may need to inspect the upstream SEAD site page because the repository does not currently expose stronger reference links.
3521,Pileskoven,Denmark,numeric_span_with_contextual_caveat,duration_span_visible,site_page_only,medium_contextual_numeric_mix,context_layer_with_explicit_caveat,https://browser.sead.se/site/3521,Bronze Age Period II - VI (2450-3450 BP),Readers may need to inspect the upstream SEAD site page because the repository does not currently expose stronger reference links.
4795,Pilgrimstad,Sweden,numeric_span_with_contextual_caveat,duration_span_visible,site_page_only,medium_contextual_numeric_mix,context_layer_with_explicit_caveat,https://browser.sead.se/site/4795,Early Weichselian (45000-122000 BP),Readers may need to inspect the upstream SEAD site page because the repository does not currently expose stronger reference links.
3520,Pinnekulla,Sweden,numeric_span_with_contextual_caveat,point_like_or_single_year,site_page_only,medium_contextual_numeric_mix,context_layer_with_explicit_caveat,https://browser.sead.se/site/3520,Quaternary (2700000 BP),Readers may need to inspect the upstream SEAD site page because the repository does not currently expose stronger reference links.
5066,Piteå: Borgsfors,Sweden,numeric_span_with_contextual_caveat,duration_span_visible,site_page_only,medium_contextual_numeric_mix,context_layer_with_explicit_caveat,https://browser.sead.se/site/5066,Holocene (0-10000 BP),Readers may need to inspect the upstream SEAD site page because the repository does not currently expose stronger reference links.
5096,Pomarrku,Finland,numeric_span_with_contextual_caveat,duration_span_visible,site_page_only,medium_contextual_numeric_mix,context_layer_with_explicit_caveat,https://browser.sead.se/site/5096,Late Holocene (0-5000 BP),Readers may need to inspect the upstream SEAD site page because the repository does not currently expose stronger reference links.
3517,Pryssgården,Sweden,numeric_span_with_contextual_caveat,duration_span_visible,site_page_only,medium_contextual_numeric_mix,context_layer_with_explicit_caveat,https://browser.sead.se/site/3517,Bronze Age Period II - VI (2450-3450 BP),Readers may need to inspect the upstream SEAD site page because the repository does not currently expose stronger reference links.
3516,Prästgården,Sweden,numeric_span_with_contextual_caveat,duration_span_visible,site_page_only,medium_contextual_numeric_mix,context_layer_with_explicit_caveat,https://browser.sead.se/site/3516,Quaternary; Pre Roman Iron Age (1950-2700000 BP),Readers may need to inspect the upstream SEAD site page because the repository does not currently expose stronger reference links.
4910,Præstelyngen i Åmosen,Denmark,numeric_span_with_contextual_caveat,duration_span_visible,site_page_with_reference_links,medium_contextual_numeric_mix,context_layer_with_explicit_caveat,https://browser.sead.se/site/4910,Mesolithic (5730-6880 BP),"This row carries a visible site span, but the span still belongs to archaeology context rather than a sample-owned event."
4851,Purasharju,Sweden,numeric_span_with_contextual_caveat,duration_span_visible,site_page_only,medium_contextual_numeric_mix,context_layer_with_explicit_caveat,https://browser.sead.se/site/4851,Early Weichselian (45000-122000 BP),Readers may need to inspect the upstream SEAD site page because the repository does not currently expose stronger reference links.
5088,Pyhäjärvi: Hoikkaneva,Finland,numeric_span_with_contextual_caveat,duration_span_visible,site_page_only,medium_contextual_numeric_mix,context_layer_with_explicit_caveat,https://browser.sead.se/site/5088,Early Holocene (7000-10000 BP),Readers may need to inspect the upstream SEAD site page because the repository does not currently expose stronger reference links.
5068,Pöytä: Pinomaesuo,Finland,numeric_span_with_contextual_caveat,duration_span_visible,site_page_only,medium_contextual_numeric_mix,context_layer_with_explicit_caveat,https://browser.sead.se/site/5068,Holocene (0-10000 BP),Readers may need to inspect the upstream SEAD site page because the repository does not currently expose stronger reference links.
3861,Qvarnarp,Sweden,numeric_span_with_contextual_caveat,duration_span_visible,site_page_only,medium_contextual_numeric_mix,context_layer_with_explicit_caveat,https://browser.sead.se/site/3861,151-153 BP,Readers may need to inspect the upstream SEAD site page because the repository does not currently expose stronger reference links.
5312,Raabjerg,Denmark,numeric_span_with_contextual_caveat,duration_span_visible,site_page_only,medium_contextual_numeric_mix,context_layer_with_explicit_caveat,https://browser.sead.se/site/5312,Holocene (0-10000 BP),Readers may need to inspect the upstream SEAD site page because the repository does not currently expose stronger reference links.
3513,Ramshög,Sweden,numeric_span_with_contextual_caveat,duration_span_visible,site_page_only,medium_contextual_numeric_mix,context_layer_with_explicit_caveat,https://browser.sead.se/site/3513,Middle neolithic S Scandinavia (4350-5250 BP),Readers may need to inspect the upstream SEAD site page because the repository does not currently expose stronger reference links.
3512,Ramsättra,Sweden,numeric_span_with_contextual_caveat,point_like_or_single_year,site_page_only,medium_contextual_numeric_mix,context_layer_with_explicit_caveat,https://browser.sead.se/site/3512,Quaternary (2700000 BP),Readers may need to inspect the upstream SEAD site page because the repository does not currently expose stronger reference links.
5631,Ramså,Norway,numeric_span_with_contextual_caveat,duration_span_visible,site_page_only,medium_contextual_numeric_mix,context_layer_with_explicit_caveat,https://browser.sead.se/site/5631,Early Holocene (7000-10000 BP),Readers may need to inspect the upstream SEAD site page because the repository does not currently expose stronger reference links.
4598,Ranstad,Sweden,numeric_span_with_contextual_caveat,duration_span_visible,site_page_only,medium_contextual_numeric_mix,context_layer_with_explicit_caveat,https://browser.sead.se/site/4598,Lateglacial (9700-13500 BP),Readers may need to inspect the upstream SEAD site page because the repository does not currently expose stronger reference links.
3511,Rappasundet,Sweden,numeric_span_with_contextual_caveat,duration_span_visible,site_page_only,medium_contextual_numeric_mix,context_layer_with_explicit_caveat,https://browser.sead.se/site/3511,Bronze Age Scandinavia (2450-3750 BP),Readers may need to inspect the upstream SEAD site page because the repository does not currently expose stronger reference links.
5071,Rautio: Kärkiskylä,Finland,numeric_span_with_contextual_caveat,duration_span_visible,site_page_only,medium_contextual_numeric_mix,context_layer_with_explicit_caveat,https://browser.sead.se/site/5071,Holocene (0-10000 BP),Readers may need to inspect the upstream SEAD site page because the repository does not currently expose stronger reference links.
5075,Rautio: Osmina,Finland,numeric_span_with_contextual_caveat,duration_span_visible,site_page_only,medium_contextual_numeric_mix,context_layer_with_explicit_caveat,https://browser.sead.se/site/5075,Late Holocene (0-5000 BP),Readers may need to inspect the upstream SEAD site page because the repository does not currently expose stronger reference links.
4887,Rautu,Finland,numeric_span_with_contextual_caveat,duration_span_visible,site_page_only,medium_contextual_numeric_mix,context_layer_with_explicit_caveat,https://browser.sead.se/site/4887,Holocene (0-10000 BP),Readers may need to inspect the upstream SEAD site page because the repository does not currently expose stronger reference links.
4037,Ravlunda kyrka,Sweden,numeric_span_with_contextual_caveat,duration_span_visible,site_page_only,medium_contextual_numeric_mix,context_layer_with_explicit_caveat,https://browser.sead.se/site/4037,384-779 BP,Readers may need to inspect the upstream SEAD site page because the repository does not currently expose stronger reference links.
5089,Reisjärvi,Finland,numeric_span_with_contextual_caveat,duration_span_visible,site_page_only,medium_contextual_numeric_mix,context_layer_with_explicit_caveat,https://browser.sead.se/site/5089,Holocene (0-10000 BP),Readers may need to inspect the upstream SEAD site page because the repository does not currently expose stronger reference links.
4036,Resmo kyrka,Sweden,numeric_span_with_contextual_caveat,duration_span_visible,site_page_only,medium_contextual_numeric_mix,context_layer_with_explicit_caveat,https://browser.sead.se/site/4036,586-989 BP,Readers may need to inspect the upstream SEAD site page because the repository does not currently expose stronger reference links.
5638,Ribe: Posthustorvet,Denmark,numeric_span_with_contextual_caveat,duration_span_visible,site_page_only,medium_contextual_numeric_mix,context_layer_with_explicit_caveat,https://browser.sead.se/site/5638,Viking; CAL_690-790_AD (850-1260 BP),Readers may need to inspect the upstream SEAD site page because the repository does not currently expose stronger reference links.
4844,Riipiharju,Sweden,numeric_span_with_contextual_caveat,duration_span_visible,site_page_only,medium_contextual_numeric_mix,context_layer_with_explicit_caveat,https://browser.sead.se/site/4844,Early Weichselian (45000-122000 BP),Readers may need to inspect the upstream SEAD site page because the repository does not currently expose stronger reference links.
3509,Ringeby,Sweden,numeric_span_with_contextual_caveat,duration_span_visible,site_page_only,medium_contextual_numeric_mix,context_layer_with_explicit_caveat,https://browser.sead.se/site/3509,Quaternary; Bronze Age Period IV - VI (2450-2700000 BP),Readers may need to inspect the upstream SEAD site page because the repository does not currently expose stronger reference links.
3508,Ringkloster,Denmark,numeric_span_with_contextual_caveat,duration_span_visible,site_page_only,medium_contextual_numeric_mix,context_layer_with_explicit_caveat,https://browser.sead.se/site/3508,Mesolithic  - Early Neolithic Scandinavia (5250-12950 BP),Readers may need to inspect the upstream SEAD site page because the repository does not currently expose stronger reference links.
3507,Roes,Sweden,numeric_span_with_contextual_caveat,duration_span_visible,site_page_only,medium_contextual_numeric_mix,context_layer_with_explicit_caveat,https://browser.sead.se/site/3507,Viking (850-1150 BP),Readers may need to inspect the upstream SEAD site page because the repository does not currently expose stronger reference links.
3506,Rognlien IV/Langangen,Norway,numeric_span_with_contextual_caveat,duration_span_visible,site_page_only,medium_contextual_numeric_mix,context_layer_with_explicit_caveat,https://browser.sead.se/site/3506,Middle neolithic S Scandinavia (4350-5250 BP),Readers may need to inspect the upstream SEAD site page because the repository does not currently expose stronger reference links.
4034,Rogslösa kyrka,Sweden,numeric_span_with_contextual_caveat,duration_span_visible,site_page_only,medium_contextual_numeric_mix,context_layer_with_explicit_caveat,https://browser.sead.se/site/4034,295-1008 BP,Readers may need to inspect the upstream SEAD site page because the repository does not currently expose stronger reference links.
4855,Rotheden,Sweden,numeric_span_with_contextual_caveat,duration_span_visible,site_page_only,medium_contextual_numeric_mix,context_layer_with_explicit_caveat,https://browser.sead.se/site/4855,Oxygen Isotope Stage 3 (29000-57000 BP),Readers may need to inspect the upstream SEAD site page because the repository does not currently expose stronger reference links.
5296,Rudersdal Kro Mose,Denmark,numeric_span_with_contextual_caveat,duration_span_visible,site_page_only,medium_contextual_numeric_mix,context_layer_with_explicit_caveat,https://browser.sead.se/site/5296,Holocene (0-10000 BP),Readers may need to inspect the upstream SEAD site page because the repository does not currently expose stronger reference links.
4033,Rusthållargården,Sweden,numeric_span_with_contextual_caveat,duration_span_visible,site_page_only,medium_contextual_numeric_mix,context_layer_with_explicit_caveat,https://browser.sead.se/site/4033,395-399 BP,Readers may need to inspect the upstream SEAD site page because the repository does not currently expose stronger reference links.
3502,Rya,Sweden,numeric_span_with_contextual_caveat,duration_span_visible,site_page_only,medium_contextual_numeric_mix,context_layer_with_explicit_caveat,https://browser.sead.se/site/3502,Bronze Age Period IV - VI (2450-3050 BP),Readers may need to inspect the upstream SEAD site page because the repository does not currently expose stronger reference links.
3501,Ryssgärdet,Sweden,numeric_span_with_contextual_caveat,duration_span_visible,site_page_only,medium_contextual_numeric_mix,context_layer_with_explicit_caveat,https://browser.sead.se/site/3501,Quaternary; Bronze Age Period II - IV (2850-2700000 BP),Readers may need to inspect the upstream SEAD site page because the repository does not currently expose stronger reference links.
3499,Råga Hörstad,Sweden,numeric_span_with_contextual_caveat,duration_span_visible,site_page_only,medium_contextual_numeric_mix,context_layer_with_explicit_caveat,https://browser.sead.se/site/3499,Medieval Scandinavia; Early Neolithic - Middle Neolithic S Scandinavia (450-5950 BP),Readers may need to inspect the upstream SEAD site page because the repository does not currently expose stronger reference links.
3498,Råinget,Sweden,numeric_span_with_contextual_caveat,duration_span_visible,site_page_only,medium_contextual_numeric_mix,context_layer_with_explicit_caveat,https://browser.sead.se/site/3498,Pre Roman Iron Age; Bronze Age Scandinavia (1950-3750 BP),Readers may need to inspect the upstream SEAD site page because the repository does not currently expose stronger reference links.
3496,Röetved II,Sweden,numeric_span_with_contextual_caveat,duration_span_visible,site_page_only,medium_contextual_numeric_mix,context_layer_with_explicit_caveat,https://browser.sead.se/site/3496,Middle neolithic S Scandinavia (4350-5250 BP),Readers may need to inspect the upstream SEAD site page because the repository does not currently expose stronger reference links.
4029,Röhälla,Sweden,numeric_span_with_contextual_caveat,duration_span_visible,site_page_only,medium_contextual_numeric_mix,context_layer_with_explicit_caveat,https://browser.sead.se/site/4029,169-186 BP,Readers may need to inspect the upstream SEAD site page because the repository does not currently expose stronger reference links.
3494,"Rörstrand, Bottna Herrgård",Sweden,numeric_span_with_contextual_caveat,duration_span_visible,site_page_only,medium_contextual_numeric_mix,context_layer_with_explicit_caveat,https://browser.sead.se/site/3494,CAL_PERIOD_300-200_BP (150-250 BP),Readers may need to inspect the upstream SEAD site page because the repository does not currently expose stronger reference links.
3493,Rössberga Megalithic,Sweden,numeric_span_with_contextual_caveat,duration_span_visible,site_page_only,medium_contextual_numeric_mix,context_layer_with_explicit_caveat,https://browser.sead.se/site/3493,Middle neolithic S Scandinavia (4350-5250 BP),Readers may need to inspect the upstream SEAD site page because the repository does not currently expose stronger reference links.
3492,Rössvik,Norway,numeric_span_with_contextual_caveat,duration_span_visible,site_page_only,medium_contextual_numeric_mix,context_layer_with_explicit_caveat,https://browser.sead.se/site/3492,Migration period Scandinavia (1400-1550 BP),Readers may need to inspect the upstream SEAD site page because the repository does not currently expose stronger reference links.
3497,Rødskjær/Halvarp,Norway,numeric_span_with_contextual_caveat,duration_span_visible,site_page_only,medium_contextual_numeric_mix,context_layer_with_explicit_caveat,https://browser.sead.se/site/3497,Middle neolithic S Scandinavia (4350-5250 BP),Readers may need to inspect the upstream SEAD site page because the repository does not currently expose stronger reference links.
5307,Rønbro,Denmark,numeric_span_with_contextual_caveat,duration_span_visible,site_page_only,medium_contextual_numeric_mix,context_layer_with_explicit_caveat,https://browser.sead.se/site/5307,Holocene (0-10000 BP),Readers may need to inspect the upstream SEAD site page because the repository does not currently expose stronger reference links.
3495,Rørarød,Norway,numeric_span_with_contextual_caveat,duration_span_visible,site_page_only,medium_contextual_numeric_mix,context_layer_with_explicit_caveat,https://browser.sead.se/site/3495,Roman Iron Age (1550-1950 BP),Readers may need to inspect the upstream SEAD site page because the repository does not currently expose stronger reference links.
4617,Samnan,Sweden,numeric_span_with_contextual_caveat,duration_span_visible,site_page_only,medium_contextual_numeric_mix,context_layer_with_explicit_caveat,https://browser.sead.se/site/4617,Post Medieval (0-400 BP),Readers may need to inspect the upstream SEAD site page because the repository does not currently expose stronger reference links.
3491,Sanda,Sweden,numeric_span_with_contextual_caveat,duration_span_visible,site_page_only,medium_contextual_numeric_mix,context_layer_with_explicit_caveat,https://browser.sead.se/site/3491,Viking (850-1150 BP),Readers may need to inspect the upstream SEAD site page because the repository does not currently expose stronger reference links.
4027,Sandby prästgård,Sweden,numeric_span_with_contextual_caveat,duration_span_visible,site_page_only,medium_contextual_numeric_mix,context_layer_with_explicit_caveat,https://browser.sead.se/site/4027,161-235 BP,Readers may need to inspect the upstream SEAD site page because the repository does not currently expose stronger reference links.
3858,Sandemar,Sweden,numeric_span_with_contextual_caveat,duration_span_visible,site_page_only,medium_contextual_numeric_mix,context_layer_with_explicit_caveat,https://browser.sead.se/site/3858,102-186 BP,Readers may need to inspect the upstream SEAD site page because the repository does not currently expose stronger reference links.
5290,Sandåkra,Sweden,numeric_span_with_contextual_caveat,duration_span_visible,site_page_only,medium_contextual_numeric_mix,context_layer_with_explicit_caveat,https://browser.sead.se/site/5290,Historical (0-2000 BP),Readers may need to inspect the upstream SEAD site page because the repository does not currently expose stronger reference links.
4025,Sankt Clemens kyrkoruin,Sweden,numeric_span_with_contextual_caveat,point_like_or_single_year,site_page_only,medium_contextual_numeric_mix,context_layer_with_explicit_caveat,https://browser.sead.se/site/4025,736 BP,Readers may need to inspect the upstream SEAD site page because the repository does not currently expose stronger reference links.
4024,Sankt Lars kyrka,Sweden,numeric_span_with_contextual_caveat,duration_span_visible,site_page_only,medium_contextual_numeric_mix,context_layer_with_explicit_caveat,https://browser.sead.se/site/4024,616-788 BP,Readers may need to inspect the upstream SEAD site page because the repository does not currently expose stronger reference links.
4023,Sankt Peters klosters kyrka,Sweden,numeric_span_with_contextual_caveat,duration_span_visible,site_page_only,medium_contextual_numeric_mix,context_layer_with_explicit_caveat,https://browser.sead.se/site/4023,258-276 BP,Readers may need to inspect the upstream SEAD site page because the repository does not currently expose stronger reference links.
4022,Sankta Maria kyrka,Sweden,numeric_span_with_contextual_caveat,duration_span_visible,site_page_only,medium_contextual_numeric_mix,context_layer_with_explicit_caveat,https://browser.sead.se/site/4022,435-572 BP,Readers may need to inspect the upstream SEAD site page because the repository does not currently expose stronger reference links.
3490,Santa Maria,Sweden,numeric_span_with_contextual_caveat,duration_span_visible,site_page_only,medium_contextual_numeric_mix,context_layer_with_explicit_caveat,https://browser.sead.se/site/3490,Medieval Scandinavia (450-900 BP),Readers may need to inspect the upstream SEAD site page because the repository does not currently expose stronger reference links.
4846,Sarkasvaara,Sweden,numeric_span_with_contextual_caveat,duration_span_visible,site_page_only,medium_contextual_numeric_mix,context_layer_with_explicit_caveat,https://browser.sead.se/site/4846,Early Weichselian (45000-122000 BP),Readers may need to inspect the upstream SEAD site page because the repository does not currently expose stronger reference links.
3489,Saxtorp (SU 8),Sweden,numeric_span_with_contextual_caveat,duration_span_visible,site_page_only,medium_contextual_numeric_mix,context_layer_with_explicit_caveat,https://browser.sead.se/site/3489,Early neolithic S Scandinavia (5250-5950 BP),Readers may need to inspect the upstream SEAD site page because the repository does not currently expose stronger reference links.
3488,Schweitzergränd,Sweden,numeric_span_with_contextual_caveat,duration_span_visible,site_page_only,medium_contextual_numeric_mix,context_layer_with_explicit_caveat,https://browser.sead.se/site/3488,Medieval Scandinavia (450-900 BP),Readers may need to inspect the upstream SEAD site page because the repository does not currently expose stronger reference links.
4958,Sejerø,Denmark,numeric_span_with_contextual_caveat,duration_span_visible,site_page_only,medium_contextual_numeric_mix,context_layer_with_explicit_caveat,https://browser.sead.se/site/4958,Mid-Devensian (31000-39000 BP),Readers may need to inspect the upstream SEAD site page because the repository does not currently expose stronger reference links.
4021,Sibbo,Sweden,numeric_span_with_contextual_caveat,duration_span_visible,site_page_only,medium_contextual_numeric_mix,context_layer_with_explicit_caveat,https://browser.sead.se/site/4021,402-403 BP,Readers may need to inspect the upstream SEAD site page because the repository does not currently expose stronger reference links.
5049,Sigtuna,Sweden,numeric_span_with_contextual_caveat,duration_span_visible,site_page_only,medium_contextual_numeric_mix,context_layer_with_explicit_caveat,https://browser.sead.se/site/5049,Medieval (400-1550 BP),Readers may need to inspect the upstream SEAD site page because the repository does not currently expose stronger reference links.
3486,Siretorp,Sweden,numeric_span_with_contextual_caveat,duration_span_visible,site_page_only,medium_contextual_numeric_mix,context_layer_with_explicit_caveat,https://browser.sead.se/site/3486,Middle neolithic S Scandinavia; Early neolithic S Scandinavia; Mesolithic  - Early Neolithic Scandinavia (4350-12950 BP),Readers may need to inspect the upstream SEAD site page because the repository does not currently expose stronger reference links.
4845,Sivakkojärvi,Sweden,numeric_span_with_contextual_caveat,duration_span_visible,site_page_only,medium_contextual_numeric_mix,context_layer_with_explicit_caveat,https://browser.sead.se/site/4845,Early Weichselian (45000-122000 BP),Readers may need to inspect the upstream SEAD site page because the repository does not currently expose stronger reference links.
4016,Sjörups gamla kyrka,Sweden,numeric_span_with_contextual_caveat,duration_span_visible,site_page_only,medium_contextual_numeric_mix,context_layer_with_explicit_caveat,https://browser.sead.se/site/4016,542-581 BP,Readers may need to inspect the upstream SEAD site page because the repository does not currently expose stronger reference links.
5305,Sjørup,Denmark,numeric_span_with_contextual_caveat,duration_span_visible,site_page_only,medium_contextual_numeric_mix,context_layer_with_explicit_caveat,https://browser.sead.se/site/5305,Holocene (0-10000 BP),Readers may need to inspect the upstream SEAD site page because the repository does not currently expose stronger reference links.
5077,Skagen,Denmark,numeric_span_with_contextual_caveat,duration_span_visible,site_page_only,medium_contextual_numeric_mix,context_layer_with_explicit_caveat,https://browser.sead.se/site/5077,Holocene (0-10000 BP),Readers may need to inspect the upstream SEAD site page because the repository does not currently expose stronger reference links.
4013,Skarp-Ösby,Sweden,numeric_span_with_contextual_caveat,duration_span_visible,site_page_only,medium_contextual_numeric_mix,context_layer_with_explicit_caveat,https://browser.sead.se/site/4013,217-473 BP,Readers may need to inspect the upstream SEAD site page because the repository does not currently expose stronger reference links.
5295,Skateholm,Sweden,numeric_span_with_contextual_caveat,duration_span_visible,site_page_only,medium_contextual_numeric_mix,context_layer_with_explicit_caveat,https://browser.sead.se/site/5295,Holocene (0-10000 BP),Readers may need to inspect the upstream SEAD site page because the repository does not currently expose stronger reference links.
5062,Skattmansö,Sweden,numeric_span_with_contextual_caveat,duration_span_visible,site_page_only,medium_contextual_numeric_mix,context_layer_with_explicit_caveat,https://browser.sead.se/site/5062,Holocene (0-10000 BP),Readers may need to inspect the upstream SEAD site page because the repository does not currently expose stronger reference links.
3485,Skedemosse,Sweden,numeric_span_with_contextual_caveat,point_like_or_single_year,site_page_only,medium_contextual_numeric_mix,context_layer_with_explicit_caveat,https://browser.sead.se/site/3485,Quaternary (2700000 BP),Readers may need to inspect the upstream SEAD site page because the repository does not currently expose stronger reference links.
4012,Skeppsås kyrka,Sweden,numeric_span_with_contextual_caveat,duration_span_visible,site_page_only,medium_contextual_numeric_mix,context_layer_with_explicit_caveat,https://browser.sead.se/site/4012,339-388 BP,Readers may need to inspect the upstream SEAD site page because the repository does not currently expose stronger reference links.
5171,Skjaervika,Norway,numeric_span_with_contextual_caveat,duration_span_visible,site_page_only,medium_contextual_numeric_mix,context_layer_with_explicit_caveat,https://browser.sead.se/site/5171,Holocene (0-10000 BP),Readers may need to inspect the upstream SEAD site page because the repository does not currently expose stronger reference links.
3484,Skogsmossen,Sweden,numeric_span_with_contextual_caveat,duration_span_visible,site_page_only,medium_contextual_numeric_mix,context_layer_with_explicit_caveat,https://browser.sead.se/site/3484,CAL_PERIOD_6000-5200_BP (5150-5950 BP),Readers may need to inspect the upstream SEAD site page because the repository does not currently expose stronger reference links.
3483,Skrea 106,Sweden,numeric_span_with_contextual_caveat,duration_span_visible,site_page_only,medium_contextual_numeric_mix,context_layer_with_explicit_caveat,https://browser.sead.se/site/3483,Pre Roman Iron Age - Migration Period; Quaternary (1400-2700000 BP),Readers may need to inspect the upstream SEAD site page because the repository does not currently expose stronger reference links.
3856,Skrickerum,Sweden,numeric_span_with_contextual_caveat,duration_span_visible,site_page_only,medium_contextual_numeric_mix,context_layer_with_explicit_caveat,https://browser.sead.se/site/3856,115-144 BP,Readers may need to inspect the upstream SEAD site page because the repository does not currently expose stronger reference links.
3482,Skummeslöv,Sweden,numeric_span_with_contextual_caveat,duration_span_visible,site_page_only,medium_contextual_numeric_mix,context_layer_with_explicit_caveat,https://browser.sead.se/site/3482,Medieval Scandinavia (450-900 BP),Readers may need to inspect the upstream SEAD site page because the repository does not currently expose stronger reference links.
3481,Skumparberget,Sweden,numeric_span_with_contextual_caveat,duration_span_visible,site_page_only,medium_contextual_numeric_mix,context_layer_with_explicit_caveat,https://browser.sead.se/site/3481,Early neolithic S Scandinavia (5250-5950 BP),Readers may need to inspect the upstream SEAD site page because the repository does not currently expose stronger reference links.
5084,Skurup,Sweden,numeric_span_with_contextual_caveat,duration_span_visible,site_page_only,medium_contextual_numeric_mix,context_layer_with_explicit_caveat,https://browser.sead.se/site/5084,Holocene (0-10000 BP),Readers may need to inspect the upstream SEAD site page because the repository does not currently expose stronger reference links.
5078,Skurup: Saritslöv,Sweden,numeric_span_with_contextual_caveat,duration_span_visible,site_page_only,medium_contextual_numeric_mix,context_layer_with_explicit_caveat,https://browser.sead.se/site/5078,Holocene (0-10000 BP),Readers may need to inspect the upstream SEAD site page because the repository does not currently expose stronger reference links.
3479,Skälby,Sweden,numeric_span_with_contextual_caveat,duration_span_visible,site_page_only,medium_contextual_numeric_mix,context_layer_with_explicit_caveat,https://browser.sead.se/site/3479,Bronze Age Period II - VI (2450-3450 BP),Readers may need to inspect the upstream SEAD site page because the repository does not currently expose stronger reference links.
6486,Skänninge Abbey,Sweden,numeric_span_with_contextual_caveat,duration_span_visible,site_page_with_reference_links,medium_contextual_numeric_mix,context_layer_with_explicit_caveat,https://browser.sead.se/site/6486,Viking (850-1150 BP),"This row carries a visible site span, but the span still belongs to archaeology context rather than a sample-owned event."
3480,Skånes-Fagerhult 125,Sweden,numeric_span_with_contextual_caveat,duration_span_visible,site_page_only,medium_contextual_numeric_mix,context_layer_with_explicit_caveat,https://browser.sead.se/site/3480,Medieval Scandinavia (450-900 BP),Readers may need to inspect the upstream SEAD site page because the repository does not currently expose stronger reference links.
4011,Skårby kyrka,Sweden,numeric_span_with_contextual_caveat,duration_span_visible,site_page_only,medium_contextual_numeric_mix,context_layer_with_explicit_caveat,https://browser.sead.se/site/4011,450-556 BP,Readers may need to inspect the upstream SEAD site page because the repository does not currently expose stronger reference links.
4009,Slevringe gård,Sweden,numeric_span_with_contextual_caveat,duration_span_visible,site_page_only,medium_contextual_numeric_mix,context_layer_with_explicit_caveat,https://browser.sead.se/site/4009,85-261 BP,Readers may need to inspect the upstream SEAD site page because the repository does not currently expose stronger reference links.
5402,Slotseng,Denmark,numeric_span_with_contextual_caveat,duration_span_visible,site_page_only,medium_contextual_numeric_mix,context_layer_with_explicit_caveat,https://browser.sead.se/site/5402,Lateglacial (10000-13500 BP),Readers may need to inspect the upstream SEAD site page because the repository does not currently expose stronger reference links.
4008,Slottsskogen,Sweden,numeric_span_with_contextual_caveat,duration_span_visible,site_page_only,medium_contextual_numeric_mix,context_layer_with_explicit_caveat,https://browser.sead.se/site/4008,212-355 BP,Readers may need to inspect the upstream SEAD site page because the repository does not currently expose stronger reference links.
3478,Sluppen/Sluppan,Norway,numeric_span_with_contextual_caveat,duration_span_visible,site_page_only,medium_contextual_numeric_mix,context_layer_with_explicit_caveat,https://browser.sead.se/site/3478,Middle neolithic S Scandinavia (4350-5250 BP),Readers may need to inspect the upstream SEAD site page because the repository does not currently expose stronger reference links.
4007,Slästorp,Sweden,numeric_span_with_contextual_caveat,duration_span_visible,site_page_only,medium_contextual_numeric_mix,context_layer_with_explicit_caveat,https://browser.sead.se/site/4007,79-197 BP,Readers may need to inspect the upstream SEAD site page because the repository does not currently expose stronger reference links.
3477,Smalogava,Sweden,numeric_span_with_contextual_caveat,duration_span_visible,site_page_only,medium_contextual_numeric_mix,context_layer_with_explicit_caveat,https://browser.sead.se/site/3477,Bronze Age Scandinavia (2450-3750 BP),Readers may need to inspect the upstream SEAD site page because the repository does not currently expose stronger reference links.
3476,Smedsbo,Sweden,numeric_span_with_contextual_caveat,duration_span_visible,site_page_only,medium_contextual_numeric_mix,context_layer_with_explicit_caveat,https://browser.sead.se/site/3476,Early Iron Age (1550-2450 BP),Readers may need to inspect the upstream SEAD site page because the repository does not currently expose stronger reference links.
4005,Smedstorp,Sweden,numeric_span_with_contextual_caveat,duration_span_visible,site_page_only,medium_contextual_numeric_mix,context_layer_with_explicit_caveat,https://browser.sead.se/site/4005,138-254 BP,Readers may need to inspect the upstream SEAD site page because the repository does not currently expose stronger reference links.
4004,Smedstorps slott,Sweden,numeric_span_with_contextual_caveat,duration_span_visible,site_page_only,medium_contextual_numeric_mix,context_layer_with_explicit_caveat,https://browser.sead.se/site/4004,241-679 BP,Readers may need to inspect the upstream SEAD site page because the repository does not currently expose stronger reference links.
3475,Smissarve,Sweden,numeric_span_with_contextual_caveat,duration_span_visible,site_page_only,medium_contextual_numeric_mix,context_layer_with_explicit_caveat,https://browser.sead.se/site/3475,Viking (850-1150 BP),Readers may need to inspect the upstream SEAD site page because the repository does not currently expose stronger reference links.
3474,Smällan,Sweden,numeric_span_with_contextual_caveat,duration_span_visible,site_page_only,medium_contextual_numeric_mix,context_layer_with_explicit_caveat,https://browser.sead.se/site/3474,Middle neolithic S Scandinavia; Early neolithic S Scandinavia (4350-5950 BP),Readers may need to inspect the upstream SEAD site page because the repository does not currently expose stronger reference links.
3473,Snotterholmen,Sweden,numeric_span_with_contextual_caveat,duration_span_visible,site_page_only,medium_contextual_numeric_mix,context_layer_with_explicit_caveat,https://browser.sead.se/site/3473,Bronze Age Scandinavia (2450-3750 BP),Readers may need to inspect the upstream SEAD site page because the repository does not currently expose stronger reference links.
4854,Snårberget,Sweden,numeric_span_with_contextual_caveat,duration_span_visible,site_page_only,medium_contextual_numeric_mix,context_layer_with_explicit_caveat,https://browser.sead.se/site/4854,Early Weichselian (45000-122000 BP),Readers may need to inspect the upstream SEAD site page because the repository does not currently expose stronger reference links.
5097,Snårestad,Sweden,numeric_span_with_contextual_caveat,duration_span_visible,site_page_only,medium_contextual_numeric_mix,context_layer_with_explicit_caveat,https://browser.sead.se/site/5097,Lateglacial (10000-13500 BP),Readers may need to inspect the upstream SEAD site page because the repository does not currently expose stronger reference links.
3472,Snåret,Sweden,numeric_span_with_contextual_caveat,duration_span_visible,site_page_only,medium_contextual_numeric_mix,context_layer_with_explicit_caveat,https://browser.sead.se/site/3472,Quaternary; Bronze Age Period III - VI; Neolithic S Scandinavia (2450-2700000 BP),Readers may need to inspect the upstream SEAD site page because the repository does not currently expose stronger reference links.
3471,Snöstorp 106,Sweden,numeric_span_with_contextual_caveat,duration_span_visible,site_page_only,medium_contextual_numeric_mix,context_layer_with_explicit_caveat,https://browser.sead.se/site/3471,Pre Roman Iron Age (1950-2450 BP),Readers may need to inspect the upstream SEAD site page because the repository does not currently expose stronger reference links.
3470,Sockengränsen,Sweden,numeric_span_with_contextual_caveat,duration_span_visible,site_page_only,medium_contextual_numeric_mix,context_layer_with_explicit_caveat,https://browser.sead.se/site/3470,Bronze Age Period II - VI (2450-3450 BP),Readers may need to inspect the upstream SEAD site page because the repository does not currently expose stronger reference links.
3469,"Solberga, Linköping",Sweden,numeric_span_with_contextual_caveat,duration_span_visible,site_page_only,medium_contextual_numeric_mix,context_layer_with_explicit_caveat,https://browser.sead.se/site/3469,Viking (850-1150 BP),Readers may need to inspect the upstream SEAD site page because the repository does not currently expose stronger reference links.
3468,Soldattorpet (Limhamn),Sweden,numeric_span_with_contextual_caveat,duration_span_visible,site_page_only,medium_contextual_numeric_mix,context_layer_with_explicit_caveat,https://browser.sead.se/site/3468,Mesolithic  - Early Neolithic Scandinavia (5250-12950 BP),Readers may need to inspect the upstream SEAD site page because the repository does not currently expose stronger reference links.
3467,Solheim,Denmark,numeric_span_with_contextual_caveat,duration_span_visible,site_page_only,medium_contextual_numeric_mix,context_layer_with_explicit_caveat,https://browser.sead.se/site/3467,Bronze Age Period II - VI (2450-3450 BP),Readers may need to inspect the upstream SEAD site page because the repository does not currently expose stronger reference links.
3466,Sommaränge Skog,Sweden,numeric_span_with_contextual_caveat,duration_span_visible,site_page_only,medium_contextual_numeric_mix,context_layer_with_explicit_caveat,https://browser.sead.se/site/3466,Medieval Scandinavia (450-900 BP),Readers may need to inspect the upstream SEAD site page because the repository does not currently expose stronger reference links.
4615,Sondre Tunåsen,Sweden,numeric_span_with_contextual_caveat,duration_span_visible,site_page_only,medium_contextual_numeric_mix,context_layer_with_explicit_caveat,https://browser.sead.se/site/4615,Iron Age (1900-2599 BP),Readers may need to inspect the upstream SEAD site page because the repository does not currently expose stronger reference links.
5293,Sote Mosse,Sweden,numeric_span_with_contextual_caveat,duration_span_visible,site_page_only,medium_contextual_numeric_mix,context_layer_with_explicit_caveat,https://browser.sead.se/site/5293,Holocene (0-10000 BP),Readers may need to inspect the upstream SEAD site page because the repository does not currently expose stronger reference links.
3464,Sotmyra,Sweden,numeric_span_with_contextual_caveat,duration_span_visible,site_page_only,medium_contextual_numeric_mix,context_layer_with_explicit_caveat,https://browser.sead.se/site/3464,Middle neolithic S Scandinavia (4350-5250 BP),Readers may need to inspect the upstream SEAD site page because the repository does not currently expose stronger reference links.
4000,Spargott,Sweden,numeric_span_with_contextual_caveat,duration_span_visible,site_page_only,medium_contextual_numeric_mix,context_layer_with_explicit_caveat,https://browser.sead.se/site/4000,27-108 BP,Readers may need to inspect the upstream SEAD site page because the repository does not currently expose stronger reference links.
3999,Sproge gamla stavkyrka,Sweden,numeric_span_with_contextual_caveat,duration_span_visible,site_page_only,medium_contextual_numeric_mix,context_layer_with_explicit_caveat,https://browser.sead.se/site/3999,812-892 BP,Readers may need to inspect the upstream SEAD site page because the repository does not currently expose stronger reference links.
5099,Sproge: Snoder,Sweden,numeric_span_with_contextual_caveat,duration_span_visible,site_page_only,medium_contextual_numeric_mix,context_layer_with_explicit_caveat,https://browser.sead.se/site/5099,Holocene (0-10000 BP),Readers may need to inspect the upstream SEAD site page because the repository does not currently expose stronger reference links.
3463,St. Gatan. Kv. Handelsmannen 8-9,Sweden,numeric_span_with_contextual_caveat,duration_span_visible,site_page_only,medium_contextual_numeric_mix,context_layer_with_explicit_caveat,https://browser.sead.se/site/3463,Viking (850-1150 BP),Readers may need to inspect the upstream SEAD site page because the repository does not currently expose stronger reference links.
6,Stafsinge Raä 116,Sweden,numeric_span_with_contextual_caveat,duration_span_visible,site_page_only,medium_contextual_numeric_mix,context_layer_with_explicit_caveat,https://browser.sead.se/site/6,Bronze Age Period IV - V; Bronze Age Period V - Pre Roman Iron Age; Late Neolithic - Early Bronze Age S Scandinavia (1950-4350 BP),Readers may need to inspect the upstream SEAD site page because the repository does not currently expose stronger reference links.
3853,Stallbacksvägen,Sweden,numeric_span_with_contextual_caveat,duration_span_visible,site_page_only,medium_contextual_numeric_mix,context_layer_with_explicit_caveat,https://browser.sead.se/site/3853,282-284 BP,Readers may need to inspect the upstream SEAD site page because the repository does not currently expose stronger reference links.
4905,Stavsåkra,Sweden,numeric_span_with_contextual_caveat,duration_span_visible,site_page_with_reference_links,medium_contextual_numeric_mix,context_layer_with_explicit_caveat,https://browser.sead.se/site/4905,Holocene (0-10000 BP),"This row carries a visible site span, but the span still belongs to archaeology context rather than a sample-owned event."
3923,Stenbockska palatset,Sweden,numeric_span_with_contextual_caveat,duration_span_visible,site_page_only,medium_contextual_numeric_mix,context_layer_with_explicit_caveat,https://browser.sead.se/site/3923,284-306 BP,Readers may need to inspect the upstream SEAD site page because the repository does not currently expose stronger reference links.
3998,Steninge slott,Sweden,numeric_span_with_contextual_caveat,duration_span_visible,site_page_only,medium_contextual_numeric_mix,context_layer_with_explicit_caveat,https://browser.sead.se/site/3998,181-268 BP,Readers may need to inspect the upstream SEAD site page because the repository does not currently expose stronger reference links.
5301,Stenstrup Teglværk,Denmark,numeric_span_with_contextual_caveat,duration_span_visible,site_page_only,medium_contextual_numeric_mix,context_layer_with_explicit_caveat,https://browser.sead.se/site/5301,Lateglacial (10000-13500 BP),Readers may need to inspect the upstream SEAD site page because the repository does not currently expose stronger reference links.
5302,Stevningen Mose,Denmark,numeric_span_with_contextual_caveat,duration_span_visible,site_page_only,medium_contextual_numeric_mix,context_layer_with_explicit_caveat,https://browser.sead.se/site/5302,Holocene (0-10000 BP),Readers may need to inspect the upstream SEAD site page because the repository does not currently expose stronger reference links.
3920,Stockholms Slott,Sweden,numeric_span_with_contextual_caveat,duration_span_visible,site_page_only,medium_contextual_numeric_mix,context_layer_with_explicit_caveat,https://browser.sead.se/site/3920,76-284 BP,Readers may need to inspect the upstream SEAD site page because the repository does not currently expose stronger reference links.
3852,Stora Harrie,Sweden,numeric_span_with_contextual_caveat,duration_span_visible,site_page_only,medium_contextual_numeric_mix,context_layer_with_explicit_caveat,https://browser.sead.se/site/3852,106-219 BP,Readers may need to inspect the upstream SEAD site page because the repository does not currently expose stronger reference links.
3995,Stora Kolfly,Sweden,numeric_span_with_contextual_caveat,duration_span_visible,site_page_only,medium_contextual_numeric_mix,context_layer_with_explicit_caveat,https://browser.sead.se/site/3995,61-255 BP,Readers may need to inspect the upstream SEAD site page because the repository does not currently expose stronger reference links.
3994,Stora Köpinge kyrka,Sweden,numeric_span_with_contextual_caveat,duration_span_visible,site_page_only,medium_contextual_numeric_mix,context_layer_with_explicit_caveat,https://browser.sead.se/site/3994,515-743 BP,Readers may need to inspect the upstream SEAD site page because the repository does not currently expose stronger reference links.
3992,Stora Rickby,Sweden,numeric_span_with_contextual_caveat,duration_span_visible,site_page_only,medium_contextual_numeric_mix,context_layer_with_explicit_caveat,https://browser.sead.se/site/3992,71-196 BP,Readers may need to inspect the upstream SEAD site page because the repository does not currently expose stronger reference links.
5065,Stora Tuna Skärsjö,Sweden,numeric_span_with_contextual_caveat,duration_span_visible,site_page_only,medium_contextual_numeric_mix,context_layer_with_explicit_caveat,https://browser.sead.se/site/5065,Mid Holocene (5000-7000 BP),Readers may need to inspect the upstream SEAD site page because the repository does not currently expose stronger reference links.
5519,Storasjö,Sweden,numeric_span_with_contextual_caveat,duration_span_visible,site_page_only,medium_contextual_numeric_mix,context_layer_with_explicit_caveat,https://browser.sead.se/site/5519,Holocene (0-10000 BP),Readers may need to inspect the upstream SEAD site page because the repository does not currently expose stronger reference links.
3462,Ställverksboplatsen,Sweden,numeric_span_with_contextual_caveat,duration_span_visible,site_page_only,medium_contextual_numeric_mix,context_layer_with_explicit_caveat,https://browser.sead.se/site/3462,Pre Roman Iron Age; Bronze Age Scandinavia; Neolithic N Scandinavia (1950-5100 BP),Readers may need to inspect the upstream SEAD site page because the repository does not currently expose stronger reference links.
3849,Stämmeryd,Sweden,numeric_span_with_contextual_caveat,duration_span_visible,site_page_only,medium_contextual_numeric_mix,context_layer_with_explicit_caveat,https://browser.sead.se/site/3849,142-185 BP,Readers may need to inspect the upstream SEAD site page because the repository does not currently expose stronger reference links.
3461,Stävie 3:1,Sweden,numeric_span_with_contextual_caveat,duration_span_visible,site_page_only,medium_contextual_numeric_mix,context_layer_with_explicit_caveat,https://browser.sead.se/site/3461,Middle neolithic S Scandinavia (4350-5250 BP),Readers may need to inspect the upstream SEAD site page because the repository does not currently expose stronger reference links.
5308,Sulbæk Huse,Denmark,numeric_span_with_contextual_caveat,duration_span_visible,site_page_only,medium_contextual_numeric_mix,context_layer_with_explicit_caveat,https://browser.sead.se/site/5308,Holocene (0-10000 BP),Readers may need to inspect the upstream SEAD site page because the repository does not currently expose stronger reference links.
5024,Svartemosse,Sweden,numeric_span_with_contextual_caveat,duration_span_visible,site_page_only,medium_contextual_numeric_mix,context_layer_with_explicit_caveat,https://browser.sead.se/site/5024,Late Holocene (0-5000 BP),Readers may need to inspect the upstream SEAD site page because the repository does not currently expose stronger reference links.
5284,Svedala,Sweden,numeric_span_with_contextual_caveat,duration_span_visible,site_page_only,medium_contextual_numeric_mix,context_layer_with_explicit_caveat,https://browser.sead.se/site/5284,Lateglacial (10000-13500 BP),Readers may need to inspect the upstream SEAD site page because the repository does not currently expose stronger reference links.
4667,Svendborg: Møllergade 6,Denmark,numeric_span_with_contextual_caveat,duration_span_visible,site_page_only,medium_contextual_numeric_mix,context_layer_with_explicit_caveat,https://browser.sead.se/site/4667,Medieval; CAL_1188-1218_AD; CAL_1200-1215_AD (732-762 BP),Readers may need to inspect the upstream SEAD site page because the repository does not currently expose stronger reference links.
3458,"Svälinge, Tåkern",Sweden,numeric_span_with_contextual_caveat,duration_span_visible,site_page_only,medium_contextual_numeric_mix,context_layer_with_explicit_caveat,https://browser.sead.se/site/3458,Middle neolithic S Scandinavia (4350-5250 BP),Readers may need to inspect the upstream SEAD site page because the repository does not currently expose stronger reference links.
3459,Svågertorp 8B-C,Sweden,numeric_span_with_contextual_caveat,duration_span_visible,site_page_only,medium_contextual_numeric_mix,context_layer_with_explicit_caveat,https://browser.sead.se/site/3459,Bronze Age Period IV - VI (2450-3050 BP),Readers may need to inspect the upstream SEAD site page because the repository does not currently expose stronger reference links.
3455,Säbyholm,Sweden,numeric_span_with_contextual_caveat,duration_span_visible,site_page_only,medium_contextual_numeric_mix,context_layer_with_explicit_caveat,https://browser.sead.se/site/3455,Pre Roman Iron Age (1950-2450 BP),Readers may need to inspect the upstream SEAD site page because the repository does not currently expose stronger reference links.
4858,Särkivuoma,Sweden,numeric_span_with_contextual_caveat,duration_span_visible,site_page_only,medium_contextual_numeric_mix,context_layer_with_explicit_caveat,https://browser.sead.se/site/4858,Early Weichselian (45000-122000 BP),Readers may need to inspect the upstream SEAD site page because the repository does not currently expose stronger reference links.
3454,Särslöv,Sweden,numeric_span_with_contextual_caveat,duration_span_visible,site_page_only,medium_contextual_numeric_mix,context_layer_with_explicit_caveat,https://browser.sead.se/site/3454,Medieval Scandinavia (450-900 BP),Readers may need to inspect the upstream SEAD site page because the repository does not currently expose stronger reference links.
3987,Särslövs kyrka,Sweden,numeric_span_with_contextual_caveat,duration_span_visible,site_page_only,medium_contextual_numeric_mix,context_layer_with_explicit_caveat,https://browser.sead.se/site/3987,467-570 BP,Readers may need to inspect the upstream SEAD site page because the repository does not currently expose stronger reference links.
3453,Säter,Sweden,numeric_span_with_contextual_caveat,duration_span_visible,site_page_only,medium_contextual_numeric_mix,context_layer_with_explicit_caveat,https://browser.sead.se/site/3453,Middle neolithic S Scandinavia (4350-5250 BP),Readers may need to inspect the upstream SEAD site page because the repository does not currently expose stronger reference links.
3452,Söderby,Sweden,numeric_span_with_contextual_caveat,duration_span_visible,site_page_only,medium_contextual_numeric_mix,context_layer_with_explicit_caveat,https://browser.sead.se/site/3452,Viking (850-1150 BP),Readers may need to inspect the upstream SEAD site page because the repository does not currently expose stronger reference links.
3986,Södermanland-Nerikes nation,Sweden,numeric_span_with_contextual_caveat,duration_span_visible,site_page_only,medium_contextual_numeric_mix,context_layer_with_explicit_caveat,https://browser.sead.se/site/3986,287-345 BP,Readers may need to inspect the upstream SEAD site page because the repository does not currently expose stronger reference links.
3451,Söderåkra,Sweden,numeric_span_with_contextual_caveat,duration_span_visible,site_page_only,medium_contextual_numeric_mix,context_layer_with_explicit_caveat,https://browser.sead.se/site/3451,Quaternary; Late Neolithic - Early Bronze Age S Scandinavia (3050-2700000 BP),Readers may need to inspect the upstream SEAD site page because the repository does not currently expose stronger reference links.
3450,Söderåkra (Eket),Sweden,numeric_span_with_contextual_caveat,duration_span_visible,site_page_only,medium_contextual_numeric_mix,context_layer_with_explicit_caveat,https://browser.sead.se/site/3450,Pre Roman Iron Age; Quaternary (1950-2700000 BP),Readers may need to inspect the upstream SEAD site page because the repository does not currently expose stronger reference links.
5297,Taastrup Brickworks,Denmark,numeric_span_with_contextual_caveat,duration_span_visible,site_page_only,medium_contextual_numeric_mix,context_layer_with_explicit_caveat,https://browser.sead.se/site/5297,Lateglacial (10000-13500 BP),Readers may need to inspect the upstream SEAD site page because the repository does not currently expose stronger reference links.
4849,Takkanenmännikö,Sweden,numeric_span_with_contextual_caveat,duration_span_visible,site_page_only,medium_contextual_numeric_mix,context_layer_with_explicit_caveat,https://browser.sead.se/site/4849,Early Weichselian (45000-122000 BP),Readers may need to inspect the upstream SEAD site page because the repository does not currently expose stronger reference links.
3449,Tannefors,Sweden,numeric_span_with_contextual_caveat,duration_span_visible,site_page_only,medium_contextual_numeric_mix,context_layer_with_explicit_caveat,https://browser.sead.se/site/3449,Migration Period  - Vendel Period; Pre Roman - Roman Iron Age (1150-2450 BP),Readers may need to inspect the upstream SEAD site page because the repository does not currently expose stronger reference links.
3983,Tingstäde kyrka,Sweden,numeric_span_with_contextual_caveat,duration_span_visible,site_page_only,medium_contextual_numeric_mix,context_layer_with_explicit_caveat,https://browser.sead.se/site/3983,255-344 BP,Readers may need to inspect the upstream SEAD site page because the repository does not currently expose stronger reference links.
3446,Tofta 19,Sweden,numeric_span_with_contextual_caveat,duration_span_visible,site_page_only,medium_contextual_numeric_mix,context_layer_with_explicit_caveat,https://browser.sead.se/site/3446,Pre Roman Iron Age; Medieval Scandinavia (450-2450 BP),Readers may need to inspect the upstream SEAD site page because the repository does not currently expose stronger reference links.
4801,Toppeladugård,Sweden,numeric_span_with_contextual_caveat,duration_span_visible,site_page_only,medium_contextual_numeric_mix,context_layer_with_explicit_caveat,https://browser.sead.se/site/4801,Lateglacial; Holocene (0-13500 BP),Readers may need to inspect the upstream SEAD site page because the repository does not currently expose stronger reference links.
3982,Toresbo,Sweden,numeric_span_with_contextual_caveat,duration_span_visible,site_page_only,medium_contextual_numeric_mix,context_layer_with_explicit_caveat,https://browser.sead.se/site/3982,92-153 BP,Readers may need to inspect the upstream SEAD site page because the repository does not currently expose stronger reference links.
3981,Torpa kyrka,Sweden,numeric_span_with_contextual_caveat,duration_span_visible,site_page_only,medium_contextual_numeric_mix,context_layer_with_explicit_caveat,https://browser.sead.se/site/3981,133-465 BP,Readers may need to inspect the upstream SEAD site page because the repository does not currently expose stronger reference links.
3444,Torslunda,Sweden,numeric_span_with_contextual_caveat,duration_span_visible,site_page_only,medium_contextual_numeric_mix,context_layer_with_explicit_caveat,https://browser.sead.se/site/3444,Middle neolithic S Scandinavia (4350-5250 BP),Readers may need to inspect the upstream SEAD site page because the repository does not currently expose stronger reference links.
3834,Tosterup 32:2,Sweden,numeric_span_with_contextual_caveat,duration_span_visible,site_page_only,medium_contextual_numeric_mix,context_layer_with_explicit_caveat,https://browser.sead.se/site/3834,119-502 BP,Readers may need to inspect the upstream SEAD site page because the repository does not currently expose stronger reference links.
3443,Trelleborg 19,Sweden,numeric_span_with_contextual_caveat,duration_span_visible,site_page_only,medium_contextual_numeric_mix,context_layer_with_explicit_caveat,https://browser.sead.se/site/3443,Viking Age - Medieval Period Scandinavia (450-1150 BP),Readers may need to inspect the upstream SEAD site page because the repository does not currently expose stronger reference links.
5285,Trelleborg: brick pit,Sweden,numeric_span_with_contextual_caveat,duration_span_visible,site_page_only,medium_contextual_numeric_mix,context_layer_with_explicit_caveat,https://browser.sead.se/site/5285,Lateglacial (10000-13500 BP),Readers may need to inspect the upstream SEAD site page because the repository does not currently expose stronger reference links.
3440,Trollasten,Sweden,numeric_span_with_contextual_caveat,duration_span_visible,site_page_only,medium_contextual_numeric_mix,context_layer_with_explicit_caveat,https://browser.sead.se/site/3440,Middle neolithic S Scandinavia (4350-5250 BP),Readers may need to inspect the upstream SEAD site page because the repository does not currently expose stronger reference links.
3975,Tumbo kyrka,Sweden,numeric_span_with_contextual_caveat,duration_span_visible,site_page_only,medium_contextual_numeric_mix,context_layer_with_explicit_caveat,https://browser.sead.se/site/3975,408-855 BP,Readers may need to inspect the upstream SEAD site page because the repository does not currently expose stronger reference links.
3973,Tvartorps gård,Sweden,numeric_span_with_contextual_caveat,duration_span_visible,site_page_only,medium_contextual_numeric_mix,context_layer_with_explicit_caveat,https://browser.sead.se/site/3973,61-213 BP,Readers may need to inspect the upstream SEAD site page because the repository does not currently expose stronger reference links.
3439,Tygapil,Sweden,numeric_span_with_contextual_caveat,duration_span_visible,site_page_only,medium_contextual_numeric_mix,context_layer_with_explicit_caveat,https://browser.sead.se/site/3439,Late Neolithic - Early Bronze Age S Scandinavia; Early neolithic S Scandinavia (3050-5950 BP),Readers may need to inspect the upstream SEAD site page because the repository does not currently expose stronger reference links.
3972,Tyresö kyrka,Sweden,numeric_span_with_contextual_caveat,duration_span_visible,site_page_only,medium_contextual_numeric_mix,context_layer_with_explicit_caveat,https://browser.sead.se/site/3972,202-205 BP,Readers may need to inspect the upstream SEAD site page because the repository does not currently expose stronger reference links.
3438,Täby,Sweden,numeric_span_with_contextual_caveat,duration_span_visible,site_page_only,medium_contextual_numeric_mix,context_layer_with_explicit_caveat,https://browser.sead.se/site/3438,Middle neolithic S Scandinavia (4350-5250 BP),Readers may need to inspect the upstream SEAD site page because the repository does not currently expose stronger reference links.
3971,Tångerda gård,Sweden,numeric_span_with_contextual_caveat,duration_span_visible,site_page_only,medium_contextual_numeric_mix,context_layer_with_explicit_caveat,https://browser.sead.se/site/3971,145-316 BP,Readers may need to inspect the upstream SEAD site page because the repository does not currently expose stronger reference links.
5527,Tåsjö,Sweden,numeric_span_with_contextual_caveat,duration_span_visible,site_page_only,medium_contextual_numeric_mix,context_layer_with_explicit_caveat,https://browser.sead.se/site/5527,Oxygen Isotope Stage 3 (29000-57000 BP),Readers may need to inspect the upstream SEAD site page because the repository does not currently expose stronger reference links.
3970,Törnbotten,Sweden,numeric_span_with_contextual_caveat,duration_span_visible,site_page_only,medium_contextual_numeric_mix,context_layer_with_explicit_caveat,https://browser.sead.se/site/3970,132-178 BP,Readers may need to inspect the upstream SEAD site page because the repository does not currently expose stronger reference links.
3437,"Tønsberg, Essotomten",Norway,numeric_span_with_contextual_caveat,duration_span_visible,site_page_only,medium_contextual_numeric_mix,context_layer_with_explicit_caveat,https://browser.sead.se/site/3437,Medieval Norway (413-900 BP),Readers may need to inspect the upstream SEAD site page because the repository does not currently expose stronger reference links.
3436,"Tønsberg, Peterskirken",Norway,numeric_span_with_contextual_caveat,duration_span_visible,site_page_only,medium_contextual_numeric_mix,context_layer_with_explicit_caveat,https://browser.sead.se/site/3436,Medieval Norway (413-900 BP),Readers may need to inspect the upstream SEAD site page because the repository does not currently expose stronger reference links.
3435,"Tønsberg, Teglhagen",Norway,numeric_span_with_contextual_caveat,duration_span_visible,site_page_only,medium_contextual_numeric_mix,context_layer_with_explicit_caveat,https://browser.sead.se/site/3435,Medieval Norway (413-900 BP),Readers may need to inspect the upstream SEAD site page because the repository does not currently expose stronger reference links.
5632,Tønsnes,Norway,numeric_span_with_contextual_caveat,duration_span_visible,site_page_only,medium_contextual_numeric_mix,context_layer_with_explicit_caveat,https://browser.sead.se/site/5632,Holocene (0-10000 BP),Readers may need to inspect the upstream SEAD site page because the repository does not currently expose stronger reference links.
3434,Uddvide,Sweden,numeric_span_with_contextual_caveat,duration_span_visible,site_page_only,medium_contextual_numeric_mix,context_layer_with_explicit_caveat,https://browser.sead.se/site/3434,Viking (850-1150 BP),Readers may need to inspect the upstream SEAD site page because the repository does not currently expose stronger reference links.
5311,Uggerby Aa,Denmark,numeric_span_with_contextual_caveat,duration_span_visible,site_page_only,medium_contextual_numeric_mix,context_layer_with_explicit_caveat,https://browser.sead.se/site/5311,Holocene (0-10000 BP),Readers may need to inspect the upstream SEAD site page because the repository does not currently expose stronger reference links.
3433,Ullisjaur,Sweden,numeric_span_with_contextual_caveat,duration_span_visible,site_page_only,medium_contextual_numeric_mix,context_layer_with_explicit_caveat,https://browser.sead.se/site/3433,Pre Roman Iron Age (1950-2450 BP),Readers may need to inspect the upstream SEAD site page because the repository does not currently expose stronger reference links.
3969,Ulriksdals slott,Sweden,numeric_span_with_contextual_caveat,duration_span_visible,site_page_only,medium_contextual_numeric_mix,context_layer_with_explicit_caveat,https://browser.sead.se/site/3969,141-234 BP,Readers may need to inspect the upstream SEAD site page because the repository does not currently expose stronger reference links.
4700,Uppsala: Bryggaren 1,Sweden,numeric_span_with_contextual_caveat,duration_span_visible,site_page_only,medium_contextual_numeric_mix,context_layer_with_explicit_caveat,https://browser.sead.se/site/4700,Medieval (400-1550 BP),Readers may need to inspect the upstream SEAD site page because the repository does not currently expose stronger reference links.
4701,Uppsala: Bryggaren 2,Sweden,numeric_span_with_contextual_caveat,duration_span_visible,site_page_only,medium_contextual_numeric_mix,context_layer_with_explicit_caveat,https://browser.sead.se/site/4701,Medieval (400-1550 BP),Readers may need to inspect the upstream SEAD site page because the repository does not currently expose stronger reference links.
3432,Uppåkra,Sweden,numeric_span_with_contextual_caveat,duration_span_visible,site_page_only,medium_contextual_numeric_mix,context_layer_with_explicit_caveat,https://browser.sead.se/site/3432,Vendel period Scandinavia; Late Iron Age; Roman Iron Age - Vendel Period (1150-1950 BP),Readers may need to inspect the upstream SEAD site page because the repository does not currently expose stronger reference links.
3431,V Sandudden,Sweden,numeric_span_with_contextual_caveat,duration_span_visible,site_page_only,medium_contextual_numeric_mix,context_layer_with_explicit_caveat,https://browser.sead.se/site/3431,Bronze Age Scandinavia (2450-3750 BP),Readers may need to inspect the upstream SEAD site page because the repository does not currently expose stronger reference links.
3967,Vadstena rådhus,Sweden,numeric_span_with_contextual_caveat,duration_span_visible,site_page_only,medium_contextual_numeric_mix,context_layer_with_explicit_caveat,https://browser.sead.se/site/3967,253-497 BP,Readers may need to inspect the upstream SEAD site page because the repository does not currently expose stronger reference links.
3430,Valboön,Sweden,numeric_span_with_contextual_caveat,duration_span_visible,site_page_only,medium_contextual_numeric_mix,context_layer_with_explicit_caveat,https://browser.sead.se/site/3430,Roman Iron Age - Migration Period (1400-1950 BP),Readers may need to inspect the upstream SEAD site page because the repository does not currently expose stronger reference links.
3429,Valby,Denmark,numeric_span_with_contextual_caveat,duration_span_visible,site_page_only,medium_contextual_numeric_mix,context_layer_with_explicit_caveat,https://browser.sead.se/site/3429,Roman Iron Age (1550-1950 BP),Readers may need to inspect the upstream SEAD site page because the repository does not currently expose stronger reference links.
3428,Valje,Sweden,numeric_span_with_contextual_caveat,duration_span_visible,site_page_only,medium_contextual_numeric_mix,context_layer_with_explicit_caveat,https://browser.sead.se/site/3428,Middle neolithic S Scandinavia (4350-5250 BP),Readers may need to inspect the upstream SEAD site page because the repository does not currently expose stronger reference links.
3966,Vall kyrka,Sweden,numeric_span_with_contextual_caveat,duration_span_visible,site_page_only,medium_contextual_numeric_mix,context_layer_with_explicit_caveat,https://browser.sead.se/site/3966,98-272 BP,Readers may need to inspect the upstream SEAD site page because the repository does not currently expose stronger reference links.
3965,Valla,Sweden,numeric_span_with_contextual_caveat,duration_span_visible,site_page_only,medium_contextual_numeric_mix,context_layer_with_explicit_caveat,https://browser.sead.se/site/3965,459-543 BP,Readers may need to inspect the upstream SEAD site page because the repository does not currently expose stronger reference links.
3427,Vallby,Sweden,numeric_span_with_contextual_caveat,duration_span_visible,site_page_only,medium_contextual_numeric_mix,context_layer_with_explicit_caveat,https://browser.sead.se/site/3427,Middle neolithic S Scandinavia; Early neolithic S Scandinavia (4350-5950 BP),Readers may need to inspect the upstream SEAD site page because the repository does not currently expose stronger reference links.
4707,"Vallby, Tillberga",Sweden,numeric_span_with_contextual_caveat,duration_span_visible,site_page_only,medium_contextual_numeric_mix,context_layer_with_explicit_caveat,https://browser.sead.se/site/4707,Medieval; CAL_200-500_AD (1450-1750 BP),Readers may need to inspect the upstream SEAD site page because the repository does not currently expose stronger reference links.
5135,Valleröds Mosse,Sweden,numeric_span_with_contextual_caveat,duration_span_visible,site_page_only,medium_contextual_numeric_mix,context_layer_with_explicit_caveat,https://browser.sead.se/site/5135,Early Holocene (8600-10156 BP),Readers may need to inspect the upstream SEAD site page because the repository does not currently expose stronger reference links.
3426,Vallviksvallen,Sweden,numeric_span_with_contextual_caveat,duration_span_visible,site_page_only,medium_contextual_numeric_mix,context_layer_with_explicit_caveat,https://browser.sead.se/site/3426,Pre Roman Iron Age (1950-2450 BP),Readers may need to inspect the upstream SEAD site page because the repository does not currently expose stronger reference links.
4708,Valsgarde,Sweden,numeric_span_with_contextual_caveat,duration_span_visible,site_page_only,medium_contextual_numeric_mix,context_layer_with_explicit_caveat,https://browser.sead.se/site/4708,Late Holocene (0-5000 BP),Readers may need to inspect the upstream SEAD site page because the repository does not currently expose stronger reference links.
3425,Valtersberg,Sweden,numeric_span_with_contextual_caveat,duration_span_visible,site_page_only,medium_contextual_numeric_mix,context_layer_with_explicit_caveat,https://browser.sead.se/site/3425,Bronze Age Period VI - Roman Iron Age (1550-2550 BP),Readers may need to inspect the upstream SEAD site page because the repository does not currently expose stronger reference links.
3964,Vamlingbo prästgård,Sweden,numeric_span_with_contextual_caveat,duration_span_visible,site_page_only,medium_contextual_numeric_mix,context_layer_with_explicit_caveat,https://browser.sead.se/site/3964,171-189 BP,Readers may need to inspect the upstream SEAD site page because the repository does not currently expose stronger reference links.
3424,Vanneberga,Sweden,numeric_span_with_contextual_caveat,duration_span_visible,site_page_only,medium_contextual_numeric_mix,context_layer_with_explicit_caveat,https://browser.sead.se/site/3424,Middle neolithic S Scandinavia (4350-5250 BP),Readers may need to inspect the upstream SEAD site page because the repository does not currently expose stronger reference links.
3963,Vanserum,Sweden,numeric_span_with_contextual_caveat,duration_span_visible,site_page_only,medium_contextual_numeric_mix,context_layer_with_explicit_caveat,https://browser.sead.se/site/3963,127-187 BP,Readers may need to inspect the upstream SEAD site page because the repository does not currently expose stronger reference links.
3423,Vaxmyra,Sweden,numeric_span_with_contextual_caveat,duration_span_visible,site_page_only,medium_contextual_numeric_mix,context_layer_with_explicit_caveat,https://browser.sead.se/site/3423,Pre Roman - Roman Iron Age (1550-2450 BP),Readers may need to inspect the upstream SEAD site page because the repository does not currently expose stronger reference links.
3843,Verksgatan,Sweden,numeric_span_with_contextual_caveat,duration_span_visible,site_page_only,medium_contextual_numeric_mix,context_layer_with_explicit_caveat,https://browser.sead.se/site/3843,140-185 BP,Readers may need to inspect the upstream SEAD site page because the repository does not currently expose stronger reference links.
3422,Veta 45,Sweden,numeric_span_with_contextual_caveat,duration_span_visible,site_page_only,medium_contextual_numeric_mix,context_layer_with_explicit_caveat,https://browser.sead.se/site/3422,Early Neolithic - Middle Neolithic S Scandinavia (4350-5950 BP),Readers may need to inspect the upstream SEAD site page because the repository does not currently expose stronger reference links.
3421,Vettsta,Sweden,numeric_span_with_contextual_caveat,duration_span_visible,site_page_only,medium_contextual_numeric_mix,context_layer_with_explicit_caveat,https://browser.sead.se/site/3421,Viking (850-1150 BP),Readers may need to inspect the upstream SEAD site page because the repository does not currently expose stronger reference links.
4997,Viborg Sonderso,Denmark,numeric_span_with_contextual_caveat,duration_span_visible,site_page_only,medium_contextual_numeric_mix,context_layer_with_explicit_caveat,https://browser.sead.se/site/4997,Medieval (400-1550 BP),Readers may need to inspect the upstream SEAD site page because the repository does not currently expose stronger reference links.
5080,Vieremä: Kallolampi,Finland,numeric_span_with_contextual_caveat,duration_span_visible,site_page_only,medium_contextual_numeric_mix,context_layer_with_explicit_caveat,https://browser.sead.se/site/5080,Holocene (0-10000 BP),Readers may need to inspect the upstream SEAD site page because the repository does not currently expose stronger reference links.
3420,Vik,Sweden,numeric_span_with_contextual_caveat,duration_span_visible,site_page_only,medium_contextual_numeric_mix,context_layer_with_explicit_caveat,https://browser.sead.se/site/3420,Mesolithic  - Early Neolithic Scandinavia (5250-12950 BP),Readers may need to inspect the upstream SEAD site page because the repository does not currently expose stronger reference links.
3959,Villie kyrka,Sweden,numeric_span_with_contextual_caveat,duration_span_visible,site_page_only,medium_contextual_numeric_mix,context_layer_with_explicit_caveat,https://browser.sead.se/site/3959,159-239 BP,Readers may need to inspect the upstream SEAD site page because the repository does not currently expose stronger reference links.
5063,Vintappermosen,Denmark,numeric_span_with_contextual_caveat,duration_span_visible,site_page_only,medium_contextual_numeric_mix,context_layer_with_explicit_caveat,https://browser.sead.se/site/5063,Lateglacial (10000-13500 BP),Readers may need to inspect the upstream SEAD site page because the repository does not currently expose stronger reference links.
3419,Vintriediket,Sweden,numeric_span_with_contextual_caveat,duration_span_visible,site_page_only,medium_contextual_numeric_mix,context_layer_with_explicit_caveat,https://browser.sead.se/site/3419,Medieval Scandinavia (450-900 BP),Readers may need to inspect the upstream SEAD site page because the repository does not currently expose stronger reference links.
3840,Vippröste,Sweden,numeric_span_with_contextual_caveat,duration_span_visible,site_page_only,medium_contextual_numeric_mix,context_layer_with_explicit_caveat,https://browser.sead.se/site/3840,82-107 BP,Readers may need to inspect the upstream SEAD site page because the repository does not currently expose stronger reference links.
3958,Vireda kyrka,Sweden,numeric_span_with_contextual_caveat,duration_span_visible,site_page_only,medium_contextual_numeric_mix,context_layer_with_explicit_caveat,https://browser.sead.se/site/3958,280-634 BP,Readers may need to inspect the upstream SEAD site page because the repository does not currently expose stronger reference links.
3957,Visby domkyrka,Sweden,numeric_span_with_contextual_caveat,duration_span_visible,site_page_only,medium_contextual_numeric_mix,context_layer_with_explicit_caveat,https://browser.sead.se/site/3957,184-206 BP,Readers may need to inspect the upstream SEAD site page because the repository does not currently expose stronger reference links.
3956,Visseltofta kyrka,Sweden,numeric_span_with_contextual_caveat,duration_span_visible,site_page_only,medium_contextual_numeric_mix,context_layer_with_explicit_caveat,https://browser.sead.se/site/3956,492-596 BP,Readers may need to inspect the upstream SEAD site page because the repository does not currently expose stronger reference links.
3418,Vistad,Sweden,numeric_span_with_contextual_caveat,duration_span_visible,site_page_only,medium_contextual_numeric_mix,context_layer_with_explicit_caveat,https://browser.sead.se/site/3418,Bronze Age Period IV - VI (2450-3050 BP),Readers may need to inspect the upstream SEAD site page because the repository does not currently expose stronger reference links.
3955,"Vita Holmen, Löwenströmska sjukhusområdet",Sweden,numeric_span_with_contextual_caveat,duration_span_visible,site_page_only,medium_contextual_numeric_mix,context_layer_with_explicit_caveat,https://browser.sead.se/site/3955,140-145 BP,Readers may need to inspect the upstream SEAD site page because the repository does not currently expose stronger reference links.
3954,Vives,Sweden,numeric_span_with_contextual_caveat,duration_span_visible,site_page_only,medium_contextual_numeric_mix,context_layer_with_explicit_caveat,https://browser.sead.se/site/3954,195-245 BP,Readers may need to inspect the upstream SEAD site page because the repository does not currently expose stronger reference links.
3417,Vojmsjön,Sweden,numeric_span_with_contextual_caveat,duration_span_visible,site_page_only,medium_contextual_numeric_mix,context_layer_with_explicit_caveat,https://browser.sead.se/site/3417,Pre Roman Iron Age (1950-2450 BP),Readers may need to inspect the upstream SEAD site page because the repository does not currently expose stronger reference links.
3416,Vojmsjöns utlopp,Sweden,numeric_span_with_contextual_caveat,duration_span_visible,site_page_only,medium_contextual_numeric_mix,context_layer_with_explicit_caveat,https://browser.sead.se/site/3416,Pre Roman Iron Age (1950-2450 BP),Readers may need to inspect the upstream SEAD site page because the repository does not currently expose stronger reference links.
3953,Voxtorps kyrka,Sweden,numeric_span_with_contextual_caveat,duration_span_visible,site_page_only,medium_contextual_numeric_mix,context_layer_with_explicit_caveat,https://browser.sead.se/site/3953,641-889 BP,Readers may need to inspect the upstream SEAD site page because the repository does not currently expose stronger reference links.
3839,Värdshusbacken,Sweden,numeric_span_with_contextual_caveat,duration_span_visible,site_page_only,medium_contextual_numeric_mix,context_layer_with_explicit_caveat,https://browser.sead.se/site/3839,185-190 BP,Readers may need to inspect the upstream SEAD site page because the repository does not currently expose stronger reference links.
3950,Värna kyrka,Sweden,numeric_span_with_contextual_caveat,duration_span_visible,site_page_only,medium_contextual_numeric_mix,context_layer_with_explicit_caveat,https://browser.sead.se/site/3950,160-585 BP,Readers may need to inspect the upstream SEAD site page because the repository does not currently expose stronger reference links.
3949,Väsby kvarn,Sweden,numeric_span_with_contextual_caveat,duration_span_visible,site_page_only,medium_contextual_numeric_mix,context_layer_with_explicit_caveat,https://browser.sead.se/site/3949,86-109 BP,Readers may need to inspect the upstream SEAD site page because the repository does not currently expose stronger reference links.
3948,Väsby kyrka,Sweden,numeric_span_with_contextual_caveat,duration_span_visible,site_page_only,medium_contextual_numeric_mix,context_layer_with_explicit_caveat,https://browser.sead.se/site/3948,819-829 BP,Readers may need to inspect the upstream SEAD site page because the repository does not currently expose stronger reference links.
3838,Väster Lakbäck,Sweden,numeric_span_with_contextual_caveat,duration_span_visible,site_page_only,medium_contextual_numeric_mix,context_layer_with_explicit_caveat,https://browser.sead.se/site/3838,172-442 BP,Readers may need to inspect the upstream SEAD site page because the repository does not currently expose stronger reference links.
3947,Västergarn kyrka,Sweden,numeric_span_with_contextual_caveat,point_like_or_single_year,site_page_only,medium_contextual_numeric_mix,context_layer_with_explicit_caveat,https://browser.sead.se/site/3947,558 BP,Readers may need to inspect the upstream SEAD site page because the repository does not currently expose stronger reference links.
3946,Västergård,Sweden,numeric_span_with_contextual_caveat,duration_span_visible,site_page_only,medium_contextual_numeric_mix,context_layer_with_explicit_caveat,https://browser.sead.se/site/3946,161-207 BP,Readers may need to inspect the upstream SEAD site page because the repository does not currently expose stronger reference links.
3414,Västerljung Grav,Sweden,numeric_span_with_contextual_caveat,duration_span_visible,site_page_only,medium_contextual_numeric_mix,context_layer_with_explicit_caveat,https://browser.sead.se/site/3414,Viking (850-1150 BP),Readers may need to inspect the upstream SEAD site page because the repository does not currently expose stronger reference links.
3413,Västervång,Sweden,numeric_span_with_contextual_caveat,duration_span_visible,site_page_only,medium_contextual_numeric_mix,context_layer_with_explicit_caveat,https://browser.sead.se/site/3413,Pre Roman - Roman Iron Age; Roman Iron Age; Migration Period  - Vendel Period (1150-2450 BP),Readers may need to inspect the upstream SEAD site page because the repository does not currently expose stronger reference links.
3943,Västra Klagstorps kyrka,Sweden,numeric_span_with_contextual_caveat,duration_span_visible,site_page_only,medium_contextual_numeric_mix,context_layer_with_explicit_caveat,https://browser.sead.se/site/3943,474-515 BP,Readers may need to inspect the upstream SEAD site page because the repository does not currently expose stronger reference links.
3942,Västra Nöbbelövs kyrka,Sweden,numeric_span_with_contextual_caveat,duration_span_visible,site_page_only,medium_contextual_numeric_mix,context_layer_with_explicit_caveat,https://browser.sead.se/site/3942,462-855 BP,Readers may need to inspect the upstream SEAD site page because the repository does not currently expose stronger reference links.
3940,Väversunda kyrka,Sweden,numeric_span_with_contextual_caveat,duration_span_visible,site_page_only,medium_contextual_numeric_mix,context_layer_with_explicit_caveat,https://browser.sead.se/site/3940,732-886 BP,Readers may need to inspect the upstream SEAD site page because the repository does not currently expose stronger reference links.
3952,Våthults kyrka,Sweden,numeric_span_with_contextual_caveat,duration_span_visible,site_page_only,medium_contextual_numeric_mix,context_layer_with_explicit_caveat,https://browser.sead.se/site/3952,688-789 BP,Readers may need to inspect the upstream SEAD site page because the repository does not currently expose stronger reference links.
3412,Ytterby,Sweden,numeric_span_with_contextual_caveat,duration_span_visible,site_page_only,medium_contextual_numeric_mix,context_layer_with_explicit_caveat,https://browser.sead.se/site/3412,Viking (850-1150 BP),Readers may need to inspect the upstream SEAD site page because the repository does not currently expose stronger reference links.
3938,Älvestads kyrka,Sweden,numeric_span_with_contextual_caveat,duration_span_visible,site_page_only,medium_contextual_numeric_mix,context_layer_with_explicit_caveat,https://browser.sead.se/site/3938,304-773 BP,Readers may need to inspect the upstream SEAD site page because the repository does not currently expose stronger reference links.
4249,Ängdala,Sweden,numeric_span_with_contextual_caveat,duration_span_visible,site_page_only,medium_contextual_numeric_mix,context_layer_with_explicit_caveat,https://browser.sead.se/site/4249,Lateglacial; Early Holocene (7000-13500 BP),Readers may need to inspect the upstream SEAD site page because the repository does not currently expose stronger reference links.
3411,Åby,Sweden,numeric_span_with_contextual_caveat,duration_span_visible,site_page_only,medium_contextual_numeric_mix,context_layer_with_explicit_caveat,https://browser.sead.se/site/3411,Middle neolithic S Scandinavia (4350-5250 BP),Readers may need to inspect the upstream SEAD site page because the repository does not currently expose stronger reference links.
3837,Åby,Sweden,numeric_span_with_contextual_caveat,duration_span_visible,site_page_only,medium_contextual_numeric_mix,context_layer_with_explicit_caveat,https://browser.sead.se/site/3837,43-51 BP,Readers may need to inspect the upstream SEAD site page because the repository does not currently expose stronger reference links.
3836,Åkarp,Sweden,numeric_span_with_contextual_caveat,duration_span_visible,site_page_only,medium_contextual_numeric_mix,context_layer_with_explicit_caveat,https://browser.sead.se/site/3836,177-197 BP,Readers may need to inspect the upstream SEAD site page because the repository does not currently expose stronger reference links.
3410,Ål 291,Sweden,numeric_span_with_contextual_caveat,duration_span_visible,site_page_only,medium_contextual_numeric_mix,context_layer_with_explicit_caveat,https://browser.sead.se/site/3410,Late Iron Age (1150-1550 BP),Readers may need to inspect the upstream SEAD site page because the repository does not currently expose stronger reference links.
3409,Årsta,Sweden,numeric_span_with_contextual_caveat,duration_span_visible,site_page_only,medium_contextual_numeric_mix,context_layer_with_explicit_caveat,https://browser.sead.se/site/3409,Viking (850-1150 BP),Readers may need to inspect the upstream SEAD site page because the repository does not currently expose stronger reference links.
3408,Årup (Skräbeån),Sweden,numeric_span_with_contextual_caveat,duration_span_visible,site_page_only,medium_contextual_numeric_mix,context_layer_with_explicit_caveat,https://browser.sead.se/site/3408,Bronze Age Period II - VI (2450-3450 BP),Readers may need to inspect the upstream SEAD site page because the repository does not currently expose stronger reference links.
3407,Årups norre vång,Sweden,numeric_span_with_contextual_caveat,duration_span_visible,site_page_only,medium_contextual_numeric_mix,context_layer_with_explicit_caveat,https://browser.sead.se/site/3407,Bronze Age Period II - VI (2450-3450 BP),Readers may need to inspect the upstream SEAD site page because the repository does not currently expose stronger reference links.
3406,Ås-Husby,Sweden,numeric_span_with_contextual_caveat,duration_span_visible,site_page_only,medium_contextual_numeric_mix,context_layer_with_explicit_caveat,https://browser.sead.se/site/3406,Viking (850-1150 BP),Readers may need to inspect the upstream SEAD site page because the repository does not currently expose stronger reference links.
3405,Öggestorp,Sweden,numeric_span_with_contextual_caveat,duration_span_visible,site_page_only,medium_contextual_numeric_mix,context_layer_with_explicit_caveat,https://browser.sead.se/site/3405,Roman Iron Age (1550-1950 BP),Readers may need to inspect the upstream SEAD site page because the repository does not currently expose stronger reference links.
3937,Önsbo,Sweden,numeric_span_with_contextual_caveat,duration_span_visible,site_page_only,medium_contextual_numeric_mix,context_layer_with_explicit_caveat,https://browser.sead.se/site/3937,434-438 BP,Readers may need to inspect the upstream SEAD site page because the repository does not currently expose stronger reference links.
3936,Örberga kyrka,Sweden,numeric_span_with_contextual_caveat,duration_span_visible,site_page_only,medium_contextual_numeric_mix,context_layer_with_explicit_caveat,https://browser.sead.se/site/3936,831-885 BP,Readers may need to inspect the upstream SEAD site page because the repository does not currently expose stronger reference links.
3935,Örs kyrka,Sweden,numeric_span_with_contextual_caveat,duration_span_visible,site_page_only,medium_contextual_numeric_mix,context_layer_with_explicit_caveat,https://browser.sead.se/site/3935,651-733 BP,Readers may need to inspect the upstream SEAD site page because the repository does not currently expose stronger reference links.
3924,Ösjöfors handpappersbruk,Sweden,numeric_span_with_contextual_caveat,duration_span_visible,site_page_only,medium_contextual_numeric_mix,context_layer_with_explicit_caveat,https://browser.sead.se/site/3924,84-214 BP,Readers may need to inspect the upstream SEAD site page because the repository does not currently expose stronger reference links.
3933,Östensbo,Sweden,numeric_span_with_contextual_caveat,duration_span_visible,site_page_only,medium_contextual_numeric_mix,context_layer_with_explicit_caveat,https://browser.sead.se/site/3933,429-433 BP,Readers may need to inspect the upstream SEAD site page because the repository does not currently expose stronger reference links.
3932,Östra ryds kyrka,Sweden,numeric_span_with_contextual_caveat,duration_span_visible,site_page_only,medium_contextual_numeric_mix,context_layer_with_explicit_caveat,https://browser.sead.se/site/3932,257-270 BP,Readers may need to inspect the upstream SEAD site page because the repository does not currently expose stronger reference links.
3931,Östra Skrukeby kyrka,Sweden,numeric_span_with_contextual_caveat,duration_span_visible,site_page_only,medium_contextual_numeric_mix,context_layer_with_explicit_caveat,https://browser.sead.se/site/3931,800-837 BP,Readers may need to inspect the upstream SEAD site page because the repository does not currently expose stronger reference links.
3404,Östra Spång,Sweden,numeric_span_with_contextual_caveat,duration_span_visible,site_page_only,medium_contextual_numeric_mix,context_layer_with_explicit_caveat,https://browser.sead.se/site/3404,CAL_PERIOD_500-300_BP (250-450 BP),Readers may need to inspect the upstream SEAD site page because the repository does not currently expose stronger reference links.
3403,Östra Ve,Sweden,numeric_span_with_contextual_caveat,duration_span_visible,site_page_only,medium_contextual_numeric_mix,context_layer_with_explicit_caveat,https://browser.sead.se/site/3403,Early Iron Age (1550-2450 BP),Readers may need to inspect the upstream SEAD site page because the repository does not currently expose stronger reference links.
3930,Östra Vrams kyrka,Sweden,numeric_span_with_contextual_caveat,duration_span_visible,site_page_only,medium_contextual_numeric_mix,context_layer_with_explicit_caveat,https://browser.sead.se/site/3930,564-705 BP,Readers may need to inspect the upstream SEAD site page because the repository does not currently expose stronger reference links.
