target_name,target_class,lake_decision,latitude,longitude,landclim_record_id,landclim_grid_record_id,time_start_bp,time_end_bp,time_mean_bp,time_label,forest_cover,evergreen_tree_cover,summergreen_tree_cover,open_land_cover,agricultural_land_cover,grassland_cover,cereal_type_pollen_cover,rye_pollen_cover,cereal_interpretation_posture,sead_temporal_record_count_20km,sead_site_count_20km,human_adna_locality_count_20km,human_adna_sample_count_20km,animal_adna_locality_count_20km,animal_adna_sample_count_20km,cross_proxy_posture
Bergakyllen,registered_lake,include_lake_review,57.186058,16.143141,937075:882:0-100-bp,882,0,100,50,0-100 BP,73.142947,52.462473,20.680474,26.857053,1.52867,9.256395,1.011651,0.517019,Cerealia.t and Secale are modeled pollen-cover estimates; they are not observed crop acreage or proof of cultivation at the target,0,0,0,0,0,0,pollen_model_only
Bergakyllen,registered_lake,include_lake_review,57.186058,16.143141,937075:882:100-350-bp,882,100,350,225,100-350 BP,45.171137,31.97708,13.194057,54.828863,1.609507,6.349535,1.441499,0.168008,Cerealia.t and Secale are modeled pollen-cover estimates; they are not observed crop acreage or proof of cultivation at the target,0,0,0,0,0,0,pollen_model_only
Bergakyllen,registered_lake,include_lake_review,57.186058,16.143141,937075:882:350-700-bp,882,350,700,525,350-700 BP,62.675949,41.62938,21.046569,37.324051,0.811974,6.066934,0.583141,0.228834,Cerealia.t and Secale are modeled pollen-cover estimates; they are not observed crop acreage or proof of cultivation at the target,0,0,0,0,0,0,pollen_model_only
Bergakyllen,registered_lake,include_lake_review,57.186058,16.143141,937075:882:700-1200-bp,882,700,1200,950,700-1200 BP,72.524498,44.223451,28.301047,27.475502,0.396519,7.03092,0.377494,0.019025,Cerealia.t and Secale are modeled pollen-cover estimates; they are not observed crop acreage or proof of cultivation at the target,0,0,0,0,0,0,pollen_model_only
Bergakyllen,registered_lake,include_lake_review,57.186058,16.143141,937075:882:1200-1700-bp,882,1200,1700,1450,1200-1700 BP,65.895525,33.612292,32.283233,34.104475,0.21859,7.871986,0.21859,0.0,Cerealia.t and Secale are modeled pollen-cover estimates; they are not observed crop acreage or proof of cultivation at the target,0,0,0,0,0,0,pollen_model_only
Bergakyllen,registered_lake,include_lake_review,57.186058,16.143141,937075:882:1700-2200-bp,882,1700,2200,1950,1700-2200 BP,65.879992,33.95453,31.925462,34.120008,0.0,6.325768,0.0,0.0,Cerealia.t and Secale are modeled pollen-cover estimates; they are not observed crop acreage or proof of cultivation at the target,0,0,0,0,0,0,pollen_model_only
Bergakyllen,registered_lake,include_lake_review,57.186058,16.143141,937075:882:2200-2700-bp,882,2200,2700,2450,2200-2700 BP,66.937881,37.559803,29.378078,33.06212,0.246908,6.257468,0.246908,0.0,Cerealia.t and Secale are modeled pollen-cover estimates; they are not observed crop acreage or proof of cultivation at the target,0,0,0,0,0,0,pollen_model_only
Bergakyllen,registered_lake,include_lake_review,57.186058,16.143141,937075:882:2700-3200-bp,882,2700,3200,2950,2700-3200 BP,73.43192,34.782449,38.649471,26.56808,0.393037,16.863017,0.393037,0.0,Cerealia.t and Secale are modeled pollen-cover estimates; they are not observed crop acreage or proof of cultivation at the target,0,0,0,0,0,0,pollen_model_only
Bergakyllen,registered_lake,include_lake_review,57.186058,16.143141,937075:882:3200-3700-bp,882,3200,3700,3450,3200-3700 BP,87.81522,47.163292,40.651928,12.18478,0.473655,7.605904,0.473655,0.0,Cerealia.t and Secale are modeled pollen-cover estimates; they are not observed crop acreage or proof of cultivation at the target,0,0,0,0,0,0,pollen_model_only
Bergakyllen,registered_lake,include_lake_review,57.186058,16.143141,937075:882:3700-4200-bp,882,3700,4200,3950,3700-4200 BP,81.125589,38.010508,43.115081,18.874412,0.83009,8.611664,0.83009,0.0,Cerealia.t and Secale are modeled pollen-cover estimates; they are not observed crop acreage or proof of cultivation at the target,0,0,0,0,0,0,pollen_model_only
Bergakyllen,registered_lake,include_lake_review,57.186058,16.143141,937075:882:4200-4700-bp,882,4200,4700,4450,4200-4700 BP,78.957186,34.152637,44.804549,21.042813,0.0,7.609502,0.0,0.0,Cerealia.t and Secale are modeled pollen-cover estimates; they are not observed crop acreage or proof of cultivation at the target,0,0,0,0,0,0,pollen_model_only
Bergakyllen,registered_lake,include_lake_review,57.186058,16.143141,937075:882:4700-5200-bp,882,4700,5200,4950,4700-5200 BP,85.269641,23.707763,61.561878,14.730359,0.0,14.730359,0.0,0.0,Cerealia.t and Secale are modeled pollen-cover estimates; they are not observed crop acreage or proof of cultivation at the target,0,0,0,0,0,0,pollen_model_only
Bergakyllen,registered_lake,include_lake_review,57.186058,16.143141,937075:882:5200-5700-bp,882,5200,5700,5450,5200-5700 BP,72.855712,41.884369,30.971343,27.144288,0.0,4.230642,0.0,0.0,Cerealia.t and Secale are modeled pollen-cover estimates; they are not observed crop acreage or proof of cultivation at the target,0,0,0,0,0,0,pollen_model_only
Bergakyllen,registered_lake,include_lake_review,57.186058,16.143141,937075:882:5700-6200-bp,882,5700,6200,5950,5700-6200 BP,64.990684,34.497772,30.492912,35.009316,0.0,8.276,0.0,0.0,Cerealia.t and Secale are modeled pollen-cover estimates; they are not observed crop acreage or proof of cultivation at the target,0,0,0,0,0,0,pollen_model_only
Bergakyllen,registered_lake,include_lake_review,57.186058,16.143141,937075:882:6200-6700-bp,882,6200,6700,6450,6200-6700 BP,77.735945,25.778763,51.957182,22.264056,0.0,21.356219,0.0,0.0,Cerealia.t and Secale are modeled pollen-cover estimates; they are not observed crop acreage or proof of cultivation at the target,0,0,0,0,0,0,pollen_model_only
Bergakyllen,registered_lake,include_lake_review,57.186058,16.143141,937075:882:6700-7200-bp,882,6700,7200,6950,6700-7200 BP,81.240068,21.954651,59.285417,18.759932,0.0,16.815917,0.0,0.0,Cerealia.t and Secale are modeled pollen-cover estimates; they are not observed crop acreage or proof of cultivation at the target,0,0,0,0,0,0,pollen_model_only
Bergakyllen,registered_lake,include_lake_review,57.186058,16.143141,937075:882:7200-7700-bp,882,7200,7700,7450,7200-7700 BP,77.561054,24.775155,52.785899,22.438947,0.0,20.661065,0.0,0.0,Cerealia.t and Secale are modeled pollen-cover estimates; they are not observed crop acreage or proof of cultivation at the target,0,0,0,0,0,0,pollen_model_only
Bergakyllen,registered_lake,include_lake_review,57.186058,16.143141,937075:882:7700-8200-bp,882,7700,8200,7950,7700-8200 BP,81.899904,28.956008,52.943896,18.100096,0.0,16.031994,0.0,0.0,Cerealia.t and Secale are modeled pollen-cover estimates; they are not observed crop acreage or proof of cultivation at the target,0,0,0,0,0,0,pollen_model_only
Bergakyllen,registered_lake,include_lake_review,57.186058,16.143141,937075:882:8200-8700-bp,882,8200,8700,8450,8200-8700 BP,76.807731,30.2289,46.578831,23.192269,0.0,21.503299,0.0,0.0,Cerealia.t and Secale are modeled pollen-cover estimates; they are not observed crop acreage or proof of cultivation at the target,0,0,0,0,0,0,pollen_model_only
Bergakyllen,registered_lake,include_lake_review,57.186058,16.143141,937075:882:8700-9200-bp,882,8700,9200,8950,8700-9200 BP,85.67871,47.69517,37.98354,14.32129,0.0,14.32129,0.0,0.0,Cerealia.t and Secale are modeled pollen-cover estimates; they are not observed crop acreage or proof of cultivation at the target,0,0,0,0,0,0,pollen_model_only
Bergakyllen,registered_lake,include_lake_review,57.186058,16.143141,937075:882:9200-9700-bp,882,9200,9700,9450,9200-9700 BP,71.668031,32.881253,38.786778,28.331968,0.0,27.022591,0.0,0.0,Cerealia.t and Secale are modeled pollen-cover estimates; they are not observed crop acreage or proof of cultivation at the target,0,0,0,0,0,0,pollen_model_only
Bergakyllen,registered_lake,include_lake_review,57.186058,16.143141,937075:882:9700-10200-bp,882,9700,10200,9950,9700-10200 BP,0.0,0.0,0.0,0.0,0.0,0.0,0.0,0.0,Cerealia.t and Secale are modeled pollen-cover estimates; they are not observed crop acreage or proof of cultivation at the target,0,0,0,0,0,0,pollen_model_only
Bergakyllen,registered_lake,include_lake_review,57.186058,16.143141,937075:882:10200-10700-bp,882,10200,10700,10450,10200-10700 BP,0.0,0.0,0.0,0.0,0.0,0.0,0.0,0.0,Cerealia.t and Secale are modeled pollen-cover estimates; they are not observed crop acreage or proof of cultivation at the target,0,0,0,0,0,0,pollen_model_only
Bergakyllen,registered_lake,include_lake_review,57.186058,16.143141,937075:882:10700-11200-bp,882,10700,11200,10950,10700-11200 BP,0.0,0.0,0.0,0.0,0.0,0.0,0.0,0.0,Cerealia.t and Secale are modeled pollen-cover estimates; they are not observed crop acreage or proof of cultivation at the target,0,0,0,0,0,0,pollen_model_only
Bergakyllen,registered_lake,include_lake_review,57.186058,16.143141,937075:882:11200-11700-bp,882,11200,11700,11450,11200-11700 BP,0.0,0.0,0.0,0.0,0.0,0.0,0.0,0.0,Cerealia.t and Secale are modeled pollen-cover estimates; they are not observed crop acreage or proof of cultivation at the target,0,0,0,0,0,0,pollen_model_only
Bjäresjösjön,registered_lake,include_lake_review,55.45927,13.751909,937075:779:0-100-bp,779,0,100,50,0-100 BP,56.24459,14.943373,41.301217,43.75541,5.099505,35.561881,4.641181,0.458324,Cerealia.t and Secale are modeled pollen-cover estimates; they are not observed crop acreage or proof of cultivation at the target,17,9,0,0,0,0,pollen_archaeology_context
Bjäresjösjön,registered_lake,include_lake_review,55.45927,13.751909,937075:779:100-350-bp,779,100,350,225,100-350 BP,39.374706,5.139854,34.234852,60.625294,6.969103,31.45808,6.582581,0.386522,Cerealia.t and Secale are modeled pollen-cover estimates; they are not observed crop acreage or proof of cultivation at the target,88,13,0,0,0,0,pollen_archaeology_context
Bjäresjösjön,registered_lake,include_lake_review,55.45927,13.751909,937075:779:350-700-bp,779,350,700,525,350-700 BP,54.727693,4.338428,50.389265,45.272308,5.595778,26.442997,5.462224,0.133554,Cerealia.t and Secale are modeled pollen-cover estimates; they are not observed crop acreage or proof of cultivation at the target,317,20,0,0,0,0,pollen_archaeology_context
Bjäresjösjön,registered_lake,include_lake_review,55.45927,13.751909,937075:779:700-1200-bp,779,700,1200,950,700-1200 BP,49.152686,3.050025,46.102661,50.847313,2.601623,25.255069,2.530118,0.071505,Cerealia.t and Secale are modeled pollen-cover estimates; they are not observed crop acreage or proof of cultivation at the target,61,16,0,0,0,0,pollen_archaeology_context
Bjäresjösjön,registered_lake,include_lake_review,55.45927,13.751909,937075:779:1200-1700-bp,779,1200,1700,1450,1200-1700 BP,62.605104,2.801933,59.803171,37.394896,1.115943,15.100785,1.114663,0.00128,Cerealia.t and Secale are modeled pollen-cover estimates; they are not observed crop acreage or proof of cultivation at the target,18,10,0,0,0,0,pollen_archaeology_context
Bjäresjösjön,registered_lake,include_lake_review,55.45927,13.751909,937075:779:1700-2200-bp,779,1700,2200,1950,1700-2200 BP,51.397331,4.841559,46.555772,48.602669,1.209959,12.821108,1.170706,0.039253,Cerealia.t and Secale are modeled pollen-cover estimates; they are not observed crop acreage or proof of cultivation at the target,19,11,0,0,0,0,pollen_archaeology_context
Bjäresjösjön,registered_lake,include_lake_review,55.45927,13.751909,937075:779:2200-2700-bp,779,2200,2700,2450,2200-2700 BP,53.519357,3.65087,49.868487,46.480643,0.639475,12.685663,0.639072,0.000403,Cerealia.t and Secale are modeled pollen-cover estimates; they are not observed crop acreage or proof of cultivation at the target,23,15,0,0,0,0,pollen_archaeology_context
Bjäresjösjön,registered_lake,include_lake_review,55.45927,13.751909,937075:779:2700-3200-bp,779,2700,3200,2950,2700-3200 BP,59.02063,2.734473,56.286157,40.97937,0.081197,5.506499,0.080601,0.000595,Cerealia.t and Secale are modeled pollen-cover estimates; they are not observed crop acreage or proof of cultivation at the target,22,14,1,2,0,0,pollen_archaeology_human_context
Bjäresjösjön,registered_lake,include_lake_review,55.45927,13.751909,937075:779:3200-3700-bp,779,3200,3700,3450,3200-3700 BP,63.148795,3.076667,60.072128,36.851205,0.011621,3.884792,0.011437,0.000184,Cerealia.t and Secale are modeled pollen-cover estimates; they are not observed crop acreage or proof of cultivation at the target,22,14,1,2,0,0,pollen_archaeology_human_context
Bjäresjösjön,registered_lake,include_lake_review,55.45927,13.751909,937075:779:3700-4200-bp,779,3700,4200,3950,3700-4200 BP,66.755361,2.899465,63.855896,33.244639,0.309214,2.510853,0.309214,0.0,Cerealia.t and Secale are modeled pollen-cover estimates; they are not observed crop acreage or proof of cultivation at the target,17,9,1,2,0,0,pollen_archaeology_human_context
Bjäresjösjön,registered_lake,include_lake_review,55.45927,13.751909,937075:779:4200-4700-bp,779,4200,4700,4450,4200-4700 BP,71.262099,14.763825,56.498274,28.737901,0.010865,1.367408,0.010865,0.0,Cerealia.t and Secale are modeled pollen-cover estimates; they are not observed crop acreage or proof of cultivation at the target,20,12,0,0,0,0,pollen_archaeology_context
Bjäresjösjön,registered_lake,include_lake_review,55.45927,13.751909,937075:779:4700-5200-bp,779,4700,5200,4950,4700-5200 BP,72.973282,11.797347,61.175935,27.026718,0.003531,2.742793,0.003307,0.000224,Cerealia.t and Secale are modeled pollen-cover estimates; they are not observed crop acreage or proof of cultivation at the target,20,12,0,0,0,0,pollen_archaeology_context
Bjäresjösjön,registered_lake,include_lake_review,55.45927,13.751909,937075:779:5200-5700-bp,779,5200,5700,5450,5200-5700 BP,66.821041,8.853606,57.967435,33.178959,0.01705,2.6648,0.01705,0.0,Cerealia.t and Secale are modeled pollen-cover estimates; they are not observed crop acreage or proof of cultivation at the target,21,12,0,0,0,0,pollen_archaeology_context
Bjäresjösjön,registered_lake,include_lake_review,55.45927,13.751909,937075:779:5700-6200-bp,779,5700,6200,5950,5700-6200 BP,54.072866,2.995472,51.077394,45.927135,0.347683,2.166793,0.347683,0.0,Cerealia.t and Secale are modeled pollen-cover estimates; they are not observed crop acreage or proof of cultivation at the target,18,10,0,0,0,0,pollen_archaeology_context
Bjäresjösjön,registered_lake,include_lake_review,55.45927,13.751909,937075:779:6200-6700-bp,779,6200,6700,6450,6200-6700 BP,66.693422,2.605851,64.087571,33.306578,0.0,2.129872,0.0,0.0,Cerealia.t and Secale are modeled pollen-cover estimates; they are not observed crop acreage or proof of cultivation at the target,17,9,0,0,0,0,pollen_archaeology_context
Bjäresjösjön,registered_lake,include_lake_review,55.45927,13.751909,937075:779:6700-7200-bp,779,6700,7200,6950,6700-7200 BP,76.978923,4.184156,72.794767,23.021077,0.022816,5.664298,0.022816,0.0,Cerealia.t and Secale are modeled pollen-cover estimates; they are not observed crop acreage or proof of cultivation at the target,18,10,1,1,0,0,pollen_archaeology_human_context
Bjäresjösjön,registered_lake,include_lake_review,55.45927,13.751909,937075:779:7200-7700-bp,779,7200,7700,7450,7200-7700 BP,69.58001,10.209819,59.370191,30.41999,0.0,30.294955,0.0,0.0,Cerealia.t and Secale are modeled pollen-cover estimates; they are not observed crop acreage or proof of cultivation at the target,18,10,0,0,0,0,pollen_archaeology_context
Bjäresjösjön,registered_lake,include_lake_review,55.45927,13.751909,937075:779:7700-8200-bp,779,7700,8200,7950,7700-8200 BP,79.562069,15.454689,64.10738,20.437931,0.0,20.418047,0.0,0.0,Cerealia.t and Secale are modeled pollen-cover estimates; they are not observed crop acreage or proof of cultivation at the target,18,10,0,0,0,0,pollen_archaeology_context
Bjäresjösjön,registered_lake,include_lake_review,55.45927,13.751909,937075:779:8200-8700-bp,779,8200,8700,8450,8200-8700 BP,88.107465,16.32362,71.783845,11.892535,0.0,11.610713,0.0,0.0,Cerealia.t and Secale are modeled pollen-cover estimates; they are not observed crop acreage or proof of cultivation at the target,20,10,0,0,0,0,pollen_archaeology_context
Bjäresjösjön,registered_lake,include_lake_review,55.45927,13.751909,937075:779:8700-9200-bp,779,8700,9200,8950,8700-9200 BP,86.392321,15.866884,70.525437,13.607679,0.0,13.309275,0.0,0.0,Cerealia.t and Secale are modeled pollen-cover estimates; they are not observed crop acreage or proof of cultivation at the target,20,10,0,0,0,0,pollen_archaeology_context
Bjäresjösjön,registered_lake,include_lake_review,55.45927,13.751909,937075:779:9200-9700-bp,779,9200,9700,9450,9200-9700 BP,79.083565,14.532806,64.550759,20.916435,0.0,20.916435,0.0,0.0,Cerealia.t and Secale are modeled pollen-cover estimates; they are not observed crop acreage or proof of cultivation at the target,19,10,0,0,0,0,pollen_archaeology_context
Bjäresjösjön,registered_lake,include_lake_review,55.45927,13.751909,937075:779:9700-10200-bp,779,9700,10200,9950,9700-10200 BP,80.991687,20.643882,60.347805,19.008313,0.0,19.008313,0.0,0.0,Cerealia.t and Secale are modeled pollen-cover estimates; they are not observed crop acreage or proof of cultivation at the target,22,11,0,0,0,0,pollen_archaeology_context
Bjäresjösjön,registered_lake,include_lake_review,55.45927,13.751909,937075:779:10200-10700-bp,779,10200,10700,10450,10200-10700 BP,59.414495,25.84775,33.566745,40.585505,0.0,40.343099,0.0,0.0,Cerealia.t and Secale are modeled pollen-cover estimates; they are not observed crop acreage or proof of cultivation at the target,3,2,0,0,0,0,pollen_archaeology_context
Bjäresjösjön,registered_lake,include_lake_review,55.45927,13.751909,937075:779:10700-11200-bp,779,10700,11200,10950,10700-11200 BP,41.619629,24.791307,16.828322,58.380371,0.0,58.380371,0.0,0.0,Cerealia.t and Secale are modeled pollen-cover estimates; they are not observed crop acreage or proof of cultivation at the target,3,2,0,0,0,0,pollen_archaeology_context
Bjäresjösjön,registered_lake,include_lake_review,55.45927,13.751909,937075:779:11200-11700-bp,779,11200,11700,11450,11200-11700 BP,33.811908,24.407523,9.404385,66.188092,0.0,66.188092,0.0,0.0,Cerealia.t and Secale are modeled pollen-cover estimates; they are not observed crop acreage or proof of cultivation at the target,3,2,0,0,0,0,pollen_archaeology_context
Bjärsjön,registered_lake,include_lake_review,58.334534,13.65652,937075:929:0-100-bp,929,0,100,50,0-100 BP,70.259448,39.437821,30.821627,29.740552,3.586497,24.169548,3.586497,0.0,Cerealia.t and Secale are modeled pollen-cover estimates; they are not observed crop acreage or proof of cultivation at the target,0,0,0,0,0,0,pollen_model_only
Bjärsjön,registered_lake,include_lake_review,58.334534,13.65652,937075:929:100-350-bp,929,100,350,225,100-350 BP,75.386106,40.513013,34.873093,24.613894,4.005269,18.05205,4.005269,0.0,Cerealia.t and Secale are modeled pollen-cover estimates; they are not observed crop acreage or proof of cultivation at the target,0,0,0,0,0,0,pollen_model_only
Bjärsjön,registered_lake,include_lake_review,58.334534,13.65652,937075:929:350-700-bp,929,350,700,525,350-700 BP,70.329364,40.290674,30.03869,29.670637,3.308293,22.831959,3.308293,0.0,Cerealia.t and Secale are modeled pollen-cover estimates; they are not observed crop acreage or proof of cultivation at the target,0,0,0,0,0,0,pollen_model_only
Bjärsjön,registered_lake,include_lake_review,58.334534,13.65652,937075:929:700-1200-bp,929,700,1200,950,700-1200 BP,76.339786,33.694235,42.645551,23.660214,1.874153,20.054606,1.874153,0.0,Cerealia.t and Secale are modeled pollen-cover estimates; they are not observed crop acreage or proof of cultivation at the target,0,0,1,31,0,0,pollen_adna_context
Bjärsjön,registered_lake,include_lake_review,58.334534,13.65652,937075:929:1200-1700-bp,929,1200,1700,1450,1200-1700 BP,75.918949,26.491758,49.427191,24.081052,0.900131,21.091627,0.900131,0.0,Cerealia.t and Secale are modeled pollen-cover estimates; they are not observed crop acreage or proof of cultivation at the target,0,0,0,0,0,0,pollen_model_only
Bjärsjön,registered_lake,include_lake_review,58.334534,13.65652,937075:929:1700-2200-bp,929,1700,2200,1950,1700-2200 BP,78.281441,20.760486,57.520955,21.718559,0.646597,18.986617,0.646597,0.0,Cerealia.t and Secale are modeled pollen-cover estimates; they are not observed crop acreage or proof of cultivation at the target,1,1,0,0,0,0,pollen_archaeology_context
Bjärsjön,registered_lake,include_lake_review,58.334534,13.65652,937075:929:2200-2700-bp,929,2200,2700,2450,2200-2700 BP,75.190271,15.254792,59.935479,24.809729,0.076538,23.396124,0.076538,0.0,Cerealia.t and Secale are modeled pollen-cover estimates; they are not observed crop acreage or proof of cultivation at the target,1,1,0,0,0,0,pollen_archaeology_context
Bjärsjön,registered_lake,include_lake_review,58.334534,13.65652,937075:929:2700-3200-bp,929,2700,3200,2950,2700-3200 BP,75.403721,12.178639,63.225082,24.596279,0.165083,22.87833,0.165083,0.0,Cerealia.t and Secale are modeled pollen-cover estimates; they are not observed crop acreage or proof of cultivation at the target,0,0,0,0,0,0,pollen_model_only
Bjärsjön,registered_lake,include_lake_review,58.334534,13.65652,937075:929:3200-3700-bp,929,3200,3700,3450,3200-3700 BP,82.306689,18.56972,63.736969,17.693311,0.0,16.827115,0.0,0.0,Cerealia.t and Secale are modeled pollen-cover estimates; they are not observed crop acreage or proof of cultivation at the target,0,0,1,8,0,0,pollen_adna_context
Bjärsjön,registered_lake,include_lake_review,58.334534,13.65652,937075:929:3700-4200-bp,929,3700,4200,3950,3700-4200 BP,86.157346,18.305597,67.851749,13.842654,0.0,13.160704,0.0,0.0,Cerealia.t and Secale are modeled pollen-cover estimates; they are not observed crop acreage or proof of cultivation at the target,0,0,1,8,0,0,pollen_adna_context
Bjärsjön,registered_lake,include_lake_review,58.334534,13.65652,937075:929:4200-4700-bp,929,4200,4700,4450,4200-4700 BP,86.002737,14.474136,71.528601,13.997263,0.0,13.773384,0.0,0.0,Cerealia.t and Secale are modeled pollen-cover estimates; they are not observed crop acreage or proof of cultivation at the target,1,1,1,26,0,0,pollen_archaeology_human_context
Bjärsjön,registered_lake,include_lake_review,58.334534,13.65652,937075:929:4700-5200-bp,929,4700,5200,4950,4700-5200 BP,86.661652,14.672878,71.988774,13.338348,0.0,12.910388,0.0,0.0,Cerealia.t and Secale are modeled pollen-cover estimates; they are not observed crop acreage or proof of cultivation at the target,1,1,2,41,0,0,pollen_archaeology_human_context
Bjärsjön,registered_lake,include_lake_review,58.334534,13.65652,937075:929:5200-5700-bp,929,5200,5700,5450,5200-5700 BP,84.600674,17.920189,66.680485,15.399326,0.0,14.770683,0.0,0.0,Cerealia.t and Secale are modeled pollen-cover estimates; they are not observed crop acreage or proof of cultivation at the target,1,1,2,41,0,0,pollen_archaeology_human_context
Bjärsjön,registered_lake,include_lake_review,58.334534,13.65652,937075:929:5700-6200-bp,929,5700,6200,5950,5700-6200 BP,85.62935,15.754208,69.875142,14.37065,0.0,13.817657,0.0,0.0,Cerealia.t and Secale are modeled pollen-cover estimates; they are not observed crop acreage or proof of cultivation at the target,0,0,0,0,0,0,pollen_model_only
Bjärsjön,registered_lake,include_lake_review,58.334534,13.65652,937075:929:6200-6700-bp,929,6200,6700,6450,6200-6700 BP,89.296599,14.010769,75.28583,10.703401,0.0,9.921115,0.0,0.0,Cerealia.t and Secale are modeled pollen-cover estimates; they are not observed crop acreage or proof of cultivation at the target,0,0,0,0,0,0,pollen_model_only
Bjärsjön,registered_lake,include_lake_review,58.334534,13.65652,937075:929:6700-7200-bp,929,6700,7200,6950,6700-7200 BP,90.850993,13.218499,77.632494,9.149007,0.0,8.502108,0.0,0.0,Cerealia.t and Secale are modeled pollen-cover estimates; they are not observed crop acreage or proof of cultivation at the target,0,0,0,0,0,0,pollen_model_only
Bjärsjön,registered_lake,include_lake_review,58.334534,13.65652,937075:929:7200-7700-bp,929,7200,7700,7450,7200-7700 BP,90.964928,10.898444,80.066484,9.035072,0.0,8.329118,0.0,0.0,Cerealia.t and Secale are modeled pollen-cover estimates; they are not observed crop acreage or proof of cultivation at the target,0,0,0,0,0,0,pollen_model_only
Bjärsjön,registered_lake,include_lake_review,58.334534,13.65652,937075:929:7700-8200-bp,929,7700,8200,7950,7700-8200 BP,89.463855,13.989408,75.474447,10.536145,0.0,9.994429,0.0,0.0,Cerealia.t and Secale are modeled pollen-cover estimates; they are not observed crop acreage or proof of cultivation at the target,0,0,0,0,0,0,pollen_model_only
Bjärsjön,registered_lake,include_lake_review,58.334534,13.65652,937075:929:8200-8700-bp,929,8200,8700,8450,8200-8700 BP,85.832274,16.717145,69.115129,14.167727,0.0,13.413921,0.0,0.0,Cerealia.t and Secale are modeled pollen-cover estimates; they are not observed crop acreage or proof of cultivation at the target,0,0,0,0,0,0,pollen_model_only
Bjärsjön,registered_lake,include_lake_review,58.334534,13.65652,937075:929:8700-9200-bp,929,8700,9200,8950,8700-9200 BP,90.899551,20.694523,70.205028,9.10045,0.0,8.056574,0.0,0.0,Cerealia.t and Secale are modeled pollen-cover estimates; they are not observed crop acreage or proof of cultivation at the target,0,0,0,0,0,0,pollen_model_only
Bjärsjön,registered_lake,include_lake_review,58.334534,13.65652,937075:929:9200-9700-bp,929,9200,9700,9450,9200-9700 BP,85.445703,28.407122,57.038581,14.554296,0.0,12.42044,0.0,0.0,Cerealia.t and Secale are modeled pollen-cover estimates; they are not observed crop acreage or proof of cultivation at the target,0,0,1,1,0,0,pollen_adna_context
Bjärsjön,registered_lake,include_lake_review,58.334534,13.65652,937075:929:9700-10200-bp,929,9700,10200,9950,9700-10200 BP,86.142042,40.432413,45.709629,13.857958,0.0,11.658797,0.0,0.0,Cerealia.t and Secale are modeled pollen-cover estimates; they are not observed crop acreage or proof of cultivation at the target,0,0,1,1,0,0,pollen_adna_context
Bjärsjön,registered_lake,include_lake_review,58.334534,13.65652,937075:929:10200-10700-bp,929,10200,10700,10450,10200-10700 BP,84.850392,47.2566,37.593792,15.149608,0.0,12.575194,0.0,0.0,Cerealia.t and Secale are modeled pollen-cover estimates; they are not observed crop acreage or proof of cultivation at the target,0,0,0,0,0,0,pollen_model_only
Bjärsjön,registered_lake,include_lake_review,58.334534,13.65652,937075:929:10700-11200-bp,929,10700,11200,10950,10700-11200 BP,71.266986,22.070682,49.196304,28.733014,0.0,28.344577,0.0,0.0,Cerealia.t and Secale are modeled pollen-cover estimates; they are not observed crop acreage or proof of cultivation at the target,0,0,0,0,0,0,pollen_model_only
Bjärsjön,registered_lake,include_lake_review,58.334534,13.65652,937075:929:11200-11700-bp,929,11200,11700,11450,11200-11700 BP,69.246118,24.619382,44.626736,30.753882,0.0,29.565618,0.0,0.0,Cerealia.t and Secale are modeled pollen-cover estimates; they are not observed crop acreage or proof of cultivation at the target,0,0,0,0,0,0,pollen_model_only
Finjasjön,registered_lake,include_lake_review,56.133926,13.703841,937075:829:0-100-bp,829,0,100,50,0-100 BP,44.299893,16.837245,27.462648,55.700107,5.949875,29.711781,2.131145,3.818731,Cerealia.t and Secale are modeled pollen-cover estimates; they are not observed crop acreage or proof of cultivation at the target,4,2,0,0,0,0,pollen_archaeology_context
Finjasjön,registered_lake,include_lake_review,56.133926,13.703841,937075:829:100-350-bp,829,100,350,225,100-350 BP,29.223977,6.602185,22.621792,70.776023,22.139198,25.011105,1.319261,20.819937,Cerealia.t and Secale are modeled pollen-cover estimates; they are not observed crop acreage or proof of cultivation at the target,137,8,0,0,0,0,pollen_archaeology_context
Finjasjön,registered_lake,include_lake_review,56.133926,13.703841,937075:829:350-700-bp,829,350,700,525,350-700 BP,41.969349,3.814642,38.154707,58.03065,9.689666,25.545768,0.671051,9.018615,Cerealia.t and Secale are modeled pollen-cover estimates; they are not observed crop acreage or proof of cultivation at the target,262,8,0,0,0,0,pollen_archaeology_context
Finjasjön,registered_lake,include_lake_review,56.133926,13.703841,937075:829:700-1200-bp,829,700,1200,950,700-1200 BP,53.804534,5.768267,48.036267,46.195466,13.258743,17.3478,0.357634,12.901109,Cerealia.t and Secale are modeled pollen-cover estimates; they are not observed crop acreage or proof of cultivation at the target,116,3,0,0,0,0,pollen_archaeology_context
Finjasjön,registered_lake,include_lake_review,56.133926,13.703841,937075:829:1200-1700-bp,829,1200,1700,1450,1200-1700 BP,52.233538,3.865237,48.368301,47.766461,10.195605,14.444181,0.051507,10.144098,Cerealia.t and Secale are modeled pollen-cover estimates; they are not observed crop acreage or proof of cultivation at the target,2,1,0,0,0,0,pollen_archaeology_context
Finjasjön,registered_lake,include_lake_review,56.133926,13.703841,937075:829:1700-2200-bp,829,1700,2200,1950,1700-2200 BP,55.835989,3.441532,52.394457,44.16401,9.09818,18.05912,0.118879,8.9793,Cerealia.t and Secale are modeled pollen-cover estimates; they are not observed crop acreage or proof of cultivation at the target,2,1,0,0,0,0,pollen_archaeology_context
Finjasjön,registered_lake,include_lake_review,56.133926,13.703841,937075:829:2200-2700-bp,829,2200,2700,2450,2200-2700 BP,49.967146,2.740333,47.226813,50.032854,16.379774,11.284866,0.089978,16.289797,Cerealia.t and Secale are modeled pollen-cover estimates; they are not observed crop acreage or proof of cultivation at the target,0,0,0,0,0,0,pollen_model_only
Finjasjön,registered_lake,include_lake_review,56.133926,13.703841,937075:829:2700-3200-bp,829,2700,3200,2950,2700-3200 BP,77.120563,5.238569,71.881994,22.879436,3.339462,11.383855,0.031632,3.30783,Cerealia.t and Secale are modeled pollen-cover estimates; they are not observed crop acreage or proof of cultivation at the target,0,0,0,0,0,0,pollen_model_only
Finjasjön,registered_lake,include_lake_review,56.133926,13.703841,937075:829:3200-3700-bp,829,3200,3700,3450,3200-3700 BP,80.259314,4.47365,75.785664,19.740686,0.197482,16.266138,0.045019,0.152464,Cerealia.t and Secale are modeled pollen-cover estimates; they are not observed crop acreage or proof of cultivation at the target,0,0,0,0,0,0,pollen_model_only
Finjasjön,registered_lake,include_lake_review,56.133926,13.703841,937075:829:3700-4200-bp,829,3700,4200,3950,3700-4200 BP,82.161547,2.733379,79.428168,17.838453,0.357788,15.128304,0.0,0.357788,Cerealia.t and Secale are modeled pollen-cover estimates; they are not observed crop acreage or proof of cultivation at the target,0,0,0,0,0,0,pollen_model_only
Finjasjön,registered_lake,include_lake_review,56.133926,13.703841,937075:829:4200-4700-bp,829,4200,4700,4450,4200-4700 BP,83.764762,3.072078,80.692684,16.235238,0.314974,10.715899,0.000118,0.314856,Cerealia.t and Secale are modeled pollen-cover estimates; they are not observed crop acreage or proof of cultivation at the target,0,0,0,0,0,0,pollen_model_only
Finjasjön,registered_lake,include_lake_review,56.133926,13.703841,937075:829:4700-5200-bp,829,4700,5200,4950,4700-5200 BP,84.20692,3.210632,80.996288,15.793079,0.363293,11.913132,0.000258,0.363035,Cerealia.t and Secale are modeled pollen-cover estimates; they are not observed crop acreage or proof of cultivation at the target,0,0,0,0,0,0,pollen_model_only
Finjasjön,registered_lake,include_lake_review,56.133926,13.703841,937075:829:5200-5700-bp,829,5200,5700,5450,5200-5700 BP,86.388222,5.814255,80.573967,13.611778,0.403195,10.242886,0.082201,0.320994,Cerealia.t and Secale are modeled pollen-cover estimates; they are not observed crop acreage or proof of cultivation at the target,0,0,0,0,0,0,pollen_model_only
Finjasjön,registered_lake,include_lake_review,56.133926,13.703841,937075:829:5700-6200-bp,829,5700,6200,5950,5700-6200 BP,83.720532,7.472922,76.24761,16.279469,0.096338,9.397654,0.00343,0.092907,Cerealia.t and Secale are modeled pollen-cover estimates; they are not observed crop acreage or proof of cultivation at the target,0,0,0,0,0,0,pollen_model_only
Finjasjön,registered_lake,include_lake_review,56.133926,13.703841,937075:829:6200-6700-bp,829,6200,6700,6450,6200-6700 BP,88.994288,10.539848,78.45444,11.005712,0.006477,3.321807,0.0,0.006477,Cerealia.t and Secale are modeled pollen-cover estimates; they are not observed crop acreage or proof of cultivation at the target,0,0,0,0,0,0,pollen_model_only
Finjasjön,registered_lake,include_lake_review,56.133926,13.703841,937075:829:6700-7200-bp,829,6700,7200,6950,6700-7200 BP,84.822144,10.114655,74.707489,15.177856,0.747366,5.407196,0.202538,0.544828,Cerealia.t and Secale are modeled pollen-cover estimates; they are not observed crop acreage or proof of cultivation at the target,0,0,0,0,0,0,pollen_model_only
Finjasjön,registered_lake,include_lake_review,56.133926,13.703841,937075:829:7200-7700-bp,829,7200,7700,7450,7200-7700 BP,88.388622,13.971869,74.416753,11.611378,0.129794,7.8397,0.0,0.129794,Cerealia.t and Secale are modeled pollen-cover estimates; they are not observed crop acreage or proof of cultivation at the target,0,0,0,0,0,0,pollen_model_only
Finjasjön,registered_lake,include_lake_review,56.133926,13.703841,937075:829:7700-8200-bp,829,7700,8200,7950,7700-8200 BP,87.089419,18.624609,68.46481,12.910581,0.161231,9.80708,0.0,0.161231,Cerealia.t and Secale are modeled pollen-cover estimates; they are not observed crop acreage or proof of cultivation at the target,0,0,0,0,0,0,pollen_model_only
Finjasjön,registered_lake,include_lake_review,56.133926,13.703841,937075:829:8200-8700-bp,829,8200,8700,8450,8200-8700 BP,80.879915,18.876898,62.003017,19.120085,0.242004,14.353371,0.0,0.242004,Cerealia.t and Secale are modeled pollen-cover estimates; they are not observed crop acreage or proof of cultivation at the target,0,0,0,0,0,0,pollen_model_only
Finjasjön,registered_lake,include_lake_review,56.133926,13.703841,937075:829:8700-9200-bp,829,8700,9200,8950,8700-9200 BP,84.559433,18.950957,65.608476,15.440567,0.213439,11.371577,0.0,0.213439,Cerealia.t and Secale are modeled pollen-cover estimates; they are not observed crop acreage or proof of cultivation at the target,0,0,0,0,0,0,pollen_model_only
Finjasjön,registered_lake,include_lake_review,56.133926,13.703841,937075:829:9200-9700-bp,829,9200,9700,9450,9200-9700 BP,78.702874,17.869484,60.83339,21.297125,0.045359,13.244641,0.0,0.045359,Cerealia.t and Secale are modeled pollen-cover estimates; they are not observed crop acreage or proof of cultivation at the target,0,0,0,0,0,0,pollen_model_only
Finjasjön,registered_lake,include_lake_review,56.133926,13.703841,937075:829:9700-10200-bp,829,9700,10200,9950,9700-10200 BP,74.307977,21.701008,52.606969,25.692023,0.095086,22.08166,0.0,0.095086,Cerealia.t and Secale are modeled pollen-cover estimates; they are not observed crop acreage or proof of cultivation at the target,0,0,0,0,0,0,pollen_model_only
Finjasjön,registered_lake,include_lake_review,56.133926,13.703841,937075:829:10200-10700-bp,829,10200,10700,10450,10200-10700 BP,54.135159,16.298611,37.836548,45.864842,0.583569,43.94101,0.0,0.583569,Cerealia.t and Secale are modeled pollen-cover estimates; they are not observed crop acreage or proof of cultivation at the target,0,0,0,0,0,0,pollen_model_only
Finjasjön,registered_lake,include_lake_review,56.133926,13.703841,937075:829:10700-11200-bp,829,10700,11200,10950,10700-11200 BP,41.325691,27.533618,13.792073,58.674308,0.053715,58.603631,0.0,0.053715,Cerealia.t and Secale are modeled pollen-cover estimates; they are not observed crop acreage or proof of cultivation at the target,0,0,0,0,0,0,pollen_model_only
Finjasjön,registered_lake,include_lake_review,56.133926,13.703841,937075:829:11200-11700-bp,829,11200,11700,11450,11200-11700 BP,19.463364,8.220168,11.243196,80.536636,0.528467,79.695259,0.0,0.528467,Cerealia.t and Secale are modeled pollen-cover estimates; they are not observed crop acreage or proof of cultivation at the target,0,0,0,0,0,0,pollen_model_only
Flarken,registered_lake,include_lake_review,58.556811,13.672884,937075:929:0-100-bp,929,0,100,50,0-100 BP,70.259448,39.437821,30.821627,29.740552,3.586497,24.169548,3.586497,0.0,Cerealia.t and Secale are modeled pollen-cover estimates; they are not observed crop acreage or proof of cultivation at the target,0,0,0,0,0,0,pollen_model_only
Flarken,registered_lake,include_lake_review,58.556811,13.672884,937075:929:100-350-bp,929,100,350,225,100-350 BP,75.386106,40.513013,34.873093,24.613894,4.005269,18.05205,4.005269,0.0,Cerealia.t and Secale are modeled pollen-cover estimates; they are not observed crop acreage or proof of cultivation at the target,0,0,0,0,0,0,pollen_model_only
Flarken,registered_lake,include_lake_review,58.556811,13.672884,937075:929:350-700-bp,929,350,700,525,350-700 BP,70.329364,40.290674,30.03869,29.670637,3.308293,22.831959,3.308293,0.0,Cerealia.t and Secale are modeled pollen-cover estimates; they are not observed crop acreage or proof of cultivation at the target,0,0,0,0,0,0,pollen_model_only
Flarken,registered_lake,include_lake_review,58.556811,13.672884,937075:929:700-1200-bp,929,700,1200,950,700-1200 BP,76.339786,33.694235,42.645551,23.660214,1.874153,20.054606,1.874153,0.0,Cerealia.t and Secale are modeled pollen-cover estimates; they are not observed crop acreage or proof of cultivation at the target,0,0,1,31,0,0,pollen_adna_context
Flarken,registered_lake,include_lake_review,58.556811,13.672884,937075:929:1200-1700-bp,929,1200,1700,1450,1200-1700 BP,75.918949,26.491758,49.427191,24.081052,0.900131,21.091627,0.900131,0.0,Cerealia.t and Secale are modeled pollen-cover estimates; they are not observed crop acreage or proof of cultivation at the target,0,0,0,0,0,0,pollen_model_only
Flarken,registered_lake,include_lake_review,58.556811,13.672884,937075:929:1700-2200-bp,929,1700,2200,1950,1700-2200 BP,78.281441,20.760486,57.520955,21.718559,0.646597,18.986617,0.646597,0.0,Cerealia.t and Secale are modeled pollen-cover estimates; they are not observed crop acreage or proof of cultivation at the target,1,1,0,0,0,0,pollen_archaeology_context
Flarken,registered_lake,include_lake_review,58.556811,13.672884,937075:929:2200-2700-bp,929,2200,2700,2450,2200-2700 BP,75.190271,15.254792,59.935479,24.809729,0.076538,23.396124,0.076538,0.0,Cerealia.t and Secale are modeled pollen-cover estimates; they are not observed crop acreage or proof of cultivation at the target,1,1,0,0,0,0,pollen_archaeology_context
Flarken,registered_lake,include_lake_review,58.556811,13.672884,937075:929:2700-3200-bp,929,2700,3200,2950,2700-3200 BP,75.403721,12.178639,63.225082,24.596279,0.165083,22.87833,0.165083,0.0,Cerealia.t and Secale are modeled pollen-cover estimates; they are not observed crop acreage or proof of cultivation at the target,0,0,0,0,0,0,pollen_model_only
Flarken,registered_lake,include_lake_review,58.556811,13.672884,937075:929:3200-3700-bp,929,3200,3700,3450,3200-3700 BP,82.306689,18.56972,63.736969,17.693311,0.0,16.827115,0.0,0.0,Cerealia.t and Secale are modeled pollen-cover estimates; they are not observed crop acreage or proof of cultivation at the target,0,0,0,0,0,0,pollen_model_only
Flarken,registered_lake,include_lake_review,58.556811,13.672884,937075:929:3700-4200-bp,929,3700,4200,3950,3700-4200 BP,86.157346,18.305597,67.851749,13.842654,0.0,13.160704,0.0,0.0,Cerealia.t and Secale are modeled pollen-cover estimates; they are not observed crop acreage or proof of cultivation at the target,0,0,0,0,0,0,pollen_model_only
Flarken,registered_lake,include_lake_review,58.556811,13.672884,937075:929:4200-4700-bp,929,4200,4700,4450,4200-4700 BP,86.002737,14.474136,71.528601,13.997263,0.0,13.773384,0.0,0.0,Cerealia.t and Secale are modeled pollen-cover estimates; they are not observed crop acreage or proof of cultivation at the target,0,0,0,0,0,0,pollen_model_only
Flarken,registered_lake,include_lake_review,58.556811,13.672884,937075:929:4700-5200-bp,929,4700,5200,4950,4700-5200 BP,86.661652,14.672878,71.988774,13.338348,0.0,12.910388,0.0,0.0,Cerealia.t and Secale are modeled pollen-cover estimates; they are not observed crop acreage or proof of cultivation at the target,0,0,0,0,0,0,pollen_model_only
Flarken,registered_lake,include_lake_review,58.556811,13.672884,937075:929:5200-5700-bp,929,5200,5700,5450,5200-5700 BP,84.600674,17.920189,66.680485,15.399326,0.0,14.770683,0.0,0.0,Cerealia.t and Secale are modeled pollen-cover estimates; they are not observed crop acreage or proof of cultivation at the target,0,0,0,0,0,0,pollen_model_only
Flarken,registered_lake,include_lake_review,58.556811,13.672884,937075:929:5700-6200-bp,929,5700,6200,5950,5700-6200 BP,85.62935,15.754208,69.875142,14.37065,0.0,13.817657,0.0,0.0,Cerealia.t and Secale are modeled pollen-cover estimates; they are not observed crop acreage or proof of cultivation at the target,0,0,0,0,0,0,pollen_model_only
Flarken,registered_lake,include_lake_review,58.556811,13.672884,937075:929:6200-6700-bp,929,6200,6700,6450,6200-6700 BP,89.296599,14.010769,75.28583,10.703401,0.0,9.921115,0.0,0.0,Cerealia.t and Secale are modeled pollen-cover estimates; they are not observed crop acreage or proof of cultivation at the target,0,0,0,0,0,0,pollen_model_only
Flarken,registered_lake,include_lake_review,58.556811,13.672884,937075:929:6700-7200-bp,929,6700,7200,6950,6700-7200 BP,90.850993,13.218499,77.632494,9.149007,0.0,8.502108,0.0,0.0,Cerealia.t and Secale are modeled pollen-cover estimates; they are not observed crop acreage or proof of cultivation at the target,0,0,0,0,0,0,pollen_model_only
Flarken,registered_lake,include_lake_review,58.556811,13.672884,937075:929:7200-7700-bp,929,7200,7700,7450,7200-7700 BP,90.964928,10.898444,80.066484,9.035072,0.0,8.329118,0.0,0.0,Cerealia.t and Secale are modeled pollen-cover estimates; they are not observed crop acreage or proof of cultivation at the target,0,0,0,0,0,0,pollen_model_only
Flarken,registered_lake,include_lake_review,58.556811,13.672884,937075:929:7700-8200-bp,929,7700,8200,7950,7700-8200 BP,89.463855,13.989408,75.474447,10.536145,0.0,9.994429,0.0,0.0,Cerealia.t and Secale are modeled pollen-cover estimates; they are not observed crop acreage or proof of cultivation at the target,0,0,0,0,0,0,pollen_model_only
Flarken,registered_lake,include_lake_review,58.556811,13.672884,937075:929:8200-8700-bp,929,8200,8700,8450,8200-8700 BP,85.832274,16.717145,69.115129,14.167727,0.0,13.413921,0.0,0.0,Cerealia.t and Secale are modeled pollen-cover estimates; they are not observed crop acreage or proof of cultivation at the target,0,0,0,0,0,0,pollen_model_only
Flarken,registered_lake,include_lake_review,58.556811,13.672884,937075:929:8700-9200-bp,929,8700,9200,8950,8700-9200 BP,90.899551,20.694523,70.205028,9.10045,0.0,8.056574,0.0,0.0,Cerealia.t and Secale are modeled pollen-cover estimates; they are not observed crop acreage or proof of cultivation at the target,0,0,0,0,0,0,pollen_model_only
Flarken,registered_lake,include_lake_review,58.556811,13.672884,937075:929:9200-9700-bp,929,9200,9700,9450,9200-9700 BP,85.445703,28.407122,57.038581,14.554296,0.0,12.42044,0.0,0.0,Cerealia.t and Secale are modeled pollen-cover estimates; they are not observed crop acreage or proof of cultivation at the target,0,0,1,1,0,0,pollen_adna_context
Flarken,registered_lake,include_lake_review,58.556811,13.672884,937075:929:9700-10200-bp,929,9700,10200,9950,9700-10200 BP,86.142042,40.432413,45.709629,13.857958,0.0,11.658797,0.0,0.0,Cerealia.t and Secale are modeled pollen-cover estimates; they are not observed crop acreage or proof of cultivation at the target,0,0,1,1,0,0,pollen_adna_context
Flarken,registered_lake,include_lake_review,58.556811,13.672884,937075:929:10200-10700-bp,929,10200,10700,10450,10200-10700 BP,84.850392,47.2566,37.593792,15.149608,0.0,12.575194,0.0,0.0,Cerealia.t and Secale are modeled pollen-cover estimates; they are not observed crop acreage or proof of cultivation at the target,0,0,0,0,0,0,pollen_model_only
Flarken,registered_lake,include_lake_review,58.556811,13.672884,937075:929:10700-11200-bp,929,10700,11200,10950,10700-11200 BP,71.266986,22.070682,49.196304,28.733014,0.0,28.344577,0.0,0.0,Cerealia.t and Secale are modeled pollen-cover estimates; they are not observed crop acreage or proof of cultivation at the target,0,0,0,0,0,0,pollen_model_only
Flarken,registered_lake,include_lake_review,58.556811,13.672884,937075:929:11200-11700-bp,929,11200,11700,11450,11200-11700 BP,69.246118,24.619382,44.626736,30.753882,0.0,29.565618,0.0,0.0,Cerealia.t and Secale are modeled pollen-cover estimates; they are not observed crop acreage or proof of cultivation at the target,0,0,0,0,0,0,pollen_model_only
Färskesjön,registered_lake,include_lake_review,56.159037,15.859814,937075:831:0-100-bp,831,0,100,50,0-100 BP,36.715337,26.352135,10.363202,63.284663,1.51341,5.70567,1.456943,0.056467,Cerealia.t and Secale are modeled pollen-cover estimates; they are not observed crop acreage or proof of cultivation at the target,0,0,0,0,0,0,pollen_model_only
Färskesjön,registered_lake,include_lake_review,56.159037,15.859814,937075:831:100-350-bp,831,100,350,225,100-350 BP,37.434481,23.841923,13.592558,62.565519,0.96161,3.838541,0.826664,0.134946,Cerealia.t and Secale are modeled pollen-cover estimates; they are not observed crop acreage or proof of cultivation at the target,1,1,0,0,0,0,pollen_archaeology_context
Färskesjön,registered_lake,include_lake_review,56.159037,15.859814,937075:831:350-700-bp,831,350,700,525,350-700 BP,35.193397,16.089182,19.104215,64.806604,0.636957,3.310103,0.60234,0.034616,Cerealia.t and Secale are modeled pollen-cover estimates; they are not observed crop acreage or proof of cultivation at the target,0,0,0,0,0,0,pollen_model_only
Färskesjön,registered_lake,include_lake_review,56.159037,15.859814,937075:831:700-1200-bp,831,700,1200,950,700-1200 BP,42.712278,18.436671,24.275607,57.287722,0.497076,3.555325,0.475586,0.02149,Cerealia.t and Secale are modeled pollen-cover estimates; they are not observed crop acreage or proof of cultivation at the target,1,1,0,0,0,0,pollen_archaeology_context
Färskesjön,registered_lake,include_lake_review,56.159037,15.859814,937075:831:1200-1700-bp,831,1200,1700,1450,1200-1700 BP,49.92324,15.408471,34.514769,50.076759,0.285349,6.079025,0.260415,0.024934,Cerealia.t and Secale are modeled pollen-cover estimates; they are not observed crop acreage or proof of cultivation at the target,0,0,0,0,0,0,pollen_model_only
Färskesjön,registered_lake,include_lake_review,56.159037,15.859814,937075:831:1700-2200-bp,831,1700,2200,1950,1700-2200 BP,61.258511,15.230815,46.027696,38.741489,1.02119,10.952229,0.991503,0.029687,Cerealia.t and Secale are modeled pollen-cover estimates; they are not observed crop acreage or proof of cultivation at the target,0,0,0,0,0,0,pollen_model_only
Färskesjön,registered_lake,include_lake_review,56.159037,15.859814,937075:831:2200-2700-bp,831,2200,2700,2450,2200-2700 BP,52.170641,10.548798,41.621843,47.829359,0.139689,15.344286,0.129831,0.009857,Cerealia.t and Secale are modeled pollen-cover estimates; they are not observed crop acreage or proof of cultivation at the target,0,0,0,0,0,0,pollen_model_only
Färskesjön,registered_lake,include_lake_review,56.159037,15.859814,937075:831:2700-3200-bp,831,2700,3200,2950,2700-3200 BP,71.962002,19.767508,52.194494,28.037998,0.140336,10.493682,0.140336,0.0,Cerealia.t and Secale are modeled pollen-cover estimates; they are not observed crop acreage or proof of cultivation at the target,0,0,0,0,0,0,pollen_model_only
Färskesjön,registered_lake,include_lake_review,56.159037,15.859814,937075:831:3200-3700-bp,831,3200,3700,3450,3200-3700 BP,76.080826,17.027808,59.053018,23.919173,0.078102,10.274901,0.078102,0.0,Cerealia.t and Secale are modeled pollen-cover estimates; they are not observed crop acreage or proof of cultivation at the target,0,0,0,0,0,0,pollen_model_only
Färskesjön,registered_lake,include_lake_review,56.159037,15.859814,937075:831:3700-4200-bp,831,3700,4200,3950,3700-4200 BP,90.349471,17.712149,72.637322,9.650529,0.057612,6.249561,0.057612,0.0,Cerealia.t and Secale are modeled pollen-cover estimates; they are not observed crop acreage or proof of cultivation at the target,0,0,0,0,0,0,pollen_model_only
Färskesjön,registered_lake,include_lake_review,56.159037,15.859814,937075:831:4200-4700-bp,831,4200,4700,4450,4200-4700 BP,87.010831,17.855943,69.154888,12.989169,0.0,8.046027,0.0,0.0,Cerealia.t and Secale are modeled pollen-cover estimates; they are not observed crop acreage or proof of cultivation at the target,1,1,0,0,0,0,pollen_archaeology_context
Färskesjön,registered_lake,include_lake_review,56.159037,15.859814,937075:831:4700-5200-bp,831,4700,5200,4950,4700-5200 BP,84.171302,23.965477,60.205825,15.828698,0.0,9.626266,0.0,0.0,Cerealia.t and Secale are modeled pollen-cover estimates; they are not observed crop acreage or proof of cultivation at the target,1,1,0,0,0,0,pollen_archaeology_context
Färskesjön,registered_lake,include_lake_review,56.159037,15.859814,937075:831:5200-5700-bp,831,5200,5700,5450,5200-5700 BP,85.429431,23.64482,61.784611,14.570569,0.0,6.39531,0.0,0.0,Cerealia.t and Secale are modeled pollen-cover estimates; they are not observed crop acreage or proof of cultivation at the target,1,1,0,0,0,0,pollen_archaeology_context
Färskesjön,registered_lake,include_lake_review,56.159037,15.859814,937075:831:5700-6200-bp,831,5700,6200,5950,5700-6200 BP,83.118576,19.112998,64.005578,16.881424,0.0,9.960407,0.0,0.0,Cerealia.t and Secale are modeled pollen-cover estimates; they are not observed crop acreage or proof of cultivation at the target,0,0,0,0,0,0,pollen_model_only
Färskesjön,registered_lake,include_lake_review,56.159037,15.859814,937075:831:6200-6700-bp,831,6200,6700,6450,6200-6700 BP,79.367123,18.596756,60.770367,20.632878,0.0,15.239285,0.0,0.0,Cerealia.t and Secale are modeled pollen-cover estimates; they are not observed crop acreage or proof of cultivation at the target,0,0,0,0,0,0,pollen_model_only
Färskesjön,registered_lake,include_lake_review,56.159037,15.859814,937075:831:6700-7200-bp,831,6700,7200,6950,6700-7200 BP,80.000814,23.87764,56.123174,19.999186,0.0,15.577656,0.0,0.0,Cerealia.t and Secale are modeled pollen-cover estimates; they are not observed crop acreage or proof of cultivation at the target,0,0,0,0,0,0,pollen_model_only
Färskesjön,registered_lake,include_lake_review,56.159037,15.859814,937075:831:7200-7700-bp,831,7200,7700,7450,7200-7700 BP,81.205792,23.611633,57.594159,18.794208,0.0,12.444122,0.0,0.0,Cerealia.t and Secale are modeled pollen-cover estimates; they are not observed crop acreage or proof of cultivation at the target,0,0,0,0,0,0,pollen_model_only
Färskesjön,registered_lake,include_lake_review,56.159037,15.859814,937075:831:7700-8200-bp,831,7700,8200,7950,7700-8200 BP,89.08227,23.659944,65.422326,10.91773,0.0,7.570151,0.0,0.0,Cerealia.t and Secale are modeled pollen-cover estimates; they are not observed crop acreage or proof of cultivation at the target,0,0,0,0,0,0,pollen_model_only
Färskesjön,registered_lake,include_lake_review,56.159037,15.859814,937075:831:8200-8700-bp,831,8200,8700,8450,8200-8700 BP,86.873598,25.815168,61.05843,13.126402,0.0,7.653322,0.0,0.0,Cerealia.t and Secale are modeled pollen-cover estimates; they are not observed crop acreage or proof of cultivation at the target,0,0,0,0,0,0,pollen_model_only
Färskesjön,registered_lake,include_lake_review,56.159037,15.859814,937075:831:8700-9200-bp,831,8700,9200,8950,8700-9200 BP,78.345717,28.080351,50.265366,21.654283,0.0,10.640584,0.0,0.0,Cerealia.t and Secale are modeled pollen-cover estimates; they are not observed crop acreage or proof of cultivation at the target,0,0,0,0,0,0,pollen_model_only
Färskesjön,registered_lake,include_lake_review,56.159037,15.859814,937075:831:9200-9700-bp,831,9200,9700,9450,9200-9700 BP,87.251719,35.035316,52.216403,12.748281,0.0,10.401672,0.0,0.0,Cerealia.t and Secale are modeled pollen-cover estimates; they are not observed crop acreage or proof of cultivation at the target,0,0,0,0,0,0,pollen_model_only
Färskesjön,registered_lake,include_lake_review,56.159037,15.859814,937075:831:9700-10200-bp,831,9700,10200,9950,9700-10200 BP,78.412643,39.785167,38.627476,21.587357,0.0,20.020641,0.0,0.0,Cerealia.t and Secale are modeled pollen-cover estimates; they are not observed crop acreage or proof of cultivation at the target,0,0,0,0,0,0,pollen_model_only
Färskesjön,registered_lake,include_lake_review,56.159037,15.859814,937075:831:10200-10700-bp,831,10200,10700,10450,10200-10700 BP,69.622324,29.665145,39.957179,30.377676,0.0,28.686131,0.0,0.0,Cerealia.t and Secale are modeled pollen-cover estimates; they are not observed crop acreage or proof of cultivation at the target,0,0,0,0,0,0,pollen_model_only
Färskesjön,registered_lake,include_lake_review,56.159037,15.859814,937075:831:10700-11200-bp,831,10700,11200,10950,10700-11200 BP,58.610146,21.827655,36.782491,41.389854,0.0,37.280951,0.0,0.0,Cerealia.t and Secale are modeled pollen-cover estimates; they are not observed crop acreage or proof of cultivation at the target,0,0,0,0,0,0,pollen_model_only
Färskesjön,registered_lake,include_lake_review,56.159037,15.859814,937075:831:11200-11700-bp,831,11200,11700,11450,11200-11700 BP,51.00115,28.466695,22.534455,48.99885,0.0,48.99885,0.0,0.0,Cerealia.t and Secale are modeled pollen-cover estimates; they are not observed crop acreage or proof of cultivation at the target,0,0,0,0,0,0,pollen_model_only
Gullåkra,archaeological_wetland_context,exclude_lake_ranking_include_context,55.656945,13.210916,937075:779:0-100-bp,779,0,100,50,0-100 BP,56.24459,14.943373,41.301217,43.75541,5.099505,35.561881,4.641181,0.458324,Cerealia.t and Secale are modeled pollen-cover estimates; they are not observed crop acreage or proof of cultivation at the target,7,4,0,0,0,0,pollen_archaeology_context
Gullåkra,archaeological_wetland_context,exclude_lake_ranking_include_context,55.656945,13.210916,937075:779:100-350-bp,779,100,350,225,100-350 BP,39.374706,5.139854,34.234852,60.625294,6.969103,31.45808,6.582581,0.386522,Cerealia.t and Secale are modeled pollen-cover estimates; they are not observed crop acreage or proof of cultivation at the target,139,12,0,0,0,0,pollen_archaeology_context
Gullåkra,archaeological_wetland_context,exclude_lake_ranking_include_context,55.656945,13.210916,937075:779:350-700-bp,779,350,700,525,350-700 BP,54.727693,4.338428,50.389265,45.272308,5.595778,26.442997,5.462224,0.133554,Cerealia.t and Secale are modeled pollen-cover estimates; they are not observed crop acreage or proof of cultivation at the target,308,26,0,0,0,0,pollen_archaeology_context
Gullåkra,archaeological_wetland_context,exclude_lake_ranking_include_context,55.656945,13.210916,937075:779:700-1200-bp,779,700,1200,950,700-1200 BP,49.152686,3.050025,46.102661,50.847313,2.601623,25.255069,2.530118,0.071505,Cerealia.t and Secale are modeled pollen-cover estimates; they are not observed crop acreage or proof of cultivation at the target,113,21,1,2,0,0,pollen_archaeology_human_context
Gullåkra,archaeological_wetland_context,exclude_lake_ranking_include_context,55.656945,13.210916,937075:779:1200-1700-bp,779,1200,1700,1450,1200-1700 BP,62.605104,2.801933,59.803171,37.394896,1.115943,15.100785,1.114663,0.00128,Cerealia.t and Secale are modeled pollen-cover estimates; they are not observed crop acreage or proof of cultivation at the target,14,9,2,2,0,0,pollen_archaeology_human_context
Gullåkra,archaeological_wetland_context,exclude_lake_ranking_include_context,55.656945,13.210916,937075:779:1700-2200-bp,779,1700,2200,1950,1700-2200 BP,51.397331,4.841559,46.555772,48.602669,1.209959,12.821108,1.170706,0.039253,Cerealia.t and Secale are modeled pollen-cover estimates; they are not observed crop acreage or proof of cultivation at the target,12,9,1,1,0,0,pollen_archaeology_human_context
Gullåkra,archaeological_wetland_context,exclude_lake_ranking_include_context,55.656945,13.210916,937075:779:2200-2700-bp,779,2200,2700,2450,2200-2700 BP,53.519357,3.65087,49.868487,46.480643,0.639475,12.685663,0.639072,0.000403,Cerealia.t and Secale are modeled pollen-cover estimates; they are not observed crop acreage or proof of cultivation at the target,17,12,1,1,0,0,pollen_archaeology_human_context
Gullåkra,archaeological_wetland_context,exclude_lake_ranking_include_context,55.656945,13.210916,937075:779:2700-3200-bp,779,2700,3200,2950,2700-3200 BP,59.02063,2.734473,56.286157,40.97937,0.081197,5.506499,0.080601,0.000595,Cerealia.t and Secale are modeled pollen-cover estimates; they are not observed crop acreage or proof of cultivation at the target,13,9,0,0,0,0,pollen_archaeology_context
Gullåkra,archaeological_wetland_context,exclude_lake_ranking_include_context,55.656945,13.210916,937075:779:3200-3700-bp,779,3200,3700,3450,3200-3700 BP,63.148795,3.076667,60.072128,36.851205,0.011621,3.884792,0.011437,0.000184,Cerealia.t and Secale are modeled pollen-cover estimates; they are not observed crop acreage or proof of cultivation at the target,10,6,0,0,0,0,pollen_archaeology_context
Gullåkra,archaeological_wetland_context,exclude_lake_ranking_include_context,55.656945,13.210916,937075:779:3700-4200-bp,779,3700,4200,3950,3700-4200 BP,66.755361,2.899465,63.855896,33.244639,0.309214,2.510853,0.309214,0.0,Cerealia.t and Secale are modeled pollen-cover estimates; they are not observed crop acreage or proof of cultivation at the target,8,4,1,1,0,0,pollen_archaeology_human_context
Gullåkra,archaeological_wetland_context,exclude_lake_ranking_include_context,55.656945,13.210916,937075:779:4200-4700-bp,779,4200,4700,4450,4200-4700 BP,71.262099,14.763825,56.498274,28.737901,0.010865,1.367408,0.010865,0.0,Cerealia.t and Secale are modeled pollen-cover estimates; they are not observed crop acreage or proof of cultivation at the target,15,11,2,2,0,0,pollen_archaeology_human_context
Gullåkra,archaeological_wetland_context,exclude_lake_ranking_include_context,55.656945,13.210916,937075:779:4700-5200-bp,779,4700,5200,4950,4700-5200 BP,72.973282,11.797347,61.175935,27.026718,0.003531,2.742793,0.003307,0.000224,Cerealia.t and Secale are modeled pollen-cover estimates; they are not observed crop acreage or proof of cultivation at the target,14,11,1,3,0,0,pollen_archaeology_human_context
Gullåkra,archaeological_wetland_context,exclude_lake_ranking_include_context,55.656945,13.210916,937075:779:5200-5700-bp,779,5200,5700,5450,5200-5700 BP,66.821041,8.853606,57.967435,33.178959,0.01705,2.6648,0.01705,0.0,Cerealia.t and Secale are modeled pollen-cover estimates; they are not observed crop acreage or proof of cultivation at the target,19,15,2,4,0,0,pollen_archaeology_human_context
Gullåkra,archaeological_wetland_context,exclude_lake_ranking_include_context,55.656945,13.210916,937075:779:5700-6200-bp,779,5700,6200,5950,5700-6200 BP,54.072866,2.995472,51.077394,45.927135,0.347683,2.166793,0.347683,0.0,Cerealia.t and Secale are modeled pollen-cover estimates; they are not observed crop acreage or proof of cultivation at the target,12,8,0,0,0,0,pollen_archaeology_context
Gullåkra,archaeological_wetland_context,exclude_lake_ranking_include_context,55.656945,13.210916,937075:779:6200-6700-bp,779,6200,6700,6450,6200-6700 BP,66.693422,2.605851,64.087571,33.306578,0.0,2.129872,0.0,0.0,Cerealia.t and Secale are modeled pollen-cover estimates; they are not observed crop acreage or proof of cultivation at the target,8,5,0,0,0,0,pollen_archaeology_context
Gullåkra,archaeological_wetland_context,exclude_lake_ranking_include_context,55.656945,13.210916,937075:779:6700-7200-bp,779,6700,7200,6950,6700-7200 BP,76.978923,4.184156,72.794767,23.021077,0.022816,5.664298,0.022816,0.0,Cerealia.t and Secale are modeled pollen-cover estimates; they are not observed crop acreage or proof of cultivation at the target,10,6,0,0,0,0,pollen_archaeology_context
Gullåkra,archaeological_wetland_context,exclude_lake_ranking_include_context,55.656945,13.210916,937075:779:7200-7700-bp,779,7200,7700,7450,7200-7700 BP,69.58001,10.209819,59.370191,30.41999,0.0,30.294955,0.0,0.0,Cerealia.t and Secale are modeled pollen-cover estimates; they are not observed crop acreage or proof of cultivation at the target,10,6,0,0,0,0,pollen_archaeology_context
Gullåkra,archaeological_wetland_context,exclude_lake_ranking_include_context,55.656945,13.210916,937075:779:7700-8200-bp,779,7700,8200,7950,7700-8200 BP,79.562069,15.454689,64.10738,20.437931,0.0,20.418047,0.0,0.0,Cerealia.t and Secale are modeled pollen-cover estimates; they are not observed crop acreage or proof of cultivation at the target,10,6,0,0,0,0,pollen_archaeology_context
Gullåkra,archaeological_wetland_context,exclude_lake_ranking_include_context,55.656945,13.210916,937075:779:8200-8700-bp,779,8200,8700,8450,8200-8700 BP,88.107465,16.32362,71.783845,11.892535,0.0,11.610713,0.0,0.0,Cerealia.t and Secale are modeled pollen-cover estimates; they are not observed crop acreage or proof of cultivation at the target,10,6,0,0,0,0,pollen_archaeology_context
Gullåkra,archaeological_wetland_context,exclude_lake_ranking_include_context,55.656945,13.210916,937075:779:8700-9200-bp,779,8700,9200,8950,8700-9200 BP,86.392321,15.866884,70.525437,13.607679,0.0,13.309275,0.0,0.0,Cerealia.t and Secale are modeled pollen-cover estimates; they are not observed crop acreage or proof of cultivation at the target,10,6,0,0,0,0,pollen_archaeology_context
Gullåkra,archaeological_wetland_context,exclude_lake_ranking_include_context,55.656945,13.210916,937075:779:9200-9700-bp,779,9200,9700,9450,9200-9700 BP,79.083565,14.532806,64.550759,20.916435,0.0,20.916435,0.0,0.0,Cerealia.t and Secale are modeled pollen-cover estimates; they are not observed crop acreage or proof of cultivation at the target,10,6,0,0,0,0,pollen_archaeology_context
Gullåkra,archaeological_wetland_context,exclude_lake_ranking_include_context,55.656945,13.210916,937075:779:9700-10200-bp,779,9700,10200,9950,9700-10200 BP,80.991687,20.643882,60.347805,19.008313,0.0,19.008313,0.0,0.0,Cerealia.t and Secale are modeled pollen-cover estimates; they are not observed crop acreage or proof of cultivation at the target,17,8,0,0,0,0,pollen_archaeology_context
Gullåkra,archaeological_wetland_context,exclude_lake_ranking_include_context,55.656945,13.210916,937075:779:10200-10700-bp,779,10200,10700,10450,10200-10700 BP,59.414495,25.84775,33.566745,40.585505,0.0,40.343099,0.0,0.0,Cerealia.t and Secale are modeled pollen-cover estimates; they are not observed crop acreage or proof of cultivation at the target,10,6,0,0,0,0,pollen_archaeology_context
Gullåkra,archaeological_wetland_context,exclude_lake_ranking_include_context,55.656945,13.210916,937075:779:10700-11200-bp,779,10700,11200,10950,10700-11200 BP,41.619629,24.791307,16.828322,58.380371,0.0,58.380371,0.0,0.0,Cerealia.t and Secale are modeled pollen-cover estimates; they are not observed crop acreage or proof of cultivation at the target,10,6,0,0,0,0,pollen_archaeology_context
Gullåkra,archaeological_wetland_context,exclude_lake_ranking_include_context,55.656945,13.210916,937075:779:11200-11700-bp,779,11200,11700,11450,11200-11700 BP,33.811908,24.407523,9.404385,66.188092,0.0,66.188092,0.0,0.0,Cerealia.t and Secale are modeled pollen-cover estimates; they are not observed crop acreage or proof of cultivation at the target,10,6,0,0,0,0,pollen_archaeology_context
Havgårdssjön,registered_lake,include_lake_review,55.485801,13.354724,937075:779:0-100-bp,779,0,100,50,0-100 BP,56.24459,14.943373,41.301217,43.75541,5.099505,35.561881,4.641181,0.458324,Cerealia.t and Secale are modeled pollen-cover estimates; they are not observed crop acreage or proof of cultivation at the target,23,12,0,0,0,0,pollen_archaeology_context
Havgårdssjön,registered_lake,include_lake_review,55.485801,13.354724,937075:779:100-350-bp,779,100,350,225,100-350 BP,39.374706,5.139854,34.234852,60.625294,6.969103,31.45808,6.582581,0.386522,Cerealia.t and Secale are modeled pollen-cover estimates; they are not observed crop acreage or proof of cultivation at the target,92,15,0,0,0,0,pollen_archaeology_context
Havgårdssjön,registered_lake,include_lake_review,55.485801,13.354724,937075:779:350-700-bp,779,350,700,525,350-700 BP,54.727693,4.338428,50.389265,45.272308,5.595778,26.442997,5.462224,0.133554,Cerealia.t and Secale are modeled pollen-cover estimates; they are not observed crop acreage or proof of cultivation at the target,236,26,0,0,0,0,pollen_archaeology_context
Havgårdssjön,registered_lake,include_lake_review,55.485801,13.354724,937075:779:700-1200-bp,779,700,1200,950,700-1200 BP,49.152686,3.050025,46.102661,50.847313,2.601623,25.255069,2.530118,0.071505,Cerealia.t and Secale are modeled pollen-cover estimates; they are not observed crop acreage or proof of cultivation at the target,33,20,0,0,0,0,pollen_archaeology_context
Havgårdssjön,registered_lake,include_lake_review,55.485801,13.354724,937075:779:1200-1700-bp,779,1200,1700,1450,1200-1700 BP,62.605104,2.801933,59.803171,37.394896,1.115943,15.100785,1.114663,0.00128,Cerealia.t and Secale are modeled pollen-cover estimates; they are not observed crop acreage or proof of cultivation at the target,26,14,1,1,0,0,pollen_archaeology_human_context
Havgårdssjön,registered_lake,include_lake_review,55.485801,13.354724,937075:779:1700-2200-bp,779,1700,2200,1950,1700-2200 BP,51.397331,4.841559,46.555772,48.602669,1.209959,12.821108,1.170706,0.039253,Cerealia.t and Secale are modeled pollen-cover estimates; they are not observed crop acreage or proof of cultivation at the target,26,15,0,0,0,0,pollen_archaeology_context
Havgårdssjön,registered_lake,include_lake_review,55.485801,13.354724,937075:779:2200-2700-bp,779,2200,2700,2450,2200-2700 BP,53.519357,3.65087,49.868487,46.480643,0.639475,12.685663,0.639072,0.000403,Cerealia.t and Secale are modeled pollen-cover estimates; they are not observed crop acreage or proof of cultivation at the target,26,16,0,0,0,0,pollen_archaeology_context
Havgårdssjön,registered_lake,include_lake_review,55.485801,13.354724,937075:779:2700-3200-bp,779,2700,3200,2950,2700-3200 BP,59.02063,2.734473,56.286157,40.97937,0.081197,5.506499,0.080601,0.000595,Cerealia.t and Secale are modeled pollen-cover estimates; they are not observed crop acreage or proof of cultivation at the target,23,13,1,2,0,0,pollen_archaeology_human_context
Havgårdssjön,registered_lake,include_lake_review,55.485801,13.354724,937075:779:3200-3700-bp,779,3200,3700,3450,3200-3700 BP,63.148795,3.076667,60.072128,36.851205,0.011621,3.884792,0.011437,0.000184,Cerealia.t and Secale are modeled pollen-cover estimates; they are not observed crop acreage or proof of cultivation at the target,22,12,1,2,0,0,pollen_archaeology_human_context
Havgårdssjön,registered_lake,include_lake_review,55.485801,13.354724,937075:779:3700-4200-bp,779,3700,4200,3950,3700-4200 BP,66.755361,2.899465,63.855896,33.244639,0.309214,2.510853,0.309214,0.0,Cerealia.t and Secale are modeled pollen-cover estimates; they are not observed crop acreage or proof of cultivation at the target,21,11,2,3,0,0,pollen_archaeology_human_context
Havgårdssjön,registered_lake,include_lake_review,55.485801,13.354724,937075:779:4200-4700-bp,779,4200,4700,4450,4200-4700 BP,71.262099,14.763825,56.498274,28.737901,0.010865,1.367408,0.010865,0.0,Cerealia.t and Secale are modeled pollen-cover estimates; they are not observed crop acreage or proof of cultivation at the target,23,13,1,1,0,0,pollen_archaeology_human_context
Havgårdssjön,registered_lake,include_lake_review,55.485801,13.354724,937075:779:4700-5200-bp,779,4700,5200,4950,4700-5200 BP,72.973282,11.797347,61.175935,27.026718,0.003531,2.742793,0.003307,0.000224,Cerealia.t and Secale are modeled pollen-cover estimates; they are not observed crop acreage or proof of cultivation at the target,23,13,0,0,0,0,pollen_archaeology_context
Havgårdssjön,registered_lake,include_lake_review,55.485801,13.354724,937075:779:5200-5700-bp,779,5200,5700,5450,5200-5700 BP,66.821041,8.853606,57.967435,33.178959,0.01705,2.6648,0.01705,0.0,Cerealia.t and Secale are modeled pollen-cover estimates; they are not observed crop acreage or proof of cultivation at the target,24,14,1,1,0,0,pollen_archaeology_human_context
Havgårdssjön,registered_lake,include_lake_review,55.485801,13.354724,937075:779:5700-6200-bp,779,5700,6200,5950,5700-6200 BP,54.072866,2.995472,51.077394,45.927135,0.347683,2.166793,0.347683,0.0,Cerealia.t and Secale are modeled pollen-cover estimates; they are not observed crop acreage or proof of cultivation at the target,22,12,0,0,0,0,pollen_archaeology_context
Havgårdssjön,registered_lake,include_lake_review,55.485801,13.354724,937075:779:6200-6700-bp,779,6200,6700,6450,6200-6700 BP,66.693422,2.605851,64.087571,33.306578,0.0,2.129872,0.0,0.0,Cerealia.t and Secale are modeled pollen-cover estimates; they are not observed crop acreage or proof of cultivation at the target,21,11,0,0,0,0,pollen_archaeology_context
Havgårdssjön,registered_lake,include_lake_review,55.485801,13.354724,937075:779:6700-7200-bp,779,6700,7200,6950,6700-7200 BP,76.978923,4.184156,72.794767,23.021077,0.022816,5.664298,0.022816,0.0,Cerealia.t and Secale are modeled pollen-cover estimates; they are not observed crop acreage or proof of cultivation at the target,23,12,1,1,0,0,pollen_archaeology_human_context
Havgårdssjön,registered_lake,include_lake_review,55.485801,13.354724,937075:779:7200-7700-bp,779,7200,7700,7450,7200-7700 BP,69.58001,10.209819,59.370191,30.41999,0.0,30.294955,0.0,0.0,Cerealia.t and Secale are modeled pollen-cover estimates; they are not observed crop acreage or proof of cultivation at the target,23,12,0,0,0,0,pollen_archaeology_context
Havgårdssjön,registered_lake,include_lake_review,55.485801,13.354724,937075:779:7700-8200-bp,779,7700,8200,7950,7700-8200 BP,79.562069,15.454689,64.10738,20.437931,0.0,20.418047,0.0,0.0,Cerealia.t and Secale are modeled pollen-cover estimates; they are not observed crop acreage or proof of cultivation at the target,23,12,0,0,0,0,pollen_archaeology_context
Havgårdssjön,registered_lake,include_lake_review,55.485801,13.354724,937075:779:8200-8700-bp,779,8200,8700,8450,8200-8700 BP,88.107465,16.32362,71.783845,11.892535,0.0,11.610713,0.0,0.0,Cerealia.t and Secale are modeled pollen-cover estimates; they are not observed crop acreage or proof of cultivation at the target,23,12,0,0,0,0,pollen_archaeology_context
Havgårdssjön,registered_lake,include_lake_review,55.485801,13.354724,937075:779:8700-9200-bp,779,8700,9200,8950,8700-9200 BP,86.392321,15.866884,70.525437,13.607679,0.0,13.309275,0.0,0.0,Cerealia.t and Secale are modeled pollen-cover estimates; they are not observed crop acreage or proof of cultivation at the target,23,12,0,0,0,0,pollen_archaeology_context
Havgårdssjön,registered_lake,include_lake_review,55.485801,13.354724,937075:779:9200-9700-bp,779,9200,9700,9450,9200-9700 BP,79.083565,14.532806,64.550759,20.916435,0.0,20.916435,0.0,0.0,Cerealia.t and Secale are modeled pollen-cover estimates; they are not observed crop acreage or proof of cultivation at the target,23,12,0,0,0,0,pollen_archaeology_context
Havgårdssjön,registered_lake,include_lake_review,55.485801,13.354724,937075:779:9700-10200-bp,779,9700,10200,9950,9700-10200 BP,80.991687,20.643882,60.347805,19.008313,0.0,19.008313,0.0,0.0,Cerealia.t and Secale are modeled pollen-cover estimates; they are not observed crop acreage or proof of cultivation at the target,34,15,0,0,0,0,pollen_archaeology_context
Havgårdssjön,registered_lake,include_lake_review,55.485801,13.354724,937075:779:10200-10700-bp,779,10200,10700,10450,10200-10700 BP,59.414495,25.84775,33.566745,40.585505,0.0,40.343099,0.0,0.0,Cerealia.t and Secale are modeled pollen-cover estimates; they are not observed crop acreage or proof of cultivation at the target,12,6,0,0,0,0,pollen_archaeology_context
Havgårdssjön,registered_lake,include_lake_review,55.485801,13.354724,937075:779:10700-11200-bp,779,10700,11200,10950,10700-11200 BP,41.619629,24.791307,16.828322,58.380371,0.0,58.380371,0.0,0.0,Cerealia.t and Secale are modeled pollen-cover estimates; they are not observed crop acreage or proof of cultivation at the target,12,6,0,0,0,0,pollen_archaeology_context
Havgårdssjön,registered_lake,include_lake_review,55.485801,13.354724,937075:779:11200-11700-bp,779,11200,11700,11450,11200-11700 BP,33.811908,24.407523,9.404385,66.188092,0.0,66.188092,0.0,0.0,Cerealia.t and Secale are modeled pollen-cover estimates; they are not observed crop acreage or proof of cultivation at the target,12,6,0,0,0,0,pollen_archaeology_context
Häckebergasjön,registered_lake,include_lake_review,55.577162,13.422814,937075:779:0-100-bp,779,0,100,50,0-100 BP,56.24459,14.943373,41.301217,43.75541,5.099505,35.561881,4.641181,0.458324,Cerealia.t and Secale are modeled pollen-cover estimates; they are not observed crop acreage or proof of cultivation at the target,17,9,0,0,0,0,pollen_archaeology_context
Häckebergasjön,registered_lake,include_lake_review,55.577162,13.422814,937075:779:100-350-bp,779,100,350,225,100-350 BP,39.374706,5.139854,34.234852,60.625294,6.969103,31.45808,6.582581,0.386522,Cerealia.t and Secale are modeled pollen-cover estimates; they are not observed crop acreage or proof of cultivation at the target,94,14,0,0,0,0,pollen_archaeology_context
Häckebergasjön,registered_lake,include_lake_review,55.577162,13.422814,937075:779:350-700-bp,779,350,700,525,350-700 BP,54.727693,4.338428,50.389265,45.272308,5.595778,26.442997,5.462224,0.133554,Cerealia.t and Secale are modeled pollen-cover estimates; they are not observed crop acreage or proof of cultivation at the target,316,20,0,0,0,0,pollen_archaeology_context
Häckebergasjön,registered_lake,include_lake_review,55.577162,13.422814,937075:779:700-1200-bp,779,700,1200,950,700-1200 BP,49.152686,3.050025,46.102661,50.847313,2.601623,25.255069,2.530118,0.071505,Cerealia.t and Secale are modeled pollen-cover estimates; they are not observed crop acreage or proof of cultivation at the target,82,15,0,0,0,0,pollen_archaeology_context
Häckebergasjön,registered_lake,include_lake_review,55.577162,13.422814,937075:779:1200-1700-bp,779,1200,1700,1450,1200-1700 BP,62.605104,2.801933,59.803171,37.394896,1.115943,15.100785,1.114663,0.00128,Cerealia.t and Secale are modeled pollen-cover estimates; they are not observed crop acreage or proof of cultivation at the target,21,11,0,0,0,0,pollen_archaeology_context
Häckebergasjön,registered_lake,include_lake_review,55.577162,13.422814,937075:779:1700-2200-bp,779,1700,2200,1950,1700-2200 BP,51.397331,4.841559,46.555772,48.602669,1.209959,12.821108,1.170706,0.039253,Cerealia.t and Secale are modeled pollen-cover estimates; they are not observed crop acreage or proof of cultivation at the target,19,11,0,0,0,0,pollen_archaeology_context
Häckebergasjön,registered_lake,include_lake_review,55.577162,13.422814,937075:779:2200-2700-bp,779,2200,2700,2450,2200-2700 BP,53.519357,3.65087,49.868487,46.480643,0.639475,12.685663,0.639072,0.000403,Cerealia.t and Secale are modeled pollen-cover estimates; they are not observed crop acreage or proof of cultivation at the target,17,9,0,0,0,0,pollen_archaeology_context
Häckebergasjön,registered_lake,include_lake_review,55.577162,13.422814,937075:779:2700-3200-bp,779,2700,3200,2950,2700-3200 BP,59.02063,2.734473,56.286157,40.97937,0.081197,5.506499,0.080601,0.000595,Cerealia.t and Secale are modeled pollen-cover estimates; they are not observed crop acreage or proof of cultivation at the target,17,9,0,0,0,0,pollen_archaeology_context
Häckebergasjön,registered_lake,include_lake_review,55.577162,13.422814,937075:779:3200-3700-bp,779,3200,3700,3450,3200-3700 BP,63.148795,3.076667,60.072128,36.851205,0.011621,3.884792,0.011437,0.000184,Cerealia.t and Secale are modeled pollen-cover estimates; they are not observed crop acreage or proof of cultivation at the target,17,9,0,0,0,0,pollen_archaeology_context
Häckebergasjön,registered_lake,include_lake_review,55.577162,13.422814,937075:779:3700-4200-bp,779,3700,4200,3950,3700-4200 BP,66.755361,2.899465,63.855896,33.244639,0.309214,2.510853,0.309214,0.0,Cerealia.t and Secale are modeled pollen-cover estimates; they are not observed crop acreage or proof of cultivation at the target,17,9,0,0,0,0,pollen_archaeology_context
Häckebergasjön,registered_lake,include_lake_review,55.577162,13.422814,937075:779:4200-4700-bp,779,4200,4700,4450,4200-4700 BP,71.262099,14.763825,56.498274,28.737901,0.010865,1.367408,0.010865,0.0,Cerealia.t and Secale are modeled pollen-cover estimates; they are not observed crop acreage or proof of cultivation at the target,17,9,0,0,0,0,pollen_archaeology_context
Häckebergasjön,registered_lake,include_lake_review,55.577162,13.422814,937075:779:4700-5200-bp,779,4700,5200,4950,4700-5200 BP,72.973282,11.797347,61.175935,27.026718,0.003531,2.742793,0.003307,0.000224,Cerealia.t and Secale are modeled pollen-cover estimates; they are not observed crop acreage or proof of cultivation at the target,17,9,0,0,0,0,pollen_archaeology_context
Häckebergasjön,registered_lake,include_lake_review,55.577162,13.422814,937075:779:5200-5700-bp,779,5200,5700,5450,5200-5700 BP,66.821041,8.853606,57.967435,33.178959,0.01705,2.6648,0.01705,0.0,Cerealia.t and Secale are modeled pollen-cover estimates; they are not observed crop acreage or proof of cultivation at the target,18,10,1,1,0,0,pollen_archaeology_human_context
Häckebergasjön,registered_lake,include_lake_review,55.577162,13.422814,937075:779:5700-6200-bp,779,5700,6200,5950,5700-6200 BP,54.072866,2.995472,51.077394,45.927135,0.347683,2.166793,0.347683,0.0,Cerealia.t and Secale are modeled pollen-cover estimates; they are not observed crop acreage or proof of cultivation at the target,18,10,0,0,0,0,pollen_archaeology_context
Häckebergasjön,registered_lake,include_lake_review,55.577162,13.422814,937075:779:6200-6700-bp,779,6200,6700,6450,6200-6700 BP,66.693422,2.605851,64.087571,33.306578,0.0,2.129872,0.0,0.0,Cerealia.t and Secale are modeled pollen-cover estimates; they are not observed crop acreage or proof of cultivation at the target,17,9,0,0,0,0,pollen_archaeology_context
Häckebergasjön,registered_lake,include_lake_review,55.577162,13.422814,937075:779:6700-7200-bp,779,6700,7200,6950,6700-7200 BP,76.978923,4.184156,72.794767,23.021077,0.022816,5.664298,0.022816,0.0,Cerealia.t and Secale are modeled pollen-cover estimates; they are not observed crop acreage or proof of cultivation at the target,19,10,0,0,0,0,pollen_archaeology_context
Häckebergasjön,registered_lake,include_lake_review,55.577162,13.422814,937075:779:7200-7700-bp,779,7200,7700,7450,7200-7700 BP,69.58001,10.209819,59.370191,30.41999,0.0,30.294955,0.0,0.0,Cerealia.t and Secale are modeled pollen-cover estimates; they are not observed crop acreage or proof of cultivation at the target,19,10,0,0,0,0,pollen_archaeology_context
Häckebergasjön,registered_lake,include_lake_review,55.577162,13.422814,937075:779:7700-8200-bp,779,7700,8200,7950,7700-8200 BP,79.562069,15.454689,64.10738,20.437931,0.0,20.418047,0.0,0.0,Cerealia.t and Secale are modeled pollen-cover estimates; they are not observed crop acreage or proof of cultivation at the target,19,10,0,0,0,0,pollen_archaeology_context
Häckebergasjön,registered_lake,include_lake_review,55.577162,13.422814,937075:779:8200-8700-bp,779,8200,8700,8450,8200-8700 BP,88.107465,16.32362,71.783845,11.892535,0.0,11.610713,0.0,0.0,Cerealia.t and Secale are modeled pollen-cover estimates; they are not observed crop acreage or proof of cultivation at the target,19,10,0,0,0,0,pollen_archaeology_context
Häckebergasjön,registered_lake,include_lake_review,55.577162,13.422814,937075:779:8700-9200-bp,779,8700,9200,8950,8700-9200 BP,86.392321,15.866884,70.525437,13.607679,0.0,13.309275,0.0,0.0,Cerealia.t and Secale are modeled pollen-cover estimates; they are not observed crop acreage or proof of cultivation at the target,19,10,0,0,0,0,pollen_archaeology_context
Häckebergasjön,registered_lake,include_lake_review,55.577162,13.422814,937075:779:9200-9700-bp,779,9200,9700,9450,9200-9700 BP,79.083565,14.532806,64.550759,20.916435,0.0,20.916435,0.0,0.0,Cerealia.t and Secale are modeled pollen-cover estimates; they are not observed crop acreage or proof of cultivation at the target,19,10,0,0,0,0,pollen_archaeology_context
Häckebergasjön,registered_lake,include_lake_review,55.577162,13.422814,937075:779:9700-10200-bp,779,9700,10200,9950,9700-10200 BP,80.991687,20.643882,60.347805,19.008313,0.0,19.008313,0.0,0.0,Cerealia.t and Secale are modeled pollen-cover estimates; they are not observed crop acreage or proof of cultivation at the target,29,14,0,0,0,0,pollen_archaeology_context
Häckebergasjön,registered_lake,include_lake_review,55.577162,13.422814,937075:779:10200-10700-bp,779,10200,10700,10450,10200-10700 BP,59.414495,25.84775,33.566745,40.585505,0.0,40.343099,0.0,0.0,Cerealia.t and Secale are modeled pollen-cover estimates; they are not observed crop acreage or proof of cultivation at the target,11,6,0,0,0,0,pollen_archaeology_context
Häckebergasjön,registered_lake,include_lake_review,55.577162,13.422814,937075:779:10700-11200-bp,779,10700,11200,10950,10700-11200 BP,41.619629,24.791307,16.828322,58.380371,0.0,58.380371,0.0,0.0,Cerealia.t and Secale are modeled pollen-cover estimates; they are not observed crop acreage or proof of cultivation at the target,12,6,0,0,0,0,pollen_archaeology_context
Häckebergasjön,registered_lake,include_lake_review,55.577162,13.422814,937075:779:11200-11700-bp,779,11200,11700,11450,11200-11700 BP,33.811908,24.407523,9.404385,66.188092,0.0,66.188092,0.0,0.0,Cerealia.t and Secale are modeled pollen-cover estimates; they are not observed crop acreage or proof of cultivation at the target,12,6,0,0,0,0,pollen_archaeology_context
Jämningen,registered_lake,include_lake_review,56.297527,14.314794,937075:830:0-100-bp,830,0,100,50,0-100 BP,73.812409,26.123363,47.689046,26.187592,1.137101,12.537243,0.975821,0.16128,Cerealia.t and Secale are modeled pollen-cover estimates; they are not observed crop acreage or proof of cultivation at the target,0,0,0,0,0,0,pollen_model_only
Jämningen,registered_lake,include_lake_review,56.297527,14.314794,937075:830:100-350-bp,830,100,350,225,100-350 BP,66.16181,21.645414,44.516396,33.83819,2.379735,25.967656,1.198555,1.181179,Cerealia.t and Secale are modeled pollen-cover estimates; they are not observed crop acreage or proof of cultivation at the target,34,2,0,0,0,0,pollen_archaeology_context
Jämningen,registered_lake,include_lake_review,56.297527,14.314794,937075:830:350-700-bp,830,350,700,525,350-700 BP,68.883691,6.601471,62.28222,31.116309,4.724335,22.296818,1.107528,3.616807,Cerealia.t and Secale are modeled pollen-cover estimates; they are not observed crop acreage or proof of cultivation at the target,1,1,0,0,0,0,pollen_archaeology_context
Jämningen,registered_lake,include_lake_review,56.297527,14.314794,937075:830:700-1200-bp,830,700,1200,950,700-1200 BP,69.44586,3.533351,65.912509,30.55414,4.191903,25.018712,1.14169,3.050214,Cerealia.t and Secale are modeled pollen-cover estimates; they are not observed crop acreage or proof of cultivation at the target,0,0,0,0,0,0,pollen_model_only
Jämningen,registered_lake,include_lake_review,56.297527,14.314794,937075:830:1200-1700-bp,830,1200,1700,1450,1200-1700 BP,85.54401,3.688629,81.855381,14.45599,1.000971,12.432434,0.187835,0.813136,Cerealia.t and Secale are modeled pollen-cover estimates; they are not observed crop acreage or proof of cultivation at the target,0,0,0,0,0,0,pollen_model_only
Jämningen,registered_lake,include_lake_review,56.297527,14.314794,937075:830:1700-2200-bp,830,1700,2200,1950,1700-2200 BP,80.122143,4.094835,76.027308,19.877857,2.593136,16.290481,0.411066,2.18207,Cerealia.t and Secale are modeled pollen-cover estimates; they are not observed crop acreage or proof of cultivation at the target,0,0,0,0,0,0,pollen_model_only
Jämningen,registered_lake,include_lake_review,56.297527,14.314794,937075:830:2200-2700-bp,830,2200,2700,2450,2200-2700 BP,79.327228,8.241414,71.085814,20.672772,6.391677,13.406978,0.144615,6.247062,Cerealia.t and Secale are modeled pollen-cover estimates; they are not observed crop acreage or proof of cultivation at the target,0,0,0,0,0,0,pollen_model_only
Jämningen,registered_lake,include_lake_review,56.297527,14.314794,937075:830:2700-3200-bp,830,2700,3200,2950,2700-3200 BP,85.623869,12.708696,72.915173,14.376131,1.668551,11.866101,0.213275,1.455276,Cerealia.t and Secale are modeled pollen-cover estimates; they are not observed crop acreage or proof of cultivation at the target,0,0,0,0,0,0,pollen_model_only
Jämningen,registered_lake,include_lake_review,56.297527,14.314794,937075:830:3200-3700-bp,830,3200,3700,3450,3200-3700 BP,92.151388,16.449919,75.701469,7.848612,4.3e-05,7.721922,4.3e-05,0.0,Cerealia.t and Secale are modeled pollen-cover estimates; they are not observed crop acreage or proof of cultivation at the target,0,0,0,0,0,0,pollen_model_only
Jämningen,registered_lake,include_lake_review,56.297527,14.314794,937075:830:3700-4200-bp,830,3700,4200,3950,3700-4200 BP,93.631425,11.438083,82.193342,6.368575,0.000136,6.011592,0.000136,0.0,Cerealia.t and Secale are modeled pollen-cover estimates; they are not observed crop acreage or proof of cultivation at the target,0,0,0,0,0,0,pollen_model_only
Jämningen,registered_lake,include_lake_review,56.297527,14.314794,937075:830:4200-4700-bp,830,4200,4700,4450,4200-4700 BP,92.130473,3.497271,88.633202,7.869527,0.00046,7.054957,0.00046,0.0,Cerealia.t and Secale are modeled pollen-cover estimates; they are not observed crop acreage or proof of cultivation at the target,1,1,0,0,0,0,pollen_archaeology_context
Jämningen,registered_lake,include_lake_review,56.297527,14.314794,937075:830:4700-5200-bp,830,4700,5200,4950,4700-5200 BP,98.378358,6.387531,91.990827,1.621643,0.003714,1.257609,0.003714,0.0,Cerealia.t and Secale are modeled pollen-cover estimates; they are not observed crop acreage or proof of cultivation at the target,1,1,0,0,0,0,pollen_archaeology_context
Jämningen,registered_lake,include_lake_review,56.297527,14.314794,937075:830:5200-5700-bp,830,5200,5700,5450,5200-5700 BP,98.625549,4.180268,94.445281,1.374451,0.002078,0.950222,0.002078,0.0,Cerealia.t and Secale are modeled pollen-cover estimates; they are not observed crop acreage or proof of cultivation at the target,1,1,0,0,0,0,pollen_archaeology_context
Jämningen,registered_lake,include_lake_review,56.297527,14.314794,937075:830:5700-6200-bp,830,5700,6200,5950,5700-6200 BP,95.54651,5.666286,89.880224,4.45349,0.0,3.904151,0.0,0.0,Cerealia.t and Secale are modeled pollen-cover estimates; they are not observed crop acreage or proof of cultivation at the target,0,0,0,0,0,0,pollen_model_only
Jämningen,registered_lake,include_lake_review,56.297527,14.314794,937075:830:6200-6700-bp,830,6200,6700,6450,6200-6700 BP,91.522517,11.917219,79.605298,8.477482,0.002904,6.938526,0.0,0.002904,Cerealia.t and Secale are modeled pollen-cover estimates; they are not observed crop acreage or proof of cultivation at the target,0,0,0,0,0,0,pollen_model_only
Jämningen,registered_lake,include_lake_review,56.297527,14.314794,937075:830:6700-7200-bp,830,6700,7200,6950,6700-7200 BP,90.956479,15.659904,75.296575,9.043521,0.0,8.49046,0.0,0.0,Cerealia.t and Secale are modeled pollen-cover estimates; they are not observed crop acreage or proof of cultivation at the target,0,0,0,0,0,0,pollen_model_only
Jämningen,registered_lake,include_lake_review,56.297527,14.314794,937075:830:7200-7700-bp,830,7200,7700,7450,7200-7700 BP,93.707613,19.393661,74.313952,6.292387,0.0,5.90861,0.0,0.0,Cerealia.t and Secale are modeled pollen-cover estimates; they are not observed crop acreage or proof of cultivation at the target,0,0,0,0,0,0,pollen_model_only
Jämningen,registered_lake,include_lake_review,56.297527,14.314794,937075:830:7700-8200-bp,830,7700,8200,7950,7700-8200 BP,92.953457,26.261653,66.691804,7.046543,0.0,6.61343,0.0,0.0,Cerealia.t and Secale are modeled pollen-cover estimates; they are not observed crop acreage or proof of cultivation at the target,0,0,0,0,0,0,pollen_model_only
Jämningen,registered_lake,include_lake_review,56.297527,14.314794,937075:830:8200-8700-bp,830,8200,8700,8450,8200-8700 BP,89.132963,32.253527,56.879436,10.867037,0.0,9.837841,0.0,0.0,Cerealia.t and Secale are modeled pollen-cover estimates; they are not observed crop acreage or proof of cultivation at the target,0,0,0,0,0,0,pollen_model_only
Jämningen,registered_lake,include_lake_review,56.297527,14.314794,937075:830:8700-9200-bp,830,8700,9200,8950,8700-9200 BP,88.336608,28.604034,59.732574,11.663392,0.0,10.509428,0.0,0.0,Cerealia.t and Secale are modeled pollen-cover estimates; they are not observed crop acreage or proof of cultivation at the target,0,0,0,0,0,0,pollen_model_only
Jämningen,registered_lake,include_lake_review,56.297527,14.314794,937075:830:9200-9700-bp,830,9200,9700,9450,9200-9700 BP,87.197501,26.122287,61.075214,12.8025,0.0,11.138331,0.0,0.0,Cerealia.t and Secale are modeled pollen-cover estimates; they are not observed crop acreage or proof of cultivation at the target,0,0,0,0,0,0,pollen_model_only
Jämningen,registered_lake,include_lake_review,56.297527,14.314794,937075:830:9700-10200-bp,830,9700,10200,9950,9700-10200 BP,85.576901,34.572275,51.004626,14.423099,0.0,12.386404,0.0,0.0,Cerealia.t and Secale are modeled pollen-cover estimates; they are not observed crop acreage or proof of cultivation at the target,0,0,0,0,0,0,pollen_model_only
Jämningen,registered_lake,include_lake_review,56.297527,14.314794,937075:830:10200-10700-bp,830,10200,10700,10450,10200-10700 BP,83.052452,40.733344,42.319108,16.947548,0.0,15.31215,0.0,0.0,Cerealia.t and Secale are modeled pollen-cover estimates; they are not observed crop acreage or proof of cultivation at the target,0,0,0,0,0,0,pollen_model_only
Jämningen,registered_lake,include_lake_review,56.297527,14.314794,937075:830:10700-11200-bp,830,10700,11200,10950,10700-11200 BP,77.89702,34.468157,43.428863,22.10298,0.0,21.635535,0.0,0.0,Cerealia.t and Secale are modeled pollen-cover estimates; they are not observed crop acreage or proof of cultivation at the target,0,0,0,0,0,0,pollen_model_only
Jämningen,registered_lake,include_lake_review,56.297527,14.314794,937075:830:11200-11700-bp,830,11200,11700,11450,11200-11700 BP,60.232709,20.57655,39.656159,39.767291,0.0,39.726246,0.0,0.0,Cerealia.t and Secale are modeled pollen-cover estimates; they are not observed crop acreage or proof of cultivation at the target,0,0,0,0,0,0,pollen_model_only
Klogöl,registered_lake,include_lake_review,57.195047,16.149861,937075:882:0-100-bp,882,0,100,50,0-100 BP,73.142947,52.462473,20.680474,26.857053,1.52867,9.256395,1.011651,0.517019,Cerealia.t and Secale are modeled pollen-cover estimates; they are not observed crop acreage or proof of cultivation at the target,0,0,0,0,0,0,pollen_model_only
Klogöl,registered_lake,include_lake_review,57.195047,16.149861,937075:882:100-350-bp,882,100,350,225,100-350 BP,45.171137,31.97708,13.194057,54.828863,1.609507,6.349535,1.441499,0.168008,Cerealia.t and Secale are modeled pollen-cover estimates; they are not observed crop acreage or proof of cultivation at the target,0,0,0,0,0,0,pollen_model_only
Klogöl,registered_lake,include_lake_review,57.195047,16.149861,937075:882:350-700-bp,882,350,700,525,350-700 BP,62.675949,41.62938,21.046569,37.324051,0.811974,6.066934,0.583141,0.228834,Cerealia.t and Secale are modeled pollen-cover estimates; they are not observed crop acreage or proof of cultivation at the target,0,0,0,0,0,0,pollen_model_only
Klogöl,registered_lake,include_lake_review,57.195047,16.149861,937075:882:700-1200-bp,882,700,1200,950,700-1200 BP,72.524498,44.223451,28.301047,27.475502,0.396519,7.03092,0.377494,0.019025,Cerealia.t and Secale are modeled pollen-cover estimates; they are not observed crop acreage or proof of cultivation at the target,0,0,0,0,0,0,pollen_model_only
Klogöl,registered_lake,include_lake_review,57.195047,16.149861,937075:882:1200-1700-bp,882,1200,1700,1450,1200-1700 BP,65.895525,33.612292,32.283233,34.104475,0.21859,7.871986,0.21859,0.0,Cerealia.t and Secale are modeled pollen-cover estimates; they are not observed crop acreage or proof of cultivation at the target,0,0,0,0,0,0,pollen_model_only
Klogöl,registered_lake,include_lake_review,57.195047,16.149861,937075:882:1700-2200-bp,882,1700,2200,1950,1700-2200 BP,65.879992,33.95453,31.925462,34.120008,0.0,6.325768,0.0,0.0,Cerealia.t and Secale are modeled pollen-cover estimates; they are not observed crop acreage or proof of cultivation at the target,0,0,0,0,0,0,pollen_model_only
Klogöl,registered_lake,include_lake_review,57.195047,16.149861,937075:882:2200-2700-bp,882,2200,2700,2450,2200-2700 BP,66.937881,37.559803,29.378078,33.06212,0.246908,6.257468,0.246908,0.0,Cerealia.t and Secale are modeled pollen-cover estimates; they are not observed crop acreage or proof of cultivation at the target,0,0,0,0,0,0,pollen_model_only
Klogöl,registered_lake,include_lake_review,57.195047,16.149861,937075:882:2700-3200-bp,882,2700,3200,2950,2700-3200 BP,73.43192,34.782449,38.649471,26.56808,0.393037,16.863017,0.393037,0.0,Cerealia.t and Secale are modeled pollen-cover estimates; they are not observed crop acreage or proof of cultivation at the target,0,0,0,0,0,0,pollen_model_only
Klogöl,registered_lake,include_lake_review,57.195047,16.149861,937075:882:3200-3700-bp,882,3200,3700,3450,3200-3700 BP,87.81522,47.163292,40.651928,12.18478,0.473655,7.605904,0.473655,0.0,Cerealia.t and Secale are modeled pollen-cover estimates; they are not observed crop acreage or proof of cultivation at the target,0,0,0,0,0,0,pollen_model_only
Klogöl,registered_lake,include_lake_review,57.195047,16.149861,937075:882:3700-4200-bp,882,3700,4200,3950,3700-4200 BP,81.125589,38.010508,43.115081,18.874412,0.83009,8.611664,0.83009,0.0,Cerealia.t and Secale are modeled pollen-cover estimates; they are not observed crop acreage or proof of cultivation at the target,0,0,0,0,0,0,pollen_model_only
Klogöl,registered_lake,include_lake_review,57.195047,16.149861,937075:882:4200-4700-bp,882,4200,4700,4450,4200-4700 BP,78.957186,34.152637,44.804549,21.042813,0.0,7.609502,0.0,0.0,Cerealia.t and Secale are modeled pollen-cover estimates; they are not observed crop acreage or proof of cultivation at the target,0,0,0,0,0,0,pollen_model_only
Klogöl,registered_lake,include_lake_review,57.195047,16.149861,937075:882:4700-5200-bp,882,4700,5200,4950,4700-5200 BP,85.269641,23.707763,61.561878,14.730359,0.0,14.730359,0.0,0.0,Cerealia.t and Secale are modeled pollen-cover estimates; they are not observed crop acreage or proof of cultivation at the target,0,0,0,0,0,0,pollen_model_only
Klogöl,registered_lake,include_lake_review,57.195047,16.149861,937075:882:5200-5700-bp,882,5200,5700,5450,5200-5700 BP,72.855712,41.884369,30.971343,27.144288,0.0,4.230642,0.0,0.0,Cerealia.t and Secale are modeled pollen-cover estimates; they are not observed crop acreage or proof of cultivation at the target,0,0,0,0,0,0,pollen_model_only
Klogöl,registered_lake,include_lake_review,57.195047,16.149861,937075:882:5700-6200-bp,882,5700,6200,5950,5700-6200 BP,64.990684,34.497772,30.492912,35.009316,0.0,8.276,0.0,0.0,Cerealia.t and Secale are modeled pollen-cover estimates; they are not observed crop acreage or proof of cultivation at the target,0,0,0,0,0,0,pollen_model_only
Klogöl,registered_lake,include_lake_review,57.195047,16.149861,937075:882:6200-6700-bp,882,6200,6700,6450,6200-6700 BP,77.735945,25.778763,51.957182,22.264056,0.0,21.356219,0.0,0.0,Cerealia.t and Secale are modeled pollen-cover estimates; they are not observed crop acreage or proof of cultivation at the target,0,0,0,0,0,0,pollen_model_only
Klogöl,registered_lake,include_lake_review,57.195047,16.149861,937075:882:6700-7200-bp,882,6700,7200,6950,6700-7200 BP,81.240068,21.954651,59.285417,18.759932,0.0,16.815917,0.0,0.0,Cerealia.t and Secale are modeled pollen-cover estimates; they are not observed crop acreage or proof of cultivation at the target,0,0,0,0,0,0,pollen_model_only
Klogöl,registered_lake,include_lake_review,57.195047,16.149861,937075:882:7200-7700-bp,882,7200,7700,7450,7200-7700 BP,77.561054,24.775155,52.785899,22.438947,0.0,20.661065,0.0,0.0,Cerealia.t and Secale are modeled pollen-cover estimates; they are not observed crop acreage or proof of cultivation at the target,0,0,0,0,0,0,pollen_model_only
Klogöl,registered_lake,include_lake_review,57.195047,16.149861,937075:882:7700-8200-bp,882,7700,8200,7950,7700-8200 BP,81.899904,28.956008,52.943896,18.100096,0.0,16.031994,0.0,0.0,Cerealia.t and Secale are modeled pollen-cover estimates; they are not observed crop acreage or proof of cultivation at the target,0,0,0,0,0,0,pollen_model_only
Klogöl,registered_lake,include_lake_review,57.195047,16.149861,937075:882:8200-8700-bp,882,8200,8700,8450,8200-8700 BP,76.807731,30.2289,46.578831,23.192269,0.0,21.503299,0.0,0.0,Cerealia.t and Secale are modeled pollen-cover estimates; they are not observed crop acreage or proof of cultivation at the target,0,0,0,0,0,0,pollen_model_only
Klogöl,registered_lake,include_lake_review,57.195047,16.149861,937075:882:8700-9200-bp,882,8700,9200,8950,8700-9200 BP,85.67871,47.69517,37.98354,14.32129,0.0,14.32129,0.0,0.0,Cerealia.t and Secale are modeled pollen-cover estimates; they are not observed crop acreage or proof of cultivation at the target,0,0,0,0,0,0,pollen_model_only
Klogöl,registered_lake,include_lake_review,57.195047,16.149861,937075:882:9200-9700-bp,882,9200,9700,9450,9200-9700 BP,71.668031,32.881253,38.786778,28.331968,0.0,27.022591,0.0,0.0,Cerealia.t and Secale are modeled pollen-cover estimates; they are not observed crop acreage or proof of cultivation at the target,0,0,0,0,0,0,pollen_model_only
Klogöl,registered_lake,include_lake_review,57.195047,16.149861,937075:882:9700-10200-bp,882,9700,10200,9950,9700-10200 BP,0.0,0.0,0.0,0.0,0.0,0.0,0.0,0.0,Cerealia.t and Secale are modeled pollen-cover estimates; they are not observed crop acreage or proof of cultivation at the target,0,0,0,0,0,0,pollen_model_only
Klogöl,registered_lake,include_lake_review,57.195047,16.149861,937075:882:10200-10700-bp,882,10200,10700,10450,10200-10700 BP,0.0,0.0,0.0,0.0,0.0,0.0,0.0,0.0,Cerealia.t and Secale are modeled pollen-cover estimates; they are not observed crop acreage or proof of cultivation at the target,0,0,0,0,0,0,pollen_model_only
Klogöl,registered_lake,include_lake_review,57.195047,16.149861,937075:882:10700-11200-bp,882,10700,11200,10950,10700-11200 BP,0.0,0.0,0.0,0.0,0.0,0.0,0.0,0.0,Cerealia.t and Secale are modeled pollen-cover estimates; they are not observed crop acreage or proof of cultivation at the target,0,0,0,0,0,0,pollen_model_only
Klogöl,registered_lake,include_lake_review,57.195047,16.149861,937075:882:11200-11700-bp,882,11200,11700,11450,11200-11700 BP,0.0,0.0,0.0,0.0,0.0,0.0,0.0,0.0,Cerealia.t and Secale are modeled pollen-cover estimates; they are not observed crop acreage or proof of cultivation at the target,0,0,0,0,0,0,pollen_model_only
Krageholmssjön,registered_lake,include_lake_review,55.501715,13.744603,937075:779:0-100-bp,779,0,100,50,0-100 BP,56.24459,14.943373,41.301217,43.75541,5.099505,35.561881,4.641181,0.458324,Cerealia.t and Secale are modeled pollen-cover estimates; they are not observed crop acreage or proof of cultivation at the target,15,8,0,0,0,0,pollen_archaeology_context
Krageholmssjön,registered_lake,include_lake_review,55.501715,13.744603,937075:779:100-350-bp,779,100,350,225,100-350 BP,39.374706,5.139854,34.234852,60.625294,6.969103,31.45808,6.582581,0.386522,Cerealia.t and Secale are modeled pollen-cover estimates; they are not observed crop acreage or proof of cultivation at the target,86,12,0,0,0,0,pollen_archaeology_context
Krageholmssjön,registered_lake,include_lake_review,55.501715,13.744603,937075:779:350-700-bp,779,350,700,525,350-700 BP,54.727693,4.338428,50.389265,45.272308,5.595778,26.442997,5.462224,0.133554,Cerealia.t and Secale are modeled pollen-cover estimates; they are not observed crop acreage or proof of cultivation at the target,367,20,0,0,0,0,pollen_archaeology_context
Krageholmssjön,registered_lake,include_lake_review,55.501715,13.744603,937075:779:700-1200-bp,779,700,1200,950,700-1200 BP,49.152686,3.050025,46.102661,50.847313,2.601623,25.255069,2.530118,0.071505,Cerealia.t and Secale are modeled pollen-cover estimates; they are not observed crop acreage or proof of cultivation at the target,63,16,0,0,0,0,pollen_archaeology_context
Krageholmssjön,registered_lake,include_lake_review,55.501715,13.744603,937075:779:1200-1700-bp,779,1200,1700,1450,1200-1700 BP,62.605104,2.801933,59.803171,37.394896,1.115943,15.100785,1.114663,0.00128,Cerealia.t and Secale are modeled pollen-cover estimates; they are not observed crop acreage or proof of cultivation at the target,15,8,0,0,0,0,pollen_archaeology_context
Krageholmssjön,registered_lake,include_lake_review,55.501715,13.744603,937075:779:1700-2200-bp,779,1700,2200,1950,1700-2200 BP,51.397331,4.841559,46.555772,48.602669,1.209959,12.821108,1.170706,0.039253,Cerealia.t and Secale are modeled pollen-cover estimates; they are not observed crop acreage or proof of cultivation at the target,16,9,0,0,0,0,pollen_archaeology_context
Krageholmssjön,registered_lake,include_lake_review,55.501715,13.744603,937075:779:2200-2700-bp,779,2200,2700,2450,2200-2700 BP,53.519357,3.65087,49.868487,46.480643,0.639475,12.685663,0.639072,0.000403,Cerealia.t and Secale are modeled pollen-cover estimates; they are not observed crop acreage or proof of cultivation at the target,17,10,0,0,0,0,pollen_archaeology_context
Krageholmssjön,registered_lake,include_lake_review,55.501715,13.744603,937075:779:2700-3200-bp,779,2700,3200,2950,2700-3200 BP,59.02063,2.734473,56.286157,40.97937,0.081197,5.506499,0.080601,0.000595,Cerealia.t and Secale are modeled pollen-cover estimates; they are not observed crop acreage or proof of cultivation at the target,16,9,1,2,0,0,pollen_archaeology_human_context
Krageholmssjön,registered_lake,include_lake_review,55.501715,13.744603,937075:779:3200-3700-bp,779,3200,3700,3450,3200-3700 BP,63.148795,3.076667,60.072128,36.851205,0.011621,3.884792,0.011437,0.000184,Cerealia.t and Secale are modeled pollen-cover estimates; they are not observed crop acreage or proof of cultivation at the target,16,9,1,2,0,0,pollen_archaeology_human_context
Krageholmssjön,registered_lake,include_lake_review,55.501715,13.744603,937075:779:3700-4200-bp,779,3700,4200,3950,3700-4200 BP,66.755361,2.899465,63.855896,33.244639,0.309214,2.510853,0.309214,0.0,Cerealia.t and Secale are modeled pollen-cover estimates; they are not observed crop acreage or proof of cultivation at the target,15,8,1,2,0,0,pollen_archaeology_human_context
Krageholmssjön,registered_lake,include_lake_review,55.501715,13.744603,937075:779:4200-4700-bp,779,4200,4700,4450,4200-4700 BP,71.262099,14.763825,56.498274,28.737901,0.010865,1.367408,0.010865,0.0,Cerealia.t and Secale are modeled pollen-cover estimates; they are not observed crop acreage or proof of cultivation at the target,17,10,0,0,0,0,pollen_archaeology_context
Krageholmssjön,registered_lake,include_lake_review,55.501715,13.744603,937075:779:4700-5200-bp,779,4700,5200,4950,4700-5200 BP,72.973282,11.797347,61.175935,27.026718,0.003531,2.742793,0.003307,0.000224,Cerealia.t and Secale are modeled pollen-cover estimates; they are not observed crop acreage or proof of cultivation at the target,17,10,0,0,0,0,pollen_archaeology_context
Krageholmssjön,registered_lake,include_lake_review,55.501715,13.744603,937075:779:5200-5700-bp,779,5200,5700,5450,5200-5700 BP,66.821041,8.853606,57.967435,33.178959,0.01705,2.6648,0.01705,0.0,Cerealia.t and Secale are modeled pollen-cover estimates; they are not observed crop acreage or proof of cultivation at the target,18,10,0,0,0,0,pollen_archaeology_context
Krageholmssjön,registered_lake,include_lake_review,55.501715,13.744603,937075:779:5700-6200-bp,779,5700,6200,5950,5700-6200 BP,54.072866,2.995472,51.077394,45.927135,0.347683,2.166793,0.347683,0.0,Cerealia.t and Secale are modeled pollen-cover estimates; they are not observed crop acreage or proof of cultivation at the target,16,9,0,0,0,0,pollen_archaeology_context
Krageholmssjön,registered_lake,include_lake_review,55.501715,13.744603,937075:779:6200-6700-bp,779,6200,6700,6450,6200-6700 BP,66.693422,2.605851,64.087571,33.306578,0.0,2.129872,0.0,0.0,Cerealia.t and Secale are modeled pollen-cover estimates; they are not observed crop acreage or proof of cultivation at the target,15,8,0,0,0,0,pollen_archaeology_context
Krageholmssjön,registered_lake,include_lake_review,55.501715,13.744603,937075:779:6700-7200-bp,779,6700,7200,6950,6700-7200 BP,76.978923,4.184156,72.794767,23.021077,0.022816,5.664298,0.022816,0.0,Cerealia.t and Secale are modeled pollen-cover estimates; they are not observed crop acreage or proof of cultivation at the target,16,9,0,0,0,0,pollen_archaeology_context
Krageholmssjön,registered_lake,include_lake_review,55.501715,13.744603,937075:779:7200-7700-bp,779,7200,7700,7450,7200-7700 BP,69.58001,10.209819,59.370191,30.41999,0.0,30.294955,0.0,0.0,Cerealia.t and Secale are modeled pollen-cover estimates; they are not observed crop acreage or proof of cultivation at the target,16,9,0,0,0,0,pollen_archaeology_context
Krageholmssjön,registered_lake,include_lake_review,55.501715,13.744603,937075:779:7700-8200-bp,779,7700,8200,7950,7700-8200 BP,79.562069,15.454689,64.10738,20.437931,0.0,20.418047,0.0,0.0,Cerealia.t and Secale are modeled pollen-cover estimates; they are not observed crop acreage or proof of cultivation at the target,16,9,0,0,0,0,pollen_archaeology_context
Krageholmssjön,registered_lake,include_lake_review,55.501715,13.744603,937075:779:8200-8700-bp,779,8200,8700,8450,8200-8700 BP,88.107465,16.32362,71.783845,11.892535,0.0,11.610713,0.0,0.0,Cerealia.t and Secale are modeled pollen-cover estimates; they are not observed crop acreage or proof of cultivation at the target,18,9,0,0,0,0,pollen_archaeology_context
Krageholmssjön,registered_lake,include_lake_review,55.501715,13.744603,937075:779:8700-9200-bp,779,8700,9200,8950,8700-9200 BP,86.392321,15.866884,70.525437,13.607679,0.0,13.309275,0.0,0.0,Cerealia.t and Secale are modeled pollen-cover estimates; they are not observed crop acreage or proof of cultivation at the target,18,9,0,0,0,0,pollen_archaeology_context
Krageholmssjön,registered_lake,include_lake_review,55.501715,13.744603,937075:779:9200-9700-bp,779,9200,9700,9450,9200-9700 BP,79.083565,14.532806,64.550759,20.916435,0.0,20.916435,0.0,0.0,Cerealia.t and Secale are modeled pollen-cover estimates; they are not observed crop acreage or proof of cultivation at the target,17,9,0,0,0,0,pollen_archaeology_context
Krageholmssjön,registered_lake,include_lake_review,55.501715,13.744603,937075:779:9700-10200-bp,779,9700,10200,9950,9700-10200 BP,80.991687,20.643882,60.347805,19.008313,0.0,19.008313,0.0,0.0,Cerealia.t and Secale are modeled pollen-cover estimates; they are not observed crop acreage or proof of cultivation at the target,20,10,0,0,0,0,pollen_archaeology_context
Krageholmssjön,registered_lake,include_lake_review,55.501715,13.744603,937075:779:10200-10700-bp,779,10200,10700,10450,10200-10700 BP,59.414495,25.84775,33.566745,40.585505,0.0,40.343099,0.0,0.0,Cerealia.t and Secale are modeled pollen-cover estimates; they are not observed crop acreage or proof of cultivation at the target,3,2,0,0,0,0,pollen_archaeology_context
Krageholmssjön,registered_lake,include_lake_review,55.501715,13.744603,937075:779:10700-11200-bp,779,10700,11200,10950,10700-11200 BP,41.619629,24.791307,16.828322,58.380371,0.0,58.380371,0.0,0.0,Cerealia.t and Secale are modeled pollen-cover estimates; they are not observed crop acreage or proof of cultivation at the target,3,2,0,0,0,0,pollen_archaeology_context
Krageholmssjön,registered_lake,include_lake_review,55.501715,13.744603,937075:779:11200-11700-bp,779,11200,11700,11450,11200-11700 BP,33.811908,24.407523,9.404385,66.188092,0.0,66.188092,0.0,0.0,Cerealia.t and Secale are modeled pollen-cover estimates; they are not observed crop acreage or proof of cultivation at the target,3,2,0,0,0,0,pollen_archaeology_context
Kyperedssjö,registered_lake,include_lake_review,57.757581,12.892382,937075:878:0-100-bp,878,0,100,50,0-100 BP,59.29893,15.350073,43.948857,40.70107,2.421112,18.412175,0.594334,1.826777,Cerealia.t and Secale are modeled pollen-cover estimates; they are not observed crop acreage or proof of cultivation at the target,0,0,0,0,0,0,pollen_model_only
Kyperedssjö,registered_lake,include_lake_review,57.757581,12.892382,937075:878:100-350-bp,878,100,350,225,100-350 BP,34.368391,5.576091,28.7923,65.631609,7.079009,25.838436,1.940074,5.138935,Cerealia.t and Secale are modeled pollen-cover estimates; they are not observed crop acreage or proof of cultivation at the target,0,0,0,0,0,0,pollen_model_only
Kyperedssjö,registered_lake,include_lake_review,57.757581,12.892382,937075:878:350-700-bp,878,350,700,525,350-700 BP,57.69788,4.109788,53.588092,42.302121,2.995643,23.043058,1.703013,1.29263,Cerealia.t and Secale are modeled pollen-cover estimates; they are not observed crop acreage or proof of cultivation at the target,0,0,0,0,0,0,pollen_model_only
Kyperedssjö,registered_lake,include_lake_review,57.757581,12.892382,937075:878:700-1200-bp,878,700,1200,950,700-1200 BP,56.967732,3.328231,53.639501,43.032268,1.484249,17.522856,0.7141,0.770149,Cerealia.t and Secale are modeled pollen-cover estimates; they are not observed crop acreage or proof of cultivation at the target,1,1,0,0,0,0,pollen_archaeology_context
Kyperedssjö,registered_lake,include_lake_review,57.757581,12.892382,937075:878:1200-1700-bp,878,1200,1700,1450,1200-1700 BP,55.580858,2.085031,53.495827,44.419142,1.067569,11.746893,0.370821,0.696748,Cerealia.t and Secale are modeled pollen-cover estimates; they are not observed crop acreage or proof of cultivation at the target,1,1,0,0,0,0,pollen_archaeology_context
Kyperedssjö,registered_lake,include_lake_review,57.757581,12.892382,937075:878:1700-2200-bp,878,1700,2200,1950,1700-2200 BP,58.656742,1.904844,56.751898,41.343258,0.987778,13.807452,0.137563,0.850215,Cerealia.t and Secale are modeled pollen-cover estimates; they are not observed crop acreage or proof of cultivation at the target,0,0,0,0,0,0,pollen_model_only
Kyperedssjö,registered_lake,include_lake_review,57.757581,12.892382,937075:878:2200-2700-bp,878,2200,2700,2450,2200-2700 BP,67.151267,1.901644,65.249623,32.848733,0.81762,12.189524,0.037549,0.780072,Cerealia.t and Secale are modeled pollen-cover estimates; they are not observed crop acreage or proof of cultivation at the target,0,0,0,0,0,0,pollen_model_only
Kyperedssjö,registered_lake,include_lake_review,57.757581,12.892382,937075:878:2700-3200-bp,878,2700,3200,2950,2700-3200 BP,46.442657,2.230477,44.21218,53.557344,0.14289,17.853812,0.14289,0.0,Cerealia.t and Secale are modeled pollen-cover estimates; they are not observed crop acreage or proof of cultivation at the target,0,0,0,0,0,0,pollen_model_only
Kyperedssjö,registered_lake,include_lake_review,57.757581,12.892382,937075:878:3200-3700-bp,878,3200,3700,3450,3200-3700 BP,54.450236,2.152551,52.297685,45.549765,0.207865,13.134633,0.207865,0.0,Cerealia.t and Secale are modeled pollen-cover estimates; they are not observed crop acreage or proof of cultivation at the target,0,0,0,0,0,0,pollen_model_only
Kyperedssjö,registered_lake,include_lake_review,57.757581,12.892382,937075:878:3700-4200-bp,878,3700,4200,3950,3700-4200 BP,28.552524,1.351143,27.201381,71.447477,0.044176,9.391864,0.044176,0.0,Cerealia.t and Secale are modeled pollen-cover estimates; they are not observed crop acreage or proof of cultivation at the target,0,0,0,0,0,0,pollen_model_only
Kyperedssjö,registered_lake,include_lake_review,57.757581,12.892382,937075:878:4200-4700-bp,878,4200,4700,4450,4200-4700 BP,39.043293,1.818848,37.224445,60.956707,0.032113,12.966221,0.032113,0.0,Cerealia.t and Secale are modeled pollen-cover estimates; they are not observed crop acreage or proof of cultivation at the target,0,0,0,0,0,0,pollen_model_only
Kyperedssjö,registered_lake,include_lake_review,57.757581,12.892382,937075:878:4700-5200-bp,878,4700,5200,4950,4700-5200 BP,33.860472,2.086515,31.773957,66.139528,0.0,13.348722,0.0,0.0,Cerealia.t and Secale are modeled pollen-cover estimates; they are not observed crop acreage or proof of cultivation at the target,0,0,0,0,0,0,pollen_model_only
Kyperedssjö,registered_lake,include_lake_review,57.757581,12.892382,937075:878:5200-5700-bp,878,5200,5700,5450,5200-5700 BP,57.525956,3.060924,54.465032,42.474044,0.013198,21.211449,0.013198,0.0,Cerealia.t and Secale are modeled pollen-cover estimates; they are not observed crop acreage or proof of cultivation at the target,0,0,0,0,0,0,pollen_model_only
Kyperedssjö,registered_lake,include_lake_review,57.757581,12.892382,937075:878:5700-6200-bp,878,5700,6200,5950,5700-6200 BP,21.577538,1.69476,19.882778,78.422463,0.018867,19.117417,0.018867,0.0,Cerealia.t and Secale are modeled pollen-cover estimates; they are not observed crop acreage or proof of cultivation at the target,0,0,0,0,0,0,pollen_model_only
Kyperedssjö,registered_lake,include_lake_review,57.757581,12.892382,937075:878:6200-6700-bp,878,6200,6700,6450,6200-6700 BP,47.648889,3.794004,43.854885,52.351111,0.0,28.846328,0.0,0.0,Cerealia.t and Secale are modeled pollen-cover estimates; they are not observed crop acreage or proof of cultivation at the target,0,0,0,0,0,0,pollen_model_only
Kyperedssjö,registered_lake,include_lake_review,57.757581,12.892382,937075:878:6700-7200-bp,878,6700,7200,6950,6700-7200 BP,87.662304,3.987232,83.675072,12.337696,0.0,11.81143,0.0,0.0,Cerealia.t and Secale are modeled pollen-cover estimates; they are not observed crop acreage or proof of cultivation at the target,0,0,0,0,0,0,pollen_model_only
Kyperedssjö,registered_lake,include_lake_review,57.757581,12.892382,937075:878:7200-7700-bp,878,7200,7700,7450,7200-7700 BP,91.966367,6.121083,85.845284,8.033633,0.0,7.163549,0.0,0.0,Cerealia.t and Secale are modeled pollen-cover estimates; they are not observed crop acreage or proof of cultivation at the target,0,0,0,0,0,0,pollen_model_only
Kyperedssjö,registered_lake,include_lake_review,57.757581,12.892382,937075:878:7700-8200-bp,878,7700,8200,7950,7700-8200 BP,88.695296,7.242343,81.452953,11.304705,0.03883,10.347068,0.03883,0.0,Cerealia.t and Secale are modeled pollen-cover estimates; they are not observed crop acreage or proof of cultivation at the target,0,0,0,0,0,0,pollen_model_only
Kyperedssjö,registered_lake,include_lake_review,57.757581,12.892382,937075:878:8200-8700-bp,878,8200,8700,8450,8200-8700 BP,81.942651,9.70628,72.236371,18.057349,0.0,16.949337,0.0,0.0,Cerealia.t and Secale are modeled pollen-cover estimates; they are not observed crop acreage or proof of cultivation at the target,0,0,0,0,0,0,pollen_model_only
Kyperedssjö,registered_lake,include_lake_review,57.757581,12.892382,937075:878:8700-9200-bp,878,8700,9200,8950,8700-9200 BP,87.792263,10.908821,76.883442,12.207738,0.0,11.274096,0.0,0.0,Cerealia.t and Secale are modeled pollen-cover estimates; they are not observed crop acreage or proof of cultivation at the target,0,0,0,0,0,0,pollen_model_only
Kyperedssjö,registered_lake,include_lake_review,57.757581,12.892382,937075:878:9200-9700-bp,878,9200,9700,9450,9200-9700 BP,76.276715,14.988974,61.287741,23.723285,0.0,22.641714,0.0,0.0,Cerealia.t and Secale are modeled pollen-cover estimates; they are not observed crop acreage or proof of cultivation at the target,0,0,0,0,0,0,pollen_model_only
Kyperedssjö,registered_lake,include_lake_review,57.757581,12.892382,937075:878:9700-10200-bp,878,9700,10200,9950,9700-10200 BP,76.072627,20.181444,55.891183,23.927373,0.0,22.503101,0.0,0.0,Cerealia.t and Secale are modeled pollen-cover estimates; they are not observed crop acreage or proof of cultivation at the target,0,0,0,0,0,0,pollen_model_only
Kyperedssjö,registered_lake,include_lake_review,57.757581,12.892382,937075:878:10200-10700-bp,878,10200,10700,10450,10200-10700 BP,72.803273,21.665448,51.137825,27.196726,0.0,25.921867,0.0,0.0,Cerealia.t and Secale are modeled pollen-cover estimates; they are not observed crop acreage or proof of cultivation at the target,0,0,0,0,0,0,pollen_model_only
Kyperedssjö,registered_lake,include_lake_review,57.757581,12.892382,937075:878:10700-11200-bp,878,10700,11200,10950,10700-11200 BP,62.233871,14.837141,47.39673,37.766129,0.0,37.053252,0.0,0.0,Cerealia.t and Secale are modeled pollen-cover estimates; they are not observed crop acreage or proof of cultivation at the target,0,0,0,0,0,0,pollen_model_only
Kyperedssjö,registered_lake,include_lake_review,57.757581,12.892382,937075:878:11200-11700-bp,878,11200,11700,11450,11200-11700 BP,50.870067,15.245434,35.624633,49.129934,0.0,47.536473,0.0,0.0,Cerealia.t and Secale are modeled pollen-cover estimates; they are not observed crop acreage or proof of cultivation at the target,0,0,0,0,0,0,pollen_model_only
Lilla Sjö,registered_lake,include_lake_review,56.281643,13.924259,937075:829:0-100-bp,829,0,100,50,0-100 BP,44.299893,16.837245,27.462648,55.700107,5.949875,29.711781,2.131145,3.818731,Cerealia.t and Secale are modeled pollen-cover estimates; they are not observed crop acreage or proof of cultivation at the target,0,0,0,0,0,0,pollen_model_only
Lilla Sjö,registered_lake,include_lake_review,56.281643,13.924259,937075:829:100-350-bp,829,100,350,225,100-350 BP,29.223977,6.602185,22.621792,70.776023,22.139198,25.011105,1.319261,20.819937,Cerealia.t and Secale are modeled pollen-cover estimates; they are not observed crop acreage or proof of cultivation at the target,36,2,0,0,0,0,pollen_archaeology_context
Lilla Sjö,registered_lake,include_lake_review,56.281643,13.924259,937075:829:350-700-bp,829,350,700,525,350-700 BP,41.969349,3.814642,38.154707,58.03065,9.689666,25.545768,0.671051,9.018615,Cerealia.t and Secale are modeled pollen-cover estimates; they are not observed crop acreage or proof of cultivation at the target,52,1,0,0,0,0,pollen_archaeology_context
Lilla Sjö,registered_lake,include_lake_review,56.281643,13.924259,937075:829:700-1200-bp,829,700,1200,950,700-1200 BP,53.804534,5.768267,48.036267,46.195466,13.258743,17.3478,0.357634,12.901109,Cerealia.t and Secale are modeled pollen-cover estimates; they are not observed crop acreage or proof of cultivation at the target,0,0,0,0,0,0,pollen_model_only
Lilla Sjö,registered_lake,include_lake_review,56.281643,13.924259,937075:829:1200-1700-bp,829,1200,1700,1450,1200-1700 BP,52.233538,3.865237,48.368301,47.766461,10.195605,14.444181,0.051507,10.144098,Cerealia.t and Secale are modeled pollen-cover estimates; they are not observed crop acreage or proof of cultivation at the target,0,0,0,0,0,0,pollen_model_only
Lilla Sjö,registered_lake,include_lake_review,56.281643,13.924259,937075:829:1700-2200-bp,829,1700,2200,1950,1700-2200 BP,55.835989,3.441532,52.394457,44.16401,9.09818,18.05912,0.118879,8.9793,Cerealia.t and Secale are modeled pollen-cover estimates; they are not observed crop acreage or proof of cultivation at the target,0,0,0,0,0,0,pollen_model_only
Lilla Sjö,registered_lake,include_lake_review,56.281643,13.924259,937075:829:2200-2700-bp,829,2200,2700,2450,2200-2700 BP,49.967146,2.740333,47.226813,50.032854,16.379774,11.284866,0.089978,16.289797,Cerealia.t and Secale are modeled pollen-cover estimates; they are not observed crop acreage or proof of cultivation at the target,0,0,0,0,0,0,pollen_model_only
Lilla Sjö,registered_lake,include_lake_review,56.281643,13.924259,937075:829:2700-3200-bp,829,2700,3200,2950,2700-3200 BP,77.120563,5.238569,71.881994,22.879436,3.339462,11.383855,0.031632,3.30783,Cerealia.t and Secale are modeled pollen-cover estimates; they are not observed crop acreage or proof of cultivation at the target,0,0,0,0,0,0,pollen_model_only
Lilla Sjö,registered_lake,include_lake_review,56.281643,13.924259,937075:829:3200-3700-bp,829,3200,3700,3450,3200-3700 BP,80.259314,4.47365,75.785664,19.740686,0.197482,16.266138,0.045019,0.152464,Cerealia.t and Secale are modeled pollen-cover estimates; they are not observed crop acreage or proof of cultivation at the target,0,0,0,0,0,0,pollen_model_only
Lilla Sjö,registered_lake,include_lake_review,56.281643,13.924259,937075:829:3700-4200-bp,829,3700,4200,3950,3700-4200 BP,82.161547,2.733379,79.428168,17.838453,0.357788,15.128304,0.0,0.357788,Cerealia.t and Secale are modeled pollen-cover estimates; they are not observed crop acreage or proof of cultivation at the target,0,0,0,0,0,0,pollen_model_only
Lilla Sjö,registered_lake,include_lake_review,56.281643,13.924259,937075:829:4200-4700-bp,829,4200,4700,4450,4200-4700 BP,83.764762,3.072078,80.692684,16.235238,0.314974,10.715899,0.000118,0.314856,Cerealia.t and Secale are modeled pollen-cover estimates; they are not observed crop acreage or proof of cultivation at the target,0,0,0,0,0,0,pollen_model_only
Lilla Sjö,registered_lake,include_lake_review,56.281643,13.924259,937075:829:4700-5200-bp,829,4700,5200,4950,4700-5200 BP,84.20692,3.210632,80.996288,15.793079,0.363293,11.913132,0.000258,0.363035,Cerealia.t and Secale are modeled pollen-cover estimates; they are not observed crop acreage or proof of cultivation at the target,0,0,0,0,0,0,pollen_model_only
Lilla Sjö,registered_lake,include_lake_review,56.281643,13.924259,937075:829:5200-5700-bp,829,5200,5700,5450,5200-5700 BP,86.388222,5.814255,80.573967,13.611778,0.403195,10.242886,0.082201,0.320994,Cerealia.t and Secale are modeled pollen-cover estimates; they are not observed crop acreage or proof of cultivation at the target,0,0,0,0,0,0,pollen_model_only
Lilla Sjö,registered_lake,include_lake_review,56.281643,13.924259,937075:829:5700-6200-bp,829,5700,6200,5950,5700-6200 BP,83.720532,7.472922,76.24761,16.279469,0.096338,9.397654,0.00343,0.092907,Cerealia.t and Secale are modeled pollen-cover estimates; they are not observed crop acreage or proof of cultivation at the target,0,0,0,0,0,0,pollen_model_only
Lilla Sjö,registered_lake,include_lake_review,56.281643,13.924259,937075:829:6200-6700-bp,829,6200,6700,6450,6200-6700 BP,88.994288,10.539848,78.45444,11.005712,0.006477,3.321807,0.0,0.006477,Cerealia.t and Secale are modeled pollen-cover estimates; they are not observed crop acreage or proof of cultivation at the target,0,0,0,0,0,0,pollen_model_only
Lilla Sjö,registered_lake,include_lake_review,56.281643,13.924259,937075:829:6700-7200-bp,829,6700,7200,6950,6700-7200 BP,84.822144,10.114655,74.707489,15.177856,0.747366,5.407196,0.202538,0.544828,Cerealia.t and Secale are modeled pollen-cover estimates; they are not observed crop acreage or proof of cultivation at the target,0,0,0,0,0,0,pollen_model_only
Lilla Sjö,registered_lake,include_lake_review,56.281643,13.924259,937075:829:7200-7700-bp,829,7200,7700,7450,7200-7700 BP,88.388622,13.971869,74.416753,11.611378,0.129794,7.8397,0.0,0.129794,Cerealia.t and Secale are modeled pollen-cover estimates; they are not observed crop acreage or proof of cultivation at the target,0,0,0,0,0,0,pollen_model_only
Lilla Sjö,registered_lake,include_lake_review,56.281643,13.924259,937075:829:7700-8200-bp,829,7700,8200,7950,7700-8200 BP,87.089419,18.624609,68.46481,12.910581,0.161231,9.80708,0.0,0.161231,Cerealia.t and Secale are modeled pollen-cover estimates; they are not observed crop acreage or proof of cultivation at the target,0,0,0,0,0,0,pollen_model_only
Lilla Sjö,registered_lake,include_lake_review,56.281643,13.924259,937075:829:8200-8700-bp,829,8200,8700,8450,8200-8700 BP,80.879915,18.876898,62.003017,19.120085,0.242004,14.353371,0.0,0.242004,Cerealia.t and Secale are modeled pollen-cover estimates; they are not observed crop acreage or proof of cultivation at the target,0,0,0,0,0,0,pollen_model_only
Lilla Sjö,registered_lake,include_lake_review,56.281643,13.924259,937075:829:8700-9200-bp,829,8700,9200,8950,8700-9200 BP,84.559433,18.950957,65.608476,15.440567,0.213439,11.371577,0.0,0.213439,Cerealia.t and Secale are modeled pollen-cover estimates; they are not observed crop acreage or proof of cultivation at the target,0,0,0,0,0,0,pollen_model_only
Lilla Sjö,registered_lake,include_lake_review,56.281643,13.924259,937075:829:9200-9700-bp,829,9200,9700,9450,9200-9700 BP,78.702874,17.869484,60.83339,21.297125,0.045359,13.244641,0.0,0.045359,Cerealia.t and Secale are modeled pollen-cover estimates; they are not observed crop acreage or proof of cultivation at the target,0,0,0,0,0,0,pollen_model_only
Lilla Sjö,registered_lake,include_lake_review,56.281643,13.924259,937075:829:9700-10200-bp,829,9700,10200,9950,9700-10200 BP,74.307977,21.701008,52.606969,25.692023,0.095086,22.08166,0.0,0.095086,Cerealia.t and Secale are modeled pollen-cover estimates; they are not observed crop acreage or proof of cultivation at the target,0,0,0,0,0,0,pollen_model_only
Lilla Sjö,registered_lake,include_lake_review,56.281643,13.924259,937075:829:10200-10700-bp,829,10200,10700,10450,10200-10700 BP,54.135159,16.298611,37.836548,45.864842,0.583569,43.94101,0.0,0.583569,Cerealia.t and Secale are modeled pollen-cover estimates; they are not observed crop acreage or proof of cultivation at the target,0,0,0,0,0,0,pollen_model_only
Lilla Sjö,registered_lake,include_lake_review,56.281643,13.924259,937075:829:10700-11200-bp,829,10700,11200,10950,10700-11200 BP,41.325691,27.533618,13.792073,58.674308,0.053715,58.603631,0.0,0.053715,Cerealia.t and Secale are modeled pollen-cover estimates; they are not observed crop acreage or proof of cultivation at the target,0,0,0,0,0,0,pollen_model_only
Lilla Sjö,registered_lake,include_lake_review,56.281643,13.924259,937075:829:11200-11700-bp,829,11200,11700,11450,11200-11700 BP,19.463364,8.220168,11.243196,80.536636,0.528467,79.695259,0.0,0.528467,Cerealia.t and Secale are modeled pollen-cover estimates; they are not observed crop acreage or proof of cultivation at the target,0,0,0,0,0,0,pollen_model_only
Lindhultsgöl,registered_lake,include_lake_review,57.145223,14.46766,937075:880:0-100-bp,880,0,100,50,0-100 BP,50.872741,28.880841,21.9919,49.127259,4.470965,19.286412,3.08958,1.381385,Cerealia.t and Secale are modeled pollen-cover estimates; they are not observed crop acreage or proof of cultivation at the target,0,0,0,0,0,0,pollen_model_only
Lindhultsgöl,registered_lake,include_lake_review,57.145223,14.46766,937075:880:100-350-bp,880,100,350,225,100-350 BP,45.476755,21.360156,24.116599,54.523245,5.827647,38.760126,1.762728,4.064919,Cerealia.t and Secale are modeled pollen-cover estimates; they are not observed crop acreage or proof of cultivation at the target,0,0,0,0,0,0,pollen_model_only
Lindhultsgöl,registered_lake,include_lake_review,57.145223,14.46766,937075:880:350-700-bp,880,350,700,525,350-700 BP,42.517277,13.331045,29.186232,57.482724,2.667794,48.4584,1.164697,1.503096,Cerealia.t and Secale are modeled pollen-cover estimates; they are not observed crop acreage or proof of cultivation at the target,0,0,0,0,0,0,pollen_model_only
Lindhultsgöl,registered_lake,include_lake_review,57.145223,14.46766,937075:880:700-1200-bp,880,700,1200,950,700-1200 BP,48.136759,12.227345,35.909414,51.863241,2.428457,39.592027,1.703442,0.725015,Cerealia.t and Secale are modeled pollen-cover estimates; they are not observed crop acreage or proof of cultivation at the target,0,0,0,0,0,0,pollen_model_only
Lindhultsgöl,registered_lake,include_lake_review,57.145223,14.46766,937075:880:1200-1700-bp,880,1200,1700,1450,1200-1700 BP,41.192584,7.882918,33.309666,58.807415,2.049161,18.105408,0.587915,1.461246,Cerealia.t and Secale are modeled pollen-cover estimates; they are not observed crop acreage or proof of cultivation at the target,0,0,0,0,0,0,pollen_model_only
Lindhultsgöl,registered_lake,include_lake_review,57.145223,14.46766,937075:880:1700-2200-bp,880,1700,2200,1950,1700-2200 BP,45.823228,5.876994,39.946234,54.176772,0.597068,11.72891,0.392977,0.204091,Cerealia.t and Secale are modeled pollen-cover estimates; they are not observed crop acreage or proof of cultivation at the target,0,0,0,0,0,0,pollen_model_only
Lindhultsgöl,registered_lake,include_lake_review,57.145223,14.46766,937075:880:2200-2700-bp,880,2200,2700,2450,2200-2700 BP,73.317829,7.822444,65.495385,26.682171,0.572292,9.553223,0.062105,0.510187,Cerealia.t and Secale are modeled pollen-cover estimates; they are not observed crop acreage or proof of cultivation at the target,0,0,0,0,0,0,pollen_model_only
Lindhultsgöl,registered_lake,include_lake_review,57.145223,14.46766,937075:880:2700-3200-bp,880,2700,3200,2950,2700-3200 BP,69.996638,6.274769,63.721869,30.003362,0.97344,5.556568,0.122683,0.850756,Cerealia.t and Secale are modeled pollen-cover estimates; they are not observed crop acreage or proof of cultivation at the target,0,0,0,0,0,0,pollen_model_only
Lindhultsgöl,registered_lake,include_lake_review,57.145223,14.46766,937075:880:3200-3700-bp,880,3200,3700,3450,3200-3700 BP,65.559556,5.988296,59.57126,34.440445,1.840597,6.522325,0.0,1.840597,Cerealia.t and Secale are modeled pollen-cover estimates; they are not observed crop acreage or proof of cultivation at the target,0,0,0,0,0,0,pollen_model_only
Lindhultsgöl,registered_lake,include_lake_review,57.145223,14.46766,937075:880:3700-4200-bp,880,3700,4200,3950,3700-4200 BP,69.440846,7.422257,62.018589,30.559153,1.744788,8.549363,0.120265,1.624523,Cerealia.t and Secale are modeled pollen-cover estimates; they are not observed crop acreage or proof of cultivation at the target,0,0,0,0,0,0,pollen_model_only
Lindhultsgöl,registered_lake,include_lake_review,57.145223,14.46766,937075:880:4200-4700-bp,880,4200,4700,4450,4200-4700 BP,74.833949,7.178824,67.655125,25.166051,2.175074,13.362728,0.000143,2.174931,Cerealia.t and Secale are modeled pollen-cover estimates; they are not observed crop acreage or proof of cultivation at the target,0,0,0,0,0,0,pollen_model_only
Lindhultsgöl,registered_lake,include_lake_review,57.145223,14.46766,937075:880:4700-5200-bp,880,4700,5200,4950,4700-5200 BP,86.053372,9.556398,76.496974,13.946628,0.561441,6.224508,0.0,0.561441,Cerealia.t and Secale are modeled pollen-cover estimates; they are not observed crop acreage or proof of cultivation at the target,0,0,0,0,0,0,pollen_model_only
Lindhultsgöl,registered_lake,include_lake_review,57.145223,14.46766,937075:880:5200-5700-bp,880,5200,5700,5450,5200-5700 BP,73.927222,8.898979,65.028243,26.072778,0.647719,24.479836,0.0,0.647719,Cerealia.t and Secale are modeled pollen-cover estimates; they are not observed crop acreage or proof of cultivation at the target,0,0,0,0,0,0,pollen_model_only
Lindhultsgöl,registered_lake,include_lake_review,57.145223,14.46766,937075:880:5700-6200-bp,880,5700,6200,5950,5700-6200 BP,67.306997,12.054535,55.252462,32.693003,0.598297,31.627546,0.044041,0.554255,Cerealia.t and Secale are modeled pollen-cover estimates; they are not observed crop acreage or proof of cultivation at the target,0,0,0,0,0,0,pollen_model_only
Lindhultsgöl,registered_lake,include_lake_review,57.145223,14.46766,937075:880:6200-6700-bp,880,6200,6700,6450,6200-6700 BP,79.721618,16.42176,63.299858,20.278383,1.626849,18.275582,0.0,1.626849,Cerealia.t and Secale are modeled pollen-cover estimates; they are not observed crop acreage or proof of cultivation at the target,0,0,0,0,0,0,pollen_model_only
Lindhultsgöl,registered_lake,include_lake_review,57.145223,14.46766,937075:880:6700-7200-bp,880,6700,7200,6950,6700-7200 BP,73.878507,15.67201,58.206497,26.121492,2.798191,21.688258,0.064801,2.733389,Cerealia.t and Secale are modeled pollen-cover estimates; they are not observed crop acreage or proof of cultivation at the target,0,0,0,0,0,0,pollen_model_only
Lindhultsgöl,registered_lake,include_lake_review,57.145223,14.46766,937075:880:7200-7700-bp,880,7200,7700,7450,7200-7700 BP,47.568486,11.95747,35.611016,52.431514,0.519395,49.906483,0.055575,0.46382,Cerealia.t and Secale are modeled pollen-cover estimates; they are not observed crop acreage or proof of cultivation at the target,0,0,0,0,0,0,pollen_model_only
Lindhultsgöl,registered_lake,include_lake_review,57.145223,14.46766,937075:880:7700-8200-bp,880,7700,8200,7950,7700-8200 BP,45.976208,12.558538,33.41767,54.023791,0.029893,50.526313,0.029893,0.0,Cerealia.t and Secale are modeled pollen-cover estimates; they are not observed crop acreage or proof of cultivation at the target,0,0,0,0,0,0,pollen_model_only
Lindhultsgöl,registered_lake,include_lake_review,57.145223,14.46766,937075:880:8200-8700-bp,880,8200,8700,8450,8200-8700 BP,78.135506,24.217913,53.917593,21.864494,0.0,4.951598,0.0,0.0,Cerealia.t and Secale are modeled pollen-cover estimates; they are not observed crop acreage or proof of cultivation at the target,0,0,0,0,0,0,pollen_model_only
Lindhultsgöl,registered_lake,include_lake_review,57.145223,14.46766,937075:880:8700-9200-bp,880,8700,9200,8950,8700-9200 BP,78.689834,20.083825,58.606009,21.310166,0.0,4.498456,0.0,0.0,Cerealia.t and Secale are modeled pollen-cover estimates; they are not observed crop acreage or proof of cultivation at the target,0,0,0,0,0,0,pollen_model_only
Lindhultsgöl,registered_lake,include_lake_review,57.145223,14.46766,937075:880:9200-9700-bp,880,9200,9700,9450,9200-9700 BP,85.343838,12.205654,73.138184,14.656162,0.190238,8.543094,0.190238,0.0,Cerealia.t and Secale are modeled pollen-cover estimates; they are not observed crop acreage or proof of cultivation at the target,0,0,0,0,0,0,pollen_model_only
Lindhultsgöl,registered_lake,include_lake_review,57.145223,14.46766,937075:880:9700-10200-bp,880,9700,10200,9950,9700-10200 BP,65.074855,24.836468,40.238387,34.925146,0.0,27.231742,0.0,0.0,Cerealia.t and Secale are modeled pollen-cover estimates; they are not observed crop acreage or proof of cultivation at the target,0,0,0,0,0,0,pollen_model_only
Lindhultsgöl,registered_lake,include_lake_review,57.145223,14.46766,937075:880:10200-10700-bp,880,10200,10700,10450,10200-10700 BP,44.364002,17.550318,26.813684,55.635997,0.0,48.858578,0.0,0.0,Cerealia.t and Secale are modeled pollen-cover estimates; they are not observed crop acreage or proof of cultivation at the target,0,0,0,0,0,0,pollen_model_only
Lindhultsgöl,registered_lake,include_lake_review,57.145223,14.46766,937075:880:10700-11200-bp,880,10700,11200,10950,10700-11200 BP,65.514741,27.893169,37.621572,34.485259,0.0,34.485259,0.0,0.0,Cerealia.t and Secale are modeled pollen-cover estimates; they are not observed crop acreage or proof of cultivation at the target,0,0,0,0,0,0,pollen_model_only
Lindhultsgöl,registered_lake,include_lake_review,57.145223,14.46766,937075:880:11200-11700-bp,880,11200,11700,11450,11200-11700 BP,39.601162,23.233109,16.368053,60.398838,0.0,60.398838,0.0,0.0,Cerealia.t and Secale are modeled pollen-cover estimates; they are not observed crop acreage or proof of cultivation at the target,0,0,0,0,0,0,pollen_model_only
Långetjärn,registered_lake,include_lake_review,57.723622,12.35907,937075:878:0-100-bp,878,0,100,50,0-100 BP,59.29893,15.350073,43.948857,40.70107,2.421112,18.412175,0.594334,1.826777,Cerealia.t and Secale are modeled pollen-cover estimates; they are not observed crop acreage or proof of cultivation at the target,0,0,0,0,0,0,pollen_model_only
Långetjärn,registered_lake,include_lake_review,57.723622,12.35907,937075:878:100-350-bp,878,100,350,225,100-350 BP,34.368391,5.576091,28.7923,65.631609,7.079009,25.838436,1.940074,5.138935,Cerealia.t and Secale are modeled pollen-cover estimates; they are not observed crop acreage or proof of cultivation at the target,0,0,0,0,0,0,pollen_model_only
Långetjärn,registered_lake,include_lake_review,57.723622,12.35907,937075:878:350-700-bp,878,350,700,525,350-700 BP,57.69788,4.109788,53.588092,42.302121,2.995643,23.043058,1.703013,1.29263,Cerealia.t and Secale are modeled pollen-cover estimates; they are not observed crop acreage or proof of cultivation at the target,2,1,0,0,0,0,pollen_archaeology_context
Långetjärn,registered_lake,include_lake_review,57.723622,12.35907,937075:878:700-1200-bp,878,700,1200,950,700-1200 BP,56.967732,3.328231,53.639501,43.032268,1.484249,17.522856,0.7141,0.770149,Cerealia.t and Secale are modeled pollen-cover estimates; they are not observed crop acreage or proof of cultivation at the target,2,1,0,0,0,0,pollen_archaeology_context
Långetjärn,registered_lake,include_lake_review,57.723622,12.35907,937075:878:1200-1700-bp,878,1200,1700,1450,1200-1700 BP,55.580858,2.085031,53.495827,44.419142,1.067569,11.746893,0.370821,0.696748,Cerealia.t and Secale are modeled pollen-cover estimates; they are not observed crop acreage or proof of cultivation at the target,3,2,0,0,0,0,pollen_archaeology_context
Långetjärn,registered_lake,include_lake_review,57.723622,12.35907,937075:878:1700-2200-bp,878,1700,2200,1950,1700-2200 BP,58.656742,1.904844,56.751898,41.343258,0.987778,13.807452,0.137563,0.850215,Cerealia.t and Secale are modeled pollen-cover estimates; they are not observed crop acreage or proof of cultivation at the target,1,1,0,0,0,0,pollen_archaeology_context
Långetjärn,registered_lake,include_lake_review,57.723622,12.35907,937075:878:2200-2700-bp,878,2200,2700,2450,2200-2700 BP,67.151267,1.901644,65.249623,32.848733,0.81762,12.189524,0.037549,0.780072,Cerealia.t and Secale are modeled pollen-cover estimates; they are not observed crop acreage or proof of cultivation at the target,1,1,0,0,0,0,pollen_archaeology_context
Långetjärn,registered_lake,include_lake_review,57.723622,12.35907,937075:878:2700-3200-bp,878,2700,3200,2950,2700-3200 BP,46.442657,2.230477,44.21218,53.557344,0.14289,17.853812,0.14289,0.0,Cerealia.t and Secale are modeled pollen-cover estimates; they are not observed crop acreage or proof of cultivation at the target,0,0,0,0,0,0,pollen_model_only
Långetjärn,registered_lake,include_lake_review,57.723622,12.35907,937075:878:3200-3700-bp,878,3200,3700,3450,3200-3700 BP,54.450236,2.152551,52.297685,45.549765,0.207865,13.134633,0.207865,0.0,Cerealia.t and Secale are modeled pollen-cover estimates; they are not observed crop acreage or proof of cultivation at the target,0,0,0,0,0,0,pollen_model_only
Långetjärn,registered_lake,include_lake_review,57.723622,12.35907,937075:878:3700-4200-bp,878,3700,4200,3950,3700-4200 BP,28.552524,1.351143,27.201381,71.447477,0.044176,9.391864,0.044176,0.0,Cerealia.t and Secale are modeled pollen-cover estimates; they are not observed crop acreage or proof of cultivation at the target,0,0,0,0,0,0,pollen_model_only
Långetjärn,registered_lake,include_lake_review,57.723622,12.35907,937075:878:4200-4700-bp,878,4200,4700,4450,4200-4700 BP,39.043293,1.818848,37.224445,60.956707,0.032113,12.966221,0.032113,0.0,Cerealia.t and Secale are modeled pollen-cover estimates; they are not observed crop acreage or proof of cultivation at the target,0,0,0,0,0,0,pollen_model_only
Långetjärn,registered_lake,include_lake_review,57.723622,12.35907,937075:878:4700-5200-bp,878,4700,5200,4950,4700-5200 BP,33.860472,2.086515,31.773957,66.139528,0.0,13.348722,0.0,0.0,Cerealia.t and Secale are modeled pollen-cover estimates; they are not observed crop acreage or proof of cultivation at the target,0,0,0,0,0,0,pollen_model_only
Långetjärn,registered_lake,include_lake_review,57.723622,12.35907,937075:878:5200-5700-bp,878,5200,5700,5450,5200-5700 BP,57.525956,3.060924,54.465032,42.474044,0.013198,21.211449,0.013198,0.0,Cerealia.t and Secale are modeled pollen-cover estimates; they are not observed crop acreage or proof of cultivation at the target,0,0,0,0,0,0,pollen_model_only
Långetjärn,registered_lake,include_lake_review,57.723622,12.35907,937075:878:5700-6200-bp,878,5700,6200,5950,5700-6200 BP,21.577538,1.69476,19.882778,78.422463,0.018867,19.117417,0.018867,0.0,Cerealia.t and Secale are modeled pollen-cover estimates; they are not observed crop acreage or proof of cultivation at the target,0,0,0,0,0,0,pollen_model_only
Långetjärn,registered_lake,include_lake_review,57.723622,12.35907,937075:878:6200-6700-bp,878,6200,6700,6450,6200-6700 BP,47.648889,3.794004,43.854885,52.351111,0.0,28.846328,0.0,0.0,Cerealia.t and Secale are modeled pollen-cover estimates; they are not observed crop acreage or proof of cultivation at the target,0,0,0,0,0,0,pollen_model_only
Långetjärn,registered_lake,include_lake_review,57.723622,12.35907,937075:878:6700-7200-bp,878,6700,7200,6950,6700-7200 BP,87.662304,3.987232,83.675072,12.337696,0.0,11.81143,0.0,0.0,Cerealia.t and Secale are modeled pollen-cover estimates; they are not observed crop acreage or proof of cultivation at the target,0,0,0,0,0,0,pollen_model_only
Långetjärn,registered_lake,include_lake_review,57.723622,12.35907,937075:878:7200-7700-bp,878,7200,7700,7450,7200-7700 BP,91.966367,6.121083,85.845284,8.033633,0.0,7.163549,0.0,0.0,Cerealia.t and Secale are modeled pollen-cover estimates; they are not observed crop acreage or proof of cultivation at the target,0,0,0,0,0,0,pollen_model_only
Långetjärn,registered_lake,include_lake_review,57.723622,12.35907,937075:878:7700-8200-bp,878,7700,8200,7950,7700-8200 BP,88.695296,7.242343,81.452953,11.304705,0.03883,10.347068,0.03883,0.0,Cerealia.t and Secale are modeled pollen-cover estimates; they are not observed crop acreage or proof of cultivation at the target,0,0,0,0,0,0,pollen_model_only
Långetjärn,registered_lake,include_lake_review,57.723622,12.35907,937075:878:8200-8700-bp,878,8200,8700,8450,8200-8700 BP,81.942651,9.70628,72.236371,18.057349,0.0,16.949337,0.0,0.0,Cerealia.t and Secale are modeled pollen-cover estimates; they are not observed crop acreage or proof of cultivation at the target,0,0,0,0,0,0,pollen_model_only
Långetjärn,registered_lake,include_lake_review,57.723622,12.35907,937075:878:8700-9200-bp,878,8700,9200,8950,8700-9200 BP,87.792263,10.908821,76.883442,12.207738,0.0,11.274096,0.0,0.0,Cerealia.t and Secale are modeled pollen-cover estimates; they are not observed crop acreage or proof of cultivation at the target,0,0,0,0,0,0,pollen_model_only
Långetjärn,registered_lake,include_lake_review,57.723622,12.35907,937075:878:9200-9700-bp,878,9200,9700,9450,9200-9700 BP,76.276715,14.988974,61.287741,23.723285,0.0,22.641714,0.0,0.0,Cerealia.t and Secale are modeled pollen-cover estimates; they are not observed crop acreage or proof of cultivation at the target,0,0,0,0,0,0,pollen_model_only
Långetjärn,registered_lake,include_lake_review,57.723622,12.35907,937075:878:9700-10200-bp,878,9700,10200,9950,9700-10200 BP,76.072627,20.181444,55.891183,23.927373,0.0,22.503101,0.0,0.0,Cerealia.t and Secale are modeled pollen-cover estimates; they are not observed crop acreage or proof of cultivation at the target,0,0,0,0,0,0,pollen_model_only
Långetjärn,registered_lake,include_lake_review,57.723622,12.35907,937075:878:10200-10700-bp,878,10200,10700,10450,10200-10700 BP,72.803273,21.665448,51.137825,27.196726,0.0,25.921867,0.0,0.0,Cerealia.t and Secale are modeled pollen-cover estimates; they are not observed crop acreage or proof of cultivation at the target,0,0,0,0,0,0,pollen_model_only
Långetjärn,registered_lake,include_lake_review,57.723622,12.35907,937075:878:10700-11200-bp,878,10700,11200,10950,10700-11200 BP,62.233871,14.837141,47.39673,37.766129,0.0,37.053252,0.0,0.0,Cerealia.t and Secale are modeled pollen-cover estimates; they are not observed crop acreage or proof of cultivation at the target,0,0,0,0,0,0,pollen_model_only
Långetjärn,registered_lake,include_lake_review,57.723622,12.35907,937075:878:11200-11700-bp,878,11200,11700,11450,11200-11700 BP,50.870067,15.245434,35.624633,49.129934,0.0,47.536473,0.0,0.0,Cerealia.t and Secale are modeled pollen-cover estimates; they are not observed crop acreage or proof of cultivation at the target,0,0,0,0,0,0,pollen_model_only
Norr-Lången,registered_lake,include_lake_review,61.810118,16.426007,937075:1082:0-100-bp,1082,0,100,50,0-100 BP,67.318033,53.489304,13.828729,32.681968,0.709947,31.096832,0.125953,0.583994,Cerealia.t and Secale are modeled pollen-cover estimates; they are not observed crop acreage or proof of cultivation at the target,0,0,0,0,0,0,pollen_model_only
Norr-Lången,registered_lake,include_lake_review,61.810118,16.426007,937075:1082:100-350-bp,1082,100,350,225,100-350 BP,70.365208,54.994988,15.37022,29.634792,1.8077,26.166612,1.173119,0.634582,Cerealia.t and Secale are modeled pollen-cover estimates; they are not observed crop acreage or proof of cultivation at the target,0,0,0,0,0,0,pollen_model_only
Norr-Lången,registered_lake,include_lake_review,61.810118,16.426007,937075:1082:350-700-bp,1082,350,700,525,350-700 BP,80.582165,60.068457,20.513708,19.417835,1.781284,15.240863,0.0,1.781284,Cerealia.t and Secale are modeled pollen-cover estimates; they are not observed crop acreage or proof of cultivation at the target,0,0,0,0,0,0,pollen_model_only
Norr-Lången,registered_lake,include_lake_review,61.810118,16.426007,937075:1082:700-1200-bp,1082,700,1200,950,700-1200 BP,88.106499,66.53525,21.571249,11.893501,0.477774,9.22793,0.0,0.477774,Cerealia.t and Secale are modeled pollen-cover estimates; they are not observed crop acreage or proof of cultivation at the target,0,0,0,0,0,0,pollen_model_only
Norr-Lången,registered_lake,include_lake_review,61.810118,16.426007,937075:1082:1200-1700-bp,1082,1200,1700,1450,1200-1700 BP,95.296348,70.089917,25.206431,4.703652,0.0,3.618931,0.0,0.0,Cerealia.t and Secale are modeled pollen-cover estimates; they are not observed crop acreage or proof of cultivation at the target,0,0,0,0,0,0,pollen_model_only
Norr-Lången,registered_lake,include_lake_review,61.810118,16.426007,937075:1082:1700-2200-bp,1082,1700,2200,1950,1700-2200 BP,96.41263,70.0461,26.36653,3.58737,0.0,3.201457,0.0,0.0,Cerealia.t and Secale are modeled pollen-cover estimates; they are not observed crop acreage or proof of cultivation at the target,0,0,0,0,0,0,pollen_model_only
Norr-Lången,registered_lake,include_lake_review,61.810118,16.426007,937075:1082:2200-2700-bp,1082,2200,2700,2450,2200-2700 BP,96.930406,60.208176,36.72223,3.069594,0.0,2.313842,0.0,0.0,Cerealia.t and Secale are modeled pollen-cover estimates; they are not observed crop acreage or proof of cultivation at the target,0,0,0,0,0,0,pollen_model_only
Norr-Lången,registered_lake,include_lake_review,61.810118,16.426007,937075:1082:2700-3200-bp,1082,2700,3200,2950,2700-3200 BP,96.349377,43.796142,52.553235,3.650623,0.0,2.950897,0.0,0.0,Cerealia.t and Secale are modeled pollen-cover estimates; they are not observed crop acreage or proof of cultivation at the target,0,0,0,0,0,0,pollen_model_only
Norr-Lången,registered_lake,include_lake_review,61.810118,16.426007,937075:1082:3200-3700-bp,1082,3200,3700,3450,3200-3700 BP,95.219983,41.020614,54.199369,4.780017,0.0,4.466942,0.0,0.0,Cerealia.t and Secale are modeled pollen-cover estimates; they are not observed crop acreage or proof of cultivation at the target,0,0,0,0,0,0,pollen_model_only
Norr-Lången,registered_lake,include_lake_review,61.810118,16.426007,937075:1082:3700-4200-bp,1082,3700,4200,3950,3700-4200 BP,96.14596,32.596915,63.549045,3.85404,0.0,3.494509,0.0,0.0,Cerealia.t and Secale are modeled pollen-cover estimates; they are not observed crop acreage or proof of cultivation at the target,0,0,0,0,0,0,pollen_model_only
Norr-Lången,registered_lake,include_lake_review,61.810118,16.426007,937075:1082:4200-4700-bp,1082,4200,4700,4450,4200-4700 BP,94.717599,31.146124,63.571475,5.282401,0.0,4.862531,0.0,0.0,Cerealia.t and Secale are modeled pollen-cover estimates; they are not observed crop acreage or proof of cultivation at the target,0,0,0,0,0,0,pollen_model_only
Norr-Lången,registered_lake,include_lake_review,61.810118,16.426007,937075:1082:4700-5200-bp,1082,4700,5200,4950,4700-5200 BP,95.7203,30.833067,64.887233,4.2797,0.0,3.65229,0.0,0.0,Cerealia.t and Secale are modeled pollen-cover estimates; they are not observed crop acreage or proof of cultivation at the target,0,0,0,0,0,0,pollen_model_only
Norr-Lången,registered_lake,include_lake_review,61.810118,16.426007,937075:1082:5200-5700-bp,1082,5200,5700,5450,5200-5700 BP,95.821894,28.019728,67.802166,4.178106,0.0,3.005238,0.0,0.0,Cerealia.t and Secale are modeled pollen-cover estimates; they are not observed crop acreage or proof of cultivation at the target,0,0,0,0,0,0,pollen_model_only
Norr-Lången,registered_lake,include_lake_review,61.810118,16.426007,937075:1082:5700-6200-bp,1082,5700,6200,5950,5700-6200 BP,95.168858,21.610965,73.557893,4.831142,0.0,3.976222,0.0,0.0,Cerealia.t and Secale are modeled pollen-cover estimates; they are not observed crop acreage or proof of cultivation at the target,0,0,0,0,0,0,pollen_model_only
Norr-Lången,registered_lake,include_lake_review,61.810118,16.426007,937075:1082:6200-6700-bp,1082,6200,6700,6450,6200-6700 BP,97.064759,20.118999,76.94576,2.93524,0.0,2.762997,0.0,0.0,Cerealia.t and Secale are modeled pollen-cover estimates; they are not observed crop acreage or proof of cultivation at the target,0,0,0,0,0,0,pollen_model_only
Norr-Lången,registered_lake,include_lake_review,61.810118,16.426007,937075:1082:6700-7200-bp,1082,6700,7200,6950,6700-7200 BP,97.259532,23.599095,73.660437,2.740468,0.0,2.365528,0.0,0.0,Cerealia.t and Secale are modeled pollen-cover estimates; they are not observed crop acreage or proof of cultivation at the target,0,0,0,0,0,0,pollen_model_only
Norr-Lången,registered_lake,include_lake_review,61.810118,16.426007,937075:1082:7200-7700-bp,1082,7200,7700,7450,7200-7700 BP,93.203387,19.615268,73.588119,6.796612,0.0,6.272,0.0,0.0,Cerealia.t and Secale are modeled pollen-cover estimates; they are not observed crop acreage or proof of cultivation at the target,0,0,0,0,0,0,pollen_model_only
Norr-Lången,registered_lake,include_lake_review,61.810118,16.426007,937075:1082:7700-8200-bp,1082,7700,8200,7950,7700-8200 BP,94.557681,44.703863,49.853818,5.442319,0.0,4.026578,0.0,0.0,Cerealia.t and Secale are modeled pollen-cover estimates; they are not observed crop acreage or proof of cultivation at the target,0,0,0,0,0,0,pollen_model_only
Norr-Lången,registered_lake,include_lake_review,61.810118,16.426007,937075:1082:8200-8700-bp,1082,8200,8700,8450,8200-8700 BP,93.967624,34.669468,59.298156,6.032376,0.0,5.287056,0.0,0.0,Cerealia.t and Secale are modeled pollen-cover estimates; they are not observed crop acreage or proof of cultivation at the target,0,0,0,0,0,0,pollen_model_only
Norr-Lången,registered_lake,include_lake_review,61.810118,16.426007,937075:1082:8700-9200-bp,1082,8700,9200,8950,8700-9200 BP,90.31126,41.127912,49.183348,9.68874,0.0,8.266425,0.0,0.0,Cerealia.t and Secale are modeled pollen-cover estimates; they are not observed crop acreage or proof of cultivation at the target,0,0,0,0,0,0,pollen_model_only
Norr-Lången,registered_lake,include_lake_review,61.810118,16.426007,937075:1082:9200-9700-bp,1082,9200,9700,9450,9200-9700 BP,72.49225,36.045983,36.446267,27.507751,0.0,25.395281,0.0,0.0,Cerealia.t and Secale are modeled pollen-cover estimates; they are not observed crop acreage or proof of cultivation at the target,0,0,0,0,0,0,pollen_model_only
Norr-Lången,registered_lake,include_lake_review,61.810118,16.426007,937075:1082:9700-10200-bp,1082,9700,10200,9950,9700-10200 BP,0.0,0.0,0.0,0.0,0.0,0.0,0.0,0.0,Cerealia.t and Secale are modeled pollen-cover estimates; they are not observed crop acreage or proof of cultivation at the target,0,0,0,0,0,0,pollen_model_only
Norr-Lången,registered_lake,include_lake_review,61.810118,16.426007,937075:1082:10200-10700-bp,1082,10200,10700,10450,10200-10700 BP,0.0,0.0,0.0,0.0,0.0,0.0,0.0,0.0,Cerealia.t and Secale are modeled pollen-cover estimates; they are not observed crop acreage or proof of cultivation at the target,0,0,0,0,0,0,pollen_model_only
Norr-Lången,registered_lake,include_lake_review,61.810118,16.426007,937075:1082:10700-11200-bp,1082,10700,11200,10950,10700-11200 BP,0.0,0.0,0.0,0.0,0.0,0.0,0.0,0.0,Cerealia.t and Secale are modeled pollen-cover estimates; they are not observed crop acreage or proof of cultivation at the target,0,0,0,0,0,0,pollen_model_only
Norr-Lången,registered_lake,include_lake_review,61.810118,16.426007,937075:1082:11200-11700-bp,1082,11200,11700,11450,11200-11700 BP,0.0,0.0,0.0,0.0,0.0,0.0,0.0,0.0,Cerealia.t and Secale are modeled pollen-cover estimates; they are not observed crop acreage or proof of cultivation at the target,0,0,0,0,0,0,pollen_model_only
Rummehölj,registered_lake,include_lake_review,57.017085,16.089132,937075:882:0-100-bp,882,0,100,50,0-100 BP,73.142947,52.462473,20.680474,26.857053,1.52867,9.256395,1.011651,0.517019,Cerealia.t and Secale are modeled pollen-cover estimates; they are not observed crop acreage or proof of cultivation at the target,0,0,0,0,0,0,pollen_model_only
Rummehölj,registered_lake,include_lake_review,57.017085,16.089132,937075:882:100-350-bp,882,100,350,225,100-350 BP,45.171137,31.97708,13.194057,54.828863,1.609507,6.349535,1.441499,0.168008,Cerealia.t and Secale are modeled pollen-cover estimates; they are not observed crop acreage or proof of cultivation at the target,0,0,0,0,0,0,pollen_model_only
Rummehölj,registered_lake,include_lake_review,57.017085,16.089132,937075:882:350-700-bp,882,350,700,525,350-700 BP,62.675949,41.62938,21.046569,37.324051,0.811974,6.066934,0.583141,0.228834,Cerealia.t and Secale are modeled pollen-cover estimates; they are not observed crop acreage or proof of cultivation at the target,0,0,0,0,0,0,pollen_model_only
Rummehölj,registered_lake,include_lake_review,57.017085,16.089132,937075:882:700-1200-bp,882,700,1200,950,700-1200 BP,72.524498,44.223451,28.301047,27.475502,0.396519,7.03092,0.377494,0.019025,Cerealia.t and Secale are modeled pollen-cover estimates; they are not observed crop acreage or proof of cultivation at the target,0,0,0,0,0,0,pollen_model_only
Rummehölj,registered_lake,include_lake_review,57.017085,16.089132,937075:882:1200-1700-bp,882,1200,1700,1450,1200-1700 BP,65.895525,33.612292,32.283233,34.104475,0.21859,7.871986,0.21859,0.0,Cerealia.t and Secale are modeled pollen-cover estimates; they are not observed crop acreage or proof of cultivation at the target,0,0,0,0,0,0,pollen_model_only
Rummehölj,registered_lake,include_lake_review,57.017085,16.089132,937075:882:1700-2200-bp,882,1700,2200,1950,1700-2200 BP,65.879992,33.95453,31.925462,34.120008,0.0,6.325768,0.0,0.0,Cerealia.t and Secale are modeled pollen-cover estimates; they are not observed crop acreage or proof of cultivation at the target,0,0,0,0,0,0,pollen_model_only
Rummehölj,registered_lake,include_lake_review,57.017085,16.089132,937075:882:2200-2700-bp,882,2200,2700,2450,2200-2700 BP,66.937881,37.559803,29.378078,33.06212,0.246908,6.257468,0.246908,0.0,Cerealia.t and Secale are modeled pollen-cover estimates; they are not observed crop acreage or proof of cultivation at the target,0,0,0,0,0,0,pollen_model_only
Rummehölj,registered_lake,include_lake_review,57.017085,16.089132,937075:882:2700-3200-bp,882,2700,3200,2950,2700-3200 BP,73.43192,34.782449,38.649471,26.56808,0.393037,16.863017,0.393037,0.0,Cerealia.t and Secale are modeled pollen-cover estimates; they are not observed crop acreage or proof of cultivation at the target,0,0,0,0,0,0,pollen_model_only
Rummehölj,registered_lake,include_lake_review,57.017085,16.089132,937075:882:3200-3700-bp,882,3200,3700,3450,3200-3700 BP,87.81522,47.163292,40.651928,12.18478,0.473655,7.605904,0.473655,0.0,Cerealia.t and Secale are modeled pollen-cover estimates; they are not observed crop acreage or proof of cultivation at the target,0,0,0,0,0,0,pollen_model_only
Rummehölj,registered_lake,include_lake_review,57.017085,16.089132,937075:882:3700-4200-bp,882,3700,4200,3950,3700-4200 BP,81.125589,38.010508,43.115081,18.874412,0.83009,8.611664,0.83009,0.0,Cerealia.t and Secale are modeled pollen-cover estimates; they are not observed crop acreage or proof of cultivation at the target,0,0,0,0,0,0,pollen_model_only
Rummehölj,registered_lake,include_lake_review,57.017085,16.089132,937075:882:4200-4700-bp,882,4200,4700,4450,4200-4700 BP,78.957186,34.152637,44.804549,21.042813,0.0,7.609502,0.0,0.0,Cerealia.t and Secale are modeled pollen-cover estimates; they are not observed crop acreage or proof of cultivation at the target,0,0,0,0,0,0,pollen_model_only
Rummehölj,registered_lake,include_lake_review,57.017085,16.089132,937075:882:4700-5200-bp,882,4700,5200,4950,4700-5200 BP,85.269641,23.707763,61.561878,14.730359,0.0,14.730359,0.0,0.0,Cerealia.t and Secale are modeled pollen-cover estimates; they are not observed crop acreage or proof of cultivation at the target,0,0,0,0,0,0,pollen_model_only
Rummehölj,registered_lake,include_lake_review,57.017085,16.089132,937075:882:5200-5700-bp,882,5200,5700,5450,5200-5700 BP,72.855712,41.884369,30.971343,27.144288,0.0,4.230642,0.0,0.0,Cerealia.t and Secale are modeled pollen-cover estimates; they are not observed crop acreage or proof of cultivation at the target,0,0,0,0,0,0,pollen_model_only
Rummehölj,registered_lake,include_lake_review,57.017085,16.089132,937075:882:5700-6200-bp,882,5700,6200,5950,5700-6200 BP,64.990684,34.497772,30.492912,35.009316,0.0,8.276,0.0,0.0,Cerealia.t and Secale are modeled pollen-cover estimates; they are not observed crop acreage or proof of cultivation at the target,0,0,0,0,0,0,pollen_model_only
Rummehölj,registered_lake,include_lake_review,57.017085,16.089132,937075:882:6200-6700-bp,882,6200,6700,6450,6200-6700 BP,77.735945,25.778763,51.957182,22.264056,0.0,21.356219,0.0,0.0,Cerealia.t and Secale are modeled pollen-cover estimates; they are not observed crop acreage or proof of cultivation at the target,0,0,0,0,0,0,pollen_model_only
Rummehölj,registered_lake,include_lake_review,57.017085,16.089132,937075:882:6700-7200-bp,882,6700,7200,6950,6700-7200 BP,81.240068,21.954651,59.285417,18.759932,0.0,16.815917,0.0,0.0,Cerealia.t and Secale are modeled pollen-cover estimates; they are not observed crop acreage or proof of cultivation at the target,0,0,0,0,0,0,pollen_model_only
Rummehölj,registered_lake,include_lake_review,57.017085,16.089132,937075:882:7200-7700-bp,882,7200,7700,7450,7200-7700 BP,77.561054,24.775155,52.785899,22.438947,0.0,20.661065,0.0,0.0,Cerealia.t and Secale are modeled pollen-cover estimates; they are not observed crop acreage or proof of cultivation at the target,0,0,0,0,0,0,pollen_model_only
Rummehölj,registered_lake,include_lake_review,57.017085,16.089132,937075:882:7700-8200-bp,882,7700,8200,7950,7700-8200 BP,81.899904,28.956008,52.943896,18.100096,0.0,16.031994,0.0,0.0,Cerealia.t and Secale are modeled pollen-cover estimates; they are not observed crop acreage or proof of cultivation at the target,0,0,0,0,0,0,pollen_model_only
Rummehölj,registered_lake,include_lake_review,57.017085,16.089132,937075:882:8200-8700-bp,882,8200,8700,8450,8200-8700 BP,76.807731,30.2289,46.578831,23.192269,0.0,21.503299,0.0,0.0,Cerealia.t and Secale are modeled pollen-cover estimates; they are not observed crop acreage or proof of cultivation at the target,0,0,0,0,0,0,pollen_model_only
Rummehölj,registered_lake,include_lake_review,57.017085,16.089132,937075:882:8700-9200-bp,882,8700,9200,8950,8700-9200 BP,85.67871,47.69517,37.98354,14.32129,0.0,14.32129,0.0,0.0,Cerealia.t and Secale are modeled pollen-cover estimates; they are not observed crop acreage or proof of cultivation at the target,0,0,0,0,0,0,pollen_model_only
Rummehölj,registered_lake,include_lake_review,57.017085,16.089132,937075:882:9200-9700-bp,882,9200,9700,9450,9200-9700 BP,71.668031,32.881253,38.786778,28.331968,0.0,27.022591,0.0,0.0,Cerealia.t and Secale are modeled pollen-cover estimates; they are not observed crop acreage or proof of cultivation at the target,0,0,0,0,0,0,pollen_model_only
Rummehölj,registered_lake,include_lake_review,57.017085,16.089132,937075:882:9700-10200-bp,882,9700,10200,9950,9700-10200 BP,0.0,0.0,0.0,0.0,0.0,0.0,0.0,0.0,Cerealia.t and Secale are modeled pollen-cover estimates; they are not observed crop acreage or proof of cultivation at the target,0,0,0,0,0,0,pollen_model_only
Rummehölj,registered_lake,include_lake_review,57.017085,16.089132,937075:882:10200-10700-bp,882,10200,10700,10450,10200-10700 BP,0.0,0.0,0.0,0.0,0.0,0.0,0.0,0.0,Cerealia.t and Secale are modeled pollen-cover estimates; they are not observed crop acreage or proof of cultivation at the target,0,0,0,0,0,0,pollen_model_only
Rummehölj,registered_lake,include_lake_review,57.017085,16.089132,937075:882:10700-11200-bp,882,10700,11200,10950,10700-11200 BP,0.0,0.0,0.0,0.0,0.0,0.0,0.0,0.0,Cerealia.t and Secale are modeled pollen-cover estimates; they are not observed crop acreage or proof of cultivation at the target,0,0,0,0,0,0,pollen_model_only
Rummehölj,registered_lake,include_lake_review,57.017085,16.089132,937075:882:11200-11700-bp,882,11200,11700,11450,11200-11700 BP,0.0,0.0,0.0,0.0,0.0,0.0,0.0,0.0,Cerealia.t and Secale are modeled pollen-cover estimates; they are not observed crop acreage or proof of cultivation at the target,0,0,0,0,0,0,pollen_model_only
Stömnesjön,registered_lake,include_lake_review,61.80718,16.512573,937075:1082:0-100-bp,1082,0,100,50,0-100 BP,67.318033,53.489304,13.828729,32.681968,0.709947,31.096832,0.125953,0.583994,Cerealia.t and Secale are modeled pollen-cover estimates; they are not observed crop acreage or proof of cultivation at the target,0,0,0,0,0,0,pollen_model_only
Stömnesjön,registered_lake,include_lake_review,61.80718,16.512573,937075:1082:100-350-bp,1082,100,350,225,100-350 BP,70.365208,54.994988,15.37022,29.634792,1.8077,26.166612,1.173119,0.634582,Cerealia.t and Secale are modeled pollen-cover estimates; they are not observed crop acreage or proof of cultivation at the target,0,0,0,0,0,0,pollen_model_only
Stömnesjön,registered_lake,include_lake_review,61.80718,16.512573,937075:1082:350-700-bp,1082,350,700,525,350-700 BP,80.582165,60.068457,20.513708,19.417835,1.781284,15.240863,0.0,1.781284,Cerealia.t and Secale are modeled pollen-cover estimates; they are not observed crop acreage or proof of cultivation at the target,0,0,0,0,0,0,pollen_model_only
Stömnesjön,registered_lake,include_lake_review,61.80718,16.512573,937075:1082:700-1200-bp,1082,700,1200,950,700-1200 BP,88.106499,66.53525,21.571249,11.893501,0.477774,9.22793,0.0,0.477774,Cerealia.t and Secale are modeled pollen-cover estimates; they are not observed crop acreage or proof of cultivation at the target,0,0,0,0,0,0,pollen_model_only
Stömnesjön,registered_lake,include_lake_review,61.80718,16.512573,937075:1082:1200-1700-bp,1082,1200,1700,1450,1200-1700 BP,95.296348,70.089917,25.206431,4.703652,0.0,3.618931,0.0,0.0,Cerealia.t and Secale are modeled pollen-cover estimates; they are not observed crop acreage or proof of cultivation at the target,0,0,0,0,0,0,pollen_model_only
Stömnesjön,registered_lake,include_lake_review,61.80718,16.512573,937075:1082:1700-2200-bp,1082,1700,2200,1950,1700-2200 BP,96.41263,70.0461,26.36653,3.58737,0.0,3.201457,0.0,0.0,Cerealia.t and Secale are modeled pollen-cover estimates; they are not observed crop acreage or proof of cultivation at the target,0,0,0,0,0,0,pollen_model_only
Stömnesjön,registered_lake,include_lake_review,61.80718,16.512573,937075:1082:2200-2700-bp,1082,2200,2700,2450,2200-2700 BP,96.930406,60.208176,36.72223,3.069594,0.0,2.313842,0.0,0.0,Cerealia.t and Secale are modeled pollen-cover estimates; they are not observed crop acreage or proof of cultivation at the target,0,0,0,0,0,0,pollen_model_only
Stömnesjön,registered_lake,include_lake_review,61.80718,16.512573,937075:1082:2700-3200-bp,1082,2700,3200,2950,2700-3200 BP,96.349377,43.796142,52.553235,3.650623,0.0,2.950897,0.0,0.0,Cerealia.t and Secale are modeled pollen-cover estimates; they are not observed crop acreage or proof of cultivation at the target,0,0,0,0,0,0,pollen_model_only
Stömnesjön,registered_lake,include_lake_review,61.80718,16.512573,937075:1082:3200-3700-bp,1082,3200,3700,3450,3200-3700 BP,95.219983,41.020614,54.199369,4.780017,0.0,4.466942,0.0,0.0,Cerealia.t and Secale are modeled pollen-cover estimates; they are not observed crop acreage or proof of cultivation at the target,0,0,0,0,0,0,pollen_model_only
Stömnesjön,registered_lake,include_lake_review,61.80718,16.512573,937075:1082:3700-4200-bp,1082,3700,4200,3950,3700-4200 BP,96.14596,32.596915,63.549045,3.85404,0.0,3.494509,0.0,0.0,Cerealia.t and Secale are modeled pollen-cover estimates; they are not observed crop acreage or proof of cultivation at the target,0,0,0,0,0,0,pollen_model_only
Stömnesjön,registered_lake,include_lake_review,61.80718,16.512573,937075:1082:4200-4700-bp,1082,4200,4700,4450,4200-4700 BP,94.717599,31.146124,63.571475,5.282401,0.0,4.862531,0.0,0.0,Cerealia.t and Secale are modeled pollen-cover estimates; they are not observed crop acreage or proof of cultivation at the target,0,0,0,0,0,0,pollen_model_only
Stömnesjön,registered_lake,include_lake_review,61.80718,16.512573,937075:1082:4700-5200-bp,1082,4700,5200,4950,4700-5200 BP,95.7203,30.833067,64.887233,4.2797,0.0,3.65229,0.0,0.0,Cerealia.t and Secale are modeled pollen-cover estimates; they are not observed crop acreage or proof of cultivation at the target,0,0,0,0,0,0,pollen_model_only
Stömnesjön,registered_lake,include_lake_review,61.80718,16.512573,937075:1082:5200-5700-bp,1082,5200,5700,5450,5200-5700 BP,95.821894,28.019728,67.802166,4.178106,0.0,3.005238,0.0,0.0,Cerealia.t and Secale are modeled pollen-cover estimates; they are not observed crop acreage or proof of cultivation at the target,0,0,0,0,0,0,pollen_model_only
Stömnesjön,registered_lake,include_lake_review,61.80718,16.512573,937075:1082:5700-6200-bp,1082,5700,6200,5950,5700-6200 BP,95.168858,21.610965,73.557893,4.831142,0.0,3.976222,0.0,0.0,Cerealia.t and Secale are modeled pollen-cover estimates; they are not observed crop acreage or proof of cultivation at the target,0,0,0,0,0,0,pollen_model_only
Stömnesjön,registered_lake,include_lake_review,61.80718,16.512573,937075:1082:6200-6700-bp,1082,6200,6700,6450,6200-6700 BP,97.064759,20.118999,76.94576,2.93524,0.0,2.762997,0.0,0.0,Cerealia.t and Secale are modeled pollen-cover estimates; they are not observed crop acreage or proof of cultivation at the target,0,0,0,0,0,0,pollen_model_only
Stömnesjön,registered_lake,include_lake_review,61.80718,16.512573,937075:1082:6700-7200-bp,1082,6700,7200,6950,6700-7200 BP,97.259532,23.599095,73.660437,2.740468,0.0,2.365528,0.0,0.0,Cerealia.t and Secale are modeled pollen-cover estimates; they are not observed crop acreage or proof of cultivation at the target,0,0,0,0,0,0,pollen_model_only
Stömnesjön,registered_lake,include_lake_review,61.80718,16.512573,937075:1082:7200-7700-bp,1082,7200,7700,7450,7200-7700 BP,93.203387,19.615268,73.588119,6.796612,0.0,6.272,0.0,0.0,Cerealia.t and Secale are modeled pollen-cover estimates; they are not observed crop acreage or proof of cultivation at the target,0,0,0,0,0,0,pollen_model_only
Stömnesjön,registered_lake,include_lake_review,61.80718,16.512573,937075:1082:7700-8200-bp,1082,7700,8200,7950,7700-8200 BP,94.557681,44.703863,49.853818,5.442319,0.0,4.026578,0.0,0.0,Cerealia.t and Secale are modeled pollen-cover estimates; they are not observed crop acreage or proof of cultivation at the target,0,0,0,0,0,0,pollen_model_only
Stömnesjön,registered_lake,include_lake_review,61.80718,16.512573,937075:1082:8200-8700-bp,1082,8200,8700,8450,8200-8700 BP,93.967624,34.669468,59.298156,6.032376,0.0,5.287056,0.0,0.0,Cerealia.t and Secale are modeled pollen-cover estimates; they are not observed crop acreage or proof of cultivation at the target,0,0,0,0,0,0,pollen_model_only
Stömnesjön,registered_lake,include_lake_review,61.80718,16.512573,937075:1082:8700-9200-bp,1082,8700,9200,8950,8700-9200 BP,90.31126,41.127912,49.183348,9.68874,0.0,8.266425,0.0,0.0,Cerealia.t and Secale are modeled pollen-cover estimates; they are not observed crop acreage or proof of cultivation at the target,0,0,0,0,0,0,pollen_model_only
Stömnesjön,registered_lake,include_lake_review,61.80718,16.512573,937075:1082:9200-9700-bp,1082,9200,9700,9450,9200-9700 BP,72.49225,36.045983,36.446267,27.507751,0.0,25.395281,0.0,0.0,Cerealia.t and Secale are modeled pollen-cover estimates; they are not observed crop acreage or proof of cultivation at the target,0,0,0,0,0,0,pollen_model_only
Stömnesjön,registered_lake,include_lake_review,61.80718,16.512573,937075:1082:9700-10200-bp,1082,9700,10200,9950,9700-10200 BP,0.0,0.0,0.0,0.0,0.0,0.0,0.0,0.0,Cerealia.t and Secale are modeled pollen-cover estimates; they are not observed crop acreage or proof of cultivation at the target,0,0,0,0,0,0,pollen_model_only
Stömnesjön,registered_lake,include_lake_review,61.80718,16.512573,937075:1082:10200-10700-bp,1082,10200,10700,10450,10200-10700 BP,0.0,0.0,0.0,0.0,0.0,0.0,0.0,0.0,Cerealia.t and Secale are modeled pollen-cover estimates; they are not observed crop acreage or proof of cultivation at the target,0,0,0,0,0,0,pollen_model_only
Stömnesjön,registered_lake,include_lake_review,61.80718,16.512573,937075:1082:10700-11200-bp,1082,10700,11200,10950,10700-11200 BP,0.0,0.0,0.0,0.0,0.0,0.0,0.0,0.0,Cerealia.t and Secale are modeled pollen-cover estimates; they are not observed crop acreage or proof of cultivation at the target,0,0,0,0,0,0,pollen_model_only
Stömnesjön,registered_lake,include_lake_review,61.80718,16.512573,937075:1082:11200-11700-bp,1082,11200,11700,11450,11200-11700 BP,0.0,0.0,0.0,0.0,0.0,0.0,0.0,0.0,Cerealia.t and Secale are modeled pollen-cover estimates; they are not observed crop acreage or proof of cultivation at the target,0,0,0,0,0,0,pollen_model_only
Ungtjärnen,registered_lake,include_lake_review,60.089033,15.850291,937075:1031:0-100-bp,1031,0,100,50,0-100 BP,81.782894,53.27705,28.505844,18.217106,0.0,16.659886,0.0,0.0,Cerealia.t and Secale are modeled pollen-cover estimates; they are not observed crop acreage or proof of cultivation at the target,0,0,0,0,0,0,pollen_model_only
Ungtjärnen,registered_lake,include_lake_review,60.089033,15.850291,937075:1031:100-350-bp,1031,100,350,225,100-350 BP,92.266276,65.167295,27.098981,7.733724,0.0,6.882586,0.0,0.0,Cerealia.t and Secale are modeled pollen-cover estimates; they are not observed crop acreage or proof of cultivation at the target,0,0,0,0,0,0,pollen_model_only
Ungtjärnen,registered_lake,include_lake_review,60.089033,15.850291,937075:1031:350-700-bp,1031,350,700,525,350-700 BP,83.174047,57.095132,26.078915,16.825953,0.0,15.472033,0.0,0.0,Cerealia.t and Secale are modeled pollen-cover estimates; they are not observed crop acreage or proof of cultivation at the target,0,0,0,0,0,0,pollen_model_only
Ungtjärnen,registered_lake,include_lake_review,60.089033,15.850291,937075:1031:700-1200-bp,1031,700,1200,950,700-1200 BP,85.887662,56.502385,29.385277,14.112339,0.0,11.873614,0.0,0.0,Cerealia.t and Secale are modeled pollen-cover estimates; they are not observed crop acreage or proof of cultivation at the target,0,0,0,0,0,0,pollen_model_only
Ungtjärnen,registered_lake,include_lake_review,60.089033,15.850291,937075:1031:1200-1700-bp,1031,1200,1700,1450,1200-1700 BP,88.581508,55.302928,33.27858,11.418492,0.0,10.723671,0.0,0.0,Cerealia.t and Secale are modeled pollen-cover estimates; they are not observed crop acreage or proof of cultivation at the target,0,0,0,0,0,0,pollen_model_only
Ungtjärnen,registered_lake,include_lake_review,60.089033,15.850291,937075:1031:1700-2200-bp,1031,1700,2200,1950,1700-2200 BP,89.744632,50.406567,39.338065,10.255368,0.0,10.255368,0.0,0.0,Cerealia.t and Secale are modeled pollen-cover estimates; they are not observed crop acreage or proof of cultivation at the target,0,0,0,0,0,0,pollen_model_only
Ungtjärnen,registered_lake,include_lake_review,60.089033,15.850291,937075:1031:2200-2700-bp,1031,2200,2700,2450,2200-2700 BP,92.178061,39.735624,52.442437,7.821939,0.0,7.512873,0.0,0.0,Cerealia.t and Secale are modeled pollen-cover estimates; they are not observed crop acreage or proof of cultivation at the target,0,0,0,0,0,0,pollen_model_only
Ungtjärnen,registered_lake,include_lake_review,60.089033,15.850291,937075:1031:2700-3200-bp,1031,2700,3200,2950,2700-3200 BP,89.061346,29.521623,59.539723,10.938654,0.0,8.964521,0.0,0.0,Cerealia.t and Secale are modeled pollen-cover estimates; they are not observed crop acreage or proof of cultivation at the target,0,0,0,0,0,0,pollen_model_only
Ungtjärnen,registered_lake,include_lake_review,60.089033,15.850291,937075:1031:3200-3700-bp,1031,3200,3700,3450,3200-3700 BP,88.947303,29.260714,59.686589,11.052697,0.0,9.915716,0.0,0.0,Cerealia.t and Secale are modeled pollen-cover estimates; they are not observed crop acreage or proof of cultivation at the target,0,0,0,0,0,0,pollen_model_only
Ungtjärnen,registered_lake,include_lake_review,60.089033,15.850291,937075:1031:3700-4200-bp,1031,3700,4200,3950,3700-4200 BP,90.710949,30.736811,59.974138,9.289051,0.0,8.994982,0.0,0.0,Cerealia.t and Secale are modeled pollen-cover estimates; they are not observed crop acreage or proof of cultivation at the target,0,0,0,0,0,0,pollen_model_only
Ungtjärnen,registered_lake,include_lake_review,60.089033,15.850291,937075:1031:4200-4700-bp,1031,4200,4700,4450,4200-4700 BP,87.308029,25.814418,61.493611,12.691971,0.0,12.443778,0.0,0.0,Cerealia.t and Secale are modeled pollen-cover estimates; they are not observed crop acreage or proof of cultivation at the target,0,0,0,0,0,0,pollen_model_only
Ungtjärnen,registered_lake,include_lake_review,60.089033,15.850291,937075:1031:4700-5200-bp,1031,4700,5200,4950,4700-5200 BP,84.091253,23.776244,60.315009,15.908746,0.0,15.590989,0.0,0.0,Cerealia.t and Secale are modeled pollen-cover estimates; they are not observed crop acreage or proof of cultivation at the target,0,0,0,0,0,0,pollen_model_only
Ungtjärnen,registered_lake,include_lake_review,60.089033,15.850291,937075:1031:5200-5700-bp,1031,5200,5700,5450,5200-5700 BP,91.404592,26.268012,65.13658,8.595408,0.0,8.197069,0.0,0.0,Cerealia.t and Secale are modeled pollen-cover estimates; they are not observed crop acreage or proof of cultivation at the target,0,0,0,0,0,0,pollen_model_only
Ungtjärnen,registered_lake,include_lake_review,60.089033,15.850291,937075:1031:5700-6200-bp,1031,5700,6200,5950,5700-6200 BP,91.744152,30.027463,61.716689,8.255848,0.0,7.481335,0.0,0.0,Cerealia.t and Secale are modeled pollen-cover estimates; they are not observed crop acreage or proof of cultivation at the target,0,0,0,0,0,0,pollen_model_only
Ungtjärnen,registered_lake,include_lake_review,60.089033,15.850291,937075:1031:6200-6700-bp,1031,6200,6700,6450,6200-6700 BP,90.111313,29.364567,60.746746,9.888687,0.0,8.279958,0.0,0.0,Cerealia.t and Secale are modeled pollen-cover estimates; they are not observed crop acreage or proof of cultivation at the target,0,0,0,0,0,0,pollen_model_only
Ungtjärnen,registered_lake,include_lake_review,60.089033,15.850291,937075:1031:6700-7200-bp,1031,6700,7200,6950,6700-7200 BP,90.289148,32.991102,57.298046,9.710851,0.0,9.372616,0.0,0.0,Cerealia.t and Secale are modeled pollen-cover estimates; they are not observed crop acreage or proof of cultivation at the target,0,0,0,0,0,0,pollen_model_only
Ungtjärnen,registered_lake,include_lake_review,60.089033,15.850291,937075:1031:7200-7700-bp,1031,7200,7700,7450,7200-7700 BP,92.040352,35.484912,56.55544,7.959648,0.0,7.438856,0.0,0.0,Cerealia.t and Secale are modeled pollen-cover estimates; they are not observed crop acreage or proof of cultivation at the target,0,0,0,0,0,0,pollen_model_only
Ungtjärnen,registered_lake,include_lake_review,60.089033,15.850291,937075:1031:7700-8200-bp,1031,7700,8200,7950,7700-8200 BP,89.832305,41.135944,48.696361,10.167695,0.0,8.069884,0.0,0.0,Cerealia.t and Secale are modeled pollen-cover estimates; they are not observed crop acreage or proof of cultivation at the target,0,0,0,0,0,0,pollen_model_only
Ungtjärnen,registered_lake,include_lake_review,60.089033,15.850291,937075:1031:8200-8700-bp,1031,8200,8700,8450,8200-8700 BP,87.826784,40.782738,47.044046,12.173215,0.0,10.791275,0.0,0.0,Cerealia.t and Secale are modeled pollen-cover estimates; they are not observed crop acreage or proof of cultivation at the target,0,0,0,0,0,0,pollen_model_only
Ungtjärnen,registered_lake,include_lake_review,60.089033,15.850291,937075:1031:8700-9200-bp,1031,8700,9200,8950,8700-9200 BP,83.123093,34.228304,48.894789,16.876907,0.267944,13.822285,0.267944,0.0,Cerealia.t and Secale are modeled pollen-cover estimates; they are not observed crop acreage or proof of cultivation at the target,0,0,0,0,0,0,pollen_model_only
Ungtjärnen,registered_lake,include_lake_review,60.089033,15.850291,937075:1031:9200-9700-bp,1031,9200,9700,9450,9200-9700 BP,79.610778,38.246476,41.364302,20.389223,0.0,17.148141,0.0,0.0,Cerealia.t and Secale are modeled pollen-cover estimates; they are not observed crop acreage or proof of cultivation at the target,0,0,0,0,0,0,pollen_model_only
Ungtjärnen,registered_lake,include_lake_review,60.089033,15.850291,937075:1031:9700-10200-bp,1031,9700,10200,9950,9700-10200 BP,75.950058,40.843979,35.106079,24.049942,0.0,20.569711,0.0,0.0,Cerealia.t and Secale are modeled pollen-cover estimates; they are not observed crop acreage or proof of cultivation at the target,0,0,0,0,0,0,pollen_model_only
Ungtjärnen,registered_lake,include_lake_review,60.089033,15.850291,937075:1031:10200-10700-bp,1031,10200,10700,10450,10200-10700 BP,72.462033,37.322991,35.139042,27.537966,0.0,27.052357,0.0,0.0,Cerealia.t and Secale are modeled pollen-cover estimates; they are not observed crop acreage or proof of cultivation at the target,0,0,0,0,0,0,pollen_model_only
Ungtjärnen,registered_lake,include_lake_review,60.089033,15.850291,937075:1031:10700-11200-bp,1031,10700,11200,10950,10700-11200 BP,66.647884,28.849064,37.79882,33.352116,0.0,33.352116,0.0,0.0,Cerealia.t and Secale are modeled pollen-cover estimates; they are not observed crop acreage or proof of cultivation at the target,0,0,0,0,0,0,pollen_model_only
Ungtjärnen,registered_lake,include_lake_review,60.089033,15.850291,937075:1031:11200-11700-bp,1031,11200,11700,11450,11200-11700 BP,0.0,0.0,0.0,0.0,0.0,0.0,0.0,0.0,Cerealia.t and Secale are modeled pollen-cover estimates; they are not observed crop acreage or proof of cultivation at the target,0,0,0,0,0,0,pollen_model_only
Vesums mossar,archaeological_wetland_context,exclude_lake_ranking_include_context,55.659062,13.213319,937075:779:0-100-bp,779,0,100,50,0-100 BP,56.24459,14.943373,41.301217,43.75541,5.099505,35.561881,4.641181,0.458324,Cerealia.t and Secale are modeled pollen-cover estimates; they are not observed crop acreage or proof of cultivation at the target,7,4,0,0,0,0,pollen_archaeology_context
Vesums mossar,archaeological_wetland_context,exclude_lake_ranking_include_context,55.659062,13.213319,937075:779:100-350-bp,779,100,350,225,100-350 BP,39.374706,5.139854,34.234852,60.625294,6.969103,31.45808,6.582581,0.386522,Cerealia.t and Secale are modeled pollen-cover estimates; they are not observed crop acreage or proof of cultivation at the target,139,12,0,0,0,0,pollen_archaeology_context
Vesums mossar,archaeological_wetland_context,exclude_lake_ranking_include_context,55.659062,13.213319,937075:779:350-700-bp,779,350,700,525,350-700 BP,54.727693,4.338428,50.389265,45.272308,5.595778,26.442997,5.462224,0.133554,Cerealia.t and Secale are modeled pollen-cover estimates; they are not observed crop acreage or proof of cultivation at the target,272,25,0,0,0,0,pollen_archaeology_context
Vesums mossar,archaeological_wetland_context,exclude_lake_ranking_include_context,55.659062,13.213319,937075:779:700-1200-bp,779,700,1200,950,700-1200 BP,49.152686,3.050025,46.102661,50.847313,2.601623,25.255069,2.530118,0.071505,Cerealia.t and Secale are modeled pollen-cover estimates; they are not observed crop acreage or proof of cultivation at the target,113,21,1,2,0,0,pollen_archaeology_human_context
Vesums mossar,archaeological_wetland_context,exclude_lake_ranking_include_context,55.659062,13.213319,937075:779:1200-1700-bp,779,1200,1700,1450,1200-1700 BP,62.605104,2.801933,59.803171,37.394896,1.115943,15.100785,1.114663,0.00128,Cerealia.t and Secale are modeled pollen-cover estimates; they are not observed crop acreage or proof of cultivation at the target,13,8,2,2,0,0,pollen_archaeology_human_context
Vesums mossar,archaeological_wetland_context,exclude_lake_ranking_include_context,55.659062,13.213319,937075:779:1700-2200-bp,779,1700,2200,1950,1700-2200 BP,51.397331,4.841559,46.555772,48.602669,1.209959,12.821108,1.170706,0.039253,Cerealia.t and Secale are modeled pollen-cover estimates; they are not observed crop acreage or proof of cultivation at the target,11,8,1,1,0,0,pollen_archaeology_human_context
Vesums mossar,archaeological_wetland_context,exclude_lake_ranking_include_context,55.659062,13.213319,937075:779:2200-2700-bp,779,2200,2700,2450,2200-2700 BP,53.519357,3.65087,49.868487,46.480643,0.639475,12.685663,0.639072,0.000403,Cerealia.t and Secale are modeled pollen-cover estimates; they are not observed crop acreage or proof of cultivation at the target,17,12,1,1,0,0,pollen_archaeology_human_context
Vesums mossar,archaeological_wetland_context,exclude_lake_ranking_include_context,55.659062,13.213319,937075:779:2700-3200-bp,779,2700,3200,2950,2700-3200 BP,59.02063,2.734473,56.286157,40.97937,0.081197,5.506499,0.080601,0.000595,Cerealia.t and Secale are modeled pollen-cover estimates; they are not observed crop acreage or proof of cultivation at the target,14,10,0,0,0,0,pollen_archaeology_context
Vesums mossar,archaeological_wetland_context,exclude_lake_ranking_include_context,55.659062,13.213319,937075:779:3200-3700-bp,779,3200,3700,3450,3200-3700 BP,63.148795,3.076667,60.072128,36.851205,0.011621,3.884792,0.011437,0.000184,Cerealia.t and Secale are modeled pollen-cover estimates; they are not observed crop acreage or proof of cultivation at the target,11,7,0,0,0,0,pollen_archaeology_context
Vesums mossar,archaeological_wetland_context,exclude_lake_ranking_include_context,55.659062,13.213319,937075:779:3700-4200-bp,779,3700,4200,3950,3700-4200 BP,66.755361,2.899465,63.855896,33.244639,0.309214,2.510853,0.309214,0.0,Cerealia.t and Secale are modeled pollen-cover estimates; they are not observed crop acreage or proof of cultivation at the target,8,4,1,1,0,0,pollen_archaeology_human_context
Vesums mossar,archaeological_wetland_context,exclude_lake_ranking_include_context,55.659062,13.213319,937075:779:4200-4700-bp,779,4200,4700,4450,4200-4700 BP,71.262099,14.763825,56.498274,28.737901,0.010865,1.367408,0.010865,0.0,Cerealia.t and Secale are modeled pollen-cover estimates; they are not observed crop acreage or proof of cultivation at the target,15,11,2,2,0,0,pollen_archaeology_human_context
Vesums mossar,archaeological_wetland_context,exclude_lake_ranking_include_context,55.659062,13.213319,937075:779:4700-5200-bp,779,4700,5200,4950,4700-5200 BP,72.973282,11.797347,61.175935,27.026718,0.003531,2.742793,0.003307,0.000224,Cerealia.t and Secale are modeled pollen-cover estimates; they are not observed crop acreage or proof of cultivation at the target,14,11,1,3,0,0,pollen_archaeology_human_context
Vesums mossar,archaeological_wetland_context,exclude_lake_ranking_include_context,55.659062,13.213319,937075:779:5200-5700-bp,779,5200,5700,5450,5200-5700 BP,66.821041,8.853606,57.967435,33.178959,0.01705,2.6648,0.01705,0.0,Cerealia.t and Secale are modeled pollen-cover estimates; they are not observed crop acreage or proof of cultivation at the target,18,14,2,4,0,0,pollen_archaeology_human_context
Vesums mossar,archaeological_wetland_context,exclude_lake_ranking_include_context,55.659062,13.213319,937075:779:5700-6200-bp,779,5700,6200,5950,5700-6200 BP,54.072866,2.995472,51.077394,45.927135,0.347683,2.166793,0.347683,0.0,Cerealia.t and Secale are modeled pollen-cover estimates; they are not observed crop acreage or proof of cultivation at the target,11,7,0,0,0,0,pollen_archaeology_context
Vesums mossar,archaeological_wetland_context,exclude_lake_ranking_include_context,55.659062,13.213319,937075:779:6200-6700-bp,779,6200,6700,6450,6200-6700 BP,66.693422,2.605851,64.087571,33.306578,0.0,2.129872,0.0,0.0,Cerealia.t and Secale are modeled pollen-cover estimates; they are not observed crop acreage or proof of cultivation at the target,8,5,0,0,0,0,pollen_archaeology_context
Vesums mossar,archaeological_wetland_context,exclude_lake_ranking_include_context,55.659062,13.213319,937075:779:6700-7200-bp,779,6700,7200,6950,6700-7200 BP,76.978923,4.184156,72.794767,23.021077,0.022816,5.664298,0.022816,0.0,Cerealia.t and Secale are modeled pollen-cover estimates; they are not observed crop acreage or proof of cultivation at the target,10,6,0,0,0,0,pollen_archaeology_context
Vesums mossar,archaeological_wetland_context,exclude_lake_ranking_include_context,55.659062,13.213319,937075:779:7200-7700-bp,779,7200,7700,7450,7200-7700 BP,69.58001,10.209819,59.370191,30.41999,0.0,30.294955,0.0,0.0,Cerealia.t and Secale are modeled pollen-cover estimates; they are not observed crop acreage or proof of cultivation at the target,10,6,0,0,0,0,pollen_archaeology_context
Vesums mossar,archaeological_wetland_context,exclude_lake_ranking_include_context,55.659062,13.213319,937075:779:7700-8200-bp,779,7700,8200,7950,7700-8200 BP,79.562069,15.454689,64.10738,20.437931,0.0,20.418047,0.0,0.0,Cerealia.t and Secale are modeled pollen-cover estimates; they are not observed crop acreage or proof of cultivation at the target,10,6,0,0,0,0,pollen_archaeology_context
Vesums mossar,archaeological_wetland_context,exclude_lake_ranking_include_context,55.659062,13.213319,937075:779:8200-8700-bp,779,8200,8700,8450,8200-8700 BP,88.107465,16.32362,71.783845,11.892535,0.0,11.610713,0.0,0.0,Cerealia.t and Secale are modeled pollen-cover estimates; they are not observed crop acreage or proof of cultivation at the target,10,6,0,0,0,0,pollen_archaeology_context
Vesums mossar,archaeological_wetland_context,exclude_lake_ranking_include_context,55.659062,13.213319,937075:779:8700-9200-bp,779,8700,9200,8950,8700-9200 BP,86.392321,15.866884,70.525437,13.607679,0.0,13.309275,0.0,0.0,Cerealia.t and Secale are modeled pollen-cover estimates; they are not observed crop acreage or proof of cultivation at the target,10,6,0,0,0,0,pollen_archaeology_context
Vesums mossar,archaeological_wetland_context,exclude_lake_ranking_include_context,55.659062,13.213319,937075:779:9200-9700-bp,779,9200,9700,9450,9200-9700 BP,79.083565,14.532806,64.550759,20.916435,0.0,20.916435,0.0,0.0,Cerealia.t and Secale are modeled pollen-cover estimates; they are not observed crop acreage or proof of cultivation at the target,10,6,0,0,0,0,pollen_archaeology_context
Vesums mossar,archaeological_wetland_context,exclude_lake_ranking_include_context,55.659062,13.213319,937075:779:9700-10200-bp,779,9700,10200,9950,9700-10200 BP,80.991687,20.643882,60.347805,19.008313,0.0,19.008313,0.0,0.0,Cerealia.t and Secale are modeled pollen-cover estimates; they are not observed crop acreage or proof of cultivation at the target,17,8,0,0,0,0,pollen_archaeology_context
Vesums mossar,archaeological_wetland_context,exclude_lake_ranking_include_context,55.659062,13.213319,937075:779:10200-10700-bp,779,10200,10700,10450,10200-10700 BP,59.414495,25.84775,33.566745,40.585505,0.0,40.343099,0.0,0.0,Cerealia.t and Secale are modeled pollen-cover estimates; they are not observed crop acreage or proof of cultivation at the target,10,6,0,0,0,0,pollen_archaeology_context
Vesums mossar,archaeological_wetland_context,exclude_lake_ranking_include_context,55.659062,13.213319,937075:779:10700-11200-bp,779,10700,11200,10950,10700-11200 BP,41.619629,24.791307,16.828322,58.380371,0.0,58.380371,0.0,0.0,Cerealia.t and Secale are modeled pollen-cover estimates; they are not observed crop acreage or proof of cultivation at the target,10,6,0,0,0,0,pollen_archaeology_context
Vesums mossar,archaeological_wetland_context,exclude_lake_ranking_include_context,55.659062,13.213319,937075:779:11200-11700-bp,779,11200,11700,11450,11200-11700 BP,33.811908,24.407523,9.404385,66.188092,0.0,66.188092,0.0,0.0,Cerealia.t and Secale are modeled pollen-cover estimates; they are not observed crop acreage or proof of cultivation at the target,10,6,0,0,0,0,pollen_archaeology_context
Värsjön,registered_lake,include_lake_review,56.312348,13.46978,937075:829:0-100-bp,829,0,100,50,0-100 BP,44.299893,16.837245,27.462648,55.700107,5.949875,29.711781,2.131145,3.818731,Cerealia.t and Secale are modeled pollen-cover estimates; they are not observed crop acreage or proof of cultivation at the target,0,0,0,0,0,0,pollen_model_only
Värsjön,registered_lake,include_lake_review,56.312348,13.46978,937075:829:100-350-bp,829,100,350,225,100-350 BP,29.223977,6.602185,22.621792,70.776023,22.139198,25.011105,1.319261,20.819937,Cerealia.t and Secale are modeled pollen-cover estimates; they are not observed crop acreage or proof of cultivation at the target,5,2,0,0,0,0,pollen_archaeology_context
Värsjön,registered_lake,include_lake_review,56.312348,13.46978,937075:829:350-700-bp,829,350,700,525,350-700 BP,41.969349,3.814642,38.154707,58.03065,9.689666,25.545768,0.671051,9.018615,Cerealia.t and Secale are modeled pollen-cover estimates; they are not observed crop acreage or proof of cultivation at the target,94,4,0,0,0,0,pollen_archaeology_context
Värsjön,registered_lake,include_lake_review,56.312348,13.46978,937075:829:700-1200-bp,829,700,1200,950,700-1200 BP,53.804534,5.768267,48.036267,46.195466,13.258743,17.3478,0.357634,12.901109,Cerealia.t and Secale are modeled pollen-cover estimates; they are not observed crop acreage or proof of cultivation at the target,39,2,0,0,0,0,pollen_archaeology_context
Värsjön,registered_lake,include_lake_review,56.312348,13.46978,937075:829:1200-1700-bp,829,1200,1700,1450,1200-1700 BP,52.233538,3.865237,48.368301,47.766461,10.195605,14.444181,0.051507,10.144098,Cerealia.t and Secale are modeled pollen-cover estimates; they are not observed crop acreage or proof of cultivation at the target,0,0,0,0,0,0,pollen_model_only
Värsjön,registered_lake,include_lake_review,56.312348,13.46978,937075:829:1700-2200-bp,829,1700,2200,1950,1700-2200 BP,55.835989,3.441532,52.394457,44.16401,9.09818,18.05912,0.118879,8.9793,Cerealia.t and Secale are modeled pollen-cover estimates; they are not observed crop acreage or proof of cultivation at the target,0,0,0,0,0,0,pollen_model_only
Värsjön,registered_lake,include_lake_review,56.312348,13.46978,937075:829:2200-2700-bp,829,2200,2700,2450,2200-2700 BP,49.967146,2.740333,47.226813,50.032854,16.379774,11.284866,0.089978,16.289797,Cerealia.t and Secale are modeled pollen-cover estimates; they are not observed crop acreage or proof of cultivation at the target,0,0,0,0,0,0,pollen_model_only
Värsjön,registered_lake,include_lake_review,56.312348,13.46978,937075:829:2700-3200-bp,829,2700,3200,2950,2700-3200 BP,77.120563,5.238569,71.881994,22.879436,3.339462,11.383855,0.031632,3.30783,Cerealia.t and Secale are modeled pollen-cover estimates; they are not observed crop acreage or proof of cultivation at the target,0,0,0,0,0,0,pollen_model_only
Värsjön,registered_lake,include_lake_review,56.312348,13.46978,937075:829:3200-3700-bp,829,3200,3700,3450,3200-3700 BP,80.259314,4.47365,75.785664,19.740686,0.197482,16.266138,0.045019,0.152464,Cerealia.t and Secale are modeled pollen-cover estimates; they are not observed crop acreage or proof of cultivation at the target,0,0,0,0,0,0,pollen_model_only
Värsjön,registered_lake,include_lake_review,56.312348,13.46978,937075:829:3700-4200-bp,829,3700,4200,3950,3700-4200 BP,82.161547,2.733379,79.428168,17.838453,0.357788,15.128304,0.0,0.357788,Cerealia.t and Secale are modeled pollen-cover estimates; they are not observed crop acreage or proof of cultivation at the target,0,0,0,0,0,0,pollen_model_only
Värsjön,registered_lake,include_lake_review,56.312348,13.46978,937075:829:4200-4700-bp,829,4200,4700,4450,4200-4700 BP,83.764762,3.072078,80.692684,16.235238,0.314974,10.715899,0.000118,0.314856,Cerealia.t and Secale are modeled pollen-cover estimates; they are not observed crop acreage or proof of cultivation at the target,0,0,0,0,0,0,pollen_model_only
Värsjön,registered_lake,include_lake_review,56.312348,13.46978,937075:829:4700-5200-bp,829,4700,5200,4950,4700-5200 BP,84.20692,3.210632,80.996288,15.793079,0.363293,11.913132,0.000258,0.363035,Cerealia.t and Secale are modeled pollen-cover estimates; they are not observed crop acreage or proof of cultivation at the target,0,0,0,0,0,0,pollen_model_only
Värsjön,registered_lake,include_lake_review,56.312348,13.46978,937075:829:5200-5700-bp,829,5200,5700,5450,5200-5700 BP,86.388222,5.814255,80.573967,13.611778,0.403195,10.242886,0.082201,0.320994,Cerealia.t and Secale are modeled pollen-cover estimates; they are not observed crop acreage or proof of cultivation at the target,0,0,0,0,0,0,pollen_model_only
Värsjön,registered_lake,include_lake_review,56.312348,13.46978,937075:829:5700-6200-bp,829,5700,6200,5950,5700-6200 BP,83.720532,7.472922,76.24761,16.279469,0.096338,9.397654,0.00343,0.092907,Cerealia.t and Secale are modeled pollen-cover estimates; they are not observed crop acreage or proof of cultivation at the target,0,0,0,0,0,0,pollen_model_only
Värsjön,registered_lake,include_lake_review,56.312348,13.46978,937075:829:6200-6700-bp,829,6200,6700,6450,6200-6700 BP,88.994288,10.539848,78.45444,11.005712,0.006477,3.321807,0.0,0.006477,Cerealia.t and Secale are modeled pollen-cover estimates; they are not observed crop acreage or proof of cultivation at the target,0,0,0,0,0,0,pollen_model_only
Värsjön,registered_lake,include_lake_review,56.312348,13.46978,937075:829:6700-7200-bp,829,6700,7200,6950,6700-7200 BP,84.822144,10.114655,74.707489,15.177856,0.747366,5.407196,0.202538,0.544828,Cerealia.t and Secale are modeled pollen-cover estimates; they are not observed crop acreage or proof of cultivation at the target,0,0,0,0,0,0,pollen_model_only
Värsjön,registered_lake,include_lake_review,56.312348,13.46978,937075:829:7200-7700-bp,829,7200,7700,7450,7200-7700 BP,88.388622,13.971869,74.416753,11.611378,0.129794,7.8397,0.0,0.129794,Cerealia.t and Secale are modeled pollen-cover estimates; they are not observed crop acreage or proof of cultivation at the target,0,0,0,0,0,0,pollen_model_only
Värsjön,registered_lake,include_lake_review,56.312348,13.46978,937075:829:7700-8200-bp,829,7700,8200,7950,7700-8200 BP,87.089419,18.624609,68.46481,12.910581,0.161231,9.80708,0.0,0.161231,Cerealia.t and Secale are modeled pollen-cover estimates; they are not observed crop acreage or proof of cultivation at the target,0,0,0,0,0,0,pollen_model_only
Värsjön,registered_lake,include_lake_review,56.312348,13.46978,937075:829:8200-8700-bp,829,8200,8700,8450,8200-8700 BP,80.879915,18.876898,62.003017,19.120085,0.242004,14.353371,0.0,0.242004,Cerealia.t and Secale are modeled pollen-cover estimates; they are not observed crop acreage or proof of cultivation at the target,0,0,0,0,0,0,pollen_model_only
Värsjön,registered_lake,include_lake_review,56.312348,13.46978,937075:829:8700-9200-bp,829,8700,9200,8950,8700-9200 BP,84.559433,18.950957,65.608476,15.440567,0.213439,11.371577,0.0,0.213439,Cerealia.t and Secale are modeled pollen-cover estimates; they are not observed crop acreage or proof of cultivation at the target,0,0,0,0,0,0,pollen_model_only
Värsjön,registered_lake,include_lake_review,56.312348,13.46978,937075:829:9200-9700-bp,829,9200,9700,9450,9200-9700 BP,78.702874,17.869484,60.83339,21.297125,0.045359,13.244641,0.0,0.045359,Cerealia.t and Secale are modeled pollen-cover estimates; they are not observed crop acreage or proof of cultivation at the target,0,0,0,0,0,0,pollen_model_only
Värsjön,registered_lake,include_lake_review,56.312348,13.46978,937075:829:9700-10200-bp,829,9700,10200,9950,9700-10200 BP,74.307977,21.701008,52.606969,25.692023,0.095086,22.08166,0.0,0.095086,Cerealia.t and Secale are modeled pollen-cover estimates; they are not observed crop acreage or proof of cultivation at the target,0,0,0,0,0,0,pollen_model_only
Värsjön,registered_lake,include_lake_review,56.312348,13.46978,937075:829:10200-10700-bp,829,10200,10700,10450,10200-10700 BP,54.135159,16.298611,37.836548,45.864842,0.583569,43.94101,0.0,0.583569,Cerealia.t and Secale are modeled pollen-cover estimates; they are not observed crop acreage or proof of cultivation at the target,0,0,0,0,0,0,pollen_model_only
Värsjön,registered_lake,include_lake_review,56.312348,13.46978,937075:829:10700-11200-bp,829,10700,11200,10950,10700-11200 BP,41.325691,27.533618,13.792073,58.674308,0.053715,58.603631,0.0,0.053715,Cerealia.t and Secale are modeled pollen-cover estimates; they are not observed crop acreage or proof of cultivation at the target,0,0,0,0,0,0,pollen_model_only
Värsjön,registered_lake,include_lake_review,56.312348,13.46978,937075:829:11200-11700-bp,829,11200,11700,11450,11200-11700 BP,19.463364,8.220168,11.243196,80.536636,0.528467,79.695259,0.0,0.528467,Cerealia.t and Secale are modeled pollen-cover estimates; they are not observed crop acreage or proof of cultivation at the target,0,0,0,0,0,0,pollen_model_only
Åbodasjön,registered_lake,include_lake_review,57.085667,14.482671,937075:880:0-100-bp,880,0,100,50,0-100 BP,50.872741,28.880841,21.9919,49.127259,4.470965,19.286412,3.08958,1.381385,Cerealia.t and Secale are modeled pollen-cover estimates; they are not observed crop acreage or proof of cultivation at the target,0,0,0,0,0,0,pollen_model_only
Åbodasjön,registered_lake,include_lake_review,57.085667,14.482671,937075:880:100-350-bp,880,100,350,225,100-350 BP,45.476755,21.360156,24.116599,54.523245,5.827647,38.760126,1.762728,4.064919,Cerealia.t and Secale are modeled pollen-cover estimates; they are not observed crop acreage or proof of cultivation at the target,8,1,0,0,0,0,pollen_archaeology_context
Åbodasjön,registered_lake,include_lake_review,57.085667,14.482671,937075:880:350-700-bp,880,350,700,525,350-700 BP,42.517277,13.331045,29.186232,57.482724,2.667794,48.4584,1.164697,1.503096,Cerealia.t and Secale are modeled pollen-cover estimates; they are not observed crop acreage or proof of cultivation at the target,62,2,0,0,0,0,pollen_archaeology_context
Åbodasjön,registered_lake,include_lake_review,57.085667,14.482671,937075:880:700-1200-bp,880,700,1200,950,700-1200 BP,48.136759,12.227345,35.909414,51.863241,2.428457,39.592027,1.703442,0.725015,Cerealia.t and Secale are modeled pollen-cover estimates; they are not observed crop acreage or proof of cultivation at the target,6,1,0,0,0,0,pollen_archaeology_context
Åbodasjön,registered_lake,include_lake_review,57.085667,14.482671,937075:880:1200-1700-bp,880,1200,1700,1450,1200-1700 BP,41.192584,7.882918,33.309666,58.807415,2.049161,18.105408,0.587915,1.461246,Cerealia.t and Secale are modeled pollen-cover estimates; they are not observed crop acreage or proof of cultivation at the target,0,0,0,0,0,0,pollen_model_only
Åbodasjön,registered_lake,include_lake_review,57.085667,14.482671,937075:880:1700-2200-bp,880,1700,2200,1950,1700-2200 BP,45.823228,5.876994,39.946234,54.176772,0.597068,11.72891,0.392977,0.204091,Cerealia.t and Secale are modeled pollen-cover estimates; they are not observed crop acreage or proof of cultivation at the target,0,0,0,0,0,0,pollen_model_only
Åbodasjön,registered_lake,include_lake_review,57.085667,14.482671,937075:880:2200-2700-bp,880,2200,2700,2450,2200-2700 BP,73.317829,7.822444,65.495385,26.682171,0.572292,9.553223,0.062105,0.510187,Cerealia.t and Secale are modeled pollen-cover estimates; they are not observed crop acreage or proof of cultivation at the target,0,0,0,0,0,0,pollen_model_only
Åbodasjön,registered_lake,include_lake_review,57.085667,14.482671,937075:880:2700-3200-bp,880,2700,3200,2950,2700-3200 BP,69.996638,6.274769,63.721869,30.003362,0.97344,5.556568,0.122683,0.850756,Cerealia.t and Secale are modeled pollen-cover estimates; they are not observed crop acreage or proof of cultivation at the target,0,0,0,0,0,0,pollen_model_only
Åbodasjön,registered_lake,include_lake_review,57.085667,14.482671,937075:880:3200-3700-bp,880,3200,3700,3450,3200-3700 BP,65.559556,5.988296,59.57126,34.440445,1.840597,6.522325,0.0,1.840597,Cerealia.t and Secale are modeled pollen-cover estimates; they are not observed crop acreage or proof of cultivation at the target,0,0,0,0,0,0,pollen_model_only
Åbodasjön,registered_lake,include_lake_review,57.085667,14.482671,937075:880:3700-4200-bp,880,3700,4200,3950,3700-4200 BP,69.440846,7.422257,62.018589,30.559153,1.744788,8.549363,0.120265,1.624523,Cerealia.t and Secale are modeled pollen-cover estimates; they are not observed crop acreage or proof of cultivation at the target,0,0,0,0,0,0,pollen_model_only
Åbodasjön,registered_lake,include_lake_review,57.085667,14.482671,937075:880:4200-4700-bp,880,4200,4700,4450,4200-4700 BP,74.833949,7.178824,67.655125,25.166051,2.175074,13.362728,0.000143,2.174931,Cerealia.t and Secale are modeled pollen-cover estimates; they are not observed crop acreage or proof of cultivation at the target,0,0,0,0,0,0,pollen_model_only
Åbodasjön,registered_lake,include_lake_review,57.085667,14.482671,937075:880:4700-5200-bp,880,4700,5200,4950,4700-5200 BP,86.053372,9.556398,76.496974,13.946628,0.561441,6.224508,0.0,0.561441,Cerealia.t and Secale are modeled pollen-cover estimates; they are not observed crop acreage or proof of cultivation at the target,0,0,0,0,0,0,pollen_model_only
Åbodasjön,registered_lake,include_lake_review,57.085667,14.482671,937075:880:5200-5700-bp,880,5200,5700,5450,5200-5700 BP,73.927222,8.898979,65.028243,26.072778,0.647719,24.479836,0.0,0.647719,Cerealia.t and Secale are modeled pollen-cover estimates; they are not observed crop acreage or proof of cultivation at the target,0,0,0,0,0,0,pollen_model_only
Åbodasjön,registered_lake,include_lake_review,57.085667,14.482671,937075:880:5700-6200-bp,880,5700,6200,5950,5700-6200 BP,67.306997,12.054535,55.252462,32.693003,0.598297,31.627546,0.044041,0.554255,Cerealia.t and Secale are modeled pollen-cover estimates; they are not observed crop acreage or proof of cultivation at the target,0,0,0,0,0,0,pollen_model_only
Åbodasjön,registered_lake,include_lake_review,57.085667,14.482671,937075:880:6200-6700-bp,880,6200,6700,6450,6200-6700 BP,79.721618,16.42176,63.299858,20.278383,1.626849,18.275582,0.0,1.626849,Cerealia.t and Secale are modeled pollen-cover estimates; they are not observed crop acreage or proof of cultivation at the target,0,0,0,0,0,0,pollen_model_only
Åbodasjön,registered_lake,include_lake_review,57.085667,14.482671,937075:880:6700-7200-bp,880,6700,7200,6950,6700-7200 BP,73.878507,15.67201,58.206497,26.121492,2.798191,21.688258,0.064801,2.733389,Cerealia.t and Secale are modeled pollen-cover estimates; they are not observed crop acreage or proof of cultivation at the target,0,0,0,0,0,0,pollen_model_only
Åbodasjön,registered_lake,include_lake_review,57.085667,14.482671,937075:880:7200-7700-bp,880,7200,7700,7450,7200-7700 BP,47.568486,11.95747,35.611016,52.431514,0.519395,49.906483,0.055575,0.46382,Cerealia.t and Secale are modeled pollen-cover estimates; they are not observed crop acreage or proof of cultivation at the target,0,0,0,0,0,0,pollen_model_only
Åbodasjön,registered_lake,include_lake_review,57.085667,14.482671,937075:880:7700-8200-bp,880,7700,8200,7950,7700-8200 BP,45.976208,12.558538,33.41767,54.023791,0.029893,50.526313,0.029893,0.0,Cerealia.t and Secale are modeled pollen-cover estimates; they are not observed crop acreage or proof of cultivation at the target,0,0,0,0,0,0,pollen_model_only
Åbodasjön,registered_lake,include_lake_review,57.085667,14.482671,937075:880:8200-8700-bp,880,8200,8700,8450,8200-8700 BP,78.135506,24.217913,53.917593,21.864494,0.0,4.951598,0.0,0.0,Cerealia.t and Secale are modeled pollen-cover estimates; they are not observed crop acreage or proof of cultivation at the target,0,0,0,0,0,0,pollen_model_only
Åbodasjön,registered_lake,include_lake_review,57.085667,14.482671,937075:880:8700-9200-bp,880,8700,9200,8950,8700-9200 BP,78.689834,20.083825,58.606009,21.310166,0.0,4.498456,0.0,0.0,Cerealia.t and Secale are modeled pollen-cover estimates; they are not observed crop acreage or proof of cultivation at the target,0,0,0,0,0,0,pollen_model_only
Åbodasjön,registered_lake,include_lake_review,57.085667,14.482671,937075:880:9200-9700-bp,880,9200,9700,9450,9200-9700 BP,85.343838,12.205654,73.138184,14.656162,0.190238,8.543094,0.190238,0.0,Cerealia.t and Secale are modeled pollen-cover estimates; they are not observed crop acreage or proof of cultivation at the target,0,0,0,0,0,0,pollen_model_only
Åbodasjön,registered_lake,include_lake_review,57.085667,14.482671,937075:880:9700-10200-bp,880,9700,10200,9950,9700-10200 BP,65.074855,24.836468,40.238387,34.925146,0.0,27.231742,0.0,0.0,Cerealia.t and Secale are modeled pollen-cover estimates; they are not observed crop acreage or proof of cultivation at the target,0,0,0,0,0,0,pollen_model_only
Åbodasjön,registered_lake,include_lake_review,57.085667,14.482671,937075:880:10200-10700-bp,880,10200,10700,10450,10200-10700 BP,44.364002,17.550318,26.813684,55.635997,0.0,48.858578,0.0,0.0,Cerealia.t and Secale are modeled pollen-cover estimates; they are not observed crop acreage or proof of cultivation at the target,0,0,0,0,0,0,pollen_model_only
Åbodasjön,registered_lake,include_lake_review,57.085667,14.482671,937075:880:10700-11200-bp,880,10700,11200,10950,10700-11200 BP,65.514741,27.893169,37.621572,34.485259,0.0,34.485259,0.0,0.0,Cerealia.t and Secale are modeled pollen-cover estimates; they are not observed crop acreage or proof of cultivation at the target,0,0,0,0,0,0,pollen_model_only
Åbodasjön,registered_lake,include_lake_review,57.085667,14.482671,937075:880:11200-11700-bp,880,11200,11700,11450,11200-11700 BP,39.601162,23.233109,16.368053,60.398838,0.0,60.398838,0.0,0.0,Cerealia.t and Secale are modeled pollen-cover estimates; they are not observed crop acreage or proof of cultivation at the target,0,0,0,0,0,0,pollen_model_only
Örevattnet,registered_lake,include_lake_review,58.552564,11.60074,937075:927:0-100-bp,927,0,100,50,0-100 BP,61.408871,30.954638,30.454233,38.591129,8.603576,25.965318,3.598351,5.005225,Cerealia.t and Secale are modeled pollen-cover estimates; they are not observed crop acreage or proof of cultivation at the target,0,0,0,0,0,0,pollen_model_only
Örevattnet,registered_lake,include_lake_review,58.552564,11.60074,937075:927:100-350-bp,927,100,350,225,100-350 BP,60.72024,10.596283,50.123957,39.27976,12.294163,21.213785,12.294163,0.0,Cerealia.t and Secale are modeled pollen-cover estimates; they are not observed crop acreage or proof of cultivation at the target,0,0,0,0,0,0,pollen_model_only
Örevattnet,registered_lake,include_lake_review,58.552564,11.60074,937075:927:350-700-bp,927,350,700,525,350-700 BP,80.019894,16.302942,63.716952,19.980106,0.69418,8.240541,0.0,0.69418,Cerealia.t and Secale are modeled pollen-cover estimates; they are not observed crop acreage or proof of cultivation at the target,0,0,0,0,0,0,pollen_model_only
Örevattnet,registered_lake,include_lake_review,58.552564,11.60074,937075:927:700-1200-bp,927,700,1200,950,700-1200 BP,62.523034,19.834655,42.688379,37.476966,3.705999,20.929021,3.705999,0.0,Cerealia.t and Secale are modeled pollen-cover estimates; they are not observed crop acreage or proof of cultivation at the target,0,0,0,0,0,0,pollen_model_only
Örevattnet,registered_lake,include_lake_review,58.552564,11.60074,937075:927:1200-1700-bp,927,1200,1700,1450,1200-1700 BP,75.510144,25.276923,50.233221,24.489856,2.093456,15.376209,2.093456,0.0,Cerealia.t and Secale are modeled pollen-cover estimates; they are not observed crop acreage or proof of cultivation at the target,0,0,0,0,0,0,pollen_model_only
Örevattnet,registered_lake,include_lake_review,58.552564,11.60074,937075:927:1700-2200-bp,927,1700,2200,1950,1700-2200 BP,77.604154,18.066464,59.53769,22.395846,0.0,16.263068,0.0,0.0,Cerealia.t and Secale are modeled pollen-cover estimates; they are not observed crop acreage or proof of cultivation at the target,0,0,0,0,0,0,pollen_model_only
Örevattnet,registered_lake,include_lake_review,58.552564,11.60074,937075:927:2200-2700-bp,927,2200,2700,2450,2200-2700 BP,67.694112,11.118423,56.575689,32.305889,0.0,26.581982,0.0,0.0,Cerealia.t and Secale are modeled pollen-cover estimates; they are not observed crop acreage or proof of cultivation at the target,0,0,0,0,0,0,pollen_model_only
Örevattnet,registered_lake,include_lake_review,58.552564,11.60074,937075:927:2700-3200-bp,927,2700,3200,2950,2700-3200 BP,77.282688,10.136074,67.146614,22.717312,0.739671,18.008981,0.739671,0.0,Cerealia.t and Secale are modeled pollen-cover estimates; they are not observed crop acreage or proof of cultivation at the target,0,0,0,0,0,0,pollen_model_only
Örevattnet,registered_lake,include_lake_review,58.552564,11.60074,937075:927:3200-3700-bp,927,3200,3700,3450,3200-3700 BP,69.882205,10.472125,59.41008,30.117795,0.0,25.11919,0.0,0.0,Cerealia.t and Secale are modeled pollen-cover estimates; they are not observed crop acreage or proof of cultivation at the target,0,0,0,0,0,0,pollen_model_only
Örevattnet,registered_lake,include_lake_review,58.552564,11.60074,937075:927:3700-4200-bp,927,3700,4200,3950,3700-4200 BP,84.536493,11.647238,72.889255,15.463507,0.0,13.419854,0.0,0.0,Cerealia.t and Secale are modeled pollen-cover estimates; they are not observed crop acreage or proof of cultivation at the target,0,0,0,0,0,0,pollen_model_only
Örevattnet,registered_lake,include_lake_review,58.552564,11.60074,937075:927:4200-4700-bp,927,4200,4700,4450,4200-4700 BP,84.594143,11.849275,72.744868,15.405856,0.0,12.788646,0.0,0.0,Cerealia.t and Secale are modeled pollen-cover estimates; they are not observed crop acreage or proof of cultivation at the target,0,0,0,0,0,0,pollen_model_only
Örevattnet,registered_lake,include_lake_review,58.552564,11.60074,937075:927:4700-5200-bp,927,4700,5200,4950,4700-5200 BP,79.552729,12.043148,67.509581,20.447271,0.0,12.493187,0.0,0.0,Cerealia.t and Secale are modeled pollen-cover estimates; they are not observed crop acreage or proof of cultivation at the target,0,0,0,0,0,0,pollen_model_only
Örevattnet,registered_lake,include_lake_review,58.552564,11.60074,937075:927:5200-5700-bp,927,5200,5700,5450,5200-5700 BP,91.860977,13.778941,78.082036,8.139022,0.0,6.172692,0.0,0.0,Cerealia.t and Secale are modeled pollen-cover estimates; they are not observed crop acreage or proof of cultivation at the target,0,0,0,0,0,0,pollen_model_only
Örevattnet,registered_lake,include_lake_review,58.552564,11.60074,937075:927:5700-6200-bp,927,5700,6200,5950,5700-6200 BP,93.409302,13.409421,79.999881,6.590697,0.0,4.992731,0.0,0.0,Cerealia.t and Secale are modeled pollen-cover estimates; they are not observed crop acreage or proof of cultivation at the target,0,0,0,0,0,0,pollen_model_only
Örevattnet,registered_lake,include_lake_review,58.552564,11.60074,937075:927:6200-6700-bp,927,6200,6700,6450,6200-6700 BP,94.291647,9.323188,84.968459,5.708353,0.0,3.909107,0.0,0.0,Cerealia.t and Secale are modeled pollen-cover estimates; they are not observed crop acreage or proof of cultivation at the target,0,0,0,0,0,0,pollen_model_only
Örevattnet,registered_lake,include_lake_review,58.552564,11.60074,937075:927:6700-7200-bp,927,6700,7200,6950,6700-7200 BP,96.177222,7.712962,88.46426,3.822777,0.0,1.66615,0.0,0.0,Cerealia.t and Secale are modeled pollen-cover estimates; they are not observed crop acreage or proof of cultivation at the target,0,0,0,0,0,0,pollen_model_only
Örevattnet,registered_lake,include_lake_review,58.552564,11.60074,937075:927:7200-7700-bp,927,7200,7700,7450,7200-7700 BP,91.993209,6.860523,85.132686,8.006791,0.0,6.131855,0.0,0.0,Cerealia.t and Secale are modeled pollen-cover estimates; they are not observed crop acreage or proof of cultivation at the target,0,0,0,0,0,0,pollen_model_only
Örevattnet,registered_lake,include_lake_review,58.552564,11.60074,937075:927:7700-8200-bp,927,7700,8200,7950,7700-8200 BP,86.8743,7.691408,79.182892,13.125701,0.0,11.05481,0.0,0.0,Cerealia.t and Secale are modeled pollen-cover estimates; they are not observed crop acreage or proof of cultivation at the target,0,0,0,0,0,0,pollen_model_only
Örevattnet,registered_lake,include_lake_review,58.552564,11.60074,937075:927:8200-8700-bp,927,8200,8700,8450,8200-8700 BP,86.352335,8.376229,77.976106,13.647666,0.0,11.195026,0.0,0.0,Cerealia.t and Secale are modeled pollen-cover estimates; they are not observed crop acreage or proof of cultivation at the target,0,0,0,0,0,0,pollen_model_only
Örevattnet,registered_lake,include_lake_review,58.552564,11.60074,937075:927:8700-9200-bp,927,8700,9200,8950,8700-9200 BP,82.798152,11.436741,71.361411,17.201848,0.0,15.871672,0.0,0.0,Cerealia.t and Secale are modeled pollen-cover estimates; they are not observed crop acreage or proof of cultivation at the target,0,0,0,0,0,0,pollen_model_only
Örevattnet,registered_lake,include_lake_review,58.552564,11.60074,937075:927:9200-9700-bp,927,9200,9700,9450,9200-9700 BP,72.016391,17.703566,54.312825,27.983608,0.0,25.918016,0.0,0.0,Cerealia.t and Secale are modeled pollen-cover estimates; they are not observed crop acreage or proof of cultivation at the target,0,0,0,0,0,0,pollen_model_only
Örevattnet,registered_lake,include_lake_review,58.552564,11.60074,937075:927:9700-10200-bp,927,9700,10200,9950,9700-10200 BP,67.860594,16.621959,51.238635,32.139406,0.0,30.727436,0.0,0.0,Cerealia.t and Secale are modeled pollen-cover estimates; they are not observed crop acreage or proof of cultivation at the target,0,0,0,0,0,0,pollen_model_only
Örevattnet,registered_lake,include_lake_review,58.552564,11.60074,937075:927:10200-10700-bp,927,10200,10700,10450,10200-10700 BP,61.842531,14.334444,47.508087,38.157469,0.0,37.119572,0.0,0.0,Cerealia.t and Secale are modeled pollen-cover estimates; they are not observed crop acreage or proof of cultivation at the target,0,0,0,0,0,0,pollen_model_only
Örevattnet,registered_lake,include_lake_review,58.552564,11.60074,937075:927:10700-11200-bp,927,10700,11200,10950,10700-11200 BP,73.290116,13.411125,59.878991,26.709884,0.0,26.23352,0.0,0.0,Cerealia.t and Secale are modeled pollen-cover estimates; they are not observed crop acreage or proof of cultivation at the target,0,0,0,0,0,0,pollen_model_only
Örevattnet,registered_lake,include_lake_review,58.552564,11.60074,937075:927:11200-11700-bp,927,11200,11700,11450,11200-11700 BP,65.078592,21.626442,43.45215,34.921408,0.0,34.921408,0.0,0.0,Cerealia.t and Secale are modeled pollen-cover estimates; they are not observed crop acreage or proof of cultivation at the target,0,0,0,0,0,0,pollen_model_only
Östra Ringsjön,registered_lake,include_lake_review,55.872216,13.536269,937075:779:0-100-bp,779,0,100,50,0-100 BP,56.24459,14.943373,41.301217,43.75541,5.099505,35.561881,4.641181,0.458324,Cerealia.t and Secale are modeled pollen-cover estimates; they are not observed crop acreage or proof of cultivation at the target,0,0,0,0,0,0,pollen_model_only
Östra Ringsjön,registered_lake,include_lake_review,55.872216,13.536269,937075:779:100-350-bp,779,100,350,225,100-350 BP,39.374706,5.139854,34.234852,60.625294,6.969103,31.45808,6.582581,0.386522,Cerealia.t and Secale are modeled pollen-cover estimates; they are not observed crop acreage or proof of cultivation at the target,44,4,0,0,0,0,pollen_archaeology_context
Östra Ringsjön,registered_lake,include_lake_review,55.872216,13.536269,937075:779:350-700-bp,779,350,700,525,350-700 BP,54.727693,4.338428,50.389265,45.272308,5.595778,26.442997,5.462224,0.133554,Cerealia.t and Secale are modeled pollen-cover estimates; they are not observed crop acreage or proof of cultivation at the target,67,3,0,0,0,0,pollen_archaeology_context
Östra Ringsjön,registered_lake,include_lake_review,55.872216,13.536269,937075:779:700-1200-bp,779,700,1200,950,700-1200 BP,49.152686,3.050025,46.102661,50.847313,2.601623,25.255069,2.530118,0.071505,Cerealia.t and Secale are modeled pollen-cover estimates; they are not observed crop acreage or proof of cultivation at the target,66,2,0,0,0,0,pollen_archaeology_context
Östra Ringsjön,registered_lake,include_lake_review,55.872216,13.536269,937075:779:1200-1700-bp,779,1200,1700,1450,1200-1700 BP,62.605104,2.801933,59.803171,37.394896,1.115943,15.100785,1.114663,0.00128,Cerealia.t and Secale are modeled pollen-cover estimates; they are not observed crop acreage or proof of cultivation at the target,0,0,0,0,0,0,pollen_model_only
Östra Ringsjön,registered_lake,include_lake_review,55.872216,13.536269,937075:779:1700-2200-bp,779,1700,2200,1950,1700-2200 BP,51.397331,4.841559,46.555772,48.602669,1.209959,12.821108,1.170706,0.039253,Cerealia.t and Secale are modeled pollen-cover estimates; they are not observed crop acreage or proof of cultivation at the target,0,0,0,0,0,0,pollen_model_only
Östra Ringsjön,registered_lake,include_lake_review,55.872216,13.536269,937075:779:2200-2700-bp,779,2200,2700,2450,2200-2700 BP,53.519357,3.65087,49.868487,46.480643,0.639475,12.685663,0.639072,0.000403,Cerealia.t and Secale are modeled pollen-cover estimates; they are not observed crop acreage or proof of cultivation at the target,0,0,0,0,0,0,pollen_model_only
Östra Ringsjön,registered_lake,include_lake_review,55.872216,13.536269,937075:779:2700-3200-bp,779,2700,3200,2950,2700-3200 BP,59.02063,2.734473,56.286157,40.97937,0.081197,5.506499,0.080601,0.000595,Cerealia.t and Secale are modeled pollen-cover estimates; they are not observed crop acreage or proof of cultivation at the target,0,0,0,0,0,0,pollen_model_only
Östra Ringsjön,registered_lake,include_lake_review,55.872216,13.536269,937075:779:3200-3700-bp,779,3200,3700,3450,3200-3700 BP,63.148795,3.076667,60.072128,36.851205,0.011621,3.884792,0.011437,0.000184,Cerealia.t and Secale are modeled pollen-cover estimates; they are not observed crop acreage or proof of cultivation at the target,0,0,0,0,0,0,pollen_model_only
Östra Ringsjön,registered_lake,include_lake_review,55.872216,13.536269,937075:779:3700-4200-bp,779,3700,4200,3950,3700-4200 BP,66.755361,2.899465,63.855896,33.244639,0.309214,2.510853,0.309214,0.0,Cerealia.t and Secale are modeled pollen-cover estimates; they are not observed crop acreage or proof of cultivation at the target,0,0,0,0,0,0,pollen_model_only
Östra Ringsjön,registered_lake,include_lake_review,55.872216,13.536269,937075:779:4200-4700-bp,779,4200,4700,4450,4200-4700 BP,71.262099,14.763825,56.498274,28.737901,0.010865,1.367408,0.010865,0.0,Cerealia.t and Secale are modeled pollen-cover estimates; they are not observed crop acreage or proof of cultivation at the target,0,0,0,0,0,0,pollen_model_only
Östra Ringsjön,registered_lake,include_lake_review,55.872216,13.536269,937075:779:4700-5200-bp,779,4700,5200,4950,4700-5200 BP,72.973282,11.797347,61.175935,27.026718,0.003531,2.742793,0.003307,0.000224,Cerealia.t and Secale are modeled pollen-cover estimates; they are not observed crop acreage or proof of cultivation at the target,0,0,0,0,0,0,pollen_model_only
Östra Ringsjön,registered_lake,include_lake_review,55.872216,13.536269,937075:779:5200-5700-bp,779,5200,5700,5450,5200-5700 BP,66.821041,8.853606,57.967435,33.178959,0.01705,2.6648,0.01705,0.0,Cerealia.t and Secale are modeled pollen-cover estimates; they are not observed crop acreage or proof of cultivation at the target,0,0,0,0,0,0,pollen_model_only
Östra Ringsjön,registered_lake,include_lake_review,55.872216,13.536269,937075:779:5700-6200-bp,779,5700,6200,5950,5700-6200 BP,54.072866,2.995472,51.077394,45.927135,0.347683,2.166793,0.347683,0.0,Cerealia.t and Secale are modeled pollen-cover estimates; they are not observed crop acreage or proof of cultivation at the target,0,0,0,0,0,0,pollen_model_only
Östra Ringsjön,registered_lake,include_lake_review,55.872216,13.536269,937075:779:6200-6700-bp,779,6200,6700,6450,6200-6700 BP,66.693422,2.605851,64.087571,33.306578,0.0,2.129872,0.0,0.0,Cerealia.t and Secale are modeled pollen-cover estimates; they are not observed crop acreage or proof of cultivation at the target,2,1,0,0,0,0,pollen_archaeology_context
Östra Ringsjön,registered_lake,include_lake_review,55.872216,13.536269,937075:779:6700-7200-bp,779,6700,7200,6950,6700-7200 BP,76.978923,4.184156,72.794767,23.021077,0.022816,5.664298,0.022816,0.0,Cerealia.t and Secale are modeled pollen-cover estimates; they are not observed crop acreage or proof of cultivation at the target,4,1,0,0,0,0,pollen_archaeology_context
Östra Ringsjön,registered_lake,include_lake_review,55.872216,13.536269,937075:779:7200-7700-bp,779,7200,7700,7450,7200-7700 BP,69.58001,10.209819,59.370191,30.41999,0.0,30.294955,0.0,0.0,Cerealia.t and Secale are modeled pollen-cover estimates; they are not observed crop acreage or proof of cultivation at the target,2,1,0,0,0,0,pollen_archaeology_context
Östra Ringsjön,registered_lake,include_lake_review,55.872216,13.536269,937075:779:7700-8200-bp,779,7700,8200,7950,7700-8200 BP,79.562069,15.454689,64.10738,20.437931,0.0,20.418047,0.0,0.0,Cerealia.t and Secale are modeled pollen-cover estimates; they are not observed crop acreage or proof of cultivation at the target,2,1,0,0,0,0,pollen_archaeology_context
Östra Ringsjön,registered_lake,include_lake_review,55.872216,13.536269,937075:779:8200-8700-bp,779,8200,8700,8450,8200-8700 BP,88.107465,16.32362,71.783845,11.892535,0.0,11.610713,0.0,0.0,Cerealia.t and Secale are modeled pollen-cover estimates; they are not observed crop acreage or proof of cultivation at the target,1,1,0,0,0,0,pollen_archaeology_context
Östra Ringsjön,registered_lake,include_lake_review,55.872216,13.536269,937075:779:8700-9200-bp,779,8700,9200,8950,8700-9200 BP,86.392321,15.866884,70.525437,13.607679,0.0,13.309275,0.0,0.0,Cerealia.t and Secale are modeled pollen-cover estimates; they are not observed crop acreage or proof of cultivation at the target,1,1,0,0,0,0,pollen_archaeology_context
Östra Ringsjön,registered_lake,include_lake_review,55.872216,13.536269,937075:779:9200-9700-bp,779,9200,9700,9450,9200-9700 BP,79.083565,14.532806,64.550759,20.916435,0.0,20.916435,0.0,0.0,Cerealia.t and Secale are modeled pollen-cover estimates; they are not observed crop acreage or proof of cultivation at the target,1,1,0,0,0,0,pollen_archaeology_context
Östra Ringsjön,registered_lake,include_lake_review,55.872216,13.536269,937075:779:9700-10200-bp,779,9700,10200,9950,9700-10200 BP,80.991687,20.643882,60.347805,19.008313,0.0,19.008313,0.0,0.0,Cerealia.t and Secale are modeled pollen-cover estimates; they are not observed crop acreage or proof of cultivation at the target,4,3,0,0,0,0,pollen_archaeology_context
Östra Ringsjön,registered_lake,include_lake_review,55.872216,13.536269,937075:779:10200-10700-bp,779,10200,10700,10450,10200-10700 BP,59.414495,25.84775,33.566745,40.585505,0.0,40.343099,0.0,0.0,Cerealia.t and Secale are modeled pollen-cover estimates; they are not observed crop acreage or proof of cultivation at the target,3,2,0,0,0,0,pollen_archaeology_context
Östra Ringsjön,registered_lake,include_lake_review,55.872216,13.536269,937075:779:10700-11200-bp,779,10700,11200,10950,10700-11200 BP,41.619629,24.791307,16.828322,58.380371,0.0,58.380371,0.0,0.0,Cerealia.t and Secale are modeled pollen-cover estimates; they are not observed crop acreage or proof of cultivation at the target,3,2,0,0,0,0,pollen_archaeology_context
Östra Ringsjön,registered_lake,include_lake_review,55.872216,13.536269,937075:779:11200-11700-bp,779,11200,11700,11450,11200-11700 BP,33.811908,24.407523,9.404385,66.188092,0.0,66.188092,0.0,0.0,Cerealia.t and Secale are modeled pollen-cover estimates; they are not observed crop acreage or proof of cultivation at the target,3,2,0,0,0,0,pollen_archaeology_context
