scenario_key,scenario_label,radius_km,rank,score,lake_name,lake_label,lake_token,latitude,longitude,google_maps_url,aggregate_rank,aggregate_score,scenario_top20_presence_count,scenario_top20_labels,lake_registry_id,lake_name_status,lake_area_km2,lake_sampling_posture,lake_sampling_fit,lake_sampling_notes,lake_sampling_readiness_posture,lake_sampling_missing_inputs,duplicate_name_count,coordinate_spread_km,ambiguity_flags,ambiguity_note,direct_pollen_temporal_evidence
aggregate,Aggregate,,1,0.707,Bjärsjön,Bjärsjön,sweden_lake_registry:646994-137366,58.334534,13.65652,"https://www.google.com/maps/search/?api=1&query=58.334534,13.656520",1,0.707,7,aggregate; fieldwork shortlist; 10 km; 20 km; 30 km; 40 km; 50 km,646994-137366,water_surface_name,0.132579,compact_lake_candidate,0.63,small mapped water surface; prefer checking basin depth and access before field planning,site_review_required,bathymetry and basin depth; sediment preservation and prior coring history; shore access and landowner contact; permit requirements; field hazards and logistics,1,0.0,,,[]
aggregate,Aggregate,,2,0.4204,Häckebergasjön,Häckebergasjön,sweden_lake_registry:616410-134992,55.577162,13.422814,"https://www.google.com/maps/search/?api=1&query=55.577162,13.422814",2,0.4204,7,aggregate; fieldwork shortlist; 10 km; 20 km; 30 km; 40 km; 50 km,616410-134992,water_surface_name,0.758596,sampling_lake_candidate,1.0,,site_review_required,bathymetry and basin depth; sediment preservation and prior coring history; shore access and landowner contact; permit requirements; field hazards and logistics,1,0.0,,,"[{""latitude"":55.575556,""longitude"":13.4375,""source_layer_key"":""landclim-sites"",""source_name"":""Bökesjön"",""source_record"":""landclim-sites:897303:Bökesjön:55.575556:13.437500"",""source_url"":""https://doi.org/10.1594/PANGAEA.897303"",""temporal_semantics"":{""comparability_posture"":""numeric_interval"",""comparison_note"":""This interval describes sequence coverage, not a single pollen observation or an event date."",""duration_years"":3200,""evidence_class"":""pollen_site_sequence_coverage"",""normalized_labels"":[""0-100 BP to 2700-3200 BP""],""original_labels"":[""0-100 BP to 2700-3200 BP""],""precision_posture"":""site_sequence_interval"",""provenance_excerpt"":"""",""provenance_locator"":""SiteData:Bökesjön"",""provenance_path"":""data/landclim/raw/landclim_i_land_cover_types.xlsx"",""schema_version"":""temporal-semantics.v1"",""source_family"":""landclim"",""summary_label"":""0-100 BP to 2700-3200 BP"",""temporal_window_key"":""late_holocene"",""temporal_window_label"":""Late Holocene (1001-3000 BP)"",""time_end_bp"":3200,""time_mean_bp"":1600,""time_start_bp"":0,""uncertainty_notes"":[]},""time_end_bp"":3200,""time_label"":""0-100 BP to 2700-3200 BP"",""time_mean_bp"":1600,""time_start_bp"":0},{""latitude"":55.575556,""longitude"":13.4375,""source_layer_key"":""landclim-sites"",""source_name"":""Bökesjön"",""source_record"":""landclim-sites:900966:GC18:Bökesjön"",""source_url"":""https://doi.org/10.1594/PANGAEA.900966"",""temporal_semantics"":{""comparability_posture"":""numeric_interval"",""comparison_note"":""This interval describes sequence coverage, not a single pollen observation or an event date."",""duration_years"":11700,""evidence_class"":""pollen_site_sequence_coverage"",""normalized_labels"":[""0-11700 BP""],""original_labels"":[""0-11700 BP""],""precision_posture"":""site_sequence_interval"",""provenance_excerpt"":"""",""provenance_locator"":""Metadata:Bökesjön"",""provenance_path"":""data/landclim/raw/marquer_2017_reveals_taxa_grid_cells.xlsx"",""schema_version"":""temporal-semantics.v1"",""source_family"":""landclim"",""summary_label"":""0-11700 BP"",""temporal_window_key"":""mid_holocene"",""temporal_window_label"":""Mid-Holocene (3001-6000 BP)"",""time_end_bp"":11700,""time_mean_bp"":5850,""time_start_bp"":0,""uncertainty_notes"":[]},""time_end_bp"":11700,""time_label"":""0-11700 BP"",""time_mean_bp"":5850,""time_start_bp"":0},{""latitude"":55.575556,""longitude"":13.4375,""source_layer_key"":""landclim-sites"",""source_name"":""Bökesjön"",""source_record"":""landclim-sites:937075:BOKE"",""source_url"":""https://doi.org/10.1594/PANGAEA.937075"",""temporal_semantics"":{""comparability_posture"":""numeric_interval"",""comparison_note"":""This interval describes sequence coverage, not a single pollen observation or an event date."",""duration_years"":5645,""evidence_class"":""pollen_site_sequence_coverage"",""normalized_labels"":[""-40-5605 BP""],""original_labels"":[""-40-5605 BP""],""precision_posture"":""site_sequence_interval"",""provenance_excerpt"":"""",""provenance_locator"":""LANDCLIMII metadata file:BOKE"",""provenance_path"":""data/landclim/raw/landclim_ii_site_metadata.xlsx"",""schema_version"":""temporal-semantics.v1"",""source_family"":""landclim"",""summary_label"":""-40-5605 BP"",""temporal_window_key"":""late_holocene"",""temporal_window_label"":""Late Holocene (1001-3000 BP)"",""time_end_bp"":5605,""time_mean_bp"":2782,""time_start_bp"":-40,""uncertainty_notes"":[]},""time_end_bp"":5605,""time_label"":""-40-5605 BP"",""time_mean_bp"":2782,""time_start_bp"":-40},{""latitude"":55.57556,""longitude"":13.4375,""source_layer_key"":""neotoma-pollen"",""source_name"":""Bökesjön"",""source_record"":""neotoma-pollen:28872"",""source_url"":""https://apps.neotomadb.org/explorer/#/record/site/28872"",""temporal_semantics"":{""comparability_posture"":""numeric_interval"",""comparison_note"":""Neotoma publishes BP age coverage here, but the interval remains a site-level pollen context span rather than a sample-owned event date."",""duration_years"":5605,""evidence_class"":""neotoma_bp_range"",""normalized_labels"":[""Calibrated radiocarbon years BP""],""original_labels"":[""Calibrated radiocarbon years BP""],""precision_posture"":""site_interval"",""provenance_excerpt"":"""",""provenance_locator"":""site_age_ranges"",""provenance_path"":"""",""schema_version"":""temporal-semantics.v1"",""source_family"":""neotoma"",""summary_label"":""0-5605 Calibrated radiocarbon years BP"",""temporal_window_key"":""late_holocene"",""temporal_window_label"":""Late Holocene (1001-3000 BP)"",""time_end_bp"":5605,""time_mean_bp"":2802,""time_start_bp"":0,""uncertainty_notes"":[]},""time_end_bp"":5605,""time_label"":""0-5605 Calibrated radiocarbon years BP"",""time_mean_bp"":2802,""time_start_bp"":0}]"
aggregate,Aggregate,,3,0.3981,Sigvaldeträsk,Sigvaldeträsk,sweden_lake_registry:636053-166363,57.341825,18.527093,"https://www.google.com/maps/search/?api=1&query=57.341825,18.527093",3,0.3981,7,aggregate; fieldwork shortlist; 10 km; 20 km; 30 km; 40 km; 50 km,636053-166363,water_surface_name,0.087096,compact_lake_candidate,0.63,small mapped water surface; prefer checking basin depth and access before field planning,site_review_required,bathymetry and basin depth; sediment preservation and prior coring history; shore access and landowner contact; permit requirements; field hazards and logistics,1,0.0,,,[]
aggregate,Aggregate,,4,0.3843,Krageholmssjön,Krageholmssjön,sweden_lake_registry:615375-137087,55.501715,13.744603,"https://www.google.com/maps/search/?api=1&query=55.501715,13.744603",4,0.3843,7,aggregate; fieldwork shortlist; 10 km; 20 km; 30 km; 40 km; 50 km,615375-137087,water_surface_name,2.050682,sampling_lake_candidate,1.0,,site_review_required,bathymetry and basin depth; sediment preservation and prior coring history; shore access and landowner contact; permit requirements; field hazards and logistics,1,0.0,,,"[{""latitude"":55.5,""longitude"":13.733333,""source_layer_key"":""landclim-sites"",""source_name"":""Krageholmssjön"",""source_record"":""landclim-sites:897303:Krageholmssjön:55.500000:13.733333"",""source_url"":""https://doi.org/10.1594/PANGAEA.897303"",""temporal_semantics"":{""comparability_posture"":""numeric_interval"",""comparison_note"":""This interval describes sequence coverage, not a single pollen observation or an event date."",""duration_years"":6200,""evidence_class"":""pollen_site_sequence_coverage"",""normalized_labels"":[""0-100 BP to 5700-6200 BP""],""original_labels"":[""0-100 BP to 5700-6200 BP""],""precision_posture"":""site_sequence_interval"",""provenance_excerpt"":"""",""provenance_locator"":""SiteData:Krageholmssjön"",""provenance_path"":""data/landclim/raw/landclim_i_land_cover_types.xlsx"",""schema_version"":""temporal-semantics.v1"",""source_family"":""landclim"",""summary_label"":""0-100 BP to 5700-6200 BP"",""temporal_window_key"":""mid_holocene"",""temporal_window_label"":""Mid-Holocene (3001-6000 BP)"",""time_end_bp"":6200,""time_mean_bp"":3100,""time_start_bp"":0,""uncertainty_notes"":[]},""time_end_bp"":6200,""time_label"":""0-100 BP to 5700-6200 BP"",""time_mean_bp"":3100,""time_start_bp"":0},{""latitude"":55.5,""longitude"":13.733333,""source_layer_key"":""landclim-sites"",""source_name"":""Krageholmssjön"",""source_record"":""landclim-sites:900966:GC18:Krageholmssjön"",""source_url"":""https://doi.org/10.1594/PANGAEA.900966"",""temporal_semantics"":{""comparability_posture"":""numeric_interval"",""comparison_note"":""This interval describes sequence coverage, not a single pollen observation or an event date."",""duration_years"":11700,""evidence_class"":""pollen_site_sequence_coverage"",""normalized_labels"":[""0-11700 BP""],""original_labels"":[""0-11700 BP""],""precision_posture"":""site_sequence_interval"",""provenance_excerpt"":"""",""provenance_locator"":""Metadata:Krageholmssjön"",""provenance_path"":""data/landclim/raw/marquer_2017_reveals_taxa_grid_cells.xlsx"",""schema_version"":""temporal-semantics.v1"",""source_family"":""landclim"",""summary_label"":""0-11700 BP"",""temporal_window_key"":""mid_holocene"",""temporal_window_label"":""Mid-Holocene (3001-6000 BP)"",""time_end_bp"":11700,""time_mean_bp"":5850,""time_start_bp"":0,""uncertainty_notes"":[]},""time_end_bp"":11700,""time_label"":""0-11700 BP"",""time_mean_bp"":5850,""time_start_bp"":0},{""latitude"":55.5,""longitude"":13.733333,""source_layer_key"":""landclim-sites"",""source_name"":""Krageholmssjön"",""source_record"":""landclim-sites:937075:KRA"",""source_url"":""https://doi.org/10.1594/PANGAEA.937075"",""temporal_semantics"":{""comparability_posture"":""numeric_interval"",""comparison_note"":""This interval describes sequence coverage, not a single pollen observation or an event date."",""duration_years"":11589,""evidence_class"":""pollen_site_sequence_coverage"",""normalized_labels"":[""11-11600 BP""],""original_labels"":[""11-11600 BP""],""precision_posture"":""site_sequence_interval"",""provenance_excerpt"":"""",""provenance_locator"":""LANDCLIMII metadata file:KRA"",""provenance_path"":""data/landclim/raw/landclim_ii_site_metadata.xlsx"",""schema_version"":""temporal-semantics.v1"",""source_family"":""landclim"",""summary_label"":""11-11600 BP"",""temporal_window_key"":""mid_holocene"",""temporal_window_label"":""Mid-Holocene (3001-6000 BP)"",""time_end_bp"":11600,""time_mean_bp"":5806,""time_start_bp"":11,""uncertainty_notes"":[]},""time_end_bp"":11600,""time_label"":""11-11600 BP"",""time_mean_bp"":5806,""time_start_bp"":11},{""latitude"":55.50078,""longitude"":13.74492,""source_layer_key"":""neotoma-pollen"",""source_name"":""Krageholmssjön"",""source_record"":""neotoma-pollen:3204"",""source_url"":""https://apps.neotomadb.org/explorer/#/record/site/3204"",""temporal_semantics"":{""comparability_posture"":""numeric_interval_with_caveat"",""comparison_note"":""Neotoma coverage merges more than one BP age-range convention for this site, so the interval remains comparable but should be treated as a site-level summary span."",""duration_years"":12209,""evidence_class"":""neotoma_aggregated_bp_ranges"",""normalized_labels"":[""Calibrated radiocarbon years BP"",""Radiocarbon years BP""],""original_labels"":[""Calibrated radiocarbon years BP"",""Radiocarbon years BP""],""precision_posture"":""site_interval_with_uncertainty"",""provenance_excerpt"":"""",""provenance_locator"":""site_age_ranges"",""provenance_path"":"""",""schema_version"":""temporal-semantics.v1"",""source_family"":""neotoma"",""summary_label"":""0-12209 Calibrated radiocarbon years BP"",""temporal_window_key"":""early_holocene_and_older"",""temporal_window_label"":""Early Holocene and older (6001+ BP)"",""time_end_bp"":12209,""time_mean_bp"":6104,""time_start_bp"":0,""uncertainty_notes"":[""Multiple BP age-range conventions contribute to this site span.""]},""time_end_bp"":12209,""time_label"":""0-12209 Calibrated radiocarbon years BP"",""time_mean_bp"":6104,""time_start_bp"":0}]"
aggregate,Aggregate,,5,0.3726,Flarken,Flarken,sweden_lake_registry:649459-137568,58.556811,13.672884,"https://www.google.com/maps/search/?api=1&query=58.556811,13.672884",5,0.3726,7,aggregate; fieldwork shortlist; 10 km; 20 km; 30 km; 40 km; 50 km,649459-137568,water_surface_name,0.165887,sampling_lake_candidate,0.868,,site_review_required,bathymetry and basin depth; sediment preservation and prior coring history; shore access and landowner contact; permit requirements; field hazards and logistics,1,0.0,,,"[{""latitude"":58.583333,""longitude"":13.666667,""source_layer_key"":""landclim-sites"",""source_name"":""Flarken"",""source_record"":""landclim-sites:897303:Lake Flarken:58.583333:13.666667"",""source_url"":""https://doi.org/10.1594/PANGAEA.897303"",""temporal_semantics"":{""comparability_posture"":""numeric_interval"",""comparison_note"":""This interval describes sequence coverage, not a single pollen observation or an event date."",""duration_years"":6200,""evidence_class"":""pollen_site_sequence_coverage"",""normalized_labels"":[""0-100 BP to 5700-6200 BP""],""original_labels"":[""0-100 BP to 5700-6200 BP""],""precision_posture"":""site_sequence_interval"",""provenance_excerpt"":"""",""provenance_locator"":""SiteData:Lake Flarken"",""provenance_path"":""data/landclim/raw/landclim_i_land_cover_types.xlsx"",""schema_version"":""temporal-semantics.v1"",""source_family"":""landclim"",""summary_label"":""0-100 BP to 5700-6200 BP"",""temporal_window_key"":""mid_holocene"",""temporal_window_label"":""Mid-Holocene (3001-6000 BP)"",""time_end_bp"":6200,""time_mean_bp"":3100,""time_start_bp"":0,""uncertainty_notes"":[]},""time_end_bp"":6200,""time_label"":""0-100 BP to 5700-6200 BP"",""time_mean_bp"":3100,""time_start_bp"":0},{""latitude"":58.583333,""longitude"":13.666667,""source_layer_key"":""landclim-sites"",""source_name"":""Flarken"",""source_record"":""landclim-sites:937075:FLA"",""source_url"":""https://doi.org/10.1594/PANGAEA.937075"",""temporal_semantics"":{""comparability_posture"":""numeric_interval"",""comparison_note"":""This interval describes sequence coverage, not a single pollen observation or an event date."",""duration_years"":12246,""evidence_class"":""pollen_site_sequence_coverage"",""normalized_labels"":[""-50-12196 BP""],""original_labels"":[""-50-12196 BP""],""precision_posture"":""site_sequence_interval"",""provenance_excerpt"":"""",""provenance_locator"":""LANDCLIMII metadata file:FLA"",""provenance_path"":""data/landclim/raw/landclim_ii_site_metadata.xlsx"",""schema_version"":""temporal-semantics.v1"",""source_family"":""landclim"",""summary_label"":""-50-12196 BP"",""temporal_window_key"":""early_holocene_and_older"",""temporal_window_label"":""Early Holocene and older (6001+ BP)"",""time_end_bp"":12196,""time_mean_bp"":6073,""time_start_bp"":-50,""uncertainty_notes"":[]},""time_end_bp"":12196,""time_label"":""-50-12196 BP"",""time_mean_bp"":6073,""time_start_bp"":-50},{""latitude"":58.55679,""longitude"":13.67319,""source_layer_key"":""neotoma-pollen"",""source_name"":""Flarken"",""source_record"":""neotoma-pollen:3107"",""source_url"":""https://apps.neotomadb.org/explorer/#/record/site/3107"",""temporal_semantics"":{""comparability_posture"":""numeric_interval_with_caveat"",""comparison_note"":""Neotoma coverage merges more than one BP age-range convention for this site, so the interval remains comparable but should be treated as a site-level summary span."",""duration_years"":12439,""evidence_class"":""neotoma_aggregated_bp_ranges"",""normalized_labels"":[""Calibrated radiocarbon years BP"",""Radiocarbon years BP""],""original_labels"":[""Calibrated radiocarbon years BP"",""Radiocarbon years BP""],""precision_posture"":""site_interval_with_uncertainty"",""provenance_excerpt"":"""",""provenance_locator"":""site_age_ranges"",""provenance_path"":"""",""schema_version"":""temporal-semantics.v1"",""source_family"":""neotoma"",""summary_label"":""113-12471 Calibrated radiocarbon years BP"",""temporal_window_key"":""early_holocene_and_older"",""temporal_window_label"":""Early Holocene and older (6001+ BP)"",""time_end_bp"":12471,""time_mean_bp"":6252,""time_start_bp"":32,""uncertainty_notes"":[""Multiple BP age-range conventions contribute to this site span.""]},""time_end_bp"":12471,""time_label"":""113-12471 Calibrated radiocarbon years BP"",""time_mean_bp"":6252,""time_start_bp"":32}]"
aggregate,Aggregate,,6,0.3505,Bjäresjö,Bjäresjö,sweden_lake_registry:614958-137018,55.459405,13.751743,"https://www.google.com/maps/search/?api=1&query=55.459405,13.751743",6,0.3505,7,aggregate; fieldwork shortlist; 10 km; 20 km; 30 km; 40 km; 50 km,614958-137018,water_surface_name,0.022251,small_lake_review,0.27,very small mapped water surface; treat as a micro-basin until field validation confirms suitability,site_review_required,bathymetry and basin depth; sediment preservation and prior coring history; shore access and landowner contact; permit requirements; field hazards and logistics,1,0.0,,,"[{""latitude"":55.459167,""longitude"":13.751944,""source_layer_key"":""landclim-sites"",""source_name"":""Bjäresjösjön"",""source_record"":""landclim-sites:897303:Bjäresjösjön:55.459167:13.751944"",""source_url"":""https://doi.org/10.1594/PANGAEA.897303"",""temporal_semantics"":{""comparability_posture"":""numeric_interval"",""comparison_note"":""This interval describes sequence coverage, not a single pollen observation or an event date."",""duration_years"":3200,""evidence_class"":""pollen_site_sequence_coverage"",""normalized_labels"":[""0-100 BP to 2700-3200 BP""],""original_labels"":[""0-100 BP to 2700-3200 BP""],""precision_posture"":""site_sequence_interval"",""provenance_excerpt"":"""",""provenance_locator"":""SiteData:Bjäresjösjön"",""provenance_path"":""data/landclim/raw/landclim_i_land_cover_types.xlsx"",""schema_version"":""temporal-semantics.v1"",""source_family"":""landclim"",""summary_label"":""0-100 BP to 2700-3200 BP"",""temporal_window_key"":""late_holocene"",""temporal_window_label"":""Late Holocene (1001-3000 BP)"",""time_end_bp"":3200,""time_mean_bp"":1600,""time_start_bp"":0,""uncertainty_notes"":[]},""time_end_bp"":3200,""time_label"":""0-100 BP to 2700-3200 BP"",""time_mean_bp"":1600,""time_start_bp"":0},{""latitude"":55.459167,""longitude"":13.751944,""source_layer_key"":""landclim-sites"",""source_name"":""Bjäresjösjön"",""source_record"":""landclim-sites:900966:GC18:Bjäresjösjön"",""source_url"":""https://doi.org/10.1594/PANGAEA.900966"",""temporal_semantics"":{""comparability_posture"":""numeric_interval"",""comparison_note"":""This interval describes sequence coverage, not a single pollen observation or an event date."",""duration_years"":11700,""evidence_class"":""pollen_site_sequence_coverage"",""normalized_labels"":[""0-11700 BP""],""original_labels"":[""0-11700 BP""],""precision_posture"":""site_sequence_interval"",""provenance_excerpt"":"""",""provenance_locator"":""Metadata:Bjäresjösjön"",""provenance_path"":""data/landclim/raw/marquer_2017_reveals_taxa_grid_cells.xlsx"",""schema_version"":""temporal-semantics.v1"",""source_family"":""landclim"",""summary_label"":""0-11700 BP"",""temporal_window_key"":""mid_holocene"",""temporal_window_label"":""Mid-Holocene (3001-6000 BP)"",""time_end_bp"":11700,""time_mean_bp"":5850,""time_start_bp"":0,""uncertainty_notes"":[]},""time_end_bp"":11700,""time_label"":""0-11700 BP"",""time_mean_bp"":5850,""time_start_bp"":0},{""latitude"":55.45,""longitude"":13.75,""source_layer_key"":""landclim-sites"",""source_name"":""Bjäresjösjön"",""source_record"":""landclim-sites:937075:BJARE"",""source_url"":""https://doi.org/10.1594/PANGAEA.937075"",""temporal_semantics"":{""comparability_posture"":""numeric_interval"",""comparison_note"":""This interval describes sequence coverage, not a single pollen observation or an event date."",""duration_years"":2836,""evidence_class"":""pollen_site_sequence_coverage"",""normalized_labels"":[""-33-2803 BP""],""original_labels"":[""-33-2803 BP""],""precision_posture"":""site_sequence_interval"",""provenance_excerpt"":"""",""provenance_locator"":""LANDCLIMII metadata file:BJARE"",""provenance_path"":""data/landclim/raw/landclim_ii_site_metadata.xlsx"",""schema_version"":""temporal-semantics.v1"",""source_family"":""landclim"",""summary_label"":""-33-2803 BP"",""temporal_window_key"":""late_holocene"",""temporal_window_label"":""Late Holocene (1001-3000 BP)"",""time_end_bp"":2803,""time_mean_bp"":1385,""time_start_bp"":-33,""uncertainty_notes"":[]},""time_end_bp"":2803,""time_label"":""-33-2803 BP"",""time_mean_bp"":1385,""time_start_bp"":-33},{""latitude"":55.45917,""longitude"":13.75194,""source_layer_key"":""neotoma-pollen"",""source_name"":""Bjäresjösjön"",""source_record"":""neotoma-pollen:28871"",""source_url"":""https://apps.neotomadb.org/explorer/#/record/site/28871"",""temporal_semantics"":{""comparability_posture"":""numeric_interval_with_caveat"",""comparison_note"":""Neotoma coverage merges more than one BP age-range convention for this site, so the interval remains comparable but should be treated as a site-level summary span."",""duration_years"":2803,""evidence_class"":""neotoma_aggregated_bp_ranges"",""normalized_labels"":[""Calibrated radiocarbon years BP"",""Radiocarbon years BP""],""original_labels"":[""Calibrated radiocarbon years BP"",""Radiocarbon years BP""],""precision_posture"":""site_interval_with_uncertainty"",""provenance_excerpt"":"""",""provenance_locator"":""site_age_ranges"",""provenance_path"":"""",""schema_version"":""temporal-semantics.v1"",""source_family"":""neotoma"",""summary_label"":""0-2803 Calibrated radiocarbon years BP"",""temporal_window_key"":""late_holocene"",""temporal_window_label"":""Late Holocene (1001-3000 BP)"",""time_end_bp"":2803,""time_mean_bp"":1402,""time_start_bp"":0,""uncertainty_notes"":[""Multiple BP age-range conventions contribute to this site span.""]},""time_end_bp"":2803,""time_label"":""0-2803 Calibrated radiocarbon years BP"",""time_mean_bp"":1402,""time_start_bp"":0},{""latitude"":55.454444,""longitude"":13.766389,""source_layer_key"":""landclim-sites"",""source_name"":""Bjärsjöholmssjön"",""source_record"":""landclim-sites:897303:Bjärsjöholmssjön:55.454444:13.766389"",""source_url"":""https://doi.org/10.1594/PANGAEA.897303"",""temporal_semantics"":{""comparability_posture"":""numeric_interval"",""comparison_note"":""This interval describes sequence coverage, not a single pollen observation or an event date."",""duration_years"":3500,""evidence_class"":""pollen_site_sequence_coverage"",""normalized_labels"":[""2700-3200 BP to 5700-6200 BP""],""original_labels"":[""2700-3200 BP to 5700-6200 BP""],""precision_posture"":""site_sequence_interval"",""provenance_excerpt"":"""",""provenance_locator"":""SiteData:Bjärsjöholmssjön"",""provenance_path"":""data/landclim/raw/landclim_i_land_cover_types.xlsx"",""schema_version"":""temporal-semantics.v1"",""source_family"":""landclim"",""summary_label"":""2700-3200 BP to 5700-6200 BP"",""temporal_window_key"":""mid_holocene"",""temporal_window_label"":""Mid-Holocene (3001-6000 BP)"",""time_end_bp"":6200,""time_mean_bp"":4450,""time_start_bp"":2700,""uncertainty_notes"":[]},""time_end_bp"":6200,""time_label"":""2700-3200 BP to 5700-6200 BP"",""time_mean_bp"":4450,""time_start_bp"":2700},{""latitude"":55.454444,""longitude"":13.766389,""source_layer_key"":""landclim-sites"",""source_name"":""Bjärsjöholmssjön"",""source_record"":""landclim-sites:900966:GC18:Bjärsjöholmssjön"",""source_url"":""https://doi.org/10.1594/PANGAEA.900966"",""temporal_semantics"":{""comparability_posture"":""numeric_interval"",""comparison_note"":""This interval describes sequence coverage, not a single pollen observation or an event date."",""duration_years"":11700,""evidence_class"":""pollen_site_sequence_coverage"",""normalized_labels"":[""0-11700 BP""],""original_labels"":[""0-11700 BP""],""precision_posture"":""site_sequence_interval"",""provenance_excerpt"":"""",""provenance_locator"":""Metadata:Bjärsjöholmssjön"",""provenance_path"":""data/landclim/raw/marquer_2017_reveals_taxa_grid_cells.xlsx"",""schema_version"":""temporal-semantics.v1"",""source_family"":""landclim"",""summary_label"":""0-11700 BP"",""temporal_window_key"":""mid_holocene"",""temporal_window_label"":""Mid-Holocene (3001-6000 BP)"",""time_end_bp"":11700,""time_mean_bp"":5850,""time_start_bp"":0,""uncertainty_notes"":[]},""time_end_bp"":11700,""time_label"":""0-11700 BP"",""time_mean_bp"":5850,""time_start_bp"":0},{""latitude"":55.45396,""longitude"":13.780255,""source_layer_key"":""neotoma-pollen"",""source_name"":""Bjärsjöholmssjön"",""source_record"":""neotoma-pollen:3017"",""source_url"":""https://apps.neotomadb.org/explorer/#/record/site/3017"",""temporal_semantics"":{""comparability_posture"":""numeric_interval_with_caveat"",""comparison_note"":""Neotoma coverage merges more than one BP age-range convention for this site, so the interval remains comparable but should be treated as a site-level summary span."",""duration_years"":8814,""evidence_class"":""neotoma_aggregated_bp_ranges"",""normalized_labels"":[""Calibrated radiocarbon years BP"",""Radiocarbon years BP""],""original_labels"":[""Calibrated radiocarbon years BP"",""Radiocarbon years BP""],""precision_posture"":""site_interval_with_uncertainty"",""provenance_excerpt"":"""",""provenance_locator"":""site_age_ranges"",""provenance_path"":"""",""schema_version"":""temporal-semantics.v1"",""source_family"":""neotoma"",""summary_label"":""0-8814 Calibrated radiocarbon years BP"",""temporal_window_key"":""mid_holocene"",""temporal_window_label"":""Mid-Holocene (3001-6000 BP)"",""time_end_bp"":8814,""time_mean_bp"":4407,""time_start_bp"":0,""uncertainty_notes"":[""Multiple BP age-range conventions contribute to this site span.""]},""time_end_bp"":8814,""time_label"":""0-8814 Calibrated radiocarbon years BP"",""time_mean_bp"":4407,""time_start_bp"":0}]"
aggregate,Aggregate,,7,0.3454,Havgårdssjön,Havgårdssjön,sweden_lake_registry:615365-134524,55.483143,13.35776,"https://www.google.com/maps/search/?api=1&query=55.483143,13.357760",7,0.3454,6,aggregate; fieldwork shortlist; 20 km; 30 km; 40 km; 50 km,615365-134524,water_surface_name,0.501745,sampling_lake_candidate,1.0,,site_review_required,bathymetry and basin depth; sediment preservation and prior coring history; shore access and landowner contact; permit requirements; field hazards and logistics,1,0.0,,,[]
aggregate,Aggregate,,8,0.2534,Mullsjön,Mullsjön,sweden_lake_registry:646681-140779,58.317875,14.210785,"https://www.google.com/maps/search/?api=1&query=58.317875,14.210785",8,0.2534,7,aggregate; fieldwork shortlist; 10 km; 20 km; 30 km; 40 km; 50 km,646681-140779,water_surface_name,3.918493,sampling_lake_candidate,1.0,,site_review_required,bathymetry and basin depth; sediment preservation and prior coring history; shore access and landowner contact; permit requirements; field hazards and logistics,1,0.0,,,"[{""latitude"":58.31761,""longitude"":14.21136,""source_layer_key"":""neotoma-pollen"",""source_name"":""Mullsjön"",""source_record"":""neotoma-pollen:3303"",""source_url"":""https://apps.neotomadb.org/explorer/#/record/site/3303"",""temporal_semantics"":{""comparability_posture"":""numeric_interval_with_caveat"",""comparison_note"":""Neotoma coverage merges more than one BP age-range convention for this site, so the interval remains comparable but should be treated as a site-level summary span."",""duration_years"":8806,""evidence_class"":""neotoma_aggregated_bp_ranges"",""normalized_labels"":[""Calibrated radiocarbon years BP"",""Radiocarbon years BP""],""original_labels"":[""Calibrated radiocarbon years BP"",""Radiocarbon years BP""],""precision_posture"":""site_interval_with_uncertainty"",""provenance_excerpt"":"""",""provenance_locator"":""site_age_ranges"",""provenance_path"":"""",""schema_version"":""temporal-semantics.v1"",""source_family"":""neotoma"",""summary_label"":""9526-17322 Calibrated radiocarbon years BP"",""temporal_window_key"":""early_holocene_and_older"",""temporal_window_label"":""Early Holocene and older (6001+ BP)"",""time_end_bp"":17322,""time_mean_bp"":12919,""time_start_bp"":8516,""uncertainty_notes"":[""Multiple BP age-range conventions contribute to this site span.""]},""time_end_bp"":17322,""time_label"":""9526-17322 Calibrated radiocarbon years BP"",""time_mean_bp"":12919,""time_start_bp"":8516}]"
aggregate,Aggregate,,9,0.2364,Färskesjön,Färskesjön,sweden_lake_registry:622492-150312,56.159037,15.859814,"https://www.google.com/maps/search/?api=1&query=56.159037,15.859814",9,0.2364,7,aggregate; fieldwork shortlist; 10 km; 20 km; 30 km; 40 km; 50 km,622492-150312,water_surface_name,0.459128,sampling_lake_candidate,0.868,,site_review_required,bathymetry and basin depth; sediment preservation and prior coring history; shore access and landowner contact; permit requirements; field hazards and logistics,1,0.0,,,"[{""latitude"":56.166667,""longitude"":15.866667,""source_layer_key"":""landclim-sites"",""source_name"":""Färshesjön"",""source_record"":""landclim-sites:897303:Färshesjön:56.166667:15.866667"",""source_url"":""https://doi.org/10.1594/PANGAEA.897303"",""temporal_semantics"":{""comparability_posture"":""numeric_interval"",""comparison_note"":""This interval describes sequence coverage, not a single pollen observation or an event date."",""duration_years"":6100,""evidence_class"":""pollen_site_sequence_coverage"",""normalized_labels"":[""100-350 BP to 5700-6200 BP""],""original_labels"":[""100-350 BP to 5700-6200 BP""],""precision_posture"":""site_sequence_interval"",""provenance_excerpt"":"""",""provenance_locator"":""SiteData:Färshesjön"",""provenance_path"":""data/landclim/raw/landclim_i_land_cover_types.xlsx"",""schema_version"":""temporal-semantics.v1"",""source_family"":""landclim"",""summary_label"":""100-350 BP to 5700-6200 BP"",""temporal_window_key"":""mid_holocene"",""temporal_window_label"":""Mid-Holocene (3001-6000 BP)"",""time_end_bp"":6200,""time_mean_bp"":3150,""time_start_bp"":100,""uncertainty_notes"":[]},""time_end_bp"":6200,""time_label"":""100-350 BP to 5700-6200 BP"",""time_mean_bp"":3150,""time_start_bp"":100},{""latitude"":56.166667,""longitude"":15.866667,""source_layer_key"":""landclim-sites"",""source_name"":""Färskesjön"",""source_record"":""landclim-sites:937075:FARSK"",""source_url"":""https://doi.org/10.1594/PANGAEA.937075"",""temporal_semantics"":{""comparability_posture"":""numeric_interval"",""comparison_note"":""This interval describes sequence coverage, not a single pollen observation or an event date."",""duration_years"":12262,""evidence_class"":""pollen_site_sequence_coverage"",""normalized_labels"":[""180-12442 BP""],""original_labels"":[""180-12442 BP""],""precision_posture"":""site_sequence_interval"",""provenance_excerpt"":"""",""provenance_locator"":""LANDCLIMII metadata file:FARSK"",""provenance_path"":""data/landclim/raw/landclim_ii_site_metadata.xlsx"",""schema_version"":""temporal-semantics.v1"",""source_family"":""landclim"",""summary_label"":""180-12442 BP"",""temporal_window_key"":""early_holocene_and_older"",""temporal_window_label"":""Early Holocene and older (6001+ BP)"",""time_end_bp"":12442,""time_mean_bp"":6311,""time_start_bp"":180,""uncertainty_notes"":[]},""time_end_bp"":12442,""time_label"":""180-12442 BP"",""time_mean_bp"":6311,""time_start_bp"":180},{""latitude"":56.15907,""longitude"":15.86049,""source_layer_key"":""neotoma-pollen"",""source_name"":""Färskesjön"",""source_record"":""neotoma-pollen:3102"",""source_url"":""https://apps.neotomadb.org/explorer/#/record/site/3102"",""temporal_semantics"":{""comparability_posture"":""numeric_interval_with_caveat"",""comparison_note"":""Neotoma coverage merges more than one BP age-range convention for this site, so the interval remains comparable but should be treated as a site-level summary span."",""duration_years"":12664,""evidence_class"":""neotoma_aggregated_bp_ranges"",""normalized_labels"":[""Calibrated radiocarbon years BP"",""Radiocarbon years BP""],""original_labels"":[""Calibrated radiocarbon years BP"",""Radiocarbon years BP""],""precision_posture"":""site_interval_with_uncertainty"",""provenance_excerpt"":"""",""provenance_locator"":""site_age_ranges"",""provenance_path"":"""",""schema_version"":""temporal-semantics.v1"",""source_family"":""neotoma"",""summary_label"":""66-12730 Calibrated radiocarbon years BP"",""temporal_window_key"":""early_holocene_and_older"",""temporal_window_label"":""Early Holocene and older (6001+ BP)"",""time_end_bp"":12730,""time_mean_bp"":6398,""time_start_bp"":66,""uncertainty_notes"":[""Multiple BP age-range conventions contribute to this site span.""]},""time_end_bp"":12730,""time_label"":""66-12730 Calibrated radiocarbon years BP"",""time_mean_bp"":6398,""time_start_bp"":66},{""latitude"":56.166667,""longitude"":15.866667,""source_layer_key"":""landclim-sites"",""source_name"":""Färskesjön (core 2014)"",""source_record"":""landclim-sites:937075:Farske"",""source_url"":""https://doi.org/10.1594/PANGAEA.937075"",""temporal_semantics"":{""comparability_posture"":""numeric_interval"",""comparison_note"":""This interval describes sequence coverage, not a single pollen observation or an event date."",""duration_years"":3113,""evidence_class"":""pollen_site_sequence_coverage"",""normalized_labels"":[""-58-3055 BP""],""original_labels"":[""-58-3055 BP""],""precision_posture"":""site_sequence_interval"",""provenance_excerpt"":"""",""provenance_locator"":""LANDCLIMII metadata file:Farske"",""provenance_path"":""data/landclim/raw/landclim_ii_site_metadata.xlsx"",""schema_version"":""temporal-semantics.v1"",""source_family"":""landclim"",""summary_label"":""-58-3055 BP"",""temporal_window_key"":""late_holocene"",""temporal_window_label"":""Late Holocene (1001-3000 BP)"",""time_end_bp"":3055,""time_mean_bp"":1498,""time_start_bp"":-58,""uncertainty_notes"":[]},""time_end_bp"":3055,""time_label"":""-58-3055 BP"",""time_mean_bp"":1498,""time_start_bp"":-58}]"
aggregate,Aggregate,,10,0.2155,Åbodasjön,Åbodasjön,sweden_lake_registry:632901-141943,57.085667,14.482671,"https://www.google.com/maps/search/?api=1&query=57.085667,14.482671",10,0.2155,7,aggregate; fieldwork shortlist; 10 km; 20 km; 30 km; 40 km; 50 km,632901-141943,water_surface_name,0.545153,sampling_lake_candidate,1.0,,site_review_required,bathymetry and basin depth; sediment preservation and prior coring history; shore access and landowner contact; permit requirements; field hazards and logistics,1,0.0,,,"[{""latitude"":57.085556,""longitude"":14.478611,""source_layer_key"":""landclim-sites"",""source_name"":""Åbodasjön"",""source_record"":""landclim-sites:897303:Åbodasjön:57.085556:14.478611"",""source_url"":""https://doi.org/10.1594/PANGAEA.897303"",""temporal_semantics"":{""comparability_posture"":""numeric_interval"",""comparison_note"":""This interval describes sequence coverage, not a single pollen observation or an event date."",""duration_years"":100,""evidence_class"":""pollen_site_sequence_coverage"",""normalized_labels"":[""0-100 BP""],""original_labels"":[""0-100 BP""],""precision_posture"":""site_sequence_interval"",""provenance_excerpt"":"""",""provenance_locator"":""SiteData:Åbodasjön"",""provenance_path"":""data/landclim/raw/landclim_i_land_cover_types.xlsx"",""schema_version"":""temporal-semantics.v1"",""source_family"":""landclim"",""summary_label"":""0-100 BP"",""temporal_window_key"":""recent_historical"",""temporal_window_label"":""Recent and historical (0-1000 BP)"",""time_end_bp"":100,""time_mean_bp"":50,""time_start_bp"":0,""uncertainty_notes"":[]},""time_end_bp"":100,""time_label"":""0-100 BP"",""time_mean_bp"":50,""time_start_bp"":0},{""latitude"":57.085556,""longitude"":14.478611,""source_layer_key"":""landclim-sites"",""source_name"":""Åbodasjön"",""source_record"":""landclim-sites:900966:GC21:Åbodasjön"",""source_url"":""https://doi.org/10.1594/PANGAEA.900966"",""temporal_semantics"":{""comparability_posture"":""numeric_interval"",""comparison_note"":""This interval describes sequence coverage, not a single pollen observation or an event date."",""duration_years"":11700,""evidence_class"":""pollen_site_sequence_coverage"",""normalized_labels"":[""0-11700 BP""],""original_labels"":[""0-11700 BP""],""precision_posture"":""site_sequence_interval"",""provenance_excerpt"":"""",""provenance_locator"":""Metadata:Åbodasjön"",""provenance_path"":""data/landclim/raw/marquer_2017_reveals_taxa_grid_cells.xlsx"",""schema_version"":""temporal-semantics.v1"",""source_family"":""landclim"",""summary_label"":""0-11700 BP"",""temporal_window_key"":""mid_holocene"",""temporal_window_label"":""Mid-Holocene (3001-6000 BP)"",""time_end_bp"":11700,""time_mean_bp"":5850,""time_start_bp"":0,""uncertainty_notes"":[]},""time_end_bp"":11700,""time_label"":""0-11700 BP"",""time_mean_bp"":5850,""time_start_bp"":0},{""latitude"":57.0856,""longitude"":14.4787,""source_layer_key"":""landclim-sites"",""source_name"":""Åbodasjön"",""source_record"":""landclim-sites:937075:Åbodasjön"",""source_url"":""https://doi.org/10.1594/PANGAEA.937075"",""temporal_semantics"":{""comparability_posture"":""numeric_interval"",""comparison_note"":""This interval describes sequence coverage, not a single pollen observation or an event date."",""duration_years"":1008,""evidence_class"":""pollen_site_sequence_coverage"",""normalized_labels"":[""-57-951 BP""],""original_labels"":[""-57-951 BP""],""precision_posture"":""site_sequence_interval"",""provenance_excerpt"":"""",""provenance_locator"":""LANDCLIMII metadata file:Åbodasjön"",""provenance_path"":""data/landclim/raw/landclim_ii_site_metadata.xlsx"",""schema_version"":""temporal-semantics.v1"",""source_family"":""landclim"",""summary_label"":""-57-951 BP"",""temporal_window_key"":""recent_historical"",""temporal_window_label"":""Recent and historical (0-1000 BP)"",""time_end_bp"":951,""time_mean_bp"":447,""time_start_bp"":-57,""uncertainty_notes"":[]},""time_end_bp"":951,""time_label"":""-57-951 BP"",""time_mean_bp"":447,""time_start_bp"":-57}]"
aggregate,Aggregate,,11,0.2037,Ungtjärnen,Ungtjärnen,sweden_lake_registry:666346-150259,60.089033,15.850291,"https://www.google.com/maps/search/?api=1&query=60.089033,15.850291",11,0.2037,7,aggregate; fieldwork shortlist; 10 km; 20 km; 30 km; 40 km; 50 km,666346-150259,water_surface_name,0.101555,compact_lake_candidate,0.63,small mapped water surface; prefer checking basin depth and access before field planning,site_review_required,bathymetry and basin depth; sediment preservation and prior coring history; shore access and landowner contact; permit requirements; field hazards and logistics,1,0.0,,,"[{""latitude"":60.083333,""longitude"":15.833333,""source_layer_key"":""landclim-sites"",""source_name"":""Gilltjärnen"",""source_record"":""landclim-sites:897303:Gilltjärnen:60.083333:15.833333"",""source_url"":""https://doi.org/10.1594/PANGAEA.897303"",""temporal_semantics"":{""comparability_posture"":""numeric_interval"",""comparison_note"":""This interval describes sequence coverage, not a single pollen observation or an event date."",""duration_years"":6200,""evidence_class"":""pollen_site_sequence_coverage"",""normalized_labels"":[""0-100 BP to 5700-6200 BP""],""original_labels"":[""0-100 BP to 5700-6200 BP""],""precision_posture"":""site_sequence_interval"",""provenance_excerpt"":"""",""provenance_locator"":""SiteData:Gilltjärnen"",""provenance_path"":""data/landclim/raw/landclim_i_land_cover_types.xlsx"",""schema_version"":""temporal-semantics.v1"",""source_family"":""landclim"",""summary_label"":""0-100 BP to 5700-6200 BP"",""temporal_window_key"":""mid_holocene"",""temporal_window_label"":""Mid-Holocene (3001-6000 BP)"",""time_end_bp"":6200,""time_mean_bp"":3100,""time_start_bp"":0,""uncertainty_notes"":[]},""time_end_bp"":6200,""time_label"":""0-100 BP to 5700-6200 BP"",""time_mean_bp"":3100,""time_start_bp"":0},{""latitude"":60.08333,""longitude"":15.83333,""source_layer_key"":""neotoma-pollen"",""source_name"":""Gilltjärnen"",""source_record"":""neotoma-pollen:28866"",""source_url"":""https://apps.neotomadb.org/explorer/#/record/site/28866"",""temporal_semantics"":{""comparability_posture"":""numeric_interval"",""comparison_note"":""Neotoma publishes BP age coverage here, but the interval remains a site-level pollen context span rather than a sample-owned event date."",""duration_years"":11100,""evidence_class"":""neotoma_bp_range"",""normalized_labels"":[""Calibrated radiocarbon years BP""],""original_labels"":[""Calibrated radiocarbon years BP""],""precision_posture"":""site_interval"",""provenance_excerpt"":"""",""provenance_locator"":""site_age_ranges"",""provenance_path"":"""",""schema_version"":""temporal-semantics.v1"",""source_family"":""neotoma"",""summary_label"":""0-11100 Calibrated radiocarbon years BP"",""temporal_window_key"":""mid_holocene"",""temporal_window_label"":""Mid-Holocene (3001-6000 BP)"",""time_end_bp"":11100,""time_mean_bp"":5550,""time_start_bp"":0,""uncertainty_notes"":[]},""time_end_bp"":11100,""time_label"":""0-11100 Calibrated radiocarbon years BP"",""time_mean_bp"":5550,""time_start_bp"":0}]"
aggregate,Aggregate,,12,0.1976,Stömnesjön,Stömnesjön,sweden_lake_registry:685496-153902,61.80718,16.512573,"https://www.google.com/maps/search/?api=1&query=61.807180,16.512573",12,0.1976,7,aggregate; fieldwork shortlist; 10 km; 20 km; 30 km; 40 km; 50 km,685496-153902,water_surface_name,2.438561,sampling_lake_candidate,1.0,,site_review_required,bathymetry and basin depth; sediment preservation and prior coring history; shore access and landowner contact; permit requirements; field hazards and logistics,1,0.0,,,"[{""latitude"":61.816667,""longitude"":16.533333,""source_layer_key"":""landclim-sites"",""source_name"":""Klotjärnen"",""source_record"":""landclim-sites:897303:Klotjärnen:61.816667:16.533333"",""source_url"":""https://doi.org/10.1594/PANGAEA.897303"",""temporal_semantics"":{""comparability_posture"":""numeric_interval"",""comparison_note"":""This interval describes sequence coverage, not a single pollen observation or an event date."",""duration_years"":6200,""evidence_class"":""pollen_site_sequence_coverage"",""normalized_labels"":[""0-100 BP to 5700-6200 BP""],""original_labels"":[""0-100 BP to 5700-6200 BP""],""precision_posture"":""site_sequence_interval"",""provenance_excerpt"":"""",""provenance_locator"":""SiteData:Klotjärnen"",""provenance_path"":""data/landclim/raw/landclim_i_land_cover_types.xlsx"",""schema_version"":""temporal-semantics.v1"",""source_family"":""landclim"",""summary_label"":""0-100 BP to 5700-6200 BP"",""temporal_window_key"":""mid_holocene"",""temporal_window_label"":""Mid-Holocene (3001-6000 BP)"",""time_end_bp"":6200,""time_mean_bp"":3100,""time_start_bp"":0,""uncertainty_notes"":[]},""time_end_bp"":6200,""time_label"":""0-100 BP to 5700-6200 BP"",""time_mean_bp"":3100,""time_start_bp"":0},{""latitude"":61.816667,""longitude"":16.533333,""source_layer_key"":""landclim-sites"",""source_name"":""Klotjärnen"",""source_record"":""landclim-sites:937075:KLO"",""source_url"":""https://doi.org/10.1594/PANGAEA.937075"",""temporal_semantics"":{""comparability_posture"":""numeric_interval"",""comparison_note"":""This interval describes sequence coverage, not a single pollen observation or an event date."",""duration_years"":9557,""evidence_class"":""pollen_site_sequence_coverage"",""normalized_labels"":[""-60-9497 BP""],""original_labels"":[""-60-9497 BP""],""precision_posture"":""site_sequence_interval"",""provenance_excerpt"":"""",""provenance_locator"":""LANDCLIMII metadata file:KLO"",""provenance_path"":""data/landclim/raw/landclim_ii_site_metadata.xlsx"",""schema_version"":""temporal-semantics.v1"",""source_family"":""landclim"",""summary_label"":""-60-9497 BP"",""temporal_window_key"":""mid_holocene"",""temporal_window_label"":""Mid-Holocene (3001-6000 BP)"",""time_end_bp"":9497,""time_mean_bp"":4718,""time_start_bp"":-60,""uncertainty_notes"":[]},""time_end_bp"":9497,""time_label"":""-60-9497 BP"",""time_mean_bp"":4718,""time_start_bp"":-60}]"
aggregate,Aggregate,,13,0.1867,Lindhultsgöl,Lindhultsgöl,sweden_lake_registry:633608-141894,57.145223,14.46766,"https://www.google.com/maps/search/?api=1&query=57.145223,14.467660",13,0.1867,6,aggregate; 10 km; 20 km; 30 km; 40 km; 50 km,633608-141894,water_surface_name,0.076304,compact_lake_candidate,0.63,small mapped water surface; prefer checking basin depth and access before field planning,site_review_required,bathymetry and basin depth; sediment preservation and prior coring history; shore access and landowner contact; permit requirements; field hazards and logistics,1,0.0,,,"[{""latitude"":57.143611,""longitude"":14.466111,""source_layer_key"":""landclim-sites"",""source_name"":""Lindhultsgöl"",""source_record"":""landclim-sites:897303:Lindhultsgöl:57.143611:14.466111"",""source_url"":""https://doi.org/10.1594/PANGAEA.897303"",""temporal_semantics"":{""comparability_posture"":""numeric_interval"",""comparison_note"":""This interval describes sequence coverage, not a single pollen observation or an event date."",""duration_years"":100,""evidence_class"":""pollen_site_sequence_coverage"",""normalized_labels"":[""0-100 BP""],""original_labels"":[""0-100 BP""],""precision_posture"":""site_sequence_interval"",""provenance_excerpt"":"""",""provenance_locator"":""SiteData:Lindhultsgöl"",""provenance_path"":""data/landclim/raw/landclim_i_land_cover_types.xlsx"",""schema_version"":""temporal-semantics.v1"",""source_family"":""landclim"",""summary_label"":""0-100 BP"",""temporal_window_key"":""recent_historical"",""temporal_window_label"":""Recent and historical (0-1000 BP)"",""time_end_bp"":100,""time_mean_bp"":50,""time_start_bp"":0,""uncertainty_notes"":[]},""time_end_bp"":100,""time_label"":""0-100 BP"",""time_mean_bp"":50,""time_start_bp"":0},{""latitude"":57.143611,""longitude"":14.466111,""source_layer_key"":""landclim-sites"",""source_name"":""Lindhultsgöl"",""source_record"":""landclim-sites:900966:GC21:Lindhultsgöl"",""source_url"":""https://doi.org/10.1594/PANGAEA.900966"",""temporal_semantics"":{""comparability_posture"":""numeric_interval"",""comparison_note"":""This interval describes sequence coverage, not a single pollen observation or an event date."",""duration_years"":11700,""evidence_class"":""pollen_site_sequence_coverage"",""normalized_labels"":[""0-11700 BP""],""original_labels"":[""0-11700 BP""],""precision_posture"":""site_sequence_interval"",""provenance_excerpt"":"""",""provenance_locator"":""Metadata:Lindhultsgöl"",""provenance_path"":""data/landclim/raw/marquer_2017_reveals_taxa_grid_cells.xlsx"",""schema_version"":""temporal-semantics.v1"",""source_family"":""landclim"",""summary_label"":""0-11700 BP"",""temporal_window_key"":""mid_holocene"",""temporal_window_label"":""Mid-Holocene (3001-6000 BP)"",""time_end_bp"":11700,""time_mean_bp"":5850,""time_start_bp"":0,""uncertainty_notes"":[]},""time_end_bp"":11700,""time_label"":""0-11700 BP"",""time_mean_bp"":5850,""time_start_bp"":0},{""latitude"":57.1436,""longitude"":14.4661,""source_layer_key"":""landclim-sites"",""source_name"":""Lindhultsgöl"",""source_record"":""landclim-sites:937075:Lindhult"",""source_url"":""https://doi.org/10.1594/PANGAEA.937075"",""temporal_semantics"":{""comparability_posture"":""numeric_interval"",""comparison_note"":""This interval describes sequence coverage, not a single pollen observation or an event date."",""duration_years"":1001,""evidence_class"":""pollen_site_sequence_coverage"",""normalized_labels"":[""-57-944 BP""],""original_labels"":[""-57-944 BP""],""precision_posture"":""site_sequence_interval"",""provenance_excerpt"":"""",""provenance_locator"":""LANDCLIMII metadata file:Lindhult"",""provenance_path"":""data/landclim/raw/landclim_ii_site_metadata.xlsx"",""schema_version"":""temporal-semantics.v1"",""source_family"":""landclim"",""summary_label"":""-57-944 BP"",""temporal_window_key"":""recent_historical"",""temporal_window_label"":""Recent and historical (0-1000 BP)"",""time_end_bp"":944,""time_mean_bp"":444,""time_start_bp"":-57,""uncertainty_notes"":[]},""time_end_bp"":944,""time_label"":""-57-944 BP"",""time_mean_bp"":444,""time_start_bp"":-57}]"
aggregate,Aggregate,,14,0.1849,Rummehölj,Rummehölj,sweden_lake_registry:632142-151758,57.017085,16.089132,"https://www.google.com/maps/search/?api=1&query=57.017085,16.089132",14,0.1849,6,aggregate; 10 km; 20 km; 30 km; 40 km; 50 km,632142-151758,water_surface_name,0.076319,compact_lake_candidate,0.63,small mapped water surface; prefer checking basin depth and access before field planning,site_review_required,bathymetry and basin depth; sediment preservation and prior coring history; shore access and landowner contact; permit requirements; field hazards and logistics,1,0.0,,,"[{""latitude"":57.016667,""longitude"":16.116667,""source_layer_key"":""landclim-sites"",""source_name"":""Skärsgölarna"",""source_record"":""landclim-sites:897303:Skärsgölarna:57.016667:16.116667"",""source_url"":""https://doi.org/10.1594/PANGAEA.897303"",""temporal_semantics"":{""comparability_posture"":""numeric_interval"",""comparison_note"":""This interval describes sequence coverage, not a single pollen observation or an event date."",""duration_years"":6200,""evidence_class"":""pollen_site_sequence_coverage"",""normalized_labels"":[""0-100 BP to 5700-6200 BP""],""original_labels"":[""0-100 BP to 5700-6200 BP""],""precision_posture"":""site_sequence_interval"",""provenance_excerpt"":"""",""provenance_locator"":""SiteData:Skärsgölarna"",""provenance_path"":""data/landclim/raw/landclim_i_land_cover_types.xlsx"",""schema_version"":""temporal-semantics.v1"",""source_family"":""landclim"",""summary_label"":""0-100 BP to 5700-6200 BP"",""temporal_window_key"":""mid_holocene"",""temporal_window_label"":""Mid-Holocene (3001-6000 BP)"",""time_end_bp"":6200,""time_mean_bp"":3100,""time_start_bp"":0,""uncertainty_notes"":[]},""time_end_bp"":6200,""time_label"":""0-100 BP to 5700-6200 BP"",""time_mean_bp"":3100,""time_start_bp"":0},{""latitude"":57.016667,""longitude"":16.116667,""source_layer_key"":""landclim-sites"",""source_name"":""Skärsgölarna"",""source_record"":""landclim-sites:937075:SKAR"",""source_url"":""https://doi.org/10.1594/PANGAEA.937075"",""temporal_semantics"":{""comparability_posture"":""numeric_interval"",""comparison_note"":""This interval describes sequence coverage, not a single pollen observation or an event date."",""duration_years"":5852,""evidence_class"":""pollen_site_sequence_coverage"",""normalized_labels"":[""-46-5806 BP""],""original_labels"":[""-46-5806 BP""],""precision_posture"":""site_sequence_interval"",""provenance_excerpt"":"""",""provenance_locator"":""LANDCLIMII metadata file:SKAR"",""provenance_path"":""data/landclim/raw/landclim_ii_site_metadata.xlsx"",""schema_version"":""temporal-semantics.v1"",""source_family"":""landclim"",""summary_label"":""-46-5806 BP"",""temporal_window_key"":""late_holocene"",""temporal_window_label"":""Late Holocene (1001-3000 BP)"",""time_end_bp"":5806,""time_mean_bp"":2880,""time_start_bp"":-46,""uncertainty_notes"":[]},""time_end_bp"":5806,""time_label"":""-46-5806 BP"",""time_mean_bp"":2880,""time_start_bp"":-46}]"
aggregate,Aggregate,,15,0.1668,Norr-Lången,Norr-Lången,sweden_lake_registry:685509-153253,61.810118,16.426007,"https://www.google.com/maps/search/?api=1&query=61.810118,16.426007",15,0.1668,6,aggregate; fieldwork shortlist; 10 km; 20 km; 30 km; 40 km,685509-153253,water_surface_name,0.114889,compact_lake_candidate,0.63,small mapped water surface; prefer checking basin depth and access before field planning,site_review_required,bathymetry and basin depth; sediment preservation and prior coring history; shore access and landowner contact; permit requirements; field hazards and logistics,1,0.0,,,"[{""latitude"":61.82125,""longitude"":16.40472,""source_layer_key"":""neotoma-pollen"",""source_name"":""Klotjärnen"",""source_record"":""neotoma-pollen:13336"",""source_url"":""https://apps.neotomadb.org/explorer/#/record/site/13336"",""temporal_semantics"":{""comparability_posture"":""numeric_interval"",""comparison_note"":""Neotoma publishes BP age coverage here, but the interval remains a site-level pollen context span rather than a sample-owned event date."",""duration_years"":10072,""evidence_class"":""neotoma_bp_range"",""normalized_labels"":[""Calibrated radiocarbon years BP""],""original_labels"":[""Calibrated radiocarbon years BP""],""precision_posture"":""site_interval"",""provenance_excerpt"":"""",""provenance_locator"":""site_age_ranges"",""provenance_path"":"""",""schema_version"":""temporal-semantics.v1"",""source_family"":""neotoma"",""summary_label"":""0-10072 Calibrated radiocarbon years BP"",""temporal_window_key"":""mid_holocene"",""temporal_window_label"":""Mid-Holocene (3001-6000 BP)"",""time_end_bp"":10072,""time_mean_bp"":5036,""time_start_bp"":0,""uncertainty_notes"":[]},""time_end_bp"":10072,""time_label"":""0-10072 Calibrated radiocarbon years BP"",""time_mean_bp"":5036,""time_start_bp"":0}]"
aggregate,Aggregate,,16,0.1619,Östra Ringsjön,Östra Ringsjön,sweden_lake_registry:619626-135565,55.86857,13.549973,"https://www.google.com/maps/search/?api=1&query=55.868570,13.549973",16,0.1619,6,aggregate; fieldwork shortlist; 10 km; 20 km; 40 km; 50 km,619626-135565,water_surface_name,24.728453,sampling_lake_candidate,0.94,,site_review_required,bathymetry and basin depth; sediment preservation and prior coring history; shore access and landowner contact; permit requirements; field hazards and logistics,1,0.0,,,[]
aggregate,Aggregate,,17,0.1608,Lilla Sjö,Lilla Sjö,sweden_lake_registry:624044-138336,56.281643,13.924259,"https://www.google.com/maps/search/?api=1&query=56.281643,13.924259",17,0.1608,6,aggregate; 10 km; 20 km; 30 km; 40 km; 50 km,624044-138336,water_surface_name,0.14393,compact_lake_candidate,0.63,small mapped water surface; prefer checking basin depth and access before field planning,site_review_required,bathymetry and basin depth; sediment preservation and prior coring history; shore access and landowner contact; permit requirements; field hazards and logistics,1,0.0,,,[]
aggregate,Aggregate,,18,0.1586,Bergakyllen,Bergakyllen,sweden_lake_registry:633992-152030,57.186058,16.143141,"https://www.google.com/maps/search/?api=1&query=57.186058,16.143141",18,0.1586,5,aggregate; 10 km; 20 km; 30 km; 50 km,633992-152030,water_surface_name,0.105502,compact_lake_candidate,0.63,small mapped water surface; prefer checking basin depth and access before field planning,site_review_required,bathymetry and basin depth; sediment preservation and prior coring history; shore access and landowner contact; permit requirements; field hazards and logistics,1,0.0,,,"[{""latitude"":57.18367,""longitude"":16.14528,""source_layer_key"":""neotoma-pollen"",""source_name"":""Bergakyllen"",""source_record"":""neotoma-pollen:3009"",""source_url"":""https://apps.neotomadb.org/explorer/#/record/site/3009"",""temporal_semantics"":{""comparability_posture"":""numeric_interval_with_caveat"",""comparison_note"":""Neotoma coverage merges more than one BP age-range convention for this site, so the interval remains comparable but should be treated as a site-level summary span."",""duration_years"":14447,""evidence_class"":""neotoma_aggregated_bp_ranges"",""normalized_labels"":[""Calibrated radiocarbon years BP"",""Radiocarbon years BP""],""original_labels"":[""Calibrated radiocarbon years BP"",""Radiocarbon years BP""],""precision_posture"":""site_interval_with_uncertainty"",""provenance_excerpt"":"""",""provenance_locator"":""site_age_ranges"",""provenance_path"":"""",""schema_version"":""temporal-semantics.v1"",""source_family"":""neotoma"",""summary_label"":""8464-22911 Calibrated radiocarbon years BP"",""temporal_window_key"":""early_holocene_and_older"",""temporal_window_label"":""Early Holocene and older (6001+ BP)"",""time_end_bp"":22911,""time_mean_bp"":15688,""time_start_bp"":8464,""uncertainty_notes"":[""Multiple BP age-range conventions contribute to this site span.""]},""time_end_bp"":22911,""time_label"":""8464-22911 Calibrated radiocarbon years BP"",""time_mean_bp"":15688,""time_start_bp"":8464},{""latitude"":57.1894,""longitude"":16.15266,""source_layer_key"":""neotoma-pollen"",""source_name"":""Skvarran"",""source_record"":""neotoma-pollen:3419"",""source_url"":""https://apps.neotomadb.org/explorer/#/record/site/3419"",""temporal_semantics"":{""comparability_posture"":""numeric_interval_with_caveat"",""comparison_note"":""Neotoma coverage merges more than one BP age-range convention for this site, so the interval remains comparable but should be treated as a site-level summary span."",""duration_years"":9383,""evidence_class"":""neotoma_aggregated_bp_ranges"",""normalized_labels"":[""Calibrated radiocarbon years BP"",""Radiocarbon years BP""],""original_labels"":[""Calibrated radiocarbon years BP"",""Radiocarbon years BP""],""precision_posture"":""site_interval_with_uncertainty"",""provenance_excerpt"":"""",""provenance_locator"":""site_age_ranges"",""provenance_path"":"""",""schema_version"":""temporal-semantics.v1"",""source_family"":""neotoma"",""summary_label"":""9807-19190 Calibrated radiocarbon years BP"",""temporal_window_key"":""early_holocene_and_older"",""temporal_window_label"":""Early Holocene and older (6001+ BP)"",""time_end_bp"":19190,""time_mean_bp"":14498,""time_start_bp"":9807,""uncertainty_notes"":[""Multiple BP age-range conventions contribute to this site span.""]},""time_end_bp"":19190,""time_label"":""9807-19190 Calibrated radiocarbon years BP"",""time_mean_bp"":14498,""time_start_bp"":9807}]"
aggregate,Aggregate,,19,0.1585,Klogöl,Klogöl,sweden_lake_registry:634119-152099,57.195047,16.149861,"https://www.google.com/maps/search/?api=1&query=57.195047,16.149861",19,0.1585,5,aggregate; 10 km; 20 km; 30 km; 50 km,634119-152099,water_surface_name,0.053239,compact_lake_candidate,0.63,small mapped water surface; prefer checking basin depth and access before field planning,site_review_required,bathymetry and basin depth; sediment preservation and prior coring history; shore access and landowner contact; permit requirements; field hazards and logistics,1,0.0,,,"[{""latitude"":57.18367,""longitude"":16.14528,""source_layer_key"":""neotoma-pollen"",""source_name"":""Bergakyllen"",""source_record"":""neotoma-pollen:3009"",""source_url"":""https://apps.neotomadb.org/explorer/#/record/site/3009"",""temporal_semantics"":{""comparability_posture"":""numeric_interval_with_caveat"",""comparison_note"":""Neotoma coverage merges more than one BP age-range convention for this site, so the interval remains comparable but should be treated as a site-level summary span."",""duration_years"":14447,""evidence_class"":""neotoma_aggregated_bp_ranges"",""normalized_labels"":[""Calibrated radiocarbon years BP"",""Radiocarbon years BP""],""original_labels"":[""Calibrated radiocarbon years BP"",""Radiocarbon years BP""],""precision_posture"":""site_interval_with_uncertainty"",""provenance_excerpt"":"""",""provenance_locator"":""site_age_ranges"",""provenance_path"":"""",""schema_version"":""temporal-semantics.v1"",""source_family"":""neotoma"",""summary_label"":""8464-22911 Calibrated radiocarbon years BP"",""temporal_window_key"":""early_holocene_and_older"",""temporal_window_label"":""Early Holocene and older (6001+ BP)"",""time_end_bp"":22911,""time_mean_bp"":15688,""time_start_bp"":8464,""uncertainty_notes"":[""Multiple BP age-range conventions contribute to this site span.""]},""time_end_bp"":22911,""time_label"":""8464-22911 Calibrated radiocarbon years BP"",""time_mean_bp"":15688,""time_start_bp"":8464},{""latitude"":57.1894,""longitude"":16.15266,""source_layer_key"":""neotoma-pollen"",""source_name"":""Skvarran"",""source_record"":""neotoma-pollen:3419"",""source_url"":""https://apps.neotomadb.org/explorer/#/record/site/3419"",""temporal_semantics"":{""comparability_posture"":""numeric_interval_with_caveat"",""comparison_note"":""Neotoma coverage merges more than one BP age-range convention for this site, so the interval remains comparable but should be treated as a site-level summary span."",""duration_years"":9383,""evidence_class"":""neotoma_aggregated_bp_ranges"",""normalized_labels"":[""Calibrated radiocarbon years BP"",""Radiocarbon years BP""],""original_labels"":[""Calibrated radiocarbon years BP"",""Radiocarbon years BP""],""precision_posture"":""site_interval_with_uncertainty"",""provenance_excerpt"":"""",""provenance_locator"":""site_age_ranges"",""provenance_path"":"""",""schema_version"":""temporal-semantics.v1"",""source_family"":""neotoma"",""summary_label"":""9807-19190 Calibrated radiocarbon years BP"",""temporal_window_key"":""early_holocene_and_older"",""temporal_window_label"":""Early Holocene and older (6001+ BP)"",""time_end_bp"":19190,""time_mean_bp"":14498,""time_start_bp"":9807,""uncertainty_notes"":[""Multiple BP age-range conventions contribute to this site span.""]},""time_end_bp"":19190,""time_label"":""9807-19190 Calibrated radiocarbon years BP"",""time_mean_bp"":14498,""time_start_bp"":9807}]"
aggregate,Aggregate,,20,0.1583,Långetjärn,Långetjärn,sweden_lake_registry:640460-129466,57.723622,12.35907,"https://www.google.com/maps/search/?api=1&query=57.723622,12.359070",20,0.1583,6,aggregate; fieldwork shortlist; 10 km; 20 km; 30 km; 40 km,640460-129466,water_surface_name,0.193946,sampling_lake_candidate,0.868,,site_review_required,bathymetry and basin depth; sediment preservation and prior coring history; shore access and landowner contact; permit requirements; field hazards and logistics,1,0.0,,,"[{""latitude"":57.709,""longitude"":12.34641,""source_layer_key"":""neotoma-pollen"",""source_name"":""Björksjödamm"",""source_record"":""neotoma-pollen:3020"",""source_url"":""https://apps.neotomadb.org/explorer/#/record/site/3020"",""temporal_semantics"":{""comparability_posture"":""numeric_interval_with_caveat"",""comparison_note"":""Neotoma coverage merges more than one BP age-range convention for this site, so the interval remains comparable but should be treated as a site-level summary span."",""duration_years"":6094,""evidence_class"":""neotoma_aggregated_bp_ranges"",""normalized_labels"":[""Calibrated radiocarbon years BP"",""Radiocarbon years BP""],""original_labels"":[""Calibrated radiocarbon years BP"",""Radiocarbon years BP""],""precision_posture"":""site_interval_with_uncertainty"",""provenance_excerpt"":"""",""provenance_locator"":""site_age_ranges"",""provenance_path"":"""",""schema_version"":""temporal-semantics.v1"",""source_family"":""neotoma"",""summary_label"":""9386-15480 Calibrated radiocarbon years BP"",""temporal_window_key"":""early_holocene_and_older"",""temporal_window_label"":""Early Holocene and older (6001+ BP)"",""time_end_bp"":15480,""time_mean_bp"":12433,""time_start_bp"":9386,""uncertainty_notes"":[""Multiple BP age-range conventions contribute to this site span.""]},""time_end_bp"":15480,""time_label"":""9386-15480 Calibrated radiocarbon years BP"",""time_mean_bp"":12433,""time_start_bp"":9386}]"
aggregate,Aggregate,,21,0.1555,Finjasjön,Finjasjön,sweden_lake_registry:622731-136920,56.135794,13.702733,"https://www.google.com/maps/search/?api=1&query=56.135794,13.702733",21,0.1555,4,fieldwork shortlist; 30 km; 40 km; 50 km,622731-136920,water_surface_name,10.497234,sampling_lake_candidate,1.0,,site_review_required,bathymetry and basin depth; sediment preservation and prior coring history; shore access and landowner contact; permit requirements; field hazards and logistics,1,0.0,,,[]
aggregate,Aggregate,,22,0.1325,Värsjön,Värsjön,sweden_lake_registry:624606-135677,56.312348,13.46978,"https://www.google.com/maps/search/?api=1&query=56.312348,13.469780",22,0.1325,2,fieldwork shortlist; 10 km,624606-135677,water_surface_name,2.660824,sampling_lake_candidate,1.0,,site_review_required,bathymetry and basin depth; sediment preservation and prior coring history; shore access and landowner contact; permit requirements; field hazards and logistics,1,0.0,,,[]
aggregate,Aggregate,,23,0.1197,Örevattnet,Örevattnet,sweden_lake_registry:649958-125585,58.552564,11.60074,"https://www.google.com/maps/search/?api=1&query=58.552564,11.600740",23,0.1197,1,fieldwork shortlist,649958-125585,water_surface_name,0.324934,sampling_lake_candidate,0.868,,site_review_required,bathymetry and basin depth; sediment preservation and prior coring history; shore access and landowner contact; permit requirements; field hazards and logistics,1,0.0,,,[]
aggregate,Aggregate,,24,0.1175,Jämningen,Jämningen,sweden_lake_registry:624245-140812,56.297527,14.314794,"https://www.google.com/maps/search/?api=1&query=56.297527,14.314794",24,0.1175,3,fieldwork shortlist; 40 km; 50 km,624245-140812,water_surface_name,0.435817,sampling_lake_candidate,0.868,,site_review_required,bathymetry and basin depth; sediment preservation and prior coring history; shore access and landowner contact; permit requirements; field hazards and logistics,1,0.0,,,[]
aggregate,Aggregate,,25,0.0871,Kyrksjön,Kyrksjön,sweden_lake_registry:653734-145755,58.95646,15.070704,"https://www.google.com/maps/search/?api=1&query=58.956460,15.070704",25,0.0871,1,fieldwork shortlist,653734-145755,water_surface_name,0.219089,sampling_lake_candidate,0.868,,site_review_required,bathymetry and basin depth; sediment preservation and prior coring history; shore access and landowner contact; permit requirements; field hazards and logistics,1,0.0,,,[]
aggregate,Aggregate,,26,0.0727,Kyperedssjö,Kyperedssjö,sweden_lake_registry:640726-132684,57.757581,12.892382,"https://www.google.com/maps/search/?api=1&query=57.757581,12.892382",26,0.0727,0,,640726-132684,water_surface_name,0.071276,compact_lake_candidate,0.63,small mapped water surface; prefer checking basin depth and access before field planning,site_review_required,bathymetry and basin depth; sediment preservation and prior coring history; shore access and landowner contact; permit requirements; field hazards and logistics,1,0.0,,,[]
radius_10km,10 km,10,1,0.7117,Bjärsjön,Bjärsjön,sweden_lake_registry:646994-137366,58.334534,13.65652,"https://www.google.com/maps/search/?api=1&query=58.334534,13.656520",1,0.707,7,aggregate; fieldwork shortlist; 10 km; 20 km; 30 km; 40 km; 50 km,646994-137366,water_surface_name,0.132579,compact_lake_candidate,0.63,small mapped water surface; prefer checking basin depth and access before field planning,site_review_required,bathymetry and basin depth; sediment preservation and prior coring history; shore access and landowner contact; permit requirements; field hazards and logistics,1,0.0,,,[]
radius_10km,10 km,10,2,0.3192,Krageholmssjön,Krageholmssjön,sweden_lake_registry:615375-137087,55.501715,13.744603,"https://www.google.com/maps/search/?api=1&query=55.501715,13.744603",4,0.3843,7,aggregate; fieldwork shortlist; 10 km; 20 km; 30 km; 40 km; 50 km,615375-137087,water_surface_name,2.050682,sampling_lake_candidate,1.0,,site_review_required,bathymetry and basin depth; sediment preservation and prior coring history; shore access and landowner contact; permit requirements; field hazards and logistics,1,0.0,,,"[{""latitude"":55.5,""longitude"":13.733333,""source_layer_key"":""landclim-sites"",""source_name"":""Krageholmssjön"",""source_record"":""landclim-sites:897303:Krageholmssjön:55.500000:13.733333"",""source_url"":""https://doi.org/10.1594/PANGAEA.897303"",""temporal_semantics"":{""comparability_posture"":""numeric_interval"",""comparison_note"":""This interval describes sequence coverage, not a single pollen observation or an event date."",""duration_years"":6200,""evidence_class"":""pollen_site_sequence_coverage"",""normalized_labels"":[""0-100 BP to 5700-6200 BP""],""original_labels"":[""0-100 BP to 5700-6200 BP""],""precision_posture"":""site_sequence_interval"",""provenance_excerpt"":"""",""provenance_locator"":""SiteData:Krageholmssjön"",""provenance_path"":""data/landclim/raw/landclim_i_land_cover_types.xlsx"",""schema_version"":""temporal-semantics.v1"",""source_family"":""landclim"",""summary_label"":""0-100 BP to 5700-6200 BP"",""temporal_window_key"":""mid_holocene"",""temporal_window_label"":""Mid-Holocene (3001-6000 BP)"",""time_end_bp"":6200,""time_mean_bp"":3100,""time_start_bp"":0,""uncertainty_notes"":[]},""time_end_bp"":6200,""time_label"":""0-100 BP to 5700-6200 BP"",""time_mean_bp"":3100,""time_start_bp"":0},{""latitude"":55.5,""longitude"":13.733333,""source_layer_key"":""landclim-sites"",""source_name"":""Krageholmssjön"",""source_record"":""landclim-sites:900966:GC18:Krageholmssjön"",""source_url"":""https://doi.org/10.1594/PANGAEA.900966"",""temporal_semantics"":{""comparability_posture"":""numeric_interval"",""comparison_note"":""This interval describes sequence coverage, not a single pollen observation or an event date."",""duration_years"":11700,""evidence_class"":""pollen_site_sequence_coverage"",""normalized_labels"":[""0-11700 BP""],""original_labels"":[""0-11700 BP""],""precision_posture"":""site_sequence_interval"",""provenance_excerpt"":"""",""provenance_locator"":""Metadata:Krageholmssjön"",""provenance_path"":""data/landclim/raw/marquer_2017_reveals_taxa_grid_cells.xlsx"",""schema_version"":""temporal-semantics.v1"",""source_family"":""landclim"",""summary_label"":""0-11700 BP"",""temporal_window_key"":""mid_holocene"",""temporal_window_label"":""Mid-Holocene (3001-6000 BP)"",""time_end_bp"":11700,""time_mean_bp"":5850,""time_start_bp"":0,""uncertainty_notes"":[]},""time_end_bp"":11700,""time_label"":""0-11700 BP"",""time_mean_bp"":5850,""time_start_bp"":0},{""latitude"":55.5,""longitude"":13.733333,""source_layer_key"":""landclim-sites"",""source_name"":""Krageholmssjön"",""source_record"":""landclim-sites:937075:KRA"",""source_url"":""https://doi.org/10.1594/PANGAEA.937075"",""temporal_semantics"":{""comparability_posture"":""numeric_interval"",""comparison_note"":""This interval describes sequence coverage, not a single pollen observation or an event date."",""duration_years"":11589,""evidence_class"":""pollen_site_sequence_coverage"",""normalized_labels"":[""11-11600 BP""],""original_labels"":[""11-11600 BP""],""precision_posture"":""site_sequence_interval"",""provenance_excerpt"":"""",""provenance_locator"":""LANDCLIMII metadata file:KRA"",""provenance_path"":""data/landclim/raw/landclim_ii_site_metadata.xlsx"",""schema_version"":""temporal-semantics.v1"",""source_family"":""landclim"",""summary_label"":""11-11600 BP"",""temporal_window_key"":""mid_holocene"",""temporal_window_label"":""Mid-Holocene (3001-6000 BP)"",""time_end_bp"":11600,""time_mean_bp"":5806,""time_start_bp"":11,""uncertainty_notes"":[]},""time_end_bp"":11600,""time_label"":""11-11600 BP"",""time_mean_bp"":5806,""time_start_bp"":11},{""latitude"":55.50078,""longitude"":13.74492,""source_layer_key"":""neotoma-pollen"",""source_name"":""Krageholmssjön"",""source_record"":""neotoma-pollen:3204"",""source_url"":""https://apps.neotomadb.org/explorer/#/record/site/3204"",""temporal_semantics"":{""comparability_posture"":""numeric_interval_with_caveat"",""comparison_note"":""Neotoma coverage merges more than one BP age-range convention for this site, so the interval remains comparable but should be treated as a site-level summary span."",""duration_years"":12209,""evidence_class"":""neotoma_aggregated_bp_ranges"",""normalized_labels"":[""Calibrated radiocarbon years BP"",""Radiocarbon years BP""],""original_labels"":[""Calibrated radiocarbon years BP"",""Radiocarbon years BP""],""precision_posture"":""site_interval_with_uncertainty"",""provenance_excerpt"":"""",""provenance_locator"":""site_age_ranges"",""provenance_path"":"""",""schema_version"":""temporal-semantics.v1"",""source_family"":""neotoma"",""summary_label"":""0-12209 Calibrated radiocarbon years BP"",""temporal_window_key"":""early_holocene_and_older"",""temporal_window_label"":""Early Holocene and older (6001+ BP)"",""time_end_bp"":12209,""time_mean_bp"":6104,""time_start_bp"":0,""uncertainty_notes"":[""Multiple BP age-range conventions contribute to this site span.""]},""time_end_bp"":12209,""time_label"":""0-12209 Calibrated radiocarbon years BP"",""time_mean_bp"":6104,""time_start_bp"":0}]"
radius_10km,10 km,10,3,0.2848,Sigvaldeträsk,Sigvaldeträsk,sweden_lake_registry:636053-166363,57.341825,18.527093,"https://www.google.com/maps/search/?api=1&query=57.341825,18.527093",3,0.3981,7,aggregate; fieldwork shortlist; 10 km; 20 km; 30 km; 40 km; 50 km,636053-166363,water_surface_name,0.087096,compact_lake_candidate,0.63,small mapped water surface; prefer checking basin depth and access before field planning,site_review_required,bathymetry and basin depth; sediment preservation and prior coring history; shore access and landowner contact; permit requirements; field hazards and logistics,1,0.0,,,[]
radius_10km,10 km,10,4,0.2698,Bjäresjö,Bjäresjö,sweden_lake_registry:614958-137018,55.459405,13.751743,"https://www.google.com/maps/search/?api=1&query=55.459405,13.751743",6,0.3505,7,aggregate; fieldwork shortlist; 10 km; 20 km; 30 km; 40 km; 50 km,614958-137018,water_surface_name,0.022251,small_lake_review,0.27,very small mapped water surface; treat as a micro-basin until field validation confirms suitability,site_review_required,bathymetry and basin depth; sediment preservation and prior coring history; shore access and landowner contact; permit requirements; field hazards and logistics,1,0.0,,,"[{""latitude"":55.459167,""longitude"":13.751944,""source_layer_key"":""landclim-sites"",""source_name"":""Bjäresjösjön"",""source_record"":""landclim-sites:897303:Bjäresjösjön:55.459167:13.751944"",""source_url"":""https://doi.org/10.1594/PANGAEA.897303"",""temporal_semantics"":{""comparability_posture"":""numeric_interval"",""comparison_note"":""This interval describes sequence coverage, not a single pollen observation or an event date."",""duration_years"":3200,""evidence_class"":""pollen_site_sequence_coverage"",""normalized_labels"":[""0-100 BP to 2700-3200 BP""],""original_labels"":[""0-100 BP to 2700-3200 BP""],""precision_posture"":""site_sequence_interval"",""provenance_excerpt"":"""",""provenance_locator"":""SiteData:Bjäresjösjön"",""provenance_path"":""data/landclim/raw/landclim_i_land_cover_types.xlsx"",""schema_version"":""temporal-semantics.v1"",""source_family"":""landclim"",""summary_label"":""0-100 BP to 2700-3200 BP"",""temporal_window_key"":""late_holocene"",""temporal_window_label"":""Late Holocene (1001-3000 BP)"",""time_end_bp"":3200,""time_mean_bp"":1600,""time_start_bp"":0,""uncertainty_notes"":[]},""time_end_bp"":3200,""time_label"":""0-100 BP to 2700-3200 BP"",""time_mean_bp"":1600,""time_start_bp"":0},{""latitude"":55.459167,""longitude"":13.751944,""source_layer_key"":""landclim-sites"",""source_name"":""Bjäresjösjön"",""source_record"":""landclim-sites:900966:GC18:Bjäresjösjön"",""source_url"":""https://doi.org/10.1594/PANGAEA.900966"",""temporal_semantics"":{""comparability_posture"":""numeric_interval"",""comparison_note"":""This interval describes sequence coverage, not a single pollen observation or an event date."",""duration_years"":11700,""evidence_class"":""pollen_site_sequence_coverage"",""normalized_labels"":[""0-11700 BP""],""original_labels"":[""0-11700 BP""],""precision_posture"":""site_sequence_interval"",""provenance_excerpt"":"""",""provenance_locator"":""Metadata:Bjäresjösjön"",""provenance_path"":""data/landclim/raw/marquer_2017_reveals_taxa_grid_cells.xlsx"",""schema_version"":""temporal-semantics.v1"",""source_family"":""landclim"",""summary_label"":""0-11700 BP"",""temporal_window_key"":""mid_holocene"",""temporal_window_label"":""Mid-Holocene (3001-6000 BP)"",""time_end_bp"":11700,""time_mean_bp"":5850,""time_start_bp"":0,""uncertainty_notes"":[]},""time_end_bp"":11700,""time_label"":""0-11700 BP"",""time_mean_bp"":5850,""time_start_bp"":0},{""latitude"":55.45,""longitude"":13.75,""source_layer_key"":""landclim-sites"",""source_name"":""Bjäresjösjön"",""source_record"":""landclim-sites:937075:BJARE"",""source_url"":""https://doi.org/10.1594/PANGAEA.937075"",""temporal_semantics"":{""comparability_posture"":""numeric_interval"",""comparison_note"":""This interval describes sequence coverage, not a single pollen observation or an event date."",""duration_years"":2836,""evidence_class"":""pollen_site_sequence_coverage"",""normalized_labels"":[""-33-2803 BP""],""original_labels"":[""-33-2803 BP""],""precision_posture"":""site_sequence_interval"",""provenance_excerpt"":"""",""provenance_locator"":""LANDCLIMII metadata file:BJARE"",""provenance_path"":""data/landclim/raw/landclim_ii_site_metadata.xlsx"",""schema_version"":""temporal-semantics.v1"",""source_family"":""landclim"",""summary_label"":""-33-2803 BP"",""temporal_window_key"":""late_holocene"",""temporal_window_label"":""Late Holocene (1001-3000 BP)"",""time_end_bp"":2803,""time_mean_bp"":1385,""time_start_bp"":-33,""uncertainty_notes"":[]},""time_end_bp"":2803,""time_label"":""-33-2803 BP"",""time_mean_bp"":1385,""time_start_bp"":-33},{""latitude"":55.45917,""longitude"":13.75194,""source_layer_key"":""neotoma-pollen"",""source_name"":""Bjäresjösjön"",""source_record"":""neotoma-pollen:28871"",""source_url"":""https://apps.neotomadb.org/explorer/#/record/site/28871"",""temporal_semantics"":{""comparability_posture"":""numeric_interval_with_caveat"",""comparison_note"":""Neotoma coverage merges more than one BP age-range convention for this site, so the interval remains comparable but should be treated as a site-level summary span."",""duration_years"":2803,""evidence_class"":""neotoma_aggregated_bp_ranges"",""normalized_labels"":[""Calibrated radiocarbon years BP"",""Radiocarbon years BP""],""original_labels"":[""Calibrated radiocarbon years BP"",""Radiocarbon years BP""],""precision_posture"":""site_interval_with_uncertainty"",""provenance_excerpt"":"""",""provenance_locator"":""site_age_ranges"",""provenance_path"":"""",""schema_version"":""temporal-semantics.v1"",""source_family"":""neotoma"",""summary_label"":""0-2803 Calibrated radiocarbon years BP"",""temporal_window_key"":""late_holocene"",""temporal_window_label"":""Late Holocene (1001-3000 BP)"",""time_end_bp"":2803,""time_mean_bp"":1402,""time_start_bp"":0,""uncertainty_notes"":[""Multiple BP age-range conventions contribute to this site span.""]},""time_end_bp"":2803,""time_label"":""0-2803 Calibrated radiocarbon years BP"",""time_mean_bp"":1402,""time_start_bp"":0},{""latitude"":55.454444,""longitude"":13.766389,""source_layer_key"":""landclim-sites"",""source_name"":""Bjärsjöholmssjön"",""source_record"":""landclim-sites:897303:Bjärsjöholmssjön:55.454444:13.766389"",""source_url"":""https://doi.org/10.1594/PANGAEA.897303"",""temporal_semantics"":{""comparability_posture"":""numeric_interval"",""comparison_note"":""This interval describes sequence coverage, not a single pollen observation or an event date."",""duration_years"":3500,""evidence_class"":""pollen_site_sequence_coverage"",""normalized_labels"":[""2700-3200 BP to 5700-6200 BP""],""original_labels"":[""2700-3200 BP to 5700-6200 BP""],""precision_posture"":""site_sequence_interval"",""provenance_excerpt"":"""",""provenance_locator"":""SiteData:Bjärsjöholmssjön"",""provenance_path"":""data/landclim/raw/landclim_i_land_cover_types.xlsx"",""schema_version"":""temporal-semantics.v1"",""source_family"":""landclim"",""summary_label"":""2700-3200 BP to 5700-6200 BP"",""temporal_window_key"":""mid_holocene"",""temporal_window_label"":""Mid-Holocene (3001-6000 BP)"",""time_end_bp"":6200,""time_mean_bp"":4450,""time_start_bp"":2700,""uncertainty_notes"":[]},""time_end_bp"":6200,""time_label"":""2700-3200 BP to 5700-6200 BP"",""time_mean_bp"":4450,""time_start_bp"":2700},{""latitude"":55.454444,""longitude"":13.766389,""source_layer_key"":""landclim-sites"",""source_name"":""Bjärsjöholmssjön"",""source_record"":""landclim-sites:900966:GC18:Bjärsjöholmssjön"",""source_url"":""https://doi.org/10.1594/PANGAEA.900966"",""temporal_semantics"":{""comparability_posture"":""numeric_interval"",""comparison_note"":""This interval describes sequence coverage, not a single pollen observation or an event date."",""duration_years"":11700,""evidence_class"":""pollen_site_sequence_coverage"",""normalized_labels"":[""0-11700 BP""],""original_labels"":[""0-11700 BP""],""precision_posture"":""site_sequence_interval"",""provenance_excerpt"":"""",""provenance_locator"":""Metadata:Bjärsjöholmssjön"",""provenance_path"":""data/landclim/raw/marquer_2017_reveals_taxa_grid_cells.xlsx"",""schema_version"":""temporal-semantics.v1"",""source_family"":""landclim"",""summary_label"":""0-11700 BP"",""temporal_window_key"":""mid_holocene"",""temporal_window_label"":""Mid-Holocene (3001-6000 BP)"",""time_end_bp"":11700,""time_mean_bp"":5850,""time_start_bp"":0,""uncertainty_notes"":[]},""time_end_bp"":11700,""time_label"":""0-11700 BP"",""time_mean_bp"":5850,""time_start_bp"":0},{""latitude"":55.45396,""longitude"":13.780255,""source_layer_key"":""neotoma-pollen"",""source_name"":""Bjärsjöholmssjön"",""source_record"":""neotoma-pollen:3017"",""source_url"":""https://apps.neotomadb.org/explorer/#/record/site/3017"",""temporal_semantics"":{""comparability_posture"":""numeric_interval_with_caveat"",""comparison_note"":""Neotoma coverage merges more than one BP age-range convention for this site, so the interval remains comparable but should be treated as a site-level summary span."",""duration_years"":8814,""evidence_class"":""neotoma_aggregated_bp_ranges"",""normalized_labels"":[""Calibrated radiocarbon years BP"",""Radiocarbon years BP""],""original_labels"":[""Calibrated radiocarbon years BP"",""Radiocarbon years BP""],""precision_posture"":""site_interval_with_uncertainty"",""provenance_excerpt"":"""",""provenance_locator"":""site_age_ranges"",""provenance_path"":"""",""schema_version"":""temporal-semantics.v1"",""source_family"":""neotoma"",""summary_label"":""0-8814 Calibrated radiocarbon years BP"",""temporal_window_key"":""mid_holocene"",""temporal_window_label"":""Mid-Holocene (3001-6000 BP)"",""time_end_bp"":8814,""time_mean_bp"":4407,""time_start_bp"":0,""uncertainty_notes"":[""Multiple BP age-range conventions contribute to this site span.""]},""time_end_bp"":8814,""time_label"":""0-8814 Calibrated radiocarbon years BP"",""time_mean_bp"":4407,""time_start_bp"":0}]"
radius_10km,10 km,10,5,0.252,Häckebergasjön,Häckebergasjön,sweden_lake_registry:616410-134992,55.577162,13.422814,"https://www.google.com/maps/search/?api=1&query=55.577162,13.422814",2,0.4204,7,aggregate; fieldwork shortlist; 10 km; 20 km; 30 km; 40 km; 50 km,616410-134992,water_surface_name,0.758596,sampling_lake_candidate,1.0,,site_review_required,bathymetry and basin depth; sediment preservation and prior coring history; shore access and landowner contact; permit requirements; field hazards and logistics,1,0.0,,,"[{""latitude"":55.575556,""longitude"":13.4375,""source_layer_key"":""landclim-sites"",""source_name"":""Bökesjön"",""source_record"":""landclim-sites:897303:Bökesjön:55.575556:13.437500"",""source_url"":""https://doi.org/10.1594/PANGAEA.897303"",""temporal_semantics"":{""comparability_posture"":""numeric_interval"",""comparison_note"":""This interval describes sequence coverage, not a single pollen observation or an event date."",""duration_years"":3200,""evidence_class"":""pollen_site_sequence_coverage"",""normalized_labels"":[""0-100 BP to 2700-3200 BP""],""original_labels"":[""0-100 BP to 2700-3200 BP""],""precision_posture"":""site_sequence_interval"",""provenance_excerpt"":"""",""provenance_locator"":""SiteData:Bökesjön"",""provenance_path"":""data/landclim/raw/landclim_i_land_cover_types.xlsx"",""schema_version"":""temporal-semantics.v1"",""source_family"":""landclim"",""summary_label"":""0-100 BP to 2700-3200 BP"",""temporal_window_key"":""late_holocene"",""temporal_window_label"":""Late Holocene (1001-3000 BP)"",""time_end_bp"":3200,""time_mean_bp"":1600,""time_start_bp"":0,""uncertainty_notes"":[]},""time_end_bp"":3200,""time_label"":""0-100 BP to 2700-3200 BP"",""time_mean_bp"":1600,""time_start_bp"":0},{""latitude"":55.575556,""longitude"":13.4375,""source_layer_key"":""landclim-sites"",""source_name"":""Bökesjön"",""source_record"":""landclim-sites:900966:GC18:Bökesjön"",""source_url"":""https://doi.org/10.1594/PANGAEA.900966"",""temporal_semantics"":{""comparability_posture"":""numeric_interval"",""comparison_note"":""This interval describes sequence coverage, not a single pollen observation or an event date."",""duration_years"":11700,""evidence_class"":""pollen_site_sequence_coverage"",""normalized_labels"":[""0-11700 BP""],""original_labels"":[""0-11700 BP""],""precision_posture"":""site_sequence_interval"",""provenance_excerpt"":"""",""provenance_locator"":""Metadata:Bökesjön"",""provenance_path"":""data/landclim/raw/marquer_2017_reveals_taxa_grid_cells.xlsx"",""schema_version"":""temporal-semantics.v1"",""source_family"":""landclim"",""summary_label"":""0-11700 BP"",""temporal_window_key"":""mid_holocene"",""temporal_window_label"":""Mid-Holocene (3001-6000 BP)"",""time_end_bp"":11700,""time_mean_bp"":5850,""time_start_bp"":0,""uncertainty_notes"":[]},""time_end_bp"":11700,""time_label"":""0-11700 BP"",""time_mean_bp"":5850,""time_start_bp"":0},{""latitude"":55.575556,""longitude"":13.4375,""source_layer_key"":""landclim-sites"",""source_name"":""Bökesjön"",""source_record"":""landclim-sites:937075:BOKE"",""source_url"":""https://doi.org/10.1594/PANGAEA.937075"",""temporal_semantics"":{""comparability_posture"":""numeric_interval"",""comparison_note"":""This interval describes sequence coverage, not a single pollen observation or an event date."",""duration_years"":5645,""evidence_class"":""pollen_site_sequence_coverage"",""normalized_labels"":[""-40-5605 BP""],""original_labels"":[""-40-5605 BP""],""precision_posture"":""site_sequence_interval"",""provenance_excerpt"":"""",""provenance_locator"":""LANDCLIMII metadata file:BOKE"",""provenance_path"":""data/landclim/raw/landclim_ii_site_metadata.xlsx"",""schema_version"":""temporal-semantics.v1"",""source_family"":""landclim"",""summary_label"":""-40-5605 BP"",""temporal_window_key"":""late_holocene"",""temporal_window_label"":""Late Holocene (1001-3000 BP)"",""time_end_bp"":5605,""time_mean_bp"":2782,""time_start_bp"":-40,""uncertainty_notes"":[]},""time_end_bp"":5605,""time_label"":""-40-5605 BP"",""time_mean_bp"":2782,""time_start_bp"":-40},{""latitude"":55.57556,""longitude"":13.4375,""source_layer_key"":""neotoma-pollen"",""source_name"":""Bökesjön"",""source_record"":""neotoma-pollen:28872"",""source_url"":""https://apps.neotomadb.org/explorer/#/record/site/28872"",""temporal_semantics"":{""comparability_posture"":""numeric_interval"",""comparison_note"":""Neotoma publishes BP age coverage here, but the interval remains a site-level pollen context span rather than a sample-owned event date."",""duration_years"":5605,""evidence_class"":""neotoma_bp_range"",""normalized_labels"":[""Calibrated radiocarbon years BP""],""original_labels"":[""Calibrated radiocarbon years BP""],""precision_posture"":""site_interval"",""provenance_excerpt"":"""",""provenance_locator"":""site_age_ranges"",""provenance_path"":"""",""schema_version"":""temporal-semantics.v1"",""source_family"":""neotoma"",""summary_label"":""0-5605 Calibrated radiocarbon years BP"",""temporal_window_key"":""late_holocene"",""temporal_window_label"":""Late Holocene (1001-3000 BP)"",""time_end_bp"":5605,""time_mean_bp"":2802,""time_start_bp"":0,""uncertainty_notes"":[]},""time_end_bp"":5605,""time_label"":""0-5605 Calibrated radiocarbon years BP"",""time_mean_bp"":2802,""time_start_bp"":0}]"
radius_10km,10 km,10,6,0.2375,Färskesjön,Färskesjön,sweden_lake_registry:622492-150312,56.159037,15.859814,"https://www.google.com/maps/search/?api=1&query=56.159037,15.859814",9,0.2364,7,aggregate; fieldwork shortlist; 10 km; 20 km; 30 km; 40 km; 50 km,622492-150312,water_surface_name,0.459128,sampling_lake_candidate,0.868,,site_review_required,bathymetry and basin depth; sediment preservation and prior coring history; shore access and landowner contact; permit requirements; field hazards and logistics,1,0.0,,,"[{""latitude"":56.166667,""longitude"":15.866667,""source_layer_key"":""landclim-sites"",""source_name"":""Färshesjön"",""source_record"":""landclim-sites:897303:Färshesjön:56.166667:15.866667"",""source_url"":""https://doi.org/10.1594/PANGAEA.897303"",""temporal_semantics"":{""comparability_posture"":""numeric_interval"",""comparison_note"":""This interval describes sequence coverage, not a single pollen observation or an event date."",""duration_years"":6100,""evidence_class"":""pollen_site_sequence_coverage"",""normalized_labels"":[""100-350 BP to 5700-6200 BP""],""original_labels"":[""100-350 BP to 5700-6200 BP""],""precision_posture"":""site_sequence_interval"",""provenance_excerpt"":"""",""provenance_locator"":""SiteData:Färshesjön"",""provenance_path"":""data/landclim/raw/landclim_i_land_cover_types.xlsx"",""schema_version"":""temporal-semantics.v1"",""source_family"":""landclim"",""summary_label"":""100-350 BP to 5700-6200 BP"",""temporal_window_key"":""mid_holocene"",""temporal_window_label"":""Mid-Holocene (3001-6000 BP)"",""time_end_bp"":6200,""time_mean_bp"":3150,""time_start_bp"":100,""uncertainty_notes"":[]},""time_end_bp"":6200,""time_label"":""100-350 BP to 5700-6200 BP"",""time_mean_bp"":3150,""time_start_bp"":100},{""latitude"":56.166667,""longitude"":15.866667,""source_layer_key"":""landclim-sites"",""source_name"":""Färskesjön"",""source_record"":""landclim-sites:937075:FARSK"",""source_url"":""https://doi.org/10.1594/PANGAEA.937075"",""temporal_semantics"":{""comparability_posture"":""numeric_interval"",""comparison_note"":""This interval describes sequence coverage, not a single pollen observation or an event date."",""duration_years"":12262,""evidence_class"":""pollen_site_sequence_coverage"",""normalized_labels"":[""180-12442 BP""],""original_labels"":[""180-12442 BP""],""precision_posture"":""site_sequence_interval"",""provenance_excerpt"":"""",""provenance_locator"":""LANDCLIMII metadata file:FARSK"",""provenance_path"":""data/landclim/raw/landclim_ii_site_metadata.xlsx"",""schema_version"":""temporal-semantics.v1"",""source_family"":""landclim"",""summary_label"":""180-12442 BP"",""temporal_window_key"":""early_holocene_and_older"",""temporal_window_label"":""Early Holocene and older (6001+ BP)"",""time_end_bp"":12442,""time_mean_bp"":6311,""time_start_bp"":180,""uncertainty_notes"":[]},""time_end_bp"":12442,""time_label"":""180-12442 BP"",""time_mean_bp"":6311,""time_start_bp"":180},{""latitude"":56.15907,""longitude"":15.86049,""source_layer_key"":""neotoma-pollen"",""source_name"":""Färskesjön"",""source_record"":""neotoma-pollen:3102"",""source_url"":""https://apps.neotomadb.org/explorer/#/record/site/3102"",""temporal_semantics"":{""comparability_posture"":""numeric_interval_with_caveat"",""comparison_note"":""Neotoma coverage merges more than one BP age-range convention for this site, so the interval remains comparable but should be treated as a site-level summary span."",""duration_years"":12664,""evidence_class"":""neotoma_aggregated_bp_ranges"",""normalized_labels"":[""Calibrated radiocarbon years BP"",""Radiocarbon years BP""],""original_labels"":[""Calibrated radiocarbon years BP"",""Radiocarbon years BP""],""precision_posture"":""site_interval_with_uncertainty"",""provenance_excerpt"":"""",""provenance_locator"":""site_age_ranges"",""provenance_path"":"""",""schema_version"":""temporal-semantics.v1"",""source_family"":""neotoma"",""summary_label"":""66-12730 Calibrated radiocarbon years BP"",""temporal_window_key"":""early_holocene_and_older"",""temporal_window_label"":""Early Holocene and older (6001+ BP)"",""time_end_bp"":12730,""time_mean_bp"":6398,""time_start_bp"":66,""uncertainty_notes"":[""Multiple BP age-range conventions contribute to this site span.""]},""time_end_bp"":12730,""time_label"":""66-12730 Calibrated radiocarbon years BP"",""time_mean_bp"":6398,""time_start_bp"":66},{""latitude"":56.166667,""longitude"":15.866667,""source_layer_key"":""landclim-sites"",""source_name"":""Färskesjön (core 2014)"",""source_record"":""landclim-sites:937075:Farske"",""source_url"":""https://doi.org/10.1594/PANGAEA.937075"",""temporal_semantics"":{""comparability_posture"":""numeric_interval"",""comparison_note"":""This interval describes sequence coverage, not a single pollen observation or an event date."",""duration_years"":3113,""evidence_class"":""pollen_site_sequence_coverage"",""normalized_labels"":[""-58-3055 BP""],""original_labels"":[""-58-3055 BP""],""precision_posture"":""site_sequence_interval"",""provenance_excerpt"":"""",""provenance_locator"":""LANDCLIMII metadata file:Farske"",""provenance_path"":""data/landclim/raw/landclim_ii_site_metadata.xlsx"",""schema_version"":""temporal-semantics.v1"",""source_family"":""landclim"",""summary_label"":""-58-3055 BP"",""temporal_window_key"":""late_holocene"",""temporal_window_label"":""Late Holocene (1001-3000 BP)"",""time_end_bp"":3055,""time_mean_bp"":1498,""time_start_bp"":-58,""uncertainty_notes"":[]},""time_end_bp"":3055,""time_label"":""-58-3055 BP"",""time_mean_bp"":1498,""time_start_bp"":-58}]"
radius_10km,10 km,10,7,0.2251,Flarken,Flarken,sweden_lake_registry:649459-137568,58.556811,13.672884,"https://www.google.com/maps/search/?api=1&query=58.556811,13.672884",5,0.3726,7,aggregate; fieldwork shortlist; 10 km; 20 km; 30 km; 40 km; 50 km,649459-137568,water_surface_name,0.165887,sampling_lake_candidate,0.868,,site_review_required,bathymetry and basin depth; sediment preservation and prior coring history; shore access and landowner contact; permit requirements; field hazards and logistics,1,0.0,,,"[{""latitude"":58.583333,""longitude"":13.666667,""source_layer_key"":""landclim-sites"",""source_name"":""Flarken"",""source_record"":""landclim-sites:897303:Lake Flarken:58.583333:13.666667"",""source_url"":""https://doi.org/10.1594/PANGAEA.897303"",""temporal_semantics"":{""comparability_posture"":""numeric_interval"",""comparison_note"":""This interval describes sequence coverage, not a single pollen observation or an event date."",""duration_years"":6200,""evidence_class"":""pollen_site_sequence_coverage"",""normalized_labels"":[""0-100 BP to 5700-6200 BP""],""original_labels"":[""0-100 BP to 5700-6200 BP""],""precision_posture"":""site_sequence_interval"",""provenance_excerpt"":"""",""provenance_locator"":""SiteData:Lake Flarken"",""provenance_path"":""data/landclim/raw/landclim_i_land_cover_types.xlsx"",""schema_version"":""temporal-semantics.v1"",""source_family"":""landclim"",""summary_label"":""0-100 BP to 5700-6200 BP"",""temporal_window_key"":""mid_holocene"",""temporal_window_label"":""Mid-Holocene (3001-6000 BP)"",""time_end_bp"":6200,""time_mean_bp"":3100,""time_start_bp"":0,""uncertainty_notes"":[]},""time_end_bp"":6200,""time_label"":""0-100 BP to 5700-6200 BP"",""time_mean_bp"":3100,""time_start_bp"":0},{""latitude"":58.583333,""longitude"":13.666667,""source_layer_key"":""landclim-sites"",""source_name"":""Flarken"",""source_record"":""landclim-sites:937075:FLA"",""source_url"":""https://doi.org/10.1594/PANGAEA.937075"",""temporal_semantics"":{""comparability_posture"":""numeric_interval"",""comparison_note"":""This interval describes sequence coverage, not a single pollen observation or an event date."",""duration_years"":12246,""evidence_class"":""pollen_site_sequence_coverage"",""normalized_labels"":[""-50-12196 BP""],""original_labels"":[""-50-12196 BP""],""precision_posture"":""site_sequence_interval"",""provenance_excerpt"":"""",""provenance_locator"":""LANDCLIMII metadata file:FLA"",""provenance_path"":""data/landclim/raw/landclim_ii_site_metadata.xlsx"",""schema_version"":""temporal-semantics.v1"",""source_family"":""landclim"",""summary_label"":""-50-12196 BP"",""temporal_window_key"":""early_holocene_and_older"",""temporal_window_label"":""Early Holocene and older (6001+ BP)"",""time_end_bp"":12196,""time_mean_bp"":6073,""time_start_bp"":-50,""uncertainty_notes"":[]},""time_end_bp"":12196,""time_label"":""-50-12196 BP"",""time_mean_bp"":6073,""time_start_bp"":-50},{""latitude"":58.55679,""longitude"":13.67319,""source_layer_key"":""neotoma-pollen"",""source_name"":""Flarken"",""source_record"":""neotoma-pollen:3107"",""source_url"":""https://apps.neotomadb.org/explorer/#/record/site/3107"",""temporal_semantics"":{""comparability_posture"":""numeric_interval_with_caveat"",""comparison_note"":""Neotoma coverage merges more than one BP age-range convention for this site, so the interval remains comparable but should be treated as a site-level summary span."",""duration_years"":12439,""evidence_class"":""neotoma_aggregated_bp_ranges"",""normalized_labels"":[""Calibrated radiocarbon years BP"",""Radiocarbon years BP""],""original_labels"":[""Calibrated radiocarbon years BP"",""Radiocarbon years BP""],""precision_posture"":""site_interval_with_uncertainty"",""provenance_excerpt"":"""",""provenance_locator"":""site_age_ranges"",""provenance_path"":"""",""schema_version"":""temporal-semantics.v1"",""source_family"":""neotoma"",""summary_label"":""113-12471 Calibrated radiocarbon years BP"",""temporal_window_key"":""early_holocene_and_older"",""temporal_window_label"":""Early Holocene and older (6001+ BP)"",""time_end_bp"":12471,""time_mean_bp"":6252,""time_start_bp"":32,""uncertainty_notes"":[""Multiple BP age-range conventions contribute to this site span.""]},""time_end_bp"":12471,""time_label"":""113-12471 Calibrated radiocarbon years BP"",""time_mean_bp"":6252,""time_start_bp"":32}]"
radius_10km,10 km,10,8,0.2039,Åbodasjön,Åbodasjön,sweden_lake_registry:632901-141943,57.085667,14.482671,"https://www.google.com/maps/search/?api=1&query=57.085667,14.482671",10,0.2155,7,aggregate; fieldwork shortlist; 10 km; 20 km; 30 km; 40 km; 50 km,632901-141943,water_surface_name,0.545153,sampling_lake_candidate,1.0,,site_review_required,bathymetry and basin depth; sediment preservation and prior coring history; shore access and landowner contact; permit requirements; field hazards and logistics,1,0.0,,,"[{""latitude"":57.085556,""longitude"":14.478611,""source_layer_key"":""landclim-sites"",""source_name"":""Åbodasjön"",""source_record"":""landclim-sites:897303:Åbodasjön:57.085556:14.478611"",""source_url"":""https://doi.org/10.1594/PANGAEA.897303"",""temporal_semantics"":{""comparability_posture"":""numeric_interval"",""comparison_note"":""This interval describes sequence coverage, not a single pollen observation or an event date."",""duration_years"":100,""evidence_class"":""pollen_site_sequence_coverage"",""normalized_labels"":[""0-100 BP""],""original_labels"":[""0-100 BP""],""precision_posture"":""site_sequence_interval"",""provenance_excerpt"":"""",""provenance_locator"":""SiteData:Åbodasjön"",""provenance_path"":""data/landclim/raw/landclim_i_land_cover_types.xlsx"",""schema_version"":""temporal-semantics.v1"",""source_family"":""landclim"",""summary_label"":""0-100 BP"",""temporal_window_key"":""recent_historical"",""temporal_window_label"":""Recent and historical (0-1000 BP)"",""time_end_bp"":100,""time_mean_bp"":50,""time_start_bp"":0,""uncertainty_notes"":[]},""time_end_bp"":100,""time_label"":""0-100 BP"",""time_mean_bp"":50,""time_start_bp"":0},{""latitude"":57.085556,""longitude"":14.478611,""source_layer_key"":""landclim-sites"",""source_name"":""Åbodasjön"",""source_record"":""landclim-sites:900966:GC21:Åbodasjön"",""source_url"":""https://doi.org/10.1594/PANGAEA.900966"",""temporal_semantics"":{""comparability_posture"":""numeric_interval"",""comparison_note"":""This interval describes sequence coverage, not a single pollen observation or an event date."",""duration_years"":11700,""evidence_class"":""pollen_site_sequence_coverage"",""normalized_labels"":[""0-11700 BP""],""original_labels"":[""0-11700 BP""],""precision_posture"":""site_sequence_interval"",""provenance_excerpt"":"""",""provenance_locator"":""Metadata:Åbodasjön"",""provenance_path"":""data/landclim/raw/marquer_2017_reveals_taxa_grid_cells.xlsx"",""schema_version"":""temporal-semantics.v1"",""source_family"":""landclim"",""summary_label"":""0-11700 BP"",""temporal_window_key"":""mid_holocene"",""temporal_window_label"":""Mid-Holocene (3001-6000 BP)"",""time_end_bp"":11700,""time_mean_bp"":5850,""time_start_bp"":0,""uncertainty_notes"":[]},""time_end_bp"":11700,""time_label"":""0-11700 BP"",""time_mean_bp"":5850,""time_start_bp"":0},{""latitude"":57.0856,""longitude"":14.4787,""source_layer_key"":""landclim-sites"",""source_name"":""Åbodasjön"",""source_record"":""landclim-sites:937075:Åbodasjön"",""source_url"":""https://doi.org/10.1594/PANGAEA.937075"",""temporal_semantics"":{""comparability_posture"":""numeric_interval"",""comparison_note"":""This interval describes sequence coverage, not a single pollen observation or an event date."",""duration_years"":1008,""evidence_class"":""pollen_site_sequence_coverage"",""normalized_labels"":[""-57-951 BP""],""original_labels"":[""-57-951 BP""],""precision_posture"":""site_sequence_interval"",""provenance_excerpt"":"""",""provenance_locator"":""LANDCLIMII metadata file:Åbodasjön"",""provenance_path"":""data/landclim/raw/landclim_ii_site_metadata.xlsx"",""schema_version"":""temporal-semantics.v1"",""source_family"":""landclim"",""summary_label"":""-57-951 BP"",""temporal_window_key"":""recent_historical"",""temporal_window_label"":""Recent and historical (0-1000 BP)"",""time_end_bp"":951,""time_mean_bp"":447,""time_start_bp"":-57,""uncertainty_notes"":[]},""time_end_bp"":951,""time_label"":""-57-951 BP"",""time_mean_bp"":447,""time_start_bp"":-57}]"
radius_10km,10 km,10,9,0.2001,Ungtjärnen,Ungtjärnen,sweden_lake_registry:666346-150259,60.089033,15.850291,"https://www.google.com/maps/search/?api=1&query=60.089033,15.850291",11,0.2037,7,aggregate; fieldwork shortlist; 10 km; 20 km; 30 km; 40 km; 50 km,666346-150259,water_surface_name,0.101555,compact_lake_candidate,0.63,small mapped water surface; prefer checking basin depth and access before field planning,site_review_required,bathymetry and basin depth; sediment preservation and prior coring history; shore access and landowner contact; permit requirements; field hazards and logistics,1,0.0,,,"[{""latitude"":60.083333,""longitude"":15.833333,""source_layer_key"":""landclim-sites"",""source_name"":""Gilltjärnen"",""source_record"":""landclim-sites:897303:Gilltjärnen:60.083333:15.833333"",""source_url"":""https://doi.org/10.1594/PANGAEA.897303"",""temporal_semantics"":{""comparability_posture"":""numeric_interval"",""comparison_note"":""This interval describes sequence coverage, not a single pollen observation or an event date."",""duration_years"":6200,""evidence_class"":""pollen_site_sequence_coverage"",""normalized_labels"":[""0-100 BP to 5700-6200 BP""],""original_labels"":[""0-100 BP to 5700-6200 BP""],""precision_posture"":""site_sequence_interval"",""provenance_excerpt"":"""",""provenance_locator"":""SiteData:Gilltjärnen"",""provenance_path"":""data/landclim/raw/landclim_i_land_cover_types.xlsx"",""schema_version"":""temporal-semantics.v1"",""source_family"":""landclim"",""summary_label"":""0-100 BP to 5700-6200 BP"",""temporal_window_key"":""mid_holocene"",""temporal_window_label"":""Mid-Holocene (3001-6000 BP)"",""time_end_bp"":6200,""time_mean_bp"":3100,""time_start_bp"":0,""uncertainty_notes"":[]},""time_end_bp"":6200,""time_label"":""0-100 BP to 5700-6200 BP"",""time_mean_bp"":3100,""time_start_bp"":0},{""latitude"":60.08333,""longitude"":15.83333,""source_layer_key"":""neotoma-pollen"",""source_name"":""Gilltjärnen"",""source_record"":""neotoma-pollen:28866"",""source_url"":""https://apps.neotomadb.org/explorer/#/record/site/28866"",""temporal_semantics"":{""comparability_posture"":""numeric_interval"",""comparison_note"":""Neotoma publishes BP age coverage here, but the interval remains a site-level pollen context span rather than a sample-owned event date."",""duration_years"":11100,""evidence_class"":""neotoma_bp_range"",""normalized_labels"":[""Calibrated radiocarbon years BP""],""original_labels"":[""Calibrated radiocarbon years BP""],""precision_posture"":""site_interval"",""provenance_excerpt"":"""",""provenance_locator"":""site_age_ranges"",""provenance_path"":"""",""schema_version"":""temporal-semantics.v1"",""source_family"":""neotoma"",""summary_label"":""0-11100 Calibrated radiocarbon years BP"",""temporal_window_key"":""mid_holocene"",""temporal_window_label"":""Mid-Holocene (3001-6000 BP)"",""time_end_bp"":11100,""time_mean_bp"":5550,""time_start_bp"":0,""uncertainty_notes"":[]},""time_end_bp"":11100,""time_label"":""0-11100 Calibrated radiocarbon years BP"",""time_mean_bp"":5550,""time_start_bp"":0}]"
radius_10km,10 km,10,10,0.1894,Stömnesjön,Stömnesjön,sweden_lake_registry:685496-153902,61.80718,16.512573,"https://www.google.com/maps/search/?api=1&query=61.807180,16.512573",12,0.1976,7,aggregate; fieldwork shortlist; 10 km; 20 km; 30 km; 40 km; 50 km,685496-153902,water_surface_name,2.438561,sampling_lake_candidate,1.0,,site_review_required,bathymetry and basin depth; sediment preservation and prior coring history; shore access and landowner contact; permit requirements; field hazards and logistics,1,0.0,,,"[{""latitude"":61.816667,""longitude"":16.533333,""source_layer_key"":""landclim-sites"",""source_name"":""Klotjärnen"",""source_record"":""landclim-sites:897303:Klotjärnen:61.816667:16.533333"",""source_url"":""https://doi.org/10.1594/PANGAEA.897303"",""temporal_semantics"":{""comparability_posture"":""numeric_interval"",""comparison_note"":""This interval describes sequence coverage, not a single pollen observation or an event date."",""duration_years"":6200,""evidence_class"":""pollen_site_sequence_coverage"",""normalized_labels"":[""0-100 BP to 5700-6200 BP""],""original_labels"":[""0-100 BP to 5700-6200 BP""],""precision_posture"":""site_sequence_interval"",""provenance_excerpt"":"""",""provenance_locator"":""SiteData:Klotjärnen"",""provenance_path"":""data/landclim/raw/landclim_i_land_cover_types.xlsx"",""schema_version"":""temporal-semantics.v1"",""source_family"":""landclim"",""summary_label"":""0-100 BP to 5700-6200 BP"",""temporal_window_key"":""mid_holocene"",""temporal_window_label"":""Mid-Holocene (3001-6000 BP)"",""time_end_bp"":6200,""time_mean_bp"":3100,""time_start_bp"":0,""uncertainty_notes"":[]},""time_end_bp"":6200,""time_label"":""0-100 BP to 5700-6200 BP"",""time_mean_bp"":3100,""time_start_bp"":0},{""latitude"":61.816667,""longitude"":16.533333,""source_layer_key"":""landclim-sites"",""source_name"":""Klotjärnen"",""source_record"":""landclim-sites:937075:KLO"",""source_url"":""https://doi.org/10.1594/PANGAEA.937075"",""temporal_semantics"":{""comparability_posture"":""numeric_interval"",""comparison_note"":""This interval describes sequence coverage, not a single pollen observation or an event date."",""duration_years"":9557,""evidence_class"":""pollen_site_sequence_coverage"",""normalized_labels"":[""-60-9497 BP""],""original_labels"":[""-60-9497 BP""],""precision_posture"":""site_sequence_interval"",""provenance_excerpt"":"""",""provenance_locator"":""LANDCLIMII metadata file:KLO"",""provenance_path"":""data/landclim/raw/landclim_ii_site_metadata.xlsx"",""schema_version"":""temporal-semantics.v1"",""source_family"":""landclim"",""summary_label"":""-60-9497 BP"",""temporal_window_key"":""mid_holocene"",""temporal_window_label"":""Mid-Holocene (3001-6000 BP)"",""time_end_bp"":9497,""time_mean_bp"":4718,""time_start_bp"":-60,""uncertainty_notes"":[]},""time_end_bp"":9497,""time_label"":""-60-9497 BP"",""time_mean_bp"":4718,""time_start_bp"":-60}]"
radius_10km,10 km,10,11,0.1769,Mullsjön,Mullsjön,sweden_lake_registry:646681-140779,58.317875,14.210785,"https://www.google.com/maps/search/?api=1&query=58.317875,14.210785",8,0.2534,7,aggregate; fieldwork shortlist; 10 km; 20 km; 30 km; 40 km; 50 km,646681-140779,water_surface_name,3.918493,sampling_lake_candidate,1.0,,site_review_required,bathymetry and basin depth; sediment preservation and prior coring history; shore access and landowner contact; permit requirements; field hazards and logistics,1,0.0,,,"[{""latitude"":58.31761,""longitude"":14.21136,""source_layer_key"":""neotoma-pollen"",""source_name"":""Mullsjön"",""source_record"":""neotoma-pollen:3303"",""source_url"":""https://apps.neotomadb.org/explorer/#/record/site/3303"",""temporal_semantics"":{""comparability_posture"":""numeric_interval_with_caveat"",""comparison_note"":""Neotoma coverage merges more than one BP age-range convention for this site, so the interval remains comparable but should be treated as a site-level summary span."",""duration_years"":8806,""evidence_class"":""neotoma_aggregated_bp_ranges"",""normalized_labels"":[""Calibrated radiocarbon years BP"",""Radiocarbon years BP""],""original_labels"":[""Calibrated radiocarbon years BP"",""Radiocarbon years BP""],""precision_posture"":""site_interval_with_uncertainty"",""provenance_excerpt"":"""",""provenance_locator"":""site_age_ranges"",""provenance_path"":"""",""schema_version"":""temporal-semantics.v1"",""source_family"":""neotoma"",""summary_label"":""9526-17322 Calibrated radiocarbon years BP"",""temporal_window_key"":""early_holocene_and_older"",""temporal_window_label"":""Early Holocene and older (6001+ BP)"",""time_end_bp"":17322,""time_mean_bp"":12919,""time_start_bp"":8516,""uncertainty_notes"":[""Multiple BP age-range conventions contribute to this site span.""]},""time_end_bp"":17322,""time_label"":""9526-17322 Calibrated radiocarbon years BP"",""time_mean_bp"":12919,""time_start_bp"":8516}]"
radius_10km,10 km,10,12,0.1746,Rummehölj,Rummehölj,sweden_lake_registry:632142-151758,57.017085,16.089132,"https://www.google.com/maps/search/?api=1&query=57.017085,16.089132",14,0.1849,6,aggregate; 10 km; 20 km; 30 km; 40 km; 50 km,632142-151758,water_surface_name,0.076319,compact_lake_candidate,0.63,small mapped water surface; prefer checking basin depth and access before field planning,site_review_required,bathymetry and basin depth; sediment preservation and prior coring history; shore access and landowner contact; permit requirements; field hazards and logistics,1,0.0,,,"[{""latitude"":57.016667,""longitude"":16.116667,""source_layer_key"":""landclim-sites"",""source_name"":""Skärsgölarna"",""source_record"":""landclim-sites:897303:Skärsgölarna:57.016667:16.116667"",""source_url"":""https://doi.org/10.1594/PANGAEA.897303"",""temporal_semantics"":{""comparability_posture"":""numeric_interval"",""comparison_note"":""This interval describes sequence coverage, not a single pollen observation or an event date."",""duration_years"":6200,""evidence_class"":""pollen_site_sequence_coverage"",""normalized_labels"":[""0-100 BP to 5700-6200 BP""],""original_labels"":[""0-100 BP to 5700-6200 BP""],""precision_posture"":""site_sequence_interval"",""provenance_excerpt"":"""",""provenance_locator"":""SiteData:Skärsgölarna"",""provenance_path"":""data/landclim/raw/landclim_i_land_cover_types.xlsx"",""schema_version"":""temporal-semantics.v1"",""source_family"":""landclim"",""summary_label"":""0-100 BP to 5700-6200 BP"",""temporal_window_key"":""mid_holocene"",""temporal_window_label"":""Mid-Holocene (3001-6000 BP)"",""time_end_bp"":6200,""time_mean_bp"":3100,""time_start_bp"":0,""uncertainty_notes"":[]},""time_end_bp"":6200,""time_label"":""0-100 BP to 5700-6200 BP"",""time_mean_bp"":3100,""time_start_bp"":0},{""latitude"":57.016667,""longitude"":16.116667,""source_layer_key"":""landclim-sites"",""source_name"":""Skärsgölarna"",""source_record"":""landclim-sites:937075:SKAR"",""source_url"":""https://doi.org/10.1594/PANGAEA.937075"",""temporal_semantics"":{""comparability_posture"":""numeric_interval"",""comparison_note"":""This interval describes sequence coverage, not a single pollen observation or an event date."",""duration_years"":5852,""evidence_class"":""pollen_site_sequence_coverage"",""normalized_labels"":[""-46-5806 BP""],""original_labels"":[""-46-5806 BP""],""precision_posture"":""site_sequence_interval"",""provenance_excerpt"":"""",""provenance_locator"":""LANDCLIMII metadata file:SKAR"",""provenance_path"":""data/landclim/raw/landclim_ii_site_metadata.xlsx"",""schema_version"":""temporal-semantics.v1"",""source_family"":""landclim"",""summary_label"":""-46-5806 BP"",""temporal_window_key"":""late_holocene"",""temporal_window_label"":""Late Holocene (1001-3000 BP)"",""time_end_bp"":5806,""time_mean_bp"":2880,""time_start_bp"":-46,""uncertainty_notes"":[]},""time_end_bp"":5806,""time_label"":""-46-5806 BP"",""time_mean_bp"":2880,""time_start_bp"":-46}]"
radius_10km,10 km,10,13,0.1718,Lindhultsgöl,Lindhultsgöl,sweden_lake_registry:633608-141894,57.145223,14.46766,"https://www.google.com/maps/search/?api=1&query=57.145223,14.467660",13,0.1867,6,aggregate; 10 km; 20 km; 30 km; 40 km; 50 km,633608-141894,water_surface_name,0.076304,compact_lake_candidate,0.63,small mapped water surface; prefer checking basin depth and access before field planning,site_review_required,bathymetry and basin depth; sediment preservation and prior coring history; shore access and landowner contact; permit requirements; field hazards and logistics,1,0.0,,,"[{""latitude"":57.143611,""longitude"":14.466111,""source_layer_key"":""landclim-sites"",""source_name"":""Lindhultsgöl"",""source_record"":""landclim-sites:897303:Lindhultsgöl:57.143611:14.466111"",""source_url"":""https://doi.org/10.1594/PANGAEA.897303"",""temporal_semantics"":{""comparability_posture"":""numeric_interval"",""comparison_note"":""This interval describes sequence coverage, not a single pollen observation or an event date."",""duration_years"":100,""evidence_class"":""pollen_site_sequence_coverage"",""normalized_labels"":[""0-100 BP""],""original_labels"":[""0-100 BP""],""precision_posture"":""site_sequence_interval"",""provenance_excerpt"":"""",""provenance_locator"":""SiteData:Lindhultsgöl"",""provenance_path"":""data/landclim/raw/landclim_i_land_cover_types.xlsx"",""schema_version"":""temporal-semantics.v1"",""source_family"":""landclim"",""summary_label"":""0-100 BP"",""temporal_window_key"":""recent_historical"",""temporal_window_label"":""Recent and historical (0-1000 BP)"",""time_end_bp"":100,""time_mean_bp"":50,""time_start_bp"":0,""uncertainty_notes"":[]},""time_end_bp"":100,""time_label"":""0-100 BP"",""time_mean_bp"":50,""time_start_bp"":0},{""latitude"":57.143611,""longitude"":14.466111,""source_layer_key"":""landclim-sites"",""source_name"":""Lindhultsgöl"",""source_record"":""landclim-sites:900966:GC21:Lindhultsgöl"",""source_url"":""https://doi.org/10.1594/PANGAEA.900966"",""temporal_semantics"":{""comparability_posture"":""numeric_interval"",""comparison_note"":""This interval describes sequence coverage, not a single pollen observation or an event date."",""duration_years"":11700,""evidence_class"":""pollen_site_sequence_coverage"",""normalized_labels"":[""0-11700 BP""],""original_labels"":[""0-11700 BP""],""precision_posture"":""site_sequence_interval"",""provenance_excerpt"":"""",""provenance_locator"":""Metadata:Lindhultsgöl"",""provenance_path"":""data/landclim/raw/marquer_2017_reveals_taxa_grid_cells.xlsx"",""schema_version"":""temporal-semantics.v1"",""source_family"":""landclim"",""summary_label"":""0-11700 BP"",""temporal_window_key"":""mid_holocene"",""temporal_window_label"":""Mid-Holocene (3001-6000 BP)"",""time_end_bp"":11700,""time_mean_bp"":5850,""time_start_bp"":0,""uncertainty_notes"":[]},""time_end_bp"":11700,""time_label"":""0-11700 BP"",""time_mean_bp"":5850,""time_start_bp"":0},{""latitude"":57.1436,""longitude"":14.4661,""source_layer_key"":""landclim-sites"",""source_name"":""Lindhultsgöl"",""source_record"":""landclim-sites:937075:Lindhult"",""source_url"":""https://doi.org/10.1594/PANGAEA.937075"",""temporal_semantics"":{""comparability_posture"":""numeric_interval"",""comparison_note"":""This interval describes sequence coverage, not a single pollen observation or an event date."",""duration_years"":1001,""evidence_class"":""pollen_site_sequence_coverage"",""normalized_labels"":[""-57-944 BP""],""original_labels"":[""-57-944 BP""],""precision_posture"":""site_sequence_interval"",""provenance_excerpt"":"""",""provenance_locator"":""LANDCLIMII metadata file:Lindhult"",""provenance_path"":""data/landclim/raw/landclim_ii_site_metadata.xlsx"",""schema_version"":""temporal-semantics.v1"",""source_family"":""landclim"",""summary_label"":""-57-944 BP"",""temporal_window_key"":""recent_historical"",""temporal_window_label"":""Recent and historical (0-1000 BP)"",""time_end_bp"":944,""time_mean_bp"":444,""time_start_bp"":-57,""uncertainty_notes"":[]},""time_end_bp"":944,""time_label"":""-57-944 BP"",""time_mean_bp"":444,""time_start_bp"":-57}]"
radius_10km,10 km,10,14,0.1578,Norr-Lången,Norr-Lången,sweden_lake_registry:685509-153253,61.810118,16.426007,"https://www.google.com/maps/search/?api=1&query=61.810118,16.426007",15,0.1668,6,aggregate; fieldwork shortlist; 10 km; 20 km; 30 km; 40 km,685509-153253,water_surface_name,0.114889,compact_lake_candidate,0.63,small mapped water surface; prefer checking basin depth and access before field planning,site_review_required,bathymetry and basin depth; sediment preservation and prior coring history; shore access and landowner contact; permit requirements; field hazards and logistics,1,0.0,,,"[{""latitude"":61.82125,""longitude"":16.40472,""source_layer_key"":""neotoma-pollen"",""source_name"":""Klotjärnen"",""source_record"":""neotoma-pollen:13336"",""source_url"":""https://apps.neotomadb.org/explorer/#/record/site/13336"",""temporal_semantics"":{""comparability_posture"":""numeric_interval"",""comparison_note"":""Neotoma publishes BP age coverage here, but the interval remains a site-level pollen context span rather than a sample-owned event date."",""duration_years"":10072,""evidence_class"":""neotoma_bp_range"",""normalized_labels"":[""Calibrated radiocarbon years BP""],""original_labels"":[""Calibrated radiocarbon years BP""],""precision_posture"":""site_interval"",""provenance_excerpt"":"""",""provenance_locator"":""site_age_ranges"",""provenance_path"":"""",""schema_version"":""temporal-semantics.v1"",""source_family"":""neotoma"",""summary_label"":""0-10072 Calibrated radiocarbon years BP"",""temporal_window_key"":""mid_holocene"",""temporal_window_label"":""Mid-Holocene (3001-6000 BP)"",""time_end_bp"":10072,""time_mean_bp"":5036,""time_start_bp"":0,""uncertainty_notes"":[]},""time_end_bp"":10072,""time_label"":""0-10072 Calibrated radiocarbon years BP"",""time_mean_bp"":5036,""time_start_bp"":0}]"
radius_10km,10 km,10,15,0.1478,Bergakyllen,Bergakyllen,sweden_lake_registry:633992-152030,57.186058,16.143141,"https://www.google.com/maps/search/?api=1&query=57.186058,16.143141",18,0.1586,5,aggregate; 10 km; 20 km; 30 km; 50 km,633992-152030,water_surface_name,0.105502,compact_lake_candidate,0.63,small mapped water surface; prefer checking basin depth and access before field planning,site_review_required,bathymetry and basin depth; sediment preservation and prior coring history; shore access and landowner contact; permit requirements; field hazards and logistics,1,0.0,,,"[{""latitude"":57.18367,""longitude"":16.14528,""source_layer_key"":""neotoma-pollen"",""source_name"":""Bergakyllen"",""source_record"":""neotoma-pollen:3009"",""source_url"":""https://apps.neotomadb.org/explorer/#/record/site/3009"",""temporal_semantics"":{""comparability_posture"":""numeric_interval_with_caveat"",""comparison_note"":""Neotoma coverage merges more than one BP age-range convention for this site, so the interval remains comparable but should be treated as a site-level summary span."",""duration_years"":14447,""evidence_class"":""neotoma_aggregated_bp_ranges"",""normalized_labels"":[""Calibrated radiocarbon years BP"",""Radiocarbon years BP""],""original_labels"":[""Calibrated radiocarbon years BP"",""Radiocarbon years BP""],""precision_posture"":""site_interval_with_uncertainty"",""provenance_excerpt"":"""",""provenance_locator"":""site_age_ranges"",""provenance_path"":"""",""schema_version"":""temporal-semantics.v1"",""source_family"":""neotoma"",""summary_label"":""8464-22911 Calibrated radiocarbon years BP"",""temporal_window_key"":""early_holocene_and_older"",""temporal_window_label"":""Early Holocene and older (6001+ BP)"",""time_end_bp"":22911,""time_mean_bp"":15688,""time_start_bp"":8464,""uncertainty_notes"":[""Multiple BP age-range conventions contribute to this site span.""]},""time_end_bp"":22911,""time_label"":""8464-22911 Calibrated radiocarbon years BP"",""time_mean_bp"":15688,""time_start_bp"":8464},{""latitude"":57.1894,""longitude"":16.15266,""source_layer_key"":""neotoma-pollen"",""source_name"":""Skvarran"",""source_record"":""neotoma-pollen:3419"",""source_url"":""https://apps.neotomadb.org/explorer/#/record/site/3419"",""temporal_semantics"":{""comparability_posture"":""numeric_interval_with_caveat"",""comparison_note"":""Neotoma coverage merges more than one BP age-range convention for this site, so the interval remains comparable but should be treated as a site-level summary span."",""duration_years"":9383,""evidence_class"":""neotoma_aggregated_bp_ranges"",""normalized_labels"":[""Calibrated radiocarbon years BP"",""Radiocarbon years BP""],""original_labels"":[""Calibrated radiocarbon years BP"",""Radiocarbon years BP""],""precision_posture"":""site_interval_with_uncertainty"",""provenance_excerpt"":"""",""provenance_locator"":""site_age_ranges"",""provenance_path"":"""",""schema_version"":""temporal-semantics.v1"",""source_family"":""neotoma"",""summary_label"":""9807-19190 Calibrated radiocarbon years BP"",""temporal_window_key"":""early_holocene_and_older"",""temporal_window_label"":""Early Holocene and older (6001+ BP)"",""time_end_bp"":19190,""time_mean_bp"":14498,""time_start_bp"":9807,""uncertainty_notes"":[""Multiple BP age-range conventions contribute to this site span.""]},""time_end_bp"":19190,""time_label"":""9807-19190 Calibrated radiocarbon years BP"",""time_mean_bp"":14498,""time_start_bp"":9807}]"
radius_10km,10 km,10,16,0.1478,Klogöl,Klogöl,sweden_lake_registry:634119-152099,57.195047,16.149861,"https://www.google.com/maps/search/?api=1&query=57.195047,16.149861",19,0.1585,5,aggregate; 10 km; 20 km; 30 km; 50 km,634119-152099,water_surface_name,0.053239,compact_lake_candidate,0.63,small mapped water surface; prefer checking basin depth and access before field planning,site_review_required,bathymetry and basin depth; sediment preservation and prior coring history; shore access and landowner contact; permit requirements; field hazards and logistics,1,0.0,,,"[{""latitude"":57.18367,""longitude"":16.14528,""source_layer_key"":""neotoma-pollen"",""source_name"":""Bergakyllen"",""source_record"":""neotoma-pollen:3009"",""source_url"":""https://apps.neotomadb.org/explorer/#/record/site/3009"",""temporal_semantics"":{""comparability_posture"":""numeric_interval_with_caveat"",""comparison_note"":""Neotoma coverage merges more than one BP age-range convention for this site, so the interval remains comparable but should be treated as a site-level summary span."",""duration_years"":14447,""evidence_class"":""neotoma_aggregated_bp_ranges"",""normalized_labels"":[""Calibrated radiocarbon years BP"",""Radiocarbon years BP""],""original_labels"":[""Calibrated radiocarbon years BP"",""Radiocarbon years BP""],""precision_posture"":""site_interval_with_uncertainty"",""provenance_excerpt"":"""",""provenance_locator"":""site_age_ranges"",""provenance_path"":"""",""schema_version"":""temporal-semantics.v1"",""source_family"":""neotoma"",""summary_label"":""8464-22911 Calibrated radiocarbon years BP"",""temporal_window_key"":""early_holocene_and_older"",""temporal_window_label"":""Early Holocene and older (6001+ BP)"",""time_end_bp"":22911,""time_mean_bp"":15688,""time_start_bp"":8464,""uncertainty_notes"":[""Multiple BP age-range conventions contribute to this site span.""]},""time_end_bp"":22911,""time_label"":""8464-22911 Calibrated radiocarbon years BP"",""time_mean_bp"":15688,""time_start_bp"":8464},{""latitude"":57.1894,""longitude"":16.15266,""source_layer_key"":""neotoma-pollen"",""source_name"":""Skvarran"",""source_record"":""neotoma-pollen:3419"",""source_url"":""https://apps.neotomadb.org/explorer/#/record/site/3419"",""temporal_semantics"":{""comparability_posture"":""numeric_interval_with_caveat"",""comparison_note"":""Neotoma coverage merges more than one BP age-range convention for this site, so the interval remains comparable but should be treated as a site-level summary span."",""duration_years"":9383,""evidence_class"":""neotoma_aggregated_bp_ranges"",""normalized_labels"":[""Calibrated radiocarbon years BP"",""Radiocarbon years BP""],""original_labels"":[""Calibrated radiocarbon years BP"",""Radiocarbon years BP""],""precision_posture"":""site_interval_with_uncertainty"",""provenance_excerpt"":"""",""provenance_locator"":""site_age_ranges"",""provenance_path"":"""",""schema_version"":""temporal-semantics.v1"",""source_family"":""neotoma"",""summary_label"":""9807-19190 Calibrated radiocarbon years BP"",""temporal_window_key"":""early_holocene_and_older"",""temporal_window_label"":""Early Holocene and older (6001+ BP)"",""time_end_bp"":19190,""time_mean_bp"":14498,""time_start_bp"":9807,""uncertainty_notes"":[""Multiple BP age-range conventions contribute to this site span.""]},""time_end_bp"":19190,""time_label"":""9807-19190 Calibrated radiocarbon years BP"",""time_mean_bp"":14498,""time_start_bp"":9807}]"
radius_10km,10 km,10,17,0.1477,Långetjärn,Långetjärn,sweden_lake_registry:640460-129466,57.723622,12.35907,"https://www.google.com/maps/search/?api=1&query=57.723622,12.359070",20,0.1583,6,aggregate; fieldwork shortlist; 10 km; 20 km; 30 km; 40 km,640460-129466,water_surface_name,0.193946,sampling_lake_candidate,0.868,,site_review_required,bathymetry and basin depth; sediment preservation and prior coring history; shore access and landowner contact; permit requirements; field hazards and logistics,1,0.0,,,"[{""latitude"":57.709,""longitude"":12.34641,""source_layer_key"":""neotoma-pollen"",""source_name"":""Björksjödamm"",""source_record"":""neotoma-pollen:3020"",""source_url"":""https://apps.neotomadb.org/explorer/#/record/site/3020"",""temporal_semantics"":{""comparability_posture"":""numeric_interval_with_caveat"",""comparison_note"":""Neotoma coverage merges more than one BP age-range convention for this site, so the interval remains comparable but should be treated as a site-level summary span."",""duration_years"":6094,""evidence_class"":""neotoma_aggregated_bp_ranges"",""normalized_labels"":[""Calibrated radiocarbon years BP"",""Radiocarbon years BP""],""original_labels"":[""Calibrated radiocarbon years BP"",""Radiocarbon years BP""],""precision_posture"":""site_interval_with_uncertainty"",""provenance_excerpt"":"""",""provenance_locator"":""site_age_ranges"",""provenance_path"":"""",""schema_version"":""temporal-semantics.v1"",""source_family"":""neotoma"",""summary_label"":""9386-15480 Calibrated radiocarbon years BP"",""temporal_window_key"":""early_holocene_and_older"",""temporal_window_label"":""Early Holocene and older (6001+ BP)"",""time_end_bp"":15480,""time_mean_bp"":12433,""time_start_bp"":9386,""uncertainty_notes"":[""Multiple BP age-range conventions contribute to this site span.""]},""time_end_bp"":15480,""time_label"":""9386-15480 Calibrated radiocarbon years BP"",""time_mean_bp"":12433,""time_start_bp"":9386}]"
radius_10km,10 km,10,18,0.1298,Lilla Sjö,Lilla Sjö,sweden_lake_registry:624044-138336,56.281643,13.924259,"https://www.google.com/maps/search/?api=1&query=56.281643,13.924259",17,0.1608,6,aggregate; 10 km; 20 km; 30 km; 40 km; 50 km,624044-138336,water_surface_name,0.14393,compact_lake_candidate,0.63,small mapped water surface; prefer checking basin depth and access before field planning,site_review_required,bathymetry and basin depth; sediment preservation and prior coring history; shore access and landowner contact; permit requirements; field hazards and logistics,1,0.0,,,[]
radius_10km,10 km,10,19,0.1202,Östra Ringsjön,Östra Ringsjön,sweden_lake_registry:619626-135565,55.86857,13.549973,"https://www.google.com/maps/search/?api=1&query=55.868570,13.549973",16,0.1619,6,aggregate; fieldwork shortlist; 10 km; 20 km; 40 km; 50 km,619626-135565,water_surface_name,24.728453,sampling_lake_candidate,0.94,,site_review_required,bathymetry and basin depth; sediment preservation and prior coring history; shore access and landowner contact; permit requirements; field hazards and logistics,1,0.0,,,[]
radius_10km,10 km,10,20,0.1194,Värsjön,Värsjön,sweden_lake_registry:624606-135677,56.312348,13.46978,"https://www.google.com/maps/search/?api=1&query=56.312348,13.469780",22,0.1325,2,fieldwork shortlist; 10 km,624606-135677,water_surface_name,2.660824,sampling_lake_candidate,1.0,,site_review_required,bathymetry and basin depth; sediment preservation and prior coring history; shore access and landowner contact; permit requirements; field hazards and logistics,1,0.0,,,[]
radius_10km,10 km,10,21,0.1091,Finjasjön,Finjasjön,sweden_lake_registry:622731-136920,56.135794,13.702733,"https://www.google.com/maps/search/?api=1&query=56.135794,13.702733",21,0.1555,4,fieldwork shortlist; 30 km; 40 km; 50 km,622731-136920,water_surface_name,10.497234,sampling_lake_candidate,1.0,,site_review_required,bathymetry and basin depth; sediment preservation and prior coring history; shore access and landowner contact; permit requirements; field hazards and logistics,1,0.0,,,[]
radius_10km,10 km,10,22,0.1007,Örevattnet,Örevattnet,sweden_lake_registry:649958-125585,58.552564,11.60074,"https://www.google.com/maps/search/?api=1&query=58.552564,11.600740",23,0.1197,1,fieldwork shortlist,649958-125585,water_surface_name,0.324934,sampling_lake_candidate,0.868,,site_review_required,bathymetry and basin depth; sediment preservation and prior coring history; shore access and landowner contact; permit requirements; field hazards and logistics,1,0.0,,,[]
radius_10km,10 km,10,23,0.0961,Havgårdssjön,Havgårdssjön,sweden_lake_registry:615365-134524,55.483143,13.35776,"https://www.google.com/maps/search/?api=1&query=55.483143,13.357760",7,0.3454,6,aggregate; fieldwork shortlist; 20 km; 30 km; 40 km; 50 km,615365-134524,water_surface_name,0.501745,sampling_lake_candidate,1.0,,site_review_required,bathymetry and basin depth; sediment preservation and prior coring history; shore access and landowner contact; permit requirements; field hazards and logistics,1,0.0,,,[]
radius_10km,10 km,10,24,0.0904,Jämningen,Jämningen,sweden_lake_registry:624245-140812,56.297527,14.314794,"https://www.google.com/maps/search/?api=1&query=56.297527,14.314794",24,0.1175,3,fieldwork shortlist; 40 km; 50 km,624245-140812,water_surface_name,0.435817,sampling_lake_candidate,0.868,,site_review_required,bathymetry and basin depth; sediment preservation and prior coring history; shore access and landowner contact; permit requirements; field hazards and logistics,1,0.0,,,[]
radius_10km,10 km,10,25,0.0838,Kyrksjön,Kyrksjön,sweden_lake_registry:653734-145755,58.95646,15.070704,"https://www.google.com/maps/search/?api=1&query=58.956460,15.070704",25,0.0871,1,fieldwork shortlist,653734-145755,water_surface_name,0.219089,sampling_lake_candidate,0.868,,site_review_required,bathymetry and basin depth; sediment preservation and prior coring history; shore access and landowner contact; permit requirements; field hazards and logistics,1,0.0,,,[]
radius_10km,10 km,10,26,0.0654,Kyperedssjö,Kyperedssjö,sweden_lake_registry:640726-132684,57.757581,12.892382,"https://www.google.com/maps/search/?api=1&query=57.757581,12.892382",26,0.0727,0,,640726-132684,water_surface_name,0.071276,compact_lake_candidate,0.63,small mapped water surface; prefer checking basin depth and access before field planning,site_review_required,bathymetry and basin depth; sediment preservation and prior coring history; shore access and landowner contact; permit requirements; field hazards and logistics,1,0.0,,,[]
radius_20km,20 km,20,1,0.7245,Bjärsjön,Bjärsjön,sweden_lake_registry:646994-137366,58.334534,13.65652,"https://www.google.com/maps/search/?api=1&query=58.334534,13.656520",1,0.707,7,aggregate; fieldwork shortlist; 10 km; 20 km; 30 km; 40 km; 50 km,646994-137366,water_surface_name,0.132579,compact_lake_candidate,0.63,small mapped water surface; prefer checking basin depth and access before field planning,site_review_required,bathymetry and basin depth; sediment preservation and prior coring history; shore access and landowner contact; permit requirements; field hazards and logistics,1,0.0,,,[]
radius_20km,20 km,20,2,0.478,Flarken,Flarken,sweden_lake_registry:649459-137568,58.556811,13.672884,"https://www.google.com/maps/search/?api=1&query=58.556811,13.672884",5,0.3726,7,aggregate; fieldwork shortlist; 10 km; 20 km; 30 km; 40 km; 50 km,649459-137568,water_surface_name,0.165887,sampling_lake_candidate,0.868,,site_review_required,bathymetry and basin depth; sediment preservation and prior coring history; shore access and landowner contact; permit requirements; field hazards and logistics,1,0.0,,,"[{""latitude"":58.583333,""longitude"":13.666667,""source_layer_key"":""landclim-sites"",""source_name"":""Flarken"",""source_record"":""landclim-sites:897303:Lake Flarken:58.583333:13.666667"",""source_url"":""https://doi.org/10.1594/PANGAEA.897303"",""temporal_semantics"":{""comparability_posture"":""numeric_interval"",""comparison_note"":""This interval describes sequence coverage, not a single pollen observation or an event date."",""duration_years"":6200,""evidence_class"":""pollen_site_sequence_coverage"",""normalized_labels"":[""0-100 BP to 5700-6200 BP""],""original_labels"":[""0-100 BP to 5700-6200 BP""],""precision_posture"":""site_sequence_interval"",""provenance_excerpt"":"""",""provenance_locator"":""SiteData:Lake Flarken"",""provenance_path"":""data/landclim/raw/landclim_i_land_cover_types.xlsx"",""schema_version"":""temporal-semantics.v1"",""source_family"":""landclim"",""summary_label"":""0-100 BP to 5700-6200 BP"",""temporal_window_key"":""mid_holocene"",""temporal_window_label"":""Mid-Holocene (3001-6000 BP)"",""time_end_bp"":6200,""time_mean_bp"":3100,""time_start_bp"":0,""uncertainty_notes"":[]},""time_end_bp"":6200,""time_label"":""0-100 BP to 5700-6200 BP"",""time_mean_bp"":3100,""time_start_bp"":0},{""latitude"":58.583333,""longitude"":13.666667,""source_layer_key"":""landclim-sites"",""source_name"":""Flarken"",""source_record"":""landclim-sites:937075:FLA"",""source_url"":""https://doi.org/10.1594/PANGAEA.937075"",""temporal_semantics"":{""comparability_posture"":""numeric_interval"",""comparison_note"":""This interval describes sequence coverage, not a single pollen observation or an event date."",""duration_years"":12246,""evidence_class"":""pollen_site_sequence_coverage"",""normalized_labels"":[""-50-12196 BP""],""original_labels"":[""-50-12196 BP""],""precision_posture"":""site_sequence_interval"",""provenance_excerpt"":"""",""provenance_locator"":""LANDCLIMII metadata file:FLA"",""provenance_path"":""data/landclim/raw/landclim_ii_site_metadata.xlsx"",""schema_version"":""temporal-semantics.v1"",""source_family"":""landclim"",""summary_label"":""-50-12196 BP"",""temporal_window_key"":""early_holocene_and_older"",""temporal_window_label"":""Early Holocene and older (6001+ BP)"",""time_end_bp"":12196,""time_mean_bp"":6073,""time_start_bp"":-50,""uncertainty_notes"":[]},""time_end_bp"":12196,""time_label"":""-50-12196 BP"",""time_mean_bp"":6073,""time_start_bp"":-50},{""latitude"":58.55679,""longitude"":13.67319,""source_layer_key"":""neotoma-pollen"",""source_name"":""Flarken"",""source_record"":""neotoma-pollen:3107"",""source_url"":""https://apps.neotomadb.org/explorer/#/record/site/3107"",""temporal_semantics"":{""comparability_posture"":""numeric_interval_with_caveat"",""comparison_note"":""Neotoma coverage merges more than one BP age-range convention for this site, so the interval remains comparable but should be treated as a site-level summary span."",""duration_years"":12439,""evidence_class"":""neotoma_aggregated_bp_ranges"",""normalized_labels"":[""Calibrated radiocarbon years BP"",""Radiocarbon years BP""],""original_labels"":[""Calibrated radiocarbon years BP"",""Radiocarbon years BP""],""precision_posture"":""site_interval_with_uncertainty"",""provenance_excerpt"":"""",""provenance_locator"":""site_age_ranges"",""provenance_path"":"""",""schema_version"":""temporal-semantics.v1"",""source_family"":""neotoma"",""summary_label"":""113-12471 Calibrated radiocarbon years BP"",""temporal_window_key"":""early_holocene_and_older"",""temporal_window_label"":""Early Holocene and older (6001+ BP)"",""time_end_bp"":12471,""time_mean_bp"":6252,""time_start_bp"":32,""uncertainty_notes"":[""Multiple BP age-range conventions contribute to this site span.""]},""time_end_bp"":12471,""time_label"":""113-12471 Calibrated radiocarbon years BP"",""time_mean_bp"":6252,""time_start_bp"":32}]"
radius_20km,20 km,20,3,0.4394,Havgårdssjön,Havgårdssjön,sweden_lake_registry:615365-134524,55.483143,13.35776,"https://www.google.com/maps/search/?api=1&query=55.483143,13.357760",7,0.3454,6,aggregate; fieldwork shortlist; 20 km; 30 km; 40 km; 50 km,615365-134524,water_surface_name,0.501745,sampling_lake_candidate,1.0,,site_review_required,bathymetry and basin depth; sediment preservation and prior coring history; shore access and landowner contact; permit requirements; field hazards and logistics,1,0.0,,,[]
radius_20km,20 km,20,4,0.4083,Bjäresjö,Bjäresjö,sweden_lake_registry:614958-137018,55.459405,13.751743,"https://www.google.com/maps/search/?api=1&query=55.459405,13.751743",6,0.3505,7,aggregate; fieldwork shortlist; 10 km; 20 km; 30 km; 40 km; 50 km,614958-137018,water_surface_name,0.022251,small_lake_review,0.27,very small mapped water surface; treat as a micro-basin until field validation confirms suitability,site_review_required,bathymetry and basin depth; sediment preservation and prior coring history; shore access and landowner contact; permit requirements; field hazards and logistics,1,0.0,,,"[{""latitude"":55.459167,""longitude"":13.751944,""source_layer_key"":""landclim-sites"",""source_name"":""Bjäresjösjön"",""source_record"":""landclim-sites:897303:Bjäresjösjön:55.459167:13.751944"",""source_url"":""https://doi.org/10.1594/PANGAEA.897303"",""temporal_semantics"":{""comparability_posture"":""numeric_interval"",""comparison_note"":""This interval describes sequence coverage, not a single pollen observation or an event date."",""duration_years"":3200,""evidence_class"":""pollen_site_sequence_coverage"",""normalized_labels"":[""0-100 BP to 2700-3200 BP""],""original_labels"":[""0-100 BP to 2700-3200 BP""],""precision_posture"":""site_sequence_interval"",""provenance_excerpt"":"""",""provenance_locator"":""SiteData:Bjäresjösjön"",""provenance_path"":""data/landclim/raw/landclim_i_land_cover_types.xlsx"",""schema_version"":""temporal-semantics.v1"",""source_family"":""landclim"",""summary_label"":""0-100 BP to 2700-3200 BP"",""temporal_window_key"":""late_holocene"",""temporal_window_label"":""Late Holocene (1001-3000 BP)"",""time_end_bp"":3200,""time_mean_bp"":1600,""time_start_bp"":0,""uncertainty_notes"":[]},""time_end_bp"":3200,""time_label"":""0-100 BP to 2700-3200 BP"",""time_mean_bp"":1600,""time_start_bp"":0},{""latitude"":55.459167,""longitude"":13.751944,""source_layer_key"":""landclim-sites"",""source_name"":""Bjäresjösjön"",""source_record"":""landclim-sites:900966:GC18:Bjäresjösjön"",""source_url"":""https://doi.org/10.1594/PANGAEA.900966"",""temporal_semantics"":{""comparability_posture"":""numeric_interval"",""comparison_note"":""This interval describes sequence coverage, not a single pollen observation or an event date."",""duration_years"":11700,""evidence_class"":""pollen_site_sequence_coverage"",""normalized_labels"":[""0-11700 BP""],""original_labels"":[""0-11700 BP""],""precision_posture"":""site_sequence_interval"",""provenance_excerpt"":"""",""provenance_locator"":""Metadata:Bjäresjösjön"",""provenance_path"":""data/landclim/raw/marquer_2017_reveals_taxa_grid_cells.xlsx"",""schema_version"":""temporal-semantics.v1"",""source_family"":""landclim"",""summary_label"":""0-11700 BP"",""temporal_window_key"":""mid_holocene"",""temporal_window_label"":""Mid-Holocene (3001-6000 BP)"",""time_end_bp"":11700,""time_mean_bp"":5850,""time_start_bp"":0,""uncertainty_notes"":[]},""time_end_bp"":11700,""time_label"":""0-11700 BP"",""time_mean_bp"":5850,""time_start_bp"":0},{""latitude"":55.45,""longitude"":13.75,""source_layer_key"":""landclim-sites"",""source_name"":""Bjäresjösjön"",""source_record"":""landclim-sites:937075:BJARE"",""source_url"":""https://doi.org/10.1594/PANGAEA.937075"",""temporal_semantics"":{""comparability_posture"":""numeric_interval"",""comparison_note"":""This interval describes sequence coverage, not a single pollen observation or an event date."",""duration_years"":2836,""evidence_class"":""pollen_site_sequence_coverage"",""normalized_labels"":[""-33-2803 BP""],""original_labels"":[""-33-2803 BP""],""precision_posture"":""site_sequence_interval"",""provenance_excerpt"":"""",""provenance_locator"":""LANDCLIMII metadata file:BJARE"",""provenance_path"":""data/landclim/raw/landclim_ii_site_metadata.xlsx"",""schema_version"":""temporal-semantics.v1"",""source_family"":""landclim"",""summary_label"":""-33-2803 BP"",""temporal_window_key"":""late_holocene"",""temporal_window_label"":""Late Holocene (1001-3000 BP)"",""time_end_bp"":2803,""time_mean_bp"":1385,""time_start_bp"":-33,""uncertainty_notes"":[]},""time_end_bp"":2803,""time_label"":""-33-2803 BP"",""time_mean_bp"":1385,""time_start_bp"":-33},{""latitude"":55.45917,""longitude"":13.75194,""source_layer_key"":""neotoma-pollen"",""source_name"":""Bjäresjösjön"",""source_record"":""neotoma-pollen:28871"",""source_url"":""https://apps.neotomadb.org/explorer/#/record/site/28871"",""temporal_semantics"":{""comparability_posture"":""numeric_interval_with_caveat"",""comparison_note"":""Neotoma coverage merges more than one BP age-range convention for this site, so the interval remains comparable but should be treated as a site-level summary span."",""duration_years"":2803,""evidence_class"":""neotoma_aggregated_bp_ranges"",""normalized_labels"":[""Calibrated radiocarbon years BP"",""Radiocarbon years BP""],""original_labels"":[""Calibrated radiocarbon years BP"",""Radiocarbon years BP""],""precision_posture"":""site_interval_with_uncertainty"",""provenance_excerpt"":"""",""provenance_locator"":""site_age_ranges"",""provenance_path"":"""",""schema_version"":""temporal-semantics.v1"",""source_family"":""neotoma"",""summary_label"":""0-2803 Calibrated radiocarbon years BP"",""temporal_window_key"":""late_holocene"",""temporal_window_label"":""Late Holocene (1001-3000 BP)"",""time_end_bp"":2803,""time_mean_bp"":1402,""time_start_bp"":0,""uncertainty_notes"":[""Multiple BP age-range conventions contribute to this site span.""]},""time_end_bp"":2803,""time_label"":""0-2803 Calibrated radiocarbon years BP"",""time_mean_bp"":1402,""time_start_bp"":0},{""latitude"":55.454444,""longitude"":13.766389,""source_layer_key"":""landclim-sites"",""source_name"":""Bjärsjöholmssjön"",""source_record"":""landclim-sites:897303:Bjärsjöholmssjön:55.454444:13.766389"",""source_url"":""https://doi.org/10.1594/PANGAEA.897303"",""temporal_semantics"":{""comparability_posture"":""numeric_interval"",""comparison_note"":""This interval describes sequence coverage, not a single pollen observation or an event date."",""duration_years"":3500,""evidence_class"":""pollen_site_sequence_coverage"",""normalized_labels"":[""2700-3200 BP to 5700-6200 BP""],""original_labels"":[""2700-3200 BP to 5700-6200 BP""],""precision_posture"":""site_sequence_interval"",""provenance_excerpt"":"""",""provenance_locator"":""SiteData:Bjärsjöholmssjön"",""provenance_path"":""data/landclim/raw/landclim_i_land_cover_types.xlsx"",""schema_version"":""temporal-semantics.v1"",""source_family"":""landclim"",""summary_label"":""2700-3200 BP to 5700-6200 BP"",""temporal_window_key"":""mid_holocene"",""temporal_window_label"":""Mid-Holocene (3001-6000 BP)"",""time_end_bp"":6200,""time_mean_bp"":4450,""time_start_bp"":2700,""uncertainty_notes"":[]},""time_end_bp"":6200,""time_label"":""2700-3200 BP to 5700-6200 BP"",""time_mean_bp"":4450,""time_start_bp"":2700},{""latitude"":55.454444,""longitude"":13.766389,""source_layer_key"":""landclim-sites"",""source_name"":""Bjärsjöholmssjön"",""source_record"":""landclim-sites:900966:GC18:Bjärsjöholmssjön"",""source_url"":""https://doi.org/10.1594/PANGAEA.900966"",""temporal_semantics"":{""comparability_posture"":""numeric_interval"",""comparison_note"":""This interval describes sequence coverage, not a single pollen observation or an event date."",""duration_years"":11700,""evidence_class"":""pollen_site_sequence_coverage"",""normalized_labels"":[""0-11700 BP""],""original_labels"":[""0-11700 BP""],""precision_posture"":""site_sequence_interval"",""provenance_excerpt"":"""",""provenance_locator"":""Metadata:Bjärsjöholmssjön"",""provenance_path"":""data/landclim/raw/marquer_2017_reveals_taxa_grid_cells.xlsx"",""schema_version"":""temporal-semantics.v1"",""source_family"":""landclim"",""summary_label"":""0-11700 BP"",""temporal_window_key"":""mid_holocene"",""temporal_window_label"":""Mid-Holocene (3001-6000 BP)"",""time_end_bp"":11700,""time_mean_bp"":5850,""time_start_bp"":0,""uncertainty_notes"":[]},""time_end_bp"":11700,""time_label"":""0-11700 BP"",""time_mean_bp"":5850,""time_start_bp"":0},{""latitude"":55.45396,""longitude"":13.780255,""source_layer_key"":""neotoma-pollen"",""source_name"":""Bjärsjöholmssjön"",""source_record"":""neotoma-pollen:3017"",""source_url"":""https://apps.neotomadb.org/explorer/#/record/site/3017"",""temporal_semantics"":{""comparability_posture"":""numeric_interval_with_caveat"",""comparison_note"":""Neotoma coverage merges more than one BP age-range convention for this site, so the interval remains comparable but should be treated as a site-level summary span."",""duration_years"":8814,""evidence_class"":""neotoma_aggregated_bp_ranges"",""normalized_labels"":[""Calibrated radiocarbon years BP"",""Radiocarbon years BP""],""original_labels"":[""Calibrated radiocarbon years BP"",""Radiocarbon years BP""],""precision_posture"":""site_interval_with_uncertainty"",""provenance_excerpt"":"""",""provenance_locator"":""site_age_ranges"",""provenance_path"":"""",""schema_version"":""temporal-semantics.v1"",""source_family"":""neotoma"",""summary_label"":""0-8814 Calibrated radiocarbon years BP"",""temporal_window_key"":""mid_holocene"",""temporal_window_label"":""Mid-Holocene (3001-6000 BP)"",""time_end_bp"":8814,""time_mean_bp"":4407,""time_start_bp"":0,""uncertainty_notes"":[""Multiple BP age-range conventions contribute to this site span.""]},""time_end_bp"":8814,""time_label"":""0-8814 Calibrated radiocarbon years BP"",""time_mean_bp"":4407,""time_start_bp"":0}]"
radius_20km,20 km,20,5,0.3968,Krageholmssjön,Krageholmssjön,sweden_lake_registry:615375-137087,55.501715,13.744603,"https://www.google.com/maps/search/?api=1&query=55.501715,13.744603",4,0.3843,7,aggregate; fieldwork shortlist; 10 km; 20 km; 30 km; 40 km; 50 km,615375-137087,water_surface_name,2.050682,sampling_lake_candidate,1.0,,site_review_required,bathymetry and basin depth; sediment preservation and prior coring history; shore access and landowner contact; permit requirements; field hazards and logistics,1,0.0,,,"[{""latitude"":55.5,""longitude"":13.733333,""source_layer_key"":""landclim-sites"",""source_name"":""Krageholmssjön"",""source_record"":""landclim-sites:897303:Krageholmssjön:55.500000:13.733333"",""source_url"":""https://doi.org/10.1594/PANGAEA.897303"",""temporal_semantics"":{""comparability_posture"":""numeric_interval"",""comparison_note"":""This interval describes sequence coverage, not a single pollen observation or an event date."",""duration_years"":6200,""evidence_class"":""pollen_site_sequence_coverage"",""normalized_labels"":[""0-100 BP to 5700-6200 BP""],""original_labels"":[""0-100 BP to 5700-6200 BP""],""precision_posture"":""site_sequence_interval"",""provenance_excerpt"":"""",""provenance_locator"":""SiteData:Krageholmssjön"",""provenance_path"":""data/landclim/raw/landclim_i_land_cover_types.xlsx"",""schema_version"":""temporal-semantics.v1"",""source_family"":""landclim"",""summary_label"":""0-100 BP to 5700-6200 BP"",""temporal_window_key"":""mid_holocene"",""temporal_window_label"":""Mid-Holocene (3001-6000 BP)"",""time_end_bp"":6200,""time_mean_bp"":3100,""time_start_bp"":0,""uncertainty_notes"":[]},""time_end_bp"":6200,""time_label"":""0-100 BP to 5700-6200 BP"",""time_mean_bp"":3100,""time_start_bp"":0},{""latitude"":55.5,""longitude"":13.733333,""source_layer_key"":""landclim-sites"",""source_name"":""Krageholmssjön"",""source_record"":""landclim-sites:900966:GC18:Krageholmssjön"",""source_url"":""https://doi.org/10.1594/PANGAEA.900966"",""temporal_semantics"":{""comparability_posture"":""numeric_interval"",""comparison_note"":""This interval describes sequence coverage, not a single pollen observation or an event date."",""duration_years"":11700,""evidence_class"":""pollen_site_sequence_coverage"",""normalized_labels"":[""0-11700 BP""],""original_labels"":[""0-11700 BP""],""precision_posture"":""site_sequence_interval"",""provenance_excerpt"":"""",""provenance_locator"":""Metadata:Krageholmssjön"",""provenance_path"":""data/landclim/raw/marquer_2017_reveals_taxa_grid_cells.xlsx"",""schema_version"":""temporal-semantics.v1"",""source_family"":""landclim"",""summary_label"":""0-11700 BP"",""temporal_window_key"":""mid_holocene"",""temporal_window_label"":""Mid-Holocene (3001-6000 BP)"",""time_end_bp"":11700,""time_mean_bp"":5850,""time_start_bp"":0,""uncertainty_notes"":[]},""time_end_bp"":11700,""time_label"":""0-11700 BP"",""time_mean_bp"":5850,""time_start_bp"":0},{""latitude"":55.5,""longitude"":13.733333,""source_layer_key"":""landclim-sites"",""source_name"":""Krageholmssjön"",""source_record"":""landclim-sites:937075:KRA"",""source_url"":""https://doi.org/10.1594/PANGAEA.937075"",""temporal_semantics"":{""comparability_posture"":""numeric_interval"",""comparison_note"":""This interval describes sequence coverage, not a single pollen observation or an event date."",""duration_years"":11589,""evidence_class"":""pollen_site_sequence_coverage"",""normalized_labels"":[""11-11600 BP""],""original_labels"":[""11-11600 BP""],""precision_posture"":""site_sequence_interval"",""provenance_excerpt"":"""",""provenance_locator"":""LANDCLIMII metadata file:KRA"",""provenance_path"":""data/landclim/raw/landclim_ii_site_metadata.xlsx"",""schema_version"":""temporal-semantics.v1"",""source_family"":""landclim"",""summary_label"":""11-11600 BP"",""temporal_window_key"":""mid_holocene"",""temporal_window_label"":""Mid-Holocene (3001-6000 BP)"",""time_end_bp"":11600,""time_mean_bp"":5806,""time_start_bp"":11,""uncertainty_notes"":[]},""time_end_bp"":11600,""time_label"":""11-11600 BP"",""time_mean_bp"":5806,""time_start_bp"":11},{""latitude"":55.50078,""longitude"":13.74492,""source_layer_key"":""neotoma-pollen"",""source_name"":""Krageholmssjön"",""source_record"":""neotoma-pollen:3204"",""source_url"":""https://apps.neotomadb.org/explorer/#/record/site/3204"",""temporal_semantics"":{""comparability_posture"":""numeric_interval_with_caveat"",""comparison_note"":""Neotoma coverage merges more than one BP age-range convention for this site, so the interval remains comparable but should be treated as a site-level summary span."",""duration_years"":12209,""evidence_class"":""neotoma_aggregated_bp_ranges"",""normalized_labels"":[""Calibrated radiocarbon years BP"",""Radiocarbon years BP""],""original_labels"":[""Calibrated radiocarbon years BP"",""Radiocarbon years BP""],""precision_posture"":""site_interval_with_uncertainty"",""provenance_excerpt"":"""",""provenance_locator"":""site_age_ranges"",""provenance_path"":"""",""schema_version"":""temporal-semantics.v1"",""source_family"":""neotoma"",""summary_label"":""0-12209 Calibrated radiocarbon years BP"",""temporal_window_key"":""early_holocene_and_older"",""temporal_window_label"":""Early Holocene and older (6001+ BP)"",""time_end_bp"":12209,""time_mean_bp"":6104,""time_start_bp"":0,""uncertainty_notes"":[""Multiple BP age-range conventions contribute to this site span.""]},""time_end_bp"":12209,""time_label"":""0-12209 Calibrated radiocarbon years BP"",""time_mean_bp"":6104,""time_start_bp"":0}]"
radius_20km,20 km,20,6,0.3841,Sigvaldeträsk,Sigvaldeträsk,sweden_lake_registry:636053-166363,57.341825,18.527093,"https://www.google.com/maps/search/?api=1&query=57.341825,18.527093",3,0.3981,7,aggregate; fieldwork shortlist; 10 km; 20 km; 30 km; 40 km; 50 km,636053-166363,water_surface_name,0.087096,compact_lake_candidate,0.63,small mapped water surface; prefer checking basin depth and access before field planning,site_review_required,bathymetry and basin depth; sediment preservation and prior coring history; shore access and landowner contact; permit requirements; field hazards and logistics,1,0.0,,,[]
radius_20km,20 km,20,7,0.3429,Häckebergasjön,Häckebergasjön,sweden_lake_registry:616410-134992,55.577162,13.422814,"https://www.google.com/maps/search/?api=1&query=55.577162,13.422814",2,0.4204,7,aggregate; fieldwork shortlist; 10 km; 20 km; 30 km; 40 km; 50 km,616410-134992,water_surface_name,0.758596,sampling_lake_candidate,1.0,,site_review_required,bathymetry and basin depth; sediment preservation and prior coring history; shore access and landowner contact; permit requirements; field hazards and logistics,1,0.0,,,"[{""latitude"":55.575556,""longitude"":13.4375,""source_layer_key"":""landclim-sites"",""source_name"":""Bökesjön"",""source_record"":""landclim-sites:897303:Bökesjön:55.575556:13.437500"",""source_url"":""https://doi.org/10.1594/PANGAEA.897303"",""temporal_semantics"":{""comparability_posture"":""numeric_interval"",""comparison_note"":""This interval describes sequence coverage, not a single pollen observation or an event date."",""duration_years"":3200,""evidence_class"":""pollen_site_sequence_coverage"",""normalized_labels"":[""0-100 BP to 2700-3200 BP""],""original_labels"":[""0-100 BP to 2700-3200 BP""],""precision_posture"":""site_sequence_interval"",""provenance_excerpt"":"""",""provenance_locator"":""SiteData:Bökesjön"",""provenance_path"":""data/landclim/raw/landclim_i_land_cover_types.xlsx"",""schema_version"":""temporal-semantics.v1"",""source_family"":""landclim"",""summary_label"":""0-100 BP to 2700-3200 BP"",""temporal_window_key"":""late_holocene"",""temporal_window_label"":""Late Holocene (1001-3000 BP)"",""time_end_bp"":3200,""time_mean_bp"":1600,""time_start_bp"":0,""uncertainty_notes"":[]},""time_end_bp"":3200,""time_label"":""0-100 BP to 2700-3200 BP"",""time_mean_bp"":1600,""time_start_bp"":0},{""latitude"":55.575556,""longitude"":13.4375,""source_layer_key"":""landclim-sites"",""source_name"":""Bökesjön"",""source_record"":""landclim-sites:900966:GC18:Bökesjön"",""source_url"":""https://doi.org/10.1594/PANGAEA.900966"",""temporal_semantics"":{""comparability_posture"":""numeric_interval"",""comparison_note"":""This interval describes sequence coverage, not a single pollen observation or an event date."",""duration_years"":11700,""evidence_class"":""pollen_site_sequence_coverage"",""normalized_labels"":[""0-11700 BP""],""original_labels"":[""0-11700 BP""],""precision_posture"":""site_sequence_interval"",""provenance_excerpt"":"""",""provenance_locator"":""Metadata:Bökesjön"",""provenance_path"":""data/landclim/raw/marquer_2017_reveals_taxa_grid_cells.xlsx"",""schema_version"":""temporal-semantics.v1"",""source_family"":""landclim"",""summary_label"":""0-11700 BP"",""temporal_window_key"":""mid_holocene"",""temporal_window_label"":""Mid-Holocene (3001-6000 BP)"",""time_end_bp"":11700,""time_mean_bp"":5850,""time_start_bp"":0,""uncertainty_notes"":[]},""time_end_bp"":11700,""time_label"":""0-11700 BP"",""time_mean_bp"":5850,""time_start_bp"":0},{""latitude"":55.575556,""longitude"":13.4375,""source_layer_key"":""landclim-sites"",""source_name"":""Bökesjön"",""source_record"":""landclim-sites:937075:BOKE"",""source_url"":""https://doi.org/10.1594/PANGAEA.937075"",""temporal_semantics"":{""comparability_posture"":""numeric_interval"",""comparison_note"":""This interval describes sequence coverage, not a single pollen observation or an event date."",""duration_years"":5645,""evidence_class"":""pollen_site_sequence_coverage"",""normalized_labels"":[""-40-5605 BP""],""original_labels"":[""-40-5605 BP""],""precision_posture"":""site_sequence_interval"",""provenance_excerpt"":"""",""provenance_locator"":""LANDCLIMII metadata file:BOKE"",""provenance_path"":""data/landclim/raw/landclim_ii_site_metadata.xlsx"",""schema_version"":""temporal-semantics.v1"",""source_family"":""landclim"",""summary_label"":""-40-5605 BP"",""temporal_window_key"":""late_holocene"",""temporal_window_label"":""Late Holocene (1001-3000 BP)"",""time_end_bp"":5605,""time_mean_bp"":2782,""time_start_bp"":-40,""uncertainty_notes"":[]},""time_end_bp"":5605,""time_label"":""-40-5605 BP"",""time_mean_bp"":2782,""time_start_bp"":-40},{""latitude"":55.57556,""longitude"":13.4375,""source_layer_key"":""neotoma-pollen"",""source_name"":""Bökesjön"",""source_record"":""neotoma-pollen:28872"",""source_url"":""https://apps.neotomadb.org/explorer/#/record/site/28872"",""temporal_semantics"":{""comparability_posture"":""numeric_interval"",""comparison_note"":""Neotoma publishes BP age coverage here, but the interval remains a site-level pollen context span rather than a sample-owned event date."",""duration_years"":5605,""evidence_class"":""neotoma_bp_range"",""normalized_labels"":[""Calibrated radiocarbon years BP""],""original_labels"":[""Calibrated radiocarbon years BP""],""precision_posture"":""site_interval"",""provenance_excerpt"":"""",""provenance_locator"":""site_age_ranges"",""provenance_path"":"""",""schema_version"":""temporal-semantics.v1"",""source_family"":""neotoma"",""summary_label"":""0-5605 Calibrated radiocarbon years BP"",""temporal_window_key"":""late_holocene"",""temporal_window_label"":""Late Holocene (1001-3000 BP)"",""time_end_bp"":5605,""time_mean_bp"":2802,""time_start_bp"":0,""uncertainty_notes"":[]},""time_end_bp"":5605,""time_label"":""0-5605 Calibrated radiocarbon years BP"",""time_mean_bp"":2802,""time_start_bp"":0}]"
radius_20km,20 km,20,8,0.2365,Färskesjön,Färskesjön,sweden_lake_registry:622492-150312,56.159037,15.859814,"https://www.google.com/maps/search/?api=1&query=56.159037,15.859814",9,0.2364,7,aggregate; fieldwork shortlist; 10 km; 20 km; 30 km; 40 km; 50 km,622492-150312,water_surface_name,0.459128,sampling_lake_candidate,0.868,,site_review_required,bathymetry and basin depth; sediment preservation and prior coring history; shore access and landowner contact; permit requirements; field hazards and logistics,1,0.0,,,"[{""latitude"":56.166667,""longitude"":15.866667,""source_layer_key"":""landclim-sites"",""source_name"":""Färshesjön"",""source_record"":""landclim-sites:897303:Färshesjön:56.166667:15.866667"",""source_url"":""https://doi.org/10.1594/PANGAEA.897303"",""temporal_semantics"":{""comparability_posture"":""numeric_interval"",""comparison_note"":""This interval describes sequence coverage, not a single pollen observation or an event date."",""duration_years"":6100,""evidence_class"":""pollen_site_sequence_coverage"",""normalized_labels"":[""100-350 BP to 5700-6200 BP""],""original_labels"":[""100-350 BP to 5700-6200 BP""],""precision_posture"":""site_sequence_interval"",""provenance_excerpt"":"""",""provenance_locator"":""SiteData:Färshesjön"",""provenance_path"":""data/landclim/raw/landclim_i_land_cover_types.xlsx"",""schema_version"":""temporal-semantics.v1"",""source_family"":""landclim"",""summary_label"":""100-350 BP to 5700-6200 BP"",""temporal_window_key"":""mid_holocene"",""temporal_window_label"":""Mid-Holocene (3001-6000 BP)"",""time_end_bp"":6200,""time_mean_bp"":3150,""time_start_bp"":100,""uncertainty_notes"":[]},""time_end_bp"":6200,""time_label"":""100-350 BP to 5700-6200 BP"",""time_mean_bp"":3150,""time_start_bp"":100},{""latitude"":56.166667,""longitude"":15.866667,""source_layer_key"":""landclim-sites"",""source_name"":""Färskesjön"",""source_record"":""landclim-sites:937075:FARSK"",""source_url"":""https://doi.org/10.1594/PANGAEA.937075"",""temporal_semantics"":{""comparability_posture"":""numeric_interval"",""comparison_note"":""This interval describes sequence coverage, not a single pollen observation or an event date."",""duration_years"":12262,""evidence_class"":""pollen_site_sequence_coverage"",""normalized_labels"":[""180-12442 BP""],""original_labels"":[""180-12442 BP""],""precision_posture"":""site_sequence_interval"",""provenance_excerpt"":"""",""provenance_locator"":""LANDCLIMII metadata file:FARSK"",""provenance_path"":""data/landclim/raw/landclim_ii_site_metadata.xlsx"",""schema_version"":""temporal-semantics.v1"",""source_family"":""landclim"",""summary_label"":""180-12442 BP"",""temporal_window_key"":""early_holocene_and_older"",""temporal_window_label"":""Early Holocene and older (6001+ BP)"",""time_end_bp"":12442,""time_mean_bp"":6311,""time_start_bp"":180,""uncertainty_notes"":[]},""time_end_bp"":12442,""time_label"":""180-12442 BP"",""time_mean_bp"":6311,""time_start_bp"":180},{""latitude"":56.15907,""longitude"":15.86049,""source_layer_key"":""neotoma-pollen"",""source_name"":""Färskesjön"",""source_record"":""neotoma-pollen:3102"",""source_url"":""https://apps.neotomadb.org/explorer/#/record/site/3102"",""temporal_semantics"":{""comparability_posture"":""numeric_interval_with_caveat"",""comparison_note"":""Neotoma coverage merges more than one BP age-range convention for this site, so the interval remains comparable but should be treated as a site-level summary span."",""duration_years"":12664,""evidence_class"":""neotoma_aggregated_bp_ranges"",""normalized_labels"":[""Calibrated radiocarbon years BP"",""Radiocarbon years BP""],""original_labels"":[""Calibrated radiocarbon years BP"",""Radiocarbon years BP""],""precision_posture"":""site_interval_with_uncertainty"",""provenance_excerpt"":"""",""provenance_locator"":""site_age_ranges"",""provenance_path"":"""",""schema_version"":""temporal-semantics.v1"",""source_family"":""neotoma"",""summary_label"":""66-12730 Calibrated radiocarbon years BP"",""temporal_window_key"":""early_holocene_and_older"",""temporal_window_label"":""Early Holocene and older (6001+ BP)"",""time_end_bp"":12730,""time_mean_bp"":6398,""time_start_bp"":66,""uncertainty_notes"":[""Multiple BP age-range conventions contribute to this site span.""]},""time_end_bp"":12730,""time_label"":""66-12730 Calibrated radiocarbon years BP"",""time_mean_bp"":6398,""time_start_bp"":66},{""latitude"":56.166667,""longitude"":15.866667,""source_layer_key"":""landclim-sites"",""source_name"":""Färskesjön (core 2014)"",""source_record"":""landclim-sites:937075:Farske"",""source_url"":""https://doi.org/10.1594/PANGAEA.937075"",""temporal_semantics"":{""comparability_posture"":""numeric_interval"",""comparison_note"":""This interval describes sequence coverage, not a single pollen observation or an event date."",""duration_years"":3113,""evidence_class"":""pollen_site_sequence_coverage"",""normalized_labels"":[""-58-3055 BP""],""original_labels"":[""-58-3055 BP""],""precision_posture"":""site_sequence_interval"",""provenance_excerpt"":"""",""provenance_locator"":""LANDCLIMII metadata file:Farske"",""provenance_path"":""data/landclim/raw/landclim_ii_site_metadata.xlsx"",""schema_version"":""temporal-semantics.v1"",""source_family"":""landclim"",""summary_label"":""-58-3055 BP"",""temporal_window_key"":""late_holocene"",""temporal_window_label"":""Late Holocene (1001-3000 BP)"",""time_end_bp"":3055,""time_mean_bp"":1498,""time_start_bp"":-58,""uncertainty_notes"":[]},""time_end_bp"":3055,""time_label"":""-58-3055 BP"",""time_mean_bp"":1498,""time_start_bp"":-58}]"
radius_20km,20 km,20,9,0.2055,Ungtjärnen,Ungtjärnen,sweden_lake_registry:666346-150259,60.089033,15.850291,"https://www.google.com/maps/search/?api=1&query=60.089033,15.850291",11,0.2037,7,aggregate; fieldwork shortlist; 10 km; 20 km; 30 km; 40 km; 50 km,666346-150259,water_surface_name,0.101555,compact_lake_candidate,0.63,small mapped water surface; prefer checking basin depth and access before field planning,site_review_required,bathymetry and basin depth; sediment preservation and prior coring history; shore access and landowner contact; permit requirements; field hazards and logistics,1,0.0,,,"[{""latitude"":60.083333,""longitude"":15.833333,""source_layer_key"":""landclim-sites"",""source_name"":""Gilltjärnen"",""source_record"":""landclim-sites:897303:Gilltjärnen:60.083333:15.833333"",""source_url"":""https://doi.org/10.1594/PANGAEA.897303"",""temporal_semantics"":{""comparability_posture"":""numeric_interval"",""comparison_note"":""This interval describes sequence coverage, not a single pollen observation or an event date."",""duration_years"":6200,""evidence_class"":""pollen_site_sequence_coverage"",""normalized_labels"":[""0-100 BP to 5700-6200 BP""],""original_labels"":[""0-100 BP to 5700-6200 BP""],""precision_posture"":""site_sequence_interval"",""provenance_excerpt"":"""",""provenance_locator"":""SiteData:Gilltjärnen"",""provenance_path"":""data/landclim/raw/landclim_i_land_cover_types.xlsx"",""schema_version"":""temporal-semantics.v1"",""source_family"":""landclim"",""summary_label"":""0-100 BP to 5700-6200 BP"",""temporal_window_key"":""mid_holocene"",""temporal_window_label"":""Mid-Holocene (3001-6000 BP)"",""time_end_bp"":6200,""time_mean_bp"":3100,""time_start_bp"":0,""uncertainty_notes"":[]},""time_end_bp"":6200,""time_label"":""0-100 BP to 5700-6200 BP"",""time_mean_bp"":3100,""time_start_bp"":0},{""latitude"":60.08333,""longitude"":15.83333,""source_layer_key"":""neotoma-pollen"",""source_name"":""Gilltjärnen"",""source_record"":""neotoma-pollen:28866"",""source_url"":""https://apps.neotomadb.org/explorer/#/record/site/28866"",""temporal_semantics"":{""comparability_posture"":""numeric_interval"",""comparison_note"":""Neotoma publishes BP age coverage here, but the interval remains a site-level pollen context span rather than a sample-owned event date."",""duration_years"":11100,""evidence_class"":""neotoma_bp_range"",""normalized_labels"":[""Calibrated radiocarbon years BP""],""original_labels"":[""Calibrated radiocarbon years BP""],""precision_posture"":""site_interval"",""provenance_excerpt"":"""",""provenance_locator"":""site_age_ranges"",""provenance_path"":"""",""schema_version"":""temporal-semantics.v1"",""source_family"":""neotoma"",""summary_label"":""0-11100 Calibrated radiocarbon years BP"",""temporal_window_key"":""mid_holocene"",""temporal_window_label"":""Mid-Holocene (3001-6000 BP)"",""time_end_bp"":11100,""time_mean_bp"":5550,""time_start_bp"":0,""uncertainty_notes"":[]},""time_end_bp"":11100,""time_label"":""0-11100 Calibrated radiocarbon years BP"",""time_mean_bp"":5550,""time_start_bp"":0}]"
radius_20km,20 km,20,10,0.2005,Åbodasjön,Åbodasjön,sweden_lake_registry:632901-141943,57.085667,14.482671,"https://www.google.com/maps/search/?api=1&query=57.085667,14.482671",10,0.2155,7,aggregate; fieldwork shortlist; 10 km; 20 km; 30 km; 40 km; 50 km,632901-141943,water_surface_name,0.545153,sampling_lake_candidate,1.0,,site_review_required,bathymetry and basin depth; sediment preservation and prior coring history; shore access and landowner contact; permit requirements; field hazards and logistics,1,0.0,,,"[{""latitude"":57.085556,""longitude"":14.478611,""source_layer_key"":""landclim-sites"",""source_name"":""Åbodasjön"",""source_record"":""landclim-sites:897303:Åbodasjön:57.085556:14.478611"",""source_url"":""https://doi.org/10.1594/PANGAEA.897303"",""temporal_semantics"":{""comparability_posture"":""numeric_interval"",""comparison_note"":""This interval describes sequence coverage, not a single pollen observation or an event date."",""duration_years"":100,""evidence_class"":""pollen_site_sequence_coverage"",""normalized_labels"":[""0-100 BP""],""original_labels"":[""0-100 BP""],""precision_posture"":""site_sequence_interval"",""provenance_excerpt"":"""",""provenance_locator"":""SiteData:Åbodasjön"",""provenance_path"":""data/landclim/raw/landclim_i_land_cover_types.xlsx"",""schema_version"":""temporal-semantics.v1"",""source_family"":""landclim"",""summary_label"":""0-100 BP"",""temporal_window_key"":""recent_historical"",""temporal_window_label"":""Recent and historical (0-1000 BP)"",""time_end_bp"":100,""time_mean_bp"":50,""time_start_bp"":0,""uncertainty_notes"":[]},""time_end_bp"":100,""time_label"":""0-100 BP"",""time_mean_bp"":50,""time_start_bp"":0},{""latitude"":57.085556,""longitude"":14.478611,""source_layer_key"":""landclim-sites"",""source_name"":""Åbodasjön"",""source_record"":""landclim-sites:900966:GC21:Åbodasjön"",""source_url"":""https://doi.org/10.1594/PANGAEA.900966"",""temporal_semantics"":{""comparability_posture"":""numeric_interval"",""comparison_note"":""This interval describes sequence coverage, not a single pollen observation or an event date."",""duration_years"":11700,""evidence_class"":""pollen_site_sequence_coverage"",""normalized_labels"":[""0-11700 BP""],""original_labels"":[""0-11700 BP""],""precision_posture"":""site_sequence_interval"",""provenance_excerpt"":"""",""provenance_locator"":""Metadata:Åbodasjön"",""provenance_path"":""data/landclim/raw/marquer_2017_reveals_taxa_grid_cells.xlsx"",""schema_version"":""temporal-semantics.v1"",""source_family"":""landclim"",""summary_label"":""0-11700 BP"",""temporal_window_key"":""mid_holocene"",""temporal_window_label"":""Mid-Holocene (3001-6000 BP)"",""time_end_bp"":11700,""time_mean_bp"":5850,""time_start_bp"":0,""uncertainty_notes"":[]},""time_end_bp"":11700,""time_label"":""0-11700 BP"",""time_mean_bp"":5850,""time_start_bp"":0},{""latitude"":57.0856,""longitude"":14.4787,""source_layer_key"":""landclim-sites"",""source_name"":""Åbodasjön"",""source_record"":""landclim-sites:937075:Åbodasjön"",""source_url"":""https://doi.org/10.1594/PANGAEA.937075"",""temporal_semantics"":{""comparability_posture"":""numeric_interval"",""comparison_note"":""This interval describes sequence coverage, not a single pollen observation or an event date."",""duration_years"":1008,""evidence_class"":""pollen_site_sequence_coverage"",""normalized_labels"":[""-57-951 BP""],""original_labels"":[""-57-951 BP""],""precision_posture"":""site_sequence_interval"",""provenance_excerpt"":"""",""provenance_locator"":""LANDCLIMII metadata file:Åbodasjön"",""provenance_path"":""data/landclim/raw/landclim_ii_site_metadata.xlsx"",""schema_version"":""temporal-semantics.v1"",""source_family"":""landclim"",""summary_label"":""-57-951 BP"",""temporal_window_key"":""recent_historical"",""temporal_window_label"":""Recent and historical (0-1000 BP)"",""time_end_bp"":951,""time_mean_bp"":447,""time_start_bp"":-57,""uncertainty_notes"":[]},""time_end_bp"":951,""time_label"":""-57-951 BP"",""time_mean_bp"":447,""time_start_bp"":-57}]"
radius_20km,20 km,20,11,0.1873,Stömnesjön,Stömnesjön,sweden_lake_registry:685496-153902,61.80718,16.512573,"https://www.google.com/maps/search/?api=1&query=61.807180,16.512573",12,0.1976,7,aggregate; fieldwork shortlist; 10 km; 20 km; 30 km; 40 km; 50 km,685496-153902,water_surface_name,2.438561,sampling_lake_candidate,1.0,,site_review_required,bathymetry and basin depth; sediment preservation and prior coring history; shore access and landowner contact; permit requirements; field hazards and logistics,1,0.0,,,"[{""latitude"":61.816667,""longitude"":16.533333,""source_layer_key"":""landclim-sites"",""source_name"":""Klotjärnen"",""source_record"":""landclim-sites:897303:Klotjärnen:61.816667:16.533333"",""source_url"":""https://doi.org/10.1594/PANGAEA.897303"",""temporal_semantics"":{""comparability_posture"":""numeric_interval"",""comparison_note"":""This interval describes sequence coverage, not a single pollen observation or an event date."",""duration_years"":6200,""evidence_class"":""pollen_site_sequence_coverage"",""normalized_labels"":[""0-100 BP to 5700-6200 BP""],""original_labels"":[""0-100 BP to 5700-6200 BP""],""precision_posture"":""site_sequence_interval"",""provenance_excerpt"":"""",""provenance_locator"":""SiteData:Klotjärnen"",""provenance_path"":""data/landclim/raw/landclim_i_land_cover_types.xlsx"",""schema_version"":""temporal-semantics.v1"",""source_family"":""landclim"",""summary_label"":""0-100 BP to 5700-6200 BP"",""temporal_window_key"":""mid_holocene"",""temporal_window_label"":""Mid-Holocene (3001-6000 BP)"",""time_end_bp"":6200,""time_mean_bp"":3100,""time_start_bp"":0,""uncertainty_notes"":[]},""time_end_bp"":6200,""time_label"":""0-100 BP to 5700-6200 BP"",""time_mean_bp"":3100,""time_start_bp"":0},{""latitude"":61.816667,""longitude"":16.533333,""source_layer_key"":""landclim-sites"",""source_name"":""Klotjärnen"",""source_record"":""landclim-sites:937075:KLO"",""source_url"":""https://doi.org/10.1594/PANGAEA.937075"",""temporal_semantics"":{""comparability_posture"":""numeric_interval"",""comparison_note"":""This interval describes sequence coverage, not a single pollen observation or an event date."",""duration_years"":9557,""evidence_class"":""pollen_site_sequence_coverage"",""normalized_labels"":[""-60-9497 BP""],""original_labels"":[""-60-9497 BP""],""precision_posture"":""site_sequence_interval"",""provenance_excerpt"":"""",""provenance_locator"":""LANDCLIMII metadata file:KLO"",""provenance_path"":""data/landclim/raw/landclim_ii_site_metadata.xlsx"",""schema_version"":""temporal-semantics.v1"",""source_family"":""landclim"",""summary_label"":""-60-9497 BP"",""temporal_window_key"":""mid_holocene"",""temporal_window_label"":""Mid-Holocene (3001-6000 BP)"",""time_end_bp"":9497,""time_mean_bp"":4718,""time_start_bp"":-60,""uncertainty_notes"":[]},""time_end_bp"":9497,""time_label"":""-60-9497 BP"",""time_mean_bp"":4718,""time_start_bp"":-60}]"
radius_20km,20 km,20,12,0.1816,Mullsjön,Mullsjön,sweden_lake_registry:646681-140779,58.317875,14.210785,"https://www.google.com/maps/search/?api=1&query=58.317875,14.210785",8,0.2534,7,aggregate; fieldwork shortlist; 10 km; 20 km; 30 km; 40 km; 50 km,646681-140779,water_surface_name,3.918493,sampling_lake_candidate,1.0,,site_review_required,bathymetry and basin depth; sediment preservation and prior coring history; shore access and landowner contact; permit requirements; field hazards and logistics,1,0.0,,,"[{""latitude"":58.31761,""longitude"":14.21136,""source_layer_key"":""neotoma-pollen"",""source_name"":""Mullsjön"",""source_record"":""neotoma-pollen:3303"",""source_url"":""https://apps.neotomadb.org/explorer/#/record/site/3303"",""temporal_semantics"":{""comparability_posture"":""numeric_interval_with_caveat"",""comparison_note"":""Neotoma coverage merges more than one BP age-range convention for this site, so the interval remains comparable but should be treated as a site-level summary span."",""duration_years"":8806,""evidence_class"":""neotoma_aggregated_bp_ranges"",""normalized_labels"":[""Calibrated radiocarbon years BP"",""Radiocarbon years BP""],""original_labels"":[""Calibrated radiocarbon years BP"",""Radiocarbon years BP""],""precision_posture"":""site_interval_with_uncertainty"",""provenance_excerpt"":"""",""provenance_locator"":""site_age_ranges"",""provenance_path"":"""",""schema_version"":""temporal-semantics.v1"",""source_family"":""neotoma"",""summary_label"":""9526-17322 Calibrated radiocarbon years BP"",""temporal_window_key"":""early_holocene_and_older"",""temporal_window_label"":""Early Holocene and older (6001+ BP)"",""time_end_bp"":17322,""time_mean_bp"":12919,""time_start_bp"":8516,""uncertainty_notes"":[""Multiple BP age-range conventions contribute to this site span.""]},""time_end_bp"":17322,""time_label"":""9526-17322 Calibrated radiocarbon years BP"",""time_mean_bp"":12919,""time_start_bp"":8516}]"
radius_20km,20 km,20,13,0.1793,Rummehölj,Rummehölj,sweden_lake_registry:632142-151758,57.017085,16.089132,"https://www.google.com/maps/search/?api=1&query=57.017085,16.089132",14,0.1849,6,aggregate; 10 km; 20 km; 30 km; 40 km; 50 km,632142-151758,water_surface_name,0.076319,compact_lake_candidate,0.63,small mapped water surface; prefer checking basin depth and access before field planning,site_review_required,bathymetry and basin depth; sediment preservation and prior coring history; shore access and landowner contact; permit requirements; field hazards and logistics,1,0.0,,,"[{""latitude"":57.016667,""longitude"":16.116667,""source_layer_key"":""landclim-sites"",""source_name"":""Skärsgölarna"",""source_record"":""landclim-sites:897303:Skärsgölarna:57.016667:16.116667"",""source_url"":""https://doi.org/10.1594/PANGAEA.897303"",""temporal_semantics"":{""comparability_posture"":""numeric_interval"",""comparison_note"":""This interval describes sequence coverage, not a single pollen observation or an event date."",""duration_years"":6200,""evidence_class"":""pollen_site_sequence_coverage"",""normalized_labels"":[""0-100 BP to 5700-6200 BP""],""original_labels"":[""0-100 BP to 5700-6200 BP""],""precision_posture"":""site_sequence_interval"",""provenance_excerpt"":"""",""provenance_locator"":""SiteData:Skärsgölarna"",""provenance_path"":""data/landclim/raw/landclim_i_land_cover_types.xlsx"",""schema_version"":""temporal-semantics.v1"",""source_family"":""landclim"",""summary_label"":""0-100 BP to 5700-6200 BP"",""temporal_window_key"":""mid_holocene"",""temporal_window_label"":""Mid-Holocene (3001-6000 BP)"",""time_end_bp"":6200,""time_mean_bp"":3100,""time_start_bp"":0,""uncertainty_notes"":[]},""time_end_bp"":6200,""time_label"":""0-100 BP to 5700-6200 BP"",""time_mean_bp"":3100,""time_start_bp"":0},{""latitude"":57.016667,""longitude"":16.116667,""source_layer_key"":""landclim-sites"",""source_name"":""Skärsgölarna"",""source_record"":""landclim-sites:937075:SKAR"",""source_url"":""https://doi.org/10.1594/PANGAEA.937075"",""temporal_semantics"":{""comparability_posture"":""numeric_interval"",""comparison_note"":""This interval describes sequence coverage, not a single pollen observation or an event date."",""duration_years"":5852,""evidence_class"":""pollen_site_sequence_coverage"",""normalized_labels"":[""-46-5806 BP""],""original_labels"":[""-46-5806 BP""],""precision_posture"":""site_sequence_interval"",""provenance_excerpt"":"""",""provenance_locator"":""LANDCLIMII metadata file:SKAR"",""provenance_path"":""data/landclim/raw/landclim_ii_site_metadata.xlsx"",""schema_version"":""temporal-semantics.v1"",""source_family"":""landclim"",""summary_label"":""-46-5806 BP"",""temporal_window_key"":""late_holocene"",""temporal_window_label"":""Late Holocene (1001-3000 BP)"",""time_end_bp"":5806,""time_mean_bp"":2880,""time_start_bp"":-46,""uncertainty_notes"":[]},""time_end_bp"":5806,""time_label"":""-46-5806 BP"",""time_mean_bp"":2880,""time_start_bp"":-46}]"
radius_20km,20 km,20,14,0.1727,Lindhultsgöl,Lindhultsgöl,sweden_lake_registry:633608-141894,57.145223,14.46766,"https://www.google.com/maps/search/?api=1&query=57.145223,14.467660",13,0.1867,6,aggregate; 10 km; 20 km; 30 km; 40 km; 50 km,633608-141894,water_surface_name,0.076304,compact_lake_candidate,0.63,small mapped water surface; prefer checking basin depth and access before field planning,site_review_required,bathymetry and basin depth; sediment preservation and prior coring history; shore access and landowner contact; permit requirements; field hazards and logistics,1,0.0,,,"[{""latitude"":57.143611,""longitude"":14.466111,""source_layer_key"":""landclim-sites"",""source_name"":""Lindhultsgöl"",""source_record"":""landclim-sites:897303:Lindhultsgöl:57.143611:14.466111"",""source_url"":""https://doi.org/10.1594/PANGAEA.897303"",""temporal_semantics"":{""comparability_posture"":""numeric_interval"",""comparison_note"":""This interval describes sequence coverage, not a single pollen observation or an event date."",""duration_years"":100,""evidence_class"":""pollen_site_sequence_coverage"",""normalized_labels"":[""0-100 BP""],""original_labels"":[""0-100 BP""],""precision_posture"":""site_sequence_interval"",""provenance_excerpt"":"""",""provenance_locator"":""SiteData:Lindhultsgöl"",""provenance_path"":""data/landclim/raw/landclim_i_land_cover_types.xlsx"",""schema_version"":""temporal-semantics.v1"",""source_family"":""landclim"",""summary_label"":""0-100 BP"",""temporal_window_key"":""recent_historical"",""temporal_window_label"":""Recent and historical (0-1000 BP)"",""time_end_bp"":100,""time_mean_bp"":50,""time_start_bp"":0,""uncertainty_notes"":[]},""time_end_bp"":100,""time_label"":""0-100 BP"",""time_mean_bp"":50,""time_start_bp"":0},{""latitude"":57.143611,""longitude"":14.466111,""source_layer_key"":""landclim-sites"",""source_name"":""Lindhultsgöl"",""source_record"":""landclim-sites:900966:GC21:Lindhultsgöl"",""source_url"":""https://doi.org/10.1594/PANGAEA.900966"",""temporal_semantics"":{""comparability_posture"":""numeric_interval"",""comparison_note"":""This interval describes sequence coverage, not a single pollen observation or an event date."",""duration_years"":11700,""evidence_class"":""pollen_site_sequence_coverage"",""normalized_labels"":[""0-11700 BP""],""original_labels"":[""0-11700 BP""],""precision_posture"":""site_sequence_interval"",""provenance_excerpt"":"""",""provenance_locator"":""Metadata:Lindhultsgöl"",""provenance_path"":""data/landclim/raw/marquer_2017_reveals_taxa_grid_cells.xlsx"",""schema_version"":""temporal-semantics.v1"",""source_family"":""landclim"",""summary_label"":""0-11700 BP"",""temporal_window_key"":""mid_holocene"",""temporal_window_label"":""Mid-Holocene (3001-6000 BP)"",""time_end_bp"":11700,""time_mean_bp"":5850,""time_start_bp"":0,""uncertainty_notes"":[]},""time_end_bp"":11700,""time_label"":""0-11700 BP"",""time_mean_bp"":5850,""time_start_bp"":0},{""latitude"":57.1436,""longitude"":14.4661,""source_layer_key"":""landclim-sites"",""source_name"":""Lindhultsgöl"",""source_record"":""landclim-sites:937075:Lindhult"",""source_url"":""https://doi.org/10.1594/PANGAEA.937075"",""temporal_semantics"":{""comparability_posture"":""numeric_interval"",""comparison_note"":""This interval describes sequence coverage, not a single pollen observation or an event date."",""duration_years"":1001,""evidence_class"":""pollen_site_sequence_coverage"",""normalized_labels"":[""-57-944 BP""],""original_labels"":[""-57-944 BP""],""precision_posture"":""site_sequence_interval"",""provenance_excerpt"":"""",""provenance_locator"":""LANDCLIMII metadata file:Lindhult"",""provenance_path"":""data/landclim/raw/landclim_ii_site_metadata.xlsx"",""schema_version"":""temporal-semantics.v1"",""source_family"":""landclim"",""summary_label"":""-57-944 BP"",""temporal_window_key"":""recent_historical"",""temporal_window_label"":""Recent and historical (0-1000 BP)"",""time_end_bp"":944,""time_mean_bp"":444,""time_start_bp"":-57,""uncertainty_notes"":[]},""time_end_bp"":944,""time_label"":""-57-944 BP"",""time_mean_bp"":444,""time_start_bp"":-57}]"
radius_20km,20 km,20,15,0.1587,Norr-Lången,Norr-Lången,sweden_lake_registry:685509-153253,61.810118,16.426007,"https://www.google.com/maps/search/?api=1&query=61.810118,16.426007",15,0.1668,6,aggregate; fieldwork shortlist; 10 km; 20 km; 30 km; 40 km,685509-153253,water_surface_name,0.114889,compact_lake_candidate,0.63,small mapped water surface; prefer checking basin depth and access before field planning,site_review_required,bathymetry and basin depth; sediment preservation and prior coring history; shore access and landowner contact; permit requirements; field hazards and logistics,1,0.0,,,"[{""latitude"":61.82125,""longitude"":16.40472,""source_layer_key"":""neotoma-pollen"",""source_name"":""Klotjärnen"",""source_record"":""neotoma-pollen:13336"",""source_url"":""https://apps.neotomadb.org/explorer/#/record/site/13336"",""temporal_semantics"":{""comparability_posture"":""numeric_interval"",""comparison_note"":""Neotoma publishes BP age coverage here, but the interval remains a site-level pollen context span rather than a sample-owned event date."",""duration_years"":10072,""evidence_class"":""neotoma_bp_range"",""normalized_labels"":[""Calibrated radiocarbon years BP""],""original_labels"":[""Calibrated radiocarbon years BP""],""precision_posture"":""site_interval"",""provenance_excerpt"":"""",""provenance_locator"":""site_age_ranges"",""provenance_path"":"""",""schema_version"":""temporal-semantics.v1"",""source_family"":""neotoma"",""summary_label"":""0-10072 Calibrated radiocarbon years BP"",""temporal_window_key"":""mid_holocene"",""temporal_window_label"":""Mid-Holocene (3001-6000 BP)"",""time_end_bp"":10072,""time_mean_bp"":5036,""time_start_bp"":0,""uncertainty_notes"":[]},""time_end_bp"":10072,""time_label"":""0-10072 Calibrated radiocarbon years BP"",""time_mean_bp"":5036,""time_start_bp"":0}]"
radius_20km,20 km,20,16,0.1526,Bergakyllen,Bergakyllen,sweden_lake_registry:633992-152030,57.186058,16.143141,"https://www.google.com/maps/search/?api=1&query=57.186058,16.143141",18,0.1586,5,aggregate; 10 km; 20 km; 30 km; 50 km,633992-152030,water_surface_name,0.105502,compact_lake_candidate,0.63,small mapped water surface; prefer checking basin depth and access before field planning,site_review_required,bathymetry and basin depth; sediment preservation and prior coring history; shore access and landowner contact; permit requirements; field hazards and logistics,1,0.0,,,"[{""latitude"":57.18367,""longitude"":16.14528,""source_layer_key"":""neotoma-pollen"",""source_name"":""Bergakyllen"",""source_record"":""neotoma-pollen:3009"",""source_url"":""https://apps.neotomadb.org/explorer/#/record/site/3009"",""temporal_semantics"":{""comparability_posture"":""numeric_interval_with_caveat"",""comparison_note"":""Neotoma coverage merges more than one BP age-range convention for this site, so the interval remains comparable but should be treated as a site-level summary span."",""duration_years"":14447,""evidence_class"":""neotoma_aggregated_bp_ranges"",""normalized_labels"":[""Calibrated radiocarbon years BP"",""Radiocarbon years BP""],""original_labels"":[""Calibrated radiocarbon years BP"",""Radiocarbon years BP""],""precision_posture"":""site_interval_with_uncertainty"",""provenance_excerpt"":"""",""provenance_locator"":""site_age_ranges"",""provenance_path"":"""",""schema_version"":""temporal-semantics.v1"",""source_family"":""neotoma"",""summary_label"":""8464-22911 Calibrated radiocarbon years BP"",""temporal_window_key"":""early_holocene_and_older"",""temporal_window_label"":""Early Holocene and older (6001+ BP)"",""time_end_bp"":22911,""time_mean_bp"":15688,""time_start_bp"":8464,""uncertainty_notes"":[""Multiple BP age-range conventions contribute to this site span.""]},""time_end_bp"":22911,""time_label"":""8464-22911 Calibrated radiocarbon years BP"",""time_mean_bp"":15688,""time_start_bp"":8464},{""latitude"":57.1894,""longitude"":16.15266,""source_layer_key"":""neotoma-pollen"",""source_name"":""Skvarran"",""source_record"":""neotoma-pollen:3419"",""source_url"":""https://apps.neotomadb.org/explorer/#/record/site/3419"",""temporal_semantics"":{""comparability_posture"":""numeric_interval_with_caveat"",""comparison_note"":""Neotoma coverage merges more than one BP age-range convention for this site, so the interval remains comparable but should be treated as a site-level summary span."",""duration_years"":9383,""evidence_class"":""neotoma_aggregated_bp_ranges"",""normalized_labels"":[""Calibrated radiocarbon years BP"",""Radiocarbon years BP""],""original_labels"":[""Calibrated radiocarbon years BP"",""Radiocarbon years BP""],""precision_posture"":""site_interval_with_uncertainty"",""provenance_excerpt"":"""",""provenance_locator"":""site_age_ranges"",""provenance_path"":"""",""schema_version"":""temporal-semantics.v1"",""source_family"":""neotoma"",""summary_label"":""9807-19190 Calibrated radiocarbon years BP"",""temporal_window_key"":""early_holocene_and_older"",""temporal_window_label"":""Early Holocene and older (6001+ BP)"",""time_end_bp"":19190,""time_mean_bp"":14498,""time_start_bp"":9807,""uncertainty_notes"":[""Multiple BP age-range conventions contribute to this site span.""]},""time_end_bp"":19190,""time_label"":""9807-19190 Calibrated radiocarbon years BP"",""time_mean_bp"":14498,""time_start_bp"":9807}]"
radius_20km,20 km,20,17,0.1526,Klogöl,Klogöl,sweden_lake_registry:634119-152099,57.195047,16.149861,"https://www.google.com/maps/search/?api=1&query=57.195047,16.149861",19,0.1585,5,aggregate; 10 km; 20 km; 30 km; 50 km,634119-152099,water_surface_name,0.053239,compact_lake_candidate,0.63,small mapped water surface; prefer checking basin depth and access before field planning,site_review_required,bathymetry and basin depth; sediment preservation and prior coring history; shore access and landowner contact; permit requirements; field hazards and logistics,1,0.0,,,"[{""latitude"":57.18367,""longitude"":16.14528,""source_layer_key"":""neotoma-pollen"",""source_name"":""Bergakyllen"",""source_record"":""neotoma-pollen:3009"",""source_url"":""https://apps.neotomadb.org/explorer/#/record/site/3009"",""temporal_semantics"":{""comparability_posture"":""numeric_interval_with_caveat"",""comparison_note"":""Neotoma coverage merges more than one BP age-range convention for this site, so the interval remains comparable but should be treated as a site-level summary span."",""duration_years"":14447,""evidence_class"":""neotoma_aggregated_bp_ranges"",""normalized_labels"":[""Calibrated radiocarbon years BP"",""Radiocarbon years BP""],""original_labels"":[""Calibrated radiocarbon years BP"",""Radiocarbon years BP""],""precision_posture"":""site_interval_with_uncertainty"",""provenance_excerpt"":"""",""provenance_locator"":""site_age_ranges"",""provenance_path"":"""",""schema_version"":""temporal-semantics.v1"",""source_family"":""neotoma"",""summary_label"":""8464-22911 Calibrated radiocarbon years BP"",""temporal_window_key"":""early_holocene_and_older"",""temporal_window_label"":""Early Holocene and older (6001+ BP)"",""time_end_bp"":22911,""time_mean_bp"":15688,""time_start_bp"":8464,""uncertainty_notes"":[""Multiple BP age-range conventions contribute to this site span.""]},""time_end_bp"":22911,""time_label"":""8464-22911 Calibrated radiocarbon years BP"",""time_mean_bp"":15688,""time_start_bp"":8464},{""latitude"":57.1894,""longitude"":16.15266,""source_layer_key"":""neotoma-pollen"",""source_name"":""Skvarran"",""source_record"":""neotoma-pollen:3419"",""source_url"":""https://apps.neotomadb.org/explorer/#/record/site/3419"",""temporal_semantics"":{""comparability_posture"":""numeric_interval_with_caveat"",""comparison_note"":""Neotoma coverage merges more than one BP age-range convention for this site, so the interval remains comparable but should be treated as a site-level summary span."",""duration_years"":9383,""evidence_class"":""neotoma_aggregated_bp_ranges"",""normalized_labels"":[""Calibrated radiocarbon years BP"",""Radiocarbon years BP""],""original_labels"":[""Calibrated radiocarbon years BP"",""Radiocarbon years BP""],""precision_posture"":""site_interval_with_uncertainty"",""provenance_excerpt"":"""",""provenance_locator"":""site_age_ranges"",""provenance_path"":"""",""schema_version"":""temporal-semantics.v1"",""source_family"":""neotoma"",""summary_label"":""9807-19190 Calibrated radiocarbon years BP"",""temporal_window_key"":""early_holocene_and_older"",""temporal_window_label"":""Early Holocene and older (6001+ BP)"",""time_end_bp"":19190,""time_mean_bp"":14498,""time_start_bp"":9807,""uncertainty_notes"":[""Multiple BP age-range conventions contribute to this site span.""]},""time_end_bp"":19190,""time_label"":""9807-19190 Calibrated radiocarbon years BP"",""time_mean_bp"":14498,""time_start_bp"":9807}]"
radius_20km,20 km,20,18,0.1496,Långetjärn,Långetjärn,sweden_lake_registry:640460-129466,57.723622,12.35907,"https://www.google.com/maps/search/?api=1&query=57.723622,12.359070",20,0.1583,6,aggregate; fieldwork shortlist; 10 km; 20 km; 30 km; 40 km,640460-129466,water_surface_name,0.193946,sampling_lake_candidate,0.868,,site_review_required,bathymetry and basin depth; sediment preservation and prior coring history; shore access and landowner contact; permit requirements; field hazards and logistics,1,0.0,,,"[{""latitude"":57.709,""longitude"":12.34641,""source_layer_key"":""neotoma-pollen"",""source_name"":""Björksjödamm"",""source_record"":""neotoma-pollen:3020"",""source_url"":""https://apps.neotomadb.org/explorer/#/record/site/3020"",""temporal_semantics"":{""comparability_posture"":""numeric_interval_with_caveat"",""comparison_note"":""Neotoma coverage merges more than one BP age-range convention for this site, so the interval remains comparable but should be treated as a site-level summary span."",""duration_years"":6094,""evidence_class"":""neotoma_aggregated_bp_ranges"",""normalized_labels"":[""Calibrated radiocarbon years BP"",""Radiocarbon years BP""],""original_labels"":[""Calibrated radiocarbon years BP"",""Radiocarbon years BP""],""precision_posture"":""site_interval_with_uncertainty"",""provenance_excerpt"":"""",""provenance_locator"":""site_age_ranges"",""provenance_path"":"""",""schema_version"":""temporal-semantics.v1"",""source_family"":""neotoma"",""summary_label"":""9386-15480 Calibrated radiocarbon years BP"",""temporal_window_key"":""early_holocene_and_older"",""temporal_window_label"":""Early Holocene and older (6001+ BP)"",""time_end_bp"":15480,""time_mean_bp"":12433,""time_start_bp"":9386,""uncertainty_notes"":[""Multiple BP age-range conventions contribute to this site span.""]},""time_end_bp"":15480,""time_label"":""9386-15480 Calibrated radiocarbon years BP"",""time_mean_bp"":12433,""time_start_bp"":9386}]"
radius_20km,20 km,20,19,0.1366,Lilla Sjö,Lilla Sjö,sweden_lake_registry:624044-138336,56.281643,13.924259,"https://www.google.com/maps/search/?api=1&query=56.281643,13.924259",17,0.1608,6,aggregate; 10 km; 20 km; 30 km; 40 km; 50 km,624044-138336,water_surface_name,0.14393,compact_lake_candidate,0.63,small mapped water surface; prefer checking basin depth and access before field planning,site_review_required,bathymetry and basin depth; sediment preservation and prior coring history; shore access and landowner contact; permit requirements; field hazards and logistics,1,0.0,,,[]
radius_20km,20 km,20,20,0.1358,Östra Ringsjön,Östra Ringsjön,sweden_lake_registry:619626-135565,55.86857,13.549973,"https://www.google.com/maps/search/?api=1&query=55.868570,13.549973",16,0.1619,6,aggregate; fieldwork shortlist; 10 km; 20 km; 40 km; 50 km,619626-135565,water_surface_name,24.728453,sampling_lake_candidate,0.94,,site_review_required,bathymetry and basin depth; sediment preservation and prior coring history; shore access and landowner contact; permit requirements; field hazards and logistics,1,0.0,,,[]
radius_20km,20 km,20,21,0.1301,Värsjön,Värsjön,sweden_lake_registry:624606-135677,56.312348,13.46978,"https://www.google.com/maps/search/?api=1&query=56.312348,13.469780",22,0.1325,2,fieldwork shortlist; 10 km,624606-135677,water_surface_name,2.660824,sampling_lake_candidate,1.0,,site_review_required,bathymetry and basin depth; sediment preservation and prior coring history; shore access and landowner contact; permit requirements; field hazards and logistics,1,0.0,,,[]
radius_20km,20 km,20,22,0.113,Finjasjön,Finjasjön,sweden_lake_registry:622731-136920,56.135794,13.702733,"https://www.google.com/maps/search/?api=1&query=56.135794,13.702733",21,0.1555,4,fieldwork shortlist; 30 km; 40 km; 50 km,622731-136920,water_surface_name,10.497234,sampling_lake_candidate,1.0,,site_review_required,bathymetry and basin depth; sediment preservation and prior coring history; shore access and landowner contact; permit requirements; field hazards and logistics,1,0.0,,,[]
radius_20km,20 km,20,23,0.0975,Örevattnet,Örevattnet,sweden_lake_registry:649958-125585,58.552564,11.60074,"https://www.google.com/maps/search/?api=1&query=58.552564,11.600740",23,0.1197,1,fieldwork shortlist,649958-125585,water_surface_name,0.324934,sampling_lake_candidate,0.868,,site_review_required,bathymetry and basin depth; sediment preservation and prior coring history; shore access and landowner contact; permit requirements; field hazards and logistics,1,0.0,,,[]
radius_20km,20 km,20,24,0.0947,Jämningen,Jämningen,sweden_lake_registry:624245-140812,56.297527,14.314794,"https://www.google.com/maps/search/?api=1&query=56.297527,14.314794",24,0.1175,3,fieldwork shortlist; 40 km; 50 km,624245-140812,water_surface_name,0.435817,sampling_lake_candidate,0.868,,site_review_required,bathymetry and basin depth; sediment preservation and prior coring history; shore access and landowner contact; permit requirements; field hazards and logistics,1,0.0,,,[]
radius_20km,20 km,20,25,0.0837,Kyrksjön,Kyrksjön,sweden_lake_registry:653734-145755,58.95646,15.070704,"https://www.google.com/maps/search/?api=1&query=58.956460,15.070704",25,0.0871,1,fieldwork shortlist,653734-145755,water_surface_name,0.219089,sampling_lake_candidate,0.868,,site_review_required,bathymetry and basin depth; sediment preservation and prior coring history; shore access and landowner contact; permit requirements; field hazards and logistics,1,0.0,,,[]
radius_20km,20 km,20,26,0.0647,Kyperedssjö,Kyperedssjö,sweden_lake_registry:640726-132684,57.757581,12.892382,"https://www.google.com/maps/search/?api=1&query=57.757581,12.892382",26,0.0727,0,,640726-132684,water_surface_name,0.071276,compact_lake_candidate,0.63,small mapped water surface; prefer checking basin depth and access before field planning,site_review_required,bathymetry and basin depth; sediment preservation and prior coring history; shore access and landowner contact; permit requirements; field hazards and logistics,1,0.0,,,[]
radius_30km,30 km,30,1,0.6905,Bjärsjön,Bjärsjön,sweden_lake_registry:646994-137366,58.334534,13.65652,"https://www.google.com/maps/search/?api=1&query=58.334534,13.656520",1,0.707,7,aggregate; fieldwork shortlist; 10 km; 20 km; 30 km; 40 km; 50 km,646994-137366,water_surface_name,0.132579,compact_lake_candidate,0.63,small mapped water surface; prefer checking basin depth and access before field planning,site_review_required,bathymetry and basin depth; sediment preservation and prior coring history; shore access and landowner contact; permit requirements; field hazards and logistics,1,0.0,,,[]
radius_30km,30 km,30,2,0.592,Häckebergasjön,Häckebergasjön,sweden_lake_registry:616410-134992,55.577162,13.422814,"https://www.google.com/maps/search/?api=1&query=55.577162,13.422814",2,0.4204,7,aggregate; fieldwork shortlist; 10 km; 20 km; 30 km; 40 km; 50 km,616410-134992,water_surface_name,0.758596,sampling_lake_candidate,1.0,,site_review_required,bathymetry and basin depth; sediment preservation and prior coring history; shore access and landowner contact; permit requirements; field hazards and logistics,1,0.0,,,"[{""latitude"":55.575556,""longitude"":13.4375,""source_layer_key"":""landclim-sites"",""source_name"":""Bökesjön"",""source_record"":""landclim-sites:897303:Bökesjön:55.575556:13.437500"",""source_url"":""https://doi.org/10.1594/PANGAEA.897303"",""temporal_semantics"":{""comparability_posture"":""numeric_interval"",""comparison_note"":""This interval describes sequence coverage, not a single pollen observation or an event date."",""duration_years"":3200,""evidence_class"":""pollen_site_sequence_coverage"",""normalized_labels"":[""0-100 BP to 2700-3200 BP""],""original_labels"":[""0-100 BP to 2700-3200 BP""],""precision_posture"":""site_sequence_interval"",""provenance_excerpt"":"""",""provenance_locator"":""SiteData:Bökesjön"",""provenance_path"":""data/landclim/raw/landclim_i_land_cover_types.xlsx"",""schema_version"":""temporal-semantics.v1"",""source_family"":""landclim"",""summary_label"":""0-100 BP to 2700-3200 BP"",""temporal_window_key"":""late_holocene"",""temporal_window_label"":""Late Holocene (1001-3000 BP)"",""time_end_bp"":3200,""time_mean_bp"":1600,""time_start_bp"":0,""uncertainty_notes"":[]},""time_end_bp"":3200,""time_label"":""0-100 BP to 2700-3200 BP"",""time_mean_bp"":1600,""time_start_bp"":0},{""latitude"":55.575556,""longitude"":13.4375,""source_layer_key"":""landclim-sites"",""source_name"":""Bökesjön"",""source_record"":""landclim-sites:900966:GC18:Bökesjön"",""source_url"":""https://doi.org/10.1594/PANGAEA.900966"",""temporal_semantics"":{""comparability_posture"":""numeric_interval"",""comparison_note"":""This interval describes sequence coverage, not a single pollen observation or an event date."",""duration_years"":11700,""evidence_class"":""pollen_site_sequence_coverage"",""normalized_labels"":[""0-11700 BP""],""original_labels"":[""0-11700 BP""],""precision_posture"":""site_sequence_interval"",""provenance_excerpt"":"""",""provenance_locator"":""Metadata:Bökesjön"",""provenance_path"":""data/landclim/raw/marquer_2017_reveals_taxa_grid_cells.xlsx"",""schema_version"":""temporal-semantics.v1"",""source_family"":""landclim"",""summary_label"":""0-11700 BP"",""temporal_window_key"":""mid_holocene"",""temporal_window_label"":""Mid-Holocene (3001-6000 BP)"",""time_end_bp"":11700,""time_mean_bp"":5850,""time_start_bp"":0,""uncertainty_notes"":[]},""time_end_bp"":11700,""time_label"":""0-11700 BP"",""time_mean_bp"":5850,""time_start_bp"":0},{""latitude"":55.575556,""longitude"":13.4375,""source_layer_key"":""landclim-sites"",""source_name"":""Bökesjön"",""source_record"":""landclim-sites:937075:BOKE"",""source_url"":""https://doi.org/10.1594/PANGAEA.937075"",""temporal_semantics"":{""comparability_posture"":""numeric_interval"",""comparison_note"":""This interval describes sequence coverage, not a single pollen observation or an event date."",""duration_years"":5645,""evidence_class"":""pollen_site_sequence_coverage"",""normalized_labels"":[""-40-5605 BP""],""original_labels"":[""-40-5605 BP""],""precision_posture"":""site_sequence_interval"",""provenance_excerpt"":"""",""provenance_locator"":""LANDCLIMII metadata file:BOKE"",""provenance_path"":""data/landclim/raw/landclim_ii_site_metadata.xlsx"",""schema_version"":""temporal-semantics.v1"",""source_family"":""landclim"",""summary_label"":""-40-5605 BP"",""temporal_window_key"":""late_holocene"",""temporal_window_label"":""Late Holocene (1001-3000 BP)"",""time_end_bp"":5605,""time_mean_bp"":2782,""time_start_bp"":-40,""uncertainty_notes"":[]},""time_end_bp"":5605,""time_label"":""-40-5605 BP"",""time_mean_bp"":2782,""time_start_bp"":-40},{""latitude"":55.57556,""longitude"":13.4375,""source_layer_key"":""neotoma-pollen"",""source_name"":""Bökesjön"",""source_record"":""neotoma-pollen:28872"",""source_url"":""https://apps.neotomadb.org/explorer/#/record/site/28872"",""temporal_semantics"":{""comparability_posture"":""numeric_interval"",""comparison_note"":""Neotoma publishes BP age coverage here, but the interval remains a site-level pollen context span rather than a sample-owned event date."",""duration_years"":5605,""evidence_class"":""neotoma_bp_range"",""normalized_labels"":[""Calibrated radiocarbon years BP""],""original_labels"":[""Calibrated radiocarbon years BP""],""precision_posture"":""site_interval"",""provenance_excerpt"":"""",""provenance_locator"":""site_age_ranges"",""provenance_path"":"""",""schema_version"":""temporal-semantics.v1"",""source_family"":""neotoma"",""summary_label"":""0-5605 Calibrated radiocarbon years BP"",""temporal_window_key"":""late_holocene"",""temporal_window_label"":""Late Holocene (1001-3000 BP)"",""time_end_bp"":5605,""time_mean_bp"":2802,""time_start_bp"":0,""uncertainty_notes"":[]},""time_end_bp"":5605,""time_label"":""0-5605 Calibrated radiocarbon years BP"",""time_mean_bp"":2802,""time_start_bp"":0}]"
radius_30km,30 km,30,3,0.5153,Havgårdssjön,Havgårdssjön,sweden_lake_registry:615365-134524,55.483143,13.35776,"https://www.google.com/maps/search/?api=1&query=55.483143,13.357760",7,0.3454,6,aggregate; fieldwork shortlist; 20 km; 30 km; 40 km; 50 km,615365-134524,water_surface_name,0.501745,sampling_lake_candidate,1.0,,site_review_required,bathymetry and basin depth; sediment preservation and prior coring history; shore access and landowner contact; permit requirements; field hazards and logistics,1,0.0,,,[]
radius_30km,30 km,30,4,0.4653,Sigvaldeträsk,Sigvaldeträsk,sweden_lake_registry:636053-166363,57.341825,18.527093,"https://www.google.com/maps/search/?api=1&query=57.341825,18.527093",3,0.3981,7,aggregate; fieldwork shortlist; 10 km; 20 km; 30 km; 40 km; 50 km,636053-166363,water_surface_name,0.087096,compact_lake_candidate,0.63,small mapped water surface; prefer checking basin depth and access before field planning,site_review_required,bathymetry and basin depth; sediment preservation and prior coring history; shore access and landowner contact; permit requirements; field hazards and logistics,1,0.0,,,[]
radius_30km,30 km,30,5,0.3936,Krageholmssjön,Krageholmssjön,sweden_lake_registry:615375-137087,55.501715,13.744603,"https://www.google.com/maps/search/?api=1&query=55.501715,13.744603",4,0.3843,7,aggregate; fieldwork shortlist; 10 km; 20 km; 30 km; 40 km; 50 km,615375-137087,water_surface_name,2.050682,sampling_lake_candidate,1.0,,site_review_required,bathymetry and basin depth; sediment preservation and prior coring history; shore access and landowner contact; permit requirements; field hazards and logistics,1,0.0,,,"[{""latitude"":55.5,""longitude"":13.733333,""source_layer_key"":""landclim-sites"",""source_name"":""Krageholmssjön"",""source_record"":""landclim-sites:897303:Krageholmssjön:55.500000:13.733333"",""source_url"":""https://doi.org/10.1594/PANGAEA.897303"",""temporal_semantics"":{""comparability_posture"":""numeric_interval"",""comparison_note"":""This interval describes sequence coverage, not a single pollen observation or an event date."",""duration_years"":6200,""evidence_class"":""pollen_site_sequence_coverage"",""normalized_labels"":[""0-100 BP to 5700-6200 BP""],""original_labels"":[""0-100 BP to 5700-6200 BP""],""precision_posture"":""site_sequence_interval"",""provenance_excerpt"":"""",""provenance_locator"":""SiteData:Krageholmssjön"",""provenance_path"":""data/landclim/raw/landclim_i_land_cover_types.xlsx"",""schema_version"":""temporal-semantics.v1"",""source_family"":""landclim"",""summary_label"":""0-100 BP to 5700-6200 BP"",""temporal_window_key"":""mid_holocene"",""temporal_window_label"":""Mid-Holocene (3001-6000 BP)"",""time_end_bp"":6200,""time_mean_bp"":3100,""time_start_bp"":0,""uncertainty_notes"":[]},""time_end_bp"":6200,""time_label"":""0-100 BP to 5700-6200 BP"",""time_mean_bp"":3100,""time_start_bp"":0},{""latitude"":55.5,""longitude"":13.733333,""source_layer_key"":""landclim-sites"",""source_name"":""Krageholmssjön"",""source_record"":""landclim-sites:900966:GC18:Krageholmssjön"",""source_url"":""https://doi.org/10.1594/PANGAEA.900966"",""temporal_semantics"":{""comparability_posture"":""numeric_interval"",""comparison_note"":""This interval describes sequence coverage, not a single pollen observation or an event date."",""duration_years"":11700,""evidence_class"":""pollen_site_sequence_coverage"",""normalized_labels"":[""0-11700 BP""],""original_labels"":[""0-11700 BP""],""precision_posture"":""site_sequence_interval"",""provenance_excerpt"":"""",""provenance_locator"":""Metadata:Krageholmssjön"",""provenance_path"":""data/landclim/raw/marquer_2017_reveals_taxa_grid_cells.xlsx"",""schema_version"":""temporal-semantics.v1"",""source_family"":""landclim"",""summary_label"":""0-11700 BP"",""temporal_window_key"":""mid_holocene"",""temporal_window_label"":""Mid-Holocene (3001-6000 BP)"",""time_end_bp"":11700,""time_mean_bp"":5850,""time_start_bp"":0,""uncertainty_notes"":[]},""time_end_bp"":11700,""time_label"":""0-11700 BP"",""time_mean_bp"":5850,""time_start_bp"":0},{""latitude"":55.5,""longitude"":13.733333,""source_layer_key"":""landclim-sites"",""source_name"":""Krageholmssjön"",""source_record"":""landclim-sites:937075:KRA"",""source_url"":""https://doi.org/10.1594/PANGAEA.937075"",""temporal_semantics"":{""comparability_posture"":""numeric_interval"",""comparison_note"":""This interval describes sequence coverage, not a single pollen observation or an event date."",""duration_years"":11589,""evidence_class"":""pollen_site_sequence_coverage"",""normalized_labels"":[""11-11600 BP""],""original_labels"":[""11-11600 BP""],""precision_posture"":""site_sequence_interval"",""provenance_excerpt"":"""",""provenance_locator"":""LANDCLIMII metadata file:KRA"",""provenance_path"":""data/landclim/raw/landclim_ii_site_metadata.xlsx"",""schema_version"":""temporal-semantics.v1"",""source_family"":""landclim"",""summary_label"":""11-11600 BP"",""temporal_window_key"":""mid_holocene"",""temporal_window_label"":""Mid-Holocene (3001-6000 BP)"",""time_end_bp"":11600,""time_mean_bp"":5806,""time_start_bp"":11,""uncertainty_notes"":[]},""time_end_bp"":11600,""time_label"":""11-11600 BP"",""time_mean_bp"":5806,""time_start_bp"":11},{""latitude"":55.50078,""longitude"":13.74492,""source_layer_key"":""neotoma-pollen"",""source_name"":""Krageholmssjön"",""source_record"":""neotoma-pollen:3204"",""source_url"":""https://apps.neotomadb.org/explorer/#/record/site/3204"",""temporal_semantics"":{""comparability_posture"":""numeric_interval_with_caveat"",""comparison_note"":""Neotoma coverage merges more than one BP age-range convention for this site, so the interval remains comparable but should be treated as a site-level summary span."",""duration_years"":12209,""evidence_class"":""neotoma_aggregated_bp_ranges"",""normalized_labels"":[""Calibrated radiocarbon years BP"",""Radiocarbon years BP""],""original_labels"":[""Calibrated radiocarbon years BP"",""Radiocarbon years BP""],""precision_posture"":""site_interval_with_uncertainty"",""provenance_excerpt"":"""",""provenance_locator"":""site_age_ranges"",""provenance_path"":"""",""schema_version"":""temporal-semantics.v1"",""source_family"":""neotoma"",""summary_label"":""0-12209 Calibrated radiocarbon years BP"",""temporal_window_key"":""early_holocene_and_older"",""temporal_window_label"":""Early Holocene and older (6001+ BP)"",""time_end_bp"":12209,""time_mean_bp"":6104,""time_start_bp"":0,""uncertainty_notes"":[""Multiple BP age-range conventions contribute to this site span.""]},""time_end_bp"":12209,""time_label"":""0-12209 Calibrated radiocarbon years BP"",""time_mean_bp"":6104,""time_start_bp"":0}]"
radius_30km,30 km,30,6,0.3419,Bjäresjö,Bjäresjö,sweden_lake_registry:614958-137018,55.459405,13.751743,"https://www.google.com/maps/search/?api=1&query=55.459405,13.751743",6,0.3505,7,aggregate; fieldwork shortlist; 10 km; 20 km; 30 km; 40 km; 50 km,614958-137018,water_surface_name,0.022251,small_lake_review,0.27,very small mapped water surface; treat as a micro-basin until field validation confirms suitability,site_review_required,bathymetry and basin depth; sediment preservation and prior coring history; shore access and landowner contact; permit requirements; field hazards and logistics,1,0.0,,,"[{""latitude"":55.459167,""longitude"":13.751944,""source_layer_key"":""landclim-sites"",""source_name"":""Bjäresjösjön"",""source_record"":""landclim-sites:897303:Bjäresjösjön:55.459167:13.751944"",""source_url"":""https://doi.org/10.1594/PANGAEA.897303"",""temporal_semantics"":{""comparability_posture"":""numeric_interval"",""comparison_note"":""This interval describes sequence coverage, not a single pollen observation or an event date."",""duration_years"":3200,""evidence_class"":""pollen_site_sequence_coverage"",""normalized_labels"":[""0-100 BP to 2700-3200 BP""],""original_labels"":[""0-100 BP to 2700-3200 BP""],""precision_posture"":""site_sequence_interval"",""provenance_excerpt"":"""",""provenance_locator"":""SiteData:Bjäresjösjön"",""provenance_path"":""data/landclim/raw/landclim_i_land_cover_types.xlsx"",""schema_version"":""temporal-semantics.v1"",""source_family"":""landclim"",""summary_label"":""0-100 BP to 2700-3200 BP"",""temporal_window_key"":""late_holocene"",""temporal_window_label"":""Late Holocene (1001-3000 BP)"",""time_end_bp"":3200,""time_mean_bp"":1600,""time_start_bp"":0,""uncertainty_notes"":[]},""time_end_bp"":3200,""time_label"":""0-100 BP to 2700-3200 BP"",""time_mean_bp"":1600,""time_start_bp"":0},{""latitude"":55.459167,""longitude"":13.751944,""source_layer_key"":""landclim-sites"",""source_name"":""Bjäresjösjön"",""source_record"":""landclim-sites:900966:GC18:Bjäresjösjön"",""source_url"":""https://doi.org/10.1594/PANGAEA.900966"",""temporal_semantics"":{""comparability_posture"":""numeric_interval"",""comparison_note"":""This interval describes sequence coverage, not a single pollen observation or an event date."",""duration_years"":11700,""evidence_class"":""pollen_site_sequence_coverage"",""normalized_labels"":[""0-11700 BP""],""original_labels"":[""0-11700 BP""],""precision_posture"":""site_sequence_interval"",""provenance_excerpt"":"""",""provenance_locator"":""Metadata:Bjäresjösjön"",""provenance_path"":""data/landclim/raw/marquer_2017_reveals_taxa_grid_cells.xlsx"",""schema_version"":""temporal-semantics.v1"",""source_family"":""landclim"",""summary_label"":""0-11700 BP"",""temporal_window_key"":""mid_holocene"",""temporal_window_label"":""Mid-Holocene (3001-6000 BP)"",""time_end_bp"":11700,""time_mean_bp"":5850,""time_start_bp"":0,""uncertainty_notes"":[]},""time_end_bp"":11700,""time_label"":""0-11700 BP"",""time_mean_bp"":5850,""time_start_bp"":0},{""latitude"":55.45,""longitude"":13.75,""source_layer_key"":""landclim-sites"",""source_name"":""Bjäresjösjön"",""source_record"":""landclim-sites:937075:BJARE"",""source_url"":""https://doi.org/10.1594/PANGAEA.937075"",""temporal_semantics"":{""comparability_posture"":""numeric_interval"",""comparison_note"":""This interval describes sequence coverage, not a single pollen observation or an event date."",""duration_years"":2836,""evidence_class"":""pollen_site_sequence_coverage"",""normalized_labels"":[""-33-2803 BP""],""original_labels"":[""-33-2803 BP""],""precision_posture"":""site_sequence_interval"",""provenance_excerpt"":"""",""provenance_locator"":""LANDCLIMII metadata file:BJARE"",""provenance_path"":""data/landclim/raw/landclim_ii_site_metadata.xlsx"",""schema_version"":""temporal-semantics.v1"",""source_family"":""landclim"",""summary_label"":""-33-2803 BP"",""temporal_window_key"":""late_holocene"",""temporal_window_label"":""Late Holocene (1001-3000 BP)"",""time_end_bp"":2803,""time_mean_bp"":1385,""time_start_bp"":-33,""uncertainty_notes"":[]},""time_end_bp"":2803,""time_label"":""-33-2803 BP"",""time_mean_bp"":1385,""time_start_bp"":-33},{""latitude"":55.45917,""longitude"":13.75194,""source_layer_key"":""neotoma-pollen"",""source_name"":""Bjäresjösjön"",""source_record"":""neotoma-pollen:28871"",""source_url"":""https://apps.neotomadb.org/explorer/#/record/site/28871"",""temporal_semantics"":{""comparability_posture"":""numeric_interval_with_caveat"",""comparison_note"":""Neotoma coverage merges more than one BP age-range convention for this site, so the interval remains comparable but should be treated as a site-level summary span."",""duration_years"":2803,""evidence_class"":""neotoma_aggregated_bp_ranges"",""normalized_labels"":[""Calibrated radiocarbon years BP"",""Radiocarbon years BP""],""original_labels"":[""Calibrated radiocarbon years BP"",""Radiocarbon years BP""],""precision_posture"":""site_interval_with_uncertainty"",""provenance_excerpt"":"""",""provenance_locator"":""site_age_ranges"",""provenance_path"":"""",""schema_version"":""temporal-semantics.v1"",""source_family"":""neotoma"",""summary_label"":""0-2803 Calibrated radiocarbon years BP"",""temporal_window_key"":""late_holocene"",""temporal_window_label"":""Late Holocene (1001-3000 BP)"",""time_end_bp"":2803,""time_mean_bp"":1402,""time_start_bp"":0,""uncertainty_notes"":[""Multiple BP age-range conventions contribute to this site span.""]},""time_end_bp"":2803,""time_label"":""0-2803 Calibrated radiocarbon years BP"",""time_mean_bp"":1402,""time_start_bp"":0},{""latitude"":55.454444,""longitude"":13.766389,""source_layer_key"":""landclim-sites"",""source_name"":""Bjärsjöholmssjön"",""source_record"":""landclim-sites:897303:Bjärsjöholmssjön:55.454444:13.766389"",""source_url"":""https://doi.org/10.1594/PANGAEA.897303"",""temporal_semantics"":{""comparability_posture"":""numeric_interval"",""comparison_note"":""This interval describes sequence coverage, not a single pollen observation or an event date."",""duration_years"":3500,""evidence_class"":""pollen_site_sequence_coverage"",""normalized_labels"":[""2700-3200 BP to 5700-6200 BP""],""original_labels"":[""2700-3200 BP to 5700-6200 BP""],""precision_posture"":""site_sequence_interval"",""provenance_excerpt"":"""",""provenance_locator"":""SiteData:Bjärsjöholmssjön"",""provenance_path"":""data/landclim/raw/landclim_i_land_cover_types.xlsx"",""schema_version"":""temporal-semantics.v1"",""source_family"":""landclim"",""summary_label"":""2700-3200 BP to 5700-6200 BP"",""temporal_window_key"":""mid_holocene"",""temporal_window_label"":""Mid-Holocene (3001-6000 BP)"",""time_end_bp"":6200,""time_mean_bp"":4450,""time_start_bp"":2700,""uncertainty_notes"":[]},""time_end_bp"":6200,""time_label"":""2700-3200 BP to 5700-6200 BP"",""time_mean_bp"":4450,""time_start_bp"":2700},{""latitude"":55.454444,""longitude"":13.766389,""source_layer_key"":""landclim-sites"",""source_name"":""Bjärsjöholmssjön"",""source_record"":""landclim-sites:900966:GC18:Bjärsjöholmssjön"",""source_url"":""https://doi.org/10.1594/PANGAEA.900966"",""temporal_semantics"":{""comparability_posture"":""numeric_interval"",""comparison_note"":""This interval describes sequence coverage, not a single pollen observation or an event date."",""duration_years"":11700,""evidence_class"":""pollen_site_sequence_coverage"",""normalized_labels"":[""0-11700 BP""],""original_labels"":[""0-11700 BP""],""precision_posture"":""site_sequence_interval"",""provenance_excerpt"":"""",""provenance_locator"":""Metadata:Bjärsjöholmssjön"",""provenance_path"":""data/landclim/raw/marquer_2017_reveals_taxa_grid_cells.xlsx"",""schema_version"":""temporal-semantics.v1"",""source_family"":""landclim"",""summary_label"":""0-11700 BP"",""temporal_window_key"":""mid_holocene"",""temporal_window_label"":""Mid-Holocene (3001-6000 BP)"",""time_end_bp"":11700,""time_mean_bp"":5850,""time_start_bp"":0,""uncertainty_notes"":[]},""time_end_bp"":11700,""time_label"":""0-11700 BP"",""time_mean_bp"":5850,""time_start_bp"":0},{""latitude"":55.45396,""longitude"":13.780255,""source_layer_key"":""neotoma-pollen"",""source_name"":""Bjärsjöholmssjön"",""source_record"":""neotoma-pollen:3017"",""source_url"":""https://apps.neotomadb.org/explorer/#/record/site/3017"",""temporal_semantics"":{""comparability_posture"":""numeric_interval_with_caveat"",""comparison_note"":""Neotoma coverage merges more than one BP age-range convention for this site, so the interval remains comparable but should be treated as a site-level summary span."",""duration_years"":8814,""evidence_class"":""neotoma_aggregated_bp_ranges"",""normalized_labels"":[""Calibrated radiocarbon years BP"",""Radiocarbon years BP""],""original_labels"":[""Calibrated radiocarbon years BP"",""Radiocarbon years BP""],""precision_posture"":""site_interval_with_uncertainty"",""provenance_excerpt"":"""",""provenance_locator"":""site_age_ranges"",""provenance_path"":"""",""schema_version"":""temporal-semantics.v1"",""source_family"":""neotoma"",""summary_label"":""0-8814 Calibrated radiocarbon years BP"",""temporal_window_key"":""mid_holocene"",""temporal_window_label"":""Mid-Holocene (3001-6000 BP)"",""time_end_bp"":8814,""time_mean_bp"":4407,""time_start_bp"":0,""uncertainty_notes"":[""Multiple BP age-range conventions contribute to this site span.""]},""time_end_bp"":8814,""time_label"":""0-8814 Calibrated radiocarbon years BP"",""time_mean_bp"":4407,""time_start_bp"":0}]"
radius_30km,30 km,30,7,0.3413,Flarken,Flarken,sweden_lake_registry:649459-137568,58.556811,13.672884,"https://www.google.com/maps/search/?api=1&query=58.556811,13.672884",5,0.3726,7,aggregate; fieldwork shortlist; 10 km; 20 km; 30 km; 40 km; 50 km,649459-137568,water_surface_name,0.165887,sampling_lake_candidate,0.868,,site_review_required,bathymetry and basin depth; sediment preservation and prior coring history; shore access and landowner contact; permit requirements; field hazards and logistics,1,0.0,,,"[{""latitude"":58.583333,""longitude"":13.666667,""source_layer_key"":""landclim-sites"",""source_name"":""Flarken"",""source_record"":""landclim-sites:897303:Lake Flarken:58.583333:13.666667"",""source_url"":""https://doi.org/10.1594/PANGAEA.897303"",""temporal_semantics"":{""comparability_posture"":""numeric_interval"",""comparison_note"":""This interval describes sequence coverage, not a single pollen observation or an event date."",""duration_years"":6200,""evidence_class"":""pollen_site_sequence_coverage"",""normalized_labels"":[""0-100 BP to 5700-6200 BP""],""original_labels"":[""0-100 BP to 5700-6200 BP""],""precision_posture"":""site_sequence_interval"",""provenance_excerpt"":"""",""provenance_locator"":""SiteData:Lake Flarken"",""provenance_path"":""data/landclim/raw/landclim_i_land_cover_types.xlsx"",""schema_version"":""temporal-semantics.v1"",""source_family"":""landclim"",""summary_label"":""0-100 BP to 5700-6200 BP"",""temporal_window_key"":""mid_holocene"",""temporal_window_label"":""Mid-Holocene (3001-6000 BP)"",""time_end_bp"":6200,""time_mean_bp"":3100,""time_start_bp"":0,""uncertainty_notes"":[]},""time_end_bp"":6200,""time_label"":""0-100 BP to 5700-6200 BP"",""time_mean_bp"":3100,""time_start_bp"":0},{""latitude"":58.583333,""longitude"":13.666667,""source_layer_key"":""landclim-sites"",""source_name"":""Flarken"",""source_record"":""landclim-sites:937075:FLA"",""source_url"":""https://doi.org/10.1594/PANGAEA.937075"",""temporal_semantics"":{""comparability_posture"":""numeric_interval"",""comparison_note"":""This interval describes sequence coverage, not a single pollen observation or an event date."",""duration_years"":12246,""evidence_class"":""pollen_site_sequence_coverage"",""normalized_labels"":[""-50-12196 BP""],""original_labels"":[""-50-12196 BP""],""precision_posture"":""site_sequence_interval"",""provenance_excerpt"":"""",""provenance_locator"":""LANDCLIMII metadata file:FLA"",""provenance_path"":""data/landclim/raw/landclim_ii_site_metadata.xlsx"",""schema_version"":""temporal-semantics.v1"",""source_family"":""landclim"",""summary_label"":""-50-12196 BP"",""temporal_window_key"":""early_holocene_and_older"",""temporal_window_label"":""Early Holocene and older (6001+ BP)"",""time_end_bp"":12196,""time_mean_bp"":6073,""time_start_bp"":-50,""uncertainty_notes"":[]},""time_end_bp"":12196,""time_label"":""-50-12196 BP"",""time_mean_bp"":6073,""time_start_bp"":-50},{""latitude"":58.55679,""longitude"":13.67319,""source_layer_key"":""neotoma-pollen"",""source_name"":""Flarken"",""source_record"":""neotoma-pollen:3107"",""source_url"":""https://apps.neotomadb.org/explorer/#/record/site/3107"",""temporal_semantics"":{""comparability_posture"":""numeric_interval_with_caveat"",""comparison_note"":""Neotoma coverage merges more than one BP age-range convention for this site, so the interval remains comparable but should be treated as a site-level summary span."",""duration_years"":12439,""evidence_class"":""neotoma_aggregated_bp_ranges"",""normalized_labels"":[""Calibrated radiocarbon years BP"",""Radiocarbon years BP""],""original_labels"":[""Calibrated radiocarbon years BP"",""Radiocarbon years BP""],""precision_posture"":""site_interval_with_uncertainty"",""provenance_excerpt"":"""",""provenance_locator"":""site_age_ranges"",""provenance_path"":"""",""schema_version"":""temporal-semantics.v1"",""source_family"":""neotoma"",""summary_label"":""113-12471 Calibrated radiocarbon years BP"",""temporal_window_key"":""early_holocene_and_older"",""temporal_window_label"":""Early Holocene and older (6001+ BP)"",""time_end_bp"":12471,""time_mean_bp"":6252,""time_start_bp"":32,""uncertainty_notes"":[""Multiple BP age-range conventions contribute to this site span.""]},""time_end_bp"":12471,""time_label"":""113-12471 Calibrated radiocarbon years BP"",""time_mean_bp"":6252,""time_start_bp"":32}]"
radius_30km,30 km,30,8,0.2288,Färskesjön,Färskesjön,sweden_lake_registry:622492-150312,56.159037,15.859814,"https://www.google.com/maps/search/?api=1&query=56.159037,15.859814",9,0.2364,7,aggregate; fieldwork shortlist; 10 km; 20 km; 30 km; 40 km; 50 km,622492-150312,water_surface_name,0.459128,sampling_lake_candidate,0.868,,site_review_required,bathymetry and basin depth; sediment preservation and prior coring history; shore access and landowner contact; permit requirements; field hazards and logistics,1,0.0,,,"[{""latitude"":56.166667,""longitude"":15.866667,""source_layer_key"":""landclim-sites"",""source_name"":""Färshesjön"",""source_record"":""landclim-sites:897303:Färshesjön:56.166667:15.866667"",""source_url"":""https://doi.org/10.1594/PANGAEA.897303"",""temporal_semantics"":{""comparability_posture"":""numeric_interval"",""comparison_note"":""This interval describes sequence coverage, not a single pollen observation or an event date."",""duration_years"":6100,""evidence_class"":""pollen_site_sequence_coverage"",""normalized_labels"":[""100-350 BP to 5700-6200 BP""],""original_labels"":[""100-350 BP to 5700-6200 BP""],""precision_posture"":""site_sequence_interval"",""provenance_excerpt"":"""",""provenance_locator"":""SiteData:Färshesjön"",""provenance_path"":""data/landclim/raw/landclim_i_land_cover_types.xlsx"",""schema_version"":""temporal-semantics.v1"",""source_family"":""landclim"",""summary_label"":""100-350 BP to 5700-6200 BP"",""temporal_window_key"":""mid_holocene"",""temporal_window_label"":""Mid-Holocene (3001-6000 BP)"",""time_end_bp"":6200,""time_mean_bp"":3150,""time_start_bp"":100,""uncertainty_notes"":[]},""time_end_bp"":6200,""time_label"":""100-350 BP to 5700-6200 BP"",""time_mean_bp"":3150,""time_start_bp"":100},{""latitude"":56.166667,""longitude"":15.866667,""source_layer_key"":""landclim-sites"",""source_name"":""Färskesjön"",""source_record"":""landclim-sites:937075:FARSK"",""source_url"":""https://doi.org/10.1594/PANGAEA.937075"",""temporal_semantics"":{""comparability_posture"":""numeric_interval"",""comparison_note"":""This interval describes sequence coverage, not a single pollen observation or an event date."",""duration_years"":12262,""evidence_class"":""pollen_site_sequence_coverage"",""normalized_labels"":[""180-12442 BP""],""original_labels"":[""180-12442 BP""],""precision_posture"":""site_sequence_interval"",""provenance_excerpt"":"""",""provenance_locator"":""LANDCLIMII metadata file:FARSK"",""provenance_path"":""data/landclim/raw/landclim_ii_site_metadata.xlsx"",""schema_version"":""temporal-semantics.v1"",""source_family"":""landclim"",""summary_label"":""180-12442 BP"",""temporal_window_key"":""early_holocene_and_older"",""temporal_window_label"":""Early Holocene and older (6001+ BP)"",""time_end_bp"":12442,""time_mean_bp"":6311,""time_start_bp"":180,""uncertainty_notes"":[]},""time_end_bp"":12442,""time_label"":""180-12442 BP"",""time_mean_bp"":6311,""time_start_bp"":180},{""latitude"":56.15907,""longitude"":15.86049,""source_layer_key"":""neotoma-pollen"",""source_name"":""Färskesjön"",""source_record"":""neotoma-pollen:3102"",""source_url"":""https://apps.neotomadb.org/explorer/#/record/site/3102"",""temporal_semantics"":{""comparability_posture"":""numeric_interval_with_caveat"",""comparison_note"":""Neotoma coverage merges more than one BP age-range convention for this site, so the interval remains comparable but should be treated as a site-level summary span."",""duration_years"":12664,""evidence_class"":""neotoma_aggregated_bp_ranges"",""normalized_labels"":[""Calibrated radiocarbon years BP"",""Radiocarbon years BP""],""original_labels"":[""Calibrated radiocarbon years BP"",""Radiocarbon years BP""],""precision_posture"":""site_interval_with_uncertainty"",""provenance_excerpt"":"""",""provenance_locator"":""site_age_ranges"",""provenance_path"":"""",""schema_version"":""temporal-semantics.v1"",""source_family"":""neotoma"",""summary_label"":""66-12730 Calibrated radiocarbon years BP"",""temporal_window_key"":""early_holocene_and_older"",""temporal_window_label"":""Early Holocene and older (6001+ BP)"",""time_end_bp"":12730,""time_mean_bp"":6398,""time_start_bp"":66,""uncertainty_notes"":[""Multiple BP age-range conventions contribute to this site span.""]},""time_end_bp"":12730,""time_label"":""66-12730 Calibrated radiocarbon years BP"",""time_mean_bp"":6398,""time_start_bp"":66},{""latitude"":56.166667,""longitude"":15.866667,""source_layer_key"":""landclim-sites"",""source_name"":""Färskesjön (core 2014)"",""source_record"":""landclim-sites:937075:Farske"",""source_url"":""https://doi.org/10.1594/PANGAEA.937075"",""temporal_semantics"":{""comparability_posture"":""numeric_interval"",""comparison_note"":""This interval describes sequence coverage, not a single pollen observation or an event date."",""duration_years"":3113,""evidence_class"":""pollen_site_sequence_coverage"",""normalized_labels"":[""-58-3055 BP""],""original_labels"":[""-58-3055 BP""],""precision_posture"":""site_sequence_interval"",""provenance_excerpt"":"""",""provenance_locator"":""LANDCLIMII metadata file:Farske"",""provenance_path"":""data/landclim/raw/landclim_ii_site_metadata.xlsx"",""schema_version"":""temporal-semantics.v1"",""source_family"":""landclim"",""summary_label"":""-58-3055 BP"",""temporal_window_key"":""late_holocene"",""temporal_window_label"":""Late Holocene (1001-3000 BP)"",""time_end_bp"":3055,""time_mean_bp"":1498,""time_start_bp"":-58,""uncertainty_notes"":[]},""time_end_bp"":3055,""time_label"":""-58-3055 BP"",""time_mean_bp"":1498,""time_start_bp"":-58}]"
radius_30km,30 km,30,9,0.2187,Finjasjön,Finjasjön,sweden_lake_registry:622731-136920,56.135794,13.702733,"https://www.google.com/maps/search/?api=1&query=56.135794,13.702733",21,0.1555,4,fieldwork shortlist; 30 km; 40 km; 50 km,622731-136920,water_surface_name,10.497234,sampling_lake_candidate,1.0,,site_review_required,bathymetry and basin depth; sediment preservation and prior coring history; shore access and landowner contact; permit requirements; field hazards and logistics,1,0.0,,,[]
radius_30km,30 km,30,10,0.2088,Åbodasjön,Åbodasjön,sweden_lake_registry:632901-141943,57.085667,14.482671,"https://www.google.com/maps/search/?api=1&query=57.085667,14.482671",10,0.2155,7,aggregate; fieldwork shortlist; 10 km; 20 km; 30 km; 40 km; 50 km,632901-141943,water_surface_name,0.545153,sampling_lake_candidate,1.0,,site_review_required,bathymetry and basin depth; sediment preservation and prior coring history; shore access and landowner contact; permit requirements; field hazards and logistics,1,0.0,,,"[{""latitude"":57.085556,""longitude"":14.478611,""source_layer_key"":""landclim-sites"",""source_name"":""Åbodasjön"",""source_record"":""landclim-sites:897303:Åbodasjön:57.085556:14.478611"",""source_url"":""https://doi.org/10.1594/PANGAEA.897303"",""temporal_semantics"":{""comparability_posture"":""numeric_interval"",""comparison_note"":""This interval describes sequence coverage, not a single pollen observation or an event date."",""duration_years"":100,""evidence_class"":""pollen_site_sequence_coverage"",""normalized_labels"":[""0-100 BP""],""original_labels"":[""0-100 BP""],""precision_posture"":""site_sequence_interval"",""provenance_excerpt"":"""",""provenance_locator"":""SiteData:Åbodasjön"",""provenance_path"":""data/landclim/raw/landclim_i_land_cover_types.xlsx"",""schema_version"":""temporal-semantics.v1"",""source_family"":""landclim"",""summary_label"":""0-100 BP"",""temporal_window_key"":""recent_historical"",""temporal_window_label"":""Recent and historical (0-1000 BP)"",""time_end_bp"":100,""time_mean_bp"":50,""time_start_bp"":0,""uncertainty_notes"":[]},""time_end_bp"":100,""time_label"":""0-100 BP"",""time_mean_bp"":50,""time_start_bp"":0},{""latitude"":57.085556,""longitude"":14.478611,""source_layer_key"":""landclim-sites"",""source_name"":""Åbodasjön"",""source_record"":""landclim-sites:900966:GC21:Åbodasjön"",""source_url"":""https://doi.org/10.1594/PANGAEA.900966"",""temporal_semantics"":{""comparability_posture"":""numeric_interval"",""comparison_note"":""This interval describes sequence coverage, not a single pollen observation or an event date."",""duration_years"":11700,""evidence_class"":""pollen_site_sequence_coverage"",""normalized_labels"":[""0-11700 BP""],""original_labels"":[""0-11700 BP""],""precision_posture"":""site_sequence_interval"",""provenance_excerpt"":"""",""provenance_locator"":""Metadata:Åbodasjön"",""provenance_path"":""data/landclim/raw/marquer_2017_reveals_taxa_grid_cells.xlsx"",""schema_version"":""temporal-semantics.v1"",""source_family"":""landclim"",""summary_label"":""0-11700 BP"",""temporal_window_key"":""mid_holocene"",""temporal_window_label"":""Mid-Holocene (3001-6000 BP)"",""time_end_bp"":11700,""time_mean_bp"":5850,""time_start_bp"":0,""uncertainty_notes"":[]},""time_end_bp"":11700,""time_label"":""0-11700 BP"",""time_mean_bp"":5850,""time_start_bp"":0},{""latitude"":57.0856,""longitude"":14.4787,""source_layer_key"":""landclim-sites"",""source_name"":""Åbodasjön"",""source_record"":""landclim-sites:937075:Åbodasjön"",""source_url"":""https://doi.org/10.1594/PANGAEA.937075"",""temporal_semantics"":{""comparability_posture"":""numeric_interval"",""comparison_note"":""This interval describes sequence coverage, not a single pollen observation or an event date."",""duration_years"":1008,""evidence_class"":""pollen_site_sequence_coverage"",""normalized_labels"":[""-57-951 BP""],""original_labels"":[""-57-951 BP""],""precision_posture"":""site_sequence_interval"",""provenance_excerpt"":"""",""provenance_locator"":""LANDCLIMII metadata file:Åbodasjön"",""provenance_path"":""data/landclim/raw/landclim_ii_site_metadata.xlsx"",""schema_version"":""temporal-semantics.v1"",""source_family"":""landclim"",""summary_label"":""-57-951 BP"",""temporal_window_key"":""recent_historical"",""temporal_window_label"":""Recent and historical (0-1000 BP)"",""time_end_bp"":951,""time_mean_bp"":447,""time_start_bp"":-57,""uncertainty_notes"":[]},""time_end_bp"":951,""time_label"":""-57-951 BP"",""time_mean_bp"":447,""time_start_bp"":-57}]"
radius_30km,30 km,30,11,0.2014,Ungtjärnen,Ungtjärnen,sweden_lake_registry:666346-150259,60.089033,15.850291,"https://www.google.com/maps/search/?api=1&query=60.089033,15.850291",11,0.2037,7,aggregate; fieldwork shortlist; 10 km; 20 km; 30 km; 40 km; 50 km,666346-150259,water_surface_name,0.101555,compact_lake_candidate,0.63,small mapped water surface; prefer checking basin depth and access before field planning,site_review_required,bathymetry and basin depth; sediment preservation and prior coring history; shore access and landowner contact; permit requirements; field hazards and logistics,1,0.0,,,"[{""latitude"":60.083333,""longitude"":15.833333,""source_layer_key"":""landclim-sites"",""source_name"":""Gilltjärnen"",""source_record"":""landclim-sites:897303:Gilltjärnen:60.083333:15.833333"",""source_url"":""https://doi.org/10.1594/PANGAEA.897303"",""temporal_semantics"":{""comparability_posture"":""numeric_interval"",""comparison_note"":""This interval describes sequence coverage, not a single pollen observation or an event date."",""duration_years"":6200,""evidence_class"":""pollen_site_sequence_coverage"",""normalized_labels"":[""0-100 BP to 5700-6200 BP""],""original_labels"":[""0-100 BP to 5700-6200 BP""],""precision_posture"":""site_sequence_interval"",""provenance_excerpt"":"""",""provenance_locator"":""SiteData:Gilltjärnen"",""provenance_path"":""data/landclim/raw/landclim_i_land_cover_types.xlsx"",""schema_version"":""temporal-semantics.v1"",""source_family"":""landclim"",""summary_label"":""0-100 BP to 5700-6200 BP"",""temporal_window_key"":""mid_holocene"",""temporal_window_label"":""Mid-Holocene (3001-6000 BP)"",""time_end_bp"":6200,""time_mean_bp"":3100,""time_start_bp"":0,""uncertainty_notes"":[]},""time_end_bp"":6200,""time_label"":""0-100 BP to 5700-6200 BP"",""time_mean_bp"":3100,""time_start_bp"":0},{""latitude"":60.08333,""longitude"":15.83333,""source_layer_key"":""neotoma-pollen"",""source_name"":""Gilltjärnen"",""source_record"":""neotoma-pollen:28866"",""source_url"":""https://apps.neotomadb.org/explorer/#/record/site/28866"",""temporal_semantics"":{""comparability_posture"":""numeric_interval"",""comparison_note"":""Neotoma publishes BP age coverage here, but the interval remains a site-level pollen context span rather than a sample-owned event date."",""duration_years"":11100,""evidence_class"":""neotoma_bp_range"",""normalized_labels"":[""Calibrated radiocarbon years BP""],""original_labels"":[""Calibrated radiocarbon years BP""],""precision_posture"":""site_interval"",""provenance_excerpt"":"""",""provenance_locator"":""site_age_ranges"",""provenance_path"":"""",""schema_version"":""temporal-semantics.v1"",""source_family"":""neotoma"",""summary_label"":""0-11100 Calibrated radiocarbon years BP"",""temporal_window_key"":""mid_holocene"",""temporal_window_label"":""Mid-Holocene (3001-6000 BP)"",""time_end_bp"":11100,""time_mean_bp"":5550,""time_start_bp"":0,""uncertainty_notes"":[]},""time_end_bp"":11100,""time_label"":""0-11100 Calibrated radiocarbon years BP"",""time_mean_bp"":5550,""time_start_bp"":0}]"
radius_30km,30 km,30,12,0.1873,Stömnesjön,Stömnesjön,sweden_lake_registry:685496-153902,61.80718,16.512573,"https://www.google.com/maps/search/?api=1&query=61.807180,16.512573",12,0.1976,7,aggregate; fieldwork shortlist; 10 km; 20 km; 30 km; 40 km; 50 km,685496-153902,water_surface_name,2.438561,sampling_lake_candidate,1.0,,site_review_required,bathymetry and basin depth; sediment preservation and prior coring history; shore access and landowner contact; permit requirements; field hazards and logistics,1,0.0,,,"[{""latitude"":61.816667,""longitude"":16.533333,""source_layer_key"":""landclim-sites"",""source_name"":""Klotjärnen"",""source_record"":""landclim-sites:897303:Klotjärnen:61.816667:16.533333"",""source_url"":""https://doi.org/10.1594/PANGAEA.897303"",""temporal_semantics"":{""comparability_posture"":""numeric_interval"",""comparison_note"":""This interval describes sequence coverage, not a single pollen observation or an event date."",""duration_years"":6200,""evidence_class"":""pollen_site_sequence_coverage"",""normalized_labels"":[""0-100 BP to 5700-6200 BP""],""original_labels"":[""0-100 BP to 5700-6200 BP""],""precision_posture"":""site_sequence_interval"",""provenance_excerpt"":"""",""provenance_locator"":""SiteData:Klotjärnen"",""provenance_path"":""data/landclim/raw/landclim_i_land_cover_types.xlsx"",""schema_version"":""temporal-semantics.v1"",""source_family"":""landclim"",""summary_label"":""0-100 BP to 5700-6200 BP"",""temporal_window_key"":""mid_holocene"",""temporal_window_label"":""Mid-Holocene (3001-6000 BP)"",""time_end_bp"":6200,""time_mean_bp"":3100,""time_start_bp"":0,""uncertainty_notes"":[]},""time_end_bp"":6200,""time_label"":""0-100 BP to 5700-6200 BP"",""time_mean_bp"":3100,""time_start_bp"":0},{""latitude"":61.816667,""longitude"":16.533333,""source_layer_key"":""landclim-sites"",""source_name"":""Klotjärnen"",""source_record"":""landclim-sites:937075:KLO"",""source_url"":""https://doi.org/10.1594/PANGAEA.937075"",""temporal_semantics"":{""comparability_posture"":""numeric_interval"",""comparison_note"":""This interval describes sequence coverage, not a single pollen observation or an event date."",""duration_years"":9557,""evidence_class"":""pollen_site_sequence_coverage"",""normalized_labels"":[""-60-9497 BP""],""original_labels"":[""-60-9497 BP""],""precision_posture"":""site_sequence_interval"",""provenance_excerpt"":"""",""provenance_locator"":""LANDCLIMII metadata file:KLO"",""provenance_path"":""data/landclim/raw/landclim_ii_site_metadata.xlsx"",""schema_version"":""temporal-semantics.v1"",""source_family"":""landclim"",""summary_label"":""-60-9497 BP"",""temporal_window_key"":""mid_holocene"",""temporal_window_label"":""Mid-Holocene (3001-6000 BP)"",""time_end_bp"":9497,""time_mean_bp"":4718,""time_start_bp"":-60,""uncertainty_notes"":[]},""time_end_bp"":9497,""time_label"":""-60-9497 BP"",""time_mean_bp"":4718,""time_start_bp"":-60}]"
radius_30km,30 km,30,13,0.1866,Mullsjön,Mullsjön,sweden_lake_registry:646681-140779,58.317875,14.210785,"https://www.google.com/maps/search/?api=1&query=58.317875,14.210785",8,0.2534,7,aggregate; fieldwork shortlist; 10 km; 20 km; 30 km; 40 km; 50 km,646681-140779,water_surface_name,3.918493,sampling_lake_candidate,1.0,,site_review_required,bathymetry and basin depth; sediment preservation and prior coring history; shore access and landowner contact; permit requirements; field hazards and logistics,1,0.0,,,"[{""latitude"":58.31761,""longitude"":14.21136,""source_layer_key"":""neotoma-pollen"",""source_name"":""Mullsjön"",""source_record"":""neotoma-pollen:3303"",""source_url"":""https://apps.neotomadb.org/explorer/#/record/site/3303"",""temporal_semantics"":{""comparability_posture"":""numeric_interval_with_caveat"",""comparison_note"":""Neotoma coverage merges more than one BP age-range convention for this site, so the interval remains comparable but should be treated as a site-level summary span."",""duration_years"":8806,""evidence_class"":""neotoma_aggregated_bp_ranges"",""normalized_labels"":[""Calibrated radiocarbon years BP"",""Radiocarbon years BP""],""original_labels"":[""Calibrated radiocarbon years BP"",""Radiocarbon years BP""],""precision_posture"":""site_interval_with_uncertainty"",""provenance_excerpt"":"""",""provenance_locator"":""site_age_ranges"",""provenance_path"":"""",""schema_version"":""temporal-semantics.v1"",""source_family"":""neotoma"",""summary_label"":""9526-17322 Calibrated radiocarbon years BP"",""temporal_window_key"":""early_holocene_and_older"",""temporal_window_label"":""Early Holocene and older (6001+ BP)"",""time_end_bp"":17322,""time_mean_bp"":12919,""time_start_bp"":8516,""uncertainty_notes"":[""Multiple BP age-range conventions contribute to this site span.""]},""time_end_bp"":17322,""time_label"":""9526-17322 Calibrated radiocarbon years BP"",""time_mean_bp"":12919,""time_start_bp"":8516}]"
radius_30km,30 km,30,14,0.1833,Lindhultsgöl,Lindhultsgöl,sweden_lake_registry:633608-141894,57.145223,14.46766,"https://www.google.com/maps/search/?api=1&query=57.145223,14.467660",13,0.1867,6,aggregate; 10 km; 20 km; 30 km; 40 km; 50 km,633608-141894,water_surface_name,0.076304,compact_lake_candidate,0.63,small mapped water surface; prefer checking basin depth and access before field planning,site_review_required,bathymetry and basin depth; sediment preservation and prior coring history; shore access and landowner contact; permit requirements; field hazards and logistics,1,0.0,,,"[{""latitude"":57.143611,""longitude"":14.466111,""source_layer_key"":""landclim-sites"",""source_name"":""Lindhultsgöl"",""source_record"":""landclim-sites:897303:Lindhultsgöl:57.143611:14.466111"",""source_url"":""https://doi.org/10.1594/PANGAEA.897303"",""temporal_semantics"":{""comparability_posture"":""numeric_interval"",""comparison_note"":""This interval describes sequence coverage, not a single pollen observation or an event date."",""duration_years"":100,""evidence_class"":""pollen_site_sequence_coverage"",""normalized_labels"":[""0-100 BP""],""original_labels"":[""0-100 BP""],""precision_posture"":""site_sequence_interval"",""provenance_excerpt"":"""",""provenance_locator"":""SiteData:Lindhultsgöl"",""provenance_path"":""data/landclim/raw/landclim_i_land_cover_types.xlsx"",""schema_version"":""temporal-semantics.v1"",""source_family"":""landclim"",""summary_label"":""0-100 BP"",""temporal_window_key"":""recent_historical"",""temporal_window_label"":""Recent and historical (0-1000 BP)"",""time_end_bp"":100,""time_mean_bp"":50,""time_start_bp"":0,""uncertainty_notes"":[]},""time_end_bp"":100,""time_label"":""0-100 BP"",""time_mean_bp"":50,""time_start_bp"":0},{""latitude"":57.143611,""longitude"":14.466111,""source_layer_key"":""landclim-sites"",""source_name"":""Lindhultsgöl"",""source_record"":""landclim-sites:900966:GC21:Lindhultsgöl"",""source_url"":""https://doi.org/10.1594/PANGAEA.900966"",""temporal_semantics"":{""comparability_posture"":""numeric_interval"",""comparison_note"":""This interval describes sequence coverage, not a single pollen observation or an event date."",""duration_years"":11700,""evidence_class"":""pollen_site_sequence_coverage"",""normalized_labels"":[""0-11700 BP""],""original_labels"":[""0-11700 BP""],""precision_posture"":""site_sequence_interval"",""provenance_excerpt"":"""",""provenance_locator"":""Metadata:Lindhultsgöl"",""provenance_path"":""data/landclim/raw/marquer_2017_reveals_taxa_grid_cells.xlsx"",""schema_version"":""temporal-semantics.v1"",""source_family"":""landclim"",""summary_label"":""0-11700 BP"",""temporal_window_key"":""mid_holocene"",""temporal_window_label"":""Mid-Holocene (3001-6000 BP)"",""time_end_bp"":11700,""time_mean_bp"":5850,""time_start_bp"":0,""uncertainty_notes"":[]},""time_end_bp"":11700,""time_label"":""0-11700 BP"",""time_mean_bp"":5850,""time_start_bp"":0},{""latitude"":57.1436,""longitude"":14.4661,""source_layer_key"":""landclim-sites"",""source_name"":""Lindhultsgöl"",""source_record"":""landclim-sites:937075:Lindhult"",""source_url"":""https://doi.org/10.1594/PANGAEA.937075"",""temporal_semantics"":{""comparability_posture"":""numeric_interval"",""comparison_note"":""This interval describes sequence coverage, not a single pollen observation or an event date."",""duration_years"":1001,""evidence_class"":""pollen_site_sequence_coverage"",""normalized_labels"":[""-57-944 BP""],""original_labels"":[""-57-944 BP""],""precision_posture"":""site_sequence_interval"",""provenance_excerpt"":"""",""provenance_locator"":""LANDCLIMII metadata file:Lindhult"",""provenance_path"":""data/landclim/raw/landclim_ii_site_metadata.xlsx"",""schema_version"":""temporal-semantics.v1"",""source_family"":""landclim"",""summary_label"":""-57-944 BP"",""temporal_window_key"":""recent_historical"",""temporal_window_label"":""Recent and historical (0-1000 BP)"",""time_end_bp"":944,""time_mean_bp"":444,""time_start_bp"":-57,""uncertainty_notes"":[]},""time_end_bp"":944,""time_label"":""-57-944 BP"",""time_mean_bp"":444,""time_start_bp"":-57}]"
radius_30km,30 km,30,15,0.175,Rummehölj,Rummehölj,sweden_lake_registry:632142-151758,57.017085,16.089132,"https://www.google.com/maps/search/?api=1&query=57.017085,16.089132",14,0.1849,6,aggregate; 10 km; 20 km; 30 km; 40 km; 50 km,632142-151758,water_surface_name,0.076319,compact_lake_candidate,0.63,small mapped water surface; prefer checking basin depth and access before field planning,site_review_required,bathymetry and basin depth; sediment preservation and prior coring history; shore access and landowner contact; permit requirements; field hazards and logistics,1,0.0,,,"[{""latitude"":57.016667,""longitude"":16.116667,""source_layer_key"":""landclim-sites"",""source_name"":""Skärsgölarna"",""source_record"":""landclim-sites:897303:Skärsgölarna:57.016667:16.116667"",""source_url"":""https://doi.org/10.1594/PANGAEA.897303"",""temporal_semantics"":{""comparability_posture"":""numeric_interval"",""comparison_note"":""This interval describes sequence coverage, not a single pollen observation or an event date."",""duration_years"":6200,""evidence_class"":""pollen_site_sequence_coverage"",""normalized_labels"":[""0-100 BP to 5700-6200 BP""],""original_labels"":[""0-100 BP to 5700-6200 BP""],""precision_posture"":""site_sequence_interval"",""provenance_excerpt"":"""",""provenance_locator"":""SiteData:Skärsgölarna"",""provenance_path"":""data/landclim/raw/landclim_i_land_cover_types.xlsx"",""schema_version"":""temporal-semantics.v1"",""source_family"":""landclim"",""summary_label"":""0-100 BP to 5700-6200 BP"",""temporal_window_key"":""mid_holocene"",""temporal_window_label"":""Mid-Holocene (3001-6000 BP)"",""time_end_bp"":6200,""time_mean_bp"":3100,""time_start_bp"":0,""uncertainty_notes"":[]},""time_end_bp"":6200,""time_label"":""0-100 BP to 5700-6200 BP"",""time_mean_bp"":3100,""time_start_bp"":0},{""latitude"":57.016667,""longitude"":16.116667,""source_layer_key"":""landclim-sites"",""source_name"":""Skärsgölarna"",""source_record"":""landclim-sites:937075:SKAR"",""source_url"":""https://doi.org/10.1594/PANGAEA.937075"",""temporal_semantics"":{""comparability_posture"":""numeric_interval"",""comparison_note"":""This interval describes sequence coverage, not a single pollen observation or an event date."",""duration_years"":5852,""evidence_class"":""pollen_site_sequence_coverage"",""normalized_labels"":[""-46-5806 BP""],""original_labels"":[""-46-5806 BP""],""precision_posture"":""site_sequence_interval"",""provenance_excerpt"":"""",""provenance_locator"":""LANDCLIMII metadata file:SKAR"",""provenance_path"":""data/landclim/raw/landclim_ii_site_metadata.xlsx"",""schema_version"":""temporal-semantics.v1"",""source_family"":""landclim"",""summary_label"":""-46-5806 BP"",""temporal_window_key"":""late_holocene"",""temporal_window_label"":""Late Holocene (1001-3000 BP)"",""time_end_bp"":5806,""time_mean_bp"":2880,""time_start_bp"":-46,""uncertainty_notes"":[]},""time_end_bp"":5806,""time_label"":""-46-5806 BP"",""time_mean_bp"":2880,""time_start_bp"":-46}]"
radius_30km,30 km,30,16,0.1583,Bergakyllen,Bergakyllen,sweden_lake_registry:633992-152030,57.186058,16.143141,"https://www.google.com/maps/search/?api=1&query=57.186058,16.143141",18,0.1586,5,aggregate; 10 km; 20 km; 30 km; 50 km,633992-152030,water_surface_name,0.105502,compact_lake_candidate,0.63,small mapped water surface; prefer checking basin depth and access before field planning,site_review_required,bathymetry and basin depth; sediment preservation and prior coring history; shore access and landowner contact; permit requirements; field hazards and logistics,1,0.0,,,"[{""latitude"":57.18367,""longitude"":16.14528,""source_layer_key"":""neotoma-pollen"",""source_name"":""Bergakyllen"",""source_record"":""neotoma-pollen:3009"",""source_url"":""https://apps.neotomadb.org/explorer/#/record/site/3009"",""temporal_semantics"":{""comparability_posture"":""numeric_interval_with_caveat"",""comparison_note"":""Neotoma coverage merges more than one BP age-range convention for this site, so the interval remains comparable but should be treated as a site-level summary span."",""duration_years"":14447,""evidence_class"":""neotoma_aggregated_bp_ranges"",""normalized_labels"":[""Calibrated radiocarbon years BP"",""Radiocarbon years BP""],""original_labels"":[""Calibrated radiocarbon years BP"",""Radiocarbon years BP""],""precision_posture"":""site_interval_with_uncertainty"",""provenance_excerpt"":"""",""provenance_locator"":""site_age_ranges"",""provenance_path"":"""",""schema_version"":""temporal-semantics.v1"",""source_family"":""neotoma"",""summary_label"":""8464-22911 Calibrated radiocarbon years BP"",""temporal_window_key"":""early_holocene_and_older"",""temporal_window_label"":""Early Holocene and older (6001+ BP)"",""time_end_bp"":22911,""time_mean_bp"":15688,""time_start_bp"":8464,""uncertainty_notes"":[""Multiple BP age-range conventions contribute to this site span.""]},""time_end_bp"":22911,""time_label"":""8464-22911 Calibrated radiocarbon years BP"",""time_mean_bp"":15688,""time_start_bp"":8464},{""latitude"":57.1894,""longitude"":16.15266,""source_layer_key"":""neotoma-pollen"",""source_name"":""Skvarran"",""source_record"":""neotoma-pollen:3419"",""source_url"":""https://apps.neotomadb.org/explorer/#/record/site/3419"",""temporal_semantics"":{""comparability_posture"":""numeric_interval_with_caveat"",""comparison_note"":""Neotoma coverage merges more than one BP age-range convention for this site, so the interval remains comparable but should be treated as a site-level summary span."",""duration_years"":9383,""evidence_class"":""neotoma_aggregated_bp_ranges"",""normalized_labels"":[""Calibrated radiocarbon years BP"",""Radiocarbon years BP""],""original_labels"":[""Calibrated radiocarbon years BP"",""Radiocarbon years BP""],""precision_posture"":""site_interval_with_uncertainty"",""provenance_excerpt"":"""",""provenance_locator"":""site_age_ranges"",""provenance_path"":"""",""schema_version"":""temporal-semantics.v1"",""source_family"":""neotoma"",""summary_label"":""9807-19190 Calibrated radiocarbon years BP"",""temporal_window_key"":""early_holocene_and_older"",""temporal_window_label"":""Early Holocene and older (6001+ BP)"",""time_end_bp"":19190,""time_mean_bp"":14498,""time_start_bp"":9807,""uncertainty_notes"":[""Multiple BP age-range conventions contribute to this site span.""]},""time_end_bp"":19190,""time_label"":""9807-19190 Calibrated radiocarbon years BP"",""time_mean_bp"":14498,""time_start_bp"":9807}]"
radius_30km,30 km,30,17,0.158,Klogöl,Klogöl,sweden_lake_registry:634119-152099,57.195047,16.149861,"https://www.google.com/maps/search/?api=1&query=57.195047,16.149861",19,0.1585,5,aggregate; 10 km; 20 km; 30 km; 50 km,634119-152099,water_surface_name,0.053239,compact_lake_candidate,0.63,small mapped water surface; prefer checking basin depth and access before field planning,site_review_required,bathymetry and basin depth; sediment preservation and prior coring history; shore access and landowner contact; permit requirements; field hazards and logistics,1,0.0,,,"[{""latitude"":57.18367,""longitude"":16.14528,""source_layer_key"":""neotoma-pollen"",""source_name"":""Bergakyllen"",""source_record"":""neotoma-pollen:3009"",""source_url"":""https://apps.neotomadb.org/explorer/#/record/site/3009"",""temporal_semantics"":{""comparability_posture"":""numeric_interval_with_caveat"",""comparison_note"":""Neotoma coverage merges more than one BP age-range convention for this site, so the interval remains comparable but should be treated as a site-level summary span."",""duration_years"":14447,""evidence_class"":""neotoma_aggregated_bp_ranges"",""normalized_labels"":[""Calibrated radiocarbon years BP"",""Radiocarbon years BP""],""original_labels"":[""Calibrated radiocarbon years BP"",""Radiocarbon years BP""],""precision_posture"":""site_interval_with_uncertainty"",""provenance_excerpt"":"""",""provenance_locator"":""site_age_ranges"",""provenance_path"":"""",""schema_version"":""temporal-semantics.v1"",""source_family"":""neotoma"",""summary_label"":""8464-22911 Calibrated radiocarbon years BP"",""temporal_window_key"":""early_holocene_and_older"",""temporal_window_label"":""Early Holocene and older (6001+ BP)"",""time_end_bp"":22911,""time_mean_bp"":15688,""time_start_bp"":8464,""uncertainty_notes"":[""Multiple BP age-range conventions contribute to this site span.""]},""time_end_bp"":22911,""time_label"":""8464-22911 Calibrated radiocarbon years BP"",""time_mean_bp"":15688,""time_start_bp"":8464},{""latitude"":57.1894,""longitude"":16.15266,""source_layer_key"":""neotoma-pollen"",""source_name"":""Skvarran"",""source_record"":""neotoma-pollen:3419"",""source_url"":""https://apps.neotomadb.org/explorer/#/record/site/3419"",""temporal_semantics"":{""comparability_posture"":""numeric_interval_with_caveat"",""comparison_note"":""Neotoma coverage merges more than one BP age-range convention for this site, so the interval remains comparable but should be treated as a site-level summary span."",""duration_years"":9383,""evidence_class"":""neotoma_aggregated_bp_ranges"",""normalized_labels"":[""Calibrated radiocarbon years BP"",""Radiocarbon years BP""],""original_labels"":[""Calibrated radiocarbon years BP"",""Radiocarbon years BP""],""precision_posture"":""site_interval_with_uncertainty"",""provenance_excerpt"":"""",""provenance_locator"":""site_age_ranges"",""provenance_path"":"""",""schema_version"":""temporal-semantics.v1"",""source_family"":""neotoma"",""summary_label"":""9807-19190 Calibrated radiocarbon years BP"",""temporal_window_key"":""early_holocene_and_older"",""temporal_window_label"":""Early Holocene and older (6001+ BP)"",""time_end_bp"":19190,""time_mean_bp"":14498,""time_start_bp"":9807,""uncertainty_notes"":[""Multiple BP age-range conventions contribute to this site span.""]},""time_end_bp"":19190,""time_label"":""9807-19190 Calibrated radiocarbon years BP"",""time_mean_bp"":14498,""time_start_bp"":9807}]"
radius_30km,30 km,30,18,0.1555,Norr-Lången,Norr-Lången,sweden_lake_registry:685509-153253,61.810118,16.426007,"https://www.google.com/maps/search/?api=1&query=61.810118,16.426007",15,0.1668,6,aggregate; fieldwork shortlist; 10 km; 20 km; 30 km; 40 km,685509-153253,water_surface_name,0.114889,compact_lake_candidate,0.63,small mapped water surface; prefer checking basin depth and access before field planning,site_review_required,bathymetry and basin depth; sediment preservation and prior coring history; shore access and landowner contact; permit requirements; field hazards and logistics,1,0.0,,,"[{""latitude"":61.82125,""longitude"":16.40472,""source_layer_key"":""neotoma-pollen"",""source_name"":""Klotjärnen"",""source_record"":""neotoma-pollen:13336"",""source_url"":""https://apps.neotomadb.org/explorer/#/record/site/13336"",""temporal_semantics"":{""comparability_posture"":""numeric_interval"",""comparison_note"":""Neotoma publishes BP age coverage here, but the interval remains a site-level pollen context span rather than a sample-owned event date."",""duration_years"":10072,""evidence_class"":""neotoma_bp_range"",""normalized_labels"":[""Calibrated radiocarbon years BP""],""original_labels"":[""Calibrated radiocarbon years BP""],""precision_posture"":""site_interval"",""provenance_excerpt"":"""",""provenance_locator"":""site_age_ranges"",""provenance_path"":"""",""schema_version"":""temporal-semantics.v1"",""source_family"":""neotoma"",""summary_label"":""0-10072 Calibrated radiocarbon years BP"",""temporal_window_key"":""mid_holocene"",""temporal_window_label"":""Mid-Holocene (3001-6000 BP)"",""time_end_bp"":10072,""time_mean_bp"":5036,""time_start_bp"":0,""uncertainty_notes"":[]},""time_end_bp"":10072,""time_label"":""0-10072 Calibrated radiocarbon years BP"",""time_mean_bp"":5036,""time_start_bp"":0}]"
radius_30km,30 km,30,19,0.1551,Långetjärn,Långetjärn,sweden_lake_registry:640460-129466,57.723622,12.35907,"https://www.google.com/maps/search/?api=1&query=57.723622,12.359070",20,0.1583,6,aggregate; fieldwork shortlist; 10 km; 20 km; 30 km; 40 km,640460-129466,water_surface_name,0.193946,sampling_lake_candidate,0.868,,site_review_required,bathymetry and basin depth; sediment preservation and prior coring history; shore access and landowner contact; permit requirements; field hazards and logistics,1,0.0,,,"[{""latitude"":57.709,""longitude"":12.34641,""source_layer_key"":""neotoma-pollen"",""source_name"":""Björksjödamm"",""source_record"":""neotoma-pollen:3020"",""source_url"":""https://apps.neotomadb.org/explorer/#/record/site/3020"",""temporal_semantics"":{""comparability_posture"":""numeric_interval_with_caveat"",""comparison_note"":""Neotoma coverage merges more than one BP age-range convention for this site, so the interval remains comparable but should be treated as a site-level summary span."",""duration_years"":6094,""evidence_class"":""neotoma_aggregated_bp_ranges"",""normalized_labels"":[""Calibrated radiocarbon years BP"",""Radiocarbon years BP""],""original_labels"":[""Calibrated radiocarbon years BP"",""Radiocarbon years BP""],""precision_posture"":""site_interval_with_uncertainty"",""provenance_excerpt"":"""",""provenance_locator"":""site_age_ranges"",""provenance_path"":"""",""schema_version"":""temporal-semantics.v1"",""source_family"":""neotoma"",""summary_label"":""9386-15480 Calibrated radiocarbon years BP"",""temporal_window_key"":""early_holocene_and_older"",""temporal_window_label"":""Early Holocene and older (6001+ BP)"",""time_end_bp"":15480,""time_mean_bp"":12433,""time_start_bp"":9386,""uncertainty_notes"":[""Multiple BP age-range conventions contribute to this site span.""]},""time_end_bp"":15480,""time_label"":""9386-15480 Calibrated radiocarbon years BP"",""time_mean_bp"":12433,""time_start_bp"":9386}]"
radius_30km,30 km,30,20,0.1536,Lilla Sjö,Lilla Sjö,sweden_lake_registry:624044-138336,56.281643,13.924259,"https://www.google.com/maps/search/?api=1&query=56.281643,13.924259",17,0.1608,6,aggregate; 10 km; 20 km; 30 km; 40 km; 50 km,624044-138336,water_surface_name,0.14393,compact_lake_candidate,0.63,small mapped water surface; prefer checking basin depth and access before field planning,site_review_required,bathymetry and basin depth; sediment preservation and prior coring history; shore access and landowner contact; permit requirements; field hazards and logistics,1,0.0,,,[]
radius_30km,30 km,30,21,0.1424,Örevattnet,Örevattnet,sweden_lake_registry:649958-125585,58.552564,11.60074,"https://www.google.com/maps/search/?api=1&query=58.552564,11.600740",23,0.1197,1,fieldwork shortlist,649958-125585,water_surface_name,0.324934,sampling_lake_candidate,0.868,,site_review_required,bathymetry and basin depth; sediment preservation and prior coring history; shore access and landowner contact; permit requirements; field hazards and logistics,1,0.0,,,[]
radius_30km,30 km,30,22,0.1415,Värsjön,Värsjön,sweden_lake_registry:624606-135677,56.312348,13.46978,"https://www.google.com/maps/search/?api=1&query=56.312348,13.469780",22,0.1325,2,fieldwork shortlist; 10 km,624606-135677,water_surface_name,2.660824,sampling_lake_candidate,1.0,,site_review_required,bathymetry and basin depth; sediment preservation and prior coring history; shore access and landowner contact; permit requirements; field hazards and logistics,1,0.0,,,[]
radius_30km,30 km,30,23,0.1311,Östra Ringsjön,Östra Ringsjön,sweden_lake_registry:619626-135565,55.86857,13.549973,"https://www.google.com/maps/search/?api=1&query=55.868570,13.549973",16,0.1619,6,aggregate; fieldwork shortlist; 10 km; 20 km; 40 km; 50 km,619626-135565,water_surface_name,24.728453,sampling_lake_candidate,0.94,,site_review_required,bathymetry and basin depth; sediment preservation and prior coring history; shore access and landowner contact; permit requirements; field hazards and logistics,1,0.0,,,[]
radius_30km,30 km,30,24,0.1035,Jämningen,Jämningen,sweden_lake_registry:624245-140812,56.297527,14.314794,"https://www.google.com/maps/search/?api=1&query=56.297527,14.314794",24,0.1175,3,fieldwork shortlist; 40 km; 50 km,624245-140812,water_surface_name,0.435817,sampling_lake_candidate,0.868,,site_review_required,bathymetry and basin depth; sediment preservation and prior coring history; shore access and landowner contact; permit requirements; field hazards and logistics,1,0.0,,,[]
radius_30km,30 km,30,25,0.0796,Kyrksjön,Kyrksjön,sweden_lake_registry:653734-145755,58.95646,15.070704,"https://www.google.com/maps/search/?api=1&query=58.956460,15.070704",25,0.0871,1,fieldwork shortlist,653734-145755,water_surface_name,0.219089,sampling_lake_candidate,0.868,,site_review_required,bathymetry and basin depth; sediment preservation and prior coring history; shore access and landowner contact; permit requirements; field hazards and logistics,1,0.0,,,[]
radius_30km,30 km,30,26,0.0723,Kyperedssjö,Kyperedssjö,sweden_lake_registry:640726-132684,57.757581,12.892382,"https://www.google.com/maps/search/?api=1&query=57.757581,12.892382",26,0.0727,0,,640726-132684,water_surface_name,0.071276,compact_lake_candidate,0.63,small mapped water surface; prefer checking basin depth and access before field planning,site_review_required,bathymetry and basin depth; sediment preservation and prior coring history; shore access and landowner contact; permit requirements; field hazards and logistics,1,0.0,,,[]
radius_40km,40 km,40,1,0.6905,Bjärsjön,Bjärsjön,sweden_lake_registry:646994-137366,58.334534,13.65652,"https://www.google.com/maps/search/?api=1&query=58.334534,13.656520",1,0.707,7,aggregate; fieldwork shortlist; 10 km; 20 km; 30 km; 40 km; 50 km,646994-137366,water_surface_name,0.132579,compact_lake_candidate,0.63,small mapped water surface; prefer checking basin depth and access before field planning,site_review_required,bathymetry and basin depth; sediment preservation and prior coring history; shore access and landowner contact; permit requirements; field hazards and logistics,1,0.0,,,[]
radius_40km,40 km,40,2,0.6707,Häckebergasjön,Häckebergasjön,sweden_lake_registry:616410-134992,55.577162,13.422814,"https://www.google.com/maps/search/?api=1&query=55.577162,13.422814",2,0.4204,7,aggregate; fieldwork shortlist; 10 km; 20 km; 30 km; 40 km; 50 km,616410-134992,water_surface_name,0.758596,sampling_lake_candidate,1.0,,site_review_required,bathymetry and basin depth; sediment preservation and prior coring history; shore access and landowner contact; permit requirements; field hazards and logistics,1,0.0,,,"[{""latitude"":55.575556,""longitude"":13.4375,""source_layer_key"":""landclim-sites"",""source_name"":""Bökesjön"",""source_record"":""landclim-sites:897303:Bökesjön:55.575556:13.437500"",""source_url"":""https://doi.org/10.1594/PANGAEA.897303"",""temporal_semantics"":{""comparability_posture"":""numeric_interval"",""comparison_note"":""This interval describes sequence coverage, not a single pollen observation or an event date."",""duration_years"":3200,""evidence_class"":""pollen_site_sequence_coverage"",""normalized_labels"":[""0-100 BP to 2700-3200 BP""],""original_labels"":[""0-100 BP to 2700-3200 BP""],""precision_posture"":""site_sequence_interval"",""provenance_excerpt"":"""",""provenance_locator"":""SiteData:Bökesjön"",""provenance_path"":""data/landclim/raw/landclim_i_land_cover_types.xlsx"",""schema_version"":""temporal-semantics.v1"",""source_family"":""landclim"",""summary_label"":""0-100 BP to 2700-3200 BP"",""temporal_window_key"":""late_holocene"",""temporal_window_label"":""Late Holocene (1001-3000 BP)"",""time_end_bp"":3200,""time_mean_bp"":1600,""time_start_bp"":0,""uncertainty_notes"":[]},""time_end_bp"":3200,""time_label"":""0-100 BP to 2700-3200 BP"",""time_mean_bp"":1600,""time_start_bp"":0},{""latitude"":55.575556,""longitude"":13.4375,""source_layer_key"":""landclim-sites"",""source_name"":""Bökesjön"",""source_record"":""landclim-sites:900966:GC18:Bökesjön"",""source_url"":""https://doi.org/10.1594/PANGAEA.900966"",""temporal_semantics"":{""comparability_posture"":""numeric_interval"",""comparison_note"":""This interval describes sequence coverage, not a single pollen observation or an event date."",""duration_years"":11700,""evidence_class"":""pollen_site_sequence_coverage"",""normalized_labels"":[""0-11700 BP""],""original_labels"":[""0-11700 BP""],""precision_posture"":""site_sequence_interval"",""provenance_excerpt"":"""",""provenance_locator"":""Metadata:Bökesjön"",""provenance_path"":""data/landclim/raw/marquer_2017_reveals_taxa_grid_cells.xlsx"",""schema_version"":""temporal-semantics.v1"",""source_family"":""landclim"",""summary_label"":""0-11700 BP"",""temporal_window_key"":""mid_holocene"",""temporal_window_label"":""Mid-Holocene (3001-6000 BP)"",""time_end_bp"":11700,""time_mean_bp"":5850,""time_start_bp"":0,""uncertainty_notes"":[]},""time_end_bp"":11700,""time_label"":""0-11700 BP"",""time_mean_bp"":5850,""time_start_bp"":0},{""latitude"":55.575556,""longitude"":13.4375,""source_layer_key"":""landclim-sites"",""source_name"":""Bökesjön"",""source_record"":""landclim-sites:937075:BOKE"",""source_url"":""https://doi.org/10.1594/PANGAEA.937075"",""temporal_semantics"":{""comparability_posture"":""numeric_interval"",""comparison_note"":""This interval describes sequence coverage, not a single pollen observation or an event date."",""duration_years"":5645,""evidence_class"":""pollen_site_sequence_coverage"",""normalized_labels"":[""-40-5605 BP""],""original_labels"":[""-40-5605 BP""],""precision_posture"":""site_sequence_interval"",""provenance_excerpt"":"""",""provenance_locator"":""LANDCLIMII metadata file:BOKE"",""provenance_path"":""data/landclim/raw/landclim_ii_site_metadata.xlsx"",""schema_version"":""temporal-semantics.v1"",""source_family"":""landclim"",""summary_label"":""-40-5605 BP"",""temporal_window_key"":""late_holocene"",""temporal_window_label"":""Late Holocene (1001-3000 BP)"",""time_end_bp"":5605,""time_mean_bp"":2782,""time_start_bp"":-40,""uncertainty_notes"":[]},""time_end_bp"":5605,""time_label"":""-40-5605 BP"",""time_mean_bp"":2782,""time_start_bp"":-40},{""latitude"":55.57556,""longitude"":13.4375,""source_layer_key"":""neotoma-pollen"",""source_name"":""Bökesjön"",""source_record"":""neotoma-pollen:28872"",""source_url"":""https://apps.neotomadb.org/explorer/#/record/site/28872"",""temporal_semantics"":{""comparability_posture"":""numeric_interval"",""comparison_note"":""Neotoma publishes BP age coverage here, but the interval remains a site-level pollen context span rather than a sample-owned event date."",""duration_years"":5605,""evidence_class"":""neotoma_bp_range"",""normalized_labels"":[""Calibrated radiocarbon years BP""],""original_labels"":[""Calibrated radiocarbon years BP""],""precision_posture"":""site_interval"",""provenance_excerpt"":"""",""provenance_locator"":""site_age_ranges"",""provenance_path"":"""",""schema_version"":""temporal-semantics.v1"",""source_family"":""neotoma"",""summary_label"":""0-5605 Calibrated radiocarbon years BP"",""temporal_window_key"":""late_holocene"",""temporal_window_label"":""Late Holocene (1001-3000 BP)"",""time_end_bp"":5605,""time_mean_bp"":2802,""time_start_bp"":0,""uncertainty_notes"":[]},""time_end_bp"":5605,""time_label"":""0-5605 Calibrated radiocarbon years BP"",""time_mean_bp"":2802,""time_start_bp"":0}]"
radius_40km,40 km,40,3,0.5566,Sigvaldeträsk,Sigvaldeträsk,sweden_lake_registry:636053-166363,57.341825,18.527093,"https://www.google.com/maps/search/?api=1&query=57.341825,18.527093",3,0.3981,7,aggregate; fieldwork shortlist; 10 km; 20 km; 30 km; 40 km; 50 km,636053-166363,water_surface_name,0.087096,compact_lake_candidate,0.63,small mapped water surface; prefer checking basin depth and access before field planning,site_review_required,bathymetry and basin depth; sediment preservation and prior coring history; shore access and landowner contact; permit requirements; field hazards and logistics,1,0.0,,,[]
radius_40km,40 km,40,4,0.5028,Havgårdssjön,Havgårdssjön,sweden_lake_registry:615365-134524,55.483143,13.35776,"https://www.google.com/maps/search/?api=1&query=55.483143,13.357760",7,0.3454,6,aggregate; fieldwork shortlist; 20 km; 30 km; 40 km; 50 km,615365-134524,water_surface_name,0.501745,sampling_lake_candidate,1.0,,site_review_required,bathymetry and basin depth; sediment preservation and prior coring history; shore access and landowner contact; permit requirements; field hazards and logistics,1,0.0,,,[]
radius_40km,40 km,40,5,0.402,Mullsjön,Mullsjön,sweden_lake_registry:646681-140779,58.317875,14.210785,"https://www.google.com/maps/search/?api=1&query=58.317875,14.210785",8,0.2534,7,aggregate; fieldwork shortlist; 10 km; 20 km; 30 km; 40 km; 50 km,646681-140779,water_surface_name,3.918493,sampling_lake_candidate,1.0,,site_review_required,bathymetry and basin depth; sediment preservation and prior coring history; shore access and landowner contact; permit requirements; field hazards and logistics,1,0.0,,,"[{""latitude"":58.31761,""longitude"":14.21136,""source_layer_key"":""neotoma-pollen"",""source_name"":""Mullsjön"",""source_record"":""neotoma-pollen:3303"",""source_url"":""https://apps.neotomadb.org/explorer/#/record/site/3303"",""temporal_semantics"":{""comparability_posture"":""numeric_interval_with_caveat"",""comparison_note"":""Neotoma coverage merges more than one BP age-range convention for this site, so the interval remains comparable but should be treated as a site-level summary span."",""duration_years"":8806,""evidence_class"":""neotoma_aggregated_bp_ranges"",""normalized_labels"":[""Calibrated radiocarbon years BP"",""Radiocarbon years BP""],""original_labels"":[""Calibrated radiocarbon years BP"",""Radiocarbon years BP""],""precision_posture"":""site_interval_with_uncertainty"",""provenance_excerpt"":"""",""provenance_locator"":""site_age_ranges"",""provenance_path"":"""",""schema_version"":""temporal-semantics.v1"",""source_family"":""neotoma"",""summary_label"":""9526-17322 Calibrated radiocarbon years BP"",""temporal_window_key"":""early_holocene_and_older"",""temporal_window_label"":""Early Holocene and older (6001+ BP)"",""time_end_bp"":17322,""time_mean_bp"":12919,""time_start_bp"":8516,""uncertainty_notes"":[""Multiple BP age-range conventions contribute to this site span.""]},""time_end_bp"":17322,""time_label"":""9526-17322 Calibrated radiocarbon years BP"",""time_mean_bp"":12919,""time_start_bp"":8516}]"
radius_40km,40 km,40,6,0.3733,Krageholmssjön,Krageholmssjön,sweden_lake_registry:615375-137087,55.501715,13.744603,"https://www.google.com/maps/search/?api=1&query=55.501715,13.744603",4,0.3843,7,aggregate; fieldwork shortlist; 10 km; 20 km; 30 km; 40 km; 50 km,615375-137087,water_surface_name,2.050682,sampling_lake_candidate,1.0,,site_review_required,bathymetry and basin depth; sediment preservation and prior coring history; shore access and landowner contact; permit requirements; field hazards and logistics,1,0.0,,,"[{""latitude"":55.5,""longitude"":13.733333,""source_layer_key"":""landclim-sites"",""source_name"":""Krageholmssjön"",""source_record"":""landclim-sites:897303:Krageholmssjön:55.500000:13.733333"",""source_url"":""https://doi.org/10.1594/PANGAEA.897303"",""temporal_semantics"":{""comparability_posture"":""numeric_interval"",""comparison_note"":""This interval describes sequence coverage, not a single pollen observation or an event date."",""duration_years"":6200,""evidence_class"":""pollen_site_sequence_coverage"",""normalized_labels"":[""0-100 BP to 5700-6200 BP""],""original_labels"":[""0-100 BP to 5700-6200 BP""],""precision_posture"":""site_sequence_interval"",""provenance_excerpt"":"""",""provenance_locator"":""SiteData:Krageholmssjön"",""provenance_path"":""data/landclim/raw/landclim_i_land_cover_types.xlsx"",""schema_version"":""temporal-semantics.v1"",""source_family"":""landclim"",""summary_label"":""0-100 BP to 5700-6200 BP"",""temporal_window_key"":""mid_holocene"",""temporal_window_label"":""Mid-Holocene (3001-6000 BP)"",""time_end_bp"":6200,""time_mean_bp"":3100,""time_start_bp"":0,""uncertainty_notes"":[]},""time_end_bp"":6200,""time_label"":""0-100 BP to 5700-6200 BP"",""time_mean_bp"":3100,""time_start_bp"":0},{""latitude"":55.5,""longitude"":13.733333,""source_layer_key"":""landclim-sites"",""source_name"":""Krageholmssjön"",""source_record"":""landclim-sites:900966:GC18:Krageholmssjön"",""source_url"":""https://doi.org/10.1594/PANGAEA.900966"",""temporal_semantics"":{""comparability_posture"":""numeric_interval"",""comparison_note"":""This interval describes sequence coverage, not a single pollen observation or an event date."",""duration_years"":11700,""evidence_class"":""pollen_site_sequence_coverage"",""normalized_labels"":[""0-11700 BP""],""original_labels"":[""0-11700 BP""],""precision_posture"":""site_sequence_interval"",""provenance_excerpt"":"""",""provenance_locator"":""Metadata:Krageholmssjön"",""provenance_path"":""data/landclim/raw/marquer_2017_reveals_taxa_grid_cells.xlsx"",""schema_version"":""temporal-semantics.v1"",""source_family"":""landclim"",""summary_label"":""0-11700 BP"",""temporal_window_key"":""mid_holocene"",""temporal_window_label"":""Mid-Holocene (3001-6000 BP)"",""time_end_bp"":11700,""time_mean_bp"":5850,""time_start_bp"":0,""uncertainty_notes"":[]},""time_end_bp"":11700,""time_label"":""0-11700 BP"",""time_mean_bp"":5850,""time_start_bp"":0},{""latitude"":55.5,""longitude"":13.733333,""source_layer_key"":""landclim-sites"",""source_name"":""Krageholmssjön"",""source_record"":""landclim-sites:937075:KRA"",""source_url"":""https://doi.org/10.1594/PANGAEA.937075"",""temporal_semantics"":{""comparability_posture"":""numeric_interval"",""comparison_note"":""This interval describes sequence coverage, not a single pollen observation or an event date."",""duration_years"":11589,""evidence_class"":""pollen_site_sequence_coverage"",""normalized_labels"":[""11-11600 BP""],""original_labels"":[""11-11600 BP""],""precision_posture"":""site_sequence_interval"",""provenance_excerpt"":"""",""provenance_locator"":""LANDCLIMII metadata file:KRA"",""provenance_path"":""data/landclim/raw/landclim_ii_site_metadata.xlsx"",""schema_version"":""temporal-semantics.v1"",""source_family"":""landclim"",""summary_label"":""11-11600 BP"",""temporal_window_key"":""mid_holocene"",""temporal_window_label"":""Mid-Holocene (3001-6000 BP)"",""time_end_bp"":11600,""time_mean_bp"":5806,""time_start_bp"":11,""uncertainty_notes"":[]},""time_end_bp"":11600,""time_label"":""11-11600 BP"",""time_mean_bp"":5806,""time_start_bp"":11},{""latitude"":55.50078,""longitude"":13.74492,""source_layer_key"":""neotoma-pollen"",""source_name"":""Krageholmssjön"",""source_record"":""neotoma-pollen:3204"",""source_url"":""https://apps.neotomadb.org/explorer/#/record/site/3204"",""temporal_semantics"":{""comparability_posture"":""numeric_interval_with_caveat"",""comparison_note"":""Neotoma coverage merges more than one BP age-range convention for this site, so the interval remains comparable but should be treated as a site-level summary span."",""duration_years"":12209,""evidence_class"":""neotoma_aggregated_bp_ranges"",""normalized_labels"":[""Calibrated radiocarbon years BP"",""Radiocarbon years BP""],""original_labels"":[""Calibrated radiocarbon years BP"",""Radiocarbon years BP""],""precision_posture"":""site_interval_with_uncertainty"",""provenance_excerpt"":"""",""provenance_locator"":""site_age_ranges"",""provenance_path"":"""",""schema_version"":""temporal-semantics.v1"",""source_family"":""neotoma"",""summary_label"":""0-12209 Calibrated radiocarbon years BP"",""temporal_window_key"":""early_holocene_and_older"",""temporal_window_label"":""Early Holocene and older (6001+ BP)"",""time_end_bp"":12209,""time_mean_bp"":6104,""time_start_bp"":0,""uncertainty_notes"":[""Multiple BP age-range conventions contribute to this site span.""]},""time_end_bp"":12209,""time_label"":""0-12209 Calibrated radiocarbon years BP"",""time_mean_bp"":6104,""time_start_bp"":0}]"
radius_40km,40 km,40,7,0.3389,Flarken,Flarken,sweden_lake_registry:649459-137568,58.556811,13.672884,"https://www.google.com/maps/search/?api=1&query=58.556811,13.672884",5,0.3726,7,aggregate; fieldwork shortlist; 10 km; 20 km; 30 km; 40 km; 50 km,649459-137568,water_surface_name,0.165887,sampling_lake_candidate,0.868,,site_review_required,bathymetry and basin depth; sediment preservation and prior coring history; shore access and landowner contact; permit requirements; field hazards and logistics,1,0.0,,,"[{""latitude"":58.583333,""longitude"":13.666667,""source_layer_key"":""landclim-sites"",""source_name"":""Flarken"",""source_record"":""landclim-sites:897303:Lake Flarken:58.583333:13.666667"",""source_url"":""https://doi.org/10.1594/PANGAEA.897303"",""temporal_semantics"":{""comparability_posture"":""numeric_interval"",""comparison_note"":""This interval describes sequence coverage, not a single pollen observation or an event date."",""duration_years"":6200,""evidence_class"":""pollen_site_sequence_coverage"",""normalized_labels"":[""0-100 BP to 5700-6200 BP""],""original_labels"":[""0-100 BP to 5700-6200 BP""],""precision_posture"":""site_sequence_interval"",""provenance_excerpt"":"""",""provenance_locator"":""SiteData:Lake Flarken"",""provenance_path"":""data/landclim/raw/landclim_i_land_cover_types.xlsx"",""schema_version"":""temporal-semantics.v1"",""source_family"":""landclim"",""summary_label"":""0-100 BP to 5700-6200 BP"",""temporal_window_key"":""mid_holocene"",""temporal_window_label"":""Mid-Holocene (3001-6000 BP)"",""time_end_bp"":6200,""time_mean_bp"":3100,""time_start_bp"":0,""uncertainty_notes"":[]},""time_end_bp"":6200,""time_label"":""0-100 BP to 5700-6200 BP"",""time_mean_bp"":3100,""time_start_bp"":0},{""latitude"":58.583333,""longitude"":13.666667,""source_layer_key"":""landclim-sites"",""source_name"":""Flarken"",""source_record"":""landclim-sites:937075:FLA"",""source_url"":""https://doi.org/10.1594/PANGAEA.937075"",""temporal_semantics"":{""comparability_posture"":""numeric_interval"",""comparison_note"":""This interval describes sequence coverage, not a single pollen observation or an event date."",""duration_years"":12246,""evidence_class"":""pollen_site_sequence_coverage"",""normalized_labels"":[""-50-12196 BP""],""original_labels"":[""-50-12196 BP""],""precision_posture"":""site_sequence_interval"",""provenance_excerpt"":"""",""provenance_locator"":""LANDCLIMII metadata file:FLA"",""provenance_path"":""data/landclim/raw/landclim_ii_site_metadata.xlsx"",""schema_version"":""temporal-semantics.v1"",""source_family"":""landclim"",""summary_label"":""-50-12196 BP"",""temporal_window_key"":""early_holocene_and_older"",""temporal_window_label"":""Early Holocene and older (6001+ BP)"",""time_end_bp"":12196,""time_mean_bp"":6073,""time_start_bp"":-50,""uncertainty_notes"":[]},""time_end_bp"":12196,""time_label"":""-50-12196 BP"",""time_mean_bp"":6073,""time_start_bp"":-50},{""latitude"":58.55679,""longitude"":13.67319,""source_layer_key"":""neotoma-pollen"",""source_name"":""Flarken"",""source_record"":""neotoma-pollen:3107"",""source_url"":""https://apps.neotomadb.org/explorer/#/record/site/3107"",""temporal_semantics"":{""comparability_posture"":""numeric_interval_with_caveat"",""comparison_note"":""Neotoma coverage merges more than one BP age-range convention for this site, so the interval remains comparable but should be treated as a site-level summary span."",""duration_years"":12439,""evidence_class"":""neotoma_aggregated_bp_ranges"",""normalized_labels"":[""Calibrated radiocarbon years BP"",""Radiocarbon years BP""],""original_labels"":[""Calibrated radiocarbon years BP"",""Radiocarbon years BP""],""precision_posture"":""site_interval_with_uncertainty"",""provenance_excerpt"":"""",""provenance_locator"":""site_age_ranges"",""provenance_path"":"""",""schema_version"":""temporal-semantics.v1"",""source_family"":""neotoma"",""summary_label"":""113-12471 Calibrated radiocarbon years BP"",""temporal_window_key"":""early_holocene_and_older"",""temporal_window_label"":""Early Holocene and older (6001+ BP)"",""time_end_bp"":12471,""time_mean_bp"":6252,""time_start_bp"":32,""uncertainty_notes"":[""Multiple BP age-range conventions contribute to this site span.""]},""time_end_bp"":12471,""time_label"":""113-12471 Calibrated radiocarbon years BP"",""time_mean_bp"":6252,""time_start_bp"":32}]"
radius_40km,40 km,40,8,0.3225,Bjäresjö,Bjäresjö,sweden_lake_registry:614958-137018,55.459405,13.751743,"https://www.google.com/maps/search/?api=1&query=55.459405,13.751743",6,0.3505,7,aggregate; fieldwork shortlist; 10 km; 20 km; 30 km; 40 km; 50 km,614958-137018,water_surface_name,0.022251,small_lake_review,0.27,very small mapped water surface; treat as a micro-basin until field validation confirms suitability,site_review_required,bathymetry and basin depth; sediment preservation and prior coring history; shore access and landowner contact; permit requirements; field hazards and logistics,1,0.0,,,"[{""latitude"":55.459167,""longitude"":13.751944,""source_layer_key"":""landclim-sites"",""source_name"":""Bjäresjösjön"",""source_record"":""landclim-sites:897303:Bjäresjösjön:55.459167:13.751944"",""source_url"":""https://doi.org/10.1594/PANGAEA.897303"",""temporal_semantics"":{""comparability_posture"":""numeric_interval"",""comparison_note"":""This interval describes sequence coverage, not a single pollen observation or an event date."",""duration_years"":3200,""evidence_class"":""pollen_site_sequence_coverage"",""normalized_labels"":[""0-100 BP to 2700-3200 BP""],""original_labels"":[""0-100 BP to 2700-3200 BP""],""precision_posture"":""site_sequence_interval"",""provenance_excerpt"":"""",""provenance_locator"":""SiteData:Bjäresjösjön"",""provenance_path"":""data/landclim/raw/landclim_i_land_cover_types.xlsx"",""schema_version"":""temporal-semantics.v1"",""source_family"":""landclim"",""summary_label"":""0-100 BP to 2700-3200 BP"",""temporal_window_key"":""late_holocene"",""temporal_window_label"":""Late Holocene (1001-3000 BP)"",""time_end_bp"":3200,""time_mean_bp"":1600,""time_start_bp"":0,""uncertainty_notes"":[]},""time_end_bp"":3200,""time_label"":""0-100 BP to 2700-3200 BP"",""time_mean_bp"":1600,""time_start_bp"":0},{""latitude"":55.459167,""longitude"":13.751944,""source_layer_key"":""landclim-sites"",""source_name"":""Bjäresjösjön"",""source_record"":""landclim-sites:900966:GC18:Bjäresjösjön"",""source_url"":""https://doi.org/10.1594/PANGAEA.900966"",""temporal_semantics"":{""comparability_posture"":""numeric_interval"",""comparison_note"":""This interval describes sequence coverage, not a single pollen observation or an event date."",""duration_years"":11700,""evidence_class"":""pollen_site_sequence_coverage"",""normalized_labels"":[""0-11700 BP""],""original_labels"":[""0-11700 BP""],""precision_posture"":""site_sequence_interval"",""provenance_excerpt"":"""",""provenance_locator"":""Metadata:Bjäresjösjön"",""provenance_path"":""data/landclim/raw/marquer_2017_reveals_taxa_grid_cells.xlsx"",""schema_version"":""temporal-semantics.v1"",""source_family"":""landclim"",""summary_label"":""0-11700 BP"",""temporal_window_key"":""mid_holocene"",""temporal_window_label"":""Mid-Holocene (3001-6000 BP)"",""time_end_bp"":11700,""time_mean_bp"":5850,""time_start_bp"":0,""uncertainty_notes"":[]},""time_end_bp"":11700,""time_label"":""0-11700 BP"",""time_mean_bp"":5850,""time_start_bp"":0},{""latitude"":55.45,""longitude"":13.75,""source_layer_key"":""landclim-sites"",""source_name"":""Bjäresjösjön"",""source_record"":""landclim-sites:937075:BJARE"",""source_url"":""https://doi.org/10.1594/PANGAEA.937075"",""temporal_semantics"":{""comparability_posture"":""numeric_interval"",""comparison_note"":""This interval describes sequence coverage, not a single pollen observation or an event date."",""duration_years"":2836,""evidence_class"":""pollen_site_sequence_coverage"",""normalized_labels"":[""-33-2803 BP""],""original_labels"":[""-33-2803 BP""],""precision_posture"":""site_sequence_interval"",""provenance_excerpt"":"""",""provenance_locator"":""LANDCLIMII metadata file:BJARE"",""provenance_path"":""data/landclim/raw/landclim_ii_site_metadata.xlsx"",""schema_version"":""temporal-semantics.v1"",""source_family"":""landclim"",""summary_label"":""-33-2803 BP"",""temporal_window_key"":""late_holocene"",""temporal_window_label"":""Late Holocene (1001-3000 BP)"",""time_end_bp"":2803,""time_mean_bp"":1385,""time_start_bp"":-33,""uncertainty_notes"":[]},""time_end_bp"":2803,""time_label"":""-33-2803 BP"",""time_mean_bp"":1385,""time_start_bp"":-33},{""latitude"":55.45917,""longitude"":13.75194,""source_layer_key"":""neotoma-pollen"",""source_name"":""Bjäresjösjön"",""source_record"":""neotoma-pollen:28871"",""source_url"":""https://apps.neotomadb.org/explorer/#/record/site/28871"",""temporal_semantics"":{""comparability_posture"":""numeric_interval_with_caveat"",""comparison_note"":""Neotoma coverage merges more than one BP age-range convention for this site, so the interval remains comparable but should be treated as a site-level summary span."",""duration_years"":2803,""evidence_class"":""neotoma_aggregated_bp_ranges"",""normalized_labels"":[""Calibrated radiocarbon years BP"",""Radiocarbon years BP""],""original_labels"":[""Calibrated radiocarbon years BP"",""Radiocarbon years BP""],""precision_posture"":""site_interval_with_uncertainty"",""provenance_excerpt"":"""",""provenance_locator"":""site_age_ranges"",""provenance_path"":"""",""schema_version"":""temporal-semantics.v1"",""source_family"":""neotoma"",""summary_label"":""0-2803 Calibrated radiocarbon years BP"",""temporal_window_key"":""late_holocene"",""temporal_window_label"":""Late Holocene (1001-3000 BP)"",""time_end_bp"":2803,""time_mean_bp"":1402,""time_start_bp"":0,""uncertainty_notes"":[""Multiple BP age-range conventions contribute to this site span.""]},""time_end_bp"":2803,""time_label"":""0-2803 Calibrated radiocarbon years BP"",""time_mean_bp"":1402,""time_start_bp"":0},{""latitude"":55.454444,""longitude"":13.766389,""source_layer_key"":""landclim-sites"",""source_name"":""Bjärsjöholmssjön"",""source_record"":""landclim-sites:897303:Bjärsjöholmssjön:55.454444:13.766389"",""source_url"":""https://doi.org/10.1594/PANGAEA.897303"",""temporal_semantics"":{""comparability_posture"":""numeric_interval"",""comparison_note"":""This interval describes sequence coverage, not a single pollen observation or an event date."",""duration_years"":3500,""evidence_class"":""pollen_site_sequence_coverage"",""normalized_labels"":[""2700-3200 BP to 5700-6200 BP""],""original_labels"":[""2700-3200 BP to 5700-6200 BP""],""precision_posture"":""site_sequence_interval"",""provenance_excerpt"":"""",""provenance_locator"":""SiteData:Bjärsjöholmssjön"",""provenance_path"":""data/landclim/raw/landclim_i_land_cover_types.xlsx"",""schema_version"":""temporal-semantics.v1"",""source_family"":""landclim"",""summary_label"":""2700-3200 BP to 5700-6200 BP"",""temporal_window_key"":""mid_holocene"",""temporal_window_label"":""Mid-Holocene (3001-6000 BP)"",""time_end_bp"":6200,""time_mean_bp"":4450,""time_start_bp"":2700,""uncertainty_notes"":[]},""time_end_bp"":6200,""time_label"":""2700-3200 BP to 5700-6200 BP"",""time_mean_bp"":4450,""time_start_bp"":2700},{""latitude"":55.454444,""longitude"":13.766389,""source_layer_key"":""landclim-sites"",""source_name"":""Bjärsjöholmssjön"",""source_record"":""landclim-sites:900966:GC18:Bjärsjöholmssjön"",""source_url"":""https://doi.org/10.1594/PANGAEA.900966"",""temporal_semantics"":{""comparability_posture"":""numeric_interval"",""comparison_note"":""This interval describes sequence coverage, not a single pollen observation or an event date."",""duration_years"":11700,""evidence_class"":""pollen_site_sequence_coverage"",""normalized_labels"":[""0-11700 BP""],""original_labels"":[""0-11700 BP""],""precision_posture"":""site_sequence_interval"",""provenance_excerpt"":"""",""provenance_locator"":""Metadata:Bjärsjöholmssjön"",""provenance_path"":""data/landclim/raw/marquer_2017_reveals_taxa_grid_cells.xlsx"",""schema_version"":""temporal-semantics.v1"",""source_family"":""landclim"",""summary_label"":""0-11700 BP"",""temporal_window_key"":""mid_holocene"",""temporal_window_label"":""Mid-Holocene (3001-6000 BP)"",""time_end_bp"":11700,""time_mean_bp"":5850,""time_start_bp"":0,""uncertainty_notes"":[]},""time_end_bp"":11700,""time_label"":""0-11700 BP"",""time_mean_bp"":5850,""time_start_bp"":0},{""latitude"":55.45396,""longitude"":13.780255,""source_layer_key"":""neotoma-pollen"",""source_name"":""Bjärsjöholmssjön"",""source_record"":""neotoma-pollen:3017"",""source_url"":""https://apps.neotomadb.org/explorer/#/record/site/3017"",""temporal_semantics"":{""comparability_posture"":""numeric_interval_with_caveat"",""comparison_note"":""Neotoma coverage merges more than one BP age-range convention for this site, so the interval remains comparable but should be treated as a site-level summary span."",""duration_years"":8814,""evidence_class"":""neotoma_aggregated_bp_ranges"",""normalized_labels"":[""Calibrated radiocarbon years BP"",""Radiocarbon years BP""],""original_labels"":[""Calibrated radiocarbon years BP"",""Radiocarbon years BP""],""precision_posture"":""site_interval_with_uncertainty"",""provenance_excerpt"":"""",""provenance_locator"":""site_age_ranges"",""provenance_path"":"""",""schema_version"":""temporal-semantics.v1"",""source_family"":""neotoma"",""summary_label"":""0-8814 Calibrated radiocarbon years BP"",""temporal_window_key"":""mid_holocene"",""temporal_window_label"":""Mid-Holocene (3001-6000 BP)"",""time_end_bp"":8814,""time_mean_bp"":4407,""time_start_bp"":0,""uncertainty_notes"":[""Multiple BP age-range conventions contribute to this site span.""]},""time_end_bp"":8814,""time_label"":""0-8814 Calibrated radiocarbon years BP"",""time_mean_bp"":4407,""time_start_bp"":0}]"
radius_40km,40 km,40,9,0.2612,Åbodasjön,Åbodasjön,sweden_lake_registry:632901-141943,57.085667,14.482671,"https://www.google.com/maps/search/?api=1&query=57.085667,14.482671",10,0.2155,7,aggregate; fieldwork shortlist; 10 km; 20 km; 30 km; 40 km; 50 km,632901-141943,water_surface_name,0.545153,sampling_lake_candidate,1.0,,site_review_required,bathymetry and basin depth; sediment preservation and prior coring history; shore access and landowner contact; permit requirements; field hazards and logistics,1,0.0,,,"[{""latitude"":57.085556,""longitude"":14.478611,""source_layer_key"":""landclim-sites"",""source_name"":""Åbodasjön"",""source_record"":""landclim-sites:897303:Åbodasjön:57.085556:14.478611"",""source_url"":""https://doi.org/10.1594/PANGAEA.897303"",""temporal_semantics"":{""comparability_posture"":""numeric_interval"",""comparison_note"":""This interval describes sequence coverage, not a single pollen observation or an event date."",""duration_years"":100,""evidence_class"":""pollen_site_sequence_coverage"",""normalized_labels"":[""0-100 BP""],""original_labels"":[""0-100 BP""],""precision_posture"":""site_sequence_interval"",""provenance_excerpt"":"""",""provenance_locator"":""SiteData:Åbodasjön"",""provenance_path"":""data/landclim/raw/landclim_i_land_cover_types.xlsx"",""schema_version"":""temporal-semantics.v1"",""source_family"":""landclim"",""summary_label"":""0-100 BP"",""temporal_window_key"":""recent_historical"",""temporal_window_label"":""Recent and historical (0-1000 BP)"",""time_end_bp"":100,""time_mean_bp"":50,""time_start_bp"":0,""uncertainty_notes"":[]},""time_end_bp"":100,""time_label"":""0-100 BP"",""time_mean_bp"":50,""time_start_bp"":0},{""latitude"":57.085556,""longitude"":14.478611,""source_layer_key"":""landclim-sites"",""source_name"":""Åbodasjön"",""source_record"":""landclim-sites:900966:GC21:Åbodasjön"",""source_url"":""https://doi.org/10.1594/PANGAEA.900966"",""temporal_semantics"":{""comparability_posture"":""numeric_interval"",""comparison_note"":""This interval describes sequence coverage, not a single pollen observation or an event date."",""duration_years"":11700,""evidence_class"":""pollen_site_sequence_coverage"",""normalized_labels"":[""0-11700 BP""],""original_labels"":[""0-11700 BP""],""precision_posture"":""site_sequence_interval"",""provenance_excerpt"":"""",""provenance_locator"":""Metadata:Åbodasjön"",""provenance_path"":""data/landclim/raw/marquer_2017_reveals_taxa_grid_cells.xlsx"",""schema_version"":""temporal-semantics.v1"",""source_family"":""landclim"",""summary_label"":""0-11700 BP"",""temporal_window_key"":""mid_holocene"",""temporal_window_label"":""Mid-Holocene (3001-6000 BP)"",""time_end_bp"":11700,""time_mean_bp"":5850,""time_start_bp"":0,""uncertainty_notes"":[]},""time_end_bp"":11700,""time_label"":""0-11700 BP"",""time_mean_bp"":5850,""time_start_bp"":0},{""latitude"":57.0856,""longitude"":14.4787,""source_layer_key"":""landclim-sites"",""source_name"":""Åbodasjön"",""source_record"":""landclim-sites:937075:Åbodasjön"",""source_url"":""https://doi.org/10.1594/PANGAEA.937075"",""temporal_semantics"":{""comparability_posture"":""numeric_interval"",""comparison_note"":""This interval describes sequence coverage, not a single pollen observation or an event date."",""duration_years"":1008,""evidence_class"":""pollen_site_sequence_coverage"",""normalized_labels"":[""-57-951 BP""],""original_labels"":[""-57-951 BP""],""precision_posture"":""site_sequence_interval"",""provenance_excerpt"":"""",""provenance_locator"":""LANDCLIMII metadata file:Åbodasjön"",""provenance_path"":""data/landclim/raw/landclim_ii_site_metadata.xlsx"",""schema_version"":""temporal-semantics.v1"",""source_family"":""landclim"",""summary_label"":""-57-951 BP"",""temporal_window_key"":""recent_historical"",""temporal_window_label"":""Recent and historical (0-1000 BP)"",""time_end_bp"":951,""time_mean_bp"":447,""time_start_bp"":-57,""uncertainty_notes"":[]},""time_end_bp"":951,""time_label"":""-57-951 BP"",""time_mean_bp"":447,""time_start_bp"":-57}]"
radius_40km,40 km,40,10,0.2442,Lilla Sjö,Lilla Sjö,sweden_lake_registry:624044-138336,56.281643,13.924259,"https://www.google.com/maps/search/?api=1&query=56.281643,13.924259",17,0.1608,6,aggregate; 10 km; 20 km; 30 km; 40 km; 50 km,624044-138336,water_surface_name,0.14393,compact_lake_candidate,0.63,small mapped water surface; prefer checking basin depth and access before field planning,site_review_required,bathymetry and basin depth; sediment preservation and prior coring history; shore access and landowner contact; permit requirements; field hazards and logistics,1,0.0,,,[]
radius_40km,40 km,40,11,0.2394,Finjasjön,Finjasjön,sweden_lake_registry:622731-136920,56.135794,13.702733,"https://www.google.com/maps/search/?api=1&query=56.135794,13.702733",21,0.1555,4,fieldwork shortlist; 30 km; 40 km; 50 km,622731-136920,water_surface_name,10.497234,sampling_lake_candidate,1.0,,site_review_required,bathymetry and basin depth; sediment preservation and prior coring history; shore access and landowner contact; permit requirements; field hazards and logistics,1,0.0,,,[]
radius_40km,40 km,40,12,0.2363,Stömnesjön,Stömnesjön,sweden_lake_registry:685496-153902,61.80718,16.512573,"https://www.google.com/maps/search/?api=1&query=61.807180,16.512573",12,0.1976,7,aggregate; fieldwork shortlist; 10 km; 20 km; 30 km; 40 km; 50 km,685496-153902,water_surface_name,2.438561,sampling_lake_candidate,1.0,,site_review_required,bathymetry and basin depth; sediment preservation and prior coring history; shore access and landowner contact; permit requirements; field hazards and logistics,1,0.0,,,"[{""latitude"":61.816667,""longitude"":16.533333,""source_layer_key"":""landclim-sites"",""source_name"":""Klotjärnen"",""source_record"":""landclim-sites:897303:Klotjärnen:61.816667:16.533333"",""source_url"":""https://doi.org/10.1594/PANGAEA.897303"",""temporal_semantics"":{""comparability_posture"":""numeric_interval"",""comparison_note"":""This interval describes sequence coverage, not a single pollen observation or an event date."",""duration_years"":6200,""evidence_class"":""pollen_site_sequence_coverage"",""normalized_labels"":[""0-100 BP to 5700-6200 BP""],""original_labels"":[""0-100 BP to 5700-6200 BP""],""precision_posture"":""site_sequence_interval"",""provenance_excerpt"":"""",""provenance_locator"":""SiteData:Klotjärnen"",""provenance_path"":""data/landclim/raw/landclim_i_land_cover_types.xlsx"",""schema_version"":""temporal-semantics.v1"",""source_family"":""landclim"",""summary_label"":""0-100 BP to 5700-6200 BP"",""temporal_window_key"":""mid_holocene"",""temporal_window_label"":""Mid-Holocene (3001-6000 BP)"",""time_end_bp"":6200,""time_mean_bp"":3100,""time_start_bp"":0,""uncertainty_notes"":[]},""time_end_bp"":6200,""time_label"":""0-100 BP to 5700-6200 BP"",""time_mean_bp"":3100,""time_start_bp"":0},{""latitude"":61.816667,""longitude"":16.533333,""source_layer_key"":""landclim-sites"",""source_name"":""Klotjärnen"",""source_record"":""landclim-sites:937075:KLO"",""source_url"":""https://doi.org/10.1594/PANGAEA.937075"",""temporal_semantics"":{""comparability_posture"":""numeric_interval"",""comparison_note"":""This interval describes sequence coverage, not a single pollen observation or an event date."",""duration_years"":9557,""evidence_class"":""pollen_site_sequence_coverage"",""normalized_labels"":[""-60-9497 BP""],""original_labels"":[""-60-9497 BP""],""precision_posture"":""site_sequence_interval"",""provenance_excerpt"":"""",""provenance_locator"":""LANDCLIMII metadata file:KLO"",""provenance_path"":""data/landclim/raw/landclim_ii_site_metadata.xlsx"",""schema_version"":""temporal-semantics.v1"",""source_family"":""landclim"",""summary_label"":""-60-9497 BP"",""temporal_window_key"":""mid_holocene"",""temporal_window_label"":""Mid-Holocene (3001-6000 BP)"",""time_end_bp"":9497,""time_mean_bp"":4718,""time_start_bp"":-60,""uncertainty_notes"":[]},""time_end_bp"":9497,""time_label"":""-60-9497 BP"",""time_mean_bp"":4718,""time_start_bp"":-60}]"
radius_40km,40 km,40,13,0.2339,Lindhultsgöl,Lindhultsgöl,sweden_lake_registry:633608-141894,57.145223,14.46766,"https://www.google.com/maps/search/?api=1&query=57.145223,14.467660",13,0.1867,6,aggregate; 10 km; 20 km; 30 km; 40 km; 50 km,633608-141894,water_surface_name,0.076304,compact_lake_candidate,0.63,small mapped water surface; prefer checking basin depth and access before field planning,site_review_required,bathymetry and basin depth; sediment preservation and prior coring history; shore access and landowner contact; permit requirements; field hazards and logistics,1,0.0,,,"[{""latitude"":57.143611,""longitude"":14.466111,""source_layer_key"":""landclim-sites"",""source_name"":""Lindhultsgöl"",""source_record"":""landclim-sites:897303:Lindhultsgöl:57.143611:14.466111"",""source_url"":""https://doi.org/10.1594/PANGAEA.897303"",""temporal_semantics"":{""comparability_posture"":""numeric_interval"",""comparison_note"":""This interval describes sequence coverage, not a single pollen observation or an event date."",""duration_years"":100,""evidence_class"":""pollen_site_sequence_coverage"",""normalized_labels"":[""0-100 BP""],""original_labels"":[""0-100 BP""],""precision_posture"":""site_sequence_interval"",""provenance_excerpt"":"""",""provenance_locator"":""SiteData:Lindhultsgöl"",""provenance_path"":""data/landclim/raw/landclim_i_land_cover_types.xlsx"",""schema_version"":""temporal-semantics.v1"",""source_family"":""landclim"",""summary_label"":""0-100 BP"",""temporal_window_key"":""recent_historical"",""temporal_window_label"":""Recent and historical (0-1000 BP)"",""time_end_bp"":100,""time_mean_bp"":50,""time_start_bp"":0,""uncertainty_notes"":[]},""time_end_bp"":100,""time_label"":""0-100 BP"",""time_mean_bp"":50,""time_start_bp"":0},{""latitude"":57.143611,""longitude"":14.466111,""source_layer_key"":""landclim-sites"",""source_name"":""Lindhultsgöl"",""source_record"":""landclim-sites:900966:GC21:Lindhultsgöl"",""source_url"":""https://doi.org/10.1594/PANGAEA.900966"",""temporal_semantics"":{""comparability_posture"":""numeric_interval"",""comparison_note"":""This interval describes sequence coverage, not a single pollen observation or an event date."",""duration_years"":11700,""evidence_class"":""pollen_site_sequence_coverage"",""normalized_labels"":[""0-11700 BP""],""original_labels"":[""0-11700 BP""],""precision_posture"":""site_sequence_interval"",""provenance_excerpt"":"""",""provenance_locator"":""Metadata:Lindhultsgöl"",""provenance_path"":""data/landclim/raw/marquer_2017_reveals_taxa_grid_cells.xlsx"",""schema_version"":""temporal-semantics.v1"",""source_family"":""landclim"",""summary_label"":""0-11700 BP"",""temporal_window_key"":""mid_holocene"",""temporal_window_label"":""Mid-Holocene (3001-6000 BP)"",""time_end_bp"":11700,""time_mean_bp"":5850,""time_start_bp"":0,""uncertainty_notes"":[]},""time_end_bp"":11700,""time_label"":""0-11700 BP"",""time_mean_bp"":5850,""time_start_bp"":0},{""latitude"":57.1436,""longitude"":14.4661,""source_layer_key"":""landclim-sites"",""source_name"":""Lindhultsgöl"",""source_record"":""landclim-sites:937075:Lindhult"",""source_url"":""https://doi.org/10.1594/PANGAEA.937075"",""temporal_semantics"":{""comparability_posture"":""numeric_interval"",""comparison_note"":""This interval describes sequence coverage, not a single pollen observation or an event date."",""duration_years"":1001,""evidence_class"":""pollen_site_sequence_coverage"",""normalized_labels"":[""-57-944 BP""],""original_labels"":[""-57-944 BP""],""precision_posture"":""site_sequence_interval"",""provenance_excerpt"":"""",""provenance_locator"":""LANDCLIMII metadata file:Lindhult"",""provenance_path"":""data/landclim/raw/landclim_ii_site_metadata.xlsx"",""schema_version"":""temporal-semantics.v1"",""source_family"":""landclim"",""summary_label"":""-57-944 BP"",""temporal_window_key"":""recent_historical"",""temporal_window_label"":""Recent and historical (0-1000 BP)"",""time_end_bp"":944,""time_mean_bp"":444,""time_start_bp"":-57,""uncertainty_notes"":[]},""time_end_bp"":944,""time_label"":""-57-944 BP"",""time_mean_bp"":444,""time_start_bp"":-57}]"
radius_40km,40 km,40,14,0.23,Färskesjön,Färskesjön,sweden_lake_registry:622492-150312,56.159037,15.859814,"https://www.google.com/maps/search/?api=1&query=56.159037,15.859814",9,0.2364,7,aggregate; fieldwork shortlist; 10 km; 20 km; 30 km; 40 km; 50 km,622492-150312,water_surface_name,0.459128,sampling_lake_candidate,0.868,,site_review_required,bathymetry and basin depth; sediment preservation and prior coring history; shore access and landowner contact; permit requirements; field hazards and logistics,1,0.0,,,"[{""latitude"":56.166667,""longitude"":15.866667,""source_layer_key"":""landclim-sites"",""source_name"":""Färshesjön"",""source_record"":""landclim-sites:897303:Färshesjön:56.166667:15.866667"",""source_url"":""https://doi.org/10.1594/PANGAEA.897303"",""temporal_semantics"":{""comparability_posture"":""numeric_interval"",""comparison_note"":""This interval describes sequence coverage, not a single pollen observation or an event date."",""duration_years"":6100,""evidence_class"":""pollen_site_sequence_coverage"",""normalized_labels"":[""100-350 BP to 5700-6200 BP""],""original_labels"":[""100-350 BP to 5700-6200 BP""],""precision_posture"":""site_sequence_interval"",""provenance_excerpt"":"""",""provenance_locator"":""SiteData:Färshesjön"",""provenance_path"":""data/landclim/raw/landclim_i_land_cover_types.xlsx"",""schema_version"":""temporal-semantics.v1"",""source_family"":""landclim"",""summary_label"":""100-350 BP to 5700-6200 BP"",""temporal_window_key"":""mid_holocene"",""temporal_window_label"":""Mid-Holocene (3001-6000 BP)"",""time_end_bp"":6200,""time_mean_bp"":3150,""time_start_bp"":100,""uncertainty_notes"":[]},""time_end_bp"":6200,""time_label"":""100-350 BP to 5700-6200 BP"",""time_mean_bp"":3150,""time_start_bp"":100},{""latitude"":56.166667,""longitude"":15.866667,""source_layer_key"":""landclim-sites"",""source_name"":""Färskesjön"",""source_record"":""landclim-sites:937075:FARSK"",""source_url"":""https://doi.org/10.1594/PANGAEA.937075"",""temporal_semantics"":{""comparability_posture"":""numeric_interval"",""comparison_note"":""This interval describes sequence coverage, not a single pollen observation or an event date."",""duration_years"":12262,""evidence_class"":""pollen_site_sequence_coverage"",""normalized_labels"":[""180-12442 BP""],""original_labels"":[""180-12442 BP""],""precision_posture"":""site_sequence_interval"",""provenance_excerpt"":"""",""provenance_locator"":""LANDCLIMII metadata file:FARSK"",""provenance_path"":""data/landclim/raw/landclim_ii_site_metadata.xlsx"",""schema_version"":""temporal-semantics.v1"",""source_family"":""landclim"",""summary_label"":""180-12442 BP"",""temporal_window_key"":""early_holocene_and_older"",""temporal_window_label"":""Early Holocene and older (6001+ BP)"",""time_end_bp"":12442,""time_mean_bp"":6311,""time_start_bp"":180,""uncertainty_notes"":[]},""time_end_bp"":12442,""time_label"":""180-12442 BP"",""time_mean_bp"":6311,""time_start_bp"":180},{""latitude"":56.15907,""longitude"":15.86049,""source_layer_key"":""neotoma-pollen"",""source_name"":""Färskesjön"",""source_record"":""neotoma-pollen:3102"",""source_url"":""https://apps.neotomadb.org/explorer/#/record/site/3102"",""temporal_semantics"":{""comparability_posture"":""numeric_interval_with_caveat"",""comparison_note"":""Neotoma coverage merges more than one BP age-range convention for this site, so the interval remains comparable but should be treated as a site-level summary span."",""duration_years"":12664,""evidence_class"":""neotoma_aggregated_bp_ranges"",""normalized_labels"":[""Calibrated radiocarbon years BP"",""Radiocarbon years BP""],""original_labels"":[""Calibrated radiocarbon years BP"",""Radiocarbon years BP""],""precision_posture"":""site_interval_with_uncertainty"",""provenance_excerpt"":"""",""provenance_locator"":""site_age_ranges"",""provenance_path"":"""",""schema_version"":""temporal-semantics.v1"",""source_family"":""neotoma"",""summary_label"":""66-12730 Calibrated radiocarbon years BP"",""temporal_window_key"":""early_holocene_and_older"",""temporal_window_label"":""Early Holocene and older (6001+ BP)"",""time_end_bp"":12730,""time_mean_bp"":6398,""time_start_bp"":66,""uncertainty_notes"":[""Multiple BP age-range conventions contribute to this site span.""]},""time_end_bp"":12730,""time_label"":""66-12730 Calibrated radiocarbon years BP"",""time_mean_bp"":6398,""time_start_bp"":66},{""latitude"":56.166667,""longitude"":15.866667,""source_layer_key"":""landclim-sites"",""source_name"":""Färskesjön (core 2014)"",""source_record"":""landclim-sites:937075:Farske"",""source_url"":""https://doi.org/10.1594/PANGAEA.937075"",""temporal_semantics"":{""comparability_posture"":""numeric_interval"",""comparison_note"":""This interval describes sequence coverage, not a single pollen observation or an event date."",""duration_years"":3113,""evidence_class"":""pollen_site_sequence_coverage"",""normalized_labels"":[""-58-3055 BP""],""original_labels"":[""-58-3055 BP""],""precision_posture"":""site_sequence_interval"",""provenance_excerpt"":"""",""provenance_locator"":""LANDCLIMII metadata file:Farske"",""provenance_path"":""data/landclim/raw/landclim_ii_site_metadata.xlsx"",""schema_version"":""temporal-semantics.v1"",""source_family"":""landclim"",""summary_label"":""-58-3055 BP"",""temporal_window_key"":""late_holocene"",""temporal_window_label"":""Late Holocene (1001-3000 BP)"",""time_end_bp"":3055,""time_mean_bp"":1498,""time_start_bp"":-58,""uncertainty_notes"":[]},""time_end_bp"":3055,""time_label"":""-58-3055 BP"",""time_mean_bp"":1498,""time_start_bp"":-58}]"
radius_40km,40 km,40,15,0.2079,Östra Ringsjön,Östra Ringsjön,sweden_lake_registry:619626-135565,55.86857,13.549973,"https://www.google.com/maps/search/?api=1&query=55.868570,13.549973",16,0.1619,6,aggregate; fieldwork shortlist; 10 km; 20 km; 40 km; 50 km,619626-135565,water_surface_name,24.728453,sampling_lake_candidate,0.94,,site_review_required,bathymetry and basin depth; sediment preservation and prior coring history; shore access and landowner contact; permit requirements; field hazards and logistics,1,0.0,,,[]
radius_40km,40 km,40,16,0.2068,Jämningen,Jämningen,sweden_lake_registry:624245-140812,56.297527,14.314794,"https://www.google.com/maps/search/?api=1&query=56.297527,14.314794",24,0.1175,3,fieldwork shortlist; 40 km; 50 km,624245-140812,water_surface_name,0.435817,sampling_lake_candidate,0.868,,site_review_required,bathymetry and basin depth; sediment preservation and prior coring history; shore access and landowner contact; permit requirements; field hazards and logistics,1,0.0,,,[]
radius_40km,40 km,40,17,0.2044,Norr-Lången,Norr-Lången,sweden_lake_registry:685509-153253,61.810118,16.426007,"https://www.google.com/maps/search/?api=1&query=61.810118,16.426007",15,0.1668,6,aggregate; fieldwork shortlist; 10 km; 20 km; 30 km; 40 km,685509-153253,water_surface_name,0.114889,compact_lake_candidate,0.63,small mapped water surface; prefer checking basin depth and access before field planning,site_review_required,bathymetry and basin depth; sediment preservation and prior coring history; shore access and landowner contact; permit requirements; field hazards and logistics,1,0.0,,,"[{""latitude"":61.82125,""longitude"":16.40472,""source_layer_key"":""neotoma-pollen"",""source_name"":""Klotjärnen"",""source_record"":""neotoma-pollen:13336"",""source_url"":""https://apps.neotomadb.org/explorer/#/record/site/13336"",""temporal_semantics"":{""comparability_posture"":""numeric_interval"",""comparison_note"":""Neotoma publishes BP age coverage here, but the interval remains a site-level pollen context span rather than a sample-owned event date."",""duration_years"":10072,""evidence_class"":""neotoma_bp_range"",""normalized_labels"":[""Calibrated radiocarbon years BP""],""original_labels"":[""Calibrated radiocarbon years BP""],""precision_posture"":""site_interval"",""provenance_excerpt"":"""",""provenance_locator"":""site_age_ranges"",""provenance_path"":"""",""schema_version"":""temporal-semantics.v1"",""source_family"":""neotoma"",""summary_label"":""0-10072 Calibrated radiocarbon years BP"",""temporal_window_key"":""mid_holocene"",""temporal_window_label"":""Mid-Holocene (3001-6000 BP)"",""time_end_bp"":10072,""time_mean_bp"":5036,""time_start_bp"":0,""uncertainty_notes"":[]},""time_end_bp"":10072,""time_label"":""0-10072 Calibrated radiocarbon years BP"",""time_mean_bp"":5036,""time_start_bp"":0}]"
radius_40km,40 km,40,18,0.1981,Ungtjärnen,Ungtjärnen,sweden_lake_registry:666346-150259,60.089033,15.850291,"https://www.google.com/maps/search/?api=1&query=60.089033,15.850291",11,0.2037,7,aggregate; fieldwork shortlist; 10 km; 20 km; 30 km; 40 km; 50 km,666346-150259,water_surface_name,0.101555,compact_lake_candidate,0.63,small mapped water surface; prefer checking basin depth and access before field planning,site_review_required,bathymetry and basin depth; sediment preservation and prior coring history; shore access and landowner contact; permit requirements; field hazards and logistics,1,0.0,,,"[{""latitude"":60.083333,""longitude"":15.833333,""source_layer_key"":""landclim-sites"",""source_name"":""Gilltjärnen"",""source_record"":""landclim-sites:897303:Gilltjärnen:60.083333:15.833333"",""source_url"":""https://doi.org/10.1594/PANGAEA.897303"",""temporal_semantics"":{""comparability_posture"":""numeric_interval"",""comparison_note"":""This interval describes sequence coverage, not a single pollen observation or an event date."",""duration_years"":6200,""evidence_class"":""pollen_site_sequence_coverage"",""normalized_labels"":[""0-100 BP to 5700-6200 BP""],""original_labels"":[""0-100 BP to 5700-6200 BP""],""precision_posture"":""site_sequence_interval"",""provenance_excerpt"":"""",""provenance_locator"":""SiteData:Gilltjärnen"",""provenance_path"":""data/landclim/raw/landclim_i_land_cover_types.xlsx"",""schema_version"":""temporal-semantics.v1"",""source_family"":""landclim"",""summary_label"":""0-100 BP to 5700-6200 BP"",""temporal_window_key"":""mid_holocene"",""temporal_window_label"":""Mid-Holocene (3001-6000 BP)"",""time_end_bp"":6200,""time_mean_bp"":3100,""time_start_bp"":0,""uncertainty_notes"":[]},""time_end_bp"":6200,""time_label"":""0-100 BP to 5700-6200 BP"",""time_mean_bp"":3100,""time_start_bp"":0},{""latitude"":60.08333,""longitude"":15.83333,""source_layer_key"":""neotoma-pollen"",""source_name"":""Gilltjärnen"",""source_record"":""neotoma-pollen:28866"",""source_url"":""https://apps.neotomadb.org/explorer/#/record/site/28866"",""temporal_semantics"":{""comparability_posture"":""numeric_interval"",""comparison_note"":""Neotoma publishes BP age coverage here, but the interval remains a site-level pollen context span rather than a sample-owned event date."",""duration_years"":11100,""evidence_class"":""neotoma_bp_range"",""normalized_labels"":[""Calibrated radiocarbon years BP""],""original_labels"":[""Calibrated radiocarbon years BP""],""precision_posture"":""site_interval"",""provenance_excerpt"":"""",""provenance_locator"":""site_age_ranges"",""provenance_path"":"""",""schema_version"":""temporal-semantics.v1"",""source_family"":""neotoma"",""summary_label"":""0-11100 Calibrated radiocarbon years BP"",""temporal_window_key"":""mid_holocene"",""temporal_window_label"":""Mid-Holocene (3001-6000 BP)"",""time_end_bp"":11100,""time_mean_bp"":5550,""time_start_bp"":0,""uncertainty_notes"":[]},""time_end_bp"":11100,""time_label"":""0-11100 Calibrated radiocarbon years BP"",""time_mean_bp"":5550,""time_start_bp"":0}]"
radius_40km,40 km,40,19,0.1917,Långetjärn,Långetjärn,sweden_lake_registry:640460-129466,57.723622,12.35907,"https://www.google.com/maps/search/?api=1&query=57.723622,12.359070",20,0.1583,6,aggregate; fieldwork shortlist; 10 km; 20 km; 30 km; 40 km,640460-129466,water_surface_name,0.193946,sampling_lake_candidate,0.868,,site_review_required,bathymetry and basin depth; sediment preservation and prior coring history; shore access and landowner contact; permit requirements; field hazards and logistics,1,0.0,,,"[{""latitude"":57.709,""longitude"":12.34641,""source_layer_key"":""neotoma-pollen"",""source_name"":""Björksjödamm"",""source_record"":""neotoma-pollen:3020"",""source_url"":""https://apps.neotomadb.org/explorer/#/record/site/3020"",""temporal_semantics"":{""comparability_posture"":""numeric_interval_with_caveat"",""comparison_note"":""Neotoma coverage merges more than one BP age-range convention for this site, so the interval remains comparable but should be treated as a site-level summary span."",""duration_years"":6094,""evidence_class"":""neotoma_aggregated_bp_ranges"",""normalized_labels"":[""Calibrated radiocarbon years BP"",""Radiocarbon years BP""],""original_labels"":[""Calibrated radiocarbon years BP"",""Radiocarbon years BP""],""precision_posture"":""site_interval_with_uncertainty"",""provenance_excerpt"":"""",""provenance_locator"":""site_age_ranges"",""provenance_path"":"""",""schema_version"":""temporal-semantics.v1"",""source_family"":""neotoma"",""summary_label"":""9386-15480 Calibrated radiocarbon years BP"",""temporal_window_key"":""early_holocene_and_older"",""temporal_window_label"":""Early Holocene and older (6001+ BP)"",""time_end_bp"":15480,""time_mean_bp"":12433,""time_start_bp"":9386,""uncertainty_notes"":[""Multiple BP age-range conventions contribute to this site span.""]},""time_end_bp"":15480,""time_label"":""9386-15480 Calibrated radiocarbon years BP"",""time_mean_bp"":12433,""time_start_bp"":9386}]"
radius_40km,40 km,40,20,0.1698,Rummehölj,Rummehölj,sweden_lake_registry:632142-151758,57.017085,16.089132,"https://www.google.com/maps/search/?api=1&query=57.017085,16.089132",14,0.1849,6,aggregate; 10 km; 20 km; 30 km; 40 km; 50 km,632142-151758,water_surface_name,0.076319,compact_lake_candidate,0.63,small mapped water surface; prefer checking basin depth and access before field planning,site_review_required,bathymetry and basin depth; sediment preservation and prior coring history; shore access and landowner contact; permit requirements; field hazards and logistics,1,0.0,,,"[{""latitude"":57.016667,""longitude"":16.116667,""source_layer_key"":""landclim-sites"",""source_name"":""Skärsgölarna"",""source_record"":""landclim-sites:897303:Skärsgölarna:57.016667:16.116667"",""source_url"":""https://doi.org/10.1594/PANGAEA.897303"",""temporal_semantics"":{""comparability_posture"":""numeric_interval"",""comparison_note"":""This interval describes sequence coverage, not a single pollen observation or an event date."",""duration_years"":6200,""evidence_class"":""pollen_site_sequence_coverage"",""normalized_labels"":[""0-100 BP to 5700-6200 BP""],""original_labels"":[""0-100 BP to 5700-6200 BP""],""precision_posture"":""site_sequence_interval"",""provenance_excerpt"":"""",""provenance_locator"":""SiteData:Skärsgölarna"",""provenance_path"":""data/landclim/raw/landclim_i_land_cover_types.xlsx"",""schema_version"":""temporal-semantics.v1"",""source_family"":""landclim"",""summary_label"":""0-100 BP to 5700-6200 BP"",""temporal_window_key"":""mid_holocene"",""temporal_window_label"":""Mid-Holocene (3001-6000 BP)"",""time_end_bp"":6200,""time_mean_bp"":3100,""time_start_bp"":0,""uncertainty_notes"":[]},""time_end_bp"":6200,""time_label"":""0-100 BP to 5700-6200 BP"",""time_mean_bp"":3100,""time_start_bp"":0},{""latitude"":57.016667,""longitude"":16.116667,""source_layer_key"":""landclim-sites"",""source_name"":""Skärsgölarna"",""source_record"":""landclim-sites:937075:SKAR"",""source_url"":""https://doi.org/10.1594/PANGAEA.937075"",""temporal_semantics"":{""comparability_posture"":""numeric_interval"",""comparison_note"":""This interval describes sequence coverage, not a single pollen observation or an event date."",""duration_years"":5852,""evidence_class"":""pollen_site_sequence_coverage"",""normalized_labels"":[""-46-5806 BP""],""original_labels"":[""-46-5806 BP""],""precision_posture"":""site_sequence_interval"",""provenance_excerpt"":"""",""provenance_locator"":""LANDCLIMII metadata file:SKAR"",""provenance_path"":""data/landclim/raw/landclim_ii_site_metadata.xlsx"",""schema_version"":""temporal-semantics.v1"",""source_family"":""landclim"",""summary_label"":""-46-5806 BP"",""temporal_window_key"":""late_holocene"",""temporal_window_label"":""Late Holocene (1001-3000 BP)"",""time_end_bp"":5806,""time_mean_bp"":2880,""time_start_bp"":-46,""uncertainty_notes"":[]},""time_end_bp"":5806,""time_label"":""-46-5806 BP"",""time_mean_bp"":2880,""time_start_bp"":-46}]"
radius_40km,40 km,40,21,0.1636,Örevattnet,Örevattnet,sweden_lake_registry:649958-125585,58.552564,11.60074,"https://www.google.com/maps/search/?api=1&query=58.552564,11.600740",23,0.1197,1,fieldwork shortlist,649958-125585,water_surface_name,0.324934,sampling_lake_candidate,0.868,,site_review_required,bathymetry and basin depth; sediment preservation and prior coring history; shore access and landowner contact; permit requirements; field hazards and logistics,1,0.0,,,[]
radius_40km,40 km,40,22,0.1501,Bergakyllen,Bergakyllen,sweden_lake_registry:633992-152030,57.186058,16.143141,"https://www.google.com/maps/search/?api=1&query=57.186058,16.143141",18,0.1586,5,aggregate; 10 km; 20 km; 30 km; 50 km,633992-152030,water_surface_name,0.105502,compact_lake_candidate,0.63,small mapped water surface; prefer checking basin depth and access before field planning,site_review_required,bathymetry and basin depth; sediment preservation and prior coring history; shore access and landowner contact; permit requirements; field hazards and logistics,1,0.0,,,"[{""latitude"":57.18367,""longitude"":16.14528,""source_layer_key"":""neotoma-pollen"",""source_name"":""Bergakyllen"",""source_record"":""neotoma-pollen:3009"",""source_url"":""https://apps.neotomadb.org/explorer/#/record/site/3009"",""temporal_semantics"":{""comparability_posture"":""numeric_interval_with_caveat"",""comparison_note"":""Neotoma coverage merges more than one BP age-range convention for this site, so the interval remains comparable but should be treated as a site-level summary span."",""duration_years"":14447,""evidence_class"":""neotoma_aggregated_bp_ranges"",""normalized_labels"":[""Calibrated radiocarbon years BP"",""Radiocarbon years BP""],""original_labels"":[""Calibrated radiocarbon years BP"",""Radiocarbon years BP""],""precision_posture"":""site_interval_with_uncertainty"",""provenance_excerpt"":"""",""provenance_locator"":""site_age_ranges"",""provenance_path"":"""",""schema_version"":""temporal-semantics.v1"",""source_family"":""neotoma"",""summary_label"":""8464-22911 Calibrated radiocarbon years BP"",""temporal_window_key"":""early_holocene_and_older"",""temporal_window_label"":""Early Holocene and older (6001+ BP)"",""time_end_bp"":22911,""time_mean_bp"":15688,""time_start_bp"":8464,""uncertainty_notes"":[""Multiple BP age-range conventions contribute to this site span.""]},""time_end_bp"":22911,""time_label"":""8464-22911 Calibrated radiocarbon years BP"",""time_mean_bp"":15688,""time_start_bp"":8464},{""latitude"":57.1894,""longitude"":16.15266,""source_layer_key"":""neotoma-pollen"",""source_name"":""Skvarran"",""source_record"":""neotoma-pollen:3419"",""source_url"":""https://apps.neotomadb.org/explorer/#/record/site/3419"",""temporal_semantics"":{""comparability_posture"":""numeric_interval_with_caveat"",""comparison_note"":""Neotoma coverage merges more than one BP age-range convention for this site, so the interval remains comparable but should be treated as a site-level summary span."",""duration_years"":9383,""evidence_class"":""neotoma_aggregated_bp_ranges"",""normalized_labels"":[""Calibrated radiocarbon years BP"",""Radiocarbon years BP""],""original_labels"":[""Calibrated radiocarbon years BP"",""Radiocarbon years BP""],""precision_posture"":""site_interval_with_uncertainty"",""provenance_excerpt"":"""",""provenance_locator"":""site_age_ranges"",""provenance_path"":"""",""schema_version"":""temporal-semantics.v1"",""source_family"":""neotoma"",""summary_label"":""9807-19190 Calibrated radiocarbon years BP"",""temporal_window_key"":""early_holocene_and_older"",""temporal_window_label"":""Early Holocene and older (6001+ BP)"",""time_end_bp"":19190,""time_mean_bp"":14498,""time_start_bp"":9807,""uncertainty_notes"":[""Multiple BP age-range conventions contribute to this site span.""]},""time_end_bp"":19190,""time_label"":""9807-19190 Calibrated radiocarbon years BP"",""time_mean_bp"":14498,""time_start_bp"":9807}]"
radius_40km,40 km,40,23,0.1501,Klogöl,Klogöl,sweden_lake_registry:634119-152099,57.195047,16.149861,"https://www.google.com/maps/search/?api=1&query=57.195047,16.149861",19,0.1585,5,aggregate; 10 km; 20 km; 30 km; 50 km,634119-152099,water_surface_name,0.053239,compact_lake_candidate,0.63,small mapped water surface; prefer checking basin depth and access before field planning,site_review_required,bathymetry and basin depth; sediment preservation and prior coring history; shore access and landowner contact; permit requirements; field hazards and logistics,1,0.0,,,"[{""latitude"":57.18367,""longitude"":16.14528,""source_layer_key"":""neotoma-pollen"",""source_name"":""Bergakyllen"",""source_record"":""neotoma-pollen:3009"",""source_url"":""https://apps.neotomadb.org/explorer/#/record/site/3009"",""temporal_semantics"":{""comparability_posture"":""numeric_interval_with_caveat"",""comparison_note"":""Neotoma coverage merges more than one BP age-range convention for this site, so the interval remains comparable but should be treated as a site-level summary span."",""duration_years"":14447,""evidence_class"":""neotoma_aggregated_bp_ranges"",""normalized_labels"":[""Calibrated radiocarbon years BP"",""Radiocarbon years BP""],""original_labels"":[""Calibrated radiocarbon years BP"",""Radiocarbon years BP""],""precision_posture"":""site_interval_with_uncertainty"",""provenance_excerpt"":"""",""provenance_locator"":""site_age_ranges"",""provenance_path"":"""",""schema_version"":""temporal-semantics.v1"",""source_family"":""neotoma"",""summary_label"":""8464-22911 Calibrated radiocarbon years BP"",""temporal_window_key"":""early_holocene_and_older"",""temporal_window_label"":""Early Holocene and older (6001+ BP)"",""time_end_bp"":22911,""time_mean_bp"":15688,""time_start_bp"":8464,""uncertainty_notes"":[""Multiple BP age-range conventions contribute to this site span.""]},""time_end_bp"":22911,""time_label"":""8464-22911 Calibrated radiocarbon years BP"",""time_mean_bp"":15688,""time_start_bp"":8464},{""latitude"":57.1894,""longitude"":16.15266,""source_layer_key"":""neotoma-pollen"",""source_name"":""Skvarran"",""source_record"":""neotoma-pollen:3419"",""source_url"":""https://apps.neotomadb.org/explorer/#/record/site/3419"",""temporal_semantics"":{""comparability_posture"":""numeric_interval_with_caveat"",""comparison_note"":""Neotoma coverage merges more than one BP age-range convention for this site, so the interval remains comparable but should be treated as a site-level summary span."",""duration_years"":9383,""evidence_class"":""neotoma_aggregated_bp_ranges"",""normalized_labels"":[""Calibrated radiocarbon years BP"",""Radiocarbon years BP""],""original_labels"":[""Calibrated radiocarbon years BP"",""Radiocarbon years BP""],""precision_posture"":""site_interval_with_uncertainty"",""provenance_excerpt"":"""",""provenance_locator"":""site_age_ranges"",""provenance_path"":"""",""schema_version"":""temporal-semantics.v1"",""source_family"":""neotoma"",""summary_label"":""9807-19190 Calibrated radiocarbon years BP"",""temporal_window_key"":""early_holocene_and_older"",""temporal_window_label"":""Early Holocene and older (6001+ BP)"",""time_end_bp"":19190,""time_mean_bp"":14498,""time_start_bp"":9807,""uncertainty_notes"":[""Multiple BP age-range conventions contribute to this site span.""]},""time_end_bp"":19190,""time_label"":""9807-19190 Calibrated radiocarbon years BP"",""time_mean_bp"":14498,""time_start_bp"":9807}]"
radius_40km,40 km,40,24,0.1327,Värsjön,Värsjön,sweden_lake_registry:624606-135677,56.312348,13.46978,"https://www.google.com/maps/search/?api=1&query=56.312348,13.469780",22,0.1325,2,fieldwork shortlist; 10 km,624606-135677,water_surface_name,2.660824,sampling_lake_candidate,1.0,,site_review_required,bathymetry and basin depth; sediment preservation and prior coring history; shore access and landowner contact; permit requirements; field hazards and logistics,1,0.0,,,[]
radius_40km,40 km,40,25,0.0972,Kyperedssjö,Kyperedssjö,sweden_lake_registry:640726-132684,57.757581,12.892382,"https://www.google.com/maps/search/?api=1&query=57.757581,12.892382",26,0.0727,0,,640726-132684,water_surface_name,0.071276,compact_lake_candidate,0.63,small mapped water surface; prefer checking basin depth and access before field planning,site_review_required,bathymetry and basin depth; sediment preservation and prior coring history; shore access and landowner contact; permit requirements; field hazards and logistics,1,0.0,,,[]
radius_40km,40 km,40,26,0.0784,Kyrksjön,Kyrksjön,sweden_lake_registry:653734-145755,58.95646,15.070704,"https://www.google.com/maps/search/?api=1&query=58.956460,15.070704",25,0.0871,1,fieldwork shortlist,653734-145755,water_surface_name,0.219089,sampling_lake_candidate,0.868,,site_review_required,bathymetry and basin depth; sediment preservation and prior coring history; shore access and landowner contact; permit requirements; field hazards and logistics,1,0.0,,,[]
radius_50km,50 km,50,1,0.7829,Flarken,Flarken,sweden_lake_registry:649459-137568,58.556811,13.672884,"https://www.google.com/maps/search/?api=1&query=58.556811,13.672884",5,0.3726,7,aggregate; fieldwork shortlist; 10 km; 20 km; 30 km; 40 km; 50 km,649459-137568,water_surface_name,0.165887,sampling_lake_candidate,0.868,,site_review_required,bathymetry and basin depth; sediment preservation and prior coring history; shore access and landowner contact; permit requirements; field hazards and logistics,1,0.0,,,"[{""latitude"":58.583333,""longitude"":13.666667,""source_layer_key"":""landclim-sites"",""source_name"":""Flarken"",""source_record"":""landclim-sites:897303:Lake Flarken:58.583333:13.666667"",""source_url"":""https://doi.org/10.1594/PANGAEA.897303"",""temporal_semantics"":{""comparability_posture"":""numeric_interval"",""comparison_note"":""This interval describes sequence coverage, not a single pollen observation or an event date."",""duration_years"":6200,""evidence_class"":""pollen_site_sequence_coverage"",""normalized_labels"":[""0-100 BP to 5700-6200 BP""],""original_labels"":[""0-100 BP to 5700-6200 BP""],""precision_posture"":""site_sequence_interval"",""provenance_excerpt"":"""",""provenance_locator"":""SiteData:Lake Flarken"",""provenance_path"":""data/landclim/raw/landclim_i_land_cover_types.xlsx"",""schema_version"":""temporal-semantics.v1"",""source_family"":""landclim"",""summary_label"":""0-100 BP to 5700-6200 BP"",""temporal_window_key"":""mid_holocene"",""temporal_window_label"":""Mid-Holocene (3001-6000 BP)"",""time_end_bp"":6200,""time_mean_bp"":3100,""time_start_bp"":0,""uncertainty_notes"":[]},""time_end_bp"":6200,""time_label"":""0-100 BP to 5700-6200 BP"",""time_mean_bp"":3100,""time_start_bp"":0},{""latitude"":58.583333,""longitude"":13.666667,""source_layer_key"":""landclim-sites"",""source_name"":""Flarken"",""source_record"":""landclim-sites:937075:FLA"",""source_url"":""https://doi.org/10.1594/PANGAEA.937075"",""temporal_semantics"":{""comparability_posture"":""numeric_interval"",""comparison_note"":""This interval describes sequence coverage, not a single pollen observation or an event date."",""duration_years"":12246,""evidence_class"":""pollen_site_sequence_coverage"",""normalized_labels"":[""-50-12196 BP""],""original_labels"":[""-50-12196 BP""],""precision_posture"":""site_sequence_interval"",""provenance_excerpt"":"""",""provenance_locator"":""LANDCLIMII metadata file:FLA"",""provenance_path"":""data/landclim/raw/landclim_ii_site_metadata.xlsx"",""schema_version"":""temporal-semantics.v1"",""source_family"":""landclim"",""summary_label"":""-50-12196 BP"",""temporal_window_key"":""early_holocene_and_older"",""temporal_window_label"":""Early Holocene and older (6001+ BP)"",""time_end_bp"":12196,""time_mean_bp"":6073,""time_start_bp"":-50,""uncertainty_notes"":[]},""time_end_bp"":12196,""time_label"":""-50-12196 BP"",""time_mean_bp"":6073,""time_start_bp"":-50},{""latitude"":58.55679,""longitude"":13.67319,""source_layer_key"":""neotoma-pollen"",""source_name"":""Flarken"",""source_record"":""neotoma-pollen:3107"",""source_url"":""https://apps.neotomadb.org/explorer/#/record/site/3107"",""temporal_semantics"":{""comparability_posture"":""numeric_interval_with_caveat"",""comparison_note"":""Neotoma coverage merges more than one BP age-range convention for this site, so the interval remains comparable but should be treated as a site-level summary span."",""duration_years"":12439,""evidence_class"":""neotoma_aggregated_bp_ranges"",""normalized_labels"":[""Calibrated radiocarbon years BP"",""Radiocarbon years BP""],""original_labels"":[""Calibrated radiocarbon years BP"",""Radiocarbon years BP""],""precision_posture"":""site_interval_with_uncertainty"",""provenance_excerpt"":"""",""provenance_locator"":""site_age_ranges"",""provenance_path"":"""",""schema_version"":""temporal-semantics.v1"",""source_family"":""neotoma"",""summary_label"":""113-12471 Calibrated radiocarbon years BP"",""temporal_window_key"":""early_holocene_and_older"",""temporal_window_label"":""Early Holocene and older (6001+ BP)"",""time_end_bp"":12471,""time_mean_bp"":6252,""time_start_bp"":32,""uncertainty_notes"":[""Multiple BP age-range conventions contribute to this site span.""]},""time_end_bp"":12471,""time_label"":""113-12471 Calibrated radiocarbon years BP"",""time_mean_bp"":6252,""time_start_bp"":32}]"
radius_50km,50 km,50,2,0.7579,Mullsjön,Mullsjön,sweden_lake_registry:646681-140779,58.317875,14.210785,"https://www.google.com/maps/search/?api=1&query=58.317875,14.210785",8,0.2534,7,aggregate; fieldwork shortlist; 10 km; 20 km; 30 km; 40 km; 50 km,646681-140779,water_surface_name,3.918493,sampling_lake_candidate,1.0,,site_review_required,bathymetry and basin depth; sediment preservation and prior coring history; shore access and landowner contact; permit requirements; field hazards and logistics,1,0.0,,,"[{""latitude"":58.31761,""longitude"":14.21136,""source_layer_key"":""neotoma-pollen"",""source_name"":""Mullsjön"",""source_record"":""neotoma-pollen:3303"",""source_url"":""https://apps.neotomadb.org/explorer/#/record/site/3303"",""temporal_semantics"":{""comparability_posture"":""numeric_interval_with_caveat"",""comparison_note"":""Neotoma coverage merges more than one BP age-range convention for this site, so the interval remains comparable but should be treated as a site-level summary span."",""duration_years"":8806,""evidence_class"":""neotoma_aggregated_bp_ranges"",""normalized_labels"":[""Calibrated radiocarbon years BP"",""Radiocarbon years BP""],""original_labels"":[""Calibrated radiocarbon years BP"",""Radiocarbon years BP""],""precision_posture"":""site_interval_with_uncertainty"",""provenance_excerpt"":"""",""provenance_locator"":""site_age_ranges"",""provenance_path"":"""",""schema_version"":""temporal-semantics.v1"",""source_family"":""neotoma"",""summary_label"":""9526-17322 Calibrated radiocarbon years BP"",""temporal_window_key"":""early_holocene_and_older"",""temporal_window_label"":""Early Holocene and older (6001+ BP)"",""time_end_bp"":17322,""time_mean_bp"":12919,""time_start_bp"":8516,""uncertainty_notes"":[""Multiple BP age-range conventions contribute to this site span.""]},""time_end_bp"":17322,""time_label"":""9526-17322 Calibrated radiocarbon years BP"",""time_mean_bp"":12919,""time_start_bp"":8516}]"
radius_50km,50 km,50,3,0.689,Bjärsjön,Bjärsjön,sweden_lake_registry:646994-137366,58.334534,13.65652,"https://www.google.com/maps/search/?api=1&query=58.334534,13.656520",1,0.707,7,aggregate; fieldwork shortlist; 10 km; 20 km; 30 km; 40 km; 50 km,646994-137366,water_surface_name,0.132579,compact_lake_candidate,0.63,small mapped water surface; prefer checking basin depth and access before field planning,site_review_required,bathymetry and basin depth; sediment preservation and prior coring history; shore access and landowner contact; permit requirements; field hazards and logistics,1,0.0,,,[]
radius_50km,50 km,50,4,0.6576,Häckebergasjön,Häckebergasjön,sweden_lake_registry:616410-134992,55.577162,13.422814,"https://www.google.com/maps/search/?api=1&query=55.577162,13.422814",2,0.4204,7,aggregate; fieldwork shortlist; 10 km; 20 km; 30 km; 40 km; 50 km,616410-134992,water_surface_name,0.758596,sampling_lake_candidate,1.0,,site_review_required,bathymetry and basin depth; sediment preservation and prior coring history; shore access and landowner contact; permit requirements; field hazards and logistics,1,0.0,,,"[{""latitude"":55.575556,""longitude"":13.4375,""source_layer_key"":""landclim-sites"",""source_name"":""Bökesjön"",""source_record"":""landclim-sites:897303:Bökesjön:55.575556:13.437500"",""source_url"":""https://doi.org/10.1594/PANGAEA.897303"",""temporal_semantics"":{""comparability_posture"":""numeric_interval"",""comparison_note"":""This interval describes sequence coverage, not a single pollen observation or an event date."",""duration_years"":3200,""evidence_class"":""pollen_site_sequence_coverage"",""normalized_labels"":[""0-100 BP to 2700-3200 BP""],""original_labels"":[""0-100 BP to 2700-3200 BP""],""precision_posture"":""site_sequence_interval"",""provenance_excerpt"":"""",""provenance_locator"":""SiteData:Bökesjön"",""provenance_path"":""data/landclim/raw/landclim_i_land_cover_types.xlsx"",""schema_version"":""temporal-semantics.v1"",""source_family"":""landclim"",""summary_label"":""0-100 BP to 2700-3200 BP"",""temporal_window_key"":""late_holocene"",""temporal_window_label"":""Late Holocene (1001-3000 BP)"",""time_end_bp"":3200,""time_mean_bp"":1600,""time_start_bp"":0,""uncertainty_notes"":[]},""time_end_bp"":3200,""time_label"":""0-100 BP to 2700-3200 BP"",""time_mean_bp"":1600,""time_start_bp"":0},{""latitude"":55.575556,""longitude"":13.4375,""source_layer_key"":""landclim-sites"",""source_name"":""Bökesjön"",""source_record"":""landclim-sites:900966:GC18:Bökesjön"",""source_url"":""https://doi.org/10.1594/PANGAEA.900966"",""temporal_semantics"":{""comparability_posture"":""numeric_interval"",""comparison_note"":""This interval describes sequence coverage, not a single pollen observation or an event date."",""duration_years"":11700,""evidence_class"":""pollen_site_sequence_coverage"",""normalized_labels"":[""0-11700 BP""],""original_labels"":[""0-11700 BP""],""precision_posture"":""site_sequence_interval"",""provenance_excerpt"":"""",""provenance_locator"":""Metadata:Bökesjön"",""provenance_path"":""data/landclim/raw/marquer_2017_reveals_taxa_grid_cells.xlsx"",""schema_version"":""temporal-semantics.v1"",""source_family"":""landclim"",""summary_label"":""0-11700 BP"",""temporal_window_key"":""mid_holocene"",""temporal_window_label"":""Mid-Holocene (3001-6000 BP)"",""time_end_bp"":11700,""time_mean_bp"":5850,""time_start_bp"":0,""uncertainty_notes"":[]},""time_end_bp"":11700,""time_label"":""0-11700 BP"",""time_mean_bp"":5850,""time_start_bp"":0},{""latitude"":55.575556,""longitude"":13.4375,""source_layer_key"":""landclim-sites"",""source_name"":""Bökesjön"",""source_record"":""landclim-sites:937075:BOKE"",""source_url"":""https://doi.org/10.1594/PANGAEA.937075"",""temporal_semantics"":{""comparability_posture"":""numeric_interval"",""comparison_note"":""This interval describes sequence coverage, not a single pollen observation or an event date."",""duration_years"":5645,""evidence_class"":""pollen_site_sequence_coverage"",""normalized_labels"":[""-40-5605 BP""],""original_labels"":[""-40-5605 BP""],""precision_posture"":""site_sequence_interval"",""provenance_excerpt"":"""",""provenance_locator"":""LANDCLIMII metadata file:BOKE"",""provenance_path"":""data/landclim/raw/landclim_ii_site_metadata.xlsx"",""schema_version"":""temporal-semantics.v1"",""source_family"":""landclim"",""summary_label"":""-40-5605 BP"",""temporal_window_key"":""late_holocene"",""temporal_window_label"":""Late Holocene (1001-3000 BP)"",""time_end_bp"":5605,""time_mean_bp"":2782,""time_start_bp"":-40,""uncertainty_notes"":[]},""time_end_bp"":5605,""time_label"":""-40-5605 BP"",""time_mean_bp"":2782,""time_start_bp"":-40},{""latitude"":55.57556,""longitude"":13.4375,""source_layer_key"":""neotoma-pollen"",""source_name"":""Bökesjön"",""source_record"":""neotoma-pollen:28872"",""source_url"":""https://apps.neotomadb.org/explorer/#/record/site/28872"",""temporal_semantics"":{""comparability_posture"":""numeric_interval"",""comparison_note"":""Neotoma publishes BP age coverage here, but the interval remains a site-level pollen context span rather than a sample-owned event date."",""duration_years"":5605,""evidence_class"":""neotoma_bp_range"",""normalized_labels"":[""Calibrated radiocarbon years BP""],""original_labels"":[""Calibrated radiocarbon years BP""],""precision_posture"":""site_interval"",""provenance_excerpt"":"""",""provenance_locator"":""site_age_ranges"",""provenance_path"":"""",""schema_version"":""temporal-semantics.v1"",""source_family"":""neotoma"",""summary_label"":""0-5605 Calibrated radiocarbon years BP"",""temporal_window_key"":""late_holocene"",""temporal_window_label"":""Late Holocene (1001-3000 BP)"",""time_end_bp"":5605,""time_mean_bp"":2802,""time_start_bp"":0,""uncertainty_notes"":[]},""time_end_bp"":5605,""time_label"":""0-5605 Calibrated radiocarbon years BP"",""time_mean_bp"":2802,""time_start_bp"":0}]"
radius_50km,50 km,50,5,0.6224,Krageholmssjön,Krageholmssjön,sweden_lake_registry:615375-137087,55.501715,13.744603,"https://www.google.com/maps/search/?api=1&query=55.501715,13.744603",4,0.3843,7,aggregate; fieldwork shortlist; 10 km; 20 km; 30 km; 40 km; 50 km,615375-137087,water_surface_name,2.050682,sampling_lake_candidate,1.0,,site_review_required,bathymetry and basin depth; sediment preservation and prior coring history; shore access and landowner contact; permit requirements; field hazards and logistics,1,0.0,,,"[{""latitude"":55.5,""longitude"":13.733333,""source_layer_key"":""landclim-sites"",""source_name"":""Krageholmssjön"",""source_record"":""landclim-sites:897303:Krageholmssjön:55.500000:13.733333"",""source_url"":""https://doi.org/10.1594/PANGAEA.897303"",""temporal_semantics"":{""comparability_posture"":""numeric_interval"",""comparison_note"":""This interval describes sequence coverage, not a single pollen observation or an event date."",""duration_years"":6200,""evidence_class"":""pollen_site_sequence_coverage"",""normalized_labels"":[""0-100 BP to 5700-6200 BP""],""original_labels"":[""0-100 BP to 5700-6200 BP""],""precision_posture"":""site_sequence_interval"",""provenance_excerpt"":"""",""provenance_locator"":""SiteData:Krageholmssjön"",""provenance_path"":""data/landclim/raw/landclim_i_land_cover_types.xlsx"",""schema_version"":""temporal-semantics.v1"",""source_family"":""landclim"",""summary_label"":""0-100 BP to 5700-6200 BP"",""temporal_window_key"":""mid_holocene"",""temporal_window_label"":""Mid-Holocene (3001-6000 BP)"",""time_end_bp"":6200,""time_mean_bp"":3100,""time_start_bp"":0,""uncertainty_notes"":[]},""time_end_bp"":6200,""time_label"":""0-100 BP to 5700-6200 BP"",""time_mean_bp"":3100,""time_start_bp"":0},{""latitude"":55.5,""longitude"":13.733333,""source_layer_key"":""landclim-sites"",""source_name"":""Krageholmssjön"",""source_record"":""landclim-sites:900966:GC18:Krageholmssjön"",""source_url"":""https://doi.org/10.1594/PANGAEA.900966"",""temporal_semantics"":{""comparability_posture"":""numeric_interval"",""comparison_note"":""This interval describes sequence coverage, not a single pollen observation or an event date."",""duration_years"":11700,""evidence_class"":""pollen_site_sequence_coverage"",""normalized_labels"":[""0-11700 BP""],""original_labels"":[""0-11700 BP""],""precision_posture"":""site_sequence_interval"",""provenance_excerpt"":"""",""provenance_locator"":""Metadata:Krageholmssjön"",""provenance_path"":""data/landclim/raw/marquer_2017_reveals_taxa_grid_cells.xlsx"",""schema_version"":""temporal-semantics.v1"",""source_family"":""landclim"",""summary_label"":""0-11700 BP"",""temporal_window_key"":""mid_holocene"",""temporal_window_label"":""Mid-Holocene (3001-6000 BP)"",""time_end_bp"":11700,""time_mean_bp"":5850,""time_start_bp"":0,""uncertainty_notes"":[]},""time_end_bp"":11700,""time_label"":""0-11700 BP"",""time_mean_bp"":5850,""time_start_bp"":0},{""latitude"":55.5,""longitude"":13.733333,""source_layer_key"":""landclim-sites"",""source_name"":""Krageholmssjön"",""source_record"":""landclim-sites:937075:KRA"",""source_url"":""https://doi.org/10.1594/PANGAEA.937075"",""temporal_semantics"":{""comparability_posture"":""numeric_interval"",""comparison_note"":""This interval describes sequence coverage, not a single pollen observation or an event date."",""duration_years"":11589,""evidence_class"":""pollen_site_sequence_coverage"",""normalized_labels"":[""11-11600 BP""],""original_labels"":[""11-11600 BP""],""precision_posture"":""site_sequence_interval"",""provenance_excerpt"":"""",""provenance_locator"":""LANDCLIMII metadata file:KRA"",""provenance_path"":""data/landclim/raw/landclim_ii_site_metadata.xlsx"",""schema_version"":""temporal-semantics.v1"",""source_family"":""landclim"",""summary_label"":""11-11600 BP"",""temporal_window_key"":""mid_holocene"",""temporal_window_label"":""Mid-Holocene (3001-6000 BP)"",""time_end_bp"":11600,""time_mean_bp"":5806,""time_start_bp"":11,""uncertainty_notes"":[]},""time_end_bp"":11600,""time_label"":""11-11600 BP"",""time_mean_bp"":5806,""time_start_bp"":11},{""latitude"":55.50078,""longitude"":13.74492,""source_layer_key"":""neotoma-pollen"",""source_name"":""Krageholmssjön"",""source_record"":""neotoma-pollen:3204"",""source_url"":""https://apps.neotomadb.org/explorer/#/record/site/3204"",""temporal_semantics"":{""comparability_posture"":""numeric_interval_with_caveat"",""comparison_note"":""Neotoma coverage merges more than one BP age-range convention for this site, so the interval remains comparable but should be treated as a site-level summary span."",""duration_years"":12209,""evidence_class"":""neotoma_aggregated_bp_ranges"",""normalized_labels"":[""Calibrated radiocarbon years BP"",""Radiocarbon years BP""],""original_labels"":[""Calibrated radiocarbon years BP"",""Radiocarbon years BP""],""precision_posture"":""site_interval_with_uncertainty"",""provenance_excerpt"":"""",""provenance_locator"":""site_age_ranges"",""provenance_path"":"""",""schema_version"":""temporal-semantics.v1"",""source_family"":""neotoma"",""summary_label"":""0-12209 Calibrated radiocarbon years BP"",""temporal_window_key"":""early_holocene_and_older"",""temporal_window_label"":""Early Holocene and older (6001+ BP)"",""time_end_bp"":12209,""time_mean_bp"":6104,""time_start_bp"":0,""uncertainty_notes"":[""Multiple BP age-range conventions contribute to this site span.""]},""time_end_bp"":12209,""time_label"":""0-12209 Calibrated radiocarbon years BP"",""time_mean_bp"":6104,""time_start_bp"":0}]"
radius_50km,50 km,50,6,0.5698,Bjäresjö,Bjäresjö,sweden_lake_registry:614958-137018,55.459405,13.751743,"https://www.google.com/maps/search/?api=1&query=55.459405,13.751743",6,0.3505,7,aggregate; fieldwork shortlist; 10 km; 20 km; 30 km; 40 km; 50 km,614958-137018,water_surface_name,0.022251,small_lake_review,0.27,very small mapped water surface; treat as a micro-basin until field validation confirms suitability,site_review_required,bathymetry and basin depth; sediment preservation and prior coring history; shore access and landowner contact; permit requirements; field hazards and logistics,1,0.0,,,"[{""latitude"":55.459167,""longitude"":13.751944,""source_layer_key"":""landclim-sites"",""source_name"":""Bjäresjösjön"",""source_record"":""landclim-sites:897303:Bjäresjösjön:55.459167:13.751944"",""source_url"":""https://doi.org/10.1594/PANGAEA.897303"",""temporal_semantics"":{""comparability_posture"":""numeric_interval"",""comparison_note"":""This interval describes sequence coverage, not a single pollen observation or an event date."",""duration_years"":3200,""evidence_class"":""pollen_site_sequence_coverage"",""normalized_labels"":[""0-100 BP to 2700-3200 BP""],""original_labels"":[""0-100 BP to 2700-3200 BP""],""precision_posture"":""site_sequence_interval"",""provenance_excerpt"":"""",""provenance_locator"":""SiteData:Bjäresjösjön"",""provenance_path"":""data/landclim/raw/landclim_i_land_cover_types.xlsx"",""schema_version"":""temporal-semantics.v1"",""source_family"":""landclim"",""summary_label"":""0-100 BP to 2700-3200 BP"",""temporal_window_key"":""late_holocene"",""temporal_window_label"":""Late Holocene (1001-3000 BP)"",""time_end_bp"":3200,""time_mean_bp"":1600,""time_start_bp"":0,""uncertainty_notes"":[]},""time_end_bp"":3200,""time_label"":""0-100 BP to 2700-3200 BP"",""time_mean_bp"":1600,""time_start_bp"":0},{""latitude"":55.459167,""longitude"":13.751944,""source_layer_key"":""landclim-sites"",""source_name"":""Bjäresjösjön"",""source_record"":""landclim-sites:900966:GC18:Bjäresjösjön"",""source_url"":""https://doi.org/10.1594/PANGAEA.900966"",""temporal_semantics"":{""comparability_posture"":""numeric_interval"",""comparison_note"":""This interval describes sequence coverage, not a single pollen observation or an event date."",""duration_years"":11700,""evidence_class"":""pollen_site_sequence_coverage"",""normalized_labels"":[""0-11700 BP""],""original_labels"":[""0-11700 BP""],""precision_posture"":""site_sequence_interval"",""provenance_excerpt"":"""",""provenance_locator"":""Metadata:Bjäresjösjön"",""provenance_path"":""data/landclim/raw/marquer_2017_reveals_taxa_grid_cells.xlsx"",""schema_version"":""temporal-semantics.v1"",""source_family"":""landclim"",""summary_label"":""0-11700 BP"",""temporal_window_key"":""mid_holocene"",""temporal_window_label"":""Mid-Holocene (3001-6000 BP)"",""time_end_bp"":11700,""time_mean_bp"":5850,""time_start_bp"":0,""uncertainty_notes"":[]},""time_end_bp"":11700,""time_label"":""0-11700 BP"",""time_mean_bp"":5850,""time_start_bp"":0},{""latitude"":55.45,""longitude"":13.75,""source_layer_key"":""landclim-sites"",""source_name"":""Bjäresjösjön"",""source_record"":""landclim-sites:937075:BJARE"",""source_url"":""https://doi.org/10.1594/PANGAEA.937075"",""temporal_semantics"":{""comparability_posture"":""numeric_interval"",""comparison_note"":""This interval describes sequence coverage, not a single pollen observation or an event date."",""duration_years"":2836,""evidence_class"":""pollen_site_sequence_coverage"",""normalized_labels"":[""-33-2803 BP""],""original_labels"":[""-33-2803 BP""],""precision_posture"":""site_sequence_interval"",""provenance_excerpt"":"""",""provenance_locator"":""LANDCLIMII metadata file:BJARE"",""provenance_path"":""data/landclim/raw/landclim_ii_site_metadata.xlsx"",""schema_version"":""temporal-semantics.v1"",""source_family"":""landclim"",""summary_label"":""-33-2803 BP"",""temporal_window_key"":""late_holocene"",""temporal_window_label"":""Late Holocene (1001-3000 BP)"",""time_end_bp"":2803,""time_mean_bp"":1385,""time_start_bp"":-33,""uncertainty_notes"":[]},""time_end_bp"":2803,""time_label"":""-33-2803 BP"",""time_mean_bp"":1385,""time_start_bp"":-33},{""latitude"":55.45917,""longitude"":13.75194,""source_layer_key"":""neotoma-pollen"",""source_name"":""Bjäresjösjön"",""source_record"":""neotoma-pollen:28871"",""source_url"":""https://apps.neotomadb.org/explorer/#/record/site/28871"",""temporal_semantics"":{""comparability_posture"":""numeric_interval_with_caveat"",""comparison_note"":""Neotoma coverage merges more than one BP age-range convention for this site, so the interval remains comparable but should be treated as a site-level summary span."",""duration_years"":2803,""evidence_class"":""neotoma_aggregated_bp_ranges"",""normalized_labels"":[""Calibrated radiocarbon years BP"",""Radiocarbon years BP""],""original_labels"":[""Calibrated radiocarbon years BP"",""Radiocarbon years BP""],""precision_posture"":""site_interval_with_uncertainty"",""provenance_excerpt"":"""",""provenance_locator"":""site_age_ranges"",""provenance_path"":"""",""schema_version"":""temporal-semantics.v1"",""source_family"":""neotoma"",""summary_label"":""0-2803 Calibrated radiocarbon years BP"",""temporal_window_key"":""late_holocene"",""temporal_window_label"":""Late Holocene (1001-3000 BP)"",""time_end_bp"":2803,""time_mean_bp"":1402,""time_start_bp"":0,""uncertainty_notes"":[""Multiple BP age-range conventions contribute to this site span.""]},""time_end_bp"":2803,""time_label"":""0-2803 Calibrated radiocarbon years BP"",""time_mean_bp"":1402,""time_start_bp"":0},{""latitude"":55.454444,""longitude"":13.766389,""source_layer_key"":""landclim-sites"",""source_name"":""Bjärsjöholmssjön"",""source_record"":""landclim-sites:897303:Bjärsjöholmssjön:55.454444:13.766389"",""source_url"":""https://doi.org/10.1594/PANGAEA.897303"",""temporal_semantics"":{""comparability_posture"":""numeric_interval"",""comparison_note"":""This interval describes sequence coverage, not a single pollen observation or an event date."",""duration_years"":3500,""evidence_class"":""pollen_site_sequence_coverage"",""normalized_labels"":[""2700-3200 BP to 5700-6200 BP""],""original_labels"":[""2700-3200 BP to 5700-6200 BP""],""precision_posture"":""site_sequence_interval"",""provenance_excerpt"":"""",""provenance_locator"":""SiteData:Bjärsjöholmssjön"",""provenance_path"":""data/landclim/raw/landclim_i_land_cover_types.xlsx"",""schema_version"":""temporal-semantics.v1"",""source_family"":""landclim"",""summary_label"":""2700-3200 BP to 5700-6200 BP"",""temporal_window_key"":""mid_holocene"",""temporal_window_label"":""Mid-Holocene (3001-6000 BP)"",""time_end_bp"":6200,""time_mean_bp"":4450,""time_start_bp"":2700,""uncertainty_notes"":[]},""time_end_bp"":6200,""time_label"":""2700-3200 BP to 5700-6200 BP"",""time_mean_bp"":4450,""time_start_bp"":2700},{""latitude"":55.454444,""longitude"":13.766389,""source_layer_key"":""landclim-sites"",""source_name"":""Bjärsjöholmssjön"",""source_record"":""landclim-sites:900966:GC18:Bjärsjöholmssjön"",""source_url"":""https://doi.org/10.1594/PANGAEA.900966"",""temporal_semantics"":{""comparability_posture"":""numeric_interval"",""comparison_note"":""This interval describes sequence coverage, not a single pollen observation or an event date."",""duration_years"":11700,""evidence_class"":""pollen_site_sequence_coverage"",""normalized_labels"":[""0-11700 BP""],""original_labels"":[""0-11700 BP""],""precision_posture"":""site_sequence_interval"",""provenance_excerpt"":"""",""provenance_locator"":""Metadata:Bjärsjöholmssjön"",""provenance_path"":""data/landclim/raw/marquer_2017_reveals_taxa_grid_cells.xlsx"",""schema_version"":""temporal-semantics.v1"",""source_family"":""landclim"",""summary_label"":""0-11700 BP"",""temporal_window_key"":""mid_holocene"",""temporal_window_label"":""Mid-Holocene (3001-6000 BP)"",""time_end_bp"":11700,""time_mean_bp"":5850,""time_start_bp"":0,""uncertainty_notes"":[]},""time_end_bp"":11700,""time_label"":""0-11700 BP"",""time_mean_bp"":5850,""time_start_bp"":0},{""latitude"":55.45396,""longitude"":13.780255,""source_layer_key"":""neotoma-pollen"",""source_name"":""Bjärsjöholmssjön"",""source_record"":""neotoma-pollen:3017"",""source_url"":""https://apps.neotomadb.org/explorer/#/record/site/3017"",""temporal_semantics"":{""comparability_posture"":""numeric_interval_with_caveat"",""comparison_note"":""Neotoma coverage merges more than one BP age-range convention for this site, so the interval remains comparable but should be treated as a site-level summary span."",""duration_years"":8814,""evidence_class"":""neotoma_aggregated_bp_ranges"",""normalized_labels"":[""Calibrated radiocarbon years BP"",""Radiocarbon years BP""],""original_labels"":[""Calibrated radiocarbon years BP"",""Radiocarbon years BP""],""precision_posture"":""site_interval_with_uncertainty"",""provenance_excerpt"":"""",""provenance_locator"":""site_age_ranges"",""provenance_path"":"""",""schema_version"":""temporal-semantics.v1"",""source_family"":""neotoma"",""summary_label"":""0-8814 Calibrated radiocarbon years BP"",""temporal_window_key"":""mid_holocene"",""temporal_window_label"":""Mid-Holocene (3001-6000 BP)"",""time_end_bp"":8814,""time_mean_bp"":4407,""time_start_bp"":0,""uncertainty_notes"":[""Multiple BP age-range conventions contribute to this site span.""]},""time_end_bp"":8814,""time_label"":""0-8814 Calibrated radiocarbon years BP"",""time_mean_bp"":4407,""time_start_bp"":0}]"
radius_50km,50 km,50,7,0.5516,Sigvaldeträsk,Sigvaldeträsk,sweden_lake_registry:636053-166363,57.341825,18.527093,"https://www.google.com/maps/search/?api=1&query=57.341825,18.527093",3,0.3981,7,aggregate; fieldwork shortlist; 10 km; 20 km; 30 km; 40 km; 50 km,636053-166363,water_surface_name,0.087096,compact_lake_candidate,0.63,small mapped water surface; prefer checking basin depth and access before field planning,site_review_required,bathymetry and basin depth; sediment preservation and prior coring history; shore access and landowner contact; permit requirements; field hazards and logistics,1,0.0,,,[]
radius_50km,50 km,50,8,0.5007,Havgårdssjön,Havgårdssjön,sweden_lake_registry:615365-134524,55.483143,13.35776,"https://www.google.com/maps/search/?api=1&query=55.483143,13.357760",7,0.3454,6,aggregate; fieldwork shortlist; 20 km; 30 km; 40 km; 50 km,615365-134524,water_surface_name,0.501745,sampling_lake_candidate,1.0,,site_review_required,bathymetry and basin depth; sediment preservation and prior coring history; shore access and landowner contact; permit requirements; field hazards and logistics,1,0.0,,,[]
radius_50km,50 km,50,9,0.4333,Östra Ringsjön,Östra Ringsjön,sweden_lake_registry:619626-135565,55.86857,13.549973,"https://www.google.com/maps/search/?api=1&query=55.868570,13.549973",16,0.1619,6,aggregate; fieldwork shortlist; 10 km; 20 km; 40 km; 50 km,619626-135565,water_surface_name,24.728453,sampling_lake_candidate,0.94,,site_review_required,bathymetry and basin depth; sediment preservation and prior coring history; shore access and landowner contact; permit requirements; field hazards and logistics,1,0.0,,,[]
radius_50km,50 km,50,10,0.2934,Rummehölj,Rummehölj,sweden_lake_registry:632142-151758,57.017085,16.089132,"https://www.google.com/maps/search/?api=1&query=57.017085,16.089132",14,0.1849,6,aggregate; 10 km; 20 km; 30 km; 40 km; 50 km,632142-151758,water_surface_name,0.076319,compact_lake_candidate,0.63,small mapped water surface; prefer checking basin depth and access before field planning,site_review_required,bathymetry and basin depth; sediment preservation and prior coring history; shore access and landowner contact; permit requirements; field hazards and logistics,1,0.0,,,"[{""latitude"":57.016667,""longitude"":16.116667,""source_layer_key"":""landclim-sites"",""source_name"":""Skärsgölarna"",""source_record"":""landclim-sites:897303:Skärsgölarna:57.016667:16.116667"",""source_url"":""https://doi.org/10.1594/PANGAEA.897303"",""temporal_semantics"":{""comparability_posture"":""numeric_interval"",""comparison_note"":""This interval describes sequence coverage, not a single pollen observation or an event date."",""duration_years"":6200,""evidence_class"":""pollen_site_sequence_coverage"",""normalized_labels"":[""0-100 BP to 5700-6200 BP""],""original_labels"":[""0-100 BP to 5700-6200 BP""],""precision_posture"":""site_sequence_interval"",""provenance_excerpt"":"""",""provenance_locator"":""SiteData:Skärsgölarna"",""provenance_path"":""data/landclim/raw/landclim_i_land_cover_types.xlsx"",""schema_version"":""temporal-semantics.v1"",""source_family"":""landclim"",""summary_label"":""0-100 BP to 5700-6200 BP"",""temporal_window_key"":""mid_holocene"",""temporal_window_label"":""Mid-Holocene (3001-6000 BP)"",""time_end_bp"":6200,""time_mean_bp"":3100,""time_start_bp"":0,""uncertainty_notes"":[]},""time_end_bp"":6200,""time_label"":""0-100 BP to 5700-6200 BP"",""time_mean_bp"":3100,""time_start_bp"":0},{""latitude"":57.016667,""longitude"":16.116667,""source_layer_key"":""landclim-sites"",""source_name"":""Skärsgölarna"",""source_record"":""landclim-sites:937075:SKAR"",""source_url"":""https://doi.org/10.1594/PANGAEA.937075"",""temporal_semantics"":{""comparability_posture"":""numeric_interval"",""comparison_note"":""This interval describes sequence coverage, not a single pollen observation or an event date."",""duration_years"":5852,""evidence_class"":""pollen_site_sequence_coverage"",""normalized_labels"":[""-46-5806 BP""],""original_labels"":[""-46-5806 BP""],""precision_posture"":""site_sequence_interval"",""provenance_excerpt"":"""",""provenance_locator"":""LANDCLIMII metadata file:SKAR"",""provenance_path"":""data/landclim/raw/landclim_ii_site_metadata.xlsx"",""schema_version"":""temporal-semantics.v1"",""source_family"":""landclim"",""summary_label"":""-46-5806 BP"",""temporal_window_key"":""late_holocene"",""temporal_window_label"":""Late Holocene (1001-3000 BP)"",""time_end_bp"":5806,""time_mean_bp"":2880,""time_start_bp"":-46,""uncertainty_notes"":[]},""time_end_bp"":5806,""time_label"":""-46-5806 BP"",""time_mean_bp"":2880,""time_start_bp"":-46}]"
radius_50km,50 km,50,11,0.269,Lilla Sjö,Lilla Sjö,sweden_lake_registry:624044-138336,56.281643,13.924259,"https://www.google.com/maps/search/?api=1&query=56.281643,13.924259",17,0.1608,6,aggregate; 10 km; 20 km; 30 km; 40 km; 50 km,624044-138336,water_surface_name,0.14393,compact_lake_candidate,0.63,small mapped water surface; prefer checking basin depth and access before field planning,site_review_required,bathymetry and basin depth; sediment preservation and prior coring history; shore access and landowner contact; permit requirements; field hazards and logistics,1,0.0,,,[]
radius_50km,50 km,50,12,0.2629,Åbodasjön,Åbodasjön,sweden_lake_registry:632901-141943,57.085667,14.482671,"https://www.google.com/maps/search/?api=1&query=57.085667,14.482671",10,0.2155,7,aggregate; fieldwork shortlist; 10 km; 20 km; 30 km; 40 km; 50 km,632901-141943,water_surface_name,0.545153,sampling_lake_candidate,1.0,,site_review_required,bathymetry and basin depth; sediment preservation and prior coring history; shore access and landowner contact; permit requirements; field hazards and logistics,1,0.0,,,"[{""latitude"":57.085556,""longitude"":14.478611,""source_layer_key"":""landclim-sites"",""source_name"":""Åbodasjön"",""source_record"":""landclim-sites:897303:Åbodasjön:57.085556:14.478611"",""source_url"":""https://doi.org/10.1594/PANGAEA.897303"",""temporal_semantics"":{""comparability_posture"":""numeric_interval"",""comparison_note"":""This interval describes sequence coverage, not a single pollen observation or an event date."",""duration_years"":100,""evidence_class"":""pollen_site_sequence_coverage"",""normalized_labels"":[""0-100 BP""],""original_labels"":[""0-100 BP""],""precision_posture"":""site_sequence_interval"",""provenance_excerpt"":"""",""provenance_locator"":""SiteData:Åbodasjön"",""provenance_path"":""data/landclim/raw/landclim_i_land_cover_types.xlsx"",""schema_version"":""temporal-semantics.v1"",""source_family"":""landclim"",""summary_label"":""0-100 BP"",""temporal_window_key"":""recent_historical"",""temporal_window_label"":""Recent and historical (0-1000 BP)"",""time_end_bp"":100,""time_mean_bp"":50,""time_start_bp"":0,""uncertainty_notes"":[]},""time_end_bp"":100,""time_label"":""0-100 BP"",""time_mean_bp"":50,""time_start_bp"":0},{""latitude"":57.085556,""longitude"":14.478611,""source_layer_key"":""landclim-sites"",""source_name"":""Åbodasjön"",""source_record"":""landclim-sites:900966:GC21:Åbodasjön"",""source_url"":""https://doi.org/10.1594/PANGAEA.900966"",""temporal_semantics"":{""comparability_posture"":""numeric_interval"",""comparison_note"":""This interval describes sequence coverage, not a single pollen observation or an event date."",""duration_years"":11700,""evidence_class"":""pollen_site_sequence_coverage"",""normalized_labels"":[""0-11700 BP""],""original_labels"":[""0-11700 BP""],""precision_posture"":""site_sequence_interval"",""provenance_excerpt"":"""",""provenance_locator"":""Metadata:Åbodasjön"",""provenance_path"":""data/landclim/raw/marquer_2017_reveals_taxa_grid_cells.xlsx"",""schema_version"":""temporal-semantics.v1"",""source_family"":""landclim"",""summary_label"":""0-11700 BP"",""temporal_window_key"":""mid_holocene"",""temporal_window_label"":""Mid-Holocene (3001-6000 BP)"",""time_end_bp"":11700,""time_mean_bp"":5850,""time_start_bp"":0,""uncertainty_notes"":[]},""time_end_bp"":11700,""time_label"":""0-11700 BP"",""time_mean_bp"":5850,""time_start_bp"":0},{""latitude"":57.0856,""longitude"":14.4787,""source_layer_key"":""landclim-sites"",""source_name"":""Åbodasjön"",""source_record"":""landclim-sites:937075:Åbodasjön"",""source_url"":""https://doi.org/10.1594/PANGAEA.937075"",""temporal_semantics"":{""comparability_posture"":""numeric_interval"",""comparison_note"":""This interval describes sequence coverage, not a single pollen observation or an event date."",""duration_years"":1008,""evidence_class"":""pollen_site_sequence_coverage"",""normalized_labels"":[""-57-951 BP""],""original_labels"":[""-57-951 BP""],""precision_posture"":""site_sequence_interval"",""provenance_excerpt"":"""",""provenance_locator"":""LANDCLIMII metadata file:Åbodasjön"",""provenance_path"":""data/landclim/raw/landclim_ii_site_metadata.xlsx"",""schema_version"":""temporal-semantics.v1"",""source_family"":""landclim"",""summary_label"":""-57-951 BP"",""temporal_window_key"":""recent_historical"",""temporal_window_label"":""Recent and historical (0-1000 BP)"",""time_end_bp"":951,""time_mean_bp"":447,""time_start_bp"":-57,""uncertainty_notes"":[]},""time_end_bp"":951,""time_label"":""-57-951 BP"",""time_mean_bp"":447,""time_start_bp"":-57}]"
radius_50km,50 km,50,13,0.2583,Färskesjön,Färskesjön,sweden_lake_registry:622492-150312,56.159037,15.859814,"https://www.google.com/maps/search/?api=1&query=56.159037,15.859814",9,0.2364,7,aggregate; fieldwork shortlist; 10 km; 20 km; 30 km; 40 km; 50 km,622492-150312,water_surface_name,0.459128,sampling_lake_candidate,0.868,,site_review_required,bathymetry and basin depth; sediment preservation and prior coring history; shore access and landowner contact; permit requirements; field hazards and logistics,1,0.0,,,"[{""latitude"":56.166667,""longitude"":15.866667,""source_layer_key"":""landclim-sites"",""source_name"":""Färshesjön"",""source_record"":""landclim-sites:897303:Färshesjön:56.166667:15.866667"",""source_url"":""https://doi.org/10.1594/PANGAEA.897303"",""temporal_semantics"":{""comparability_posture"":""numeric_interval"",""comparison_note"":""This interval describes sequence coverage, not a single pollen observation or an event date."",""duration_years"":6100,""evidence_class"":""pollen_site_sequence_coverage"",""normalized_labels"":[""100-350 BP to 5700-6200 BP""],""original_labels"":[""100-350 BP to 5700-6200 BP""],""precision_posture"":""site_sequence_interval"",""provenance_excerpt"":"""",""provenance_locator"":""SiteData:Färshesjön"",""provenance_path"":""data/landclim/raw/landclim_i_land_cover_types.xlsx"",""schema_version"":""temporal-semantics.v1"",""source_family"":""landclim"",""summary_label"":""100-350 BP to 5700-6200 BP"",""temporal_window_key"":""mid_holocene"",""temporal_window_label"":""Mid-Holocene (3001-6000 BP)"",""time_end_bp"":6200,""time_mean_bp"":3150,""time_start_bp"":100,""uncertainty_notes"":[]},""time_end_bp"":6200,""time_label"":""100-350 BP to 5700-6200 BP"",""time_mean_bp"":3150,""time_start_bp"":100},{""latitude"":56.166667,""longitude"":15.866667,""source_layer_key"":""landclim-sites"",""source_name"":""Färskesjön"",""source_record"":""landclim-sites:937075:FARSK"",""source_url"":""https://doi.org/10.1594/PANGAEA.937075"",""temporal_semantics"":{""comparability_posture"":""numeric_interval"",""comparison_note"":""This interval describes sequence coverage, not a single pollen observation or an event date."",""duration_years"":12262,""evidence_class"":""pollen_site_sequence_coverage"",""normalized_labels"":[""180-12442 BP""],""original_labels"":[""180-12442 BP""],""precision_posture"":""site_sequence_interval"",""provenance_excerpt"":"""",""provenance_locator"":""LANDCLIMII metadata file:FARSK"",""provenance_path"":""data/landclim/raw/landclim_ii_site_metadata.xlsx"",""schema_version"":""temporal-semantics.v1"",""source_family"":""landclim"",""summary_label"":""180-12442 BP"",""temporal_window_key"":""early_holocene_and_older"",""temporal_window_label"":""Early Holocene and older (6001+ BP)"",""time_end_bp"":12442,""time_mean_bp"":6311,""time_start_bp"":180,""uncertainty_notes"":[]},""time_end_bp"":12442,""time_label"":""180-12442 BP"",""time_mean_bp"":6311,""time_start_bp"":180},{""latitude"":56.15907,""longitude"":15.86049,""source_layer_key"":""neotoma-pollen"",""source_name"":""Färskesjön"",""source_record"":""neotoma-pollen:3102"",""source_url"":""https://apps.neotomadb.org/explorer/#/record/site/3102"",""temporal_semantics"":{""comparability_posture"":""numeric_interval_with_caveat"",""comparison_note"":""Neotoma coverage merges more than one BP age-range convention for this site, so the interval remains comparable but should be treated as a site-level summary span."",""duration_years"":12664,""evidence_class"":""neotoma_aggregated_bp_ranges"",""normalized_labels"":[""Calibrated radiocarbon years BP"",""Radiocarbon years BP""],""original_labels"":[""Calibrated radiocarbon years BP"",""Radiocarbon years BP""],""precision_posture"":""site_interval_with_uncertainty"",""provenance_excerpt"":"""",""provenance_locator"":""site_age_ranges"",""provenance_path"":"""",""schema_version"":""temporal-semantics.v1"",""source_family"":""neotoma"",""summary_label"":""66-12730 Calibrated radiocarbon years BP"",""temporal_window_key"":""early_holocene_and_older"",""temporal_window_label"":""Early Holocene and older (6001+ BP)"",""time_end_bp"":12730,""time_mean_bp"":6398,""time_start_bp"":66,""uncertainty_notes"":[""Multiple BP age-range conventions contribute to this site span.""]},""time_end_bp"":12730,""time_label"":""66-12730 Calibrated radiocarbon years BP"",""time_mean_bp"":6398,""time_start_bp"":66},{""latitude"":56.166667,""longitude"":15.866667,""source_layer_key"":""landclim-sites"",""source_name"":""Färskesjön (core 2014)"",""source_record"":""landclim-sites:937075:Farske"",""source_url"":""https://doi.org/10.1594/PANGAEA.937075"",""temporal_semantics"":{""comparability_posture"":""numeric_interval"",""comparison_note"":""This interval describes sequence coverage, not a single pollen observation or an event date."",""duration_years"":3113,""evidence_class"":""pollen_site_sequence_coverage"",""normalized_labels"":[""-58-3055 BP""],""original_labels"":[""-58-3055 BP""],""precision_posture"":""site_sequence_interval"",""provenance_excerpt"":"""",""provenance_locator"":""LANDCLIMII metadata file:Farske"",""provenance_path"":""data/landclim/raw/landclim_ii_site_metadata.xlsx"",""schema_version"":""temporal-semantics.v1"",""source_family"":""landclim"",""summary_label"":""-58-3055 BP"",""temporal_window_key"":""late_holocene"",""temporal_window_label"":""Late Holocene (1001-3000 BP)"",""time_end_bp"":3055,""time_mean_bp"":1498,""time_start_bp"":-58,""uncertainty_notes"":[]},""time_end_bp"":3055,""time_label"":""-58-3055 BP"",""time_mean_bp"":1498,""time_start_bp"":-58}]"
radius_50km,50 km,50,14,0.2393,Bergakyllen,Bergakyllen,sweden_lake_registry:633992-152030,57.186058,16.143141,"https://www.google.com/maps/search/?api=1&query=57.186058,16.143141",18,0.1586,5,aggregate; 10 km; 20 km; 30 km; 50 km,633992-152030,water_surface_name,0.105502,compact_lake_candidate,0.63,small mapped water surface; prefer checking basin depth and access before field planning,site_review_required,bathymetry and basin depth; sediment preservation and prior coring history; shore access and landowner contact; permit requirements; field hazards and logistics,1,0.0,,,"[{""latitude"":57.18367,""longitude"":16.14528,""source_layer_key"":""neotoma-pollen"",""source_name"":""Bergakyllen"",""source_record"":""neotoma-pollen:3009"",""source_url"":""https://apps.neotomadb.org/explorer/#/record/site/3009"",""temporal_semantics"":{""comparability_posture"":""numeric_interval_with_caveat"",""comparison_note"":""Neotoma coverage merges more than one BP age-range convention for this site, so the interval remains comparable but should be treated as a site-level summary span."",""duration_years"":14447,""evidence_class"":""neotoma_aggregated_bp_ranges"",""normalized_labels"":[""Calibrated radiocarbon years BP"",""Radiocarbon years BP""],""original_labels"":[""Calibrated radiocarbon years BP"",""Radiocarbon years BP""],""precision_posture"":""site_interval_with_uncertainty"",""provenance_excerpt"":"""",""provenance_locator"":""site_age_ranges"",""provenance_path"":"""",""schema_version"":""temporal-semantics.v1"",""source_family"":""neotoma"",""summary_label"":""8464-22911 Calibrated radiocarbon years BP"",""temporal_window_key"":""early_holocene_and_older"",""temporal_window_label"":""Early Holocene and older (6001+ BP)"",""time_end_bp"":22911,""time_mean_bp"":15688,""time_start_bp"":8464,""uncertainty_notes"":[""Multiple BP age-range conventions contribute to this site span.""]},""time_end_bp"":22911,""time_label"":""8464-22911 Calibrated radiocarbon years BP"",""time_mean_bp"":15688,""time_start_bp"":8464},{""latitude"":57.1894,""longitude"":16.15266,""source_layer_key"":""neotoma-pollen"",""source_name"":""Skvarran"",""source_record"":""neotoma-pollen:3419"",""source_url"":""https://apps.neotomadb.org/explorer/#/record/site/3419"",""temporal_semantics"":{""comparability_posture"":""numeric_interval_with_caveat"",""comparison_note"":""Neotoma coverage merges more than one BP age-range convention for this site, so the interval remains comparable but should be treated as a site-level summary span."",""duration_years"":9383,""evidence_class"":""neotoma_aggregated_bp_ranges"",""normalized_labels"":[""Calibrated radiocarbon years BP"",""Radiocarbon years BP""],""original_labels"":[""Calibrated radiocarbon years BP"",""Radiocarbon years BP""],""precision_posture"":""site_interval_with_uncertainty"",""provenance_excerpt"":"""",""provenance_locator"":""site_age_ranges"",""provenance_path"":"""",""schema_version"":""temporal-semantics.v1"",""source_family"":""neotoma"",""summary_label"":""9807-19190 Calibrated radiocarbon years BP"",""temporal_window_key"":""early_holocene_and_older"",""temporal_window_label"":""Early Holocene and older (6001+ BP)"",""time_end_bp"":19190,""time_mean_bp"":14498,""time_start_bp"":9807,""uncertainty_notes"":[""Multiple BP age-range conventions contribute to this site span.""]},""time_end_bp"":19190,""time_label"":""9807-19190 Calibrated radiocarbon years BP"",""time_mean_bp"":14498,""time_start_bp"":9807}]"
radius_50km,50 km,50,15,0.2393,Klogöl,Klogöl,sweden_lake_registry:634119-152099,57.195047,16.149861,"https://www.google.com/maps/search/?api=1&query=57.195047,16.149861",19,0.1585,5,aggregate; 10 km; 20 km; 30 km; 50 km,634119-152099,water_surface_name,0.053239,compact_lake_candidate,0.63,small mapped water surface; prefer checking basin depth and access before field planning,site_review_required,bathymetry and basin depth; sediment preservation and prior coring history; shore access and landowner contact; permit requirements; field hazards and logistics,1,0.0,,,"[{""latitude"":57.18367,""longitude"":16.14528,""source_layer_key"":""neotoma-pollen"",""source_name"":""Bergakyllen"",""source_record"":""neotoma-pollen:3009"",""source_url"":""https://apps.neotomadb.org/explorer/#/record/site/3009"",""temporal_semantics"":{""comparability_posture"":""numeric_interval_with_caveat"",""comparison_note"":""Neotoma coverage merges more than one BP age-range convention for this site, so the interval remains comparable but should be treated as a site-level summary span."",""duration_years"":14447,""evidence_class"":""neotoma_aggregated_bp_ranges"",""normalized_labels"":[""Calibrated radiocarbon years BP"",""Radiocarbon years BP""],""original_labels"":[""Calibrated radiocarbon years BP"",""Radiocarbon years BP""],""precision_posture"":""site_interval_with_uncertainty"",""provenance_excerpt"":"""",""provenance_locator"":""site_age_ranges"",""provenance_path"":"""",""schema_version"":""temporal-semantics.v1"",""source_family"":""neotoma"",""summary_label"":""8464-22911 Calibrated radiocarbon years BP"",""temporal_window_key"":""early_holocene_and_older"",""temporal_window_label"":""Early Holocene and older (6001+ BP)"",""time_end_bp"":22911,""time_mean_bp"":15688,""time_start_bp"":8464,""uncertainty_notes"":[""Multiple BP age-range conventions contribute to this site span.""]},""time_end_bp"":22911,""time_label"":""8464-22911 Calibrated radiocarbon years BP"",""time_mean_bp"":15688,""time_start_bp"":8464},{""latitude"":57.1894,""longitude"":16.15266,""source_layer_key"":""neotoma-pollen"",""source_name"":""Skvarran"",""source_record"":""neotoma-pollen:3419"",""source_url"":""https://apps.neotomadb.org/explorer/#/record/site/3419"",""temporal_semantics"":{""comparability_posture"":""numeric_interval_with_caveat"",""comparison_note"":""Neotoma coverage merges more than one BP age-range convention for this site, so the interval remains comparable but should be treated as a site-level summary span."",""duration_years"":9383,""evidence_class"":""neotoma_aggregated_bp_ranges"",""normalized_labels"":[""Calibrated radiocarbon years BP"",""Radiocarbon years BP""],""original_labels"":[""Calibrated radiocarbon years BP"",""Radiocarbon years BP""],""precision_posture"":""site_interval_with_uncertainty"",""provenance_excerpt"":"""",""provenance_locator"":""site_age_ranges"",""provenance_path"":"""",""schema_version"":""temporal-semantics.v1"",""source_family"":""neotoma"",""summary_label"":""9807-19190 Calibrated radiocarbon years BP"",""temporal_window_key"":""early_holocene_and_older"",""temporal_window_label"":""Early Holocene and older (6001+ BP)"",""time_end_bp"":19190,""time_mean_bp"":14498,""time_start_bp"":9807,""uncertainty_notes"":[""Multiple BP age-range conventions contribute to this site span.""]},""time_end_bp"":19190,""time_label"":""9807-19190 Calibrated radiocarbon years BP"",""time_mean_bp"":14498,""time_start_bp"":9807}]"
radius_50km,50 km,50,16,0.236,Lindhultsgöl,Lindhultsgöl,sweden_lake_registry:633608-141894,57.145223,14.46766,"https://www.google.com/maps/search/?api=1&query=57.145223,14.467660",13,0.1867,6,aggregate; 10 km; 20 km; 30 km; 40 km; 50 km,633608-141894,water_surface_name,0.076304,compact_lake_candidate,0.63,small mapped water surface; prefer checking basin depth and access before field planning,site_review_required,bathymetry and basin depth; sediment preservation and prior coring history; shore access and landowner contact; permit requirements; field hazards and logistics,1,0.0,,,"[{""latitude"":57.143611,""longitude"":14.466111,""source_layer_key"":""landclim-sites"",""source_name"":""Lindhultsgöl"",""source_record"":""landclim-sites:897303:Lindhultsgöl:57.143611:14.466111"",""source_url"":""https://doi.org/10.1594/PANGAEA.897303"",""temporal_semantics"":{""comparability_posture"":""numeric_interval"",""comparison_note"":""This interval describes sequence coverage, not a single pollen observation or an event date."",""duration_years"":100,""evidence_class"":""pollen_site_sequence_coverage"",""normalized_labels"":[""0-100 BP""],""original_labels"":[""0-100 BP""],""precision_posture"":""site_sequence_interval"",""provenance_excerpt"":"""",""provenance_locator"":""SiteData:Lindhultsgöl"",""provenance_path"":""data/landclim/raw/landclim_i_land_cover_types.xlsx"",""schema_version"":""temporal-semantics.v1"",""source_family"":""landclim"",""summary_label"":""0-100 BP"",""temporal_window_key"":""recent_historical"",""temporal_window_label"":""Recent and historical (0-1000 BP)"",""time_end_bp"":100,""time_mean_bp"":50,""time_start_bp"":0,""uncertainty_notes"":[]},""time_end_bp"":100,""time_label"":""0-100 BP"",""time_mean_bp"":50,""time_start_bp"":0},{""latitude"":57.143611,""longitude"":14.466111,""source_layer_key"":""landclim-sites"",""source_name"":""Lindhultsgöl"",""source_record"":""landclim-sites:900966:GC21:Lindhultsgöl"",""source_url"":""https://doi.org/10.1594/PANGAEA.900966"",""temporal_semantics"":{""comparability_posture"":""numeric_interval"",""comparison_note"":""This interval describes sequence coverage, not a single pollen observation or an event date."",""duration_years"":11700,""evidence_class"":""pollen_site_sequence_coverage"",""normalized_labels"":[""0-11700 BP""],""original_labels"":[""0-11700 BP""],""precision_posture"":""site_sequence_interval"",""provenance_excerpt"":"""",""provenance_locator"":""Metadata:Lindhultsgöl"",""provenance_path"":""data/landclim/raw/marquer_2017_reveals_taxa_grid_cells.xlsx"",""schema_version"":""temporal-semantics.v1"",""source_family"":""landclim"",""summary_label"":""0-11700 BP"",""temporal_window_key"":""mid_holocene"",""temporal_window_label"":""Mid-Holocene (3001-6000 BP)"",""time_end_bp"":11700,""time_mean_bp"":5850,""time_start_bp"":0,""uncertainty_notes"":[]},""time_end_bp"":11700,""time_label"":""0-11700 BP"",""time_mean_bp"":5850,""time_start_bp"":0},{""latitude"":57.1436,""longitude"":14.4661,""source_layer_key"":""landclim-sites"",""source_name"":""Lindhultsgöl"",""source_record"":""landclim-sites:937075:Lindhult"",""source_url"":""https://doi.org/10.1594/PANGAEA.937075"",""temporal_semantics"":{""comparability_posture"":""numeric_interval"",""comparison_note"":""This interval describes sequence coverage, not a single pollen observation or an event date."",""duration_years"":1001,""evidence_class"":""pollen_site_sequence_coverage"",""normalized_labels"":[""-57-944 BP""],""original_labels"":[""-57-944 BP""],""precision_posture"":""site_sequence_interval"",""provenance_excerpt"":"""",""provenance_locator"":""LANDCLIMII metadata file:Lindhult"",""provenance_path"":""data/landclim/raw/landclim_ii_site_metadata.xlsx"",""schema_version"":""temporal-semantics.v1"",""source_family"":""landclim"",""summary_label"":""-57-944 BP"",""temporal_window_key"":""recent_historical"",""temporal_window_label"":""Recent and historical (0-1000 BP)"",""time_end_bp"":944,""time_mean_bp"":444,""time_start_bp"":-57,""uncertainty_notes"":[]},""time_end_bp"":944,""time_label"":""-57-944 BP"",""time_mean_bp"":444,""time_start_bp"":-57}]"
radius_50km,50 km,50,17,0.2339,Stömnesjön,Stömnesjön,sweden_lake_registry:685496-153902,61.80718,16.512573,"https://www.google.com/maps/search/?api=1&query=61.807180,16.512573",12,0.1976,7,aggregate; fieldwork shortlist; 10 km; 20 km; 30 km; 40 km; 50 km,685496-153902,water_surface_name,2.438561,sampling_lake_candidate,1.0,,site_review_required,bathymetry and basin depth; sediment preservation and prior coring history; shore access and landowner contact; permit requirements; field hazards and logistics,1,0.0,,,"[{""latitude"":61.816667,""longitude"":16.533333,""source_layer_key"":""landclim-sites"",""source_name"":""Klotjärnen"",""source_record"":""landclim-sites:897303:Klotjärnen:61.816667:16.533333"",""source_url"":""https://doi.org/10.1594/PANGAEA.897303"",""temporal_semantics"":{""comparability_posture"":""numeric_interval"",""comparison_note"":""This interval describes sequence coverage, not a single pollen observation or an event date."",""duration_years"":6200,""evidence_class"":""pollen_site_sequence_coverage"",""normalized_labels"":[""0-100 BP to 5700-6200 BP""],""original_labels"":[""0-100 BP to 5700-6200 BP""],""precision_posture"":""site_sequence_interval"",""provenance_excerpt"":"""",""provenance_locator"":""SiteData:Klotjärnen"",""provenance_path"":""data/landclim/raw/landclim_i_land_cover_types.xlsx"",""schema_version"":""temporal-semantics.v1"",""source_family"":""landclim"",""summary_label"":""0-100 BP to 5700-6200 BP"",""temporal_window_key"":""mid_holocene"",""temporal_window_label"":""Mid-Holocene (3001-6000 BP)"",""time_end_bp"":6200,""time_mean_bp"":3100,""time_start_bp"":0,""uncertainty_notes"":[]},""time_end_bp"":6200,""time_label"":""0-100 BP to 5700-6200 BP"",""time_mean_bp"":3100,""time_start_bp"":0},{""latitude"":61.816667,""longitude"":16.533333,""source_layer_key"":""landclim-sites"",""source_name"":""Klotjärnen"",""source_record"":""landclim-sites:937075:KLO"",""source_url"":""https://doi.org/10.1594/PANGAEA.937075"",""temporal_semantics"":{""comparability_posture"":""numeric_interval"",""comparison_note"":""This interval describes sequence coverage, not a single pollen observation or an event date."",""duration_years"":9557,""evidence_class"":""pollen_site_sequence_coverage"",""normalized_labels"":[""-60-9497 BP""],""original_labels"":[""-60-9497 BP""],""precision_posture"":""site_sequence_interval"",""provenance_excerpt"":"""",""provenance_locator"":""LANDCLIMII metadata file:KLO"",""provenance_path"":""data/landclim/raw/landclim_ii_site_metadata.xlsx"",""schema_version"":""temporal-semantics.v1"",""source_family"":""landclim"",""summary_label"":""-60-9497 BP"",""temporal_window_key"":""mid_holocene"",""temporal_window_label"":""Mid-Holocene (3001-6000 BP)"",""time_end_bp"":9497,""time_mean_bp"":4718,""time_start_bp"":-60,""uncertainty_notes"":[]},""time_end_bp"":9497,""time_label"":""-60-9497 BP"",""time_mean_bp"":4718,""time_start_bp"":-60}]"
radius_50km,50 km,50,18,0.2336,Finjasjön,Finjasjön,sweden_lake_registry:622731-136920,56.135794,13.702733,"https://www.google.com/maps/search/?api=1&query=56.135794,13.702733",21,0.1555,4,fieldwork shortlist; 30 km; 40 km; 50 km,622731-136920,water_surface_name,10.497234,sampling_lake_candidate,1.0,,site_review_required,bathymetry and basin depth; sediment preservation and prior coring history; shore access and landowner contact; permit requirements; field hazards and logistics,1,0.0,,,[]
radius_50km,50 km,50,19,0.2265,Ungtjärnen,Ungtjärnen,sweden_lake_registry:666346-150259,60.089033,15.850291,"https://www.google.com/maps/search/?api=1&query=60.089033,15.850291",11,0.2037,7,aggregate; fieldwork shortlist; 10 km; 20 km; 30 km; 40 km; 50 km,666346-150259,water_surface_name,0.101555,compact_lake_candidate,0.63,small mapped water surface; prefer checking basin depth and access before field planning,site_review_required,bathymetry and basin depth; sediment preservation and prior coring history; shore access and landowner contact; permit requirements; field hazards and logistics,1,0.0,,,"[{""latitude"":60.083333,""longitude"":15.833333,""source_layer_key"":""landclim-sites"",""source_name"":""Gilltjärnen"",""source_record"":""landclim-sites:897303:Gilltjärnen:60.083333:15.833333"",""source_url"":""https://doi.org/10.1594/PANGAEA.897303"",""temporal_semantics"":{""comparability_posture"":""numeric_interval"",""comparison_note"":""This interval describes sequence coverage, not a single pollen observation or an event date."",""duration_years"":6200,""evidence_class"":""pollen_site_sequence_coverage"",""normalized_labels"":[""0-100 BP to 5700-6200 BP""],""original_labels"":[""0-100 BP to 5700-6200 BP""],""precision_posture"":""site_sequence_interval"",""provenance_excerpt"":"""",""provenance_locator"":""SiteData:Gilltjärnen"",""provenance_path"":""data/landclim/raw/landclim_i_land_cover_types.xlsx"",""schema_version"":""temporal-semantics.v1"",""source_family"":""landclim"",""summary_label"":""0-100 BP to 5700-6200 BP"",""temporal_window_key"":""mid_holocene"",""temporal_window_label"":""Mid-Holocene (3001-6000 BP)"",""time_end_bp"":6200,""time_mean_bp"":3100,""time_start_bp"":0,""uncertainty_notes"":[]},""time_end_bp"":6200,""time_label"":""0-100 BP to 5700-6200 BP"",""time_mean_bp"":3100,""time_start_bp"":0},{""latitude"":60.08333,""longitude"":15.83333,""source_layer_key"":""neotoma-pollen"",""source_name"":""Gilltjärnen"",""source_record"":""neotoma-pollen:28866"",""source_url"":""https://apps.neotomadb.org/explorer/#/record/site/28866"",""temporal_semantics"":{""comparability_posture"":""numeric_interval"",""comparison_note"":""Neotoma publishes BP age coverage here, but the interval remains a site-level pollen context span rather than a sample-owned event date."",""duration_years"":11100,""evidence_class"":""neotoma_bp_range"",""normalized_labels"":[""Calibrated radiocarbon years BP""],""original_labels"":[""Calibrated radiocarbon years BP""],""precision_posture"":""site_interval"",""provenance_excerpt"":"""",""provenance_locator"":""site_age_ranges"",""provenance_path"":"""",""schema_version"":""temporal-semantics.v1"",""source_family"":""neotoma"",""summary_label"":""0-11100 Calibrated radiocarbon years BP"",""temporal_window_key"":""mid_holocene"",""temporal_window_label"":""Mid-Holocene (3001-6000 BP)"",""time_end_bp"":11100,""time_mean_bp"":5550,""time_start_bp"":0,""uncertainty_notes"":[]},""time_end_bp"":11100,""time_label"":""0-11100 Calibrated radiocarbon years BP"",""time_mean_bp"":5550,""time_start_bp"":0}]"
radius_50km,50 km,50,20,0.2106,Jämningen,Jämningen,sweden_lake_registry:624245-140812,56.297527,14.314794,"https://www.google.com/maps/search/?api=1&query=56.297527,14.314794",24,0.1175,3,fieldwork shortlist; 40 km; 50 km,624245-140812,water_surface_name,0.435817,sampling_lake_candidate,0.868,,site_review_required,bathymetry and basin depth; sediment preservation and prior coring history; shore access and landowner contact; permit requirements; field hazards and logistics,1,0.0,,,[]
radius_50km,50 km,50,21,0.2024,Norr-Lången,Norr-Lången,sweden_lake_registry:685509-153253,61.810118,16.426007,"https://www.google.com/maps/search/?api=1&query=61.810118,16.426007",15,0.1668,6,aggregate; fieldwork shortlist; 10 km; 20 km; 30 km; 40 km,685509-153253,water_surface_name,0.114889,compact_lake_candidate,0.63,small mapped water surface; prefer checking basin depth and access before field planning,site_review_required,bathymetry and basin depth; sediment preservation and prior coring history; shore access and landowner contact; permit requirements; field hazards and logistics,1,0.0,,,"[{""latitude"":61.82125,""longitude"":16.40472,""source_layer_key"":""neotoma-pollen"",""source_name"":""Klotjärnen"",""source_record"":""neotoma-pollen:13336"",""source_url"":""https://apps.neotomadb.org/explorer/#/record/site/13336"",""temporal_semantics"":{""comparability_posture"":""numeric_interval"",""comparison_note"":""Neotoma publishes BP age coverage here, but the interval remains a site-level pollen context span rather than a sample-owned event date."",""duration_years"":10072,""evidence_class"":""neotoma_bp_range"",""normalized_labels"":[""Calibrated radiocarbon years BP""],""original_labels"":[""Calibrated radiocarbon years BP""],""precision_posture"":""site_interval"",""provenance_excerpt"":"""",""provenance_locator"":""site_age_ranges"",""provenance_path"":"""",""schema_version"":""temporal-semantics.v1"",""source_family"":""neotoma"",""summary_label"":""0-10072 Calibrated radiocarbon years BP"",""temporal_window_key"":""mid_holocene"",""temporal_window_label"":""Mid-Holocene (3001-6000 BP)"",""time_end_bp"":10072,""time_mean_bp"":5036,""time_start_bp"":0,""uncertainty_notes"":[]},""time_end_bp"":10072,""time_label"":""0-10072 Calibrated radiocarbon years BP"",""time_mean_bp"":5036,""time_start_bp"":0}]"
radius_50km,50 km,50,22,0.1909,Långetjärn,Långetjärn,sweden_lake_registry:640460-129466,57.723622,12.35907,"https://www.google.com/maps/search/?api=1&query=57.723622,12.359070",20,0.1583,6,aggregate; fieldwork shortlist; 10 km; 20 km; 30 km; 40 km,640460-129466,water_surface_name,0.193946,sampling_lake_candidate,0.868,,site_review_required,bathymetry and basin depth; sediment preservation and prior coring history; shore access and landowner contact; permit requirements; field hazards and logistics,1,0.0,,,"[{""latitude"":57.709,""longitude"":12.34641,""source_layer_key"":""neotoma-pollen"",""source_name"":""Björksjödamm"",""source_record"":""neotoma-pollen:3020"",""source_url"":""https://apps.neotomadb.org/explorer/#/record/site/3020"",""temporal_semantics"":{""comparability_posture"":""numeric_interval_with_caveat"",""comparison_note"":""Neotoma coverage merges more than one BP age-range convention for this site, so the interval remains comparable but should be treated as a site-level summary span."",""duration_years"":6094,""evidence_class"":""neotoma_aggregated_bp_ranges"",""normalized_labels"":[""Calibrated radiocarbon years BP"",""Radiocarbon years BP""],""original_labels"":[""Calibrated radiocarbon years BP"",""Radiocarbon years BP""],""precision_posture"":""site_interval_with_uncertainty"",""provenance_excerpt"":"""",""provenance_locator"":""site_age_ranges"",""provenance_path"":"""",""schema_version"":""temporal-semantics.v1"",""source_family"":""neotoma"",""summary_label"":""9386-15480 Calibrated radiocarbon years BP"",""temporal_window_key"":""early_holocene_and_older"",""temporal_window_label"":""Early Holocene and older (6001+ BP)"",""time_end_bp"":15480,""time_mean_bp"":12433,""time_start_bp"":9386,""uncertainty_notes"":[""Multiple BP age-range conventions contribute to this site span.""]},""time_end_bp"":15480,""time_label"":""9386-15480 Calibrated radiocarbon years BP"",""time_mean_bp"":12433,""time_start_bp"":9386}]"
radius_50km,50 km,50,23,0.177,Värsjön,Värsjön,sweden_lake_registry:624606-135677,56.312348,13.46978,"https://www.google.com/maps/search/?api=1&query=56.312348,13.469780",22,0.1325,2,fieldwork shortlist; 10 km,624606-135677,water_surface_name,2.660824,sampling_lake_candidate,1.0,,site_review_required,bathymetry and basin depth; sediment preservation and prior coring history; shore access and landowner contact; permit requirements; field hazards and logistics,1,0.0,,,[]
radius_50km,50 km,50,24,0.1608,Örevattnet,Örevattnet,sweden_lake_registry:649958-125585,58.552564,11.60074,"https://www.google.com/maps/search/?api=1&query=58.552564,11.600740",23,0.1197,1,fieldwork shortlist,649958-125585,water_surface_name,0.324934,sampling_lake_candidate,0.868,,site_review_required,bathymetry and basin depth; sediment preservation and prior coring history; shore access and landowner contact; permit requirements; field hazards and logistics,1,0.0,,,[]
radius_50km,50 km,50,25,0.1432,Kyrksjön,Kyrksjön,sweden_lake_registry:653734-145755,58.95646,15.070704,"https://www.google.com/maps/search/?api=1&query=58.956460,15.070704",25,0.0871,1,fieldwork shortlist,653734-145755,water_surface_name,0.219089,sampling_lake_candidate,0.868,,site_review_required,bathymetry and basin depth; sediment preservation and prior coring history; shore access and landowner contact; permit requirements; field hazards and logistics,1,0.0,,,[]
radius_50km,50 km,50,26,0.0952,Kyperedssjö,Kyperedssjö,sweden_lake_registry:640726-132684,57.757581,12.892382,"https://www.google.com/maps/search/?api=1&query=57.757581,12.892382",26,0.0727,0,,640726-132684,water_surface_name,0.071276,compact_lake_candidate,0.63,small mapped water surface; prefer checking basin depth and access before field planning,site_review_required,bathymetry and basin depth; sediment preservation and prior coring history; shore access and landowner contact; permit requirements; field hazards and logistics,1,0.0,,,[]
fieldwork_shortlist,Fieldwork shortlist,,1,0.5936,Flarken,Flarken,sweden_lake_registry:649459-137568,58.556811,13.672884,"https://www.google.com/maps/search/?api=1&query=58.556811,13.672884",5,0.3726,7,aggregate; fieldwork shortlist; 10 km; 20 km; 30 km; 40 km; 50 km,649459-137568,water_surface_name,0.165887,sampling_lake_candidate,0.868,,site_review_required,bathymetry and basin depth; sediment preservation and prior coring history; shore access and landowner contact; permit requirements; field hazards and logistics,1,0.0,,,"[{""latitude"":58.583333,""longitude"":13.666667,""source_layer_key"":""landclim-sites"",""source_name"":""Flarken"",""source_record"":""landclim-sites:897303:Lake Flarken:58.583333:13.666667"",""source_url"":""https://doi.org/10.1594/PANGAEA.897303"",""temporal_semantics"":{""comparability_posture"":""numeric_interval"",""comparison_note"":""This interval describes sequence coverage, not a single pollen observation or an event date."",""duration_years"":6200,""evidence_class"":""pollen_site_sequence_coverage"",""normalized_labels"":[""0-100 BP to 5700-6200 BP""],""original_labels"":[""0-100 BP to 5700-6200 BP""],""precision_posture"":""site_sequence_interval"",""provenance_excerpt"":"""",""provenance_locator"":""SiteData:Lake Flarken"",""provenance_path"":""data/landclim/raw/landclim_i_land_cover_types.xlsx"",""schema_version"":""temporal-semantics.v1"",""source_family"":""landclim"",""summary_label"":""0-100 BP to 5700-6200 BP"",""temporal_window_key"":""mid_holocene"",""temporal_window_label"":""Mid-Holocene (3001-6000 BP)"",""time_end_bp"":6200,""time_mean_bp"":3100,""time_start_bp"":0,""uncertainty_notes"":[]},""time_end_bp"":6200,""time_label"":""0-100 BP to 5700-6200 BP"",""time_mean_bp"":3100,""time_start_bp"":0},{""latitude"":58.583333,""longitude"":13.666667,""source_layer_key"":""landclim-sites"",""source_name"":""Flarken"",""source_record"":""landclim-sites:937075:FLA"",""source_url"":""https://doi.org/10.1594/PANGAEA.937075"",""temporal_semantics"":{""comparability_posture"":""numeric_interval"",""comparison_note"":""This interval describes sequence coverage, not a single pollen observation or an event date."",""duration_years"":12246,""evidence_class"":""pollen_site_sequence_coverage"",""normalized_labels"":[""-50-12196 BP""],""original_labels"":[""-50-12196 BP""],""precision_posture"":""site_sequence_interval"",""provenance_excerpt"":"""",""provenance_locator"":""LANDCLIMII metadata file:FLA"",""provenance_path"":""data/landclim/raw/landclim_ii_site_metadata.xlsx"",""schema_version"":""temporal-semantics.v1"",""source_family"":""landclim"",""summary_label"":""-50-12196 BP"",""temporal_window_key"":""early_holocene_and_older"",""temporal_window_label"":""Early Holocene and older (6001+ BP)"",""time_end_bp"":12196,""time_mean_bp"":6073,""time_start_bp"":-50,""uncertainty_notes"":[]},""time_end_bp"":12196,""time_label"":""-50-12196 BP"",""time_mean_bp"":6073,""time_start_bp"":-50},{""latitude"":58.55679,""longitude"":13.67319,""source_layer_key"":""neotoma-pollen"",""source_name"":""Flarken"",""source_record"":""neotoma-pollen:3107"",""source_url"":""https://apps.neotomadb.org/explorer/#/record/site/3107"",""temporal_semantics"":{""comparability_posture"":""numeric_interval_with_caveat"",""comparison_note"":""Neotoma coverage merges more than one BP age-range convention for this site, so the interval remains comparable but should be treated as a site-level summary span."",""duration_years"":12439,""evidence_class"":""neotoma_aggregated_bp_ranges"",""normalized_labels"":[""Calibrated radiocarbon years BP"",""Radiocarbon years BP""],""original_labels"":[""Calibrated radiocarbon years BP"",""Radiocarbon years BP""],""precision_posture"":""site_interval_with_uncertainty"",""provenance_excerpt"":"""",""provenance_locator"":""site_age_ranges"",""provenance_path"":"""",""schema_version"":""temporal-semantics.v1"",""source_family"":""neotoma"",""summary_label"":""113-12471 Calibrated radiocarbon years BP"",""temporal_window_key"":""early_holocene_and_older"",""temporal_window_label"":""Early Holocene and older (6001+ BP)"",""time_end_bp"":12471,""time_mean_bp"":6252,""time_start_bp"":32,""uncertainty_notes"":[""Multiple BP age-range conventions contribute to this site span.""]},""time_end_bp"":12471,""time_label"":""113-12471 Calibrated radiocarbon years BP"",""time_mean_bp"":6252,""time_start_bp"":32}]"
fieldwork_shortlist,Fieldwork shortlist,,2,0.5734,Häckebergasjön,Häckebergasjön,sweden_lake_registry:616410-134992,55.577162,13.422814,"https://www.google.com/maps/search/?api=1&query=55.577162,13.422814",2,0.4204,7,aggregate; fieldwork shortlist; 10 km; 20 km; 30 km; 40 km; 50 km,616410-134992,water_surface_name,0.758596,sampling_lake_candidate,1.0,,site_review_required,bathymetry and basin depth; sediment preservation and prior coring history; shore access and landowner contact; permit requirements; field hazards and logistics,1,0.0,,,"[{""latitude"":55.575556,""longitude"":13.4375,""source_layer_key"":""landclim-sites"",""source_name"":""Bökesjön"",""source_record"":""landclim-sites:897303:Bökesjön:55.575556:13.437500"",""source_url"":""https://doi.org/10.1594/PANGAEA.897303"",""temporal_semantics"":{""comparability_posture"":""numeric_interval"",""comparison_note"":""This interval describes sequence coverage, not a single pollen observation or an event date."",""duration_years"":3200,""evidence_class"":""pollen_site_sequence_coverage"",""normalized_labels"":[""0-100 BP to 2700-3200 BP""],""original_labels"":[""0-100 BP to 2700-3200 BP""],""precision_posture"":""site_sequence_interval"",""provenance_excerpt"":"""",""provenance_locator"":""SiteData:Bökesjön"",""provenance_path"":""data/landclim/raw/landclim_i_land_cover_types.xlsx"",""schema_version"":""temporal-semantics.v1"",""source_family"":""landclim"",""summary_label"":""0-100 BP to 2700-3200 BP"",""temporal_window_key"":""late_holocene"",""temporal_window_label"":""Late Holocene (1001-3000 BP)"",""time_end_bp"":3200,""time_mean_bp"":1600,""time_start_bp"":0,""uncertainty_notes"":[]},""time_end_bp"":3200,""time_label"":""0-100 BP to 2700-3200 BP"",""time_mean_bp"":1600,""time_start_bp"":0},{""latitude"":55.575556,""longitude"":13.4375,""source_layer_key"":""landclim-sites"",""source_name"":""Bökesjön"",""source_record"":""landclim-sites:900966:GC18:Bökesjön"",""source_url"":""https://doi.org/10.1594/PANGAEA.900966"",""temporal_semantics"":{""comparability_posture"":""numeric_interval"",""comparison_note"":""This interval describes sequence coverage, not a single pollen observation or an event date."",""duration_years"":11700,""evidence_class"":""pollen_site_sequence_coverage"",""normalized_labels"":[""0-11700 BP""],""original_labels"":[""0-11700 BP""],""precision_posture"":""site_sequence_interval"",""provenance_excerpt"":"""",""provenance_locator"":""Metadata:Bökesjön"",""provenance_path"":""data/landclim/raw/marquer_2017_reveals_taxa_grid_cells.xlsx"",""schema_version"":""temporal-semantics.v1"",""source_family"":""landclim"",""summary_label"":""0-11700 BP"",""temporal_window_key"":""mid_holocene"",""temporal_window_label"":""Mid-Holocene (3001-6000 BP)"",""time_end_bp"":11700,""time_mean_bp"":5850,""time_start_bp"":0,""uncertainty_notes"":[]},""time_end_bp"":11700,""time_label"":""0-11700 BP"",""time_mean_bp"":5850,""time_start_bp"":0},{""latitude"":55.575556,""longitude"":13.4375,""source_layer_key"":""landclim-sites"",""source_name"":""Bökesjön"",""source_record"":""landclim-sites:937075:BOKE"",""source_url"":""https://doi.org/10.1594/PANGAEA.937075"",""temporal_semantics"":{""comparability_posture"":""numeric_interval"",""comparison_note"":""This interval describes sequence coverage, not a single pollen observation or an event date."",""duration_years"":5645,""evidence_class"":""pollen_site_sequence_coverage"",""normalized_labels"":[""-40-5605 BP""],""original_labels"":[""-40-5605 BP""],""precision_posture"":""site_sequence_interval"",""provenance_excerpt"":"""",""provenance_locator"":""LANDCLIMII metadata file:BOKE"",""provenance_path"":""data/landclim/raw/landclim_ii_site_metadata.xlsx"",""schema_version"":""temporal-semantics.v1"",""source_family"":""landclim"",""summary_label"":""-40-5605 BP"",""temporal_window_key"":""late_holocene"",""temporal_window_label"":""Late Holocene (1001-3000 BP)"",""time_end_bp"":5605,""time_mean_bp"":2782,""time_start_bp"":-40,""uncertainty_notes"":[]},""time_end_bp"":5605,""time_label"":""-40-5605 BP"",""time_mean_bp"":2782,""time_start_bp"":-40},{""latitude"":55.57556,""longitude"":13.4375,""source_layer_key"":""neotoma-pollen"",""source_name"":""Bökesjön"",""source_record"":""neotoma-pollen:28872"",""source_url"":""https://apps.neotomadb.org/explorer/#/record/site/28872"",""temporal_semantics"":{""comparability_posture"":""numeric_interval"",""comparison_note"":""Neotoma publishes BP age coverage here, but the interval remains a site-level pollen context span rather than a sample-owned event date."",""duration_years"":5605,""evidence_class"":""neotoma_bp_range"",""normalized_labels"":[""Calibrated radiocarbon years BP""],""original_labels"":[""Calibrated radiocarbon years BP""],""precision_posture"":""site_interval"",""provenance_excerpt"":"""",""provenance_locator"":""site_age_ranges"",""provenance_path"":"""",""schema_version"":""temporal-semantics.v1"",""source_family"":""neotoma"",""summary_label"":""0-5605 Calibrated radiocarbon years BP"",""temporal_window_key"":""late_holocene"",""temporal_window_label"":""Late Holocene (1001-3000 BP)"",""time_end_bp"":5605,""time_mean_bp"":2802,""time_start_bp"":0,""uncertainty_notes"":[]},""time_end_bp"":5605,""time_label"":""0-5605 Calibrated radiocarbon years BP"",""time_mean_bp"":2802,""time_start_bp"":0}]"
fieldwork_shortlist,Fieldwork shortlist,,3,0.5487,Krageholmssjön,Krageholmssjön,sweden_lake_registry:615375-137087,55.501715,13.744603,"https://www.google.com/maps/search/?api=1&query=55.501715,13.744603",4,0.3843,7,aggregate; fieldwork shortlist; 10 km; 20 km; 30 km; 40 km; 50 km,615375-137087,water_surface_name,2.050682,sampling_lake_candidate,1.0,,site_review_required,bathymetry and basin depth; sediment preservation and prior coring history; shore access and landowner contact; permit requirements; field hazards and logistics,1,0.0,,,"[{""latitude"":55.5,""longitude"":13.733333,""source_layer_key"":""landclim-sites"",""source_name"":""Krageholmssjön"",""source_record"":""landclim-sites:897303:Krageholmssjön:55.500000:13.733333"",""source_url"":""https://doi.org/10.1594/PANGAEA.897303"",""temporal_semantics"":{""comparability_posture"":""numeric_interval"",""comparison_note"":""This interval describes sequence coverage, not a single pollen observation or an event date."",""duration_years"":6200,""evidence_class"":""pollen_site_sequence_coverage"",""normalized_labels"":[""0-100 BP to 5700-6200 BP""],""original_labels"":[""0-100 BP to 5700-6200 BP""],""precision_posture"":""site_sequence_interval"",""provenance_excerpt"":"""",""provenance_locator"":""SiteData:Krageholmssjön"",""provenance_path"":""data/landclim/raw/landclim_i_land_cover_types.xlsx"",""schema_version"":""temporal-semantics.v1"",""source_family"":""landclim"",""summary_label"":""0-100 BP to 5700-6200 BP"",""temporal_window_key"":""mid_holocene"",""temporal_window_label"":""Mid-Holocene (3001-6000 BP)"",""time_end_bp"":6200,""time_mean_bp"":3100,""time_start_bp"":0,""uncertainty_notes"":[]},""time_end_bp"":6200,""time_label"":""0-100 BP to 5700-6200 BP"",""time_mean_bp"":3100,""time_start_bp"":0},{""latitude"":55.5,""longitude"":13.733333,""source_layer_key"":""landclim-sites"",""source_name"":""Krageholmssjön"",""source_record"":""landclim-sites:900966:GC18:Krageholmssjön"",""source_url"":""https://doi.org/10.1594/PANGAEA.900966"",""temporal_semantics"":{""comparability_posture"":""numeric_interval"",""comparison_note"":""This interval describes sequence coverage, not a single pollen observation or an event date."",""duration_years"":11700,""evidence_class"":""pollen_site_sequence_coverage"",""normalized_labels"":[""0-11700 BP""],""original_labels"":[""0-11700 BP""],""precision_posture"":""site_sequence_interval"",""provenance_excerpt"":"""",""provenance_locator"":""Metadata:Krageholmssjön"",""provenance_path"":""data/landclim/raw/marquer_2017_reveals_taxa_grid_cells.xlsx"",""schema_version"":""temporal-semantics.v1"",""source_family"":""landclim"",""summary_label"":""0-11700 BP"",""temporal_window_key"":""mid_holocene"",""temporal_window_label"":""Mid-Holocene (3001-6000 BP)"",""time_end_bp"":11700,""time_mean_bp"":5850,""time_start_bp"":0,""uncertainty_notes"":[]},""time_end_bp"":11700,""time_label"":""0-11700 BP"",""time_mean_bp"":5850,""time_start_bp"":0},{""latitude"":55.5,""longitude"":13.733333,""source_layer_key"":""landclim-sites"",""source_name"":""Krageholmssjön"",""source_record"":""landclim-sites:937075:KRA"",""source_url"":""https://doi.org/10.1594/PANGAEA.937075"",""temporal_semantics"":{""comparability_posture"":""numeric_interval"",""comparison_note"":""This interval describes sequence coverage, not a single pollen observation or an event date."",""duration_years"":11589,""evidence_class"":""pollen_site_sequence_coverage"",""normalized_labels"":[""11-11600 BP""],""original_labels"":[""11-11600 BP""],""precision_posture"":""site_sequence_interval"",""provenance_excerpt"":"""",""provenance_locator"":""LANDCLIMII metadata file:KRA"",""provenance_path"":""data/landclim/raw/landclim_ii_site_metadata.xlsx"",""schema_version"":""temporal-semantics.v1"",""source_family"":""landclim"",""summary_label"":""11-11600 BP"",""temporal_window_key"":""mid_holocene"",""temporal_window_label"":""Mid-Holocene (3001-6000 BP)"",""time_end_bp"":11600,""time_mean_bp"":5806,""time_start_bp"":11,""uncertainty_notes"":[]},""time_end_bp"":11600,""time_label"":""11-11600 BP"",""time_mean_bp"":5806,""time_start_bp"":11},{""latitude"":55.50078,""longitude"":13.74492,""source_layer_key"":""neotoma-pollen"",""source_name"":""Krageholmssjön"",""source_record"":""neotoma-pollen:3204"",""source_url"":""https://apps.neotomadb.org/explorer/#/record/site/3204"",""temporal_semantics"":{""comparability_posture"":""numeric_interval_with_caveat"",""comparison_note"":""Neotoma coverage merges more than one BP age-range convention for this site, so the interval remains comparable but should be treated as a site-level summary span."",""duration_years"":12209,""evidence_class"":""neotoma_aggregated_bp_ranges"",""normalized_labels"":[""Calibrated radiocarbon years BP"",""Radiocarbon years BP""],""original_labels"":[""Calibrated radiocarbon years BP"",""Radiocarbon years BP""],""precision_posture"":""site_interval_with_uncertainty"",""provenance_excerpt"":"""",""provenance_locator"":""site_age_ranges"",""provenance_path"":"""",""schema_version"":""temporal-semantics.v1"",""source_family"":""neotoma"",""summary_label"":""0-12209 Calibrated radiocarbon years BP"",""temporal_window_key"":""early_holocene_and_older"",""temporal_window_label"":""Early Holocene and older (6001+ BP)"",""time_end_bp"":12209,""time_mean_bp"":6104,""time_start_bp"":0,""uncertainty_notes"":[""Multiple BP age-range conventions contribute to this site span.""]},""time_end_bp"":12209,""time_label"":""0-12209 Calibrated radiocarbon years BP"",""time_mean_bp"":6104,""time_start_bp"":0}]"
fieldwork_shortlist,Fieldwork shortlist,,4,0.3945,Havgårdssjön,Havgårdssjön,sweden_lake_registry:615365-134524,55.483143,13.35776,"https://www.google.com/maps/search/?api=1&query=55.483143,13.357760",7,0.3454,6,aggregate; fieldwork shortlist; 20 km; 30 km; 40 km; 50 km,615365-134524,water_surface_name,0.501745,sampling_lake_candidate,1.0,,site_review_required,bathymetry and basin depth; sediment preservation and prior coring history; shore access and landowner contact; permit requirements; field hazards and logistics,1,0.0,,,[]
fieldwork_shortlist,Fieldwork shortlist,,5,0.7867,Bjärsjön,Bjärsjön,sweden_lake_registry:646994-137366,58.334534,13.65652,"https://www.google.com/maps/search/?api=1&query=58.334534,13.656520",1,0.707,7,aggregate; fieldwork shortlist; 10 km; 20 km; 30 km; 40 km; 50 km,646994-137366,water_surface_name,0.132579,compact_lake_candidate,0.63,small mapped water surface; prefer checking basin depth and access before field planning,site_review_required,bathymetry and basin depth; sediment preservation and prior coring history; shore access and landowner contact; permit requirements; field hazards and logistics,1,0.0,,,[]
fieldwork_shortlist,Fieldwork shortlist,,6,0.4817,Sigvaldeträsk,Sigvaldeträsk,sweden_lake_registry:636053-166363,57.341825,18.527093,"https://www.google.com/maps/search/?api=1&query=57.341825,18.527093",3,0.3981,7,aggregate; fieldwork shortlist; 10 km; 20 km; 30 km; 40 km; 50 km,636053-166363,water_surface_name,0.087096,compact_lake_candidate,0.63,small mapped water surface; prefer checking basin depth and access before field planning,site_review_required,bathymetry and basin depth; sediment preservation and prior coring history; shore access and landowner contact; permit requirements; field hazards and logistics,1,0.0,,,[]
fieldwork_shortlist,Fieldwork shortlist,,7,0.4162,Bjäresjö,Bjäresjö,sweden_lake_registry:614958-137018,55.459405,13.751743,"https://www.google.com/maps/search/?api=1&query=55.459405,13.751743",6,0.3505,7,aggregate; fieldwork shortlist; 10 km; 20 km; 30 km; 40 km; 50 km,614958-137018,water_surface_name,0.022251,small_lake_review,0.27,very small mapped water surface; treat as a micro-basin until field validation confirms suitability,site_review_required,bathymetry and basin depth; sediment preservation and prior coring history; shore access and landowner contact; permit requirements; field hazards and logistics,1,0.0,,,"[{""latitude"":55.459167,""longitude"":13.751944,""source_layer_key"":""landclim-sites"",""source_name"":""Bjäresjösjön"",""source_record"":""landclim-sites:897303:Bjäresjösjön:55.459167:13.751944"",""source_url"":""https://doi.org/10.1594/PANGAEA.897303"",""temporal_semantics"":{""comparability_posture"":""numeric_interval"",""comparison_note"":""This interval describes sequence coverage, not a single pollen observation or an event date."",""duration_years"":3200,""evidence_class"":""pollen_site_sequence_coverage"",""normalized_labels"":[""0-100 BP to 2700-3200 BP""],""original_labels"":[""0-100 BP to 2700-3200 BP""],""precision_posture"":""site_sequence_interval"",""provenance_excerpt"":"""",""provenance_locator"":""SiteData:Bjäresjösjön"",""provenance_path"":""data/landclim/raw/landclim_i_land_cover_types.xlsx"",""schema_version"":""temporal-semantics.v1"",""source_family"":""landclim"",""summary_label"":""0-100 BP to 2700-3200 BP"",""temporal_window_key"":""late_holocene"",""temporal_window_label"":""Late Holocene (1001-3000 BP)"",""time_end_bp"":3200,""time_mean_bp"":1600,""time_start_bp"":0,""uncertainty_notes"":[]},""time_end_bp"":3200,""time_label"":""0-100 BP to 2700-3200 BP"",""time_mean_bp"":1600,""time_start_bp"":0},{""latitude"":55.459167,""longitude"":13.751944,""source_layer_key"":""landclim-sites"",""source_name"":""Bjäresjösjön"",""source_record"":""landclim-sites:900966:GC18:Bjäresjösjön"",""source_url"":""https://doi.org/10.1594/PANGAEA.900966"",""temporal_semantics"":{""comparability_posture"":""numeric_interval"",""comparison_note"":""This interval describes sequence coverage, not a single pollen observation or an event date."",""duration_years"":11700,""evidence_class"":""pollen_site_sequence_coverage"",""normalized_labels"":[""0-11700 BP""],""original_labels"":[""0-11700 BP""],""precision_posture"":""site_sequence_interval"",""provenance_excerpt"":"""",""provenance_locator"":""Metadata:Bjäresjösjön"",""provenance_path"":""data/landclim/raw/marquer_2017_reveals_taxa_grid_cells.xlsx"",""schema_version"":""temporal-semantics.v1"",""source_family"":""landclim"",""summary_label"":""0-11700 BP"",""temporal_window_key"":""mid_holocene"",""temporal_window_label"":""Mid-Holocene (3001-6000 BP)"",""time_end_bp"":11700,""time_mean_bp"":5850,""time_start_bp"":0,""uncertainty_notes"":[]},""time_end_bp"":11700,""time_label"":""0-11700 BP"",""time_mean_bp"":5850,""time_start_bp"":0},{""latitude"":55.45,""longitude"":13.75,""source_layer_key"":""landclim-sites"",""source_name"":""Bjäresjösjön"",""source_record"":""landclim-sites:937075:BJARE"",""source_url"":""https://doi.org/10.1594/PANGAEA.937075"",""temporal_semantics"":{""comparability_posture"":""numeric_interval"",""comparison_note"":""This interval describes sequence coverage, not a single pollen observation or an event date."",""duration_years"":2836,""evidence_class"":""pollen_site_sequence_coverage"",""normalized_labels"":[""-33-2803 BP""],""original_labels"":[""-33-2803 BP""],""precision_posture"":""site_sequence_interval"",""provenance_excerpt"":"""",""provenance_locator"":""LANDCLIMII metadata file:BJARE"",""provenance_path"":""data/landclim/raw/landclim_ii_site_metadata.xlsx"",""schema_version"":""temporal-semantics.v1"",""source_family"":""landclim"",""summary_label"":""-33-2803 BP"",""temporal_window_key"":""late_holocene"",""temporal_window_label"":""Late Holocene (1001-3000 BP)"",""time_end_bp"":2803,""time_mean_bp"":1385,""time_start_bp"":-33,""uncertainty_notes"":[]},""time_end_bp"":2803,""time_label"":""-33-2803 BP"",""time_mean_bp"":1385,""time_start_bp"":-33},{""latitude"":55.45917,""longitude"":13.75194,""source_layer_key"":""neotoma-pollen"",""source_name"":""Bjäresjösjön"",""source_record"":""neotoma-pollen:28871"",""source_url"":""https://apps.neotomadb.org/explorer/#/record/site/28871"",""temporal_semantics"":{""comparability_posture"":""numeric_interval_with_caveat"",""comparison_note"":""Neotoma coverage merges more than one BP age-range convention for this site, so the interval remains comparable but should be treated as a site-level summary span."",""duration_years"":2803,""evidence_class"":""neotoma_aggregated_bp_ranges"",""normalized_labels"":[""Calibrated radiocarbon years BP"",""Radiocarbon years BP""],""original_labels"":[""Calibrated radiocarbon years BP"",""Radiocarbon years BP""],""precision_posture"":""site_interval_with_uncertainty"",""provenance_excerpt"":"""",""provenance_locator"":""site_age_ranges"",""provenance_path"":"""",""schema_version"":""temporal-semantics.v1"",""source_family"":""neotoma"",""summary_label"":""0-2803 Calibrated radiocarbon years BP"",""temporal_window_key"":""late_holocene"",""temporal_window_label"":""Late Holocene (1001-3000 BP)"",""time_end_bp"":2803,""time_mean_bp"":1402,""time_start_bp"":0,""uncertainty_notes"":[""Multiple BP age-range conventions contribute to this site span.""]},""time_end_bp"":2803,""time_label"":""0-2803 Calibrated radiocarbon years BP"",""time_mean_bp"":1402,""time_start_bp"":0},{""latitude"":55.454444,""longitude"":13.766389,""source_layer_key"":""landclim-sites"",""source_name"":""Bjärsjöholmssjön"",""source_record"":""landclim-sites:897303:Bjärsjöholmssjön:55.454444:13.766389"",""source_url"":""https://doi.org/10.1594/PANGAEA.897303"",""temporal_semantics"":{""comparability_posture"":""numeric_interval"",""comparison_note"":""This interval describes sequence coverage, not a single pollen observation or an event date."",""duration_years"":3500,""evidence_class"":""pollen_site_sequence_coverage"",""normalized_labels"":[""2700-3200 BP to 5700-6200 BP""],""original_labels"":[""2700-3200 BP to 5700-6200 BP""],""precision_posture"":""site_sequence_interval"",""provenance_excerpt"":"""",""provenance_locator"":""SiteData:Bjärsjöholmssjön"",""provenance_path"":""data/landclim/raw/landclim_i_land_cover_types.xlsx"",""schema_version"":""temporal-semantics.v1"",""source_family"":""landclim"",""summary_label"":""2700-3200 BP to 5700-6200 BP"",""temporal_window_key"":""mid_holocene"",""temporal_window_label"":""Mid-Holocene (3001-6000 BP)"",""time_end_bp"":6200,""time_mean_bp"":4450,""time_start_bp"":2700,""uncertainty_notes"":[]},""time_end_bp"":6200,""time_label"":""2700-3200 BP to 5700-6200 BP"",""time_mean_bp"":4450,""time_start_bp"":2700},{""latitude"":55.454444,""longitude"":13.766389,""source_layer_key"":""landclim-sites"",""source_name"":""Bjärsjöholmssjön"",""source_record"":""landclim-sites:900966:GC18:Bjärsjöholmssjön"",""source_url"":""https://doi.org/10.1594/PANGAEA.900966"",""temporal_semantics"":{""comparability_posture"":""numeric_interval"",""comparison_note"":""This interval describes sequence coverage, not a single pollen observation or an event date."",""duration_years"":11700,""evidence_class"":""pollen_site_sequence_coverage"",""normalized_labels"":[""0-11700 BP""],""original_labels"":[""0-11700 BP""],""precision_posture"":""site_sequence_interval"",""provenance_excerpt"":"""",""provenance_locator"":""Metadata:Bjärsjöholmssjön"",""provenance_path"":""data/landclim/raw/marquer_2017_reveals_taxa_grid_cells.xlsx"",""schema_version"":""temporal-semantics.v1"",""source_family"":""landclim"",""summary_label"":""0-11700 BP"",""temporal_window_key"":""mid_holocene"",""temporal_window_label"":""Mid-Holocene (3001-6000 BP)"",""time_end_bp"":11700,""time_mean_bp"":5850,""time_start_bp"":0,""uncertainty_notes"":[]},""time_end_bp"":11700,""time_label"":""0-11700 BP"",""time_mean_bp"":5850,""time_start_bp"":0},{""latitude"":55.45396,""longitude"":13.780255,""source_layer_key"":""neotoma-pollen"",""source_name"":""Bjärsjöholmssjön"",""source_record"":""neotoma-pollen:3017"",""source_url"":""https://apps.neotomadb.org/explorer/#/record/site/3017"",""temporal_semantics"":{""comparability_posture"":""numeric_interval_with_caveat"",""comparison_note"":""Neotoma coverage merges more than one BP age-range convention for this site, so the interval remains comparable but should be treated as a site-level summary span."",""duration_years"":8814,""evidence_class"":""neotoma_aggregated_bp_ranges"",""normalized_labels"":[""Calibrated radiocarbon years BP"",""Radiocarbon years BP""],""original_labels"":[""Calibrated radiocarbon years BP"",""Radiocarbon years BP""],""precision_posture"":""site_interval_with_uncertainty"",""provenance_excerpt"":"""",""provenance_locator"":""site_age_ranges"",""provenance_path"":"""",""schema_version"":""temporal-semantics.v1"",""source_family"":""neotoma"",""summary_label"":""0-8814 Calibrated radiocarbon years BP"",""temporal_window_key"":""mid_holocene"",""temporal_window_label"":""Mid-Holocene (3001-6000 BP)"",""time_end_bp"":8814,""time_mean_bp"":4407,""time_start_bp"":0,""uncertainty_notes"":[""Multiple BP age-range conventions contribute to this site span.""]},""time_end_bp"":8814,""time_label"":""0-8814 Calibrated radiocarbon years BP"",""time_mean_bp"":4407,""time_start_bp"":0}]"
fieldwork_shortlist,Fieldwork shortlist,,8,0.1906,Finjasjön,Finjasjön,sweden_lake_registry:622731-136920,56.135794,13.702733,"https://www.google.com/maps/search/?api=1&query=56.135794,13.702733",21,0.1555,4,fieldwork shortlist; 30 km; 40 km; 50 km,622731-136920,water_surface_name,10.497234,sampling_lake_candidate,1.0,,site_review_required,bathymetry and basin depth; sediment preservation and prior coring history; shore access and landowner contact; permit requirements; field hazards and logistics,1,0.0,,,[]
fieldwork_shortlist,Fieldwork shortlist,,9,0.1793,Örevattnet,Örevattnet,sweden_lake_registry:649958-125585,58.552564,11.60074,"https://www.google.com/maps/search/?api=1&query=58.552564,11.600740",23,0.1197,1,fieldwork shortlist,649958-125585,water_surface_name,0.324934,sampling_lake_candidate,0.868,,site_review_required,bathymetry and basin depth; sediment preservation and prior coring history; shore access and landowner contact; permit requirements; field hazards and logistics,1,0.0,,,[]
fieldwork_shortlist,Fieldwork shortlist,,10,0.4368,Färskesjön,Färskesjön,sweden_lake_registry:622492-150312,56.159037,15.859814,"https://www.google.com/maps/search/?api=1&query=56.159037,15.859814",9,0.2364,7,aggregate; fieldwork shortlist; 10 km; 20 km; 30 km; 40 km; 50 km,622492-150312,water_surface_name,0.459128,sampling_lake_candidate,0.868,,site_review_required,bathymetry and basin depth; sediment preservation and prior coring history; shore access and landowner contact; permit requirements; field hazards and logistics,1,0.0,,,"[{""latitude"":56.166667,""longitude"":15.866667,""source_layer_key"":""landclim-sites"",""source_name"":""Färshesjön"",""source_record"":""landclim-sites:897303:Färshesjön:56.166667:15.866667"",""source_url"":""https://doi.org/10.1594/PANGAEA.897303"",""temporal_semantics"":{""comparability_posture"":""numeric_interval"",""comparison_note"":""This interval describes sequence coverage, not a single pollen observation or an event date."",""duration_years"":6100,""evidence_class"":""pollen_site_sequence_coverage"",""normalized_labels"":[""100-350 BP to 5700-6200 BP""],""original_labels"":[""100-350 BP to 5700-6200 BP""],""precision_posture"":""site_sequence_interval"",""provenance_excerpt"":"""",""provenance_locator"":""SiteData:Färshesjön"",""provenance_path"":""data/landclim/raw/landclim_i_land_cover_types.xlsx"",""schema_version"":""temporal-semantics.v1"",""source_family"":""landclim"",""summary_label"":""100-350 BP to 5700-6200 BP"",""temporal_window_key"":""mid_holocene"",""temporal_window_label"":""Mid-Holocene (3001-6000 BP)"",""time_end_bp"":6200,""time_mean_bp"":3150,""time_start_bp"":100,""uncertainty_notes"":[]},""time_end_bp"":6200,""time_label"":""100-350 BP to 5700-6200 BP"",""time_mean_bp"":3150,""time_start_bp"":100},{""latitude"":56.166667,""longitude"":15.866667,""source_layer_key"":""landclim-sites"",""source_name"":""Färskesjön"",""source_record"":""landclim-sites:937075:FARSK"",""source_url"":""https://doi.org/10.1594/PANGAEA.937075"",""temporal_semantics"":{""comparability_posture"":""numeric_interval"",""comparison_note"":""This interval describes sequence coverage, not a single pollen observation or an event date."",""duration_years"":12262,""evidence_class"":""pollen_site_sequence_coverage"",""normalized_labels"":[""180-12442 BP""],""original_labels"":[""180-12442 BP""],""precision_posture"":""site_sequence_interval"",""provenance_excerpt"":"""",""provenance_locator"":""LANDCLIMII metadata file:FARSK"",""provenance_path"":""data/landclim/raw/landclim_ii_site_metadata.xlsx"",""schema_version"":""temporal-semantics.v1"",""source_family"":""landclim"",""summary_label"":""180-12442 BP"",""temporal_window_key"":""early_holocene_and_older"",""temporal_window_label"":""Early Holocene and older (6001+ BP)"",""time_end_bp"":12442,""time_mean_bp"":6311,""time_start_bp"":180,""uncertainty_notes"":[]},""time_end_bp"":12442,""time_label"":""180-12442 BP"",""time_mean_bp"":6311,""time_start_bp"":180},{""latitude"":56.15907,""longitude"":15.86049,""source_layer_key"":""neotoma-pollen"",""source_name"":""Färskesjön"",""source_record"":""neotoma-pollen:3102"",""source_url"":""https://apps.neotomadb.org/explorer/#/record/site/3102"",""temporal_semantics"":{""comparability_posture"":""numeric_interval_with_caveat"",""comparison_note"":""Neotoma coverage merges more than one BP age-range convention for this site, so the interval remains comparable but should be treated as a site-level summary span."",""duration_years"":12664,""evidence_class"":""neotoma_aggregated_bp_ranges"",""normalized_labels"":[""Calibrated radiocarbon years BP"",""Radiocarbon years BP""],""original_labels"":[""Calibrated radiocarbon years BP"",""Radiocarbon years BP""],""precision_posture"":""site_interval_with_uncertainty"",""provenance_excerpt"":"""",""provenance_locator"":""site_age_ranges"",""provenance_path"":"""",""schema_version"":""temporal-semantics.v1"",""source_family"":""neotoma"",""summary_label"":""66-12730 Calibrated radiocarbon years BP"",""temporal_window_key"":""early_holocene_and_older"",""temporal_window_label"":""Early Holocene and older (6001+ BP)"",""time_end_bp"":12730,""time_mean_bp"":6398,""time_start_bp"":66,""uncertainty_notes"":[""Multiple BP age-range conventions contribute to this site span.""]},""time_end_bp"":12730,""time_label"":""66-12730 Calibrated radiocarbon years BP"",""time_mean_bp"":6398,""time_start_bp"":66},{""latitude"":56.166667,""longitude"":15.866667,""source_layer_key"":""landclim-sites"",""source_name"":""Färskesjön (core 2014)"",""source_record"":""landclim-sites:937075:Farske"",""source_url"":""https://doi.org/10.1594/PANGAEA.937075"",""temporal_semantics"":{""comparability_posture"":""numeric_interval"",""comparison_note"":""This interval describes sequence coverage, not a single pollen observation or an event date."",""duration_years"":3113,""evidence_class"":""pollen_site_sequence_coverage"",""normalized_labels"":[""-58-3055 BP""],""original_labels"":[""-58-3055 BP""],""precision_posture"":""site_sequence_interval"",""provenance_excerpt"":"""",""provenance_locator"":""LANDCLIMII metadata file:Farske"",""provenance_path"":""data/landclim/raw/landclim_ii_site_metadata.xlsx"",""schema_version"":""temporal-semantics.v1"",""source_family"":""landclim"",""summary_label"":""-58-3055 BP"",""temporal_window_key"":""late_holocene"",""temporal_window_label"":""Late Holocene (1001-3000 BP)"",""time_end_bp"":3055,""time_mean_bp"":1498,""time_start_bp"":-58,""uncertainty_notes"":[]},""time_end_bp"":3055,""time_label"":""-58-3055 BP"",""time_mean_bp"":1498,""time_start_bp"":-58}]"
fieldwork_shortlist,Fieldwork shortlist,,11,0.3447,Mullsjön,Mullsjön,sweden_lake_registry:646681-140779,58.317875,14.210785,"https://www.google.com/maps/search/?api=1&query=58.317875,14.210785",8,0.2534,7,aggregate; fieldwork shortlist; 10 km; 20 km; 30 km; 40 km; 50 km,646681-140779,water_surface_name,3.918493,sampling_lake_candidate,1.0,,site_review_required,bathymetry and basin depth; sediment preservation and prior coring history; shore access and landowner contact; permit requirements; field hazards and logistics,1,0.0,,,"[{""latitude"":58.31761,""longitude"":14.21136,""source_layer_key"":""neotoma-pollen"",""source_name"":""Mullsjön"",""source_record"":""neotoma-pollen:3303"",""source_url"":""https://apps.neotomadb.org/explorer/#/record/site/3303"",""temporal_semantics"":{""comparability_posture"":""numeric_interval_with_caveat"",""comparison_note"":""Neotoma coverage merges more than one BP age-range convention for this site, so the interval remains comparable but should be treated as a site-level summary span."",""duration_years"":8806,""evidence_class"":""neotoma_aggregated_bp_ranges"",""normalized_labels"":[""Calibrated radiocarbon years BP"",""Radiocarbon years BP""],""original_labels"":[""Calibrated radiocarbon years BP"",""Radiocarbon years BP""],""precision_posture"":""site_interval_with_uncertainty"",""provenance_excerpt"":"""",""provenance_locator"":""site_age_ranges"",""provenance_path"":"""",""schema_version"":""temporal-semantics.v1"",""source_family"":""neotoma"",""summary_label"":""9526-17322 Calibrated radiocarbon years BP"",""temporal_window_key"":""early_holocene_and_older"",""temporal_window_label"":""Early Holocene and older (6001+ BP)"",""time_end_bp"":17322,""time_mean_bp"":12919,""time_start_bp"":8516,""uncertainty_notes"":[""Multiple BP age-range conventions contribute to this site span.""]},""time_end_bp"":17322,""time_label"":""9526-17322 Calibrated radiocarbon years BP"",""time_mean_bp"":12919,""time_start_bp"":8516}]"
fieldwork_shortlist,Fieldwork shortlist,,12,0.3442,Stömnesjön,Stömnesjön,sweden_lake_registry:685496-153902,61.80718,16.512573,"https://www.google.com/maps/search/?api=1&query=61.807180,16.512573",12,0.1976,7,aggregate; fieldwork shortlist; 10 km; 20 km; 30 km; 40 km; 50 km,685496-153902,water_surface_name,2.438561,sampling_lake_candidate,1.0,,site_review_required,bathymetry and basin depth; sediment preservation and prior coring history; shore access and landowner contact; permit requirements; field hazards and logistics,1,0.0,,,"[{""latitude"":61.816667,""longitude"":16.533333,""source_layer_key"":""landclim-sites"",""source_name"":""Klotjärnen"",""source_record"":""landclim-sites:897303:Klotjärnen:61.816667:16.533333"",""source_url"":""https://doi.org/10.1594/PANGAEA.897303"",""temporal_semantics"":{""comparability_posture"":""numeric_interval"",""comparison_note"":""This interval describes sequence coverage, not a single pollen observation or an event date."",""duration_years"":6200,""evidence_class"":""pollen_site_sequence_coverage"",""normalized_labels"":[""0-100 BP to 5700-6200 BP""],""original_labels"":[""0-100 BP to 5700-6200 BP""],""precision_posture"":""site_sequence_interval"",""provenance_excerpt"":"""",""provenance_locator"":""SiteData:Klotjärnen"",""provenance_path"":""data/landclim/raw/landclim_i_land_cover_types.xlsx"",""schema_version"":""temporal-semantics.v1"",""source_family"":""landclim"",""summary_label"":""0-100 BP to 5700-6200 BP"",""temporal_window_key"":""mid_holocene"",""temporal_window_label"":""Mid-Holocene (3001-6000 BP)"",""time_end_bp"":6200,""time_mean_bp"":3100,""time_start_bp"":0,""uncertainty_notes"":[]},""time_end_bp"":6200,""time_label"":""0-100 BP to 5700-6200 BP"",""time_mean_bp"":3100,""time_start_bp"":0},{""latitude"":61.816667,""longitude"":16.533333,""source_layer_key"":""landclim-sites"",""source_name"":""Klotjärnen"",""source_record"":""landclim-sites:937075:KLO"",""source_url"":""https://doi.org/10.1594/PANGAEA.937075"",""temporal_semantics"":{""comparability_posture"":""numeric_interval"",""comparison_note"":""This interval describes sequence coverage, not a single pollen observation or an event date."",""duration_years"":9557,""evidence_class"":""pollen_site_sequence_coverage"",""normalized_labels"":[""-60-9497 BP""],""original_labels"":[""-60-9497 BP""],""precision_posture"":""site_sequence_interval"",""provenance_excerpt"":"""",""provenance_locator"":""LANDCLIMII metadata file:KLO"",""provenance_path"":""data/landclim/raw/landclim_ii_site_metadata.xlsx"",""schema_version"":""temporal-semantics.v1"",""source_family"":""landclim"",""summary_label"":""-60-9497 BP"",""temporal_window_key"":""mid_holocene"",""temporal_window_label"":""Mid-Holocene (3001-6000 BP)"",""time_end_bp"":9497,""time_mean_bp"":4718,""time_start_bp"":-60,""uncertainty_notes"":[]},""time_end_bp"":9497,""time_label"":""-60-9497 BP"",""time_mean_bp"":4718,""time_start_bp"":-60}]"
fieldwork_shortlist,Fieldwork shortlist,,13,0.3399,Åbodasjön,Åbodasjön,sweden_lake_registry:632901-141943,57.085667,14.482671,"https://www.google.com/maps/search/?api=1&query=57.085667,14.482671",10,0.2155,7,aggregate; fieldwork shortlist; 10 km; 20 km; 30 km; 40 km; 50 km,632901-141943,water_surface_name,0.545153,sampling_lake_candidate,1.0,,site_review_required,bathymetry and basin depth; sediment preservation and prior coring history; shore access and landowner contact; permit requirements; field hazards and logistics,1,0.0,,,"[{""latitude"":57.085556,""longitude"":14.478611,""source_layer_key"":""landclim-sites"",""source_name"":""Åbodasjön"",""source_record"":""landclim-sites:897303:Åbodasjön:57.085556:14.478611"",""source_url"":""https://doi.org/10.1594/PANGAEA.897303"",""temporal_semantics"":{""comparability_posture"":""numeric_interval"",""comparison_note"":""This interval describes sequence coverage, not a single pollen observation or an event date."",""duration_years"":100,""evidence_class"":""pollen_site_sequence_coverage"",""normalized_labels"":[""0-100 BP""],""original_labels"":[""0-100 BP""],""precision_posture"":""site_sequence_interval"",""provenance_excerpt"":"""",""provenance_locator"":""SiteData:Åbodasjön"",""provenance_path"":""data/landclim/raw/landclim_i_land_cover_types.xlsx"",""schema_version"":""temporal-semantics.v1"",""source_family"":""landclim"",""summary_label"":""0-100 BP"",""temporal_window_key"":""recent_historical"",""temporal_window_label"":""Recent and historical (0-1000 BP)"",""time_end_bp"":100,""time_mean_bp"":50,""time_start_bp"":0,""uncertainty_notes"":[]},""time_end_bp"":100,""time_label"":""0-100 BP"",""time_mean_bp"":50,""time_start_bp"":0},{""latitude"":57.085556,""longitude"":14.478611,""source_layer_key"":""landclim-sites"",""source_name"":""Åbodasjön"",""source_record"":""landclim-sites:900966:GC21:Åbodasjön"",""source_url"":""https://doi.org/10.1594/PANGAEA.900966"",""temporal_semantics"":{""comparability_posture"":""numeric_interval"",""comparison_note"":""This interval describes sequence coverage, not a single pollen observation or an event date."",""duration_years"":11700,""evidence_class"":""pollen_site_sequence_coverage"",""normalized_labels"":[""0-11700 BP""],""original_labels"":[""0-11700 BP""],""precision_posture"":""site_sequence_interval"",""provenance_excerpt"":"""",""provenance_locator"":""Metadata:Åbodasjön"",""provenance_path"":""data/landclim/raw/marquer_2017_reveals_taxa_grid_cells.xlsx"",""schema_version"":""temporal-semantics.v1"",""source_family"":""landclim"",""summary_label"":""0-11700 BP"",""temporal_window_key"":""mid_holocene"",""temporal_window_label"":""Mid-Holocene (3001-6000 BP)"",""time_end_bp"":11700,""time_mean_bp"":5850,""time_start_bp"":0,""uncertainty_notes"":[]},""time_end_bp"":11700,""time_label"":""0-11700 BP"",""time_mean_bp"":5850,""time_start_bp"":0},{""latitude"":57.0856,""longitude"":14.4787,""source_layer_key"":""landclim-sites"",""source_name"":""Åbodasjön"",""source_record"":""landclim-sites:937075:Åbodasjön"",""source_url"":""https://doi.org/10.1594/PANGAEA.937075"",""temporal_semantics"":{""comparability_posture"":""numeric_interval"",""comparison_note"":""This interval describes sequence coverage, not a single pollen observation or an event date."",""duration_years"":1008,""evidence_class"":""pollen_site_sequence_coverage"",""normalized_labels"":[""-57-951 BP""],""original_labels"":[""-57-951 BP""],""precision_posture"":""site_sequence_interval"",""provenance_excerpt"":"""",""provenance_locator"":""LANDCLIMII metadata file:Åbodasjön"",""provenance_path"":""data/landclim/raw/landclim_ii_site_metadata.xlsx"",""schema_version"":""temporal-semantics.v1"",""source_family"":""landclim"",""summary_label"":""-57-951 BP"",""temporal_window_key"":""recent_historical"",""temporal_window_label"":""Recent and historical (0-1000 BP)"",""time_end_bp"":951,""time_mean_bp"":447,""time_start_bp"":-57,""uncertainty_notes"":[]},""time_end_bp"":951,""time_label"":""-57-951 BP"",""time_mean_bp"":447,""time_start_bp"":-57}]"
fieldwork_shortlist,Fieldwork shortlist,,14,0.2987,Långetjärn,Långetjärn,sweden_lake_registry:640460-129466,57.723622,12.35907,"https://www.google.com/maps/search/?api=1&query=57.723622,12.359070",20,0.1583,6,aggregate; fieldwork shortlist; 10 km; 20 km; 30 km; 40 km,640460-129466,water_surface_name,0.193946,sampling_lake_candidate,0.868,,site_review_required,bathymetry and basin depth; sediment preservation and prior coring history; shore access and landowner contact; permit requirements; field hazards and logistics,1,0.0,,,"[{""latitude"":57.709,""longitude"":12.34641,""source_layer_key"":""neotoma-pollen"",""source_name"":""Björksjödamm"",""source_record"":""neotoma-pollen:3020"",""source_url"":""https://apps.neotomadb.org/explorer/#/record/site/3020"",""temporal_semantics"":{""comparability_posture"":""numeric_interval_with_caveat"",""comparison_note"":""Neotoma coverage merges more than one BP age-range convention for this site, so the interval remains comparable but should be treated as a site-level summary span."",""duration_years"":6094,""evidence_class"":""neotoma_aggregated_bp_ranges"",""normalized_labels"":[""Calibrated radiocarbon years BP"",""Radiocarbon years BP""],""original_labels"":[""Calibrated radiocarbon years BP"",""Radiocarbon years BP""],""precision_posture"":""site_interval_with_uncertainty"",""provenance_excerpt"":"""",""provenance_locator"":""site_age_ranges"",""provenance_path"":"""",""schema_version"":""temporal-semantics.v1"",""source_family"":""neotoma"",""summary_label"":""9386-15480 Calibrated radiocarbon years BP"",""temporal_window_key"":""early_holocene_and_older"",""temporal_window_label"":""Early Holocene and older (6001+ BP)"",""time_end_bp"":15480,""time_mean_bp"":12433,""time_start_bp"":9386,""uncertainty_notes"":[""Multiple BP age-range conventions contribute to this site span.""]},""time_end_bp"":15480,""time_label"":""9386-15480 Calibrated radiocarbon years BP"",""time_mean_bp"":12433,""time_start_bp"":9386}]"
fieldwork_shortlist,Fieldwork shortlist,,15,0.1806,Östra Ringsjön,Östra Ringsjön,sweden_lake_registry:619626-135565,55.86857,13.549973,"https://www.google.com/maps/search/?api=1&query=55.868570,13.549973",16,0.1619,6,aggregate; fieldwork shortlist; 10 km; 20 km; 40 km; 50 km,619626-135565,water_surface_name,24.728453,sampling_lake_candidate,0.94,,site_review_required,bathymetry and basin depth; sediment preservation and prior coring history; shore access and landowner contact; permit requirements; field hazards and logistics,1,0.0,,,[]
fieldwork_shortlist,Fieldwork shortlist,,16,0.1729,Värsjön,Värsjön,sweden_lake_registry:624606-135677,56.312348,13.46978,"https://www.google.com/maps/search/?api=1&query=56.312348,13.469780",22,0.1325,2,fieldwork shortlist; 10 km,624606-135677,water_surface_name,2.660824,sampling_lake_candidate,1.0,,site_review_required,bathymetry and basin depth; sediment preservation and prior coring history; shore access and landowner contact; permit requirements; field hazards and logistics,1,0.0,,,[]
fieldwork_shortlist,Fieldwork shortlist,,17,0.1595,Jämningen,Jämningen,sweden_lake_registry:624245-140812,56.297527,14.314794,"https://www.google.com/maps/search/?api=1&query=56.297527,14.314794",24,0.1175,3,fieldwork shortlist; 40 km; 50 km,624245-140812,water_surface_name,0.435817,sampling_lake_candidate,0.868,,site_review_required,bathymetry and basin depth; sediment preservation and prior coring history; shore access and landowner contact; permit requirements; field hazards and logistics,1,0.0,,,[]
fieldwork_shortlist,Fieldwork shortlist,,18,0.1529,Kyrksjön,Kyrksjön,sweden_lake_registry:653734-145755,58.95646,15.070704,"https://www.google.com/maps/search/?api=1&query=58.956460,15.070704",25,0.0871,1,fieldwork shortlist,653734-145755,water_surface_name,0.219089,sampling_lake_candidate,0.868,,site_review_required,bathymetry and basin depth; sediment preservation and prior coring history; shore access and landowner contact; permit requirements; field hazards and logistics,1,0.0,,,[]
fieldwork_shortlist,Fieldwork shortlist,,19,0.3643,Ungtjärnen,Ungtjärnen,sweden_lake_registry:666346-150259,60.089033,15.850291,"https://www.google.com/maps/search/?api=1&query=60.089033,15.850291",11,0.2037,7,aggregate; fieldwork shortlist; 10 km; 20 km; 30 km; 40 km; 50 km,666346-150259,water_surface_name,0.101555,compact_lake_candidate,0.63,small mapped water surface; prefer checking basin depth and access before field planning,site_review_required,bathymetry and basin depth; sediment preservation and prior coring history; shore access and landowner contact; permit requirements; field hazards and logistics,1,0.0,,,"[{""latitude"":60.083333,""longitude"":15.833333,""source_layer_key"":""landclim-sites"",""source_name"":""Gilltjärnen"",""source_record"":""landclim-sites:897303:Gilltjärnen:60.083333:15.833333"",""source_url"":""https://doi.org/10.1594/PANGAEA.897303"",""temporal_semantics"":{""comparability_posture"":""numeric_interval"",""comparison_note"":""This interval describes sequence coverage, not a single pollen observation or an event date."",""duration_years"":6200,""evidence_class"":""pollen_site_sequence_coverage"",""normalized_labels"":[""0-100 BP to 5700-6200 BP""],""original_labels"":[""0-100 BP to 5700-6200 BP""],""precision_posture"":""site_sequence_interval"",""provenance_excerpt"":"""",""provenance_locator"":""SiteData:Gilltjärnen"",""provenance_path"":""data/landclim/raw/landclim_i_land_cover_types.xlsx"",""schema_version"":""temporal-semantics.v1"",""source_family"":""landclim"",""summary_label"":""0-100 BP to 5700-6200 BP"",""temporal_window_key"":""mid_holocene"",""temporal_window_label"":""Mid-Holocene (3001-6000 BP)"",""time_end_bp"":6200,""time_mean_bp"":3100,""time_start_bp"":0,""uncertainty_notes"":[]},""time_end_bp"":6200,""time_label"":""0-100 BP to 5700-6200 BP"",""time_mean_bp"":3100,""time_start_bp"":0},{""latitude"":60.08333,""longitude"":15.83333,""source_layer_key"":""neotoma-pollen"",""source_name"":""Gilltjärnen"",""source_record"":""neotoma-pollen:28866"",""source_url"":""https://apps.neotomadb.org/explorer/#/record/site/28866"",""temporal_semantics"":{""comparability_posture"":""numeric_interval"",""comparison_note"":""Neotoma publishes BP age coverage here, but the interval remains a site-level pollen context span rather than a sample-owned event date."",""duration_years"":11100,""evidence_class"":""neotoma_bp_range"",""normalized_labels"":[""Calibrated radiocarbon years BP""],""original_labels"":[""Calibrated radiocarbon years BP""],""precision_posture"":""site_interval"",""provenance_excerpt"":"""",""provenance_locator"":""site_age_ranges"",""provenance_path"":"""",""schema_version"":""temporal-semantics.v1"",""source_family"":""neotoma"",""summary_label"":""0-11100 Calibrated radiocarbon years BP"",""temporal_window_key"":""mid_holocene"",""temporal_window_label"":""Mid-Holocene (3001-6000 BP)"",""time_end_bp"":11100,""time_mean_bp"":5550,""time_start_bp"":0,""uncertainty_notes"":[]},""time_end_bp"":11100,""time_label"":""0-11100 Calibrated radiocarbon years BP"",""time_mean_bp"":5550,""time_start_bp"":0}]"
fieldwork_shortlist,Fieldwork shortlist,,20,0.2797,Norr-Lången,Norr-Lången,sweden_lake_registry:685509-153253,61.810118,16.426007,"https://www.google.com/maps/search/?api=1&query=61.810118,16.426007",15,0.1668,6,aggregate; fieldwork shortlist; 10 km; 20 km; 30 km; 40 km,685509-153253,water_surface_name,0.114889,compact_lake_candidate,0.63,small mapped water surface; prefer checking basin depth and access before field planning,site_review_required,bathymetry and basin depth; sediment preservation and prior coring history; shore access and landowner contact; permit requirements; field hazards and logistics,1,0.0,,,"[{""latitude"":61.82125,""longitude"":16.40472,""source_layer_key"":""neotoma-pollen"",""source_name"":""Klotjärnen"",""source_record"":""neotoma-pollen:13336"",""source_url"":""https://apps.neotomadb.org/explorer/#/record/site/13336"",""temporal_semantics"":{""comparability_posture"":""numeric_interval"",""comparison_note"":""Neotoma publishes BP age coverage here, but the interval remains a site-level pollen context span rather than a sample-owned event date."",""duration_years"":10072,""evidence_class"":""neotoma_bp_range"",""normalized_labels"":[""Calibrated radiocarbon years BP""],""original_labels"":[""Calibrated radiocarbon years BP""],""precision_posture"":""site_interval"",""provenance_excerpt"":"""",""provenance_locator"":""site_age_ranges"",""provenance_path"":"""",""schema_version"":""temporal-semantics.v1"",""source_family"":""neotoma"",""summary_label"":""0-10072 Calibrated radiocarbon years BP"",""temporal_window_key"":""mid_holocene"",""temporal_window_label"":""Mid-Holocene (3001-6000 BP)"",""time_end_bp"":10072,""time_mean_bp"":5036,""time_start_bp"":0,""uncertainty_notes"":[]},""time_end_bp"":10072,""time_label"":""0-10072 Calibrated radiocarbon years BP"",""time_mean_bp"":5036,""time_start_bp"":0}]"
