{
  "type": "FeatureCollection",
  "features": [
    {
      "type": "Feature",
      "geometry": {
        "type": "Point",
        "coordinates": [
          13.65652,
          58.334534
        ]
      },
      "properties": {
        "source": "bijux-pollenomics",
        "layer_key": "lake-evidence-candidates",
        "layer_label": "Sweden lake evidence candidates",
        "category": "Lake evidence candidate",
        "country": "Sweden",
        "record_id": "sweden_lake_registry:646994-137366",
        "name": "Bj\u00e4rsj\u00f6n",
        "geometry_type": "Point",
        "subtitle": "Sweden lake evidence candidate",
        "description": "Lake candidate anchored to the official Sweden lake registry.",
        "source_url": "https://vattenwebb.smhi.se/svarwebb/?sjoid=646994-137366",
        "record_count": 1,
        "media_links": [
          {
            "label": "Open in Google Maps",
            "url": "https://www.google.com/maps/search/?api=1&query=58.334534,13.656520",
            "kind": "link"
          },
          {
            "label": "Open representative source",
            "url": "https://vattenwebb.smhi.se/svarwebb/?sjoid=646994-137366",
            "kind": "link"
          }
        ],
        "popup_rows": [
          {
            "label": "Aggregate rank",
            "value": "1"
          },
          {
            "label": "Aggregate score",
            "value": "0.7070"
          },
          {
            "label": "Coordinates",
            "value": "58.334534, 13.656520"
          },
          {
            "label": "Coordinate method",
            "value": "svar_polygon_representative_point"
          },
          {
            "label": "Representative source",
            "value": "svar-lakes:646994-137366 (Bj\u00e4rsj\u00f6n)"
          },
          {
            "label": "Lake registry id",
            "value": "646994-137366"
          },
          {
            "label": "Lake name status",
            "value": "water_surface_name"
          },
          {
            "label": "Lake area",
            "value": "0.133 km\u00b2"
          },
          {
            "label": "Sampling posture",
            "value": "compact_lake_candidate"
          },
          {
            "label": "Sampling fit",
            "value": "0.6300"
          },
          {
            "label": "Sampling readiness",
            "value": "site_review_required"
          },
          {
            "label": "Sampling evidence still required",
            "value": "bathymetry and basin depth, sediment preservation and prior coring history, shore access and landowner contact, permit requirements, field hazards and logistics"
          },
          {
            "label": "Pollen sources",
            "value": "neotoma-pollen"
          },
          {
            "label": "Direct pollen with numeric chronology",
            "value": "0"
          },
          {
            "label": "20 km pollen with numeric chronology",
            "value": "1"
          },
          {
            "label": "20 km pollen overlapping nearby human chronology",
            "value": "1"
          },
          {
            "label": "20 km SEAD with numeric chronology",
            "value": "2"
          },
          {
            "label": "20 km SEAD overlapping nearby human chronology",
            "value": "1"
          },
          {
            "label": "Duplicate Sweden names",
            "value": "1"
          },
          {
            "label": "Coordinate spread",
            "value": "0.00 km"
          },
          {
            "label": "Identity diagnostics",
            "value": "none"
          },
          {
            "label": "Identity note",
            "value": "No explicit identity warning."
          },
          {
            "label": "Temporal support",
            "value": "No numeric direct-pollen interval"
          }
        ],
        "time_start_bp": null,
        "time_end_bp": null,
        "time_mean_bp": null,
        "time_label": "Chronology unresolved",
        "temporal_semantics": {
          "comparability_posture": "unresolved",
          "comparison_note": "The lake identity remains visible, but no direct pollen record with a numeric interval supports time filtering."
        }
      }
    },
    {
      "type": "Feature",
      "geometry": {
        "type": "Point",
        "coordinates": [
          13.422814,
          55.577162
        ]
      },
      "properties": {
        "source": "bijux-pollenomics",
        "layer_key": "lake-evidence-candidates",
        "layer_label": "Sweden lake evidence candidates",
        "category": "Lake evidence candidate",
        "country": "Sweden",
        "record_id": "sweden_lake_registry:616410-134992:landclim-sites:897303:B\u00f6kesj\u00f6n:55.575556:13.437500",
        "name": "H\u00e4ckebergasj\u00f6n",
        "geometry_type": "Point",
        "subtitle": "Sweden lake evidence candidate",
        "description": "Lake candidate anchored to the official Sweden lake registry.",
        "source_url": "https://vattenwebb.smhi.se/svarwebb/?sjoid=616410-134992",
        "record_count": 1,
        "media_links": [
          {
            "label": "Open in Google Maps",
            "url": "https://www.google.com/maps/search/?api=1&query=55.577162,13.422814",
            "kind": "link"
          },
          {
            "label": "Open representative source",
            "url": "https://vattenwebb.smhi.se/svarwebb/?sjoid=616410-134992",
            "kind": "link"
          }
        ],
        "popup_rows": [
          {
            "label": "Aggregate rank",
            "value": "2"
          },
          {
            "label": "Aggregate score",
            "value": "0.4204"
          },
          {
            "label": "Coordinates",
            "value": "55.577162, 13.422814"
          },
          {
            "label": "Coordinate method",
            "value": "svar_polygon_representative_point"
          },
          {
            "label": "Representative source",
            "value": "svar-lakes:616410-134992 (H\u00e4ckebergasj\u00f6n)"
          },
          {
            "label": "Lake registry id",
            "value": "616410-134992"
          },
          {
            "label": "Lake name status",
            "value": "water_surface_name"
          },
          {
            "label": "Lake area",
            "value": "0.759 km\u00b2"
          },
          {
            "label": "Sampling posture",
            "value": "sampling_lake_candidate"
          },
          {
            "label": "Sampling fit",
            "value": "1.0000"
          },
          {
            "label": "Sampling readiness",
            "value": "site_review_required"
          },
          {
            "label": "Sampling evidence still required",
            "value": "bathymetry and basin depth, sediment preservation and prior coring history, shore access and landowner contact, permit requirements, field hazards and logistics"
          },
          {
            "label": "Pollen sources",
            "value": "landclim-sites, neotoma-pollen"
          },
          {
            "label": "Direct pollen with numeric chronology",
            "value": "4"
          },
          {
            "label": "20 km pollen with numeric chronology",
            "value": "6"
          },
          {
            "label": "20 km pollen overlapping nearby human chronology",
            "value": "4"
          },
          {
            "label": "20 km SEAD with numeric chronology",
            "value": "30"
          },
          {
            "label": "20 km SEAD overlapping nearby human chronology",
            "value": "10"
          },
          {
            "label": "Duplicate Sweden names",
            "value": "1"
          },
          {
            "label": "Coordinate spread",
            "value": "0.00 km"
          },
          {
            "label": "Identity diagnostics",
            "value": "none"
          },
          {
            "label": "Identity note",
            "value": "No explicit identity warning."
          },
          {
            "label": "Temporal support",
            "value": "0-100 BP to 2700-3200 BP"
          },
          {
            "label": "Temporal source",
            "value": "landclim-sites:897303:B\u00f6kesj\u00f6n:55.575556:13.437500"
          }
        ],
        "time_start_bp": 0,
        "time_end_bp": 3200,
        "time_mean_bp": 1600,
        "time_label": "0-100 BP to 2700-3200 BP",
        "temporal_semantics": {
          "schema_version": "temporal-semantics.v1",
          "source_family": "landclim",
          "evidence_class": "pollen_site_sequence_coverage",
          "precision_posture": "site_sequence_interval",
          "comparability_posture": "numeric_interval",
          "summary_label": "0-100 BP to 2700-3200 BP",
          "temporal_window_key": "late_holocene",
          "temporal_window_label": "Late Holocene (1001-3000 BP)",
          "time_start_bp": 0,
          "time_end_bp": 3200,
          "time_mean_bp": 1600,
          "duration_years": 3200,
          "comparison_note": "This interval describes sequence coverage, not a single pollen observation or an event date.",
          "provenance_path": "data/landclim/raw/landclim_i_land_cover_types.xlsx",
          "provenance_locator": "SiteData:B\u00f6kesj\u00f6n",
          "provenance_excerpt": "",
          "original_labels": [
            "0-100 BP to 2700-3200 BP"
          ],
          "normalized_labels": [
            "0-100 BP to 2700-3200 BP"
          ],
          "uncertainty_notes": []
        }
      }
    },
    {
      "type": "Feature",
      "geometry": {
        "type": "Point",
        "coordinates": [
          13.422814,
          55.577162
        ]
      },
      "properties": {
        "source": "bijux-pollenomics",
        "layer_key": "lake-evidence-candidates",
        "layer_label": "Sweden lake evidence candidates",
        "category": "Lake evidence candidate",
        "country": "Sweden",
        "record_id": "sweden_lake_registry:616410-134992:landclim-sites:900966:GC18:B\u00f6kesj\u00f6n",
        "name": "H\u00e4ckebergasj\u00f6n",
        "geometry_type": "Point",
        "subtitle": "Sweden lake evidence candidate",
        "description": "Lake candidate anchored to the official Sweden lake registry.",
        "source_url": "https://vattenwebb.smhi.se/svarwebb/?sjoid=616410-134992",
        "record_count": 1,
        "media_links": [
          {
            "label": "Open in Google Maps",
            "url": "https://www.google.com/maps/search/?api=1&query=55.577162,13.422814",
            "kind": "link"
          },
          {
            "label": "Open representative source",
            "url": "https://vattenwebb.smhi.se/svarwebb/?sjoid=616410-134992",
            "kind": "link"
          }
        ],
        "popup_rows": [
          {
            "label": "Aggregate rank",
            "value": "2"
          },
          {
            "label": "Aggregate score",
            "value": "0.4204"
          },
          {
            "label": "Coordinates",
            "value": "55.577162, 13.422814"
          },
          {
            "label": "Coordinate method",
            "value": "svar_polygon_representative_point"
          },
          {
            "label": "Representative source",
            "value": "svar-lakes:616410-134992 (H\u00e4ckebergasj\u00f6n)"
          },
          {
            "label": "Lake registry id",
            "value": "616410-134992"
          },
          {
            "label": "Lake name status",
            "value": "water_surface_name"
          },
          {
            "label": "Lake area",
            "value": "0.759 km\u00b2"
          },
          {
            "label": "Sampling posture",
            "value": "sampling_lake_candidate"
          },
          {
            "label": "Sampling fit",
            "value": "1.0000"
          },
          {
            "label": "Sampling readiness",
            "value": "site_review_required"
          },
          {
            "label": "Sampling evidence still required",
            "value": "bathymetry and basin depth, sediment preservation and prior coring history, shore access and landowner contact, permit requirements, field hazards and logistics"
          },
          {
            "label": "Pollen sources",
            "value": "landclim-sites, neotoma-pollen"
          },
          {
            "label": "Direct pollen with numeric chronology",
            "value": "4"
          },
          {
            "label": "20 km pollen with numeric chronology",
            "value": "6"
          },
          {
            "label": "20 km pollen overlapping nearby human chronology",
            "value": "4"
          },
          {
            "label": "20 km SEAD with numeric chronology",
            "value": "30"
          },
          {
            "label": "20 km SEAD overlapping nearby human chronology",
            "value": "10"
          },
          {
            "label": "Duplicate Sweden names",
            "value": "1"
          },
          {
            "label": "Coordinate spread",
            "value": "0.00 km"
          },
          {
            "label": "Identity diagnostics",
            "value": "none"
          },
          {
            "label": "Identity note",
            "value": "No explicit identity warning."
          },
          {
            "label": "Temporal support",
            "value": "0-11700 BP"
          },
          {
            "label": "Temporal source",
            "value": "landclim-sites:900966:GC18:B\u00f6kesj\u00f6n"
          }
        ],
        "time_start_bp": 0,
        "time_end_bp": 11700,
        "time_mean_bp": 5850,
        "time_label": "0-11700 BP",
        "temporal_semantics": {
          "schema_version": "temporal-semantics.v1",
          "source_family": "landclim",
          "evidence_class": "pollen_site_sequence_coverage",
          "precision_posture": "site_sequence_interval",
          "comparability_posture": "numeric_interval",
          "summary_label": "0-11700 BP",
          "temporal_window_key": "mid_holocene",
          "temporal_window_label": "Mid-Holocene (3001-6000 BP)",
          "time_start_bp": 0,
          "time_end_bp": 11700,
          "time_mean_bp": 5850,
          "duration_years": 11700,
          "comparison_note": "This interval describes sequence coverage, not a single pollen observation or an event date.",
          "provenance_path": "data/landclim/raw/marquer_2017_reveals_taxa_grid_cells.xlsx",
          "provenance_locator": "Metadata:B\u00f6kesj\u00f6n",
          "provenance_excerpt": "",
          "original_labels": [
            "0-11700 BP"
          ],
          "normalized_labels": [
            "0-11700 BP"
          ],
          "uncertainty_notes": []
        }
      }
    },
    {
      "type": "Feature",
      "geometry": {
        "type": "Point",
        "coordinates": [
          13.422814,
          55.577162
        ]
      },
      "properties": {
        "source": "bijux-pollenomics",
        "layer_key": "lake-evidence-candidates",
        "layer_label": "Sweden lake evidence candidates",
        "category": "Lake evidence candidate",
        "country": "Sweden",
        "record_id": "sweden_lake_registry:616410-134992:landclim-sites:937075:BOKE",
        "name": "H\u00e4ckebergasj\u00f6n",
        "geometry_type": "Point",
        "subtitle": "Sweden lake evidence candidate",
        "description": "Lake candidate anchored to the official Sweden lake registry.",
        "source_url": "https://vattenwebb.smhi.se/svarwebb/?sjoid=616410-134992",
        "record_count": 1,
        "media_links": [
          {
            "label": "Open in Google Maps",
            "url": "https://www.google.com/maps/search/?api=1&query=55.577162,13.422814",
            "kind": "link"
          },
          {
            "label": "Open representative source",
            "url": "https://vattenwebb.smhi.se/svarwebb/?sjoid=616410-134992",
            "kind": "link"
          }
        ],
        "popup_rows": [
          {
            "label": "Aggregate rank",
            "value": "2"
          },
          {
            "label": "Aggregate score",
            "value": "0.4204"
          },
          {
            "label": "Coordinates",
            "value": "55.577162, 13.422814"
          },
          {
            "label": "Coordinate method",
            "value": "svar_polygon_representative_point"
          },
          {
            "label": "Representative source",
            "value": "svar-lakes:616410-134992 (H\u00e4ckebergasj\u00f6n)"
          },
          {
            "label": "Lake registry id",
            "value": "616410-134992"
          },
          {
            "label": "Lake name status",
            "value": "water_surface_name"
          },
          {
            "label": "Lake area",
            "value": "0.759 km\u00b2"
          },
          {
            "label": "Sampling posture",
            "value": "sampling_lake_candidate"
          },
          {
            "label": "Sampling fit",
            "value": "1.0000"
          },
          {
            "label": "Sampling readiness",
            "value": "site_review_required"
          },
          {
            "label": "Sampling evidence still required",
            "value": "bathymetry and basin depth, sediment preservation and prior coring history, shore access and landowner contact, permit requirements, field hazards and logistics"
          },
          {
            "label": "Pollen sources",
            "value": "landclim-sites, neotoma-pollen"
          },
          {
            "label": "Direct pollen with numeric chronology",
            "value": "4"
          },
          {
            "label": "20 km pollen with numeric chronology",
            "value": "6"
          },
          {
            "label": "20 km pollen overlapping nearby human chronology",
            "value": "4"
          },
          {
            "label": "20 km SEAD with numeric chronology",
            "value": "30"
          },
          {
            "label": "20 km SEAD overlapping nearby human chronology",
            "value": "10"
          },
          {
            "label": "Duplicate Sweden names",
            "value": "1"
          },
          {
            "label": "Coordinate spread",
            "value": "0.00 km"
          },
          {
            "label": "Identity diagnostics",
            "value": "none"
          },
          {
            "label": "Identity note",
            "value": "No explicit identity warning."
          },
          {
            "label": "Temporal support",
            "value": "-40-5605 BP"
          },
          {
            "label": "Temporal source",
            "value": "landclim-sites:937075:BOKE"
          }
        ],
        "time_start_bp": -40,
        "time_end_bp": 5605,
        "time_mean_bp": 2782,
        "time_label": "-40-5605 BP",
        "temporal_semantics": {
          "schema_version": "temporal-semantics.v1",
          "source_family": "landclim",
          "evidence_class": "pollen_site_sequence_coverage",
          "precision_posture": "site_sequence_interval",
          "comparability_posture": "numeric_interval",
          "summary_label": "-40-5605 BP",
          "temporal_window_key": "late_holocene",
          "temporal_window_label": "Late Holocene (1001-3000 BP)",
          "time_start_bp": -40,
          "time_end_bp": 5605,
          "time_mean_bp": 2782,
          "duration_years": 5645,
          "comparison_note": "This interval describes sequence coverage, not a single pollen observation or an event date.",
          "provenance_path": "data/landclim/raw/landclim_ii_site_metadata.xlsx",
          "provenance_locator": "LANDCLIMII metadata file:BOKE",
          "provenance_excerpt": "",
          "original_labels": [
            "-40-5605 BP"
          ],
          "normalized_labels": [
            "-40-5605 BP"
          ],
          "uncertainty_notes": []
        }
      }
    },
    {
      "type": "Feature",
      "geometry": {
        "type": "Point",
        "coordinates": [
          13.422814,
          55.577162
        ]
      },
      "properties": {
        "source": "bijux-pollenomics",
        "layer_key": "lake-evidence-candidates",
        "layer_label": "Sweden lake evidence candidates",
        "category": "Lake evidence candidate",
        "country": "Sweden",
        "record_id": "sweden_lake_registry:616410-134992:neotoma-pollen:28872",
        "name": "H\u00e4ckebergasj\u00f6n",
        "geometry_type": "Point",
        "subtitle": "Sweden lake evidence candidate",
        "description": "Lake candidate anchored to the official Sweden lake registry.",
        "source_url": "https://vattenwebb.smhi.se/svarwebb/?sjoid=616410-134992",
        "record_count": 1,
        "media_links": [
          {
            "label": "Open in Google Maps",
            "url": "https://www.google.com/maps/search/?api=1&query=55.577162,13.422814",
            "kind": "link"
          },
          {
            "label": "Open representative source",
            "url": "https://vattenwebb.smhi.se/svarwebb/?sjoid=616410-134992",
            "kind": "link"
          }
        ],
        "popup_rows": [
          {
            "label": "Aggregate rank",
            "value": "2"
          },
          {
            "label": "Aggregate score",
            "value": "0.4204"
          },
          {
            "label": "Coordinates",
            "value": "55.577162, 13.422814"
          },
          {
            "label": "Coordinate method",
            "value": "svar_polygon_representative_point"
          },
          {
            "label": "Representative source",
            "value": "svar-lakes:616410-134992 (H\u00e4ckebergasj\u00f6n)"
          },
          {
            "label": "Lake registry id",
            "value": "616410-134992"
          },
          {
            "label": "Lake name status",
            "value": "water_surface_name"
          },
          {
            "label": "Lake area",
            "value": "0.759 km\u00b2"
          },
          {
            "label": "Sampling posture",
            "value": "sampling_lake_candidate"
          },
          {
            "label": "Sampling fit",
            "value": "1.0000"
          },
          {
            "label": "Sampling readiness",
            "value": "site_review_required"
          },
          {
            "label": "Sampling evidence still required",
            "value": "bathymetry and basin depth, sediment preservation and prior coring history, shore access and landowner contact, permit requirements, field hazards and logistics"
          },
          {
            "label": "Pollen sources",
            "value": "landclim-sites, neotoma-pollen"
          },
          {
            "label": "Direct pollen with numeric chronology",
            "value": "4"
          },
          {
            "label": "20 km pollen with numeric chronology",
            "value": "6"
          },
          {
            "label": "20 km pollen overlapping nearby human chronology",
            "value": "4"
          },
          {
            "label": "20 km SEAD with numeric chronology",
            "value": "30"
          },
          {
            "label": "20 km SEAD overlapping nearby human chronology",
            "value": "10"
          },
          {
            "label": "Duplicate Sweden names",
            "value": "1"
          },
          {
            "label": "Coordinate spread",
            "value": "0.00 km"
          },
          {
            "label": "Identity diagnostics",
            "value": "none"
          },
          {
            "label": "Identity note",
            "value": "No explicit identity warning."
          },
          {
            "label": "Temporal support",
            "value": "0-5605 Calibrated radiocarbon years BP"
          },
          {
            "label": "Temporal source",
            "value": "neotoma-pollen:28872"
          }
        ],
        "time_start_bp": 0,
        "time_end_bp": 5605,
        "time_mean_bp": 2802,
        "time_label": "0-5605 Calibrated radiocarbon years BP",
        "temporal_semantics": {
          "schema_version": "temporal-semantics.v1",
          "source_family": "neotoma",
          "evidence_class": "neotoma_bp_range",
          "precision_posture": "site_interval",
          "comparability_posture": "numeric_interval",
          "summary_label": "0-5605 Calibrated radiocarbon years BP",
          "temporal_window_key": "late_holocene",
          "temporal_window_label": "Late Holocene (1001-3000 BP)",
          "time_start_bp": 0,
          "time_end_bp": 5605,
          "time_mean_bp": 2802,
          "duration_years": 5605,
          "comparison_note": "Neotoma publishes BP age coverage here, but the interval remains a site-level pollen context span rather than a sample-owned event date.",
          "provenance_path": "",
          "provenance_locator": "site_age_ranges",
          "provenance_excerpt": "",
          "original_labels": [
            "Calibrated radiocarbon years BP"
          ],
          "normalized_labels": [
            "Calibrated radiocarbon years BP"
          ],
          "uncertainty_notes": []
        }
      }
    },
    {
      "type": "Feature",
      "geometry": {
        "type": "Point",
        "coordinates": [
          18.527093,
          57.341825
        ]
      },
      "properties": {
        "source": "bijux-pollenomics",
        "layer_key": "lake-evidence-candidates",
        "layer_label": "Sweden lake evidence candidates",
        "category": "Lake evidence candidate",
        "country": "Sweden",
        "record_id": "sweden_lake_registry:636053-166363",
        "name": "Sigvaldetr\u00e4sk",
        "geometry_type": "Point",
        "subtitle": "Sweden lake evidence candidate",
        "description": "Lake candidate anchored to the official Sweden lake registry.",
        "source_url": "https://vattenwebb.smhi.se/svarwebb/?sjoid=636053-166363",
        "record_count": 1,
        "media_links": [
          {
            "label": "Open in Google Maps",
            "url": "https://www.google.com/maps/search/?api=1&query=57.341825,18.527093",
            "kind": "link"
          },
          {
            "label": "Open representative source",
            "url": "https://vattenwebb.smhi.se/svarwebb/?sjoid=636053-166363",
            "kind": "link"
          }
        ],
        "popup_rows": [
          {
            "label": "Aggregate rank",
            "value": "3"
          },
          {
            "label": "Aggregate score",
            "value": "0.3981"
          },
          {
            "label": "Coordinates",
            "value": "57.341825, 18.527093"
          },
          {
            "label": "Coordinate method",
            "value": "svar_polygon_representative_point"
          },
          {
            "label": "Representative source",
            "value": "svar-lakes:636053-166363 (Sigvaldetr\u00e4sk)"
          },
          {
            "label": "Lake registry id",
            "value": "636053-166363"
          },
          {
            "label": "Lake name status",
            "value": "water_surface_name"
          },
          {
            "label": "Lake area",
            "value": "0.087 km\u00b2"
          },
          {
            "label": "Sampling posture",
            "value": "compact_lake_candidate"
          },
          {
            "label": "Sampling fit",
            "value": "0.6300"
          },
          {
            "label": "Sampling readiness",
            "value": "site_review_required"
          },
          {
            "label": "Sampling evidence still required",
            "value": "bathymetry and basin depth, sediment preservation and prior coring history, shore access and landowner contact, permit requirements, field hazards and logistics"
          },
          {
            "label": "Pollen sources",
            "value": "neotoma-pollen"
          },
          {
            "label": "Direct pollen with numeric chronology",
            "value": "0"
          },
          {
            "label": "20 km pollen with numeric chronology",
            "value": "0"
          },
          {
            "label": "20 km pollen overlapping nearby human chronology",
            "value": "0"
          },
          {
            "label": "20 km SEAD with numeric chronology",
            "value": "19"
          },
          {
            "label": "20 km SEAD overlapping nearby human chronology",
            "value": "5"
          },
          {
            "label": "Duplicate Sweden names",
            "value": "1"
          },
          {
            "label": "Coordinate spread",
            "value": "0.00 km"
          },
          {
            "label": "Identity diagnostics",
            "value": "none"
          },
          {
            "label": "Identity note",
            "value": "No explicit identity warning."
          },
          {
            "label": "Temporal support",
            "value": "No numeric direct-pollen interval"
          }
        ],
        "time_start_bp": null,
        "time_end_bp": null,
        "time_mean_bp": null,
        "time_label": "Chronology unresolved",
        "temporal_semantics": {
          "comparability_posture": "unresolved",
          "comparison_note": "The lake identity remains visible, but no direct pollen record with a numeric interval supports time filtering."
        }
      }
    },
    {
      "type": "Feature",
      "geometry": {
        "type": "Point",
        "coordinates": [
          13.744603,
          55.501715
        ]
      },
      "properties": {
        "source": "bijux-pollenomics",
        "layer_key": "lake-evidence-candidates",
        "layer_label": "Sweden lake evidence candidates",
        "category": "Lake evidence candidate",
        "country": "Sweden",
        "record_id": "sweden_lake_registry:615375-137087:landclim-sites:897303:Krageholmssj\u00f6n:55.500000:13.733333",
        "name": "Krageholmssj\u00f6n",
        "geometry_type": "Point",
        "subtitle": "Sweden lake evidence candidate",
        "description": "Lake candidate anchored to the official Sweden lake registry.",
        "source_url": "https://vattenwebb.smhi.se/svarwebb/?sjoid=615375-137087",
        "record_count": 1,
        "media_links": [
          {
            "label": "Open in Google Maps",
            "url": "https://www.google.com/maps/search/?api=1&query=55.501715,13.744603",
            "kind": "link"
          },
          {
            "label": "Open representative source",
            "url": "https://vattenwebb.smhi.se/svarwebb/?sjoid=615375-137087",
            "kind": "link"
          }
        ],
        "popup_rows": [
          {
            "label": "Aggregate rank",
            "value": "4"
          },
          {
            "label": "Aggregate score",
            "value": "0.3843"
          },
          {
            "label": "Coordinates",
            "value": "55.501715, 13.744603"
          },
          {
            "label": "Coordinate method",
            "value": "svar_polygon_representative_point"
          },
          {
            "label": "Representative source",
            "value": "svar-lakes:615375-137087 (Krageholmssj\u00f6n)"
          },
          {
            "label": "Lake registry id",
            "value": "615375-137087"
          },
          {
            "label": "Lake name status",
            "value": "water_surface_name"
          },
          {
            "label": "Lake area",
            "value": "2.051 km\u00b2"
          },
          {
            "label": "Sampling posture",
            "value": "sampling_lake_candidate"
          },
          {
            "label": "Sampling fit",
            "value": "1.0000"
          },
          {
            "label": "Sampling readiness",
            "value": "site_review_required"
          },
          {
            "label": "Sampling evidence still required",
            "value": "bathymetry and basin depth, sediment preservation and prior coring history, shore access and landowner contact, permit requirements, field hazards and logistics"
          },
          {
            "label": "Pollen sources",
            "value": "landclim-sites, neotoma-pollen"
          },
          {
            "label": "Direct pollen with numeric chronology",
            "value": "4"
          },
          {
            "label": "20 km pollen with numeric chronology",
            "value": "20"
          },
          {
            "label": "20 km pollen overlapping nearby human chronology",
            "value": "18"
          },
          {
            "label": "20 km SEAD with numeric chronology",
            "value": "30"
          },
          {
            "label": "20 km SEAD overlapping nearby human chronology",
            "value": "9"
          },
          {
            "label": "Duplicate Sweden names",
            "value": "1"
          },
          {
            "label": "Coordinate spread",
            "value": "0.00 km"
          },
          {
            "label": "Identity diagnostics",
            "value": "none"
          },
          {
            "label": "Identity note",
            "value": "No explicit identity warning."
          },
          {
            "label": "Temporal support",
            "value": "0-100 BP to 5700-6200 BP"
          },
          {
            "label": "Temporal source",
            "value": "landclim-sites:897303:Krageholmssj\u00f6n:55.500000:13.733333"
          }
        ],
        "time_start_bp": 0,
        "time_end_bp": 6200,
        "time_mean_bp": 3100,
        "time_label": "0-100 BP to 5700-6200 BP",
        "temporal_semantics": {
          "schema_version": "temporal-semantics.v1",
          "source_family": "landclim",
          "evidence_class": "pollen_site_sequence_coverage",
          "precision_posture": "site_sequence_interval",
          "comparability_posture": "numeric_interval",
          "summary_label": "0-100 BP to 5700-6200 BP",
          "temporal_window_key": "mid_holocene",
          "temporal_window_label": "Mid-Holocene (3001-6000 BP)",
          "time_start_bp": 0,
          "time_end_bp": 6200,
          "time_mean_bp": 3100,
          "duration_years": 6200,
          "comparison_note": "This interval describes sequence coverage, not a single pollen observation or an event date.",
          "provenance_path": "data/landclim/raw/landclim_i_land_cover_types.xlsx",
          "provenance_locator": "SiteData:Krageholmssj\u00f6n",
          "provenance_excerpt": "",
          "original_labels": [
            "0-100 BP to 5700-6200 BP"
          ],
          "normalized_labels": [
            "0-100 BP to 5700-6200 BP"
          ],
          "uncertainty_notes": []
        }
      }
    },
    {
      "type": "Feature",
      "geometry": {
        "type": "Point",
        "coordinates": [
          13.744603,
          55.501715
        ]
      },
      "properties": {
        "source": "bijux-pollenomics",
        "layer_key": "lake-evidence-candidates",
        "layer_label": "Sweden lake evidence candidates",
        "category": "Lake evidence candidate",
        "country": "Sweden",
        "record_id": "sweden_lake_registry:615375-137087:landclim-sites:900966:GC18:Krageholmssj\u00f6n",
        "name": "Krageholmssj\u00f6n",
        "geometry_type": "Point",
        "subtitle": "Sweden lake evidence candidate",
        "description": "Lake candidate anchored to the official Sweden lake registry.",
        "source_url": "https://vattenwebb.smhi.se/svarwebb/?sjoid=615375-137087",
        "record_count": 1,
        "media_links": [
          {
            "label": "Open in Google Maps",
            "url": "https://www.google.com/maps/search/?api=1&query=55.501715,13.744603",
            "kind": "link"
          },
          {
            "label": "Open representative source",
            "url": "https://vattenwebb.smhi.se/svarwebb/?sjoid=615375-137087",
            "kind": "link"
          }
        ],
        "popup_rows": [
          {
            "label": "Aggregate rank",
            "value": "4"
          },
          {
            "label": "Aggregate score",
            "value": "0.3843"
          },
          {
            "label": "Coordinates",
            "value": "55.501715, 13.744603"
          },
          {
            "label": "Coordinate method",
            "value": "svar_polygon_representative_point"
          },
          {
            "label": "Representative source",
            "value": "svar-lakes:615375-137087 (Krageholmssj\u00f6n)"
          },
          {
            "label": "Lake registry id",
            "value": "615375-137087"
          },
          {
            "label": "Lake name status",
            "value": "water_surface_name"
          },
          {
            "label": "Lake area",
            "value": "2.051 km\u00b2"
          },
          {
            "label": "Sampling posture",
            "value": "sampling_lake_candidate"
          },
          {
            "label": "Sampling fit",
            "value": "1.0000"
          },
          {
            "label": "Sampling readiness",
            "value": "site_review_required"
          },
          {
            "label": "Sampling evidence still required",
            "value": "bathymetry and basin depth, sediment preservation and prior coring history, shore access and landowner contact, permit requirements, field hazards and logistics"
          },
          {
            "label": "Pollen sources",
            "value": "landclim-sites, neotoma-pollen"
          },
          {
            "label": "Direct pollen with numeric chronology",
            "value": "4"
          },
          {
            "label": "20 km pollen with numeric chronology",
            "value": "20"
          },
          {
            "label": "20 km pollen overlapping nearby human chronology",
            "value": "18"
          },
          {
            "label": "20 km SEAD with numeric chronology",
            "value": "30"
          },
          {
            "label": "20 km SEAD overlapping nearby human chronology",
            "value": "9"
          },
          {
            "label": "Duplicate Sweden names",
            "value": "1"
          },
          {
            "label": "Coordinate spread",
            "value": "0.00 km"
          },
          {
            "label": "Identity diagnostics",
            "value": "none"
          },
          {
            "label": "Identity note",
            "value": "No explicit identity warning."
          },
          {
            "label": "Temporal support",
            "value": "0-11700 BP"
          },
          {
            "label": "Temporal source",
            "value": "landclim-sites:900966:GC18:Krageholmssj\u00f6n"
          }
        ],
        "time_start_bp": 0,
        "time_end_bp": 11700,
        "time_mean_bp": 5850,
        "time_label": "0-11700 BP",
        "temporal_semantics": {
          "schema_version": "temporal-semantics.v1",
          "source_family": "landclim",
          "evidence_class": "pollen_site_sequence_coverage",
          "precision_posture": "site_sequence_interval",
          "comparability_posture": "numeric_interval",
          "summary_label": "0-11700 BP",
          "temporal_window_key": "mid_holocene",
          "temporal_window_label": "Mid-Holocene (3001-6000 BP)",
          "time_start_bp": 0,
          "time_end_bp": 11700,
          "time_mean_bp": 5850,
          "duration_years": 11700,
          "comparison_note": "This interval describes sequence coverage, not a single pollen observation or an event date.",
          "provenance_path": "data/landclim/raw/marquer_2017_reveals_taxa_grid_cells.xlsx",
          "provenance_locator": "Metadata:Krageholmssj\u00f6n",
          "provenance_excerpt": "",
          "original_labels": [
            "0-11700 BP"
          ],
          "normalized_labels": [
            "0-11700 BP"
          ],
          "uncertainty_notes": []
        }
      }
    },
    {
      "type": "Feature",
      "geometry": {
        "type": "Point",
        "coordinates": [
          13.744603,
          55.501715
        ]
      },
      "properties": {
        "source": "bijux-pollenomics",
        "layer_key": "lake-evidence-candidates",
        "layer_label": "Sweden lake evidence candidates",
        "category": "Lake evidence candidate",
        "country": "Sweden",
        "record_id": "sweden_lake_registry:615375-137087:landclim-sites:937075:KRA",
        "name": "Krageholmssj\u00f6n",
        "geometry_type": "Point",
        "subtitle": "Sweden lake evidence candidate",
        "description": "Lake candidate anchored to the official Sweden lake registry.",
        "source_url": "https://vattenwebb.smhi.se/svarwebb/?sjoid=615375-137087",
        "record_count": 1,
        "media_links": [
          {
            "label": "Open in Google Maps",
            "url": "https://www.google.com/maps/search/?api=1&query=55.501715,13.744603",
            "kind": "link"
          },
          {
            "label": "Open representative source",
            "url": "https://vattenwebb.smhi.se/svarwebb/?sjoid=615375-137087",
            "kind": "link"
          }
        ],
        "popup_rows": [
          {
            "label": "Aggregate rank",
            "value": "4"
          },
          {
            "label": "Aggregate score",
            "value": "0.3843"
          },
          {
            "label": "Coordinates",
            "value": "55.501715, 13.744603"
          },
          {
            "label": "Coordinate method",
            "value": "svar_polygon_representative_point"
          },
          {
            "label": "Representative source",
            "value": "svar-lakes:615375-137087 (Krageholmssj\u00f6n)"
          },
          {
            "label": "Lake registry id",
            "value": "615375-137087"
          },
          {
            "label": "Lake name status",
            "value": "water_surface_name"
          },
          {
            "label": "Lake area",
            "value": "2.051 km\u00b2"
          },
          {
            "label": "Sampling posture",
            "value": "sampling_lake_candidate"
          },
          {
            "label": "Sampling fit",
            "value": "1.0000"
          },
          {
            "label": "Sampling readiness",
            "value": "site_review_required"
          },
          {
            "label": "Sampling evidence still required",
            "value": "bathymetry and basin depth, sediment preservation and prior coring history, shore access and landowner contact, permit requirements, field hazards and logistics"
          },
          {
            "label": "Pollen sources",
            "value": "landclim-sites, neotoma-pollen"
          },
          {
            "label": "Direct pollen with numeric chronology",
            "value": "4"
          },
          {
            "label": "20 km pollen with numeric chronology",
            "value": "20"
          },
          {
            "label": "20 km pollen overlapping nearby human chronology",
            "value": "18"
          },
          {
            "label": "20 km SEAD with numeric chronology",
            "value": "30"
          },
          {
            "label": "20 km SEAD overlapping nearby human chronology",
            "value": "9"
          },
          {
            "label": "Duplicate Sweden names",
            "value": "1"
          },
          {
            "label": "Coordinate spread",
            "value": "0.00 km"
          },
          {
            "label": "Identity diagnostics",
            "value": "none"
          },
          {
            "label": "Identity note",
            "value": "No explicit identity warning."
          },
          {
            "label": "Temporal support",
            "value": "11-11600 BP"
          },
          {
            "label": "Temporal source",
            "value": "landclim-sites:937075:KRA"
          }
        ],
        "time_start_bp": 11,
        "time_end_bp": 11600,
        "time_mean_bp": 5806,
        "time_label": "11-11600 BP",
        "temporal_semantics": {
          "schema_version": "temporal-semantics.v1",
          "source_family": "landclim",
          "evidence_class": "pollen_site_sequence_coverage",
          "precision_posture": "site_sequence_interval",
          "comparability_posture": "numeric_interval",
          "summary_label": "11-11600 BP",
          "temporal_window_key": "mid_holocene",
          "temporal_window_label": "Mid-Holocene (3001-6000 BP)",
          "time_start_bp": 11,
          "time_end_bp": 11600,
          "time_mean_bp": 5806,
          "duration_years": 11589,
          "comparison_note": "This interval describes sequence coverage, not a single pollen observation or an event date.",
          "provenance_path": "data/landclim/raw/landclim_ii_site_metadata.xlsx",
          "provenance_locator": "LANDCLIMII metadata file:KRA",
          "provenance_excerpt": "",
          "original_labels": [
            "11-11600 BP"
          ],
          "normalized_labels": [
            "11-11600 BP"
          ],
          "uncertainty_notes": []
        }
      }
    },
    {
      "type": "Feature",
      "geometry": {
        "type": "Point",
        "coordinates": [
          13.744603,
          55.501715
        ]
      },
      "properties": {
        "source": "bijux-pollenomics",
        "layer_key": "lake-evidence-candidates",
        "layer_label": "Sweden lake evidence candidates",
        "category": "Lake evidence candidate",
        "country": "Sweden",
        "record_id": "sweden_lake_registry:615375-137087:neotoma-pollen:3204",
        "name": "Krageholmssj\u00f6n",
        "geometry_type": "Point",
        "subtitle": "Sweden lake evidence candidate",
        "description": "Lake candidate anchored to the official Sweden lake registry.",
        "source_url": "https://vattenwebb.smhi.se/svarwebb/?sjoid=615375-137087",
        "record_count": 1,
        "media_links": [
          {
            "label": "Open in Google Maps",
            "url": "https://www.google.com/maps/search/?api=1&query=55.501715,13.744603",
            "kind": "link"
          },
          {
            "label": "Open representative source",
            "url": "https://vattenwebb.smhi.se/svarwebb/?sjoid=615375-137087",
            "kind": "link"
          }
        ],
        "popup_rows": [
          {
            "label": "Aggregate rank",
            "value": "4"
          },
          {
            "label": "Aggregate score",
            "value": "0.3843"
          },
          {
            "label": "Coordinates",
            "value": "55.501715, 13.744603"
          },
          {
            "label": "Coordinate method",
            "value": "svar_polygon_representative_point"
          },
          {
            "label": "Representative source",
            "value": "svar-lakes:615375-137087 (Krageholmssj\u00f6n)"
          },
          {
            "label": "Lake registry id",
            "value": "615375-137087"
          },
          {
            "label": "Lake name status",
            "value": "water_surface_name"
          },
          {
            "label": "Lake area",
            "value": "2.051 km\u00b2"
          },
          {
            "label": "Sampling posture",
            "value": "sampling_lake_candidate"
          },
          {
            "label": "Sampling fit",
            "value": "1.0000"
          },
          {
            "label": "Sampling readiness",
            "value": "site_review_required"
          },
          {
            "label": "Sampling evidence still required",
            "value": "bathymetry and basin depth, sediment preservation and prior coring history, shore access and landowner contact, permit requirements, field hazards and logistics"
          },
          {
            "label": "Pollen sources",
            "value": "landclim-sites, neotoma-pollen"
          },
          {
            "label": "Direct pollen with numeric chronology",
            "value": "4"
          },
          {
            "label": "20 km pollen with numeric chronology",
            "value": "20"
          },
          {
            "label": "20 km pollen overlapping nearby human chronology",
            "value": "18"
          },
          {
            "label": "20 km SEAD with numeric chronology",
            "value": "30"
          },
          {
            "label": "20 km SEAD overlapping nearby human chronology",
            "value": "9"
          },
          {
            "label": "Duplicate Sweden names",
            "value": "1"
          },
          {
            "label": "Coordinate spread",
            "value": "0.00 km"
          },
          {
            "label": "Identity diagnostics",
            "value": "none"
          },
          {
            "label": "Identity note",
            "value": "No explicit identity warning."
          },
          {
            "label": "Temporal support",
            "value": "0-12209 Calibrated radiocarbon years BP"
          },
          {
            "label": "Temporal source",
            "value": "neotoma-pollen:3204"
          }
        ],
        "time_start_bp": 0,
        "time_end_bp": 12209,
        "time_mean_bp": 6104,
        "time_label": "0-12209 Calibrated radiocarbon years BP",
        "temporal_semantics": {
          "schema_version": "temporal-semantics.v1",
          "source_family": "neotoma",
          "evidence_class": "neotoma_aggregated_bp_ranges",
          "precision_posture": "site_interval_with_uncertainty",
          "comparability_posture": "numeric_interval_with_caveat",
          "summary_label": "0-12209 Calibrated radiocarbon years BP",
          "temporal_window_key": "early_holocene_and_older",
          "temporal_window_label": "Early Holocene and older (6001+ BP)",
          "time_start_bp": 0,
          "time_end_bp": 12209,
          "time_mean_bp": 6104,
          "duration_years": 12209,
          "comparison_note": "Neotoma coverage merges more than one BP age-range convention for this site, so the interval remains comparable but should be treated as a site-level summary span.",
          "provenance_path": "",
          "provenance_locator": "site_age_ranges",
          "provenance_excerpt": "",
          "original_labels": [
            "Calibrated radiocarbon years BP",
            "Radiocarbon years BP"
          ],
          "normalized_labels": [
            "Calibrated radiocarbon years BP",
            "Radiocarbon years BP"
          ],
          "uncertainty_notes": [
            "Multiple BP age-range conventions contribute to this site span."
          ]
        }
      }
    },
    {
      "type": "Feature",
      "geometry": {
        "type": "Point",
        "coordinates": [
          13.672884,
          58.556811
        ]
      },
      "properties": {
        "source": "bijux-pollenomics",
        "layer_key": "lake-evidence-candidates",
        "layer_label": "Sweden lake evidence candidates",
        "category": "Lake evidence candidate",
        "country": "Sweden",
        "record_id": "sweden_lake_registry:649459-137568:landclim-sites:897303:Lake Flarken:58.583333:13.666667",
        "name": "Flarken",
        "geometry_type": "Point",
        "subtitle": "Sweden lake evidence candidate",
        "description": "Lake candidate anchored to the official Sweden lake registry.",
        "source_url": "https://vattenwebb.smhi.se/svarwebb/?sjoid=649459-137568",
        "record_count": 1,
        "media_links": [
          {
            "label": "Open in Google Maps",
            "url": "https://www.google.com/maps/search/?api=1&query=58.556811,13.672884",
            "kind": "link"
          },
          {
            "label": "Open representative source",
            "url": "https://vattenwebb.smhi.se/svarwebb/?sjoid=649459-137568",
            "kind": "link"
          }
        ],
        "popup_rows": [
          {
            "label": "Aggregate rank",
            "value": "5"
          },
          {
            "label": "Aggregate score",
            "value": "0.3726"
          },
          {
            "label": "Coordinates",
            "value": "58.556811, 13.672884"
          },
          {
            "label": "Coordinate method",
            "value": "svar_polygon_representative_point"
          },
          {
            "label": "Representative source",
            "value": "svar-lakes:649459-137568 (Flarken)"
          },
          {
            "label": "Lake registry id",
            "value": "649459-137568"
          },
          {
            "label": "Lake name status",
            "value": "water_surface_name"
          },
          {
            "label": "Lake area",
            "value": "0.166 km\u00b2"
          },
          {
            "label": "Sampling posture",
            "value": "sampling_lake_candidate"
          },
          {
            "label": "Sampling fit",
            "value": "0.8680"
          },
          {
            "label": "Sampling readiness",
            "value": "site_review_required"
          },
          {
            "label": "Sampling evidence still required",
            "value": "bathymetry and basin depth, sediment preservation and prior coring history, shore access and landowner contact, permit requirements, field hazards and logistics"
          },
          {
            "label": "Pollen sources",
            "value": "landclim-sites, neotoma-pollen"
          },
          {
            "label": "Direct pollen with numeric chronology",
            "value": "3"
          },
          {
            "label": "20 km pollen with numeric chronology",
            "value": "4"
          },
          {
            "label": "20 km pollen overlapping nearby human chronology",
            "value": "4"
          },
          {
            "label": "20 km SEAD with numeric chronology",
            "value": "1"
          },
          {
            "label": "20 km SEAD overlapping nearby human chronology",
            "value": "0"
          },
          {
            "label": "Duplicate Sweden names",
            "value": "1"
          },
          {
            "label": "Coordinate spread",
            "value": "0.00 km"
          },
          {
            "label": "Identity diagnostics",
            "value": "none"
          },
          {
            "label": "Identity note",
            "value": "No explicit identity warning."
          },
          {
            "label": "Temporal support",
            "value": "0-100 BP to 5700-6200 BP"
          },
          {
            "label": "Temporal source",
            "value": "landclim-sites:897303:Lake Flarken:58.583333:13.666667"
          }
        ],
        "time_start_bp": 0,
        "time_end_bp": 6200,
        "time_mean_bp": 3100,
        "time_label": "0-100 BP to 5700-6200 BP",
        "temporal_semantics": {
          "schema_version": "temporal-semantics.v1",
          "source_family": "landclim",
          "evidence_class": "pollen_site_sequence_coverage",
          "precision_posture": "site_sequence_interval",
          "comparability_posture": "numeric_interval",
          "summary_label": "0-100 BP to 5700-6200 BP",
          "temporal_window_key": "mid_holocene",
          "temporal_window_label": "Mid-Holocene (3001-6000 BP)",
          "time_start_bp": 0,
          "time_end_bp": 6200,
          "time_mean_bp": 3100,
          "duration_years": 6200,
          "comparison_note": "This interval describes sequence coverage, not a single pollen observation or an event date.",
          "provenance_path": "data/landclim/raw/landclim_i_land_cover_types.xlsx",
          "provenance_locator": "SiteData:Lake Flarken",
          "provenance_excerpt": "",
          "original_labels": [
            "0-100 BP to 5700-6200 BP"
          ],
          "normalized_labels": [
            "0-100 BP to 5700-6200 BP"
          ],
          "uncertainty_notes": []
        }
      }
    },
    {
      "type": "Feature",
      "geometry": {
        "type": "Point",
        "coordinates": [
          13.672884,
          58.556811
        ]
      },
      "properties": {
        "source": "bijux-pollenomics",
        "layer_key": "lake-evidence-candidates",
        "layer_label": "Sweden lake evidence candidates",
        "category": "Lake evidence candidate",
        "country": "Sweden",
        "record_id": "sweden_lake_registry:649459-137568:landclim-sites:937075:FLA",
        "name": "Flarken",
        "geometry_type": "Point",
        "subtitle": "Sweden lake evidence candidate",
        "description": "Lake candidate anchored to the official Sweden lake registry.",
        "source_url": "https://vattenwebb.smhi.se/svarwebb/?sjoid=649459-137568",
        "record_count": 1,
        "media_links": [
          {
            "label": "Open in Google Maps",
            "url": "https://www.google.com/maps/search/?api=1&query=58.556811,13.672884",
            "kind": "link"
          },
          {
            "label": "Open representative source",
            "url": "https://vattenwebb.smhi.se/svarwebb/?sjoid=649459-137568",
            "kind": "link"
          }
        ],
        "popup_rows": [
          {
            "label": "Aggregate rank",
            "value": "5"
          },
          {
            "label": "Aggregate score",
            "value": "0.3726"
          },
          {
            "label": "Coordinates",
            "value": "58.556811, 13.672884"
          },
          {
            "label": "Coordinate method",
            "value": "svar_polygon_representative_point"
          },
          {
            "label": "Representative source",
            "value": "svar-lakes:649459-137568 (Flarken)"
          },
          {
            "label": "Lake registry id",
            "value": "649459-137568"
          },
          {
            "label": "Lake name status",
            "value": "water_surface_name"
          },
          {
            "label": "Lake area",
            "value": "0.166 km\u00b2"
          },
          {
            "label": "Sampling posture",
            "value": "sampling_lake_candidate"
          },
          {
            "label": "Sampling fit",
            "value": "0.8680"
          },
          {
            "label": "Sampling readiness",
            "value": "site_review_required"
          },
          {
            "label": "Sampling evidence still required",
            "value": "bathymetry and basin depth, sediment preservation and prior coring history, shore access and landowner contact, permit requirements, field hazards and logistics"
          },
          {
            "label": "Pollen sources",
            "value": "landclim-sites, neotoma-pollen"
          },
          {
            "label": "Direct pollen with numeric chronology",
            "value": "3"
          },
          {
            "label": "20 km pollen with numeric chronology",
            "value": "4"
          },
          {
            "label": "20 km pollen overlapping nearby human chronology",
            "value": "4"
          },
          {
            "label": "20 km SEAD with numeric chronology",
            "value": "1"
          },
          {
            "label": "20 km SEAD overlapping nearby human chronology",
            "value": "0"
          },
          {
            "label": "Duplicate Sweden names",
            "value": "1"
          },
          {
            "label": "Coordinate spread",
            "value": "0.00 km"
          },
          {
            "label": "Identity diagnostics",
            "value": "none"
          },
          {
            "label": "Identity note",
            "value": "No explicit identity warning."
          },
          {
            "label": "Temporal support",
            "value": "-50-12196 BP"
          },
          {
            "label": "Temporal source",
            "value": "landclim-sites:937075:FLA"
          }
        ],
        "time_start_bp": -50,
        "time_end_bp": 12196,
        "time_mean_bp": 6073,
        "time_label": "-50-12196 BP",
        "temporal_semantics": {
          "schema_version": "temporal-semantics.v1",
          "source_family": "landclim",
          "evidence_class": "pollen_site_sequence_coverage",
          "precision_posture": "site_sequence_interval",
          "comparability_posture": "numeric_interval",
          "summary_label": "-50-12196 BP",
          "temporal_window_key": "early_holocene_and_older",
          "temporal_window_label": "Early Holocene and older (6001+ BP)",
          "time_start_bp": -50,
          "time_end_bp": 12196,
          "time_mean_bp": 6073,
          "duration_years": 12246,
          "comparison_note": "This interval describes sequence coverage, not a single pollen observation or an event date.",
          "provenance_path": "data/landclim/raw/landclim_ii_site_metadata.xlsx",
          "provenance_locator": "LANDCLIMII metadata file:FLA",
          "provenance_excerpt": "",
          "original_labels": [
            "-50-12196 BP"
          ],
          "normalized_labels": [
            "-50-12196 BP"
          ],
          "uncertainty_notes": []
        }
      }
    },
    {
      "type": "Feature",
      "geometry": {
        "type": "Point",
        "coordinates": [
          13.672884,
          58.556811
        ]
      },
      "properties": {
        "source": "bijux-pollenomics",
        "layer_key": "lake-evidence-candidates",
        "layer_label": "Sweden lake evidence candidates",
        "category": "Lake evidence candidate",
        "country": "Sweden",
        "record_id": "sweden_lake_registry:649459-137568:neotoma-pollen:3107",
        "name": "Flarken",
        "geometry_type": "Point",
        "subtitle": "Sweden lake evidence candidate",
        "description": "Lake candidate anchored to the official Sweden lake registry.",
        "source_url": "https://vattenwebb.smhi.se/svarwebb/?sjoid=649459-137568",
        "record_count": 1,
        "media_links": [
          {
            "label": "Open in Google Maps",
            "url": "https://www.google.com/maps/search/?api=1&query=58.556811,13.672884",
            "kind": "link"
          },
          {
            "label": "Open representative source",
            "url": "https://vattenwebb.smhi.se/svarwebb/?sjoid=649459-137568",
            "kind": "link"
          }
        ],
        "popup_rows": [
          {
            "label": "Aggregate rank",
            "value": "5"
          },
          {
            "label": "Aggregate score",
            "value": "0.3726"
          },
          {
            "label": "Coordinates",
            "value": "58.556811, 13.672884"
          },
          {
            "label": "Coordinate method",
            "value": "svar_polygon_representative_point"
          },
          {
            "label": "Representative source",
            "value": "svar-lakes:649459-137568 (Flarken)"
          },
          {
            "label": "Lake registry id",
            "value": "649459-137568"
          },
          {
            "label": "Lake name status",
            "value": "water_surface_name"
          },
          {
            "label": "Lake area",
            "value": "0.166 km\u00b2"
          },
          {
            "label": "Sampling posture",
            "value": "sampling_lake_candidate"
          },
          {
            "label": "Sampling fit",
            "value": "0.8680"
          },
          {
            "label": "Sampling readiness",
            "value": "site_review_required"
          },
          {
            "label": "Sampling evidence still required",
            "value": "bathymetry and basin depth, sediment preservation and prior coring history, shore access and landowner contact, permit requirements, field hazards and logistics"
          },
          {
            "label": "Pollen sources",
            "value": "landclim-sites, neotoma-pollen"
          },
          {
            "label": "Direct pollen with numeric chronology",
            "value": "3"
          },
          {
            "label": "20 km pollen with numeric chronology",
            "value": "4"
          },
          {
            "label": "20 km pollen overlapping nearby human chronology",
            "value": "4"
          },
          {
            "label": "20 km SEAD with numeric chronology",
            "value": "1"
          },
          {
            "label": "20 km SEAD overlapping nearby human chronology",
            "value": "0"
          },
          {
            "label": "Duplicate Sweden names",
            "value": "1"
          },
          {
            "label": "Coordinate spread",
            "value": "0.00 km"
          },
          {
            "label": "Identity diagnostics",
            "value": "none"
          },
          {
            "label": "Identity note",
            "value": "No explicit identity warning."
          },
          {
            "label": "Temporal support",
            "value": "113-12471 Calibrated radiocarbon years BP"
          },
          {
            "label": "Temporal source",
            "value": "neotoma-pollen:3107"
          }
        ],
        "time_start_bp": 32,
        "time_end_bp": 12471,
        "time_mean_bp": 6252,
        "time_label": "113-12471 Calibrated radiocarbon years BP",
        "temporal_semantics": {
          "schema_version": "temporal-semantics.v1",
          "source_family": "neotoma",
          "evidence_class": "neotoma_aggregated_bp_ranges",
          "precision_posture": "site_interval_with_uncertainty",
          "comparability_posture": "numeric_interval_with_caveat",
          "summary_label": "113-12471 Calibrated radiocarbon years BP",
          "temporal_window_key": "early_holocene_and_older",
          "temporal_window_label": "Early Holocene and older (6001+ BP)",
          "time_start_bp": 32,
          "time_end_bp": 12471,
          "time_mean_bp": 6252,
          "duration_years": 12439,
          "comparison_note": "Neotoma coverage merges more than one BP age-range convention for this site, so the interval remains comparable but should be treated as a site-level summary span.",
          "provenance_path": "",
          "provenance_locator": "site_age_ranges",
          "provenance_excerpt": "",
          "original_labels": [
            "Calibrated radiocarbon years BP",
            "Radiocarbon years BP"
          ],
          "normalized_labels": [
            "Calibrated radiocarbon years BP",
            "Radiocarbon years BP"
          ],
          "uncertainty_notes": [
            "Multiple BP age-range conventions contribute to this site span."
          ]
        }
      }
    },
    {
      "type": "Feature",
      "geometry": {
        "type": "Point",
        "coordinates": [
          13.751743,
          55.459405
        ]
      },
      "properties": {
        "source": "bijux-pollenomics",
        "layer_key": "lake-evidence-candidates",
        "layer_label": "Sweden lake evidence candidates",
        "category": "Lake evidence candidate",
        "country": "Sweden",
        "record_id": "sweden_lake_registry:614958-137018:landclim-sites:897303:Bj\u00e4resj\u00f6sj\u00f6n:55.459167:13.751944",
        "name": "Bj\u00e4resj\u00f6",
        "geometry_type": "Point",
        "subtitle": "Sweden lake evidence candidate",
        "description": "Lake candidate anchored to the official Sweden lake registry.",
        "source_url": "https://vattenwebb.smhi.se/svarwebb/?sjoid=614958-137018",
        "record_count": 1,
        "media_links": [
          {
            "label": "Open in Google Maps",
            "url": "https://www.google.com/maps/search/?api=1&query=55.459405,13.751743",
            "kind": "link"
          },
          {
            "label": "Open representative source",
            "url": "https://vattenwebb.smhi.se/svarwebb/?sjoid=614958-137018",
            "kind": "link"
          }
        ],
        "popup_rows": [
          {
            "label": "Aggregate rank",
            "value": "6"
          },
          {
            "label": "Aggregate score",
            "value": "0.3505"
          },
          {
            "label": "Coordinates",
            "value": "55.459405, 13.751743"
          },
          {
            "label": "Coordinate method",
            "value": "svar_polygon_representative_point"
          },
          {
            "label": "Representative source",
            "value": "svar-lakes:614958-137018 (Bj\u00e4resj\u00f6)"
          },
          {
            "label": "Lake registry id",
            "value": "614958-137018"
          },
          {
            "label": "Lake name status",
            "value": "water_surface_name"
          },
          {
            "label": "Lake area",
            "value": "0.022 km\u00b2"
          },
          {
            "label": "Sampling posture",
            "value": "small_lake_review"
          },
          {
            "label": "Sampling fit",
            "value": "0.2700"
          },
          {
            "label": "Sampling readiness",
            "value": "site_review_required"
          },
          {
            "label": "Sampling evidence still required",
            "value": "bathymetry and basin depth, sediment preservation and prior coring history, shore access and landowner contact, permit requirements, field hazards and logistics"
          },
          {
            "label": "Pollen sources",
            "value": "landclim-sites, neotoma-pollen"
          },
          {
            "label": "Direct pollen with numeric chronology",
            "value": "7"
          },
          {
            "label": "20 km pollen with numeric chronology",
            "value": "20"
          },
          {
            "label": "20 km pollen overlapping nearby human chronology",
            "value": "18"
          },
          {
            "label": "20 km SEAD with numeric chronology",
            "value": "35"
          },
          {
            "label": "20 km SEAD overlapping nearby human chronology",
            "value": "16"
          },
          {
            "label": "Duplicate Sweden names",
            "value": "1"
          },
          {
            "label": "Coordinate spread",
            "value": "0.00 km"
          },
          {
            "label": "Identity diagnostics",
            "value": "none"
          },
          {
            "label": "Identity note",
            "value": "No explicit identity warning."
          },
          {
            "label": "Temporal support",
            "value": "0-100 BP to 2700-3200 BP"
          },
          {
            "label": "Temporal source",
            "value": "landclim-sites:897303:Bj\u00e4resj\u00f6sj\u00f6n:55.459167:13.751944"
          }
        ],
        "time_start_bp": 0,
        "time_end_bp": 3200,
        "time_mean_bp": 1600,
        "time_label": "0-100 BP to 2700-3200 BP",
        "temporal_semantics": {
          "schema_version": "temporal-semantics.v1",
          "source_family": "landclim",
          "evidence_class": "pollen_site_sequence_coverage",
          "precision_posture": "site_sequence_interval",
          "comparability_posture": "numeric_interval",
          "summary_label": "0-100 BP to 2700-3200 BP",
          "temporal_window_key": "late_holocene",
          "temporal_window_label": "Late Holocene (1001-3000 BP)",
          "time_start_bp": 0,
          "time_end_bp": 3200,
          "time_mean_bp": 1600,
          "duration_years": 3200,
          "comparison_note": "This interval describes sequence coverage, not a single pollen observation or an event date.",
          "provenance_path": "data/landclim/raw/landclim_i_land_cover_types.xlsx",
          "provenance_locator": "SiteData:Bj\u00e4resj\u00f6sj\u00f6n",
          "provenance_excerpt": "",
          "original_labels": [
            "0-100 BP to 2700-3200 BP"
          ],
          "normalized_labels": [
            "0-100 BP to 2700-3200 BP"
          ],
          "uncertainty_notes": []
        }
      }
    },
    {
      "type": "Feature",
      "geometry": {
        "type": "Point",
        "coordinates": [
          13.751743,
          55.459405
        ]
      },
      "properties": {
        "source": "bijux-pollenomics",
        "layer_key": "lake-evidence-candidates",
        "layer_label": "Sweden lake evidence candidates",
        "category": "Lake evidence candidate",
        "country": "Sweden",
        "record_id": "sweden_lake_registry:614958-137018:landclim-sites:900966:GC18:Bj\u00e4resj\u00f6sj\u00f6n",
        "name": "Bj\u00e4resj\u00f6",
        "geometry_type": "Point",
        "subtitle": "Sweden lake evidence candidate",
        "description": "Lake candidate anchored to the official Sweden lake registry.",
        "source_url": "https://vattenwebb.smhi.se/svarwebb/?sjoid=614958-137018",
        "record_count": 1,
        "media_links": [
          {
            "label": "Open in Google Maps",
            "url": "https://www.google.com/maps/search/?api=1&query=55.459405,13.751743",
            "kind": "link"
          },
          {
            "label": "Open representative source",
            "url": "https://vattenwebb.smhi.se/svarwebb/?sjoid=614958-137018",
            "kind": "link"
          }
        ],
        "popup_rows": [
          {
            "label": "Aggregate rank",
            "value": "6"
          },
          {
            "label": "Aggregate score",
            "value": "0.3505"
          },
          {
            "label": "Coordinates",
            "value": "55.459405, 13.751743"
          },
          {
            "label": "Coordinate method",
            "value": "svar_polygon_representative_point"
          },
          {
            "label": "Representative source",
            "value": "svar-lakes:614958-137018 (Bj\u00e4resj\u00f6)"
          },
          {
            "label": "Lake registry id",
            "value": "614958-137018"
          },
          {
            "label": "Lake name status",
            "value": "water_surface_name"
          },
          {
            "label": "Lake area",
            "value": "0.022 km\u00b2"
          },
          {
            "label": "Sampling posture",
            "value": "small_lake_review"
          },
          {
            "label": "Sampling fit",
            "value": "0.2700"
          },
          {
            "label": "Sampling readiness",
            "value": "site_review_required"
          },
          {
            "label": "Sampling evidence still required",
            "value": "bathymetry and basin depth, sediment preservation and prior coring history, shore access and landowner contact, permit requirements, field hazards and logistics"
          },
          {
            "label": "Pollen sources",
            "value": "landclim-sites, neotoma-pollen"
          },
          {
            "label": "Direct pollen with numeric chronology",
            "value": "7"
          },
          {
            "label": "20 km pollen with numeric chronology",
            "value": "20"
          },
          {
            "label": "20 km pollen overlapping nearby human chronology",
            "value": "18"
          },
          {
            "label": "20 km SEAD with numeric chronology",
            "value": "35"
          },
          {
            "label": "20 km SEAD overlapping nearby human chronology",
            "value": "16"
          },
          {
            "label": "Duplicate Sweden names",
            "value": "1"
          },
          {
            "label": "Coordinate spread",
            "value": "0.00 km"
          },
          {
            "label": "Identity diagnostics",
            "value": "none"
          },
          {
            "label": "Identity note",
            "value": "No explicit identity warning."
          },
          {
            "label": "Temporal support",
            "value": "0-11700 BP"
          },
          {
            "label": "Temporal source",
            "value": "landclim-sites:900966:GC18:Bj\u00e4resj\u00f6sj\u00f6n"
          }
        ],
        "time_start_bp": 0,
        "time_end_bp": 11700,
        "time_mean_bp": 5850,
        "time_label": "0-11700 BP",
        "temporal_semantics": {
          "schema_version": "temporal-semantics.v1",
          "source_family": "landclim",
          "evidence_class": "pollen_site_sequence_coverage",
          "precision_posture": "site_sequence_interval",
          "comparability_posture": "numeric_interval",
          "summary_label": "0-11700 BP",
          "temporal_window_key": "mid_holocene",
          "temporal_window_label": "Mid-Holocene (3001-6000 BP)",
          "time_start_bp": 0,
          "time_end_bp": 11700,
          "time_mean_bp": 5850,
          "duration_years": 11700,
          "comparison_note": "This interval describes sequence coverage, not a single pollen observation or an event date.",
          "provenance_path": "data/landclim/raw/marquer_2017_reveals_taxa_grid_cells.xlsx",
          "provenance_locator": "Metadata:Bj\u00e4resj\u00f6sj\u00f6n",
          "provenance_excerpt": "",
          "original_labels": [
            "0-11700 BP"
          ],
          "normalized_labels": [
            "0-11700 BP"
          ],
          "uncertainty_notes": []
        }
      }
    },
    {
      "type": "Feature",
      "geometry": {
        "type": "Point",
        "coordinates": [
          13.751743,
          55.459405
        ]
      },
      "properties": {
        "source": "bijux-pollenomics",
        "layer_key": "lake-evidence-candidates",
        "layer_label": "Sweden lake evidence candidates",
        "category": "Lake evidence candidate",
        "country": "Sweden",
        "record_id": "sweden_lake_registry:614958-137018:landclim-sites:937075:BJARE",
        "name": "Bj\u00e4resj\u00f6",
        "geometry_type": "Point",
        "subtitle": "Sweden lake evidence candidate",
        "description": "Lake candidate anchored to the official Sweden lake registry.",
        "source_url": "https://vattenwebb.smhi.se/svarwebb/?sjoid=614958-137018",
        "record_count": 1,
        "media_links": [
          {
            "label": "Open in Google Maps",
            "url": "https://www.google.com/maps/search/?api=1&query=55.459405,13.751743",
            "kind": "link"
          },
          {
            "label": "Open representative source",
            "url": "https://vattenwebb.smhi.se/svarwebb/?sjoid=614958-137018",
            "kind": "link"
          }
        ],
        "popup_rows": [
          {
            "label": "Aggregate rank",
            "value": "6"
          },
          {
            "label": "Aggregate score",
            "value": "0.3505"
          },
          {
            "label": "Coordinates",
            "value": "55.459405, 13.751743"
          },
          {
            "label": "Coordinate method",
            "value": "svar_polygon_representative_point"
          },
          {
            "label": "Representative source",
            "value": "svar-lakes:614958-137018 (Bj\u00e4resj\u00f6)"
          },
          {
            "label": "Lake registry id",
            "value": "614958-137018"
          },
          {
            "label": "Lake name status",
            "value": "water_surface_name"
          },
          {
            "label": "Lake area",
            "value": "0.022 km\u00b2"
          },
          {
            "label": "Sampling posture",
            "value": "small_lake_review"
          },
          {
            "label": "Sampling fit",
            "value": "0.2700"
          },
          {
            "label": "Sampling readiness",
            "value": "site_review_required"
          },
          {
            "label": "Sampling evidence still required",
            "value": "bathymetry and basin depth, sediment preservation and prior coring history, shore access and landowner contact, permit requirements, field hazards and logistics"
          },
          {
            "label": "Pollen sources",
            "value": "landclim-sites, neotoma-pollen"
          },
          {
            "label": "Direct pollen with numeric chronology",
            "value": "7"
          },
          {
            "label": "20 km pollen with numeric chronology",
            "value": "20"
          },
          {
            "label": "20 km pollen overlapping nearby human chronology",
            "value": "18"
          },
          {
            "label": "20 km SEAD with numeric chronology",
            "value": "35"
          },
          {
            "label": "20 km SEAD overlapping nearby human chronology",
            "value": "16"
          },
          {
            "label": "Duplicate Sweden names",
            "value": "1"
          },
          {
            "label": "Coordinate spread",
            "value": "0.00 km"
          },
          {
            "label": "Identity diagnostics",
            "value": "none"
          },
          {
            "label": "Identity note",
            "value": "No explicit identity warning."
          },
          {
            "label": "Temporal support",
            "value": "-33-2803 BP"
          },
          {
            "label": "Temporal source",
            "value": "landclim-sites:937075:BJARE"
          }
        ],
        "time_start_bp": -33,
        "time_end_bp": 2803,
        "time_mean_bp": 1385,
        "time_label": "-33-2803 BP",
        "temporal_semantics": {
          "schema_version": "temporal-semantics.v1",
          "source_family": "landclim",
          "evidence_class": "pollen_site_sequence_coverage",
          "precision_posture": "site_sequence_interval",
          "comparability_posture": "numeric_interval",
          "summary_label": "-33-2803 BP",
          "temporal_window_key": "late_holocene",
          "temporal_window_label": "Late Holocene (1001-3000 BP)",
          "time_start_bp": -33,
          "time_end_bp": 2803,
          "time_mean_bp": 1385,
          "duration_years": 2836,
          "comparison_note": "This interval describes sequence coverage, not a single pollen observation or an event date.",
          "provenance_path": "data/landclim/raw/landclim_ii_site_metadata.xlsx",
          "provenance_locator": "LANDCLIMII metadata file:BJARE",
          "provenance_excerpt": "",
          "original_labels": [
            "-33-2803 BP"
          ],
          "normalized_labels": [
            "-33-2803 BP"
          ],
          "uncertainty_notes": []
        }
      }
    },
    {
      "type": "Feature",
      "geometry": {
        "type": "Point",
        "coordinates": [
          13.751743,
          55.459405
        ]
      },
      "properties": {
        "source": "bijux-pollenomics",
        "layer_key": "lake-evidence-candidates",
        "layer_label": "Sweden lake evidence candidates",
        "category": "Lake evidence candidate",
        "country": "Sweden",
        "record_id": "sweden_lake_registry:614958-137018:neotoma-pollen:28871",
        "name": "Bj\u00e4resj\u00f6",
        "geometry_type": "Point",
        "subtitle": "Sweden lake evidence candidate",
        "description": "Lake candidate anchored to the official Sweden lake registry.",
        "source_url": "https://vattenwebb.smhi.se/svarwebb/?sjoid=614958-137018",
        "record_count": 1,
        "media_links": [
          {
            "label": "Open in Google Maps",
            "url": "https://www.google.com/maps/search/?api=1&query=55.459405,13.751743",
            "kind": "link"
          },
          {
            "label": "Open representative source",
            "url": "https://vattenwebb.smhi.se/svarwebb/?sjoid=614958-137018",
            "kind": "link"
          }
        ],
        "popup_rows": [
          {
            "label": "Aggregate rank",
            "value": "6"
          },
          {
            "label": "Aggregate score",
            "value": "0.3505"
          },
          {
            "label": "Coordinates",
            "value": "55.459405, 13.751743"
          },
          {
            "label": "Coordinate method",
            "value": "svar_polygon_representative_point"
          },
          {
            "label": "Representative source",
            "value": "svar-lakes:614958-137018 (Bj\u00e4resj\u00f6)"
          },
          {
            "label": "Lake registry id",
            "value": "614958-137018"
          },
          {
            "label": "Lake name status",
            "value": "water_surface_name"
          },
          {
            "label": "Lake area",
            "value": "0.022 km\u00b2"
          },
          {
            "label": "Sampling posture",
            "value": "small_lake_review"
          },
          {
            "label": "Sampling fit",
            "value": "0.2700"
          },
          {
            "label": "Sampling readiness",
            "value": "site_review_required"
          },
          {
            "label": "Sampling evidence still required",
            "value": "bathymetry and basin depth, sediment preservation and prior coring history, shore access and landowner contact, permit requirements, field hazards and logistics"
          },
          {
            "label": "Pollen sources",
            "value": "landclim-sites, neotoma-pollen"
          },
          {
            "label": "Direct pollen with numeric chronology",
            "value": "7"
          },
          {
            "label": "20 km pollen with numeric chronology",
            "value": "20"
          },
          {
            "label": "20 km pollen overlapping nearby human chronology",
            "value": "18"
          },
          {
            "label": "20 km SEAD with numeric chronology",
            "value": "35"
          },
          {
            "label": "20 km SEAD overlapping nearby human chronology",
            "value": "16"
          },
          {
            "label": "Duplicate Sweden names",
            "value": "1"
          },
          {
            "label": "Coordinate spread",
            "value": "0.00 km"
          },
          {
            "label": "Identity diagnostics",
            "value": "none"
          },
          {
            "label": "Identity note",
            "value": "No explicit identity warning."
          },
          {
            "label": "Temporal support",
            "value": "0-2803 Calibrated radiocarbon years BP"
          },
          {
            "label": "Temporal source",
            "value": "neotoma-pollen:28871"
          }
        ],
        "time_start_bp": 0,
        "time_end_bp": 2803,
        "time_mean_bp": 1402,
        "time_label": "0-2803 Calibrated radiocarbon years BP",
        "temporal_semantics": {
          "schema_version": "temporal-semantics.v1",
          "source_family": "neotoma",
          "evidence_class": "neotoma_aggregated_bp_ranges",
          "precision_posture": "site_interval_with_uncertainty",
          "comparability_posture": "numeric_interval_with_caveat",
          "summary_label": "0-2803 Calibrated radiocarbon years BP",
          "temporal_window_key": "late_holocene",
          "temporal_window_label": "Late Holocene (1001-3000 BP)",
          "time_start_bp": 0,
          "time_end_bp": 2803,
          "time_mean_bp": 1402,
          "duration_years": 2803,
          "comparison_note": "Neotoma coverage merges more than one BP age-range convention for this site, so the interval remains comparable but should be treated as a site-level summary span.",
          "provenance_path": "",
          "provenance_locator": "site_age_ranges",
          "provenance_excerpt": "",
          "original_labels": [
            "Calibrated radiocarbon years BP",
            "Radiocarbon years BP"
          ],
          "normalized_labels": [
            "Calibrated radiocarbon years BP",
            "Radiocarbon years BP"
          ],
          "uncertainty_notes": [
            "Multiple BP age-range conventions contribute to this site span."
          ]
        }
      }
    },
    {
      "type": "Feature",
      "geometry": {
        "type": "Point",
        "coordinates": [
          13.751743,
          55.459405
        ]
      },
      "properties": {
        "source": "bijux-pollenomics",
        "layer_key": "lake-evidence-candidates",
        "layer_label": "Sweden lake evidence candidates",
        "category": "Lake evidence candidate",
        "country": "Sweden",
        "record_id": "sweden_lake_registry:614958-137018:landclim-sites:897303:Bj\u00e4rsj\u00f6holmssj\u00f6n:55.454444:13.766389",
        "name": "Bj\u00e4resj\u00f6",
        "geometry_type": "Point",
        "subtitle": "Sweden lake evidence candidate",
        "description": "Lake candidate anchored to the official Sweden lake registry.",
        "source_url": "https://vattenwebb.smhi.se/svarwebb/?sjoid=614958-137018",
        "record_count": 1,
        "media_links": [
          {
            "label": "Open in Google Maps",
            "url": "https://www.google.com/maps/search/?api=1&query=55.459405,13.751743",
            "kind": "link"
          },
          {
            "label": "Open representative source",
            "url": "https://vattenwebb.smhi.se/svarwebb/?sjoid=614958-137018",
            "kind": "link"
          }
        ],
        "popup_rows": [
          {
            "label": "Aggregate rank",
            "value": "6"
          },
          {
            "label": "Aggregate score",
            "value": "0.3505"
          },
          {
            "label": "Coordinates",
            "value": "55.459405, 13.751743"
          },
          {
            "label": "Coordinate method",
            "value": "svar_polygon_representative_point"
          },
          {
            "label": "Representative source",
            "value": "svar-lakes:614958-137018 (Bj\u00e4resj\u00f6)"
          },
          {
            "label": "Lake registry id",
            "value": "614958-137018"
          },
          {
            "label": "Lake name status",
            "value": "water_surface_name"
          },
          {
            "label": "Lake area",
            "value": "0.022 km\u00b2"
          },
          {
            "label": "Sampling posture",
            "value": "small_lake_review"
          },
          {
            "label": "Sampling fit",
            "value": "0.2700"
          },
          {
            "label": "Sampling readiness",
            "value": "site_review_required"
          },
          {
            "label": "Sampling evidence still required",
            "value": "bathymetry and basin depth, sediment preservation and prior coring history, shore access and landowner contact, permit requirements, field hazards and logistics"
          },
          {
            "label": "Pollen sources",
            "value": "landclim-sites, neotoma-pollen"
          },
          {
            "label": "Direct pollen with numeric chronology",
            "value": "7"
          },
          {
            "label": "20 km pollen with numeric chronology",
            "value": "20"
          },
          {
            "label": "20 km pollen overlapping nearby human chronology",
            "value": "18"
          },
          {
            "label": "20 km SEAD with numeric chronology",
            "value": "35"
          },
          {
            "label": "20 km SEAD overlapping nearby human chronology",
            "value": "16"
          },
          {
            "label": "Duplicate Sweden names",
            "value": "1"
          },
          {
            "label": "Coordinate spread",
            "value": "0.00 km"
          },
          {
            "label": "Identity diagnostics",
            "value": "none"
          },
          {
            "label": "Identity note",
            "value": "No explicit identity warning."
          },
          {
            "label": "Temporal support",
            "value": "2700-3200 BP to 5700-6200 BP"
          },
          {
            "label": "Temporal source",
            "value": "landclim-sites:897303:Bj\u00e4rsj\u00f6holmssj\u00f6n:55.454444:13.766389"
          }
        ],
        "time_start_bp": 2700,
        "time_end_bp": 6200,
        "time_mean_bp": 4450,
        "time_label": "2700-3200 BP to 5700-6200 BP",
        "temporal_semantics": {
          "schema_version": "temporal-semantics.v1",
          "source_family": "landclim",
          "evidence_class": "pollen_site_sequence_coverage",
          "precision_posture": "site_sequence_interval",
          "comparability_posture": "numeric_interval",
          "summary_label": "2700-3200 BP to 5700-6200 BP",
          "temporal_window_key": "mid_holocene",
          "temporal_window_label": "Mid-Holocene (3001-6000 BP)",
          "time_start_bp": 2700,
          "time_end_bp": 6200,
          "time_mean_bp": 4450,
          "duration_years": 3500,
          "comparison_note": "This interval describes sequence coverage, not a single pollen observation or an event date.",
          "provenance_path": "data/landclim/raw/landclim_i_land_cover_types.xlsx",
          "provenance_locator": "SiteData:Bj\u00e4rsj\u00f6holmssj\u00f6n",
          "provenance_excerpt": "",
          "original_labels": [
            "2700-3200 BP to 5700-6200 BP"
          ],
          "normalized_labels": [
            "2700-3200 BP to 5700-6200 BP"
          ],
          "uncertainty_notes": []
        }
      }
    },
    {
      "type": "Feature",
      "geometry": {
        "type": "Point",
        "coordinates": [
          13.751743,
          55.459405
        ]
      },
      "properties": {
        "source": "bijux-pollenomics",
        "layer_key": "lake-evidence-candidates",
        "layer_label": "Sweden lake evidence candidates",
        "category": "Lake evidence candidate",
        "country": "Sweden",
        "record_id": "sweden_lake_registry:614958-137018:landclim-sites:900966:GC18:Bj\u00e4rsj\u00f6holmssj\u00f6n",
        "name": "Bj\u00e4resj\u00f6",
        "geometry_type": "Point",
        "subtitle": "Sweden lake evidence candidate",
        "description": "Lake candidate anchored to the official Sweden lake registry.",
        "source_url": "https://vattenwebb.smhi.se/svarwebb/?sjoid=614958-137018",
        "record_count": 1,
        "media_links": [
          {
            "label": "Open in Google Maps",
            "url": "https://www.google.com/maps/search/?api=1&query=55.459405,13.751743",
            "kind": "link"
          },
          {
            "label": "Open representative source",
            "url": "https://vattenwebb.smhi.se/svarwebb/?sjoid=614958-137018",
            "kind": "link"
          }
        ],
        "popup_rows": [
          {
            "label": "Aggregate rank",
            "value": "6"
          },
          {
            "label": "Aggregate score",
            "value": "0.3505"
          },
          {
            "label": "Coordinates",
            "value": "55.459405, 13.751743"
          },
          {
            "label": "Coordinate method",
            "value": "svar_polygon_representative_point"
          },
          {
            "label": "Representative source",
            "value": "svar-lakes:614958-137018 (Bj\u00e4resj\u00f6)"
          },
          {
            "label": "Lake registry id",
            "value": "614958-137018"
          },
          {
            "label": "Lake name status",
            "value": "water_surface_name"
          },
          {
            "label": "Lake area",
            "value": "0.022 km\u00b2"
          },
          {
            "label": "Sampling posture",
            "value": "small_lake_review"
          },
          {
            "label": "Sampling fit",
            "value": "0.2700"
          },
          {
            "label": "Sampling readiness",
            "value": "site_review_required"
          },
          {
            "label": "Sampling evidence still required",
            "value": "bathymetry and basin depth, sediment preservation and prior coring history, shore access and landowner contact, permit requirements, field hazards and logistics"
          },
          {
            "label": "Pollen sources",
            "value": "landclim-sites, neotoma-pollen"
          },
          {
            "label": "Direct pollen with numeric chronology",
            "value": "7"
          },
          {
            "label": "20 km pollen with numeric chronology",
            "value": "20"
          },
          {
            "label": "20 km pollen overlapping nearby human chronology",
            "value": "18"
          },
          {
            "label": "20 km SEAD with numeric chronology",
            "value": "35"
          },
          {
            "label": "20 km SEAD overlapping nearby human chronology",
            "value": "16"
          },
          {
            "label": "Duplicate Sweden names",
            "value": "1"
          },
          {
            "label": "Coordinate spread",
            "value": "0.00 km"
          },
          {
            "label": "Identity diagnostics",
            "value": "none"
          },
          {
            "label": "Identity note",
            "value": "No explicit identity warning."
          },
          {
            "label": "Temporal support",
            "value": "0-11700 BP"
          },
          {
            "label": "Temporal source",
            "value": "landclim-sites:900966:GC18:Bj\u00e4rsj\u00f6holmssj\u00f6n"
          }
        ],
        "time_start_bp": 0,
        "time_end_bp": 11700,
        "time_mean_bp": 5850,
        "time_label": "0-11700 BP",
        "temporal_semantics": {
          "schema_version": "temporal-semantics.v1",
          "source_family": "landclim",
          "evidence_class": "pollen_site_sequence_coverage",
          "precision_posture": "site_sequence_interval",
          "comparability_posture": "numeric_interval",
          "summary_label": "0-11700 BP",
          "temporal_window_key": "mid_holocene",
          "temporal_window_label": "Mid-Holocene (3001-6000 BP)",
          "time_start_bp": 0,
          "time_end_bp": 11700,
          "time_mean_bp": 5850,
          "duration_years": 11700,
          "comparison_note": "This interval describes sequence coverage, not a single pollen observation or an event date.",
          "provenance_path": "data/landclim/raw/marquer_2017_reveals_taxa_grid_cells.xlsx",
          "provenance_locator": "Metadata:Bj\u00e4rsj\u00f6holmssj\u00f6n",
          "provenance_excerpt": "",
          "original_labels": [
            "0-11700 BP"
          ],
          "normalized_labels": [
            "0-11700 BP"
          ],
          "uncertainty_notes": []
        }
      }
    },
    {
      "type": "Feature",
      "geometry": {
        "type": "Point",
        "coordinates": [
          13.751743,
          55.459405
        ]
      },
      "properties": {
        "source": "bijux-pollenomics",
        "layer_key": "lake-evidence-candidates",
        "layer_label": "Sweden lake evidence candidates",
        "category": "Lake evidence candidate",
        "country": "Sweden",
        "record_id": "sweden_lake_registry:614958-137018:neotoma-pollen:3017",
        "name": "Bj\u00e4resj\u00f6",
        "geometry_type": "Point",
        "subtitle": "Sweden lake evidence candidate",
        "description": "Lake candidate anchored to the official Sweden lake registry.",
        "source_url": "https://vattenwebb.smhi.se/svarwebb/?sjoid=614958-137018",
        "record_count": 1,
        "media_links": [
          {
            "label": "Open in Google Maps",
            "url": "https://www.google.com/maps/search/?api=1&query=55.459405,13.751743",
            "kind": "link"
          },
          {
            "label": "Open representative source",
            "url": "https://vattenwebb.smhi.se/svarwebb/?sjoid=614958-137018",
            "kind": "link"
          }
        ],
        "popup_rows": [
          {
            "label": "Aggregate rank",
            "value": "6"
          },
          {
            "label": "Aggregate score",
            "value": "0.3505"
          },
          {
            "label": "Coordinates",
            "value": "55.459405, 13.751743"
          },
          {
            "label": "Coordinate method",
            "value": "svar_polygon_representative_point"
          },
          {
            "label": "Representative source",
            "value": "svar-lakes:614958-137018 (Bj\u00e4resj\u00f6)"
          },
          {
            "label": "Lake registry id",
            "value": "614958-137018"
          },
          {
            "label": "Lake name status",
            "value": "water_surface_name"
          },
          {
            "label": "Lake area",
            "value": "0.022 km\u00b2"
          },
          {
            "label": "Sampling posture",
            "value": "small_lake_review"
          },
          {
            "label": "Sampling fit",
            "value": "0.2700"
          },
          {
            "label": "Sampling readiness",
            "value": "site_review_required"
          },
          {
            "label": "Sampling evidence still required",
            "value": "bathymetry and basin depth, sediment preservation and prior coring history, shore access and landowner contact, permit requirements, field hazards and logistics"
          },
          {
            "label": "Pollen sources",
            "value": "landclim-sites, neotoma-pollen"
          },
          {
            "label": "Direct pollen with numeric chronology",
            "value": "7"
          },
          {
            "label": "20 km pollen with numeric chronology",
            "value": "20"
          },
          {
            "label": "20 km pollen overlapping nearby human chronology",
            "value": "18"
          },
          {
            "label": "20 km SEAD with numeric chronology",
            "value": "35"
          },
          {
            "label": "20 km SEAD overlapping nearby human chronology",
            "value": "16"
          },
          {
            "label": "Duplicate Sweden names",
            "value": "1"
          },
          {
            "label": "Coordinate spread",
            "value": "0.00 km"
          },
          {
            "label": "Identity diagnostics",
            "value": "none"
          },
          {
            "label": "Identity note",
            "value": "No explicit identity warning."
          },
          {
            "label": "Temporal support",
            "value": "0-8814 Calibrated radiocarbon years BP"
          },
          {
            "label": "Temporal source",
            "value": "neotoma-pollen:3017"
          }
        ],
        "time_start_bp": 0,
        "time_end_bp": 8814,
        "time_mean_bp": 4407,
        "time_label": "0-8814 Calibrated radiocarbon years BP",
        "temporal_semantics": {
          "schema_version": "temporal-semantics.v1",
          "source_family": "neotoma",
          "evidence_class": "neotoma_aggregated_bp_ranges",
          "precision_posture": "site_interval_with_uncertainty",
          "comparability_posture": "numeric_interval_with_caveat",
          "summary_label": "0-8814 Calibrated radiocarbon years BP",
          "temporal_window_key": "mid_holocene",
          "temporal_window_label": "Mid-Holocene (3001-6000 BP)",
          "time_start_bp": 0,
          "time_end_bp": 8814,
          "time_mean_bp": 4407,
          "duration_years": 8814,
          "comparison_note": "Neotoma coverage merges more than one BP age-range convention for this site, so the interval remains comparable but should be treated as a site-level summary span.",
          "provenance_path": "",
          "provenance_locator": "site_age_ranges",
          "provenance_excerpt": "",
          "original_labels": [
            "Calibrated radiocarbon years BP",
            "Radiocarbon years BP"
          ],
          "normalized_labels": [
            "Calibrated radiocarbon years BP",
            "Radiocarbon years BP"
          ],
          "uncertainty_notes": [
            "Multiple BP age-range conventions contribute to this site span."
          ]
        }
      }
    },
    {
      "type": "Feature",
      "geometry": {
        "type": "Point",
        "coordinates": [
          13.35776,
          55.483143
        ]
      },
      "properties": {
        "source": "bijux-pollenomics",
        "layer_key": "lake-evidence-candidates",
        "layer_label": "Sweden lake evidence candidates",
        "category": "Lake evidence candidate",
        "country": "Sweden",
        "record_id": "sweden_lake_registry:615365-134524",
        "name": "Havg\u00e5rdssj\u00f6n",
        "geometry_type": "Point",
        "subtitle": "Sweden lake evidence candidate",
        "description": "Lake candidate anchored to the official Sweden lake registry.",
        "source_url": "https://vattenwebb.smhi.se/svarwebb/?sjoid=615365-134524",
        "record_count": 1,
        "media_links": [
          {
            "label": "Open in Google Maps",
            "url": "https://www.google.com/maps/search/?api=1&query=55.483143,13.357760",
            "kind": "link"
          },
          {
            "label": "Open representative source",
            "url": "https://vattenwebb.smhi.se/svarwebb/?sjoid=615365-134524",
            "kind": "link"
          }
        ],
        "popup_rows": [
          {
            "label": "Aggregate rank",
            "value": "7"
          },
          {
            "label": "Aggregate score",
            "value": "0.3454"
          },
          {
            "label": "Coordinates",
            "value": "55.483143, 13.357760"
          },
          {
            "label": "Coordinate method",
            "value": "svar_polygon_representative_point"
          },
          {
            "label": "Representative source",
            "value": "svar-lakes:615365-134524 (Havg\u00e5rdssj\u00f6n)"
          },
          {
            "label": "Lake registry id",
            "value": "615365-134524"
          },
          {
            "label": "Lake name status",
            "value": "water_surface_name"
          },
          {
            "label": "Lake area",
            "value": "0.502 km\u00b2"
          },
          {
            "label": "Sampling posture",
            "value": "sampling_lake_candidate"
          },
          {
            "label": "Sampling fit",
            "value": "1.0000"
          },
          {
            "label": "Sampling readiness",
            "value": "site_review_required"
          },
          {
            "label": "Sampling evidence still required",
            "value": "bathymetry and basin depth, sediment preservation and prior coring history, shore access and landowner contact, permit requirements, field hazards and logistics"
          },
          {
            "label": "Pollen sources",
            "value": "None"
          },
          {
            "label": "Direct pollen with numeric chronology",
            "value": "0"
          },
          {
            "label": "20 km pollen with numeric chronology",
            "value": "6"
          },
          {
            "label": "20 km pollen overlapping nearby human chronology",
            "value": "5"
          },
          {
            "label": "20 km SEAD with numeric chronology",
            "value": "38"
          },
          {
            "label": "20 km SEAD overlapping nearby human chronology",
            "value": "16"
          },
          {
            "label": "Duplicate Sweden names",
            "value": "1"
          },
          {
            "label": "Coordinate spread",
            "value": "0.00 km"
          },
          {
            "label": "Identity diagnostics",
            "value": "none"
          },
          {
            "label": "Identity note",
            "value": "No explicit identity warning."
          },
          {
            "label": "Temporal support",
            "value": "No numeric direct-pollen interval"
          }
        ],
        "time_start_bp": null,
        "time_end_bp": null,
        "time_mean_bp": null,
        "time_label": "Chronology unresolved",
        "temporal_semantics": {
          "comparability_posture": "unresolved",
          "comparison_note": "The lake identity remains visible, but no direct pollen record with a numeric interval supports time filtering."
        }
      }
    },
    {
      "type": "Feature",
      "geometry": {
        "type": "Point",
        "coordinates": [
          14.210785,
          58.317875
        ]
      },
      "properties": {
        "source": "bijux-pollenomics",
        "layer_key": "lake-evidence-candidates",
        "layer_label": "Sweden lake evidence candidates",
        "category": "Lake evidence candidate",
        "country": "Sweden",
        "record_id": "sweden_lake_registry:646681-140779:neotoma-pollen:3303",
        "name": "Mullsj\u00f6n",
        "geometry_type": "Point",
        "subtitle": "Sweden lake evidence candidate",
        "description": "Lake candidate anchored to the official Sweden lake registry.",
        "source_url": "https://vattenwebb.smhi.se/svarwebb/?sjoid=646681-140779",
        "record_count": 1,
        "media_links": [
          {
            "label": "Open in Google Maps",
            "url": "https://www.google.com/maps/search/?api=1&query=58.317875,14.210785",
            "kind": "link"
          },
          {
            "label": "Open representative source",
            "url": "https://vattenwebb.smhi.se/svarwebb/?sjoid=646681-140779",
            "kind": "link"
          }
        ],
        "popup_rows": [
          {
            "label": "Aggregate rank",
            "value": "8"
          },
          {
            "label": "Aggregate score",
            "value": "0.2534"
          },
          {
            "label": "Coordinates",
            "value": "58.317875, 14.210785"
          },
          {
            "label": "Coordinate method",
            "value": "svar_polygon_representative_point"
          },
          {
            "label": "Representative source",
            "value": "svar-lakes:646681-140779 (Mullsj\u00f6n)"
          },
          {
            "label": "Lake registry id",
            "value": "646681-140779"
          },
          {
            "label": "Lake name status",
            "value": "water_surface_name"
          },
          {
            "label": "Lake area",
            "value": "3.918 km\u00b2"
          },
          {
            "label": "Sampling posture",
            "value": "sampling_lake_candidate"
          },
          {
            "label": "Sampling fit",
            "value": "1.0000"
          },
          {
            "label": "Sampling readiness",
            "value": "site_review_required"
          },
          {
            "label": "Sampling evidence still required",
            "value": "bathymetry and basin depth, sediment preservation and prior coring history, shore access and landowner contact, permit requirements, field hazards and logistics"
          },
          {
            "label": "Pollen sources",
            "value": "neotoma-pollen"
          },
          {
            "label": "Direct pollen with numeric chronology",
            "value": "1"
          },
          {
            "label": "20 km pollen with numeric chronology",
            "value": "1"
          },
          {
            "label": "20 km pollen overlapping nearby human chronology",
            "value": "0"
          },
          {
            "label": "20 km SEAD with numeric chronology",
            "value": "0"
          },
          {
            "label": "20 km SEAD overlapping nearby human chronology",
            "value": "0"
          },
          {
            "label": "Duplicate Sweden names",
            "value": "1"
          },
          {
            "label": "Coordinate spread",
            "value": "0.00 km"
          },
          {
            "label": "Identity diagnostics",
            "value": "none"
          },
          {
            "label": "Identity note",
            "value": "No explicit identity warning."
          },
          {
            "label": "Temporal support",
            "value": "9526-17322 Calibrated radiocarbon years BP"
          },
          {
            "label": "Temporal source",
            "value": "neotoma-pollen:3303"
          }
        ],
        "time_start_bp": 8516,
        "time_end_bp": 17322,
        "time_mean_bp": 12919,
        "time_label": "9526-17322 Calibrated radiocarbon years BP",
        "temporal_semantics": {
          "schema_version": "temporal-semantics.v1",
          "source_family": "neotoma",
          "evidence_class": "neotoma_aggregated_bp_ranges",
          "precision_posture": "site_interval_with_uncertainty",
          "comparability_posture": "numeric_interval_with_caveat",
          "summary_label": "9526-17322 Calibrated radiocarbon years BP",
          "temporal_window_key": "early_holocene_and_older",
          "temporal_window_label": "Early Holocene and older (6001+ BP)",
          "time_start_bp": 8516,
          "time_end_bp": 17322,
          "time_mean_bp": 12919,
          "duration_years": 8806,
          "comparison_note": "Neotoma coverage merges more than one BP age-range convention for this site, so the interval remains comparable but should be treated as a site-level summary span.",
          "provenance_path": "",
          "provenance_locator": "site_age_ranges",
          "provenance_excerpt": "",
          "original_labels": [
            "Calibrated radiocarbon years BP",
            "Radiocarbon years BP"
          ],
          "normalized_labels": [
            "Calibrated radiocarbon years BP",
            "Radiocarbon years BP"
          ],
          "uncertainty_notes": [
            "Multiple BP age-range conventions contribute to this site span."
          ]
        }
      }
    },
    {
      "type": "Feature",
      "geometry": {
        "type": "Point",
        "coordinates": [
          15.859814,
          56.159037
        ]
      },
      "properties": {
        "source": "bijux-pollenomics",
        "layer_key": "lake-evidence-candidates",
        "layer_label": "Sweden lake evidence candidates",
        "category": "Lake evidence candidate",
        "country": "Sweden",
        "record_id": "sweden_lake_registry:622492-150312:landclim-sites:897303:F\u00e4rshesj\u00f6n:56.166667:15.866667",
        "name": "F\u00e4rskesj\u00f6n",
        "geometry_type": "Point",
        "subtitle": "Sweden lake evidence candidate",
        "description": "Lake candidate anchored to the official Sweden lake registry.",
        "source_url": "https://vattenwebb.smhi.se/svarwebb/?sjoid=622492-150312",
        "record_count": 1,
        "media_links": [
          {
            "label": "Open in Google Maps",
            "url": "https://www.google.com/maps/search/?api=1&query=56.159037,15.859814",
            "kind": "link"
          },
          {
            "label": "Open representative source",
            "url": "https://vattenwebb.smhi.se/svarwebb/?sjoid=622492-150312",
            "kind": "link"
          }
        ],
        "popup_rows": [
          {
            "label": "Aggregate rank",
            "value": "9"
          },
          {
            "label": "Aggregate score",
            "value": "0.2364"
          },
          {
            "label": "Coordinates",
            "value": "56.159037, 15.859814"
          },
          {
            "label": "Coordinate method",
            "value": "svar_polygon_representative_point"
          },
          {
            "label": "Representative source",
            "value": "svar-lakes:622492-150312 (F\u00e4rskesj\u00f6n)"
          },
          {
            "label": "Lake registry id",
            "value": "622492-150312"
          },
          {
            "label": "Lake name status",
            "value": "water_surface_name"
          },
          {
            "label": "Lake area",
            "value": "0.459 km\u00b2"
          },
          {
            "label": "Sampling posture",
            "value": "sampling_lake_candidate"
          },
          {
            "label": "Sampling fit",
            "value": "0.8680"
          },
          {
            "label": "Sampling readiness",
            "value": "site_review_required"
          },
          {
            "label": "Sampling evidence still required",
            "value": "bathymetry and basin depth, sediment preservation and prior coring history, shore access and landowner contact, permit requirements, field hazards and logistics"
          },
          {
            "label": "Pollen sources",
            "value": "landclim-sites, neotoma-pollen"
          },
          {
            "label": "Direct pollen with numeric chronology",
            "value": "4"
          },
          {
            "label": "20 km pollen with numeric chronology",
            "value": "4"
          },
          {
            "label": "20 km pollen overlapping nearby human chronology",
            "value": "0"
          },
          {
            "label": "20 km SEAD with numeric chronology",
            "value": "3"
          },
          {
            "label": "20 km SEAD overlapping nearby human chronology",
            "value": "0"
          },
          {
            "label": "Duplicate Sweden names",
            "value": "1"
          },
          {
            "label": "Coordinate spread",
            "value": "0.00 km"
          },
          {
            "label": "Identity diagnostics",
            "value": "none"
          },
          {
            "label": "Identity note",
            "value": "No explicit identity warning."
          },
          {
            "label": "Temporal support",
            "value": "100-350 BP to 5700-6200 BP"
          },
          {
            "label": "Temporal source",
            "value": "landclim-sites:897303:F\u00e4rshesj\u00f6n:56.166667:15.866667"
          }
        ],
        "time_start_bp": 100,
        "time_end_bp": 6200,
        "time_mean_bp": 3150,
        "time_label": "100-350 BP to 5700-6200 BP",
        "temporal_semantics": {
          "schema_version": "temporal-semantics.v1",
          "source_family": "landclim",
          "evidence_class": "pollen_site_sequence_coverage",
          "precision_posture": "site_sequence_interval",
          "comparability_posture": "numeric_interval",
          "summary_label": "100-350 BP to 5700-6200 BP",
          "temporal_window_key": "mid_holocene",
          "temporal_window_label": "Mid-Holocene (3001-6000 BP)",
          "time_start_bp": 100,
          "time_end_bp": 6200,
          "time_mean_bp": 3150,
          "duration_years": 6100,
          "comparison_note": "This interval describes sequence coverage, not a single pollen observation or an event date.",
          "provenance_path": "data/landclim/raw/landclim_i_land_cover_types.xlsx",
          "provenance_locator": "SiteData:F\u00e4rshesj\u00f6n",
          "provenance_excerpt": "",
          "original_labels": [
            "100-350 BP to 5700-6200 BP"
          ],
          "normalized_labels": [
            "100-350 BP to 5700-6200 BP"
          ],
          "uncertainty_notes": []
        }
      }
    },
    {
      "type": "Feature",
      "geometry": {
        "type": "Point",
        "coordinates": [
          15.859814,
          56.159037
        ]
      },
      "properties": {
        "source": "bijux-pollenomics",
        "layer_key": "lake-evidence-candidates",
        "layer_label": "Sweden lake evidence candidates",
        "category": "Lake evidence candidate",
        "country": "Sweden",
        "record_id": "sweden_lake_registry:622492-150312:landclim-sites:937075:FARSK",
        "name": "F\u00e4rskesj\u00f6n",
        "geometry_type": "Point",
        "subtitle": "Sweden lake evidence candidate",
        "description": "Lake candidate anchored to the official Sweden lake registry.",
        "source_url": "https://vattenwebb.smhi.se/svarwebb/?sjoid=622492-150312",
        "record_count": 1,
        "media_links": [
          {
            "label": "Open in Google Maps",
            "url": "https://www.google.com/maps/search/?api=1&query=56.159037,15.859814",
            "kind": "link"
          },
          {
            "label": "Open representative source",
            "url": "https://vattenwebb.smhi.se/svarwebb/?sjoid=622492-150312",
            "kind": "link"
          }
        ],
        "popup_rows": [
          {
            "label": "Aggregate rank",
            "value": "9"
          },
          {
            "label": "Aggregate score",
            "value": "0.2364"
          },
          {
            "label": "Coordinates",
            "value": "56.159037, 15.859814"
          },
          {
            "label": "Coordinate method",
            "value": "svar_polygon_representative_point"
          },
          {
            "label": "Representative source",
            "value": "svar-lakes:622492-150312 (F\u00e4rskesj\u00f6n)"
          },
          {
            "label": "Lake registry id",
            "value": "622492-150312"
          },
          {
            "label": "Lake name status",
            "value": "water_surface_name"
          },
          {
            "label": "Lake area",
            "value": "0.459 km\u00b2"
          },
          {
            "label": "Sampling posture",
            "value": "sampling_lake_candidate"
          },
          {
            "label": "Sampling fit",
            "value": "0.8680"
          },
          {
            "label": "Sampling readiness",
            "value": "site_review_required"
          },
          {
            "label": "Sampling evidence still required",
            "value": "bathymetry and basin depth, sediment preservation and prior coring history, shore access and landowner contact, permit requirements, field hazards and logistics"
          },
          {
            "label": "Pollen sources",
            "value": "landclim-sites, neotoma-pollen"
          },
          {
            "label": "Direct pollen with numeric chronology",
            "value": "4"
          },
          {
            "label": "20 km pollen with numeric chronology",
            "value": "4"
          },
          {
            "label": "20 km pollen overlapping nearby human chronology",
            "value": "0"
          },
          {
            "label": "20 km SEAD with numeric chronology",
            "value": "3"
          },
          {
            "label": "20 km SEAD overlapping nearby human chronology",
            "value": "0"
          },
          {
            "label": "Duplicate Sweden names",
            "value": "1"
          },
          {
            "label": "Coordinate spread",
            "value": "0.00 km"
          },
          {
            "label": "Identity diagnostics",
            "value": "none"
          },
          {
            "label": "Identity note",
            "value": "No explicit identity warning."
          },
          {
            "label": "Temporal support",
            "value": "180-12442 BP"
          },
          {
            "label": "Temporal source",
            "value": "landclim-sites:937075:FARSK"
          }
        ],
        "time_start_bp": 180,
        "time_end_bp": 12442,
        "time_mean_bp": 6311,
        "time_label": "180-12442 BP",
        "temporal_semantics": {
          "schema_version": "temporal-semantics.v1",
          "source_family": "landclim",
          "evidence_class": "pollen_site_sequence_coverage",
          "precision_posture": "site_sequence_interval",
          "comparability_posture": "numeric_interval",
          "summary_label": "180-12442 BP",
          "temporal_window_key": "early_holocene_and_older",
          "temporal_window_label": "Early Holocene and older (6001+ BP)",
          "time_start_bp": 180,
          "time_end_bp": 12442,
          "time_mean_bp": 6311,
          "duration_years": 12262,
          "comparison_note": "This interval describes sequence coverage, not a single pollen observation or an event date.",
          "provenance_path": "data/landclim/raw/landclim_ii_site_metadata.xlsx",
          "provenance_locator": "LANDCLIMII metadata file:FARSK",
          "provenance_excerpt": "",
          "original_labels": [
            "180-12442 BP"
          ],
          "normalized_labels": [
            "180-12442 BP"
          ],
          "uncertainty_notes": []
        }
      }
    },
    {
      "type": "Feature",
      "geometry": {
        "type": "Point",
        "coordinates": [
          15.859814,
          56.159037
        ]
      },
      "properties": {
        "source": "bijux-pollenomics",
        "layer_key": "lake-evidence-candidates",
        "layer_label": "Sweden lake evidence candidates",
        "category": "Lake evidence candidate",
        "country": "Sweden",
        "record_id": "sweden_lake_registry:622492-150312:neotoma-pollen:3102",
        "name": "F\u00e4rskesj\u00f6n",
        "geometry_type": "Point",
        "subtitle": "Sweden lake evidence candidate",
        "description": "Lake candidate anchored to the official Sweden lake registry.",
        "source_url": "https://vattenwebb.smhi.se/svarwebb/?sjoid=622492-150312",
        "record_count": 1,
        "media_links": [
          {
            "label": "Open in Google Maps",
            "url": "https://www.google.com/maps/search/?api=1&query=56.159037,15.859814",
            "kind": "link"
          },
          {
            "label": "Open representative source",
            "url": "https://vattenwebb.smhi.se/svarwebb/?sjoid=622492-150312",
            "kind": "link"
          }
        ],
        "popup_rows": [
          {
            "label": "Aggregate rank",
            "value": "9"
          },
          {
            "label": "Aggregate score",
            "value": "0.2364"
          },
          {
            "label": "Coordinates",
            "value": "56.159037, 15.859814"
          },
          {
            "label": "Coordinate method",
            "value": "svar_polygon_representative_point"
          },
          {
            "label": "Representative source",
            "value": "svar-lakes:622492-150312 (F\u00e4rskesj\u00f6n)"
          },
          {
            "label": "Lake registry id",
            "value": "622492-150312"
          },
          {
            "label": "Lake name status",
            "value": "water_surface_name"
          },
          {
            "label": "Lake area",
            "value": "0.459 km\u00b2"
          },
          {
            "label": "Sampling posture",
            "value": "sampling_lake_candidate"
          },
          {
            "label": "Sampling fit",
            "value": "0.8680"
          },
          {
            "label": "Sampling readiness",
            "value": "site_review_required"
          },
          {
            "label": "Sampling evidence still required",
            "value": "bathymetry and basin depth, sediment preservation and prior coring history, shore access and landowner contact, permit requirements, field hazards and logistics"
          },
          {
            "label": "Pollen sources",
            "value": "landclim-sites, neotoma-pollen"
          },
          {
            "label": "Direct pollen with numeric chronology",
            "value": "4"
          },
          {
            "label": "20 km pollen with numeric chronology",
            "value": "4"
          },
          {
            "label": "20 km pollen overlapping nearby human chronology",
            "value": "0"
          },
          {
            "label": "20 km SEAD with numeric chronology",
            "value": "3"
          },
          {
            "label": "20 km SEAD overlapping nearby human chronology",
            "value": "0"
          },
          {
            "label": "Duplicate Sweden names",
            "value": "1"
          },
          {
            "label": "Coordinate spread",
            "value": "0.00 km"
          },
          {
            "label": "Identity diagnostics",
            "value": "none"
          },
          {
            "label": "Identity note",
            "value": "No explicit identity warning."
          },
          {
            "label": "Temporal support",
            "value": "66-12730 Calibrated radiocarbon years BP"
          },
          {
            "label": "Temporal source",
            "value": "neotoma-pollen:3102"
          }
        ],
        "time_start_bp": 66,
        "time_end_bp": 12730,
        "time_mean_bp": 6398,
        "time_label": "66-12730 Calibrated radiocarbon years BP",
        "temporal_semantics": {
          "schema_version": "temporal-semantics.v1",
          "source_family": "neotoma",
          "evidence_class": "neotoma_aggregated_bp_ranges",
          "precision_posture": "site_interval_with_uncertainty",
          "comparability_posture": "numeric_interval_with_caveat",
          "summary_label": "66-12730 Calibrated radiocarbon years BP",
          "temporal_window_key": "early_holocene_and_older",
          "temporal_window_label": "Early Holocene and older (6001+ BP)",
          "time_start_bp": 66,
          "time_end_bp": 12730,
          "time_mean_bp": 6398,
          "duration_years": 12664,
          "comparison_note": "Neotoma coverage merges more than one BP age-range convention for this site, so the interval remains comparable but should be treated as a site-level summary span.",
          "provenance_path": "",
          "provenance_locator": "site_age_ranges",
          "provenance_excerpt": "",
          "original_labels": [
            "Calibrated radiocarbon years BP",
            "Radiocarbon years BP"
          ],
          "normalized_labels": [
            "Calibrated radiocarbon years BP",
            "Radiocarbon years BP"
          ],
          "uncertainty_notes": [
            "Multiple BP age-range conventions contribute to this site span."
          ]
        }
      }
    },
    {
      "type": "Feature",
      "geometry": {
        "type": "Point",
        "coordinates": [
          15.859814,
          56.159037
        ]
      },
      "properties": {
        "source": "bijux-pollenomics",
        "layer_key": "lake-evidence-candidates",
        "layer_label": "Sweden lake evidence candidates",
        "category": "Lake evidence candidate",
        "country": "Sweden",
        "record_id": "sweden_lake_registry:622492-150312:landclim-sites:937075:Farske",
        "name": "F\u00e4rskesj\u00f6n",
        "geometry_type": "Point",
        "subtitle": "Sweden lake evidence candidate",
        "description": "Lake candidate anchored to the official Sweden lake registry.",
        "source_url": "https://vattenwebb.smhi.se/svarwebb/?sjoid=622492-150312",
        "record_count": 1,
        "media_links": [
          {
            "label": "Open in Google Maps",
            "url": "https://www.google.com/maps/search/?api=1&query=56.159037,15.859814",
            "kind": "link"
          },
          {
            "label": "Open representative source",
            "url": "https://vattenwebb.smhi.se/svarwebb/?sjoid=622492-150312",
            "kind": "link"
          }
        ],
        "popup_rows": [
          {
            "label": "Aggregate rank",
            "value": "9"
          },
          {
            "label": "Aggregate score",
            "value": "0.2364"
          },
          {
            "label": "Coordinates",
            "value": "56.159037, 15.859814"
          },
          {
            "label": "Coordinate method",
            "value": "svar_polygon_representative_point"
          },
          {
            "label": "Representative source",
            "value": "svar-lakes:622492-150312 (F\u00e4rskesj\u00f6n)"
          },
          {
            "label": "Lake registry id",
            "value": "622492-150312"
          },
          {
            "label": "Lake name status",
            "value": "water_surface_name"
          },
          {
            "label": "Lake area",
            "value": "0.459 km\u00b2"
          },
          {
            "label": "Sampling posture",
            "value": "sampling_lake_candidate"
          },
          {
            "label": "Sampling fit",
            "value": "0.8680"
          },
          {
            "label": "Sampling readiness",
            "value": "site_review_required"
          },
          {
            "label": "Sampling evidence still required",
            "value": "bathymetry and basin depth, sediment preservation and prior coring history, shore access and landowner contact, permit requirements, field hazards and logistics"
          },
          {
            "label": "Pollen sources",
            "value": "landclim-sites, neotoma-pollen"
          },
          {
            "label": "Direct pollen with numeric chronology",
            "value": "4"
          },
          {
            "label": "20 km pollen with numeric chronology",
            "value": "4"
          },
          {
            "label": "20 km pollen overlapping nearby human chronology",
            "value": "0"
          },
          {
            "label": "20 km SEAD with numeric chronology",
            "value": "3"
          },
          {
            "label": "20 km SEAD overlapping nearby human chronology",
            "value": "0"
          },
          {
            "label": "Duplicate Sweden names",
            "value": "1"
          },
          {
            "label": "Coordinate spread",
            "value": "0.00 km"
          },
          {
            "label": "Identity diagnostics",
            "value": "none"
          },
          {
            "label": "Identity note",
            "value": "No explicit identity warning."
          },
          {
            "label": "Temporal support",
            "value": "-58-3055 BP"
          },
          {
            "label": "Temporal source",
            "value": "landclim-sites:937075:Farske"
          }
        ],
        "time_start_bp": -58,
        "time_end_bp": 3055,
        "time_mean_bp": 1498,
        "time_label": "-58-3055 BP",
        "temporal_semantics": {
          "schema_version": "temporal-semantics.v1",
          "source_family": "landclim",
          "evidence_class": "pollen_site_sequence_coverage",
          "precision_posture": "site_sequence_interval",
          "comparability_posture": "numeric_interval",
          "summary_label": "-58-3055 BP",
          "temporal_window_key": "late_holocene",
          "temporal_window_label": "Late Holocene (1001-3000 BP)",
          "time_start_bp": -58,
          "time_end_bp": 3055,
          "time_mean_bp": 1498,
          "duration_years": 3113,
          "comparison_note": "This interval describes sequence coverage, not a single pollen observation or an event date.",
          "provenance_path": "data/landclim/raw/landclim_ii_site_metadata.xlsx",
          "provenance_locator": "LANDCLIMII metadata file:Farske",
          "provenance_excerpt": "",
          "original_labels": [
            "-58-3055 BP"
          ],
          "normalized_labels": [
            "-58-3055 BP"
          ],
          "uncertainty_notes": []
        }
      }
    },
    {
      "type": "Feature",
      "geometry": {
        "type": "Point",
        "coordinates": [
          14.482671,
          57.085667
        ]
      },
      "properties": {
        "source": "bijux-pollenomics",
        "layer_key": "lake-evidence-candidates",
        "layer_label": "Sweden lake evidence candidates",
        "category": "Lake evidence candidate",
        "country": "Sweden",
        "record_id": "sweden_lake_registry:632901-141943:landclim-sites:897303:\u00c5bodasj\u00f6n:57.085556:14.478611",
        "name": "\u00c5bodasj\u00f6n",
        "geometry_type": "Point",
        "subtitle": "Sweden lake evidence candidate",
        "description": "Lake candidate anchored to the official Sweden lake registry.",
        "source_url": "https://vattenwebb.smhi.se/svarwebb/?sjoid=632901-141943",
        "record_count": 1,
        "media_links": [
          {
            "label": "Open in Google Maps",
            "url": "https://www.google.com/maps/search/?api=1&query=57.085667,14.482671",
            "kind": "link"
          },
          {
            "label": "Open representative source",
            "url": "https://vattenwebb.smhi.se/svarwebb/?sjoid=632901-141943",
            "kind": "link"
          }
        ],
        "popup_rows": [
          {
            "label": "Aggregate rank",
            "value": "10"
          },
          {
            "label": "Aggregate score",
            "value": "0.2155"
          },
          {
            "label": "Coordinates",
            "value": "57.085667, 14.482671"
          },
          {
            "label": "Coordinate method",
            "value": "svar_polygon_representative_point"
          },
          {
            "label": "Representative source",
            "value": "svar-lakes:632901-141943 (\u00c5bodasj\u00f6n)"
          },
          {
            "label": "Lake registry id",
            "value": "632901-141943"
          },
          {
            "label": "Lake name status",
            "value": "water_surface_name"
          },
          {
            "label": "Lake area",
            "value": "0.545 km\u00b2"
          },
          {
            "label": "Sampling posture",
            "value": "sampling_lake_candidate"
          },
          {
            "label": "Sampling fit",
            "value": "1.0000"
          },
          {
            "label": "Sampling readiness",
            "value": "site_review_required"
          },
          {
            "label": "Sampling evidence still required",
            "value": "bathymetry and basin depth, sediment preservation and prior coring history, shore access and landowner contact, permit requirements, field hazards and logistics"
          },
          {
            "label": "Pollen sources",
            "value": "landclim-sites"
          },
          {
            "label": "Direct pollen with numeric chronology",
            "value": "3"
          },
          {
            "label": "20 km pollen with numeric chronology",
            "value": "6"
          },
          {
            "label": "20 km pollen overlapping nearby human chronology",
            "value": "0"
          },
          {
            "label": "20 km SEAD with numeric chronology",
            "value": "2"
          },
          {
            "label": "20 km SEAD overlapping nearby human chronology",
            "value": "0"
          },
          {
            "label": "Duplicate Sweden names",
            "value": "1"
          },
          {
            "label": "Coordinate spread",
            "value": "0.00 km"
          },
          {
            "label": "Identity diagnostics",
            "value": "none"
          },
          {
            "label": "Identity note",
            "value": "No explicit identity warning."
          },
          {
            "label": "Temporal support",
            "value": "0-100 BP"
          },
          {
            "label": "Temporal source",
            "value": "landclim-sites:897303:\u00c5bodasj\u00f6n:57.085556:14.478611"
          }
        ],
        "time_start_bp": 0,
        "time_end_bp": 100,
        "time_mean_bp": 50,
        "time_label": "0-100 BP",
        "temporal_semantics": {
          "schema_version": "temporal-semantics.v1",
          "source_family": "landclim",
          "evidence_class": "pollen_site_sequence_coverage",
          "precision_posture": "site_sequence_interval",
          "comparability_posture": "numeric_interval",
          "summary_label": "0-100 BP",
          "temporal_window_key": "recent_historical",
          "temporal_window_label": "Recent and historical (0-1000 BP)",
          "time_start_bp": 0,
          "time_end_bp": 100,
          "time_mean_bp": 50,
          "duration_years": 100,
          "comparison_note": "This interval describes sequence coverage, not a single pollen observation or an event date.",
          "provenance_path": "data/landclim/raw/landclim_i_land_cover_types.xlsx",
          "provenance_locator": "SiteData:\u00c5bodasj\u00f6n",
          "provenance_excerpt": "",
          "original_labels": [
            "0-100 BP"
          ],
          "normalized_labels": [
            "0-100 BP"
          ],
          "uncertainty_notes": []
        }
      }
    },
    {
      "type": "Feature",
      "geometry": {
        "type": "Point",
        "coordinates": [
          14.482671,
          57.085667
        ]
      },
      "properties": {
        "source": "bijux-pollenomics",
        "layer_key": "lake-evidence-candidates",
        "layer_label": "Sweden lake evidence candidates",
        "category": "Lake evidence candidate",
        "country": "Sweden",
        "record_id": "sweden_lake_registry:632901-141943:landclim-sites:900966:GC21:\u00c5bodasj\u00f6n",
        "name": "\u00c5bodasj\u00f6n",
        "geometry_type": "Point",
        "subtitle": "Sweden lake evidence candidate",
        "description": "Lake candidate anchored to the official Sweden lake registry.",
        "source_url": "https://vattenwebb.smhi.se/svarwebb/?sjoid=632901-141943",
        "record_count": 1,
        "media_links": [
          {
            "label": "Open in Google Maps",
            "url": "https://www.google.com/maps/search/?api=1&query=57.085667,14.482671",
            "kind": "link"
          },
          {
            "label": "Open representative source",
            "url": "https://vattenwebb.smhi.se/svarwebb/?sjoid=632901-141943",
            "kind": "link"
          }
        ],
        "popup_rows": [
          {
            "label": "Aggregate rank",
            "value": "10"
          },
          {
            "label": "Aggregate score",
            "value": "0.2155"
          },
          {
            "label": "Coordinates",
            "value": "57.085667, 14.482671"
          },
          {
            "label": "Coordinate method",
            "value": "svar_polygon_representative_point"
          },
          {
            "label": "Representative source",
            "value": "svar-lakes:632901-141943 (\u00c5bodasj\u00f6n)"
          },
          {
            "label": "Lake registry id",
            "value": "632901-141943"
          },
          {
            "label": "Lake name status",
            "value": "water_surface_name"
          },
          {
            "label": "Lake area",
            "value": "0.545 km\u00b2"
          },
          {
            "label": "Sampling posture",
            "value": "sampling_lake_candidate"
          },
          {
            "label": "Sampling fit",
            "value": "1.0000"
          },
          {
            "label": "Sampling readiness",
            "value": "site_review_required"
          },
          {
            "label": "Sampling evidence still required",
            "value": "bathymetry and basin depth, sediment preservation and prior coring history, shore access and landowner contact, permit requirements, field hazards and logistics"
          },
          {
            "label": "Pollen sources",
            "value": "landclim-sites"
          },
          {
            "label": "Direct pollen with numeric chronology",
            "value": "3"
          },
          {
            "label": "20 km pollen with numeric chronology",
            "value": "6"
          },
          {
            "label": "20 km pollen overlapping nearby human chronology",
            "value": "0"
          },
          {
            "label": "20 km SEAD with numeric chronology",
            "value": "2"
          },
          {
            "label": "20 km SEAD overlapping nearby human chronology",
            "value": "0"
          },
          {
            "label": "Duplicate Sweden names",
            "value": "1"
          },
          {
            "label": "Coordinate spread",
            "value": "0.00 km"
          },
          {
            "label": "Identity diagnostics",
            "value": "none"
          },
          {
            "label": "Identity note",
            "value": "No explicit identity warning."
          },
          {
            "label": "Temporal support",
            "value": "0-11700 BP"
          },
          {
            "label": "Temporal source",
            "value": "landclim-sites:900966:GC21:\u00c5bodasj\u00f6n"
          }
        ],
        "time_start_bp": 0,
        "time_end_bp": 11700,
        "time_mean_bp": 5850,
        "time_label": "0-11700 BP",
        "temporal_semantics": {
          "schema_version": "temporal-semantics.v1",
          "source_family": "landclim",
          "evidence_class": "pollen_site_sequence_coverage",
          "precision_posture": "site_sequence_interval",
          "comparability_posture": "numeric_interval",
          "summary_label": "0-11700 BP",
          "temporal_window_key": "mid_holocene",
          "temporal_window_label": "Mid-Holocene (3001-6000 BP)",
          "time_start_bp": 0,
          "time_end_bp": 11700,
          "time_mean_bp": 5850,
          "duration_years": 11700,
          "comparison_note": "This interval describes sequence coverage, not a single pollen observation or an event date.",
          "provenance_path": "data/landclim/raw/marquer_2017_reveals_taxa_grid_cells.xlsx",
          "provenance_locator": "Metadata:\u00c5bodasj\u00f6n",
          "provenance_excerpt": "",
          "original_labels": [
            "0-11700 BP"
          ],
          "normalized_labels": [
            "0-11700 BP"
          ],
          "uncertainty_notes": []
        }
      }
    },
    {
      "type": "Feature",
      "geometry": {
        "type": "Point",
        "coordinates": [
          14.482671,
          57.085667
        ]
      },
      "properties": {
        "source": "bijux-pollenomics",
        "layer_key": "lake-evidence-candidates",
        "layer_label": "Sweden lake evidence candidates",
        "category": "Lake evidence candidate",
        "country": "Sweden",
        "record_id": "sweden_lake_registry:632901-141943:landclim-sites:937075:\u00c5bodasj\u00f6n",
        "name": "\u00c5bodasj\u00f6n",
        "geometry_type": "Point",
        "subtitle": "Sweden lake evidence candidate",
        "description": "Lake candidate anchored to the official Sweden lake registry.",
        "source_url": "https://vattenwebb.smhi.se/svarwebb/?sjoid=632901-141943",
        "record_count": 1,
        "media_links": [
          {
            "label": "Open in Google Maps",
            "url": "https://www.google.com/maps/search/?api=1&query=57.085667,14.482671",
            "kind": "link"
          },
          {
            "label": "Open representative source",
            "url": "https://vattenwebb.smhi.se/svarwebb/?sjoid=632901-141943",
            "kind": "link"
          }
        ],
        "popup_rows": [
          {
            "label": "Aggregate rank",
            "value": "10"
          },
          {
            "label": "Aggregate score",
            "value": "0.2155"
          },
          {
            "label": "Coordinates",
            "value": "57.085667, 14.482671"
          },
          {
            "label": "Coordinate method",
            "value": "svar_polygon_representative_point"
          },
          {
            "label": "Representative source",
            "value": "svar-lakes:632901-141943 (\u00c5bodasj\u00f6n)"
          },
          {
            "label": "Lake registry id",
            "value": "632901-141943"
          },
          {
            "label": "Lake name status",
            "value": "water_surface_name"
          },
          {
            "label": "Lake area",
            "value": "0.545 km\u00b2"
          },
          {
            "label": "Sampling posture",
            "value": "sampling_lake_candidate"
          },
          {
            "label": "Sampling fit",
            "value": "1.0000"
          },
          {
            "label": "Sampling readiness",
            "value": "site_review_required"
          },
          {
            "label": "Sampling evidence still required",
            "value": "bathymetry and basin depth, sediment preservation and prior coring history, shore access and landowner contact, permit requirements, field hazards and logistics"
          },
          {
            "label": "Pollen sources",
            "value": "landclim-sites"
          },
          {
            "label": "Direct pollen with numeric chronology",
            "value": "3"
          },
          {
            "label": "20 km pollen with numeric chronology",
            "value": "6"
          },
          {
            "label": "20 km pollen overlapping nearby human chronology",
            "value": "0"
          },
          {
            "label": "20 km SEAD with numeric chronology",
            "value": "2"
          },
          {
            "label": "20 km SEAD overlapping nearby human chronology",
            "value": "0"
          },
          {
            "label": "Duplicate Sweden names",
            "value": "1"
          },
          {
            "label": "Coordinate spread",
            "value": "0.00 km"
          },
          {
            "label": "Identity diagnostics",
            "value": "none"
          },
          {
            "label": "Identity note",
            "value": "No explicit identity warning."
          },
          {
            "label": "Temporal support",
            "value": "-57-951 BP"
          },
          {
            "label": "Temporal source",
            "value": "landclim-sites:937075:\u00c5bodasj\u00f6n"
          }
        ],
        "time_start_bp": -57,
        "time_end_bp": 951,
        "time_mean_bp": 447,
        "time_label": "-57-951 BP",
        "temporal_semantics": {
          "schema_version": "temporal-semantics.v1",
          "source_family": "landclim",
          "evidence_class": "pollen_site_sequence_coverage",
          "precision_posture": "site_sequence_interval",
          "comparability_posture": "numeric_interval",
          "summary_label": "-57-951 BP",
          "temporal_window_key": "recent_historical",
          "temporal_window_label": "Recent and historical (0-1000 BP)",
          "time_start_bp": -57,
          "time_end_bp": 951,
          "time_mean_bp": 447,
          "duration_years": 1008,
          "comparison_note": "This interval describes sequence coverage, not a single pollen observation or an event date.",
          "provenance_path": "data/landclim/raw/landclim_ii_site_metadata.xlsx",
          "provenance_locator": "LANDCLIMII metadata file:\u00c5bodasj\u00f6n",
          "provenance_excerpt": "",
          "original_labels": [
            "-57-951 BP"
          ],
          "normalized_labels": [
            "-57-951 BP"
          ],
          "uncertainty_notes": []
        }
      }
    },
    {
      "type": "Feature",
      "geometry": {
        "type": "Point",
        "coordinates": [
          15.850291,
          60.089033
        ]
      },
      "properties": {
        "source": "bijux-pollenomics",
        "layer_key": "lake-evidence-candidates",
        "layer_label": "Sweden lake evidence candidates",
        "category": "Lake evidence candidate",
        "country": "Sweden",
        "record_id": "sweden_lake_registry:666346-150259:landclim-sites:897303:Gilltj\u00e4rnen:60.083333:15.833333",
        "name": "Ungtj\u00e4rnen",
        "geometry_type": "Point",
        "subtitle": "Sweden lake evidence candidate",
        "description": "Lake candidate anchored to the official Sweden lake registry.",
        "source_url": "https://vattenwebb.smhi.se/svarwebb/?sjoid=666346-150259",
        "record_count": 1,
        "media_links": [
          {
            "label": "Open in Google Maps",
            "url": "https://www.google.com/maps/search/?api=1&query=60.089033,15.850291",
            "kind": "link"
          },
          {
            "label": "Open representative source",
            "url": "https://vattenwebb.smhi.se/svarwebb/?sjoid=666346-150259",
            "kind": "link"
          }
        ],
        "popup_rows": [
          {
            "label": "Aggregate rank",
            "value": "11"
          },
          {
            "label": "Aggregate score",
            "value": "0.2037"
          },
          {
            "label": "Coordinates",
            "value": "60.089033, 15.850291"
          },
          {
            "label": "Coordinate method",
            "value": "svar_polygon_representative_point"
          },
          {
            "label": "Representative source",
            "value": "svar-lakes:666346-150259 (Ungtj\u00e4rnen)"
          },
          {
            "label": "Lake registry id",
            "value": "666346-150259"
          },
          {
            "label": "Lake name status",
            "value": "water_surface_name"
          },
          {
            "label": "Lake area",
            "value": "0.102 km\u00b2"
          },
          {
            "label": "Sampling posture",
            "value": "compact_lake_candidate"
          },
          {
            "label": "Sampling fit",
            "value": "0.6300"
          },
          {
            "label": "Sampling readiness",
            "value": "site_review_required"
          },
          {
            "label": "Sampling evidence still required",
            "value": "bathymetry and basin depth, sediment preservation and prior coring history, shore access and landowner contact, permit requirements, field hazards and logistics"
          },
          {
            "label": "Pollen sources",
            "value": "landclim-sites, neotoma-pollen"
          },
          {
            "label": "Direct pollen with numeric chronology",
            "value": "2"
          },
          {
            "label": "20 km pollen with numeric chronology",
            "value": "2"
          },
          {
            "label": "20 km pollen overlapping nearby human chronology",
            "value": "0"
          },
          {
            "label": "20 km SEAD with numeric chronology",
            "value": "0"
          },
          {
            "label": "20 km SEAD overlapping nearby human chronology",
            "value": "0"
          },
          {
            "label": "Duplicate Sweden names",
            "value": "1"
          },
          {
            "label": "Coordinate spread",
            "value": "0.00 km"
          },
          {
            "label": "Identity diagnostics",
            "value": "none"
          },
          {
            "label": "Identity note",
            "value": "No explicit identity warning."
          },
          {
            "label": "Temporal support",
            "value": "0-100 BP to 5700-6200 BP"
          },
          {
            "label": "Temporal source",
            "value": "landclim-sites:897303:Gilltj\u00e4rnen:60.083333:15.833333"
          }
        ],
        "time_start_bp": 0,
        "time_end_bp": 6200,
        "time_mean_bp": 3100,
        "time_label": "0-100 BP to 5700-6200 BP",
        "temporal_semantics": {
          "schema_version": "temporal-semantics.v1",
          "source_family": "landclim",
          "evidence_class": "pollen_site_sequence_coverage",
          "precision_posture": "site_sequence_interval",
          "comparability_posture": "numeric_interval",
          "summary_label": "0-100 BP to 5700-6200 BP",
          "temporal_window_key": "mid_holocene",
          "temporal_window_label": "Mid-Holocene (3001-6000 BP)",
          "time_start_bp": 0,
          "time_end_bp": 6200,
          "time_mean_bp": 3100,
          "duration_years": 6200,
          "comparison_note": "This interval describes sequence coverage, not a single pollen observation or an event date.",
          "provenance_path": "data/landclim/raw/landclim_i_land_cover_types.xlsx",
          "provenance_locator": "SiteData:Gilltj\u00e4rnen",
          "provenance_excerpt": "",
          "original_labels": [
            "0-100 BP to 5700-6200 BP"
          ],
          "normalized_labels": [
            "0-100 BP to 5700-6200 BP"
          ],
          "uncertainty_notes": []
        }
      }
    },
    {
      "type": "Feature",
      "geometry": {
        "type": "Point",
        "coordinates": [
          15.850291,
          60.089033
        ]
      },
      "properties": {
        "source": "bijux-pollenomics",
        "layer_key": "lake-evidence-candidates",
        "layer_label": "Sweden lake evidence candidates",
        "category": "Lake evidence candidate",
        "country": "Sweden",
        "record_id": "sweden_lake_registry:666346-150259:neotoma-pollen:28866",
        "name": "Ungtj\u00e4rnen",
        "geometry_type": "Point",
        "subtitle": "Sweden lake evidence candidate",
        "description": "Lake candidate anchored to the official Sweden lake registry.",
        "source_url": "https://vattenwebb.smhi.se/svarwebb/?sjoid=666346-150259",
        "record_count": 1,
        "media_links": [
          {
            "label": "Open in Google Maps",
            "url": "https://www.google.com/maps/search/?api=1&query=60.089033,15.850291",
            "kind": "link"
          },
          {
            "label": "Open representative source",
            "url": "https://vattenwebb.smhi.se/svarwebb/?sjoid=666346-150259",
            "kind": "link"
          }
        ],
        "popup_rows": [
          {
            "label": "Aggregate rank",
            "value": "11"
          },
          {
            "label": "Aggregate score",
            "value": "0.2037"
          },
          {
            "label": "Coordinates",
            "value": "60.089033, 15.850291"
          },
          {
            "label": "Coordinate method",
            "value": "svar_polygon_representative_point"
          },
          {
            "label": "Representative source",
            "value": "svar-lakes:666346-150259 (Ungtj\u00e4rnen)"
          },
          {
            "label": "Lake registry id",
            "value": "666346-150259"
          },
          {
            "label": "Lake name status",
            "value": "water_surface_name"
          },
          {
            "label": "Lake area",
            "value": "0.102 km\u00b2"
          },
          {
            "label": "Sampling posture",
            "value": "compact_lake_candidate"
          },
          {
            "label": "Sampling fit",
            "value": "0.6300"
          },
          {
            "label": "Sampling readiness",
            "value": "site_review_required"
          },
          {
            "label": "Sampling evidence still required",
            "value": "bathymetry and basin depth, sediment preservation and prior coring history, shore access and landowner contact, permit requirements, field hazards and logistics"
          },
          {
            "label": "Pollen sources",
            "value": "landclim-sites, neotoma-pollen"
          },
          {
            "label": "Direct pollen with numeric chronology",
            "value": "2"
          },
          {
            "label": "20 km pollen with numeric chronology",
            "value": "2"
          },
          {
            "label": "20 km pollen overlapping nearby human chronology",
            "value": "0"
          },
          {
            "label": "20 km SEAD with numeric chronology",
            "value": "0"
          },
          {
            "label": "20 km SEAD overlapping nearby human chronology",
            "value": "0"
          },
          {
            "label": "Duplicate Sweden names",
            "value": "1"
          },
          {
            "label": "Coordinate spread",
            "value": "0.00 km"
          },
          {
            "label": "Identity diagnostics",
            "value": "none"
          },
          {
            "label": "Identity note",
            "value": "No explicit identity warning."
          },
          {
            "label": "Temporal support",
            "value": "0-11100 Calibrated radiocarbon years BP"
          },
          {
            "label": "Temporal source",
            "value": "neotoma-pollen:28866"
          }
        ],
        "time_start_bp": 0,
        "time_end_bp": 11100,
        "time_mean_bp": 5550,
        "time_label": "0-11100 Calibrated radiocarbon years BP",
        "temporal_semantics": {
          "schema_version": "temporal-semantics.v1",
          "source_family": "neotoma",
          "evidence_class": "neotoma_bp_range",
          "precision_posture": "site_interval",
          "comparability_posture": "numeric_interval",
          "summary_label": "0-11100 Calibrated radiocarbon years BP",
          "temporal_window_key": "mid_holocene",
          "temporal_window_label": "Mid-Holocene (3001-6000 BP)",
          "time_start_bp": 0,
          "time_end_bp": 11100,
          "time_mean_bp": 5550,
          "duration_years": 11100,
          "comparison_note": "Neotoma publishes BP age coverage here, but the interval remains a site-level pollen context span rather than a sample-owned event date.",
          "provenance_path": "",
          "provenance_locator": "site_age_ranges",
          "provenance_excerpt": "",
          "original_labels": [
            "Calibrated radiocarbon years BP"
          ],
          "normalized_labels": [
            "Calibrated radiocarbon years BP"
          ],
          "uncertainty_notes": []
        }
      }
    },
    {
      "type": "Feature",
      "geometry": {
        "type": "Point",
        "coordinates": [
          16.512573,
          61.80718
        ]
      },
      "properties": {
        "source": "bijux-pollenomics",
        "layer_key": "lake-evidence-candidates",
        "layer_label": "Sweden lake evidence candidates",
        "category": "Lake evidence candidate",
        "country": "Sweden",
        "record_id": "sweden_lake_registry:685496-153902:landclim-sites:897303:Klotj\u00e4rnen:61.816667:16.533333",
        "name": "St\u00f6mnesj\u00f6n",
        "geometry_type": "Point",
        "subtitle": "Sweden lake evidence candidate",
        "description": "Lake candidate anchored to the official Sweden lake registry.",
        "source_url": "https://vattenwebb.smhi.se/svarwebb/?sjoid=685496-153902",
        "record_count": 1,
        "media_links": [
          {
            "label": "Open in Google Maps",
            "url": "https://www.google.com/maps/search/?api=1&query=61.807180,16.512573",
            "kind": "link"
          },
          {
            "label": "Open representative source",
            "url": "https://vattenwebb.smhi.se/svarwebb/?sjoid=685496-153902",
            "kind": "link"
          }
        ],
        "popup_rows": [
          {
            "label": "Aggregate rank",
            "value": "12"
          },
          {
            "label": "Aggregate score",
            "value": "0.1976"
          },
          {
            "label": "Coordinates",
            "value": "61.807180, 16.512573"
          },
          {
            "label": "Coordinate method",
            "value": "svar_polygon_representative_point"
          },
          {
            "label": "Representative source",
            "value": "svar-lakes:685496-153902 (St\u00f6mnesj\u00f6n)"
          },
          {
            "label": "Lake registry id",
            "value": "685496-153902"
          },
          {
            "label": "Lake name status",
            "value": "water_surface_name"
          },
          {
            "label": "Lake area",
            "value": "2.439 km\u00b2"
          },
          {
            "label": "Sampling posture",
            "value": "sampling_lake_candidate"
          },
          {
            "label": "Sampling fit",
            "value": "1.0000"
          },
          {
            "label": "Sampling readiness",
            "value": "site_review_required"
          },
          {
            "label": "Sampling evidence still required",
            "value": "bathymetry and basin depth, sediment preservation and prior coring history, shore access and landowner contact, permit requirements, field hazards and logistics"
          },
          {
            "label": "Pollen sources",
            "value": "landclim-sites"
          },
          {
            "label": "Direct pollen with numeric chronology",
            "value": "2"
          },
          {
            "label": "20 km pollen with numeric chronology",
            "value": "3"
          },
          {
            "label": "20 km pollen overlapping nearby human chronology",
            "value": "0"
          },
          {
            "label": "20 km SEAD with numeric chronology",
            "value": "0"
          },
          {
            "label": "20 km SEAD overlapping nearby human chronology",
            "value": "0"
          },
          {
            "label": "Duplicate Sweden names",
            "value": "1"
          },
          {
            "label": "Coordinate spread",
            "value": "0.00 km"
          },
          {
            "label": "Identity diagnostics",
            "value": "none"
          },
          {
            "label": "Identity note",
            "value": "No explicit identity warning."
          },
          {
            "label": "Temporal support",
            "value": "0-100 BP to 5700-6200 BP"
          },
          {
            "label": "Temporal source",
            "value": "landclim-sites:897303:Klotj\u00e4rnen:61.816667:16.533333"
          }
        ],
        "time_start_bp": 0,
        "time_end_bp": 6200,
        "time_mean_bp": 3100,
        "time_label": "0-100 BP to 5700-6200 BP",
        "temporal_semantics": {
          "schema_version": "temporal-semantics.v1",
          "source_family": "landclim",
          "evidence_class": "pollen_site_sequence_coverage",
          "precision_posture": "site_sequence_interval",
          "comparability_posture": "numeric_interval",
          "summary_label": "0-100 BP to 5700-6200 BP",
          "temporal_window_key": "mid_holocene",
          "temporal_window_label": "Mid-Holocene (3001-6000 BP)",
          "time_start_bp": 0,
          "time_end_bp": 6200,
          "time_mean_bp": 3100,
          "duration_years": 6200,
          "comparison_note": "This interval describes sequence coverage, not a single pollen observation or an event date.",
          "provenance_path": "data/landclim/raw/landclim_i_land_cover_types.xlsx",
          "provenance_locator": "SiteData:Klotj\u00e4rnen",
          "provenance_excerpt": "",
          "original_labels": [
            "0-100 BP to 5700-6200 BP"
          ],
          "normalized_labels": [
            "0-100 BP to 5700-6200 BP"
          ],
          "uncertainty_notes": []
        }
      }
    },
    {
      "type": "Feature",
      "geometry": {
        "type": "Point",
        "coordinates": [
          16.512573,
          61.80718
        ]
      },
      "properties": {
        "source": "bijux-pollenomics",
        "layer_key": "lake-evidence-candidates",
        "layer_label": "Sweden lake evidence candidates",
        "category": "Lake evidence candidate",
        "country": "Sweden",
        "record_id": "sweden_lake_registry:685496-153902:landclim-sites:937075:KLO",
        "name": "St\u00f6mnesj\u00f6n",
        "geometry_type": "Point",
        "subtitle": "Sweden lake evidence candidate",
        "description": "Lake candidate anchored to the official Sweden lake registry.",
        "source_url": "https://vattenwebb.smhi.se/svarwebb/?sjoid=685496-153902",
        "record_count": 1,
        "media_links": [
          {
            "label": "Open in Google Maps",
            "url": "https://www.google.com/maps/search/?api=1&query=61.807180,16.512573",
            "kind": "link"
          },
          {
            "label": "Open representative source",
            "url": "https://vattenwebb.smhi.se/svarwebb/?sjoid=685496-153902",
            "kind": "link"
          }
        ],
        "popup_rows": [
          {
            "label": "Aggregate rank",
            "value": "12"
          },
          {
            "label": "Aggregate score",
            "value": "0.1976"
          },
          {
            "label": "Coordinates",
            "value": "61.807180, 16.512573"
          },
          {
            "label": "Coordinate method",
            "value": "svar_polygon_representative_point"
          },
          {
            "label": "Representative source",
            "value": "svar-lakes:685496-153902 (St\u00f6mnesj\u00f6n)"
          },
          {
            "label": "Lake registry id",
            "value": "685496-153902"
          },
          {
            "label": "Lake name status",
            "value": "water_surface_name"
          },
          {
            "label": "Lake area",
            "value": "2.439 km\u00b2"
          },
          {
            "label": "Sampling posture",
            "value": "sampling_lake_candidate"
          },
          {
            "label": "Sampling fit",
            "value": "1.0000"
          },
          {
            "label": "Sampling readiness",
            "value": "site_review_required"
          },
          {
            "label": "Sampling evidence still required",
            "value": "bathymetry and basin depth, sediment preservation and prior coring history, shore access and landowner contact, permit requirements, field hazards and logistics"
          },
          {
            "label": "Pollen sources",
            "value": "landclim-sites"
          },
          {
            "label": "Direct pollen with numeric chronology",
            "value": "2"
          },
          {
            "label": "20 km pollen with numeric chronology",
            "value": "3"
          },
          {
            "label": "20 km pollen overlapping nearby human chronology",
            "value": "0"
          },
          {
            "label": "20 km SEAD with numeric chronology",
            "value": "0"
          },
          {
            "label": "20 km SEAD overlapping nearby human chronology",
            "value": "0"
          },
          {
            "label": "Duplicate Sweden names",
            "value": "1"
          },
          {
            "label": "Coordinate spread",
            "value": "0.00 km"
          },
          {
            "label": "Identity diagnostics",
            "value": "none"
          },
          {
            "label": "Identity note",
            "value": "No explicit identity warning."
          },
          {
            "label": "Temporal support",
            "value": "-60-9497 BP"
          },
          {
            "label": "Temporal source",
            "value": "landclim-sites:937075:KLO"
          }
        ],
        "time_start_bp": -60,
        "time_end_bp": 9497,
        "time_mean_bp": 4718,
        "time_label": "-60-9497 BP",
        "temporal_semantics": {
          "schema_version": "temporal-semantics.v1",
          "source_family": "landclim",
          "evidence_class": "pollen_site_sequence_coverage",
          "precision_posture": "site_sequence_interval",
          "comparability_posture": "numeric_interval",
          "summary_label": "-60-9497 BP",
          "temporal_window_key": "mid_holocene",
          "temporal_window_label": "Mid-Holocene (3001-6000 BP)",
          "time_start_bp": -60,
          "time_end_bp": 9497,
          "time_mean_bp": 4718,
          "duration_years": 9557,
          "comparison_note": "This interval describes sequence coverage, not a single pollen observation or an event date.",
          "provenance_path": "data/landclim/raw/landclim_ii_site_metadata.xlsx",
          "provenance_locator": "LANDCLIMII metadata file:KLO",
          "provenance_excerpt": "",
          "original_labels": [
            "-60-9497 BP"
          ],
          "normalized_labels": [
            "-60-9497 BP"
          ],
          "uncertainty_notes": []
        }
      }
    },
    {
      "type": "Feature",
      "geometry": {
        "type": "Point",
        "coordinates": [
          14.46766,
          57.145223
        ]
      },
      "properties": {
        "source": "bijux-pollenomics",
        "layer_key": "lake-evidence-candidates",
        "layer_label": "Sweden lake evidence candidates",
        "category": "Lake evidence candidate",
        "country": "Sweden",
        "record_id": "sweden_lake_registry:633608-141894:landclim-sites:897303:Lindhultsg\u00f6l:57.143611:14.466111",
        "name": "Lindhultsg\u00f6l",
        "geometry_type": "Point",
        "subtitle": "Sweden lake evidence candidate",
        "description": "Lake candidate anchored to the official Sweden lake registry.",
        "source_url": "https://vattenwebb.smhi.se/svarwebb/?sjoid=633608-141894",
        "record_count": 1,
        "media_links": [
          {
            "label": "Open in Google Maps",
            "url": "https://www.google.com/maps/search/?api=1&query=57.145223,14.467660",
            "kind": "link"
          },
          {
            "label": "Open representative source",
            "url": "https://vattenwebb.smhi.se/svarwebb/?sjoid=633608-141894",
            "kind": "link"
          }
        ],
        "popup_rows": [
          {
            "label": "Aggregate rank",
            "value": "13"
          },
          {
            "label": "Aggregate score",
            "value": "0.1867"
          },
          {
            "label": "Coordinates",
            "value": "57.145223, 14.467660"
          },
          {
            "label": "Coordinate method",
            "value": "svar_polygon_representative_point"
          },
          {
            "label": "Representative source",
            "value": "svar-lakes:633608-141894 (Lindhultsg\u00f6l)"
          },
          {
            "label": "Lake registry id",
            "value": "633608-141894"
          },
          {
            "label": "Lake name status",
            "value": "water_surface_name"
          },
          {
            "label": "Lake area",
            "value": "0.076 km\u00b2"
          },
          {
            "label": "Sampling posture",
            "value": "compact_lake_candidate"
          },
          {
            "label": "Sampling fit",
            "value": "0.6300"
          },
          {
            "label": "Sampling readiness",
            "value": "site_review_required"
          },
          {
            "label": "Sampling evidence still required",
            "value": "bathymetry and basin depth, sediment preservation and prior coring history, shore access and landowner contact, permit requirements, field hazards and logistics"
          },
          {
            "label": "Pollen sources",
            "value": "landclim-sites"
          },
          {
            "label": "Direct pollen with numeric chronology",
            "value": "3"
          },
          {
            "label": "20 km pollen with numeric chronology",
            "value": "6"
          },
          {
            "label": "20 km pollen overlapping nearby human chronology",
            "value": "0"
          },
          {
            "label": "20 km SEAD with numeric chronology",
            "value": "0"
          },
          {
            "label": "20 km SEAD overlapping nearby human chronology",
            "value": "0"
          },
          {
            "label": "Duplicate Sweden names",
            "value": "1"
          },
          {
            "label": "Coordinate spread",
            "value": "0.00 km"
          },
          {
            "label": "Identity diagnostics",
            "value": "none"
          },
          {
            "label": "Identity note",
            "value": "No explicit identity warning."
          },
          {
            "label": "Temporal support",
            "value": "0-100 BP"
          },
          {
            "label": "Temporal source",
            "value": "landclim-sites:897303:Lindhultsg\u00f6l:57.143611:14.466111"
          }
        ],
        "time_start_bp": 0,
        "time_end_bp": 100,
        "time_mean_bp": 50,
        "time_label": "0-100 BP",
        "temporal_semantics": {
          "schema_version": "temporal-semantics.v1",
          "source_family": "landclim",
          "evidence_class": "pollen_site_sequence_coverage",
          "precision_posture": "site_sequence_interval",
          "comparability_posture": "numeric_interval",
          "summary_label": "0-100 BP",
          "temporal_window_key": "recent_historical",
          "temporal_window_label": "Recent and historical (0-1000 BP)",
          "time_start_bp": 0,
          "time_end_bp": 100,
          "time_mean_bp": 50,
          "duration_years": 100,
          "comparison_note": "This interval describes sequence coverage, not a single pollen observation or an event date.",
          "provenance_path": "data/landclim/raw/landclim_i_land_cover_types.xlsx",
          "provenance_locator": "SiteData:Lindhultsg\u00f6l",
          "provenance_excerpt": "",
          "original_labels": [
            "0-100 BP"
          ],
          "normalized_labels": [
            "0-100 BP"
          ],
          "uncertainty_notes": []
        }
      }
    },
    {
      "type": "Feature",
      "geometry": {
        "type": "Point",
        "coordinates": [
          14.46766,
          57.145223
        ]
      },
      "properties": {
        "source": "bijux-pollenomics",
        "layer_key": "lake-evidence-candidates",
        "layer_label": "Sweden lake evidence candidates",
        "category": "Lake evidence candidate",
        "country": "Sweden",
        "record_id": "sweden_lake_registry:633608-141894:landclim-sites:900966:GC21:Lindhultsg\u00f6l",
        "name": "Lindhultsg\u00f6l",
        "geometry_type": "Point",
        "subtitle": "Sweden lake evidence candidate",
        "description": "Lake candidate anchored to the official Sweden lake registry.",
        "source_url": "https://vattenwebb.smhi.se/svarwebb/?sjoid=633608-141894",
        "record_count": 1,
        "media_links": [
          {
            "label": "Open in Google Maps",
            "url": "https://www.google.com/maps/search/?api=1&query=57.145223,14.467660",
            "kind": "link"
          },
          {
            "label": "Open representative source",
            "url": "https://vattenwebb.smhi.se/svarwebb/?sjoid=633608-141894",
            "kind": "link"
          }
        ],
        "popup_rows": [
          {
            "label": "Aggregate rank",
            "value": "13"
          },
          {
            "label": "Aggregate score",
            "value": "0.1867"
          },
          {
            "label": "Coordinates",
            "value": "57.145223, 14.467660"
          },
          {
            "label": "Coordinate method",
            "value": "svar_polygon_representative_point"
          },
          {
            "label": "Representative source",
            "value": "svar-lakes:633608-141894 (Lindhultsg\u00f6l)"
          },
          {
            "label": "Lake registry id",
            "value": "633608-141894"
          },
          {
            "label": "Lake name status",
            "value": "water_surface_name"
          },
          {
            "label": "Lake area",
            "value": "0.076 km\u00b2"
          },
          {
            "label": "Sampling posture",
            "value": "compact_lake_candidate"
          },
          {
            "label": "Sampling fit",
            "value": "0.6300"
          },
          {
            "label": "Sampling readiness",
            "value": "site_review_required"
          },
          {
            "label": "Sampling evidence still required",
            "value": "bathymetry and basin depth, sediment preservation and prior coring history, shore access and landowner contact, permit requirements, field hazards and logistics"
          },
          {
            "label": "Pollen sources",
            "value": "landclim-sites"
          },
          {
            "label": "Direct pollen with numeric chronology",
            "value": "3"
          },
          {
            "label": "20 km pollen with numeric chronology",
            "value": "6"
          },
          {
            "label": "20 km pollen overlapping nearby human chronology",
            "value": "0"
          },
          {
            "label": "20 km SEAD with numeric chronology",
            "value": "0"
          },
          {
            "label": "20 km SEAD overlapping nearby human chronology",
            "value": "0"
          },
          {
            "label": "Duplicate Sweden names",
            "value": "1"
          },
          {
            "label": "Coordinate spread",
            "value": "0.00 km"
          },
          {
            "label": "Identity diagnostics",
            "value": "none"
          },
          {
            "label": "Identity note",
            "value": "No explicit identity warning."
          },
          {
            "label": "Temporal support",
            "value": "0-11700 BP"
          },
          {
            "label": "Temporal source",
            "value": "landclim-sites:900966:GC21:Lindhultsg\u00f6l"
          }
        ],
        "time_start_bp": 0,
        "time_end_bp": 11700,
        "time_mean_bp": 5850,
        "time_label": "0-11700 BP",
        "temporal_semantics": {
          "schema_version": "temporal-semantics.v1",
          "source_family": "landclim",
          "evidence_class": "pollen_site_sequence_coverage",
          "precision_posture": "site_sequence_interval",
          "comparability_posture": "numeric_interval",
          "summary_label": "0-11700 BP",
          "temporal_window_key": "mid_holocene",
          "temporal_window_label": "Mid-Holocene (3001-6000 BP)",
          "time_start_bp": 0,
          "time_end_bp": 11700,
          "time_mean_bp": 5850,
          "duration_years": 11700,
          "comparison_note": "This interval describes sequence coverage, not a single pollen observation or an event date.",
          "provenance_path": "data/landclim/raw/marquer_2017_reveals_taxa_grid_cells.xlsx",
          "provenance_locator": "Metadata:Lindhultsg\u00f6l",
          "provenance_excerpt": "",
          "original_labels": [
            "0-11700 BP"
          ],
          "normalized_labels": [
            "0-11700 BP"
          ],
          "uncertainty_notes": []
        }
      }
    },
    {
      "type": "Feature",
      "geometry": {
        "type": "Point",
        "coordinates": [
          14.46766,
          57.145223
        ]
      },
      "properties": {
        "source": "bijux-pollenomics",
        "layer_key": "lake-evidence-candidates",
        "layer_label": "Sweden lake evidence candidates",
        "category": "Lake evidence candidate",
        "country": "Sweden",
        "record_id": "sweden_lake_registry:633608-141894:landclim-sites:937075:Lindhult",
        "name": "Lindhultsg\u00f6l",
        "geometry_type": "Point",
        "subtitle": "Sweden lake evidence candidate",
        "description": "Lake candidate anchored to the official Sweden lake registry.",
        "source_url": "https://vattenwebb.smhi.se/svarwebb/?sjoid=633608-141894",
        "record_count": 1,
        "media_links": [
          {
            "label": "Open in Google Maps",
            "url": "https://www.google.com/maps/search/?api=1&query=57.145223,14.467660",
            "kind": "link"
          },
          {
            "label": "Open representative source",
            "url": "https://vattenwebb.smhi.se/svarwebb/?sjoid=633608-141894",
            "kind": "link"
          }
        ],
        "popup_rows": [
          {
            "label": "Aggregate rank",
            "value": "13"
          },
          {
            "label": "Aggregate score",
            "value": "0.1867"
          },
          {
            "label": "Coordinates",
            "value": "57.145223, 14.467660"
          },
          {
            "label": "Coordinate method",
            "value": "svar_polygon_representative_point"
          },
          {
            "label": "Representative source",
            "value": "svar-lakes:633608-141894 (Lindhultsg\u00f6l)"
          },
          {
            "label": "Lake registry id",
            "value": "633608-141894"
          },
          {
            "label": "Lake name status",
            "value": "water_surface_name"
          },
          {
            "label": "Lake area",
            "value": "0.076 km\u00b2"
          },
          {
            "label": "Sampling posture",
            "value": "compact_lake_candidate"
          },
          {
            "label": "Sampling fit",
            "value": "0.6300"
          },
          {
            "label": "Sampling readiness",
            "value": "site_review_required"
          },
          {
            "label": "Sampling evidence still required",
            "value": "bathymetry and basin depth, sediment preservation and prior coring history, shore access and landowner contact, permit requirements, field hazards and logistics"
          },
          {
            "label": "Pollen sources",
            "value": "landclim-sites"
          },
          {
            "label": "Direct pollen with numeric chronology",
            "value": "3"
          },
          {
            "label": "20 km pollen with numeric chronology",
            "value": "6"
          },
          {
            "label": "20 km pollen overlapping nearby human chronology",
            "value": "0"
          },
          {
            "label": "20 km SEAD with numeric chronology",
            "value": "0"
          },
          {
            "label": "20 km SEAD overlapping nearby human chronology",
            "value": "0"
          },
          {
            "label": "Duplicate Sweden names",
            "value": "1"
          },
          {
            "label": "Coordinate spread",
            "value": "0.00 km"
          },
          {
            "label": "Identity diagnostics",
            "value": "none"
          },
          {
            "label": "Identity note",
            "value": "No explicit identity warning."
          },
          {
            "label": "Temporal support",
            "value": "-57-944 BP"
          },
          {
            "label": "Temporal source",
            "value": "landclim-sites:937075:Lindhult"
          }
        ],
        "time_start_bp": -57,
        "time_end_bp": 944,
        "time_mean_bp": 444,
        "time_label": "-57-944 BP",
        "temporal_semantics": {
          "schema_version": "temporal-semantics.v1",
          "source_family": "landclim",
          "evidence_class": "pollen_site_sequence_coverage",
          "precision_posture": "site_sequence_interval",
          "comparability_posture": "numeric_interval",
          "summary_label": "-57-944 BP",
          "temporal_window_key": "recent_historical",
          "temporal_window_label": "Recent and historical (0-1000 BP)",
          "time_start_bp": -57,
          "time_end_bp": 944,
          "time_mean_bp": 444,
          "duration_years": 1001,
          "comparison_note": "This interval describes sequence coverage, not a single pollen observation or an event date.",
          "provenance_path": "data/landclim/raw/landclim_ii_site_metadata.xlsx",
          "provenance_locator": "LANDCLIMII metadata file:Lindhult",
          "provenance_excerpt": "",
          "original_labels": [
            "-57-944 BP"
          ],
          "normalized_labels": [
            "-57-944 BP"
          ],
          "uncertainty_notes": []
        }
      }
    },
    {
      "type": "Feature",
      "geometry": {
        "type": "Point",
        "coordinates": [
          16.089132,
          57.017085
        ]
      },
      "properties": {
        "source": "bijux-pollenomics",
        "layer_key": "lake-evidence-candidates",
        "layer_label": "Sweden lake evidence candidates",
        "category": "Lake evidence candidate",
        "country": "Sweden",
        "record_id": "sweden_lake_registry:632142-151758:landclim-sites:897303:Sk\u00e4rsg\u00f6larna:57.016667:16.116667",
        "name": "Rummeh\u00f6lj",
        "geometry_type": "Point",
        "subtitle": "Sweden lake evidence candidate",
        "description": "Lake candidate anchored to the official Sweden lake registry.",
        "source_url": "https://vattenwebb.smhi.se/svarwebb/?sjoid=632142-151758",
        "record_count": 1,
        "media_links": [
          {
            "label": "Open in Google Maps",
            "url": "https://www.google.com/maps/search/?api=1&query=57.017085,16.089132",
            "kind": "link"
          },
          {
            "label": "Open representative source",
            "url": "https://vattenwebb.smhi.se/svarwebb/?sjoid=632142-151758",
            "kind": "link"
          }
        ],
        "popup_rows": [
          {
            "label": "Aggregate rank",
            "value": "14"
          },
          {
            "label": "Aggregate score",
            "value": "0.1849"
          },
          {
            "label": "Coordinates",
            "value": "57.017085, 16.089132"
          },
          {
            "label": "Coordinate method",
            "value": "svar_polygon_representative_point"
          },
          {
            "label": "Representative source",
            "value": "svar-lakes:632142-151758 (Rummeh\u00f6lj)"
          },
          {
            "label": "Lake registry id",
            "value": "632142-151758"
          },
          {
            "label": "Lake name status",
            "value": "water_surface_name"
          },
          {
            "label": "Lake area",
            "value": "0.076 km\u00b2"
          },
          {
            "label": "Sampling posture",
            "value": "compact_lake_candidate"
          },
          {
            "label": "Sampling fit",
            "value": "0.6300"
          },
          {
            "label": "Sampling readiness",
            "value": "site_review_required"
          },
          {
            "label": "Sampling evidence still required",
            "value": "bathymetry and basin depth, sediment preservation and prior coring history, shore access and landowner contact, permit requirements, field hazards and logistics"
          },
          {
            "label": "Pollen sources",
            "value": "landclim-sites"
          },
          {
            "label": "Direct pollen with numeric chronology",
            "value": "2"
          },
          {
            "label": "20 km pollen with numeric chronology",
            "value": "7"
          },
          {
            "label": "20 km pollen overlapping nearby human chronology",
            "value": "0"
          },
          {
            "label": "20 km SEAD with numeric chronology",
            "value": "0"
          },
          {
            "label": "20 km SEAD overlapping nearby human chronology",
            "value": "0"
          },
          {
            "label": "Duplicate Sweden names",
            "value": "1"
          },
          {
            "label": "Coordinate spread",
            "value": "0.00 km"
          },
          {
            "label": "Identity diagnostics",
            "value": "none"
          },
          {
            "label": "Identity note",
            "value": "No explicit identity warning."
          },
          {
            "label": "Temporal support",
            "value": "0-100 BP to 5700-6200 BP"
          },
          {
            "label": "Temporal source",
            "value": "landclim-sites:897303:Sk\u00e4rsg\u00f6larna:57.016667:16.116667"
          }
        ],
        "time_start_bp": 0,
        "time_end_bp": 6200,
        "time_mean_bp": 3100,
        "time_label": "0-100 BP to 5700-6200 BP",
        "temporal_semantics": {
          "schema_version": "temporal-semantics.v1",
          "source_family": "landclim",
          "evidence_class": "pollen_site_sequence_coverage",
          "precision_posture": "site_sequence_interval",
          "comparability_posture": "numeric_interval",
          "summary_label": "0-100 BP to 5700-6200 BP",
          "temporal_window_key": "mid_holocene",
          "temporal_window_label": "Mid-Holocene (3001-6000 BP)",
          "time_start_bp": 0,
          "time_end_bp": 6200,
          "time_mean_bp": 3100,
          "duration_years": 6200,
          "comparison_note": "This interval describes sequence coverage, not a single pollen observation or an event date.",
          "provenance_path": "data/landclim/raw/landclim_i_land_cover_types.xlsx",
          "provenance_locator": "SiteData:Sk\u00e4rsg\u00f6larna",
          "provenance_excerpt": "",
          "original_labels": [
            "0-100 BP to 5700-6200 BP"
          ],
          "normalized_labels": [
            "0-100 BP to 5700-6200 BP"
          ],
          "uncertainty_notes": []
        }
      }
    },
    {
      "type": "Feature",
      "geometry": {
        "type": "Point",
        "coordinates": [
          16.089132,
          57.017085
        ]
      },
      "properties": {
        "source": "bijux-pollenomics",
        "layer_key": "lake-evidence-candidates",
        "layer_label": "Sweden lake evidence candidates",
        "category": "Lake evidence candidate",
        "country": "Sweden",
        "record_id": "sweden_lake_registry:632142-151758:landclim-sites:937075:SKAR",
        "name": "Rummeh\u00f6lj",
        "geometry_type": "Point",
        "subtitle": "Sweden lake evidence candidate",
        "description": "Lake candidate anchored to the official Sweden lake registry.",
        "source_url": "https://vattenwebb.smhi.se/svarwebb/?sjoid=632142-151758",
        "record_count": 1,
        "media_links": [
          {
            "label": "Open in Google Maps",
            "url": "https://www.google.com/maps/search/?api=1&query=57.017085,16.089132",
            "kind": "link"
          },
          {
            "label": "Open representative source",
            "url": "https://vattenwebb.smhi.se/svarwebb/?sjoid=632142-151758",
            "kind": "link"
          }
        ],
        "popup_rows": [
          {
            "label": "Aggregate rank",
            "value": "14"
          },
          {
            "label": "Aggregate score",
            "value": "0.1849"
          },
          {
            "label": "Coordinates",
            "value": "57.017085, 16.089132"
          },
          {
            "label": "Coordinate method",
            "value": "svar_polygon_representative_point"
          },
          {
            "label": "Representative source",
            "value": "svar-lakes:632142-151758 (Rummeh\u00f6lj)"
          },
          {
            "label": "Lake registry id",
            "value": "632142-151758"
          },
          {
            "label": "Lake name status",
            "value": "water_surface_name"
          },
          {
            "label": "Lake area",
            "value": "0.076 km\u00b2"
          },
          {
            "label": "Sampling posture",
            "value": "compact_lake_candidate"
          },
          {
            "label": "Sampling fit",
            "value": "0.6300"
          },
          {
            "label": "Sampling readiness",
            "value": "site_review_required"
          },
          {
            "label": "Sampling evidence still required",
            "value": "bathymetry and basin depth, sediment preservation and prior coring history, shore access and landowner contact, permit requirements, field hazards and logistics"
          },
          {
            "label": "Pollen sources",
            "value": "landclim-sites"
          },
          {
            "label": "Direct pollen with numeric chronology",
            "value": "2"
          },
          {
            "label": "20 km pollen with numeric chronology",
            "value": "7"
          },
          {
            "label": "20 km pollen overlapping nearby human chronology",
            "value": "0"
          },
          {
            "label": "20 km SEAD with numeric chronology",
            "value": "0"
          },
          {
            "label": "20 km SEAD overlapping nearby human chronology",
            "value": "0"
          },
          {
            "label": "Duplicate Sweden names",
            "value": "1"
          },
          {
            "label": "Coordinate spread",
            "value": "0.00 km"
          },
          {
            "label": "Identity diagnostics",
            "value": "none"
          },
          {
            "label": "Identity note",
            "value": "No explicit identity warning."
          },
          {
            "label": "Temporal support",
            "value": "-46-5806 BP"
          },
          {
            "label": "Temporal source",
            "value": "landclim-sites:937075:SKAR"
          }
        ],
        "time_start_bp": -46,
        "time_end_bp": 5806,
        "time_mean_bp": 2880,
        "time_label": "-46-5806 BP",
        "temporal_semantics": {
          "schema_version": "temporal-semantics.v1",
          "source_family": "landclim",
          "evidence_class": "pollen_site_sequence_coverage",
          "precision_posture": "site_sequence_interval",
          "comparability_posture": "numeric_interval",
          "summary_label": "-46-5806 BP",
          "temporal_window_key": "late_holocene",
          "temporal_window_label": "Late Holocene (1001-3000 BP)",
          "time_start_bp": -46,
          "time_end_bp": 5806,
          "time_mean_bp": 2880,
          "duration_years": 5852,
          "comparison_note": "This interval describes sequence coverage, not a single pollen observation or an event date.",
          "provenance_path": "data/landclim/raw/landclim_ii_site_metadata.xlsx",
          "provenance_locator": "LANDCLIMII metadata file:SKAR",
          "provenance_excerpt": "",
          "original_labels": [
            "-46-5806 BP"
          ],
          "normalized_labels": [
            "-46-5806 BP"
          ],
          "uncertainty_notes": []
        }
      }
    },
    {
      "type": "Feature",
      "geometry": {
        "type": "Point",
        "coordinates": [
          16.426007,
          61.810118
        ]
      },
      "properties": {
        "source": "bijux-pollenomics",
        "layer_key": "lake-evidence-candidates",
        "layer_label": "Sweden lake evidence candidates",
        "category": "Lake evidence candidate",
        "country": "Sweden",
        "record_id": "sweden_lake_registry:685509-153253:neotoma-pollen:13336",
        "name": "Norr-L\u00e5ngen",
        "geometry_type": "Point",
        "subtitle": "Sweden lake evidence candidate",
        "description": "Lake candidate anchored to the official Sweden lake registry.",
        "source_url": "https://vattenwebb.smhi.se/svarwebb/?sjoid=685509-153253",
        "record_count": 1,
        "media_links": [
          {
            "label": "Open in Google Maps",
            "url": "https://www.google.com/maps/search/?api=1&query=61.810118,16.426007",
            "kind": "link"
          },
          {
            "label": "Open representative source",
            "url": "https://vattenwebb.smhi.se/svarwebb/?sjoid=685509-153253",
            "kind": "link"
          }
        ],
        "popup_rows": [
          {
            "label": "Aggregate rank",
            "value": "15"
          },
          {
            "label": "Aggregate score",
            "value": "0.1668"
          },
          {
            "label": "Coordinates",
            "value": "61.810118, 16.426007"
          },
          {
            "label": "Coordinate method",
            "value": "svar_polygon_representative_point"
          },
          {
            "label": "Representative source",
            "value": "svar-lakes:685509-153253 (Norr-L\u00e5ngen)"
          },
          {
            "label": "Lake registry id",
            "value": "685509-153253"
          },
          {
            "label": "Lake name status",
            "value": "water_surface_name"
          },
          {
            "label": "Lake area",
            "value": "0.115 km\u00b2"
          },
          {
            "label": "Sampling posture",
            "value": "compact_lake_candidate"
          },
          {
            "label": "Sampling fit",
            "value": "0.6300"
          },
          {
            "label": "Sampling readiness",
            "value": "site_review_required"
          },
          {
            "label": "Sampling evidence still required",
            "value": "bathymetry and basin depth, sediment preservation and prior coring history, shore access and landowner contact, permit requirements, field hazards and logistics"
          },
          {
            "label": "Pollen sources",
            "value": "neotoma-pollen"
          },
          {
            "label": "Direct pollen with numeric chronology",
            "value": "1"
          },
          {
            "label": "20 km pollen with numeric chronology",
            "value": "3"
          },
          {
            "label": "20 km pollen overlapping nearby human chronology",
            "value": "0"
          },
          {
            "label": "20 km SEAD with numeric chronology",
            "value": "0"
          },
          {
            "label": "20 km SEAD overlapping nearby human chronology",
            "value": "0"
          },
          {
            "label": "Duplicate Sweden names",
            "value": "1"
          },
          {
            "label": "Coordinate spread",
            "value": "0.00 km"
          },
          {
            "label": "Identity diagnostics",
            "value": "none"
          },
          {
            "label": "Identity note",
            "value": "No explicit identity warning."
          },
          {
            "label": "Temporal support",
            "value": "0-10072 Calibrated radiocarbon years BP"
          },
          {
            "label": "Temporal source",
            "value": "neotoma-pollen:13336"
          }
        ],
        "time_start_bp": 0,
        "time_end_bp": 10072,
        "time_mean_bp": 5036,
        "time_label": "0-10072 Calibrated radiocarbon years BP",
        "temporal_semantics": {
          "schema_version": "temporal-semantics.v1",
          "source_family": "neotoma",
          "evidence_class": "neotoma_bp_range",
          "precision_posture": "site_interval",
          "comparability_posture": "numeric_interval",
          "summary_label": "0-10072 Calibrated radiocarbon years BP",
          "temporal_window_key": "mid_holocene",
          "temporal_window_label": "Mid-Holocene (3001-6000 BP)",
          "time_start_bp": 0,
          "time_end_bp": 10072,
          "time_mean_bp": 5036,
          "duration_years": 10072,
          "comparison_note": "Neotoma publishes BP age coverage here, but the interval remains a site-level pollen context span rather than a sample-owned event date.",
          "provenance_path": "",
          "provenance_locator": "site_age_ranges",
          "provenance_excerpt": "",
          "original_labels": [
            "Calibrated radiocarbon years BP"
          ],
          "normalized_labels": [
            "Calibrated radiocarbon years BP"
          ],
          "uncertainty_notes": []
        }
      }
    },
    {
      "type": "Feature",
      "geometry": {
        "type": "Point",
        "coordinates": [
          13.549973,
          55.86857
        ]
      },
      "properties": {
        "source": "bijux-pollenomics",
        "layer_key": "lake-evidence-candidates",
        "layer_label": "Sweden lake evidence candidates",
        "category": "Lake evidence candidate",
        "country": "Sweden",
        "record_id": "sweden_lake_registry:619626-135565",
        "name": "\u00d6stra Ringsj\u00f6n",
        "geometry_type": "Point",
        "subtitle": "Sweden lake evidence candidate",
        "description": "Lake candidate anchored to the official Sweden lake registry.",
        "source_url": "https://vattenwebb.smhi.se/svarwebb/?sjoid=619626-135565",
        "record_count": 1,
        "media_links": [
          {
            "label": "Open in Google Maps",
            "url": "https://www.google.com/maps/search/?api=1&query=55.868570,13.549973",
            "kind": "link"
          },
          {
            "label": "Open representative source",
            "url": "https://vattenwebb.smhi.se/svarwebb/?sjoid=619626-135565",
            "kind": "link"
          }
        ],
        "popup_rows": [
          {
            "label": "Aggregate rank",
            "value": "16"
          },
          {
            "label": "Aggregate score",
            "value": "0.1619"
          },
          {
            "label": "Coordinates",
            "value": "55.868570, 13.549973"
          },
          {
            "label": "Coordinate method",
            "value": "svar_polygon_representative_point"
          },
          {
            "label": "Representative source",
            "value": "svar-lakes:619626-135565 (\u00d6stra Ringsj\u00f6n)"
          },
          {
            "label": "Lake registry id",
            "value": "619626-135565"
          },
          {
            "label": "Lake name status",
            "value": "water_surface_name"
          },
          {
            "label": "Lake area",
            "value": "24.728 km\u00b2"
          },
          {
            "label": "Sampling posture",
            "value": "sampling_lake_candidate"
          },
          {
            "label": "Sampling fit",
            "value": "0.9400"
          },
          {
            "label": "Sampling readiness",
            "value": "site_review_required"
          },
          {
            "label": "Sampling evidence still required",
            "value": "bathymetry and basin depth, sediment preservation and prior coring history, shore access and landowner contact, permit requirements, field hazards and logistics"
          },
          {
            "label": "Pollen sources",
            "value": "None"
          },
          {
            "label": "Direct pollen with numeric chronology",
            "value": "0"
          },
          {
            "label": "20 km pollen with numeric chronology",
            "value": "14"
          },
          {
            "label": "20 km pollen overlapping nearby human chronology",
            "value": "0"
          },
          {
            "label": "20 km SEAD with numeric chronology",
            "value": "9"
          },
          {
            "label": "20 km SEAD overlapping nearby human chronology",
            "value": "0"
          },
          {
            "label": "Duplicate Sweden names",
            "value": "1"
          },
          {
            "label": "Coordinate spread",
            "value": "0.00 km"
          },
          {
            "label": "Identity diagnostics",
            "value": "none"
          },
          {
            "label": "Identity note",
            "value": "No explicit identity warning."
          },
          {
            "label": "Temporal support",
            "value": "No numeric direct-pollen interval"
          }
        ],
        "time_start_bp": null,
        "time_end_bp": null,
        "time_mean_bp": null,
        "time_label": "Chronology unresolved",
        "temporal_semantics": {
          "comparability_posture": "unresolved",
          "comparison_note": "The lake identity remains visible, but no direct pollen record with a numeric interval supports time filtering."
        }
      }
    },
    {
      "type": "Feature",
      "geometry": {
        "type": "Point",
        "coordinates": [
          13.924259,
          56.281643
        ]
      },
      "properties": {
        "source": "bijux-pollenomics",
        "layer_key": "lake-evidence-candidates",
        "layer_label": "Sweden lake evidence candidates",
        "category": "Lake evidence candidate",
        "country": "Sweden",
        "record_id": "sweden_lake_registry:624044-138336",
        "name": "Lilla Sj\u00f6",
        "geometry_type": "Point",
        "subtitle": "Sweden lake evidence candidate",
        "description": "Lake candidate anchored to the official Sweden lake registry.",
        "source_url": "https://vattenwebb.smhi.se/svarwebb/?sjoid=624044-138336",
        "record_count": 1,
        "media_links": [
          {
            "label": "Open in Google Maps",
            "url": "https://www.google.com/maps/search/?api=1&query=56.281643,13.924259",
            "kind": "link"
          },
          {
            "label": "Open representative source",
            "url": "https://vattenwebb.smhi.se/svarwebb/?sjoid=624044-138336",
            "kind": "link"
          }
        ],
        "popup_rows": [
          {
            "label": "Aggregate rank",
            "value": "17"
          },
          {
            "label": "Aggregate score",
            "value": "0.1608"
          },
          {
            "label": "Coordinates",
            "value": "56.281643, 13.924259"
          },
          {
            "label": "Coordinate method",
            "value": "svar_polygon_representative_point"
          },
          {
            "label": "Representative source",
            "value": "svar-lakes:624044-138336 (Lilla Sj\u00f6)"
          },
          {
            "label": "Lake registry id",
            "value": "624044-138336"
          },
          {
            "label": "Lake name status",
            "value": "water_surface_name"
          },
          {
            "label": "Lake area",
            "value": "0.144 km\u00b2"
          },
          {
            "label": "Sampling posture",
            "value": "compact_lake_candidate"
          },
          {
            "label": "Sampling fit",
            "value": "0.6300"
          },
          {
            "label": "Sampling readiness",
            "value": "site_review_required"
          },
          {
            "label": "Sampling evidence still required",
            "value": "bathymetry and basin depth, sediment preservation and prior coring history, shore access and landowner contact, permit requirements, field hazards and logistics"
          },
          {
            "label": "Pollen sources",
            "value": "neotoma-pollen"
          },
          {
            "label": "Direct pollen with numeric chronology",
            "value": "0"
          },
          {
            "label": "20 km pollen with numeric chronology",
            "value": "3"
          },
          {
            "label": "20 km pollen overlapping nearby human chronology",
            "value": "0"
          },
          {
            "label": "20 km SEAD with numeric chronology",
            "value": "3"
          },
          {
            "label": "20 km SEAD overlapping nearby human chronology",
            "value": "0"
          },
          {
            "label": "Duplicate Sweden names",
            "value": "1"
          },
          {
            "label": "Coordinate spread",
            "value": "0.00 km"
          },
          {
            "label": "Identity diagnostics",
            "value": "none"
          },
          {
            "label": "Identity note",
            "value": "No explicit identity warning."
          },
          {
            "label": "Temporal support",
            "value": "No numeric direct-pollen interval"
          }
        ],
        "time_start_bp": null,
        "time_end_bp": null,
        "time_mean_bp": null,
        "time_label": "Chronology unresolved",
        "temporal_semantics": {
          "comparability_posture": "unresolved",
          "comparison_note": "The lake identity remains visible, but no direct pollen record with a numeric interval supports time filtering."
        }
      }
    },
    {
      "type": "Feature",
      "geometry": {
        "type": "Point",
        "coordinates": [
          16.143141,
          57.186058
        ]
      },
      "properties": {
        "source": "bijux-pollenomics",
        "layer_key": "lake-evidence-candidates",
        "layer_label": "Sweden lake evidence candidates",
        "category": "Lake evidence candidate",
        "country": "Sweden",
        "record_id": "sweden_lake_registry:633992-152030:neotoma-pollen:3009",
        "name": "Bergakyllen",
        "geometry_type": "Point",
        "subtitle": "Sweden lake evidence candidate",
        "description": "Lake candidate anchored to the official Sweden lake registry.",
        "source_url": "https://vattenwebb.smhi.se/svarwebb/?sjoid=633992-152030",
        "record_count": 1,
        "media_links": [
          {
            "label": "Open in Google Maps",
            "url": "https://www.google.com/maps/search/?api=1&query=57.186058,16.143141",
            "kind": "link"
          },
          {
            "label": "Open representative source",
            "url": "https://vattenwebb.smhi.se/svarwebb/?sjoid=633992-152030",
            "kind": "link"
          }
        ],
        "popup_rows": [
          {
            "label": "Aggregate rank",
            "value": "18"
          },
          {
            "label": "Aggregate score",
            "value": "0.1586"
          },
          {
            "label": "Coordinates",
            "value": "57.186058, 16.143141"
          },
          {
            "label": "Coordinate method",
            "value": "svar_polygon_representative_point"
          },
          {
            "label": "Representative source",
            "value": "svar-lakes:633992-152030 (Bergakyllen)"
          },
          {
            "label": "Lake registry id",
            "value": "633992-152030"
          },
          {
            "label": "Lake name status",
            "value": "water_surface_name"
          },
          {
            "label": "Lake area",
            "value": "0.106 km\u00b2"
          },
          {
            "label": "Sampling posture",
            "value": "compact_lake_candidate"
          },
          {
            "label": "Sampling fit",
            "value": "0.6300"
          },
          {
            "label": "Sampling readiness",
            "value": "site_review_required"
          },
          {
            "label": "Sampling evidence still required",
            "value": "bathymetry and basin depth, sediment preservation and prior coring history, shore access and landowner contact, permit requirements, field hazards and logistics"
          },
          {
            "label": "Pollen sources",
            "value": "neotoma-pollen"
          },
          {
            "label": "Direct pollen with numeric chronology",
            "value": "2"
          },
          {
            "label": "20 km pollen with numeric chronology",
            "value": "5"
          },
          {
            "label": "20 km pollen overlapping nearby human chronology",
            "value": "0"
          },
          {
            "label": "20 km SEAD with numeric chronology",
            "value": "0"
          },
          {
            "label": "20 km SEAD overlapping nearby human chronology",
            "value": "0"
          },
          {
            "label": "Duplicate Sweden names",
            "value": "1"
          },
          {
            "label": "Coordinate spread",
            "value": "0.00 km"
          },
          {
            "label": "Identity diagnostics",
            "value": "none"
          },
          {
            "label": "Identity note",
            "value": "No explicit identity warning."
          },
          {
            "label": "Temporal support",
            "value": "8464-22911 Calibrated radiocarbon years BP"
          },
          {
            "label": "Temporal source",
            "value": "neotoma-pollen:3009"
          }
        ],
        "time_start_bp": 8464,
        "time_end_bp": 22911,
        "time_mean_bp": 15688,
        "time_label": "8464-22911 Calibrated radiocarbon years BP",
        "temporal_semantics": {
          "schema_version": "temporal-semantics.v1",
          "source_family": "neotoma",
          "evidence_class": "neotoma_aggregated_bp_ranges",
          "precision_posture": "site_interval_with_uncertainty",
          "comparability_posture": "numeric_interval_with_caveat",
          "summary_label": "8464-22911 Calibrated radiocarbon years BP",
          "temporal_window_key": "early_holocene_and_older",
          "temporal_window_label": "Early Holocene and older (6001+ BP)",
          "time_start_bp": 8464,
          "time_end_bp": 22911,
          "time_mean_bp": 15688,
          "duration_years": 14447,
          "comparison_note": "Neotoma coverage merges more than one BP age-range convention for this site, so the interval remains comparable but should be treated as a site-level summary span.",
          "provenance_path": "",
          "provenance_locator": "site_age_ranges",
          "provenance_excerpt": "",
          "original_labels": [
            "Calibrated radiocarbon years BP",
            "Radiocarbon years BP"
          ],
          "normalized_labels": [
            "Calibrated radiocarbon years BP",
            "Radiocarbon years BP"
          ],
          "uncertainty_notes": [
            "Multiple BP age-range conventions contribute to this site span."
          ]
        }
      }
    },
    {
      "type": "Feature",
      "geometry": {
        "type": "Point",
        "coordinates": [
          16.143141,
          57.186058
        ]
      },
      "properties": {
        "source": "bijux-pollenomics",
        "layer_key": "lake-evidence-candidates",
        "layer_label": "Sweden lake evidence candidates",
        "category": "Lake evidence candidate",
        "country": "Sweden",
        "record_id": "sweden_lake_registry:633992-152030:neotoma-pollen:3419",
        "name": "Bergakyllen",
        "geometry_type": "Point",
        "subtitle": "Sweden lake evidence candidate",
        "description": "Lake candidate anchored to the official Sweden lake registry.",
        "source_url": "https://vattenwebb.smhi.se/svarwebb/?sjoid=633992-152030",
        "record_count": 1,
        "media_links": [
          {
            "label": "Open in Google Maps",
            "url": "https://www.google.com/maps/search/?api=1&query=57.186058,16.143141",
            "kind": "link"
          },
          {
            "label": "Open representative source",
            "url": "https://vattenwebb.smhi.se/svarwebb/?sjoid=633992-152030",
            "kind": "link"
          }
        ],
        "popup_rows": [
          {
            "label": "Aggregate rank",
            "value": "18"
          },
          {
            "label": "Aggregate score",
            "value": "0.1586"
          },
          {
            "label": "Coordinates",
            "value": "57.186058, 16.143141"
          },
          {
            "label": "Coordinate method",
            "value": "svar_polygon_representative_point"
          },
          {
            "label": "Representative source",
            "value": "svar-lakes:633992-152030 (Bergakyllen)"
          },
          {
            "label": "Lake registry id",
            "value": "633992-152030"
          },
          {
            "label": "Lake name status",
            "value": "water_surface_name"
          },
          {
            "label": "Lake area",
            "value": "0.106 km\u00b2"
          },
          {
            "label": "Sampling posture",
            "value": "compact_lake_candidate"
          },
          {
            "label": "Sampling fit",
            "value": "0.6300"
          },
          {
            "label": "Sampling readiness",
            "value": "site_review_required"
          },
          {
            "label": "Sampling evidence still required",
            "value": "bathymetry and basin depth, sediment preservation and prior coring history, shore access and landowner contact, permit requirements, field hazards and logistics"
          },
          {
            "label": "Pollen sources",
            "value": "neotoma-pollen"
          },
          {
            "label": "Direct pollen with numeric chronology",
            "value": "2"
          },
          {
            "label": "20 km pollen with numeric chronology",
            "value": "5"
          },
          {
            "label": "20 km pollen overlapping nearby human chronology",
            "value": "0"
          },
          {
            "label": "20 km SEAD with numeric chronology",
            "value": "0"
          },
          {
            "label": "20 km SEAD overlapping nearby human chronology",
            "value": "0"
          },
          {
            "label": "Duplicate Sweden names",
            "value": "1"
          },
          {
            "label": "Coordinate spread",
            "value": "0.00 km"
          },
          {
            "label": "Identity diagnostics",
            "value": "none"
          },
          {
            "label": "Identity note",
            "value": "No explicit identity warning."
          },
          {
            "label": "Temporal support",
            "value": "9807-19190 Calibrated radiocarbon years BP"
          },
          {
            "label": "Temporal source",
            "value": "neotoma-pollen:3419"
          }
        ],
        "time_start_bp": 9807,
        "time_end_bp": 19190,
        "time_mean_bp": 14498,
        "time_label": "9807-19190 Calibrated radiocarbon years BP",
        "temporal_semantics": {
          "schema_version": "temporal-semantics.v1",
          "source_family": "neotoma",
          "evidence_class": "neotoma_aggregated_bp_ranges",
          "precision_posture": "site_interval_with_uncertainty",
          "comparability_posture": "numeric_interval_with_caveat",
          "summary_label": "9807-19190 Calibrated radiocarbon years BP",
          "temporal_window_key": "early_holocene_and_older",
          "temporal_window_label": "Early Holocene and older (6001+ BP)",
          "time_start_bp": 9807,
          "time_end_bp": 19190,
          "time_mean_bp": 14498,
          "duration_years": 9383,
          "comparison_note": "Neotoma coverage merges more than one BP age-range convention for this site, so the interval remains comparable but should be treated as a site-level summary span.",
          "provenance_path": "",
          "provenance_locator": "site_age_ranges",
          "provenance_excerpt": "",
          "original_labels": [
            "Calibrated radiocarbon years BP",
            "Radiocarbon years BP"
          ],
          "normalized_labels": [
            "Calibrated radiocarbon years BP",
            "Radiocarbon years BP"
          ],
          "uncertainty_notes": [
            "Multiple BP age-range conventions contribute to this site span."
          ]
        }
      }
    },
    {
      "type": "Feature",
      "geometry": {
        "type": "Point",
        "coordinates": [
          16.149861,
          57.195047
        ]
      },
      "properties": {
        "source": "bijux-pollenomics",
        "layer_key": "lake-evidence-candidates",
        "layer_label": "Sweden lake evidence candidates",
        "category": "Lake evidence candidate",
        "country": "Sweden",
        "record_id": "sweden_lake_registry:634119-152099:neotoma-pollen:3009",
        "name": "Klog\u00f6l",
        "geometry_type": "Point",
        "subtitle": "Sweden lake evidence candidate",
        "description": "Lake candidate anchored to the official Sweden lake registry.",
        "source_url": "https://vattenwebb.smhi.se/svarwebb/?sjoid=634119-152099",
        "record_count": 1,
        "media_links": [
          {
            "label": "Open in Google Maps",
            "url": "https://www.google.com/maps/search/?api=1&query=57.195047,16.149861",
            "kind": "link"
          },
          {
            "label": "Open representative source",
            "url": "https://vattenwebb.smhi.se/svarwebb/?sjoid=634119-152099",
            "kind": "link"
          }
        ],
        "popup_rows": [
          {
            "label": "Aggregate rank",
            "value": "19"
          },
          {
            "label": "Aggregate score",
            "value": "0.1585"
          },
          {
            "label": "Coordinates",
            "value": "57.195047, 16.149861"
          },
          {
            "label": "Coordinate method",
            "value": "svar_polygon_representative_point"
          },
          {
            "label": "Representative source",
            "value": "svar-lakes:634119-152099 (Klog\u00f6l)"
          },
          {
            "label": "Lake registry id",
            "value": "634119-152099"
          },
          {
            "label": "Lake name status",
            "value": "water_surface_name"
          },
          {
            "label": "Lake area",
            "value": "0.053 km\u00b2"
          },
          {
            "label": "Sampling posture",
            "value": "compact_lake_candidate"
          },
          {
            "label": "Sampling fit",
            "value": "0.6300"
          },
          {
            "label": "Sampling readiness",
            "value": "site_review_required"
          },
          {
            "label": "Sampling evidence still required",
            "value": "bathymetry and basin depth, sediment preservation and prior coring history, shore access and landowner contact, permit requirements, field hazards and logistics"
          },
          {
            "label": "Pollen sources",
            "value": "neotoma-pollen"
          },
          {
            "label": "Direct pollen with numeric chronology",
            "value": "2"
          },
          {
            "label": "20 km pollen with numeric chronology",
            "value": "5"
          },
          {
            "label": "20 km pollen overlapping nearby human chronology",
            "value": "0"
          },
          {
            "label": "20 km SEAD with numeric chronology",
            "value": "0"
          },
          {
            "label": "20 km SEAD overlapping nearby human chronology",
            "value": "0"
          },
          {
            "label": "Duplicate Sweden names",
            "value": "1"
          },
          {
            "label": "Coordinate spread",
            "value": "0.00 km"
          },
          {
            "label": "Identity diagnostics",
            "value": "none"
          },
          {
            "label": "Identity note",
            "value": "No explicit identity warning."
          },
          {
            "label": "Temporal support",
            "value": "8464-22911 Calibrated radiocarbon years BP"
          },
          {
            "label": "Temporal source",
            "value": "neotoma-pollen:3009"
          }
        ],
        "time_start_bp": 8464,
        "time_end_bp": 22911,
        "time_mean_bp": 15688,
        "time_label": "8464-22911 Calibrated radiocarbon years BP",
        "temporal_semantics": {
          "schema_version": "temporal-semantics.v1",
          "source_family": "neotoma",
          "evidence_class": "neotoma_aggregated_bp_ranges",
          "precision_posture": "site_interval_with_uncertainty",
          "comparability_posture": "numeric_interval_with_caveat",
          "summary_label": "8464-22911 Calibrated radiocarbon years BP",
          "temporal_window_key": "early_holocene_and_older",
          "temporal_window_label": "Early Holocene and older (6001+ BP)",
          "time_start_bp": 8464,
          "time_end_bp": 22911,
          "time_mean_bp": 15688,
          "duration_years": 14447,
          "comparison_note": "Neotoma coverage merges more than one BP age-range convention for this site, so the interval remains comparable but should be treated as a site-level summary span.",
          "provenance_path": "",
          "provenance_locator": "site_age_ranges",
          "provenance_excerpt": "",
          "original_labels": [
            "Calibrated radiocarbon years BP",
            "Radiocarbon years BP"
          ],
          "normalized_labels": [
            "Calibrated radiocarbon years BP",
            "Radiocarbon years BP"
          ],
          "uncertainty_notes": [
            "Multiple BP age-range conventions contribute to this site span."
          ]
        }
      }
    },
    {
      "type": "Feature",
      "geometry": {
        "type": "Point",
        "coordinates": [
          16.149861,
          57.195047
        ]
      },
      "properties": {
        "source": "bijux-pollenomics",
        "layer_key": "lake-evidence-candidates",
        "layer_label": "Sweden lake evidence candidates",
        "category": "Lake evidence candidate",
        "country": "Sweden",
        "record_id": "sweden_lake_registry:634119-152099:neotoma-pollen:3419",
        "name": "Klog\u00f6l",
        "geometry_type": "Point",
        "subtitle": "Sweden lake evidence candidate",
        "description": "Lake candidate anchored to the official Sweden lake registry.",
        "source_url": "https://vattenwebb.smhi.se/svarwebb/?sjoid=634119-152099",
        "record_count": 1,
        "media_links": [
          {
            "label": "Open in Google Maps",
            "url": "https://www.google.com/maps/search/?api=1&query=57.195047,16.149861",
            "kind": "link"
          },
          {
            "label": "Open representative source",
            "url": "https://vattenwebb.smhi.se/svarwebb/?sjoid=634119-152099",
            "kind": "link"
          }
        ],
        "popup_rows": [
          {
            "label": "Aggregate rank",
            "value": "19"
          },
          {
            "label": "Aggregate score",
            "value": "0.1585"
          },
          {
            "label": "Coordinates",
            "value": "57.195047, 16.149861"
          },
          {
            "label": "Coordinate method",
            "value": "svar_polygon_representative_point"
          },
          {
            "label": "Representative source",
            "value": "svar-lakes:634119-152099 (Klog\u00f6l)"
          },
          {
            "label": "Lake registry id",
            "value": "634119-152099"
          },
          {
            "label": "Lake name status",
            "value": "water_surface_name"
          },
          {
            "label": "Lake area",
            "value": "0.053 km\u00b2"
          },
          {
            "label": "Sampling posture",
            "value": "compact_lake_candidate"
          },
          {
            "label": "Sampling fit",
            "value": "0.6300"
          },
          {
            "label": "Sampling readiness",
            "value": "site_review_required"
          },
          {
            "label": "Sampling evidence still required",
            "value": "bathymetry and basin depth, sediment preservation and prior coring history, shore access and landowner contact, permit requirements, field hazards and logistics"
          },
          {
            "label": "Pollen sources",
            "value": "neotoma-pollen"
          },
          {
            "label": "Direct pollen with numeric chronology",
            "value": "2"
          },
          {
            "label": "20 km pollen with numeric chronology",
            "value": "5"
          },
          {
            "label": "20 km pollen overlapping nearby human chronology",
            "value": "0"
          },
          {
            "label": "20 km SEAD with numeric chronology",
            "value": "0"
          },
          {
            "label": "20 km SEAD overlapping nearby human chronology",
            "value": "0"
          },
          {
            "label": "Duplicate Sweden names",
            "value": "1"
          },
          {
            "label": "Coordinate spread",
            "value": "0.00 km"
          },
          {
            "label": "Identity diagnostics",
            "value": "none"
          },
          {
            "label": "Identity note",
            "value": "No explicit identity warning."
          },
          {
            "label": "Temporal support",
            "value": "9807-19190 Calibrated radiocarbon years BP"
          },
          {
            "label": "Temporal source",
            "value": "neotoma-pollen:3419"
          }
        ],
        "time_start_bp": 9807,
        "time_end_bp": 19190,
        "time_mean_bp": 14498,
        "time_label": "9807-19190 Calibrated radiocarbon years BP",
        "temporal_semantics": {
          "schema_version": "temporal-semantics.v1",
          "source_family": "neotoma",
          "evidence_class": "neotoma_aggregated_bp_ranges",
          "precision_posture": "site_interval_with_uncertainty",
          "comparability_posture": "numeric_interval_with_caveat",
          "summary_label": "9807-19190 Calibrated radiocarbon years BP",
          "temporal_window_key": "early_holocene_and_older",
          "temporal_window_label": "Early Holocene and older (6001+ BP)",
          "time_start_bp": 9807,
          "time_end_bp": 19190,
          "time_mean_bp": 14498,
          "duration_years": 9383,
          "comparison_note": "Neotoma coverage merges more than one BP age-range convention for this site, so the interval remains comparable but should be treated as a site-level summary span.",
          "provenance_path": "",
          "provenance_locator": "site_age_ranges",
          "provenance_excerpt": "",
          "original_labels": [
            "Calibrated radiocarbon years BP",
            "Radiocarbon years BP"
          ],
          "normalized_labels": [
            "Calibrated radiocarbon years BP",
            "Radiocarbon years BP"
          ],
          "uncertainty_notes": [
            "Multiple BP age-range conventions contribute to this site span."
          ]
        }
      }
    },
    {
      "type": "Feature",
      "geometry": {
        "type": "Point",
        "coordinates": [
          12.35907,
          57.723622
        ]
      },
      "properties": {
        "source": "bijux-pollenomics",
        "layer_key": "lake-evidence-candidates",
        "layer_label": "Sweden lake evidence candidates",
        "category": "Lake evidence candidate",
        "country": "Sweden",
        "record_id": "sweden_lake_registry:640460-129466:neotoma-pollen:3020",
        "name": "L\u00e5ngetj\u00e4rn",
        "geometry_type": "Point",
        "subtitle": "Sweden lake evidence candidate",
        "description": "Lake candidate anchored to the official Sweden lake registry.",
        "source_url": "https://vattenwebb.smhi.se/svarwebb/?sjoid=640460-129466",
        "record_count": 1,
        "media_links": [
          {
            "label": "Open in Google Maps",
            "url": "https://www.google.com/maps/search/?api=1&query=57.723622,12.359070",
            "kind": "link"
          },
          {
            "label": "Open representative source",
            "url": "https://vattenwebb.smhi.se/svarwebb/?sjoid=640460-129466",
            "kind": "link"
          }
        ],
        "popup_rows": [
          {
            "label": "Aggregate rank",
            "value": "20"
          },
          {
            "label": "Aggregate score",
            "value": "0.1583"
          },
          {
            "label": "Coordinates",
            "value": "57.723622, 12.359070"
          },
          {
            "label": "Coordinate method",
            "value": "svar_polygon_representative_point"
          },
          {
            "label": "Representative source",
            "value": "svar-lakes:640460-129466 (L\u00e5ngetj\u00e4rn)"
          },
          {
            "label": "Lake registry id",
            "value": "640460-129466"
          },
          {
            "label": "Lake name status",
            "value": "water_surface_name"
          },
          {
            "label": "Lake area",
            "value": "0.194 km\u00b2"
          },
          {
            "label": "Sampling posture",
            "value": "sampling_lake_candidate"
          },
          {
            "label": "Sampling fit",
            "value": "0.8680"
          },
          {
            "label": "Sampling readiness",
            "value": "site_review_required"
          },
          {
            "label": "Sampling evidence still required",
            "value": "bathymetry and basin depth, sediment preservation and prior coring history, shore access and landowner contact, permit requirements, field hazards and logistics"
          },
          {
            "label": "Pollen sources",
            "value": "neotoma-pollen"
          },
          {
            "label": "Direct pollen with numeric chronology",
            "value": "1"
          },
          {
            "label": "20 km pollen with numeric chronology",
            "value": "1"
          },
          {
            "label": "20 km pollen overlapping nearby human chronology",
            "value": "0"
          },
          {
            "label": "20 km SEAD with numeric chronology",
            "value": "2"
          },
          {
            "label": "20 km SEAD overlapping nearby human chronology",
            "value": "0"
          },
          {
            "label": "Duplicate Sweden names",
            "value": "1"
          },
          {
            "label": "Coordinate spread",
            "value": "0.00 km"
          },
          {
            "label": "Identity diagnostics",
            "value": "none"
          },
          {
            "label": "Identity note",
            "value": "No explicit identity warning."
          },
          {
            "label": "Temporal support",
            "value": "9386-15480 Calibrated radiocarbon years BP"
          },
          {
            "label": "Temporal source",
            "value": "neotoma-pollen:3020"
          }
        ],
        "time_start_bp": 9386,
        "time_end_bp": 15480,
        "time_mean_bp": 12433,
        "time_label": "9386-15480 Calibrated radiocarbon years BP",
        "temporal_semantics": {
          "schema_version": "temporal-semantics.v1",
          "source_family": "neotoma",
          "evidence_class": "neotoma_aggregated_bp_ranges",
          "precision_posture": "site_interval_with_uncertainty",
          "comparability_posture": "numeric_interval_with_caveat",
          "summary_label": "9386-15480 Calibrated radiocarbon years BP",
          "temporal_window_key": "early_holocene_and_older",
          "temporal_window_label": "Early Holocene and older (6001+ BP)",
          "time_start_bp": 9386,
          "time_end_bp": 15480,
          "time_mean_bp": 12433,
          "duration_years": 6094,
          "comparison_note": "Neotoma coverage merges more than one BP age-range convention for this site, so the interval remains comparable but should be treated as a site-level summary span.",
          "provenance_path": "",
          "provenance_locator": "site_age_ranges",
          "provenance_excerpt": "",
          "original_labels": [
            "Calibrated radiocarbon years BP",
            "Radiocarbon years BP"
          ],
          "normalized_labels": [
            "Calibrated radiocarbon years BP",
            "Radiocarbon years BP"
          ],
          "uncertainty_notes": [
            "Multiple BP age-range conventions contribute to this site span."
          ]
        }
      }
    },
    {
      "type": "Feature",
      "geometry": {
        "type": "Point",
        "coordinates": [
          13.702733,
          56.135794
        ]
      },
      "properties": {
        "source": "bijux-pollenomics",
        "layer_key": "lake-evidence-candidates",
        "layer_label": "Sweden lake evidence candidates",
        "category": "Lake evidence candidate",
        "country": "Sweden",
        "record_id": "sweden_lake_registry:622731-136920",
        "name": "Finjasj\u00f6n",
        "geometry_type": "Point",
        "subtitle": "Sweden lake evidence candidate",
        "description": "Lake candidate anchored to the official Sweden lake registry.",
        "source_url": "https://vattenwebb.smhi.se/svarwebb/?sjoid=622731-136920",
        "record_count": 1,
        "media_links": [
          {
            "label": "Open in Google Maps",
            "url": "https://www.google.com/maps/search/?api=1&query=56.135794,13.702733",
            "kind": "link"
          },
          {
            "label": "Open representative source",
            "url": "https://vattenwebb.smhi.se/svarwebb/?sjoid=622731-136920",
            "kind": "link"
          }
        ],
        "popup_rows": [
          {
            "label": "Aggregate rank",
            "value": "21"
          },
          {
            "label": "Aggregate score",
            "value": "0.1555"
          },
          {
            "label": "Coordinates",
            "value": "56.135794, 13.702733"
          },
          {
            "label": "Coordinate method",
            "value": "svar_polygon_representative_point"
          },
          {
            "label": "Representative source",
            "value": "svar-lakes:622731-136920 (Finjasj\u00f6n)"
          },
          {
            "label": "Lake registry id",
            "value": "622731-136920"
          },
          {
            "label": "Lake name status",
            "value": "water_surface_name"
          },
          {
            "label": "Lake area",
            "value": "10.497 km\u00b2"
          },
          {
            "label": "Sampling posture",
            "value": "sampling_lake_candidate"
          },
          {
            "label": "Sampling fit",
            "value": "1.0000"
          },
          {
            "label": "Sampling readiness",
            "value": "site_review_required"
          },
          {
            "label": "Sampling evidence still required",
            "value": "bathymetry and basin depth, sediment preservation and prior coring history, shore access and landowner contact, permit requirements, field hazards and logistics"
          },
          {
            "label": "Pollen sources",
            "value": "None"
          },
          {
            "label": "Direct pollen with numeric chronology",
            "value": "0"
          },
          {
            "label": "20 km pollen with numeric chronology",
            "value": "3"
          },
          {
            "label": "20 km pollen overlapping nearby human chronology",
            "value": "0"
          },
          {
            "label": "20 km SEAD with numeric chronology",
            "value": "10"
          },
          {
            "label": "20 km SEAD overlapping nearby human chronology",
            "value": "0"
          },
          {
            "label": "Duplicate Sweden names",
            "value": "1"
          },
          {
            "label": "Coordinate spread",
            "value": "0.00 km"
          },
          {
            "label": "Identity diagnostics",
            "value": "none"
          },
          {
            "label": "Identity note",
            "value": "No explicit identity warning."
          },
          {
            "label": "Temporal support",
            "value": "No numeric direct-pollen interval"
          }
        ],
        "time_start_bp": null,
        "time_end_bp": null,
        "time_mean_bp": null,
        "time_label": "Chronology unresolved",
        "temporal_semantics": {
          "comparability_posture": "unresolved",
          "comparison_note": "The lake identity remains visible, but no direct pollen record with a numeric interval supports time filtering."
        }
      }
    },
    {
      "type": "Feature",
      "geometry": {
        "type": "Point",
        "coordinates": [
          13.46978,
          56.312348
        ]
      },
      "properties": {
        "source": "bijux-pollenomics",
        "layer_key": "lake-evidence-candidates",
        "layer_label": "Sweden lake evidence candidates",
        "category": "Lake evidence candidate",
        "country": "Sweden",
        "record_id": "sweden_lake_registry:624606-135677",
        "name": "V\u00e4rsj\u00f6n",
        "geometry_type": "Point",
        "subtitle": "Sweden lake evidence candidate",
        "description": "Lake candidate anchored to the official Sweden lake registry.",
        "source_url": "https://vattenwebb.smhi.se/svarwebb/?sjoid=624606-135677",
        "record_count": 1,
        "media_links": [
          {
            "label": "Open in Google Maps",
            "url": "https://www.google.com/maps/search/?api=1&query=56.312348,13.469780",
            "kind": "link"
          },
          {
            "label": "Open representative source",
            "url": "https://vattenwebb.smhi.se/svarwebb/?sjoid=624606-135677",
            "kind": "link"
          }
        ],
        "popup_rows": [
          {
            "label": "Aggregate rank",
            "value": "22"
          },
          {
            "label": "Aggregate score",
            "value": "0.1325"
          },
          {
            "label": "Coordinates",
            "value": "56.312348, 13.469780"
          },
          {
            "label": "Coordinate method",
            "value": "svar_polygon_representative_point"
          },
          {
            "label": "Representative source",
            "value": "svar-lakes:624606-135677 (V\u00e4rsj\u00f6n)"
          },
          {
            "label": "Lake registry id",
            "value": "624606-135677"
          },
          {
            "label": "Lake name status",
            "value": "water_surface_name"
          },
          {
            "label": "Lake area",
            "value": "2.661 km\u00b2"
          },
          {
            "label": "Sampling posture",
            "value": "sampling_lake_candidate"
          },
          {
            "label": "Sampling fit",
            "value": "1.0000"
          },
          {
            "label": "Sampling readiness",
            "value": "site_review_required"
          },
          {
            "label": "Sampling evidence still required",
            "value": "bathymetry and basin depth, sediment preservation and prior coring history, shore access and landowner contact, permit requirements, field hazards and logistics"
          },
          {
            "label": "Pollen sources",
            "value": "None"
          },
          {
            "label": "Direct pollen with numeric chronology",
            "value": "0"
          },
          {
            "label": "20 km pollen with numeric chronology",
            "value": "15"
          },
          {
            "label": "20 km pollen overlapping nearby human chronology",
            "value": "0"
          },
          {
            "label": "20 km SEAD with numeric chronology",
            "value": "4"
          },
          {
            "label": "20 km SEAD overlapping nearby human chronology",
            "value": "0"
          },
          {
            "label": "Duplicate Sweden names",
            "value": "1"
          },
          {
            "label": "Coordinate spread",
            "value": "0.00 km"
          },
          {
            "label": "Identity diagnostics",
            "value": "none"
          },
          {
            "label": "Identity note",
            "value": "No explicit identity warning."
          },
          {
            "label": "Temporal support",
            "value": "No numeric direct-pollen interval"
          }
        ],
        "time_start_bp": null,
        "time_end_bp": null,
        "time_mean_bp": null,
        "time_label": "Chronology unresolved",
        "temporal_semantics": {
          "comparability_posture": "unresolved",
          "comparison_note": "The lake identity remains visible, but no direct pollen record with a numeric interval supports time filtering."
        }
      }
    },
    {
      "type": "Feature",
      "geometry": {
        "type": "Point",
        "coordinates": [
          11.60074,
          58.552564
        ]
      },
      "properties": {
        "source": "bijux-pollenomics",
        "layer_key": "lake-evidence-candidates",
        "layer_label": "Sweden lake evidence candidates",
        "category": "Lake evidence candidate",
        "country": "Sweden",
        "record_id": "sweden_lake_registry:649958-125585",
        "name": "\u00d6revattnet",
        "geometry_type": "Point",
        "subtitle": "Sweden lake evidence candidate",
        "description": "Lake candidate anchored to the official Sweden lake registry.",
        "source_url": "https://vattenwebb.smhi.se/svarwebb/?sjoid=649958-125585",
        "record_count": 1,
        "media_links": [
          {
            "label": "Open in Google Maps",
            "url": "https://www.google.com/maps/search/?api=1&query=58.552564,11.600740",
            "kind": "link"
          },
          {
            "label": "Open representative source",
            "url": "https://vattenwebb.smhi.se/svarwebb/?sjoid=649958-125585",
            "kind": "link"
          }
        ],
        "popup_rows": [
          {
            "label": "Aggregate rank",
            "value": "23"
          },
          {
            "label": "Aggregate score",
            "value": "0.1197"
          },
          {
            "label": "Coordinates",
            "value": "58.552564, 11.600740"
          },
          {
            "label": "Coordinate method",
            "value": "svar_polygon_representative_point"
          },
          {
            "label": "Representative source",
            "value": "svar-lakes:649958-125585 (\u00d6revattnet)"
          },
          {
            "label": "Lake registry id",
            "value": "649958-125585"
          },
          {
            "label": "Lake name status",
            "value": "water_surface_name"
          },
          {
            "label": "Lake area",
            "value": "0.325 km\u00b2"
          },
          {
            "label": "Sampling posture",
            "value": "sampling_lake_candidate"
          },
          {
            "label": "Sampling fit",
            "value": "0.8680"
          },
          {
            "label": "Sampling readiness",
            "value": "site_review_required"
          },
          {
            "label": "Sampling evidence still required",
            "value": "bathymetry and basin depth, sediment preservation and prior coring history, shore access and landowner contact, permit requirements, field hazards and logistics"
          },
          {
            "label": "Pollen sources",
            "value": "None"
          },
          {
            "label": "Direct pollen with numeric chronology",
            "value": "0"
          },
          {
            "label": "20 km pollen with numeric chronology",
            "value": "1"
          },
          {
            "label": "20 km pollen overlapping nearby human chronology",
            "value": "0"
          },
          {
            "label": "20 km SEAD with numeric chronology",
            "value": "0"
          },
          {
            "label": "20 km SEAD overlapping nearby human chronology",
            "value": "0"
          },
          {
            "label": "Duplicate Sweden names",
            "value": "1"
          },
          {
            "label": "Coordinate spread",
            "value": "0.00 km"
          },
          {
            "label": "Identity diagnostics",
            "value": "none"
          },
          {
            "label": "Identity note",
            "value": "No explicit identity warning."
          },
          {
            "label": "Temporal support",
            "value": "No numeric direct-pollen interval"
          }
        ],
        "time_start_bp": null,
        "time_end_bp": null,
        "time_mean_bp": null,
        "time_label": "Chronology unresolved",
        "temporal_semantics": {
          "comparability_posture": "unresolved",
          "comparison_note": "The lake identity remains visible, but no direct pollen record with a numeric interval supports time filtering."
        }
      }
    },
    {
      "type": "Feature",
      "geometry": {
        "type": "Point",
        "coordinates": [
          14.314794,
          56.297527
        ]
      },
      "properties": {
        "source": "bijux-pollenomics",
        "layer_key": "lake-evidence-candidates",
        "layer_label": "Sweden lake evidence candidates",
        "category": "Lake evidence candidate",
        "country": "Sweden",
        "record_id": "sweden_lake_registry:624245-140812",
        "name": "J\u00e4mningen",
        "geometry_type": "Point",
        "subtitle": "Sweden lake evidence candidate",
        "description": "Lake candidate anchored to the official Sweden lake registry.",
        "source_url": "https://vattenwebb.smhi.se/svarwebb/?sjoid=624245-140812",
        "record_count": 1,
        "media_links": [
          {
            "label": "Open in Google Maps",
            "url": "https://www.google.com/maps/search/?api=1&query=56.297527,14.314794",
            "kind": "link"
          },
          {
            "label": "Open representative source",
            "url": "https://vattenwebb.smhi.se/svarwebb/?sjoid=624245-140812",
            "kind": "link"
          }
        ],
        "popup_rows": [
          {
            "label": "Aggregate rank",
            "value": "24"
          },
          {
            "label": "Aggregate score",
            "value": "0.1175"
          },
          {
            "label": "Coordinates",
            "value": "56.297527, 14.314794"
          },
          {
            "label": "Coordinate method",
            "value": "svar_polygon_representative_point"
          },
          {
            "label": "Representative source",
            "value": "svar-lakes:624245-140812 (J\u00e4mningen)"
          },
          {
            "label": "Lake registry id",
            "value": "624245-140812"
          },
          {
            "label": "Lake name status",
            "value": "water_surface_name"
          },
          {
            "label": "Lake area",
            "value": "0.436 km\u00b2"
          },
          {
            "label": "Sampling posture",
            "value": "sampling_lake_candidate"
          },
          {
            "label": "Sampling fit",
            "value": "0.8680"
          },
          {
            "label": "Sampling readiness",
            "value": "site_review_required"
          },
          {
            "label": "Sampling evidence still required",
            "value": "bathymetry and basin depth, sediment preservation and prior coring history, shore access and landowner contact, permit requirements, field hazards and logistics"
          },
          {
            "label": "Pollen sources",
            "value": "None"
          },
          {
            "label": "Direct pollen with numeric chronology",
            "value": "0"
          },
          {
            "label": "20 km pollen with numeric chronology",
            "value": "4"
          },
          {
            "label": "20 km pollen overlapping nearby human chronology",
            "value": "0"
          },
          {
            "label": "20 km SEAD with numeric chronology",
            "value": "3"
          },
          {
            "label": "20 km SEAD overlapping nearby human chronology",
            "value": "0"
          },
          {
            "label": "Duplicate Sweden names",
            "value": "1"
          },
          {
            "label": "Coordinate spread",
            "value": "0.00 km"
          },
          {
            "label": "Identity diagnostics",
            "value": "none"
          },
          {
            "label": "Identity note",
            "value": "No explicit identity warning."
          },
          {
            "label": "Temporal support",
            "value": "No numeric direct-pollen interval"
          }
        ],
        "time_start_bp": null,
        "time_end_bp": null,
        "time_mean_bp": null,
        "time_label": "Chronology unresolved",
        "temporal_semantics": {
          "comparability_posture": "unresolved",
          "comparison_note": "The lake identity remains visible, but no direct pollen record with a numeric interval supports time filtering."
        }
      }
    },
    {
      "type": "Feature",
      "geometry": {
        "type": "Point",
        "coordinates": [
          15.070704,
          58.95646
        ]
      },
      "properties": {
        "source": "bijux-pollenomics",
        "layer_key": "lake-evidence-candidates",
        "layer_label": "Sweden lake evidence candidates",
        "category": "Lake evidence candidate",
        "country": "Sweden",
        "record_id": "sweden_lake_registry:653734-145755",
        "name": "Kyrksj\u00f6n",
        "geometry_type": "Point",
        "subtitle": "Sweden lake evidence candidate",
        "description": "Lake candidate anchored to the official Sweden lake registry.",
        "source_url": "https://vattenwebb.smhi.se/svarwebb/?sjoid=653734-145755",
        "record_count": 1,
        "media_links": [
          {
            "label": "Open in Google Maps",
            "url": "https://www.google.com/maps/search/?api=1&query=58.956460,15.070704",
            "kind": "link"
          },
          {
            "label": "Open representative source",
            "url": "https://vattenwebb.smhi.se/svarwebb/?sjoid=653734-145755",
            "kind": "link"
          }
        ],
        "popup_rows": [
          {
            "label": "Aggregate rank",
            "value": "25"
          },
          {
            "label": "Aggregate score",
            "value": "0.0871"
          },
          {
            "label": "Coordinates",
            "value": "58.956460, 15.070704"
          },
          {
            "label": "Coordinate method",
            "value": "svar_polygon_representative_point"
          },
          {
            "label": "Representative source",
            "value": "svar-lakes:653734-145755 (Kyrksj\u00f6n)"
          },
          {
            "label": "Lake registry id",
            "value": "653734-145755"
          },
          {
            "label": "Lake name status",
            "value": "water_surface_name"
          },
          {
            "label": "Lake area",
            "value": "0.219 km\u00b2"
          },
          {
            "label": "Sampling posture",
            "value": "sampling_lake_candidate"
          },
          {
            "label": "Sampling fit",
            "value": "0.8680"
          },
          {
            "label": "Sampling readiness",
            "value": "site_review_required"
          },
          {
            "label": "Sampling evidence still required",
            "value": "bathymetry and basin depth, sediment preservation and prior coring history, shore access and landowner contact, permit requirements, field hazards and logistics"
          },
          {
            "label": "Pollen sources",
            "value": "None"
          },
          {
            "label": "Direct pollen with numeric chronology",
            "value": "0"
          },
          {
            "label": "20 km pollen with numeric chronology",
            "value": "1"
          },
          {
            "label": "20 km pollen overlapping nearby human chronology",
            "value": "0"
          },
          {
            "label": "20 km SEAD with numeric chronology",
            "value": "0"
          },
          {
            "label": "20 km SEAD overlapping nearby human chronology",
            "value": "0"
          },
          {
            "label": "Duplicate Sweden names",
            "value": "1"
          },
          {
            "label": "Coordinate spread",
            "value": "0.00 km"
          },
          {
            "label": "Identity diagnostics",
            "value": "none"
          },
          {
            "label": "Identity note",
            "value": "No explicit identity warning."
          },
          {
            "label": "Temporal support",
            "value": "No numeric direct-pollen interval"
          }
        ],
        "time_start_bp": null,
        "time_end_bp": null,
        "time_mean_bp": null,
        "time_label": "Chronology unresolved",
        "temporal_semantics": {
          "comparability_posture": "unresolved",
          "comparison_note": "The lake identity remains visible, but no direct pollen record with a numeric interval supports time filtering."
        }
      }
    },
    {
      "type": "Feature",
      "geometry": {
        "type": "Point",
        "coordinates": [
          12.892382,
          57.757581
        ]
      },
      "properties": {
        "source": "bijux-pollenomics",
        "layer_key": "lake-evidence-candidates",
        "layer_label": "Sweden lake evidence candidates",
        "category": "Lake evidence candidate",
        "country": "Sweden",
        "record_id": "sweden_lake_registry:640726-132684",
        "name": "Kyperedssj\u00f6",
        "geometry_type": "Point",
        "subtitle": "Sweden lake evidence candidate",
        "description": "Lake candidate anchored to the official Sweden lake registry.",
        "source_url": "https://vattenwebb.smhi.se/svarwebb/?sjoid=640726-132684",
        "record_count": 1,
        "media_links": [
          {
            "label": "Open in Google Maps",
            "url": "https://www.google.com/maps/search/?api=1&query=57.757581,12.892382",
            "kind": "link"
          },
          {
            "label": "Open representative source",
            "url": "https://vattenwebb.smhi.se/svarwebb/?sjoid=640726-132684",
            "kind": "link"
          }
        ],
        "popup_rows": [
          {
            "label": "Aggregate rank",
            "value": "26"
          },
          {
            "label": "Aggregate score",
            "value": "0.0727"
          },
          {
            "label": "Coordinates",
            "value": "57.757581, 12.892382"
          },
          {
            "label": "Coordinate method",
            "value": "svar_polygon_representative_point"
          },
          {
            "label": "Representative source",
            "value": "svar-lakes:640726-132684 (Kyperedssj\u00f6)"
          },
          {
            "label": "Lake registry id",
            "value": "640726-132684"
          },
          {
            "label": "Lake name status",
            "value": "water_surface_name"
          },
          {
            "label": "Lake area",
            "value": "0.071 km\u00b2"
          },
          {
            "label": "Sampling posture",
            "value": "compact_lake_candidate"
          },
          {
            "label": "Sampling fit",
            "value": "0.6300"
          },
          {
            "label": "Sampling readiness",
            "value": "site_review_required"
          },
          {
            "label": "Sampling evidence still required",
            "value": "bathymetry and basin depth, sediment preservation and prior coring history, shore access and landowner contact, permit requirements, field hazards and logistics"
          },
          {
            "label": "Pollen sources",
            "value": "None"
          },
          {
            "label": "Direct pollen with numeric chronology",
            "value": "0"
          },
          {
            "label": "20 km pollen with numeric chronology",
            "value": "1"
          },
          {
            "label": "20 km pollen overlapping nearby human chronology",
            "value": "0"
          },
          {
            "label": "20 km SEAD with numeric chronology",
            "value": "1"
          },
          {
            "label": "20 km SEAD overlapping nearby human chronology",
            "value": "0"
          },
          {
            "label": "Duplicate Sweden names",
            "value": "1"
          },
          {
            "label": "Coordinate spread",
            "value": "0.00 km"
          },
          {
            "label": "Identity diagnostics",
            "value": "none"
          },
          {
            "label": "Identity note",
            "value": "No explicit identity warning."
          },
          {
            "label": "Temporal support",
            "value": "No numeric direct-pollen interval"
          }
        ],
        "time_start_bp": null,
        "time_end_bp": null,
        "time_mean_bp": null,
        "time_label": "Chronology unresolved",
        "temporal_semantics": {
          "comparability_posture": "unresolved",
          "comparison_note": "The lake identity remains visible, but no direct pollen record with a numeric interval supports time filtering."
        }
      }
    }
  ]
}