lake_name,lake_label,lake_token,name_key,latitude,longitude,google_maps_url,representative_source_record,representative_source_layer_key,representative_source_name,representative_source_url,coordinate_resolution_method,duplicate_name_count,coordinate_spread_km,ambiguity_flags,ambiguity_note,lake_registry_id,lake_registry_uuid,lake_water_identity,lake_name_status,lake_area_km2,lake_sampling_posture,lake_sampling_fit,lake_sampling_notes,supporting_source_records,supporting_source_points,aggregate_rank,aggregate_score,scenario_top20_presence_count,scenario_top20_labels,scenario_best_rank,scenario_worst_rank,scenario_mean_rank,direct_pollen_signal,direct_pollen_source_count,direct_pollen_record_count,time_aware_direct_pollen_records,band_radius_km,band_rank,band_score,nearby_pollen_lake_count,time_aware_pollen_site_count,human_overlap_pollen_site_count,human_adna_locality_count,human_adna_sample_count,domesticated_animal_locality_count,domesticated_animal_sample_count,sead_site_count,time_aware_sead_site_count,human_overlap_sead_site_count,raa_density_site_count,evidence_family_count,nearby_pollen_signal,human_signal,animal_signal,archaeology_signal,diversity_signal
Bjäresjösjön,"Bjäresjösjön (55.459167, 13.751944)",sweden_lake:bjaresjosjon:55.459167:13.751944,bjaresjosjon,55.459167,13.751944,"https://www.google.com/maps/search/?api=1&query=55.459167,13.751944",landclim-sites:897303:Bjäresjösjön:55.459167:13.751944,landclim-sites,Bjäresjösjön,https://doi.org/10.1594/PANGAEA.897303,source_coordinate_medoid,1,1.027,source_coordinate_spread,Source coordinates span 1.03 km inside this candidate.,,,,,,,0.0,,landclim-sites:897303:Bjäresjösjön:55.459167:13.751944; landclim-sites:900966:GC18:Bjäresjösjön; landclim-sites:937075:BJARE; neotoma-pollen:28871,"Bjäresjösjön (landclim-sites; 55.459167, 13.751944); Bjäresjösjön (landclim-sites; 55.459167, 13.751944); Bjäresjösjön (landclim-sites; 55.450000, 13.750000); Bjäresjösjön (neotoma-pollen; 55.459170, 13.751940)",1,0.4875,7,aggregate; fieldwork shortlist; 10 km; 20 km; 30 km; 40 km; 50 km,1,4,2.29,1.0,2,4,4,10,1,0.4581,3,0,0,0,0,0,0,19,15,0,6654,3,0.45,0.0,0.0,0.6122,0.6
Bjäresjösjön,"Bjäresjösjön (55.459167, 13.751944)",sweden_lake:bjaresjosjon:55.459167:13.751944,bjaresjosjon,55.459167,13.751944,"https://www.google.com/maps/search/?api=1&query=55.459167,13.751944",landclim-sites:897303:Bjäresjösjön:55.459167:13.751944,landclim-sites,Bjäresjösjön,https://doi.org/10.1594/PANGAEA.897303,source_coordinate_medoid,1,1.027,source_coordinate_spread,Source coordinates span 1.03 km inside this candidate.,,,,,,,0.0,,landclim-sites:897303:Bjäresjösjön:55.459167:13.751944; landclim-sites:900966:GC18:Bjäresjösjön; landclim-sites:937075:BJARE; neotoma-pollen:28871,"Bjäresjösjön (landclim-sites; 55.459167, 13.751944); Bjäresjösjön (landclim-sites; 55.459167, 13.751944); Bjäresjösjön (landclim-sites; 55.450000, 13.750000); Bjäresjösjön (neotoma-pollen; 55.459170, 13.751940)",1,0.4875,7,aggregate; fieldwork shortlist; 10 km; 20 km; 30 km; 40 km; 50 km,1,4,2.29,1.0,2,4,4,20,1,0.534,3,0,0,2,3,0,0,42,35,16,9859,4,0.36,0.2004,0.0,0.7115,0.8
Bjäresjösjön,"Bjäresjösjön (55.459167, 13.751944)",sweden_lake:bjaresjosjon:55.459167:13.751944,bjaresjosjon,55.459167,13.751944,"https://www.google.com/maps/search/?api=1&query=55.459167,13.751944",landclim-sites:897303:Bjäresjösjön:55.459167:13.751944,landclim-sites,Bjäresjösjön,https://doi.org/10.1594/PANGAEA.897303,source_coordinate_medoid,1,1.027,source_coordinate_spread,Source coordinates span 1.03 km inside this candidate.,,,,,,,0.0,,landclim-sites:897303:Bjäresjösjön:55.459167:13.751944; landclim-sites:900966:GC18:Bjäresjösjön; landclim-sites:937075:BJARE; neotoma-pollen:28871,"Bjäresjösjön (landclim-sites; 55.459167, 13.751944); Bjäresjösjön (landclim-sites; 55.459167, 13.751944); Bjäresjösjön (landclim-sites; 55.450000, 13.750000); Bjäresjösjön (neotoma-pollen; 55.459170, 13.751940)",1,0.4875,7,aggregate; fieldwork shortlist; 10 km; 20 km; 30 km; 40 km; 50 km,1,4,2.29,1.0,2,4,4,30,2,0.4657,4,0,0,3,4,0,0,64,53,24,9859,4,0.4,0.1366,0.0,0.4737,0.8
Bjäresjösjön,"Bjäresjösjön (55.459167, 13.751944)",sweden_lake:bjaresjosjon:55.459167:13.751944,bjaresjosjon,55.459167,13.751944,"https://www.google.com/maps/search/?api=1&query=55.459167,13.751944",landclim-sites:897303:Bjäresjösjön:55.459167:13.751944,landclim-sites,Bjäresjösjön,https://doi.org/10.1594/PANGAEA.897303,source_coordinate_medoid,1,1.027,source_coordinate_spread,Source coordinates span 1.03 km inside this candidate.,,,,,,,0.0,,landclim-sites:897303:Bjäresjösjön:55.459167:13.751944; landclim-sites:900966:GC18:Bjäresjösjön; landclim-sites:937075:BJARE; neotoma-pollen:28871,"Bjäresjösjön (landclim-sites; 55.459167, 13.751944); Bjäresjösjön (landclim-sites; 55.459167, 13.751944); Bjäresjösjön (landclim-sites; 55.450000, 13.750000); Bjäresjösjön (neotoma-pollen; 55.459170, 13.751940)",1,0.4875,7,aggregate; fieldwork shortlist; 10 km; 20 km; 30 km; 40 km; 50 km,1,4,2.29,1.0,2,4,4,40,4,0.4522,4,0,0,3,4,0,0,102,77,25,9859,4,0.3,0.1178,0.0,0.4745,0.8
Bjäresjösjön,"Bjäresjösjön (55.459167, 13.751944)",sweden_lake:bjaresjosjon:55.459167:13.751944,bjaresjosjon,55.459167,13.751944,"https://www.google.com/maps/search/?api=1&query=55.459167,13.751944",landclim-sites:897303:Bjäresjösjön:55.459167:13.751944,landclim-sites,Bjäresjösjön,https://doi.org/10.1594/PANGAEA.897303,source_coordinate_medoid,1,1.027,source_coordinate_spread,Source coordinates span 1.03 km inside this candidate.,,,,,,,0.0,,landclim-sites:897303:Bjäresjösjön:55.459167:13.751944; landclim-sites:900966:GC18:Bjäresjösjön; landclim-sites:937075:BJARE; neotoma-pollen:28871,"Bjäresjösjön (landclim-sites; 55.459167, 13.751944); Bjäresjösjön (landclim-sites; 55.459167, 13.751944); Bjäresjösjön (landclim-sites; 55.450000, 13.750000); Bjäresjösjön (neotoma-pollen; 55.459170, 13.751940)",1,0.4875,7,aggregate; fieldwork shortlist; 10 km; 20 km; 30 km; 40 km; 50 km,1,4,2.29,1.0,2,4,4,50,3,0.556,4,0,0,12,30,0,0,153,106,76,11085,4,0.2666,0.5198,0.0,0.5814,0.8
Bjärsjöholmssjön,"Bjärsjöholmssjön (55.454444, 13.766389)",sweden_lake:bjarsjoholmssjon:55.454444:13.766389,bjarsjoholmssjon,55.454444,13.766389,"https://www.google.com/maps/search/?api=1&query=55.454444,13.766389",landclim-sites:897303:Bjärsjöholmssjön:55.454444:13.766389,landclim-sites,Bjärsjöholmssjön,https://doi.org/10.1594/PANGAEA.897303,source_coordinate_medoid,1,1.1772,source_coordinate_spread,Source coordinates span 1.18 km inside this candidate.,,,,,,,0.0,,landclim-sites:897303:Bjärsjöholmssjön:55.454444:13.766389; landclim-sites:900966:GC18:Bjärsjöholmssjön; landclim-sites:937075:BJARS; neotoma-pollen:3017,"Bjärsjöholmssjön (landclim-sites; 55.454444, 13.766389); Bjärsjöholmssjön (landclim-sites; 55.454444, 13.766389); Bjärsjöholmssjön (landclim-sites; 55.450000, 13.783333); Bjärsjöholmssjön (neotoma-pollen; 55.453960, 13.780255)",2,0.4864,7,aggregate; fieldwork shortlist; 10 km; 20 km; 30 km; 40 km; 50 km,2,6,3.43,1.0,2,4,4,10,2,0.4581,3,0,0,0,0,0,0,19,15,0,6654,3,0.45,0.0,0.0,0.6122,0.6
Bjärsjöholmssjön,"Bjärsjöholmssjön (55.454444, 13.766389)",sweden_lake:bjarsjoholmssjon:55.454444:13.766389,bjarsjoholmssjon,55.454444,13.766389,"https://www.google.com/maps/search/?api=1&query=55.454444,13.766389",landclim-sites:897303:Bjärsjöholmssjön:55.454444:13.766389,landclim-sites,Bjärsjöholmssjön,https://doi.org/10.1594/PANGAEA.897303,source_coordinate_medoid,1,1.1772,source_coordinate_spread,Source coordinates span 1.18 km inside this candidate.,,,,,,,0.0,,landclim-sites:897303:Bjärsjöholmssjön:55.454444:13.766389; landclim-sites:900966:GC18:Bjärsjöholmssjön; landclim-sites:937075:BJARS; neotoma-pollen:3017,"Bjärsjöholmssjön (landclim-sites; 55.454444, 13.766389); Bjärsjöholmssjön (landclim-sites; 55.454444, 13.766389); Bjärsjöholmssjön (landclim-sites; 55.450000, 13.783333); Bjärsjöholmssjön (neotoma-pollen; 55.453960, 13.780255)",2,0.4864,7,aggregate; fieldwork shortlist; 10 km; 20 km; 30 km; 40 km; 50 km,2,6,3.43,1.0,2,4,4,20,2,0.534,3,0,0,2,3,0,0,42,35,16,9859,4,0.36,0.2004,0.0,0.7115,0.8
Bjärsjöholmssjön,"Bjärsjöholmssjön (55.454444, 13.766389)",sweden_lake:bjarsjoholmssjon:55.454444:13.766389,bjarsjoholmssjon,55.454444,13.766389,"https://www.google.com/maps/search/?api=1&query=55.454444,13.766389",landclim-sites:897303:Bjärsjöholmssjön:55.454444:13.766389,landclim-sites,Bjärsjöholmssjön,https://doi.org/10.1594/PANGAEA.897303,source_coordinate_medoid,1,1.1772,source_coordinate_spread,Source coordinates span 1.18 km inside this candidate.,,,,,,,0.0,,landclim-sites:897303:Bjärsjöholmssjön:55.454444:13.766389; landclim-sites:900966:GC18:Bjärsjöholmssjön; landclim-sites:937075:BJARS; neotoma-pollen:3017,"Bjärsjöholmssjön (landclim-sites; 55.454444, 13.766389); Bjärsjöholmssjön (landclim-sites; 55.454444, 13.766389); Bjärsjöholmssjön (landclim-sites; 55.450000, 13.783333); Bjärsjöholmssjön (neotoma-pollen; 55.453960, 13.780255)",2,0.4864,7,aggregate; fieldwork shortlist; 10 km; 20 km; 30 km; 40 km; 50 km,2,6,3.43,1.0,2,4,4,30,3,0.465,4,0,0,3,4,0,0,64,53,23,9859,4,0.4,0.1366,0.0,0.4706,0.8
Bjärsjöholmssjön,"Bjärsjöholmssjön (55.454444, 13.766389)",sweden_lake:bjarsjoholmssjon:55.454444:13.766389,bjarsjoholmssjon,55.454444,13.766389,"https://www.google.com/maps/search/?api=1&query=55.454444,13.766389",landclim-sites:897303:Bjärsjöholmssjön:55.454444:13.766389,landclim-sites,Bjärsjöholmssjön,https://doi.org/10.1594/PANGAEA.897303,source_coordinate_medoid,1,1.1772,source_coordinate_spread,Source coordinates span 1.18 km inside this candidate.,,,,,,,0.0,,landclim-sites:897303:Bjärsjöholmssjön:55.454444:13.766389; landclim-sites:900966:GC18:Bjärsjöholmssjön; landclim-sites:937075:BJARS; neotoma-pollen:3017,"Bjärsjöholmssjön (landclim-sites; 55.454444, 13.766389); Bjärsjöholmssjön (landclim-sites; 55.454444, 13.766389); Bjärsjöholmssjön (landclim-sites; 55.450000, 13.783333); Bjärsjöholmssjön (neotoma-pollen; 55.453960, 13.780255)",2,0.4864,7,aggregate; fieldwork shortlist; 10 km; 20 km; 30 km; 40 km; 50 km,2,6,3.43,1.0,2,4,4,40,6,0.4476,4,0,0,3,4,0,0,96,73,25,9859,4,0.3,0.1178,0.0,0.456,0.8
Bjärsjöholmssjön,"Bjärsjöholmssjön (55.454444, 13.766389)",sweden_lake:bjarsjoholmssjon:55.454444:13.766389,bjarsjoholmssjon,55.454444,13.766389,"https://www.google.com/maps/search/?api=1&query=55.454444,13.766389",landclim-sites:897303:Bjärsjöholmssjön:55.454444:13.766389,landclim-sites,Bjärsjöholmssjön,https://doi.org/10.1594/PANGAEA.897303,source_coordinate_medoid,1,1.1772,source_coordinate_spread,Source coordinates span 1.18 km inside this candidate.,,,,,,,0.0,,landclim-sites:897303:Bjärsjöholmssjön:55.454444:13.766389; landclim-sites:900966:GC18:Bjärsjöholmssjön; landclim-sites:937075:BJARS; neotoma-pollen:3017,"Bjärsjöholmssjön (landclim-sites; 55.454444, 13.766389); Bjärsjöholmssjön (landclim-sites; 55.454444, 13.766389); Bjärsjöholmssjön (landclim-sites; 55.450000, 13.783333); Bjärsjöholmssjön (neotoma-pollen; 55.453960, 13.780255)",2,0.4864,7,aggregate; fieldwork shortlist; 10 km; 20 km; 30 km; 40 km; 50 km,2,6,3.43,1.0,2,4,4,50,4,0.5533,4,0,0,12,30,0,0,146,103,73,11085,4,0.2666,0.5198,0.0,0.5707,0.8
Krageholmssjön,Krageholmssjön,sweden_lake:krageholmssjon:55.5:13.733333,krageholmssjon,55.5,13.733333,"https://www.google.com/maps/search/?api=1&query=55.500000,13.733333",landclim-sites:897303:Krageholmssjön:55.500000:13.733333,landclim-sites,Krageholmssjön,https://doi.org/10.1594/PANGAEA.897303,source_coordinate_medoid,1,0.7349,,,,,,,,,0.0,,landclim-sites:897303:Krageholmssjön:55.500000:13.733333; landclim-sites:900966:GC18:Krageholmssjön; landclim-sites:937075:KRA; neotoma-pollen:3204,"Krageholmssjön (landclim-sites; 55.500000, 13.733333); Krageholmssjön (landclim-sites; 55.500000, 13.733333); Krageholmssjön (landclim-sites; 55.500000, 13.733333); Krageholmssjön (neotoma-pollen; 55.500780, 13.744920)",3,0.477,7,aggregate; fieldwork shortlist; 10 km; 20 km; 30 km; 40 km; 50 km,2,6,3.86,1.0,2,4,4,10,4,0.4522,3,0,0,0,0,0,0,18,14,0,6654,3,0.45,0.0,0.0,0.5889,0.6
Krageholmssjön,Krageholmssjön,sweden_lake:krageholmssjon:55.5:13.733333,krageholmssjon,55.5,13.733333,"https://www.google.com/maps/search/?api=1&query=55.500000,13.733333",landclim-sites:897303:Krageholmssjön:55.500000:13.733333,landclim-sites,Krageholmssjön,https://doi.org/10.1594/PANGAEA.897303,source_coordinate_medoid,1,0.7349,,,,,,,,,0.0,,landclim-sites:897303:Krageholmssjön:55.500000:13.733333; landclim-sites:900966:GC18:Krageholmssjön; landclim-sites:937075:KRA; neotoma-pollen:3204,"Krageholmssjön (landclim-sites; 55.500000, 13.733333); Krageholmssjön (landclim-sites; 55.500000, 13.733333); Krageholmssjön (landclim-sites; 55.500000, 13.733333); Krageholmssjön (neotoma-pollen; 55.500780, 13.744920)",3,0.477,7,aggregate; fieldwork shortlist; 10 km; 20 km; 30 km; 40 km; 50 km,2,6,3.86,1.0,2,4,4,20,4,0.4947,3,0,0,1,2,0,0,37,30,9,9859,4,0.36,0.1036,0.0,0.6318,0.8
Krageholmssjön,Krageholmssjön,sweden_lake:krageholmssjon:55.5:13.733333,krageholmssjon,55.5,13.733333,"https://www.google.com/maps/search/?api=1&query=55.500000,13.733333",landclim-sites:897303:Krageholmssjön:55.500000:13.733333,landclim-sites,Krageholmssjön,https://doi.org/10.1594/PANGAEA.897303,source_coordinate_medoid,1,0.7349,,,,,,,,,0.0,,landclim-sites:897303:Krageholmssjön:55.500000:13.733333; landclim-sites:900966:GC18:Krageholmssjön; landclim-sites:937075:KRA; neotoma-pollen:3204,"Krageholmssjön (landclim-sites; 55.500000, 13.733333); Krageholmssjön (landclim-sites; 55.500000, 13.733333); Krageholmssjön (landclim-sites; 55.500000, 13.733333); Krageholmssjön (neotoma-pollen; 55.500780, 13.744920)",3,0.477,7,aggregate; fieldwork shortlist; 10 km; 20 km; 30 km; 40 km; 50 km,2,6,3.86,1.0,2,4,4,30,5,0.4629,4,0,0,3,4,0,0,64,51,22,9859,4,0.4,0.1366,0.0,0.4625,0.8
Krageholmssjön,Krageholmssjön,sweden_lake:krageholmssjon:55.5:13.733333,krageholmssjon,55.5,13.733333,"https://www.google.com/maps/search/?api=1&query=55.500000,13.733333",landclim-sites:897303:Krageholmssjön:55.500000:13.733333,landclim-sites,Krageholmssjön,https://doi.org/10.1594/PANGAEA.897303,source_coordinate_medoid,1,0.7349,,,,,,,,,0.0,,landclim-sites:897303:Krageholmssjön:55.500000:13.733333; landclim-sites:900966:GC18:Krageholmssjön; landclim-sites:937075:KRA; neotoma-pollen:3204,"Krageholmssjön (landclim-sites; 55.500000, 13.733333); Krageholmssjön (landclim-sites; 55.500000, 13.733333); Krageholmssjön (landclim-sites; 55.500000, 13.733333); Krageholmssjön (neotoma-pollen; 55.500780, 13.744920)",3,0.477,7,aggregate; fieldwork shortlist; 10 km; 20 km; 30 km; 40 km; 50 km,2,6,3.86,1.0,2,4,4,40,3,0.4587,4,0,0,3,4,0,0,108,82,28,9859,4,0.3,0.1178,0.0,0.5007,0.8
Krageholmssjön,Krageholmssjön,sweden_lake:krageholmssjon:55.5:13.733333,krageholmssjon,55.5,13.733333,"https://www.google.com/maps/search/?api=1&query=55.500000,13.733333",landclim-sites:897303:Krageholmssjön:55.500000:13.733333,landclim-sites,Krageholmssjön,https://doi.org/10.1594/PANGAEA.897303,source_coordinate_medoid,1,0.7349,,,,,,,,,0.0,,landclim-sites:897303:Krageholmssjön:55.500000:13.733333; landclim-sites:900966:GC18:Krageholmssjön; landclim-sites:937075:KRA; neotoma-pollen:3204,"Krageholmssjön (landclim-sites; 55.500000, 13.733333); Krageholmssjön (landclim-sites; 55.500000, 13.733333); Krageholmssjön (landclim-sites; 55.500000, 13.733333); Krageholmssjön (neotoma-pollen; 55.500780, 13.744920)",3,0.477,7,aggregate; fieldwork shortlist; 10 km; 20 km; 30 km; 40 km; 50 km,2,6,3.86,1.0,2,4,4,50,2,0.5626,4,0,0,12,30,0,0,172,115,80,11085,4,0.2666,0.5198,0.0,0.6081,0.8
Bussjösjön,Bussjösjön,sweden_lake:bussjosjon:55.466667:13.816667,bussjosjon,55.466667,13.816667,"https://www.google.com/maps/search/?api=1&query=55.466667,13.816667",landclim-sites:897303:Bussjösjön:55.466667:13.816667,landclim-sites,Bussjösjön,https://doi.org/10.1594/PANGAEA.897303,source_coordinate_medoid,1,0.0004,,,,,,,,,0.0,,landclim-sites:897303:Bussjösjön:55.466667:13.816667; landclim-sites:900966:GC18:Bussjösjön; landclim-sites:937075:BUS; neotoma-pollen:28869,"Bussjösjön (landclim-sites; 55.466667, 13.816667); Bussjösjön (landclim-sites; 55.466667, 13.816667); Bussjösjön (landclim-sites; 55.466667, 13.816667); Bussjösjön (neotoma-pollen; 55.466670, 13.816670)",4,0.4731,7,aggregate; fieldwork shortlist; 10 km; 20 km; 30 km; 40 km; 50 km,3,7,4.71,1.0,2,4,4,10,3,0.4554,3,0,0,0,0,0,0,19,14,0,6654,3,0.45,0.0,0.0,0.6017,0.6
Bussjösjön,Bussjösjön,sweden_lake:bussjosjon:55.466667:13.816667,bussjosjon,55.466667,13.816667,"https://www.google.com/maps/search/?api=1&query=55.466667,13.816667",landclim-sites:897303:Bussjösjön:55.466667:13.816667,landclim-sites,Bussjösjön,https://doi.org/10.1594/PANGAEA.897303,source_coordinate_medoid,1,0.0004,,,,,,,,,0.0,,landclim-sites:897303:Bussjösjön:55.466667:13.816667; landclim-sites:900966:GC18:Bussjösjön; landclim-sites:937075:BUS; neotoma-pollen:28869,"Bussjösjön (landclim-sites; 55.466667, 13.816667); Bussjösjön (landclim-sites; 55.466667, 13.816667); Bussjösjön (landclim-sites; 55.466667, 13.816667); Bussjösjön (neotoma-pollen; 55.466670, 13.816670)",4,0.4731,7,aggregate; fieldwork shortlist; 10 km; 20 km; 30 km; 40 km; 50 km,3,7,4.71,1.0,2,4,4,20,3,0.4996,3,0,0,1,2,0,0,38,31,11,9859,4,0.36,0.1036,0.0,0.6516,0.8
Bussjösjön,Bussjösjön,sweden_lake:bussjosjon:55.466667:13.816667,bussjosjon,55.466667,13.816667,"https://www.google.com/maps/search/?api=1&query=55.466667,13.816667",landclim-sites:897303:Bussjösjön:55.466667:13.816667,landclim-sites,Bussjösjön,https://doi.org/10.1594/PANGAEA.897303,source_coordinate_medoid,1,0.0004,,,,,,,,,0.0,,landclim-sites:897303:Bussjösjön:55.466667:13.816667; landclim-sites:900966:GC18:Bussjösjön; landclim-sites:937075:BUS; neotoma-pollen:28869,"Bussjösjön (landclim-sites; 55.466667, 13.816667); Bussjösjön (landclim-sites; 55.466667, 13.816667); Bussjösjön (landclim-sites; 55.466667, 13.816667); Bussjösjön (neotoma-pollen; 55.466670, 13.816670)",4,0.4731,7,aggregate; fieldwork shortlist; 10 km; 20 km; 30 km; 40 km; 50 km,3,7,4.71,1.0,2,4,4,30,4,0.463,4,0,0,3,4,0,0,63,52,22,9859,4,0.4,0.1366,0.0,0.4628,0.8
Bussjösjön,Bussjösjön,sweden_lake:bussjosjon:55.466667:13.816667,bussjosjon,55.466667,13.816667,"https://www.google.com/maps/search/?api=1&query=55.466667,13.816667",landclim-sites:897303:Bussjösjön:55.466667:13.816667,landclim-sites,Bussjösjön,https://doi.org/10.1594/PANGAEA.897303,source_coordinate_medoid,1,0.0004,,,,,,,,,0.0,,landclim-sites:897303:Bussjösjön:55.466667:13.816667; landclim-sites:900966:GC18:Bussjösjön; landclim-sites:937075:BUS; neotoma-pollen:28869,"Bussjösjön (landclim-sites; 55.466667, 13.816667); Bussjösjön (landclim-sites; 55.466667, 13.816667); Bussjösjön (landclim-sites; 55.466667, 13.816667); Bussjösjön (neotoma-pollen; 55.466670, 13.816670)",4,0.4731,7,aggregate; fieldwork shortlist; 10 km; 20 km; 30 km; 40 km; 50 km,3,7,4.71,1.0,2,4,4,40,7,0.4445,4,0,0,3,4,0,0,92,69,26,9859,4,0.3,0.1178,0.0,0.4436,0.8
Bussjösjön,Bussjösjön,sweden_lake:bussjosjon:55.466667:13.816667,bussjosjon,55.466667,13.816667,"https://www.google.com/maps/search/?api=1&query=55.466667,13.816667",landclim-sites:897303:Bussjösjön:55.466667:13.816667,landclim-sites,Bussjösjön,https://doi.org/10.1594/PANGAEA.897303,source_coordinate_medoid,1,0.0004,,,,,,,,,0.0,,landclim-sites:897303:Bussjösjön:55.466667:13.816667; landclim-sites:900966:GC18:Bussjösjön; landclim-sites:937075:BUS; neotoma-pollen:28869,"Bussjösjön (landclim-sites; 55.466667, 13.816667); Bussjösjön (landclim-sites; 55.466667, 13.816667); Bussjösjön (landclim-sites; 55.466667, 13.816667); Bussjösjön (neotoma-pollen; 55.466670, 13.816670)",4,0.4731,7,aggregate; fieldwork shortlist; 10 km; 20 km; 30 km; 40 km; 50 km,3,7,4.71,1.0,2,4,4,50,5,0.5231,4,0,0,9,25,0,0,137,97,67,9859,4,0.2666,0.3985,0.0,0.5468,0.8
Bökesjön,Bökesjön,sweden_lake:bokesjon:55.575556:13.4375,bokesjon,55.575556,13.4375,"https://www.google.com/maps/search/?api=1&query=55.575556,13.437500",landclim-sites:897303:Bökesjön:55.575556:13.437500,landclim-sites,Bökesjön,https://doi.org/10.1594/PANGAEA.897303,source_coordinate_medoid,1,0.0005,,,,,,,,,0.0,,landclim-sites:897303:Bökesjön:55.575556:13.437500; landclim-sites:900966:GC18:Bökesjön; landclim-sites:937075:BOKE; neotoma-pollen:28872,"Bökesjön (landclim-sites; 55.575556, 13.437500); Bökesjön (landclim-sites; 55.575556, 13.437500); Bökesjön (landclim-sites; 55.575556, 13.437500); Bökesjön (neotoma-pollen; 55.575560, 13.437500)",5,0.4467,7,aggregate; fieldwork shortlist; 10 km; 20 km; 30 km; 40 km; 50 km,1,13,5.29,1.0,2,4,4,10,13,0.2846,0,0,0,0,0,0,0,4,3,0,6654,2,0.0,0.0,0.0,0.1785,0.4
Bökesjön,Bökesjön,sweden_lake:bokesjon:55.575556:13.4375,bokesjon,55.575556,13.4375,"https://www.google.com/maps/search/?api=1&query=55.575556,13.437500",landclim-sites:897303:Bökesjön:55.575556:13.437500,landclim-sites,Bökesjön,https://doi.org/10.1594/PANGAEA.897303,source_coordinate_medoid,1,0.0005,,,,,,,,,0.0,,landclim-sites:897303:Bökesjön:55.575556:13.437500; landclim-sites:900966:GC18:Bökesjön; landclim-sites:937075:BOKE; neotoma-pollen:28872,"Bökesjön (landclim-sites; 55.575556, 13.437500); Bökesjön (landclim-sites; 55.575556, 13.437500); Bökesjön (landclim-sites; 55.575556, 13.437500); Bökesjön (neotoma-pollen; 55.575560, 13.437500)",5,0.4467,7,aggregate; fieldwork shortlist; 10 km; 20 km; 30 km; 40 km; 50 km,1,13,5.29,1.0,2,4,4,20,6,0.3829,0,0,0,0,0,0,0,38,31,0,6654,2,0.0,0.0,0.0,0.5714,0.4
Bökesjön,Bökesjön,sweden_lake:bokesjon:55.575556:13.4375,bokesjon,55.575556,13.4375,"https://www.google.com/maps/search/?api=1&query=55.575556,13.437500",landclim-sites:897303:Bökesjön:55.575556:13.437500,landclim-sites,Bökesjön,https://doi.org/10.1594/PANGAEA.897303,source_coordinate_medoid,1,0.0005,,,,,,,,,0.0,,landclim-sites:897303:Bökesjön:55.575556:13.437500; landclim-sites:900966:GC18:Bökesjön; landclim-sites:937075:BOKE; neotoma-pollen:28872,"Bökesjön (landclim-sites; 55.575556, 13.437500); Bökesjön (landclim-sites; 55.575556, 13.437500); Bökesjön (landclim-sites; 55.575556, 13.437500); Bökesjön (neotoma-pollen; 55.575560, 13.437500)",5,0.4467,7,aggregate; fieldwork shortlist; 10 km; 20 km; 30 km; 40 km; 50 km,1,13,5.29,1.0,2,4,4,30,1,0.5854,4,0,0,11,15,0,0,122,80,51,7880,4,0.4,0.5022,0.0,0.6598,0.8
Bökesjön,Bökesjön,sweden_lake:bokesjon:55.575556:13.4375,bokesjon,55.575556,13.4375,"https://www.google.com/maps/search/?api=1&query=55.575556,13.437500",landclim-sites:897303:Bökesjön:55.575556:13.437500,landclim-sites,Bökesjön,https://doi.org/10.1594/PANGAEA.897303,source_coordinate_medoid,1,0.0005,,,,,,,,,0.0,,landclim-sites:897303:Bökesjön:55.575556:13.437500; landclim-sites:900966:GC18:Bökesjön; landclim-sites:937075:BOKE; neotoma-pollen:28872,"Bökesjön (landclim-sites; 55.575556, 13.437500); Bökesjön (landclim-sites; 55.575556, 13.437500); Bökesjön (landclim-sites; 55.575556, 13.437500); Bökesjön (neotoma-pollen; 55.575560, 13.437500)",5,0.4467,7,aggregate; fieldwork shortlist; 10 km; 20 km; 30 km; 40 km; 50 km,1,13,5.29,1.0,2,4,4,40,1,0.5898,4,0,0,13,31,0,0,168,110,79,11085,4,0.3,0.5579,0.0,0.6729,0.8
Bökesjön,Bökesjön,sweden_lake:bokesjon:55.575556:13.4375,bokesjon,55.575556,13.4375,"https://www.google.com/maps/search/?api=1&query=55.575556,13.437500",landclim-sites:897303:Bökesjön:55.575556:13.437500,landclim-sites,Bökesjön,https://doi.org/10.1594/PANGAEA.897303,source_coordinate_medoid,1,0.0005,,,,,,,,,0.0,,landclim-sites:897303:Bökesjön:55.575556:13.437500; landclim-sites:900966:GC18:Bökesjön; landclim-sites:937075:BOKE; neotoma-pollen:28872,"Bökesjön (landclim-sites; 55.575556, 13.437500); Bökesjön (landclim-sites; 55.575556, 13.437500); Bökesjön (landclim-sites; 55.575556, 13.437500); Bökesjön (neotoma-pollen; 55.575560, 13.437500)",5,0.4467,7,aggregate; fieldwork shortlist; 10 km; 20 km; 30 km; 40 km; 50 km,1,13,5.29,1.0,2,4,4,50,1,0.6,5,0,0,13,31,0,0,201,135,96,19997,4,0.3334,0.5579,0.0,0.7003,0.8
Bjärsjon,Bjärsjon,sweden_lake:bjarsjon:58.33456:13.656065,bjarsjon,58.33456,13.656065,"https://www.google.com/maps/search/?api=1&query=58.334560,13.656065",neotoma-pollen:3018,neotoma-pollen,Bjärsjon,https://apps.neotomadb.org/explorer/#/record/site/3018,shared_source_coordinate,1,0.0,,,,,,,,,0.0,,neotoma-pollen:3018,"Bjärsjon (neotoma-pollen; 58.334560, 13.656065)",6,0.424,7,aggregate; fieldwork shortlist; 10 km; 20 km; 30 km; 40 km; 50 km,1,10,5.43,0.4375,1,1,0,10,5,0.369,0,0,0,2,32,0,0,0,0,0,10501,3,0.0,1.0,0.0,0.0858,0.6
Bjärsjon,Bjärsjon,sweden_lake:bjarsjon:58.33456:13.656065,bjarsjon,58.33456,13.656065,"https://www.google.com/maps/search/?api=1&query=58.334560,13.656065",neotoma-pollen:3018,neotoma-pollen,Bjärsjon,https://apps.neotomadb.org/explorer/#/record/site/3018,shared_source_coordinate,1,0.0,,,,,,,,,0.0,,neotoma-pollen:3018,"Bjärsjon (neotoma-pollen; 58.334560, 13.656065)",6,0.424,7,aggregate; fieldwork shortlist; 10 km; 20 km; 30 km; 40 km; 50 km,1,10,5.43,0.4375,1,1,0,20,5,0.4395,1,0,0,5,81,0,0,15,2,1,10501,4,0.12,1.0,0.0,0.2398,0.8
Bjärsjon,Bjärsjon,sweden_lake:bjarsjon:58.33456:13.656065,bjarsjon,58.33456,13.656065,"https://www.google.com/maps/search/?api=1&query=58.334560,13.656065",neotoma-pollen:3018,neotoma-pollen,Bjärsjon,https://apps.neotomadb.org/explorer/#/record/site/3018,shared_source_coordinate,1,0.0,,,,,,,,,0.0,,neotoma-pollen:3018,"Bjärsjon (neotoma-pollen; 58.334560, 13.656065)",6,0.424,7,aggregate; fieldwork shortlist; 10 km; 20 km; 30 km; 40 km; 50 km,1,10,5.43,0.4375,1,1,0,30,6,0.4555,3,0,0,11,158,0,0,34,6,6,14316,4,0.3,1.0,0.0,0.2319,0.8
Bjärsjon,Bjärsjon,sweden_lake:bjarsjon:58.33456:13.656065,bjarsjon,58.33456,13.656065,"https://www.google.com/maps/search/?api=1&query=58.334560,13.656065",neotoma-pollen:3018,neotoma-pollen,Bjärsjon,https://apps.neotomadb.org/explorer/#/record/site/3018,shared_source_coordinate,1,0.0,,,,,,,,,0.0,,neotoma-pollen:3018,"Bjärsjon (neotoma-pollen; 58.334560, 13.656065)",6,0.424,7,aggregate; fieldwork shortlist; 10 km; 20 km; 30 km; 40 km; 50 km,1,10,5.43,0.4375,1,1,0,40,5,0.449,4,0,0,11,158,0,0,44,6,6,30224,4,0.3,0.9308,0.0,0.2615,0.8
Bjärsjon,Bjärsjon,sweden_lake:bjarsjon:58.33456:13.656065,bjarsjon,58.33456,13.656065,"https://www.google.com/maps/search/?api=1&query=58.334560,13.656065",neotoma-pollen:3018,neotoma-pollen,Bjärsjon,https://apps.neotomadb.org/explorer/#/record/site/3018,shared_source_coordinate,1,0.0,,,,,,,,,0.0,,neotoma-pollen:3018,"Bjärsjon (neotoma-pollen; 58.334560, 13.656065)",6,0.424,7,aggregate; fieldwork shortlist; 10 km; 20 km; 30 km; 40 km; 50 km,1,10,5.43,0.4375,1,1,0,50,10,0.4501,4,0,0,11,158,0,0,60,7,7,38291,4,0.2666,0.9308,0.0,0.2793,0.8
Sigvalde Träsk,Sigvalde Träsk,sweden_lake:sigvaldetrask:57.34248:18.52596,sigvaldetrask,57.34248,18.52596,"https://www.google.com/maps/search/?api=1&query=57.342480,18.525960",neotoma-pollen:3411,neotoma-pollen,Sigvalde Träsk,https://apps.neotomadb.org/explorer/#/record/site/3411,shared_source_coordinate,1,0.0,,,,,,,,,0.0,,neotoma-pollen:3411,"Sigvalde Träsk (neotoma-pollen; 57.342480, 18.525960)",7,0.3396,7,aggregate; fieldwork shortlist; 10 km; 20 km; 30 km; 40 km; 50 km,2,16,8.71,0.4375,1,1,0,10,16,0.2802,0,0,0,1,1,0,0,6,5,1,13558,3,0.0,0.2422,0.0,0.337,0.6
Sigvalde Träsk,Sigvalde Träsk,sweden_lake:sigvaldetrask:57.34248:18.52596,sigvaldetrask,57.34248,18.52596,"https://www.google.com/maps/search/?api=1&query=57.342480,18.525960",neotoma-pollen:3411,neotoma-pollen,Sigvalde Träsk,https://apps.neotomadb.org/explorer/#/record/site/3411,shared_source_coordinate,1,0.0,,,,,,,,,0.0,,neotoma-pollen:3411,"Sigvalde Träsk (neotoma-pollen; 57.342480, 18.525960)",7,0.3396,7,aggregate; fieldwork shortlist; 10 km; 20 km; 30 km; 40 km; 50 km,2,16,8.71,0.4375,1,1,0,20,9,0.344,0,0,0,4,6,0,0,23,19,5,13558,3,0.0,0.4008,0.0,0.4655,0.6
Sigvalde Träsk,Sigvalde Träsk,sweden_lake:sigvaldetrask:57.34248:18.52596,sigvaldetrask,57.34248,18.52596,"https://www.google.com/maps/search/?api=1&query=57.342480,18.525960",neotoma-pollen:3411,neotoma-pollen,Sigvalde Träsk,https://apps.neotomadb.org/explorer/#/record/site/3411,shared_source_coordinate,1,0.0,,,,,,,,,0.0,,neotoma-pollen:3411,"Sigvalde Träsk (neotoma-pollen; 57.342480, 18.525960)",7,0.3396,7,aggregate; fieldwork shortlist; 10 km; 20 km; 30 km; 40 km; 50 km,2,16,8.71,0.4375,1,1,0,30,7,0.367,0,0,0,9,66,0,0,51,40,14,13558,3,0.0,0.5979,0.0,0.3996,0.6
Sigvalde Träsk,Sigvalde Träsk,sweden_lake:sigvaldetrask:57.34248:18.52596,sigvaldetrask,57.34248,18.52596,"https://www.google.com/maps/search/?api=1&query=57.342480,18.525960",neotoma-pollen:3411,neotoma-pollen,Sigvalde Träsk,https://apps.neotomadb.org/explorer/#/record/site/3411,shared_source_coordinate,1,0.0,,,,,,,,,0.0,,neotoma-pollen:3411,"Sigvalde Träsk (neotoma-pollen; 57.342480, 18.525960)",7,0.3396,7,aggregate; fieldwork shortlist; 10 km; 20 km; 30 km; 40 km; 50 km,2,16,8.71,0.4375,1,1,0,40,8,0.3866,0,0,0,11,91,0,0,76,61,19,13558,3,0.0,0.6975,0.0,0.3986,0.6
Sigvalde Träsk,Sigvalde Träsk,sweden_lake:sigvaldetrask:57.34248:18.52596,sigvaldetrask,57.34248,18.52596,"https://www.google.com/maps/search/?api=1&query=57.342480,18.525960",neotoma-pollen:3411,neotoma-pollen,Sigvalde Träsk,https://apps.neotomadb.org/explorer/#/record/site/3411,shared_source_coordinate,1,0.0,,,,,,,,,0.0,,neotoma-pollen:3411,"Sigvalde Träsk (neotoma-pollen; 57.342480, 18.525960)",7,0.3396,7,aggregate; fieldwork shortlist; 10 km; 20 km; 30 km; 40 km; 50 km,2,16,8.71,0.4375,1,1,0,50,12,0.3816,0,0,0,12,92,0,0,84,63,19,13558,3,0.0,0.7357,0.0,0.3479,0.6
Åsbotorpsjön,Åsbotorpsjön,sweden_lake:asbotorpsjon:58.40981:13.81996,asbotorpsjon,58.40981,13.81996,"https://www.google.com/maps/search/?api=1&query=58.409810,13.819960",neotoma-pollen:2986,neotoma-pollen,Åsbotorpsjön,https://apps.neotomadb.org/explorer/#/record/site/2986,shared_source_coordinate,1,0.0,,,,,,,,,0.0,,neotoma-pollen:2986,"Åsbotorpsjön (neotoma-pollen; 58.409810, 13.819960)",8,0.3387,6,aggregate; fieldwork shortlist; 20 km; 30 km; 40 km; 50 km,2,59,14.57,0.6375,1,1,1,10,59,0.2047,0,0,0,0,0,0,0,3,0,0,10501,2,0.0,0.0,0.0,0.1489,0.4
Åsbotorpsjön,Åsbotorpsjön,sweden_lake:asbotorpsjon:58.40981:13.81996,asbotorpsjon,58.40981,13.81996,"https://www.google.com/maps/search/?api=1&query=58.409810,13.819960",neotoma-pollen:2986,neotoma-pollen,Åsbotorpsjön,https://apps.neotomadb.org/explorer/#/record/site/2986,shared_source_coordinate,1,0.0,,,,,,,,,0.0,,neotoma-pollen:2986,"Åsbotorpsjön (neotoma-pollen; 58.409810, 13.819960)",8,0.3387,6,aggregate; fieldwork shortlist; 20 km; 30 km; 40 km; 50 km,2,59,14.57,0.6375,1,1,1,20,8,0.3454,2,0,0,2,32,0,0,4,0,0,14316,4,0.24,0.3973,0.0,0.1377,0.8
Åsbotorpsjön,Åsbotorpsjön,sweden_lake:asbotorpsjon:58.40981:13.81996,asbotorpsjon,58.40981,13.81996,"https://www.google.com/maps/search/?api=1&query=58.409810,13.819960",neotoma-pollen:2986,neotoma-pollen,Åsbotorpsjön,https://apps.neotomadb.org/explorer/#/record/site/2986,shared_source_coordinate,1,0.0,,,,,,,,,0.0,,neotoma-pollen:2986,"Åsbotorpsjön (neotoma-pollen; 58.409810, 13.819960)",8,0.3387,6,aggregate; fieldwork shortlist; 20 km; 30 km; 40 km; 50 km,2,59,14.57,0.6375,1,1,1,30,9,0.3564,4,0,0,3,58,0,0,26,2,1,14316,4,0.4,0.3246,0.0,0.176,0.8
Åsbotorpsjön,Åsbotorpsjön,sweden_lake:asbotorpsjon:58.40981:13.81996,asbotorpsjon,58.40981,13.81996,"https://www.google.com/maps/search/?api=1&query=58.409810,13.819960",neotoma-pollen:2986,neotoma-pollen,Åsbotorpsjön,https://apps.neotomadb.org/explorer/#/record/site/2986,shared_source_coordinate,1,0.0,,,,,,,,,0.0,,neotoma-pollen:2986,"Åsbotorpsjön (neotoma-pollen; 58.409810, 13.819960)",8,0.3387,6,aggregate; fieldwork shortlist; 20 km; 30 km; 40 km; 50 km,2,59,14.57,0.6375,1,1,1,40,2,0.4724,4,0,0,11,158,0,0,45,6,6,14316,4,0.3,0.9308,0.0,0.1951,0.8
Åsbotorpsjön,Åsbotorpsjön,sweden_lake:asbotorpsjon:58.40981:13.81996,asbotorpsjon,58.40981,13.81996,"https://www.google.com/maps/search/?api=1&query=58.409810,13.819960",neotoma-pollen:2986,neotoma-pollen,Åsbotorpsjön,https://apps.neotomadb.org/explorer/#/record/site/2986,shared_source_coordinate,1,0.0,,,,,,,,,0.0,,neotoma-pollen:2986,"Åsbotorpsjön (neotoma-pollen; 58.409810, 13.819960)",8,0.3387,6,aggregate; fieldwork shortlist; 20 km; 30 km; 40 km; 50 km,2,59,14.57,0.6375,1,1,1,50,7,0.4876,4,0,0,11,158,0,0,55,7,7,38291,4,0.2666,0.9308,0.0,0.2693,0.8
Avegöl,Avegöl,sweden_lake:avegol:57.683333:14.5,avegol,57.683333,14.5,"https://www.google.com/maps/search/?api=1&query=57.683333,14.500000",landclim-sites:897303:Avegöl:57.683333:14.500000,landclim-sites,Avegöl,https://doi.org/10.1594/PANGAEA.897303,source_coordinate_medoid,1,0.7007,,,,,,,,,0.0,,landclim-sites:897303:Avegöl:57.683333:14.500000; landclim-sites:900966:GC21:Avegöl; landclim-sites:937075:AVEG; neotoma-pollen:28887,"Avegöl (landclim-sites; 57.683333, 14.500000); Avegöl (landclim-sites; 57.683333, 14.500000); Avegöl (landclim-sites; 57.683333, 14.500000); Avegöl (neotoma-pollen; 57.688890, 14.494440)",9,0.3261,6,aggregate; 10 km; 20 km; 30 km; 40 km; 50 km,8,17,11.67,1.0,2,4,4,10,9,0.3001,1,0,0,0,0,0,0,1,1,0,8067,3,0.15,0.0,0.0,0.1003,0.6
Avegöl,Avegöl,sweden_lake:avegol:57.683333:14.5,avegol,57.683333,14.5,"https://www.google.com/maps/search/?api=1&query=57.683333,14.500000",landclim-sites:897303:Avegöl:57.683333:14.500000,landclim-sites,Avegöl,https://doi.org/10.1594/PANGAEA.897303,source_coordinate_medoid,1,0.7007,,,,,,,,,0.0,,landclim-sites:897303:Avegöl:57.683333:14.500000; landclim-sites:900966:GC21:Avegöl; landclim-sites:937075:AVEG; neotoma-pollen:28887,"Avegöl (landclim-sites; 57.683333, 14.500000); Avegöl (landclim-sites; 57.683333, 14.500000); Avegöl (landclim-sites; 57.683333, 14.500000); Avegöl (neotoma-pollen; 57.688890, 14.494440)",9,0.3261,6,aggregate; 10 km; 20 km; 30 km; 40 km; 50 km,8,17,11.67,1.0,2,4,4,20,17,0.3051,1,0,0,0,0,0,0,5,5,0,8067,3,0.12,0.0,0.0,0.1323,0.6
Avegöl,Avegöl,sweden_lake:avegol:57.683333:14.5,avegol,57.683333,14.5,"https://www.google.com/maps/search/?api=1&query=57.683333,14.500000",landclim-sites:897303:Avegöl:57.683333:14.500000,landclim-sites,Avegöl,https://doi.org/10.1594/PANGAEA.897303,source_coordinate_medoid,1,0.7007,,,,,,,,,0.0,,landclim-sites:897303:Avegöl:57.683333:14.500000; landclim-sites:900966:GC21:Avegöl; landclim-sites:937075:AVEG; neotoma-pollen:28887,"Avegöl (landclim-sites; 57.683333, 14.500000); Avegöl (landclim-sites; 57.683333, 14.500000); Avegöl (landclim-sites; 57.683333, 14.500000); Avegöl (neotoma-pollen; 57.688890, 14.494440)",9,0.3261,6,aggregate; 10 km; 20 km; 30 km; 40 km; 50 km,8,17,11.67,1.0,2,4,4,30,8,0.3623,2,0,0,0,0,0,0,40,32,0,20658,3,0.2,0.0,0.0,0.3293,0.6
Avegöl,Avegöl,sweden_lake:avegol:57.683333:14.5,avegol,57.683333,14.5,"https://www.google.com/maps/search/?api=1&query=57.683333,14.500000",landclim-sites:897303:Avegöl:57.683333:14.500000,landclim-sites,Avegöl,https://doi.org/10.1594/PANGAEA.897303,source_coordinate_medoid,1,0.7007,,,,,,,,,0.0,,landclim-sites:897303:Avegöl:57.683333:14.500000; landclim-sites:900966:GC21:Avegöl; landclim-sites:937075:AVEG; neotoma-pollen:28887,"Avegöl (landclim-sites; 57.683333, 14.500000); Avegöl (landclim-sites; 57.683333, 14.500000); Avegöl (landclim-sites; 57.683333, 14.500000); Avegöl (neotoma-pollen; 57.688890, 14.494440)",9,0.3261,6,aggregate; 10 km; 20 km; 30 km; 40 km; 50 km,8,17,11.67,1.0,2,4,4,40,12,0.3431,2,0,0,0,0,0,0,44,34,0,24473,3,0.15,0.0,0.0,0.2724,0.6
Avegöl,Avegöl,sweden_lake:avegol:57.683333:14.5,avegol,57.683333,14.5,"https://www.google.com/maps/search/?api=1&query=57.683333,14.500000",landclim-sites:897303:Avegöl:57.683333:14.500000,landclim-sites,Avegöl,https://doi.org/10.1594/PANGAEA.897303,source_coordinate_medoid,1,0.7007,,,,,,,,,0.0,,landclim-sites:897303:Avegöl:57.683333:14.500000; landclim-sites:900966:GC21:Avegöl; landclim-sites:937075:AVEG; neotoma-pollen:28887,"Avegöl (landclim-sites; 57.683333, 14.500000); Avegöl (landclim-sites; 57.683333, 14.500000); Avegöl (landclim-sites; 57.683333, 14.500000); Avegöl (neotoma-pollen; 57.688890, 14.494440)",9,0.3261,6,aggregate; 10 km; 20 km; 30 km; 40 km; 50 km,8,17,11.67,1.0,2,4,4,50,15,0.3586,2,0,0,0,0,0,0,60,43,0,44837,3,0.1333,0.0,0.0,0.3411,0.6
Flarken,"Flarken (58.556790, 13.673190)",sweden_lake:flarken:58.55679:13.67319,flarken,58.55679,13.67319,"https://www.google.com/maps/search/?api=1&query=58.556790,13.673190",neotoma-pollen:3107,neotoma-pollen,Flarken,https://apps.neotomadb.org/explorer/#/record/site/3107,shared_source_coordinate,2,0.0,duplicate_sweden_name,2 Sweden candidates share this cleaned lake name.,,,,,,,0.0,,neotoma-pollen:3107,"Flarken (neotoma-pollen; 58.556790, 13.673190)",10,0.3216,5,aggregate; fieldwork shortlist; 20 km; 30 km; 50 km,7,50,17.14,0.6375,1,1,1,10,50,0.2292,1,0,0,0,0,0,0,1,0,0,10501,3,0.15,0.0,0.0,0.1068,0.6
Flarken,"Flarken (58.556790, 13.673190)",sweden_lake:flarken:58.55679:13.67319,flarken,58.55679,13.67319,"https://www.google.com/maps/search/?api=1&query=58.556790,13.673190",neotoma-pollen:3107,neotoma-pollen,Flarken,https://apps.neotomadb.org/explorer/#/record/site/3107,shared_source_coordinate,2,0.0,duplicate_sweden_name,2 Sweden candidates share this cleaned lake name.,,,,,,,0.0,,neotoma-pollen:3107,"Flarken (neotoma-pollen; 58.556790, 13.673190)",10,0.3216,5,aggregate; fieldwork shortlist; 20 km; 30 km; 50 km,7,50,17.14,0.6375,1,1,1,20,7,0.3802,2,0,0,2,32,0,0,18,1,0,14316,4,0.24,0.3973,0.0,0.2768,0.8
Flarken,"Flarken (58.556790, 13.673190)",sweden_lake:flarken:58.55679:13.67319,flarken,58.55679,13.67319,"https://www.google.com/maps/search/?api=1&query=58.556790,13.673190",neotoma-pollen:3107,neotoma-pollen,Flarken,https://apps.neotomadb.org/explorer/#/record/site/3107,shared_source_coordinate,2,0.0,duplicate_sweden_name,2 Sweden candidates share this cleaned lake name.,,,,,,,0.0,,neotoma-pollen:3107,"Flarken (neotoma-pollen; 58.556790, 13.673190)",10,0.3216,5,aggregate; fieldwork shortlist; 20 km; 30 km; 50 km,7,50,17.14,0.6375,1,1,1,30,15,0.3167,3,0,0,2,32,0,0,23,2,0,14316,4,0.3,0.1932,0.0,0.1623,0.8
Flarken,"Flarken (58.556790, 13.673190)",sweden_lake:flarken:58.55679:13.67319,flarken,58.55679,13.67319,"https://www.google.com/maps/search/?api=1&query=58.556790,13.673190",neotoma-pollen:3107,neotoma-pollen,Flarken,https://apps.neotomadb.org/explorer/#/record/site/3107,shared_source_coordinate,2,0.0,duplicate_sweden_name,2 Sweden candidates share this cleaned lake name.,,,,,,,0.0,,neotoma-pollen:3107,"Flarken (neotoma-pollen; 58.556790, 13.673190)",10,0.3216,5,aggregate; fieldwork shortlist; 20 km; 30 km; 50 km,7,50,17.14,0.6375,1,1,1,40,21,0.3129,3,0,0,2,32,0,0,37,3,0,21637,4,0.225,0.1806,0.0,0.1871,0.8
Flarken,"Flarken (58.556790, 13.673190)",sweden_lake:flarken:58.55679:13.67319,flarken,58.55679,13.67319,"https://www.google.com/maps/search/?api=1&query=58.556790,13.673190",neotoma-pollen:3107,neotoma-pollen,Flarken,https://apps.neotomadb.org/explorer/#/record/site/3107,shared_source_coordinate,2,0.0,duplicate_sweden_name,2 Sweden candidates share this cleaned lake name.,,,,,,,0.0,,neotoma-pollen:3107,"Flarken (neotoma-pollen; 58.556790, 13.673190)",10,0.3216,5,aggregate; fieldwork shortlist; 20 km; 30 km; 50 km,7,50,17.14,0.6375,1,1,1,50,9,0.4752,4,0,0,11,158,0,0,55,6,6,25127,4,0.2666,0.9308,0.0,0.2194,0.8
Flinkasjön,Flinkasjön,sweden_lake:flinkasjon:56.25:13.25,flinkasjon,56.25,13.25,"https://www.google.com/maps/search/?api=1&query=56.250000,13.250000",landclim-sites:897303:Flinkasjön:56.250000:13.250000,landclim-sites,Flinkasjön,https://doi.org/10.1594/PANGAEA.897303,source_coordinate_medoid,1,0.643,,,,,,,,,0.0,,landclim-sites:897303:Flinkasjön:56.250000:13.250000; landclim-sites:937075:FLINK; neotoma-pollen:28889,"Flinkasjön (landclim-sites; 56.250000, 13.250000); Flinkasjön (landclim-sites; 56.250000, 13.250000); Flinkasjön (neotoma-pollen; 56.254440, 13.243330)",11,0.3185,6,aggregate; 10 km; 20 km; 30 km; 40 km; 50 km,10,17,12.67,0.9375,2,3,3,10,11,0.2945,1,0,0,0,0,0,0,2,1,0,8912,3,0.15,0.0,0.0,0.1282,0.6
Flinkasjön,Flinkasjön,sweden_lake:flinkasjon:56.25:13.25,flinkasjon,56.25,13.25,"https://www.google.com/maps/search/?api=1&query=56.250000,13.250000",landclim-sites:897303:Flinkasjön:56.250000:13.250000,landclim-sites,Flinkasjön,https://doi.org/10.1594/PANGAEA.897303,source_coordinate_medoid,1,0.643,,,,,,,,,0.0,,landclim-sites:897303:Flinkasjön:56.250000:13.250000; landclim-sites:937075:FLINK; neotoma-pollen:28889,"Flinkasjön (landclim-sites; 56.250000, 13.250000); Flinkasjön (landclim-sites; 56.250000, 13.250000); Flinkasjön (neotoma-pollen; 56.254440, 13.243330)",11,0.3185,6,aggregate; 10 km; 20 km; 30 km; 40 km; 50 km,10,17,12.67,0.9375,2,3,3,20,10,0.319,2,0,0,0,0,0,0,7,3,0,15245,3,0.24,0.0,0.0,0.1899,0.6
Flinkasjön,Flinkasjön,sweden_lake:flinkasjon:56.25:13.25,flinkasjon,56.25,13.25,"https://www.google.com/maps/search/?api=1&query=56.250000,13.250000",landclim-sites:897303:Flinkasjön:56.250000:13.250000,landclim-sites,Flinkasjön,https://doi.org/10.1594/PANGAEA.897303,source_coordinate_medoid,1,0.643,,,,,,,,,0.0,,landclim-sites:897303:Flinkasjön:56.250000:13.250000; landclim-sites:937075:FLINK; neotoma-pollen:28889,"Flinkasjön (landclim-sites; 56.250000, 13.250000); Flinkasjön (landclim-sites; 56.250000, 13.250000); Flinkasjön (neotoma-pollen; 56.254440, 13.243330)",11,0.3185,6,aggregate; 10 km; 20 km; 30 km; 40 km; 50 km,10,17,12.67,0.9375,2,3,3,30,13,0.324,3,0,0,0,0,0,0,14,6,0,21899,3,0.3,0.0,0.0,0.1861,0.6
Flinkasjön,Flinkasjön,sweden_lake:flinkasjon:56.25:13.25,flinkasjon,56.25,13.25,"https://www.google.com/maps/search/?api=1&query=56.250000,13.250000",landclim-sites:897303:Flinkasjön:56.250000:13.250000,landclim-sites,Flinkasjön,https://doi.org/10.1594/PANGAEA.897303,source_coordinate_medoid,1,0.643,,,,,,,,,0.0,,landclim-sites:897303:Flinkasjön:56.250000:13.250000; landclim-sites:937075:FLINK; neotoma-pollen:28889,"Flinkasjön (landclim-sites; 56.250000, 13.250000); Flinkasjön (landclim-sites; 56.250000, 13.250000); Flinkasjön (neotoma-pollen; 56.254440, 13.243330)",11,0.3185,6,aggregate; 10 km; 20 km; 30 km; 40 km; 50 km,10,17,12.67,0.9375,2,3,3,40,17,0.3285,3,0,0,0,0,0,0,41,20,0,23125,3,0.225,0.0,0.0,0.2339,0.6
Flinkasjön,Flinkasjön,sweden_lake:flinkasjon:56.25:13.25,flinkasjon,56.25,13.25,"https://www.google.com/maps/search/?api=1&query=56.250000,13.250000",landclim-sites:897303:Flinkasjön:56.250000:13.250000,landclim-sites,Flinkasjön,https://doi.org/10.1594/PANGAEA.897303,source_coordinate_medoid,1,0.643,,,,,,,,,0.0,,landclim-sites:897303:Flinkasjön:56.250000:13.250000; landclim-sites:937075:FLINK; neotoma-pollen:28889,"Flinkasjön (landclim-sites; 56.250000, 13.250000); Flinkasjön (landclim-sites; 56.250000, 13.250000); Flinkasjön (neotoma-pollen; 56.254440, 13.243330)",11,0.3185,6,aggregate; 10 km; 20 km; 30 km; 40 km; 50 km,10,17,12.67,0.9375,2,3,3,50,14,0.3636,4,0,0,0,0,0,0,84,48,0,33942,3,0.2666,0.0,0.0,0.3579,0.6
Värsjö Utmark,Värsjö Utmark,sweden_lake:varsjoutmark:56.316667:13.433333,varsjoutmark,56.316667,13.433333,"https://www.google.com/maps/search/?api=1&query=56.316667,13.433333",landclim-sites:937075:VUTM,landclim-sites,Värsjö Utmark,https://doi.org/10.1594/PANGAEA.937075,source_coordinate_medoid,1,0.0004,,,,,,,,,0.0,,landclim-sites:897303:Värsjö Utmark:56.316667:13.433333; landclim-sites:937075:VUTM; neotoma-pollen:28888,"Värsjö Utmark (landclim-sites; 56.316667, 13.433333); Värsjö Utmark (landclim-sites; 56.316667, 13.433333); Värsjö Utmark (neotoma-pollen; 56.316670, 13.433330)",12,0.3157,6,aggregate; 10 km; 20 km; 30 km; 40 km; 50 km,7,19,13.5,0.9375,2,3,3,10,7,0.3032,1,0,0,0,0,0,0,3,2,0,8912,3,0.15,0.0,0.0,0.1626,0.6
Värsjö Utmark,Värsjö Utmark,sweden_lake:varsjoutmark:56.316667:13.433333,varsjoutmark,56.316667,13.433333,"https://www.google.com/maps/search/?api=1&query=56.316667,13.433333",landclim-sites:937075:VUTM,landclim-sites,Värsjö Utmark,https://doi.org/10.1594/PANGAEA.937075,source_coordinate_medoid,1,0.0004,,,,,,,,,0.0,,landclim-sites:897303:Värsjö Utmark:56.316667:13.433333; landclim-sites:937075:VUTM; neotoma-pollen:28888,"Värsjö Utmark (landclim-sites; 56.316667, 13.433333); Värsjö Utmark (landclim-sites; 56.316667, 13.433333); Värsjö Utmark (neotoma-pollen; 56.316670, 13.433330)",12,0.3157,6,aggregate; 10 km; 20 km; 30 km; 40 km; 50 km,7,19,13.5,0.9375,2,3,3,20,14,0.3094,2,0,0,0,0,0,0,7,4,0,8912,3,0.24,0.0,0.0,0.1516,0.6
Värsjö Utmark,Värsjö Utmark,sweden_lake:varsjoutmark:56.316667:13.433333,varsjoutmark,56.316667,13.433333,"https://www.google.com/maps/search/?api=1&query=56.316667,13.433333",landclim-sites:937075:VUTM,landclim-sites,Värsjö Utmark,https://doi.org/10.1594/PANGAEA.937075,source_coordinate_medoid,1,0.0004,,,,,,,,,0.0,,landclim-sites:897303:Värsjö Utmark:56.316667:13.433333; landclim-sites:937075:VUTM; neotoma-pollen:28888,"Värsjö Utmark (landclim-sites; 56.316667, 13.433333); Värsjö Utmark (landclim-sites; 56.316667, 13.433333); Värsjö Utmark (neotoma-pollen; 56.316670, 13.433330)",12,0.3157,6,aggregate; 10 km; 20 km; 30 km; 40 km; 50 km,7,19,13.5,0.9375,2,3,3,30,16,0.3076,2,0,0,0,0,0,0,17,7,0,15245,3,0.2,0.0,0.0,0.1604,0.6
Värsjö Utmark,Värsjö Utmark,sweden_lake:varsjoutmark:56.316667:13.433333,varsjoutmark,56.316667,13.433333,"https://www.google.com/maps/search/?api=1&query=56.316667,13.433333",landclim-sites:937075:VUTM,landclim-sites,Värsjö Utmark,https://doi.org/10.1594/PANGAEA.937075,source_coordinate_medoid,1,0.0004,,,,,,,,,0.0,,landclim-sites:897303:Värsjö Utmark:56.316667:13.433333; landclim-sites:937075:VUTM; neotoma-pollen:28888,"Värsjö Utmark (landclim-sites; 56.316667, 13.433333); Värsjö Utmark (landclim-sites; 56.316667, 13.433333); Värsjö Utmark (neotoma-pollen; 56.316670, 13.433330)",12,0.3157,6,aggregate; 10 km; 20 km; 30 km; 40 km; 50 km,7,19,13.5,0.9375,2,3,3,40,13,0.342,4,0,0,0,0,0,0,36,17,0,32716,3,0.3,0.0,0.0,0.2581,0.6
Värsjö Utmark,Värsjö Utmark,sweden_lake:varsjoutmark:56.316667:13.433333,varsjoutmark,56.316667,13.433333,"https://www.google.com/maps/search/?api=1&query=56.316667,13.433333",landclim-sites:937075:VUTM,landclim-sites,Värsjö Utmark,https://doi.org/10.1594/PANGAEA.937075,source_coordinate_medoid,1,0.0004,,,,,,,,,0.0,,landclim-sites:897303:Värsjö Utmark:56.316667:13.433333; landclim-sites:937075:VUTM; neotoma-pollen:28888,"Värsjö Utmark (landclim-sites; 56.316667, 13.433333); Värsjö Utmark (landclim-sites; 56.316667, 13.433333); Värsjö Utmark (neotoma-pollen; 56.316670, 13.433330)",12,0.3157,6,aggregate; 10 km; 20 km; 30 km; 40 km; 50 km,7,19,13.5,0.9375,2,3,3,50,19,0.3454,4,0,0,0,0,0,0,58,26,0,37147,3,0.2666,0.0,0.0,0.2849,0.6
Trummen,Trummen,sweden_lake:trummen:56.866667:14.833333,trummen,56.866667,14.833333,"https://www.google.com/maps/search/?api=1&query=56.866667,14.833333",landclim-sites:897303:Lake Trummen:56.866667:14.833333,landclim-sites,Trummen,https://doi.org/10.1594/PANGAEA.897303,source_coordinate_medoid,1,0.469,,,,,,,,,0.0,,landclim-sites:897303:Lake Trummen:56.866667:14.833333; landclim-sites:900966:GC20:Lake Trummen; landclim-sites:937075:TRU; neotoma-pollen:3477,"Trummen (landclim-sites; 56.866667, 14.833333); Trummen (landclim-sites; 56.866667, 14.833333); Trummen (landclim-sites; 56.866667, 14.833333); Trummen (neotoma-pollen; 56.863000, 14.829520)",13,0.3129,5,aggregate; 20 km; 30 km; 40 km; 50 km,10,25,15.17,0.95,2,4,3,10,25,0.266,0,0,0,0,0,0,0,2,1,0,10817,2,0.0,0.0,0.0,0.1438,0.4
Trummen,Trummen,sweden_lake:trummen:56.866667:14.833333,trummen,56.866667,14.833333,"https://www.google.com/maps/search/?api=1&query=56.866667,14.833333",landclim-sites:897303:Lake Trummen:56.866667:14.833333,landclim-sites,Trummen,https://doi.org/10.1594/PANGAEA.897303,source_coordinate_medoid,1,0.469,,,,,,,,,0.0,,landclim-sites:897303:Lake Trummen:56.866667:14.833333; landclim-sites:900966:GC20:Lake Trummen; landclim-sites:937075:TRU; neotoma-pollen:3477,"Trummen (landclim-sites; 56.866667, 14.833333); Trummen (landclim-sites; 56.866667, 14.833333); Trummen (landclim-sites; 56.866667, 14.833333); Trummen (neotoma-pollen; 56.863000, 14.829520)",13,0.3129,5,aggregate; 20 km; 30 km; 40 km; 50 km,10,25,15.17,0.95,2,4,3,20,15,0.3076,0,0,0,0,0,0,0,8,6,0,28737,2,0.0,0.0,0.0,0.3105,0.4
Trummen,Trummen,sweden_lake:trummen:56.866667:14.833333,trummen,56.866667,14.833333,"https://www.google.com/maps/search/?api=1&query=56.866667,14.833333",landclim-sites:897303:Lake Trummen:56.866667:14.833333,landclim-sites,Trummen,https://doi.org/10.1594/PANGAEA.897303,source_coordinate_medoid,1,0.469,,,,,,,,,0.0,,landclim-sites:897303:Lake Trummen:56.866667:14.833333; landclim-sites:900966:GC20:Lake Trummen; landclim-sites:937075:TRU; neotoma-pollen:3477,"Trummen (landclim-sites; 56.866667, 14.833333); Trummen (landclim-sites; 56.866667, 14.833333); Trummen (landclim-sites; 56.866667, 14.833333); Trummen (neotoma-pollen; 56.863000, 14.829520)",13,0.3129,5,aggregate; 20 km; 30 km; 40 km; 50 km,10,25,15.17,0.95,2,4,3,30,10,0.3423,3,0,0,0,0,0,0,19,9,0,28737,3,0.3,0.0,0.0,0.2491,0.6
Trummen,Trummen,sweden_lake:trummen:56.866667:14.833333,trummen,56.866667,14.833333,"https://www.google.com/maps/search/?api=1&query=56.866667,14.833333",landclim-sites:897303:Lake Trummen:56.866667:14.833333,landclim-sites,Trummen,https://doi.org/10.1594/PANGAEA.897303,source_coordinate_medoid,1,0.469,,,,,,,,,0.0,,landclim-sites:897303:Lake Trummen:56.866667:14.833333; landclim-sites:900966:GC20:Lake Trummen; landclim-sites:937075:TRU; neotoma-pollen:3477,"Trummen (landclim-sites; 56.866667, 14.833333); Trummen (landclim-sites; 56.866667, 14.833333); Trummen (landclim-sites; 56.866667, 14.833333); Trummen (neotoma-pollen; 56.863000, 14.829520)",13,0.3129,5,aggregate; 20 km; 30 km; 40 km; 50 km,10,25,15.17,0.95,2,4,3,40,10,0.3502,7,0,0,0,0,0,0,21,9,0,28737,3,0.525,0.0,0.0,0.1906,0.6
Trummen,Trummen,sweden_lake:trummen:56.866667:14.833333,trummen,56.866667,14.833333,"https://www.google.com/maps/search/?api=1&query=56.866667,14.833333",landclim-sites:897303:Lake Trummen:56.866667:14.833333,landclim-sites,Trummen,https://doi.org/10.1594/PANGAEA.897303,source_coordinate_medoid,1,0.469,,,,,,,,,0.0,,landclim-sites:897303:Lake Trummen:56.866667:14.833333; landclim-sites:900966:GC20:Lake Trummen; landclim-sites:937075:TRU; neotoma-pollen:3477,"Trummen (landclim-sites; 56.866667, 14.833333); Trummen (landclim-sites; 56.866667, 14.833333); Trummen (landclim-sites; 56.866667, 14.833333); Trummen (neotoma-pollen; 56.863000, 14.829520)",13,0.3129,5,aggregate; 20 km; 30 km; 40 km; 50 km,10,25,15.17,0.95,2,4,3,50,18,0.3518,9,0,0,0,0,0,0,25,11,0,28737,3,0.6,0.0,0.0,0.1673,0.6
Kansjön,"Kansjön (57.633333, 14.533333)",sweden_lake:kansjon:57.633333:14.533333,kansjon,57.633333,14.533333,"https://www.google.com/maps/search/?api=1&query=57.633333,14.533333",landclim-sites:897303:Kansjon:57.633333:14.533333,landclim-sites,Kansjon,https://doi.org/10.1594/PANGAEA.897303,source_coordinate_medoid,1,0.8059,source_coordinate_spread; source_name_variants,Source coordinates span 0.81 km inside this candidate. Source records use more than one lake name form for this candidate.,,,,,,,0.0,,landclim-sites:897303:Kansjon:57.633333:14.533333; landclim-sites:900966:GC21:Kansjon; landclim-sites:937075:KAN; neotoma-pollen:1401,"Kansjon (landclim-sites; 57.633333, 14.533333); Kansjon (landclim-sites; 57.633333, 14.533333); Kansjon (landclim-sites; 57.633333, 14.533333); Kansjön (neotoma-pollen; 57.640550, 14.534580)",14,0.3109,6,aggregate; 10 km; 20 km; 30 km; 40 km; 50 km,11,20,15.83,0.95,2,4,3,10,14,0.2815,1,0,0,0,0,0,0,0,0,0,8067,3,0.15,0.0,0.0,0.0659,0.6
Kansjön,"Kansjön (57.633333, 14.533333)",sweden_lake:kansjon:57.633333:14.533333,kansjon,57.633333,14.533333,"https://www.google.com/maps/search/?api=1&query=57.633333,14.533333",landclim-sites:897303:Kansjon:57.633333:14.533333,landclim-sites,Kansjon,https://doi.org/10.1594/PANGAEA.897303,source_coordinate_medoid,1,0.8059,source_coordinate_spread; source_name_variants,Source coordinates span 0.81 km inside this candidate. Source records use more than one lake name form for this candidate.,,,,,,,0.0,,landclim-sites:897303:Kansjon:57.633333:14.533333; landclim-sites:900966:GC21:Kansjon; landclim-sites:937075:KAN; neotoma-pollen:1401,"Kansjon (landclim-sites; 57.633333, 14.533333); Kansjon (landclim-sites; 57.633333, 14.533333); Kansjon (landclim-sites; 57.633333, 14.533333); Kansjön (neotoma-pollen; 57.640550, 14.534580)",14,0.3109,6,aggregate; 10 km; 20 km; 30 km; 40 km; 50 km,11,20,15.83,0.95,2,4,3,20,20,0.2994,2,0,0,0,0,0,0,3,3,0,8067,3,0.24,0.0,0.0,0.1018,0.6
Kansjön,"Kansjön (57.633333, 14.533333)",sweden_lake:kansjon:57.633333:14.533333,kansjon,57.633333,14.533333,"https://www.google.com/maps/search/?api=1&query=57.633333,14.533333",landclim-sites:897303:Kansjon:57.633333:14.533333,landclim-sites,Kansjon,https://doi.org/10.1594/PANGAEA.897303,source_coordinate_medoid,1,0.8059,source_coordinate_spread; source_name_variants,Source coordinates span 0.81 km inside this candidate. Source records use more than one lake name form for this candidate.,,,,,,,0.0,,landclim-sites:897303:Kansjon:57.633333:14.533333; landclim-sites:900966:GC21:Kansjon; landclim-sites:937075:KAN; neotoma-pollen:1401,"Kansjon (landclim-sites; 57.633333, 14.533333); Kansjon (landclim-sites; 57.633333, 14.533333); Kansjon (landclim-sites; 57.633333, 14.533333); Kansjön (neotoma-pollen; 57.640550, 14.534580)",14,0.3109,6,aggregate; 10 km; 20 km; 30 km; 40 km; 50 km,11,20,15.83,0.95,2,4,3,30,11,0.3378,2,0,0,0,0,0,0,38,31,0,12071,3,0.2,0.0,0.0,0.2711,0.6
Kansjön,"Kansjön (57.633333, 14.533333)",sweden_lake:kansjon:57.633333:14.533333,kansjon,57.633333,14.533333,"https://www.google.com/maps/search/?api=1&query=57.633333,14.533333",landclim-sites:897303:Kansjon:57.633333:14.533333,landclim-sites,Kansjon,https://doi.org/10.1594/PANGAEA.897303,source_coordinate_medoid,1,0.8059,source_coordinate_spread; source_name_variants,Source coordinates span 0.81 km inside this candidate. Source records use more than one lake name form for this candidate.,,,,,,,0.0,,landclim-sites:897303:Kansjon:57.633333:14.533333; landclim-sites:900966:GC21:Kansjon; landclim-sites:937075:KAN; neotoma-pollen:1401,"Kansjon (landclim-sites; 57.633333, 14.533333); Kansjon (landclim-sites; 57.633333, 14.533333); Kansjon (landclim-sites; 57.633333, 14.533333); Kansjön (neotoma-pollen; 57.640550, 14.534580)",14,0.3109,6,aggregate; 10 km; 20 km; 30 km; 40 km; 50 km,11,20,15.83,0.95,2,4,3,40,16,0.3311,2,0,0,0,0,0,0,46,36,0,20658,3,0.15,0.0,0.0,0.2643,0.6
Kansjön,"Kansjön (57.633333, 14.533333)",sweden_lake:kansjon:57.633333:14.533333,kansjon,57.633333,14.533333,"https://www.google.com/maps/search/?api=1&query=57.633333,14.533333",landclim-sites:897303:Kansjon:57.633333:14.533333,landclim-sites,Kansjon,https://doi.org/10.1594/PANGAEA.897303,source_coordinate_medoid,1,0.8059,source_coordinate_spread; source_name_variants,Source coordinates span 0.81 km inside this candidate. Source records use more than one lake name form for this candidate.,,,,,,,0.0,,landclim-sites:897303:Kansjon:57.633333:14.533333; landclim-sites:900966:GC21:Kansjon; landclim-sites:937075:KAN; neotoma-pollen:1401,"Kansjon (landclim-sites; 57.633333, 14.533333); Kansjon (landclim-sites; 57.633333, 14.533333); Kansjon (landclim-sites; 57.633333, 14.533333); Kansjön (neotoma-pollen; 57.640550, 14.534580)",14,0.3109,6,aggregate; 10 km; 20 km; 30 km; 40 km; 50 km,11,20,15.83,0.95,2,4,3,50,20,0.3437,3,0,0,0,0,0,0,56,42,0,34336,3,0.2,0.0,0.0,0.2947,0.6
Holtjärnen,Holtjärnen,sweden_lake:holtjarnen:60.65:14.916667,holtjarnen,60.65,14.916667,"https://www.google.com/maps/search/?api=1&query=60.650000,14.916667",landclim-sites:897303:Holtjärnen:60.650000:14.916667,landclim-sites,Holtjärnen,https://doi.org/10.1594/PANGAEA.897303,source_coordinate_medoid,1,0.5766,,,,,,,,,0.0,,landclim-sites:897303:Holtjärnen:60.650000:14.916667; landclim-sites:900966:GC27:Holtjärnen; landclim-sites:937075:HOL; neotoma-pollen:14040,"Holtjärnen (landclim-sites; 60.650000, 14.916667); Holtjärnen (landclim-sites; 60.650000, 14.916667); Holtjärnen (landclim-sites; 60.650000, 14.916667); Holtjärnen (neotoma-pollen; 60.651890, 14.926520)",15,0.3072,4,aggregate; 10 km; 20 km; 40 km,8,21,16.33,1.0,2,4,4,10,8,0.3024,0,0,0,0,0,0,0,9,1,0,5719,2,0.0,0.0,0.0,0.2495,0.4
Holtjärnen,Holtjärnen,sweden_lake:holtjarnen:60.65:14.916667,holtjarnen,60.65,14.916667,"https://www.google.com/maps/search/?api=1&query=60.650000,14.916667",landclim-sites:897303:Holtjärnen:60.650000:14.916667,landclim-sites,Holtjärnen,https://doi.org/10.1594/PANGAEA.897303,source_coordinate_medoid,1,0.5766,,,,,,,,,0.0,,landclim-sites:897303:Holtjärnen:60.650000:14.916667; landclim-sites:900966:GC27:Holtjärnen; landclim-sites:937075:HOL; neotoma-pollen:14040,"Holtjärnen (landclim-sites; 60.650000, 14.916667); Holtjärnen (landclim-sites; 60.650000, 14.916667); Holtjärnen (landclim-sites; 60.650000, 14.916667); Holtjärnen (neotoma-pollen; 60.651890, 14.926520)",15,0.3072,4,aggregate; 10 km; 20 km; 40 km,8,21,16.33,1.0,2,4,4,20,13,0.3109,0,0,0,0,0,0,0,25,1,0,5719,2,0.0,0.0,0.0,0.2836,0.4
Holtjärnen,Holtjärnen,sweden_lake:holtjarnen:60.65:14.916667,holtjarnen,60.65,14.916667,"https://www.google.com/maps/search/?api=1&query=60.650000,14.916667",landclim-sites:897303:Holtjärnen:60.650000:14.916667,landclim-sites,Holtjärnen,https://doi.org/10.1594/PANGAEA.897303,source_coordinate_medoid,1,0.5766,,,,,,,,,0.0,,landclim-sites:897303:Holtjärnen:60.650000:14.916667; landclim-sites:900966:GC27:Holtjärnen; landclim-sites:937075:HOL; neotoma-pollen:14040,"Holtjärnen (landclim-sites; 60.650000, 14.916667); Holtjärnen (landclim-sites; 60.650000, 14.916667); Holtjärnen (landclim-sites; 60.650000, 14.916667); Holtjärnen (neotoma-pollen; 60.651890, 14.926520)",15,0.3072,4,aggregate; 10 km; 20 km; 40 km,8,21,16.33,1.0,2,4,4,30,21,0.2841,0,0,0,0,0,0,0,43,1,0,5719,2,0.0,0.0,0.0,0.1762,0.4
Holtjärnen,Holtjärnen,sweden_lake:holtjarnen:60.65:14.916667,holtjarnen,60.65,14.916667,"https://www.google.com/maps/search/?api=1&query=60.650000,14.916667",landclim-sites:897303:Holtjärnen:60.650000:14.916667,landclim-sites,Holtjärnen,https://doi.org/10.1594/PANGAEA.897303,source_coordinate_medoid,1,0.5766,,,,,,,,,0.0,,landclim-sites:897303:Holtjärnen:60.650000:14.916667; landclim-sites:900966:GC27:Holtjärnen; landclim-sites:937075:HOL; neotoma-pollen:14040,"Holtjärnen (landclim-sites; 60.650000, 14.916667); Holtjärnen (landclim-sites; 60.650000, 14.916667); Holtjärnen (landclim-sites; 60.650000, 14.916667); Holtjärnen (neotoma-pollen; 60.651890, 14.926520)",15,0.3072,4,aggregate; 10 km; 20 km; 40 km,8,21,16.33,1.0,2,4,4,40,20,0.3185,0,0,0,0,0,0,0,115,2,0,8528,2,0.0,0.0,0.0,0.3142,0.4
Holtjärnen,Holtjärnen,sweden_lake:holtjarnen:60.65:14.916667,holtjarnen,60.65,14.916667,"https://www.google.com/maps/search/?api=1&query=60.650000,14.916667",landclim-sites:897303:Holtjärnen:60.650000:14.916667,landclim-sites,Holtjärnen,https://doi.org/10.1594/PANGAEA.897303,source_coordinate_medoid,1,0.5766,,,,,,,,,0.0,,landclim-sites:897303:Holtjärnen:60.650000:14.916667; landclim-sites:900966:GC27:Holtjärnen; landclim-sites:937075:HOL; neotoma-pollen:14040,"Holtjärnen (landclim-sites; 60.650000, 14.916667); Holtjärnen (landclim-sites; 60.650000, 14.916667); Holtjärnen (landclim-sites; 60.650000, 14.916667); Holtjärnen (neotoma-pollen; 60.651890, 14.926520)",15,0.3072,4,aggregate; 10 km; 20 km; 40 km,8,21,16.33,1.0,2,4,4,50,21,0.3415,0,0,0,0,0,0,0,178,2,0,13996,2,0.0,0.0,0.0,0.4058,0.4
Flarken,"Flarken (58.583333, 13.666667)",sweden_lake:flarken:58.583333:13.666667,flarken,58.583333,13.666667,"https://www.google.com/maps/search/?api=1&query=58.583333,13.666667",landclim-sites:897303:Lake Flarken:58.583333:13.666667,landclim-sites,Flarken,https://doi.org/10.1594/PANGAEA.897303,shared_source_coordinate,2,0.0,duplicate_sweden_name,2 Sweden candidates share this cleaned lake name.,,,,,,,0.0,,landclim-sites:897303:Lake Flarken:58.583333:13.666667; landclim-sites:937075:FLA,"Flarken (landclim-sites; 58.583333, 13.666667); Flarken (landclim-sites; 58.583333, 13.666667)",16,0.306,5,aggregate; fieldwork shortlist; 30 km; 40 km; 50 km,8,42,19.14,0.7,1,2,2,10,42,0.2417,1,0,0,0,0,0,0,1,0,0,10501,3,0.15,0.0,0.0,0.1068,0.6
Flarken,"Flarken (58.583333, 13.666667)",sweden_lake:flarken:58.583333:13.666667,flarken,58.583333,13.666667,"https://www.google.com/maps/search/?api=1&query=58.583333,13.666667",landclim-sites:897303:Lake Flarken:58.583333:13.666667,landclim-sites,Flarken,https://doi.org/10.1594/PANGAEA.897303,shared_source_coordinate,2,0.0,duplicate_sweden_name,2 Sweden candidates share this cleaned lake name.,,,,,,,0.0,,landclim-sites:897303:Lake Flarken:58.583333:13.666667; landclim-sites:937075:FLA,"Flarken (landclim-sites; 58.583333, 13.666667); Flarken (landclim-sites; 58.583333, 13.666667)",16,0.306,5,aggregate; fieldwork shortlist; 30 km; 40 km; 50 km,8,42,19.14,0.7,1,2,2,20,26,0.2812,1,0,0,0,0,0,0,18,1,0,14316,3,0.12,0.0,0.0,0.2768,0.6
Flarken,"Flarken (58.583333, 13.666667)",sweden_lake:flarken:58.583333:13.666667,flarken,58.583333,13.666667,"https://www.google.com/maps/search/?api=1&query=58.583333,13.666667",landclim-sites:897303:Lake Flarken:58.583333:13.666667,landclim-sites,Flarken,https://doi.org/10.1594/PANGAEA.897303,shared_source_coordinate,2,0.0,duplicate_sweden_name,2 Sweden candidates share this cleaned lake name.,,,,,,,0.0,,landclim-sites:897303:Lake Flarken:58.583333:13.666667; landclim-sites:937075:FLA,"Flarken (landclim-sites; 58.583333, 13.666667); Flarken (landclim-sites; 58.583333, 13.666667)",16,0.306,5,aggregate; fieldwork shortlist; 30 km; 40 km; 50 km,8,42,19.14,0.7,1,2,2,30,12,0.3292,3,0,0,2,32,0,0,23,2,0,14316,4,0.3,0.1932,0.0,0.1623,0.8
Flarken,"Flarken (58.583333, 13.666667)",sweden_lake:flarken:58.583333:13.666667,flarken,58.583333,13.666667,"https://www.google.com/maps/search/?api=1&query=58.583333,13.666667",landclim-sites:897303:Lake Flarken:58.583333:13.666667,landclim-sites,Flarken,https://doi.org/10.1594/PANGAEA.897303,shared_source_coordinate,2,0.0,duplicate_sweden_name,2 Sweden candidates share this cleaned lake name.,,,,,,,0.0,,landclim-sites:897303:Lake Flarken:58.583333:13.666667; landclim-sites:937075:FLA,"Flarken (landclim-sites; 58.583333, 13.666667); Flarken (landclim-sites; 58.583333, 13.666667)",16,0.306,5,aggregate; fieldwork shortlist; 30 km; 40 km; 50 km,8,42,19.14,0.7,1,2,2,40,19,0.3242,3,0,0,2,32,0,0,35,3,0,21637,4,0.225,0.1806,0.0,0.1823,0.8
Flarken,"Flarken (58.583333, 13.666667)",sweden_lake:flarken:58.583333:13.666667,flarken,58.583333,13.666667,"https://www.google.com/maps/search/?api=1&query=58.583333,13.666667",landclim-sites:897303:Lake Flarken:58.583333:13.666667,landclim-sites,Flarken,https://doi.org/10.1594/PANGAEA.897303,shared_source_coordinate,2,0.0,duplicate_sweden_name,2 Sweden candidates share this cleaned lake name.,,,,,,,0.0,,landclim-sites:897303:Lake Flarken:58.583333:13.666667; landclim-sites:937075:FLA,"Flarken (landclim-sites; 58.583333, 13.666667); Flarken (landclim-sites; 58.583333, 13.666667)",16,0.306,5,aggregate; fieldwork shortlist; 30 km; 40 km; 50 km,8,42,19.14,0.7,1,2,2,50,8,0.4872,4,0,0,11,158,0,0,54,6,6,25127,4,0.2666,0.9308,0.0,0.2174,0.8
Storasjö,"Storasjö (56.933333, 15.266667)",sweden_lake:storasjo:56.933333:15.266667,storasjo,56.933333,15.266667,"https://www.google.com/maps/search/?api=1&query=56.933333,15.266667",landclim-sites:897303:Storasjö:56.933333:15.266667,landclim-sites,Storasjö,https://doi.org/10.1594/PANGAEA.897303,source_coordinate_medoid,2,0.0004,duplicate_sweden_name,2 Sweden candidates share this cleaned lake name.,,,,,,,0.0,,landclim-sites:897303:Storasjö:56.933333:15.266667; neotoma-pollen:28874,"Storasjö (landclim-sites; 56.933333, 15.266667); Storasjö (neotoma-pollen; 56.933330, 15.266670)",17,0.3035,4,aggregate; 10 km; 20 km; 30 km,12,23,17.83,0.875,2,2,2,10,18,0.2787,1,0,0,0,0,0,0,1,1,0,9853,3,0.15,0.0,0.0,0.1148,0.6
Storasjö,"Storasjö (56.933333, 15.266667)",sweden_lake:storasjo:56.933333:15.266667,storasjo,56.933333,15.266667,"https://www.google.com/maps/search/?api=1&query=56.933333,15.266667",landclim-sites:897303:Storasjö:56.933333:15.266667,landclim-sites,Storasjö,https://doi.org/10.1594/PANGAEA.897303,source_coordinate_medoid,2,0.0004,duplicate_sweden_name,2 Sweden candidates share this cleaned lake name.,,,,,,,0.0,,landclim-sites:897303:Storasjö:56.933333:15.266667; neotoma-pollen:28874,"Storasjö (landclim-sites; 56.933333, 15.266667); Storasjö (neotoma-pollen; 56.933330, 15.266670)",17,0.3035,4,aggregate; 10 km; 20 km; 30 km,12,23,17.83,0.875,2,2,2,20,12,0.3118,1,0,0,0,0,0,0,5,2,0,28737,3,0.12,0.0,0.0,0.259,0.6
Storasjö,"Storasjö (56.933333, 15.266667)",sweden_lake:storasjo:56.933333:15.266667,storasjo,56.933333,15.266667,"https://www.google.com/maps/search/?api=1&query=56.933333,15.266667",landclim-sites:897303:Storasjö:56.933333:15.266667,landclim-sites,Storasjö,https://doi.org/10.1594/PANGAEA.897303,source_coordinate_medoid,2,0.0004,duplicate_sweden_name,2 Sweden candidates share this cleaned lake name.,,,,,,,0.0,,landclim-sites:897303:Storasjö:56.933333:15.266667; neotoma-pollen:28874,"Storasjö (landclim-sites; 56.933333, 15.266667); Storasjö (neotoma-pollen; 56.933330, 15.266670)",17,0.3035,4,aggregate; 10 km; 20 km; 30 km,12,23,17.83,0.875,2,2,2,30,14,0.3173,2,0,0,0,0,0,0,19,9,0,28737,3,0.2,0.0,0.0,0.2491,0.6
Storasjö,"Storasjö (56.933333, 15.266667)",sweden_lake:storasjo:56.933333:15.266667,storasjo,56.933333,15.266667,"https://www.google.com/maps/search/?api=1&query=56.933333,15.266667",landclim-sites:897303:Storasjö:56.933333:15.266667,landclim-sites,Storasjö,https://doi.org/10.1594/PANGAEA.897303,source_coordinate_medoid,2,0.0004,duplicate_sweden_name,2 Sweden candidates share this cleaned lake name.,,,,,,,0.0,,landclim-sites:897303:Storasjö:56.933333:15.266667; neotoma-pollen:28874,"Storasjö (landclim-sites; 56.933333, 15.266667); Storasjö (neotoma-pollen; 56.933330, 15.266670)",17,0.3035,4,aggregate; 10 km; 20 km; 30 km,12,23,17.83,0.875,2,2,2,40,23,0.3024,2,0,0,0,0,0,0,26,13,0,28737,3,0.15,0.0,0.0,0.2098,0.6
Storasjö,"Storasjö (56.933333, 15.266667)",sweden_lake:storasjo:56.933333:15.266667,storasjo,56.933333,15.266667,"https://www.google.com/maps/search/?api=1&query=56.933333,15.266667",landclim-sites:897303:Storasjö:56.933333:15.266667,landclim-sites,Storasjö,https://doi.org/10.1594/PANGAEA.897303,source_coordinate_medoid,2,0.0004,duplicate_sweden_name,2 Sweden candidates share this cleaned lake name.,,,,,,,0.0,,landclim-sites:897303:Storasjö:56.933333:15.266667; neotoma-pollen:28874,"Storasjö (landclim-sites; 56.933333, 15.266667); Storasjö (neotoma-pollen; 56.933330, 15.266670)",17,0.3035,4,aggregate; 10 km; 20 km; 30 km,12,23,17.83,0.875,2,2,2,50,23,0.3311,5,0,0,0,0,0,0,36,18,0,43376,3,0.3334,0.0,0.0,0.2512,0.6
Färskesjön,"Färskesjön (56.166667, 15.866667)",sweden_lake:farskesjon:56.166667:15.866667,farskesjon,56.166667,15.866667,"https://www.google.com/maps/search/?api=1&query=56.166667,15.866667",landclim-sites:937075:FARSK,landclim-sites,Färskesjön,https://doi.org/10.1594/PANGAEA.937075,source_coordinate_medoid,1,0.9273,source_coordinate_spread,Source coordinates span 0.93 km inside this candidate.,,,,,,,0.0,,landclim-sites:937075:FARSK; neotoma-pollen:3102,"Färskesjön (landclim-sites; 56.166667, 15.866667); Färskesjön (neotoma-pollen; 56.159070, 15.860490)",18,0.3012,4,aggregate; fieldwork shortlist; 10 km; 20 km,6,25,18.14,0.875,2,2,2,10,6,0.3034,2,0,0,0,0,0,0,2,1,0,12008,3,0.3,0.0,0.0,0.1535,0.6
Färskesjön,"Färskesjön (56.166667, 15.866667)",sweden_lake:farskesjon:56.166667:15.866667,farskesjon,56.166667,15.866667,"https://www.google.com/maps/search/?api=1&query=56.166667,15.866667",landclim-sites:937075:FARSK,landclim-sites,Färskesjön,https://doi.org/10.1594/PANGAEA.937075,source_coordinate_medoid,1,0.9273,source_coordinate_spread,Source coordinates span 0.93 km inside this candidate.,,,,,,,0.0,,landclim-sites:937075:FARSK; neotoma-pollen:3102,"Färskesjön (landclim-sites; 56.166667, 15.866667); Färskesjön (neotoma-pollen; 56.159070, 15.860490)",18,0.3012,4,aggregate; fieldwork shortlist; 10 km; 20 km,6,25,18.14,0.875,2,2,2,20,16,0.3056,2,0,0,0,0,0,0,9,3,0,12008,3,0.24,0.0,0.0,0.1864,0.6
Färskesjön,"Färskesjön (56.166667, 15.866667)",sweden_lake:farskesjon:56.166667:15.866667,farskesjon,56.166667,15.866667,"https://www.google.com/maps/search/?api=1&query=56.166667,15.866667",landclim-sites:937075:FARSK,landclim-sites,Färskesjön,https://doi.org/10.1594/PANGAEA.937075,source_coordinate_medoid,1,0.9273,source_coordinate_spread,Source coordinates span 0.93 km inside this candidate.,,,,,,,0.0,,landclim-sites:937075:FARSK; neotoma-pollen:3102,"Färskesjön (landclim-sites; 56.166667, 15.866667); Färskesjön (neotoma-pollen; 56.159070, 15.860490)",18,0.3012,4,aggregate; fieldwork shortlist; 10 km; 20 km,6,25,18.14,0.875,2,2,2,30,25,0.2823,2,0,0,0,0,0,0,10,3,0,12008,3,0.2,0.0,0.0,0.109,0.6
Färskesjön,"Färskesjön (56.166667, 15.866667)",sweden_lake:farskesjon:56.166667:15.866667,farskesjon,56.166667,15.866667,"https://www.google.com/maps/search/?api=1&query=56.166667,15.866667",landclim-sites:937075:FARSK,landclim-sites,Färskesjön,https://doi.org/10.1594/PANGAEA.937075,source_coordinate_medoid,1,0.9273,source_coordinate_spread,Source coordinates span 0.93 km inside this candidate.,,,,,,,0.0,,landclim-sites:937075:FARSK; neotoma-pollen:3102,"Färskesjön (landclim-sites; 56.166667, 15.866667); Färskesjön (neotoma-pollen; 56.159070, 15.860490)",18,0.3012,4,aggregate; fieldwork shortlist; 10 km; 20 km,6,25,18.14,0.875,2,2,2,40,25,0.2961,4,0,0,0,0,0,0,22,11,0,12008,3,0.3,0.0,0.0,0.1243,0.6
Färskesjön,"Färskesjön (56.166667, 15.866667)",sweden_lake:farskesjon:56.166667:15.866667,farskesjon,56.166667,15.866667,"https://www.google.com/maps/search/?api=1&query=56.166667,15.866667",landclim-sites:937075:FARSK,landclim-sites,Färskesjön,https://doi.org/10.1594/PANGAEA.937075,source_coordinate_medoid,1,0.9273,source_coordinate_spread,Source coordinates span 0.93 km inside this candidate.,,,,,,,0.0,,landclim-sites:937075:FARSK; neotoma-pollen:3102,"Färskesjön (landclim-sites; 56.166667, 15.866667); Färskesjön (neotoma-pollen; 56.159070, 15.860490)",18,0.3012,4,aggregate; fieldwork shortlist; 10 km; 20 km,6,25,18.14,0.875,2,2,2,50,24,0.3291,5,0,0,1,1,0,0,31,18,1,12008,4,0.3334,0.0381,0.0,0.1327,0.8
Sambösjön,"Sambösjön (57.133333, 12.416667)",sweden_lake:sambosjon:57.133333:12.416667,sambosjon,57.133333,12.416667,"https://www.google.com/maps/search/?api=1&query=57.133333,12.416667",landclim-sites:897303:Lake Sambösjön:57.133333:12.416667,landclim-sites,Sambösjön,https://doi.org/10.1594/PANGAEA.897303,shared_source_coordinate,2,0.0,duplicate_sweden_name,2 Sweden candidates share this cleaned lake name.,,,,,,,0.0,,landclim-sites:897303:Lake Sambösjön:57.133333:12.416667; landclim-sites:937075:SAM,"Sambösjön (landclim-sites; 57.133333, 12.416667); Sambösjön (landclim-sites; 57.133333, 12.416667)",19,0.2987,4,aggregate; 10 km; 20 km; 30 km,10,36,21,0.7,1,2,2,10,10,0.2969,3,0,0,0,0,0,0,4,4,0,8569,3,0.45,0.0,0.0,0.2075,0.6
Sambösjön,"Sambösjön (57.133333, 12.416667)",sweden_lake:sambosjon:57.133333:12.416667,sambosjon,57.133333,12.416667,"https://www.google.com/maps/search/?api=1&query=57.133333,12.416667",landclim-sites:897303:Lake Sambösjön:57.133333:12.416667,landclim-sites,Sambösjön,https://doi.org/10.1594/PANGAEA.897303,shared_source_coordinate,2,0.0,duplicate_sweden_name,2 Sweden candidates share this cleaned lake name.,,,,,,,0.0,,landclim-sites:897303:Lake Sambösjön:57.133333:12.416667; landclim-sites:937075:SAM,"Sambösjön (landclim-sites; 57.133333, 12.416667); Sambösjön (landclim-sites; 57.133333, 12.416667)",19,0.2987,4,aggregate; 10 km; 20 km; 30 km,10,36,21,0.7,1,2,2,20,18,0.3049,4,0,0,0,0,0,0,10,5,0,14902,3,0.48,0.0,0.0,0.2275,0.6
Sambösjön,"Sambösjön (57.133333, 12.416667)",sweden_lake:sambosjon:57.133333:12.416667,sambosjon,57.133333,12.416667,"https://www.google.com/maps/search/?api=1&query=57.133333,12.416667",landclim-sites:897303:Lake Sambösjön:57.133333:12.416667,landclim-sites,Sambösjön,https://doi.org/10.1594/PANGAEA.897303,shared_source_coordinate,2,0.0,duplicate_sweden_name,2 Sweden candidates share this cleaned lake name.,,,,,,,0.0,,landclim-sites:897303:Lake Sambösjön:57.133333:12.416667; landclim-sites:937075:SAM,"Sambösjön (landclim-sites; 57.133333, 12.416667); Sambösjön (landclim-sites; 57.133333, 12.416667)",19,0.2987,4,aggregate; 10 km; 20 km; 30 km,10,36,21,0.7,1,2,2,30,19,0.2966,4,0,0,0,0,0,0,29,7,0,19907,3,0.4,0.0,0.0,0.2264,0.6
Sambösjön,"Sambösjön (57.133333, 12.416667)",sweden_lake:sambosjon:57.133333:12.416667,sambosjon,57.133333,12.416667,"https://www.google.com/maps/search/?api=1&query=57.133333,12.416667",landclim-sites:897303:Lake Sambösjön:57.133333:12.416667,landclim-sites,Sambösjön,https://doi.org/10.1594/PANGAEA.897303,shared_source_coordinate,2,0.0,duplicate_sweden_name,2 Sweden candidates share this cleaned lake name.,,,,,,,0.0,,landclim-sites:897303:Lake Sambösjön:57.133333:12.416667; landclim-sites:937075:SAM,"Sambösjön (landclim-sites; 57.133333, 12.416667); Sambösjön (landclim-sites; 57.133333, 12.416667)",19,0.2987,4,aggregate; 10 km; 20 km; 30 km,10,36,21,0.7,1,2,2,40,24,0.2997,4,0,0,0,0,0,0,43,8,0,37406,3,0.3,0.0,0.0,0.2787,0.6
Sambösjön,"Sambösjön (57.133333, 12.416667)",sweden_lake:sambosjon:57.133333:12.416667,sambosjon,57.133333,12.416667,"https://www.google.com/maps/search/?api=1&query=57.133333,12.416667",landclim-sites:897303:Lake Sambösjön:57.133333:12.416667,landclim-sites,Sambösjön,https://doi.org/10.1594/PANGAEA.897303,shared_source_coordinate,2,0.0,duplicate_sweden_name,2 Sweden candidates share this cleaned lake name.,,,,,,,0.0,,landclim-sites:897303:Lake Sambösjön:57.133333:12.416667; landclim-sites:937075:SAM,"Sambösjön (landclim-sites; 57.133333, 12.416667); Sambösjön (landclim-sites; 57.133333, 12.416667)",19,0.2987,4,aggregate; 10 km; 20 km; 30 km,10,36,21,0.7,1,2,2,50,36,0.2912,4,0,0,0,0,0,0,56,10,0,37406,3,0.2666,0.0,0.0,0.2581,0.6
Lillsjön,"Lillsjön (57.083330, 12.533330)",sweden_lake:lillsjon:57.08333:12.53333,lillsjon,57.08333,12.53333,"https://www.google.com/maps/search/?api=1&query=57.083330,12.533330",neotoma-pollen:3238,neotoma-pollen,Lillsjön,https://apps.neotomadb.org/explorer/#/record/site/3238,shared_source_coordinate,2,0.0,duplicate_sweden_name,2 Sweden candidates share this cleaned lake name.,,,,,,,0.0,,neotoma-pollen:3238,"Lillsjön (neotoma-pollen; 57.083330, 12.533330)",20,0.2944,4,aggregate; 10 km; 20 km; 30 km,11,42,22.5,0.6375,1,1,1,10,17,0.279,2,0,0,0,0,0,0,4,3,0,14902,3,0.3,0.0,0.0,0.2459,0.6
Lillsjön,"Lillsjön (57.083330, 12.533330)",sweden_lake:lillsjon:57.08333:12.53333,lillsjon,57.08333,12.53333,"https://www.google.com/maps/search/?api=1&query=57.083330,12.533330",neotoma-pollen:3238,neotoma-pollen,Lillsjön,https://apps.neotomadb.org/explorer/#/record/site/3238,shared_source_coordinate,2,0.0,duplicate_sweden_name,2 Sweden candidates share this cleaned lake name.,,,,,,,0.0,,neotoma-pollen:3238,"Lillsjön (neotoma-pollen; 57.083330, 12.533330)",20,0.2944,4,aggregate; 10 km; 20 km; 30 km,11,42,22.5,0.6375,1,1,1,20,11,0.3152,4,0,0,0,0,0,0,19,6,0,14902,3,0.48,0.0,0.0,0.319,0.6
Lillsjön,"Lillsjön (57.083330, 12.533330)",sweden_lake:lillsjon:57.08333:12.53333,lillsjon,57.08333,12.53333,"https://www.google.com/maps/search/?api=1&query=57.083330,12.533330",neotoma-pollen:3238,neotoma-pollen,Lillsjön,https://apps.neotomadb.org/explorer/#/record/site/3238,shared_source_coordinate,2,0.0,duplicate_sweden_name,2 Sweden candidates share this cleaned lake name.,,,,,,,0.0,,neotoma-pollen:3238,"Lillsjön (neotoma-pollen; 57.083330, 12.533330)",20,0.2944,4,aggregate; 10 km; 20 km; 30 km,11,42,22.5,0.6375,1,1,1,30,18,0.3028,4,0,0,0,0,0,0,30,7,0,32401,3,0.4,0.0,0.0,0.3011,0.6
Lillsjön,"Lillsjön (57.083330, 12.533330)",sweden_lake:lillsjon:57.08333:12.53333,lillsjon,57.08333,12.53333,"https://www.google.com/maps/search/?api=1&query=57.083330,12.533330",neotoma-pollen:3238,neotoma-pollen,Lillsjön,https://apps.neotomadb.org/explorer/#/record/site/3238,shared_source_coordinate,2,0.0,duplicate_sweden_name,2 Sweden candidates share this cleaned lake name.,,,,,,,0.0,,neotoma-pollen:3238,"Lillsjön (neotoma-pollen; 57.083330, 12.533330)",20,0.2944,4,aggregate; 10 km; 20 km; 30 km,11,42,22.5,0.6375,1,1,1,40,27,0.2866,4,0,0,0,0,0,0,42,8,0,37406,3,0.3,0.0,0.0,0.2763,0.6
Lillsjön,"Lillsjön (57.083330, 12.533330)",sweden_lake:lillsjon:57.08333:12.53333,lillsjon,57.08333,12.53333,"https://www.google.com/maps/search/?api=1&query=57.083330,12.533330",neotoma-pollen:3238,neotoma-pollen,Lillsjön,https://apps.neotomadb.org/explorer/#/record/site/3238,shared_source_coordinate,2,0.0,duplicate_sweden_name,2 Sweden candidates share this cleaned lake name.,,,,,,,0.0,,neotoma-pollen:3238,"Lillsjön (neotoma-pollen; 57.083330, 12.533330)",20,0.2944,4,aggregate; 10 km; 20 km; 30 km,11,42,22.5,0.6375,1,1,1,50,42,0.2835,4,0,0,0,0,0,0,62,15,0,37406,3,0.2666,0.0,0.0,0.2774,0.6
Åbodasjön,Åbodasjön,sweden_lake:abodasjon:57.085556:14.478611,abodasjon,57.085556,14.478611,"https://www.google.com/maps/search/?api=1&query=57.085556,14.478611",landclim-sites:897303:Åbodasjön:57.085556:14.478611,landclim-sites,Åbodasjön,https://doi.org/10.1594/PANGAEA.897303,source_coordinate_medoid,1,0.0073,,,,,,,,,0.0,,landclim-sites:897303:Åbodasjön:57.085556:14.478611; landclim-sites:900966:GC21:Åbodasjön; landclim-sites:937075:Åbodasjön,"Åbodasjön (landclim-sites; 57.085556, 14.478611); Åbodasjön (landclim-sites; 57.085556, 14.478611); Åbodasjön (landclim-sites; 57.085600, 14.478700)",21,0.2853,2,fieldwork shortlist; 40 km,15,32,22.14,0.7625,1,3,3,10,24,0.2661,1,0,0,0,0,0,0,0,0,0,18884,3,0.15,0.0,0.0,0.1542,0.6
Åbodasjön,Åbodasjön,sweden_lake:abodasjon:57.085556:14.478611,abodasjon,57.085556,14.478611,"https://www.google.com/maps/search/?api=1&query=57.085556,14.478611",landclim-sites:897303:Åbodasjön:57.085556:14.478611,landclim-sites,Åbodasjön,https://doi.org/10.1594/PANGAEA.897303,source_coordinate_medoid,1,0.0073,,,,,,,,,0.0,,landclim-sites:897303:Åbodasjön:57.085556:14.478611; landclim-sites:900966:GC21:Åbodasjön; landclim-sites:937075:Åbodasjön,"Åbodasjön (landclim-sites; 57.085556, 14.478611); Åbodasjön (landclim-sites; 57.085556, 14.478611); Åbodasjön (landclim-sites; 57.085600, 14.478700)",21,0.2853,2,fieldwork shortlist; 40 km,15,32,22.14,0.7625,1,3,3,20,32,0.265,1,0,0,0,0,0,0,2,2,0,18884,3,0.12,0.0,0.0,0.1619,0.6
Åbodasjön,Åbodasjön,sweden_lake:abodasjon:57.085556:14.478611,abodasjon,57.085556,14.478611,"https://www.google.com/maps/search/?api=1&query=57.085556,14.478611",landclim-sites:897303:Åbodasjön:57.085556:14.478611,landclim-sites,Åbodasjön,https://doi.org/10.1594/PANGAEA.897303,source_coordinate_medoid,1,0.0073,,,,,,,,,0.0,,landclim-sites:897303:Åbodasjön:57.085556:14.478611; landclim-sites:900966:GC21:Åbodasjön; landclim-sites:937075:Åbodasjön,"Åbodasjön (landclim-sites; 57.085556, 14.478611); Åbodasjön (landclim-sites; 57.085556, 14.478611); Åbodasjön (landclim-sites; 57.085600, 14.478700)",21,0.2853,2,fieldwork shortlist; 40 km,15,32,22.14,0.7625,1,3,3,30,26,0.2808,2,0,0,0,0,0,0,8,4,0,27471,3,0.2,0.0,0.0,0.1933,0.6
Åbodasjön,Åbodasjön,sweden_lake:abodasjon:57.085556:14.478611,abodasjon,57.085556,14.478611,"https://www.google.com/maps/search/?api=1&query=57.085556,14.478611",landclim-sites:897303:Åbodasjön:57.085556:14.478611,landclim-sites,Åbodasjön,https://doi.org/10.1594/PANGAEA.897303,source_coordinate_medoid,1,0.0073,,,,,,,,,0.0,,landclim-sites:897303:Åbodasjön:57.085556:14.478611; landclim-sites:900966:GC21:Åbodasjön; landclim-sites:937075:Åbodasjön,"Åbodasjön (landclim-sites; 57.085556, 14.478611); Åbodasjön (landclim-sites; 57.085556, 14.478611); Åbodasjön (landclim-sites; 57.085600, 14.478700)",21,0.2853,2,fieldwork shortlist; 40 km,15,32,22.14,0.7625,1,3,3,40,15,0.3318,3,0,0,1,6,0,0,20,7,1,46236,4,0.225,0.0555,0.0,0.2628,0.8
Åbodasjön,Åbodasjön,sweden_lake:abodasjon:57.085556:14.478611,abodasjon,57.085556,14.478611,"https://www.google.com/maps/search/?api=1&query=57.085556,14.478611",landclim-sites:897303:Åbodasjön:57.085556:14.478611,landclim-sites,Åbodasjön,https://doi.org/10.1594/PANGAEA.897303,source_coordinate_medoid,1,0.0073,,,,,,,,,0.0,,landclim-sites:897303:Åbodasjön:57.085556:14.478611; landclim-sites:900966:GC21:Åbodasjön; landclim-sites:937075:Åbodasjön,"Åbodasjön (landclim-sites; 57.085556, 14.478611); Åbodasjön (landclim-sites; 57.085556, 14.478611); Åbodasjön (landclim-sites; 57.085600, 14.478700)",21,0.2853,2,fieldwork shortlist; 40 km,15,32,22.14,0.7625,1,3,3,50,22,0.3326,5,0,0,1,6,0,0,23,8,1,46236,4,0.3334,0.0555,0.0,0.2226,0.8
Sämbosjön,"Sämbosjön (57.163130, 12.414260)",sweden_lake:sambosjon:57.16313:12.41426,sambosjon,57.16313,12.41426,"https://www.google.com/maps/search/?api=1&query=57.163130,12.414260",neotoma-pollen:3398,neotoma-pollen,Sämbosjön,https://apps.neotomadb.org/explorer/#/record/site/3398,shared_source_coordinate,2,0.0,duplicate_sweden_name,2 Sweden candidates share this cleaned lake name.,,,,,,,0.0,,neotoma-pollen:3398,"Sämbosjön (neotoma-pollen; 57.163130, 12.414260)",22,0.2822,2,10 km; 20 km,19,49,27.5,0.6375,1,1,1,10,19,0.2713,2,0,0,0,0,0,0,5,3,0,8569,3,0.3,0.0,0.0,0.2153,0.6
Sämbosjön,"Sämbosjön (57.163130, 12.414260)",sweden_lake:sambosjon:57.16313:12.41426,sambosjon,57.16313,12.41426,"https://www.google.com/maps/search/?api=1&query=57.163130,12.414260",neotoma-pollen:3398,neotoma-pollen,Sämbosjön,https://apps.neotomadb.org/explorer/#/record/site/3398,shared_source_coordinate,2,0.0,duplicate_sweden_name,2 Sweden candidates share this cleaned lake name.,,,,,,,0.0,,neotoma-pollen:3398,"Sämbosjön (neotoma-pollen; 57.163130, 12.414260)",22,0.2822,2,10 km; 20 km,19,49,27.5,0.6375,1,1,1,20,19,0.2995,4,0,0,0,0,0,0,13,5,0,14902,3,0.48,0.0,0.0,0.2561,0.6
Sämbosjön,"Sämbosjön (57.163130, 12.414260)",sweden_lake:sambosjon:57.16313:12.41426,sambosjon,57.16313,12.41426,"https://www.google.com/maps/search/?api=1&query=57.163130,12.414260",neotoma-pollen:3398,neotoma-pollen,Sämbosjön,https://apps.neotomadb.org/explorer/#/record/site/3398,shared_source_coordinate,2,0.0,duplicate_sweden_name,2 Sweden candidates share this cleaned lake name.,,,,,,,0.0,,neotoma-pollen:3398,"Sämbosjön (neotoma-pollen; 57.163130, 12.414260)",22,0.2822,2,10 km; 20 km,19,49,27.5,0.6375,1,1,1,30,28,0.2769,4,0,0,0,0,0,0,21,6,0,19907,3,0.4,0.0,0.0,0.1977,0.6
Sämbosjön,"Sämbosjön (57.163130, 12.414260)",sweden_lake:sambosjon:57.16313:12.41426,sambosjon,57.16313,12.41426,"https://www.google.com/maps/search/?api=1&query=57.163130,12.414260",neotoma-pollen:3398,neotoma-pollen,Sämbosjön,https://apps.neotomadb.org/explorer/#/record/site/3398,shared_source_coordinate,2,0.0,duplicate_sweden_name,2 Sweden candidates share this cleaned lake name.,,,,,,,0.0,,neotoma-pollen:3398,"Sämbosjön (neotoma-pollen; 57.163130, 12.414260)",22,0.2822,2,10 km; 20 km,19,49,27.5,0.6375,1,1,1,40,28,0.2866,4,0,0,0,0,0,0,42,8,0,37406,3,0.3,0.0,0.0,0.2763,0.6
Sämbosjön,"Sämbosjön (57.163130, 12.414260)",sweden_lake:sambosjon:57.16313:12.41426,sambosjon,57.16313,12.41426,"https://www.google.com/maps/search/?api=1&query=57.163130,12.414260",neotoma-pollen:3398,neotoma-pollen,Sämbosjön,https://apps.neotomadb.org/explorer/#/record/site/3398,shared_source_coordinate,2,0.0,duplicate_sweden_name,2 Sweden candidates share this cleaned lake name.,,,,,,,0.0,,neotoma-pollen:3398,"Sämbosjön (neotoma-pollen; 57.163130, 12.414260)",22,0.2822,2,10 km; 20 km,19,49,27.5,0.6375,1,1,1,50,49,0.276,4,0,0,0,0,0,0,52,8,0,37406,3,0.2666,0.0,0.0,0.2472,0.6
Ljungsjön,Ljungsjön,sweden_lake:ljungsjon:57.73429:13.33269,ljungsjon,57.73429,13.33269,"https://www.google.com/maps/search/?api=1&query=57.734290,13.332690",neotoma-pollen:3240,neotoma-pollen,Ljungsjön,https://apps.neotomadb.org/explorer/#/record/site/3240,shared_source_coordinate,1,0.0,,,,,,,,,0.0,,neotoma-pollen:3240,"Ljungsjön (neotoma-pollen; 57.734290, 13.332690)",23,0.2812,3,fieldwork shortlist; 10 km; 50 km,3,42,22.57,0.6375,1,1,1,10,20,0.2693,0,0,0,1,1,0,0,3,0,0,8587,3,0.0,0.2422,0.0,0.1333,0.6
Ljungsjön,Ljungsjön,sweden_lake:ljungsjon:57.73429:13.33269,ljungsjon,57.73429,13.33269,"https://www.google.com/maps/search/?api=1&query=57.734290,13.332690",neotoma-pollen:3240,neotoma-pollen,Ljungsjön,https://apps.neotomadb.org/explorer/#/record/site/3240,shared_source_coordinate,1,0.0,,,,,,,,,0.0,,neotoma-pollen:3240,"Ljungsjön (neotoma-pollen; 57.734290, 13.332690)",23,0.2812,3,fieldwork shortlist; 10 km; 50 km,3,42,22.57,0.6375,1,1,1,20,42,0.2572,0,0,0,1,1,0,0,8,1,0,17156,3,0.0,0.0968,0.0,0.2013,0.6
Ljungsjön,Ljungsjön,sweden_lake:ljungsjon:57.73429:13.33269,ljungsjon,57.73429,13.33269,"https://www.google.com/maps/search/?api=1&query=57.734290,13.332690",neotoma-pollen:3240,neotoma-pollen,Ljungsjön,https://apps.neotomadb.org/explorer/#/record/site/3240,shared_source_coordinate,1,0.0,,,,,,,,,0.0,,neotoma-pollen:3240,"Ljungsjön (neotoma-pollen; 57.734290, 13.332690)",23,0.2812,3,fieldwork shortlist; 10 km; 50 km,3,42,22.57,0.6375,1,1,1,30,27,0.2778,1,0,0,1,1,0,0,13,2,0,27657,4,0.1,0.0444,0.0,0.2058,0.8
Ljungsjön,Ljungsjön,sweden_lake:ljungsjon:57.73429:13.33269,ljungsjon,57.73429,13.33269,"https://www.google.com/maps/search/?api=1&query=57.734290,13.332690",neotoma-pollen:3240,neotoma-pollen,Ljungsjön,https://apps.neotomadb.org/explorer/#/record/site/3240,shared_source_coordinate,1,0.0,,,,,,,,,0.0,,neotoma-pollen:3240,"Ljungsjön (neotoma-pollen; 57.734290, 13.332690)",23,0.2812,3,fieldwork shortlist; 10 km; 50 km,3,42,22.57,0.6375,1,1,1,40,32,0.2814,1,0,0,1,1,0,0,19,2,0,43045,4,0.075,0.0381,0.0,0.235,0.8
Ljungsjön,Ljungsjön,sweden_lake:ljungsjon:57.73429:13.33269,ljungsjon,57.73429,13.33269,"https://www.google.com/maps/search/?api=1&query=57.734290,13.332690",neotoma-pollen:3240,neotoma-pollen,Ljungsjön,https://apps.neotomadb.org/explorer/#/record/site/3240,shared_source_coordinate,1,0.0,,,,,,,,,0.0,,neotoma-pollen:3240,"Ljungsjön (neotoma-pollen; 57.734290, 13.332690)",23,0.2812,3,fieldwork shortlist; 10 km; 50 km,3,42,22.57,0.6375,1,1,1,50,11,0.3836,1,0,0,7,78,0,0,39,12,3,46860,4,0.0667,0.5139,0.0,0.2667,0.8
Skärsgölarna,Skärsgölarna,sweden_lake:skarsgolarna:57.016667:16.116667,skarsgolarna,57.016667,16.116667,"https://www.google.com/maps/search/?api=1&query=57.016667,16.116667",landclim-sites:897303:Skärsgölarna:57.016667:16.116667,landclim-sites,Skärsgölarna,https://doi.org/10.1594/PANGAEA.897303,shared_source_coordinate,1,0.0,,,,,,,,,0.0,,landclim-sites:897303:Skärsgölarna:57.016667:16.116667; landclim-sites:937075:SKAR,"Skärsgölarna (landclim-sites; 57.016667, 16.116667); Skärsgölarna (landclim-sites; 57.016667, 16.116667)",24,0.2807,3,fieldwork shortlist; 40 km; 50 km,17,47,24.43,0.7,1,2,2,10,47,0.23,0,0,0,0,0,0,0,0,0,0,24492,2,0.0,0.0,0.0,0.2,0.4
Skärsgölarna,Skärsgölarna,sweden_lake:skarsgolarna:57.016667:16.116667,skarsgolarna,57.016667,16.116667,"https://www.google.com/maps/search/?api=1&query=57.016667,16.116667",landclim-sites:897303:Skärsgölarna:57.016667:16.116667,landclim-sites,Skärsgölarna,https://doi.org/10.1594/PANGAEA.897303,shared_source_coordinate,1,0.0,,,,,,,,,0.0,,landclim-sites:897303:Skärsgölarna:57.016667:16.116667; landclim-sites:937075:SKAR,"Skärsgölarna (landclim-sites; 57.016667, 16.116667); Skärsgölarna (landclim-sites; 57.016667, 16.116667)",24,0.2807,3,fieldwork shortlist; 40 km; 50 km,17,47,24.43,0.7,1,2,2,20,24,0.2834,3,0,0,0,0,0,0,2,0,0,24492,3,0.36,0.0,0.0,0.1895,0.6
Skärsgölarna,Skärsgölarna,sweden_lake:skarsgolarna:57.016667:16.116667,skarsgolarna,57.016667,16.116667,"https://www.google.com/maps/search/?api=1&query=57.016667,16.116667",landclim-sites:897303:Skärsgölarna:57.016667:16.116667,landclim-sites,Skärsgölarna,https://doi.org/10.1594/PANGAEA.897303,shared_source_coordinate,1,0.0,,,,,,,,,0.0,,landclim-sites:897303:Skärsgölarna:57.016667:16.116667; landclim-sites:937075:SKAR,"Skärsgölarna (landclim-sites; 57.016667, 16.116667); Skärsgölarna (landclim-sites; 57.016667, 16.116667)",24,0.2807,3,fieldwork shortlist; 40 km; 50 km,17,47,24.43,0.7,1,2,2,30,23,0.2834,4,0,0,0,0,0,0,8,3,0,24492,3,0.4,0.0,0.0,0.1738,0.6
Skärsgölarna,Skärsgölarna,sweden_lake:skarsgolarna:57.016667:16.116667,skarsgolarna,57.016667,16.116667,"https://www.google.com/maps/search/?api=1&query=57.016667,16.116667",landclim-sites:897303:Skärsgölarna:57.016667:16.116667,landclim-sites,Skärsgölarna,https://doi.org/10.1594/PANGAEA.897303,shared_source_coordinate,1,0.0,,,,,,,,,0.0,,landclim-sites:897303:Skärsgölarna:57.016667:16.116667; landclim-sites:937075:SKAR,"Skärsgölarna (landclim-sites; 57.016667, 16.116667); Skärsgölarna (landclim-sites; 57.016667, 16.116667)",24,0.2807,3,fieldwork shortlist; 40 km; 50 km,17,47,24.43,0.7,1,2,2,40,18,0.3248,4,0,0,1,32,0,0,23,12,0,24492,4,0.3,0.146,0.0,0.1825,0.8
Skärsgölarna,Skärsgölarna,sweden_lake:skarsgolarna:57.016667:16.116667,skarsgolarna,57.016667,16.116667,"https://www.google.com/maps/search/?api=1&query=57.016667,16.116667",landclim-sites:897303:Skärsgölarna:57.016667:16.116667,landclim-sites,Skärsgölarna,https://doi.org/10.1594/PANGAEA.897303,shared_source_coordinate,1,0.0,,,,,,,,,0.0,,landclim-sites:897303:Skärsgölarna:57.016667:16.116667; landclim-sites:937075:SKAR,"Skärsgölarna (landclim-sites; 57.016667, 16.116667); Skärsgölarna (landclim-sites; 57.016667, 16.116667)",24,0.2807,3,fieldwork shortlist; 40 km; 50 km,17,47,24.43,0.7,1,2,2,50,17,0.3547,4,0,0,2,33,0,0,61,45,5,24492,4,0.2666,0.1841,0.0,0.2848,0.8
Storasjö,"Storasjö (56.916667, 15.283333)",sweden_lake:storasjo:56.916667:15.283333,storasjo,56.916667,15.283333,"https://www.google.com/maps/search/?api=1&query=56.916667,15.283333",landclim-sites:937075:STOR,landclim-sites,Storasjö,https://doi.org/10.1594/PANGAEA.937075,shared_source_coordinate,2,0.0,duplicate_sweden_name,2 Sweden candidates share this cleaned lake name.,,,,,,,0.0,,landclim-sites:897303:Storasjö:56.916667:15.283333; landclim-sites:937075:STOR; landclim-sites:937075:STORA,"Storasjö (landclim-sites; 56.916667, 15.283333); Storasjö (landclim-sites; 56.916667, 15.283333); Storasjö (landclim-sites; 56.916667, 15.283333)",25,0.2793,1,30 km,20,33,26.33,0.7625,1,3,3,10,30,0.2562,1,0,0,0,0,0,0,1,1,0,9853,3,0.15,0.0,0.0,0.1148,0.6
Storasjö,"Storasjö (56.916667, 15.283333)",sweden_lake:storasjo:56.916667:15.283333,storasjo,56.916667,15.283333,"https://www.google.com/maps/search/?api=1&query=56.916667,15.283333",landclim-sites:937075:STOR,landclim-sites,Storasjö,https://doi.org/10.1594/PANGAEA.937075,shared_source_coordinate,2,0.0,duplicate_sweden_name,2 Sweden candidates share this cleaned lake name.,,,,,,,0.0,,landclim-sites:897303:Storasjö:56.916667:15.283333; landclim-sites:937075:STOR; landclim-sites:937075:STORA,"Storasjö (landclim-sites; 56.916667, 15.283333); Storasjö (landclim-sites; 56.916667, 15.283333); Storasjö (landclim-sites; 56.916667, 15.283333)",25,0.2793,1,30 km,20,33,26.33,0.7625,1,3,3,20,21,0.2869,1,0,0,0,0,0,0,4,2,0,28737,3,0.12,0.0,0.0,0.2495,0.6
Storasjö,"Storasjö (56.916667, 15.283333)",sweden_lake:storasjo:56.916667:15.283333,storasjo,56.916667,15.283333,"https://www.google.com/maps/search/?api=1&query=56.916667,15.283333",landclim-sites:937075:STOR,landclim-sites,Storasjö,https://doi.org/10.1594/PANGAEA.937075,shared_source_coordinate,2,0.0,duplicate_sweden_name,2 Sweden candidates share this cleaned lake name.,,,,,,,0.0,,landclim-sites:897303:Storasjö:56.916667:15.283333; landclim-sites:937075:STOR; landclim-sites:937075:STORA,"Storasjö (landclim-sites; 56.916667, 15.283333); Storasjö (landclim-sites; 56.916667, 15.283333); Storasjö (landclim-sites; 56.916667, 15.283333)",25,0.2793,1,30 km,20,33,26.33,0.7625,1,3,3,30,20,0.2886,2,0,0,0,0,0,0,13,7,0,28737,3,0.2,0.0,0.0,0.2245,0.6
Storasjö,"Storasjö (56.916667, 15.283333)",sweden_lake:storasjo:56.916667:15.283333,storasjo,56.916667,15.283333,"https://www.google.com/maps/search/?api=1&query=56.916667,15.283333",landclim-sites:937075:STOR,landclim-sites,Storasjö,https://doi.org/10.1594/PANGAEA.937075,shared_source_coordinate,2,0.0,duplicate_sweden_name,2 Sweden candidates share this cleaned lake name.,,,,,,,0.0,,landclim-sites:897303:Storasjö:56.916667:15.283333; landclim-sites:937075:STOR; landclim-sites:937075:STORA,"Storasjö (landclim-sites; 56.916667, 15.283333); Storasjö (landclim-sites; 56.916667, 15.283333); Storasjö (landclim-sites; 56.916667, 15.283333)",25,0.2793,1,30 km,20,33,26.33,0.7625,1,3,3,40,33,0.281,2,0,0,0,0,0,0,27,14,0,28737,3,0.15,0.0,0.0,0.214,0.6
Storasjö,"Storasjö (56.916667, 15.283333)",sweden_lake:storasjo:56.916667:15.283333,storasjo,56.916667,15.283333,"https://www.google.com/maps/search/?api=1&query=56.916667,15.283333",landclim-sites:937075:STOR,landclim-sites,Storasjö,https://doi.org/10.1594/PANGAEA.937075,shared_source_coordinate,2,0.0,duplicate_sweden_name,2 Sweden candidates share this cleaned lake name.,,,,,,,0.0,,landclim-sites:897303:Storasjö:56.916667:15.283333; landclim-sites:937075:STOR; landclim-sites:937075:STORA,"Storasjö (landclim-sites; 56.916667, 15.283333); Storasjö (landclim-sites; 56.916667, 15.283333); Storasjö (landclim-sites; 56.916667, 15.283333)",25,0.2793,1,30 km,20,33,26.33,0.7625,1,3,3,50,29,0.3086,5,0,0,0,0,0,0,36,18,0,43376,3,0.3334,0.0,0.0,0.2512,0.6
Vuolep Njakajaure,"Vuolep Njakajaure (68.333333, 18.750000)",sweden_lake:vuolepnjakajaure:68.333333:18.75,vuolepnjakajaure,68.333333,18.75,"https://www.google.com/maps/search/?api=1&query=68.333333,18.750000",landclim-sites:897303:Lake Vuolep Njakajaure:68.333333:18.750000,landclim-sites,Vuolep Njakajaure,https://doi.org/10.1594/PANGAEA.897303,source_coordinate_medoid,1,1.5598,source_coordinate_spread,Source coordinates span 1.56 km inside this candidate.,,,,,,,0.0,,landclim-sites:897303:Lake Vuolep Njakajaure:68.333333:18.750000; landclim-sites:937075:VoNj; neotoma-pollen:28859,"Vuolep Njakajaure (landclim-sites; 68.333333, 18.750000); Vuolep Njakajaure (landclim-sites; 68.333333, 18.750000); Vuolep Njakajaure (neotoma-pollen; 68.341670, 18.780560)",26,0.278,1,10 km,12,61,33.33,0.8042,2,3,1,10,12,0.2899,4,0,0,0,0,0,0,1,1,0,214,3,0.6,0.0,0.0,0.0361,0.6
Vuolep Njakajaure,"Vuolep Njakajaure (68.333333, 18.750000)",sweden_lake:vuolepnjakajaure:68.333333:18.75,vuolepnjakajaure,68.333333,18.75,"https://www.google.com/maps/search/?api=1&query=68.333333,18.750000",landclim-sites:897303:Lake Vuolep Njakajaure:68.333333:18.750000,landclim-sites,Vuolep Njakajaure,https://doi.org/10.1594/PANGAEA.897303,source_coordinate_medoid,1,1.5598,source_coordinate_spread,Source coordinates span 1.56 km inside this candidate.,,,,,,,0.0,,landclim-sites:897303:Lake Vuolep Njakajaure:68.333333:18.750000; landclim-sites:937075:VoNj; neotoma-pollen:28859,"Vuolep Njakajaure (landclim-sites; 68.333333, 18.750000); Vuolep Njakajaure (landclim-sites; 68.333333, 18.750000); Vuolep Njakajaure (neotoma-pollen; 68.341670, 18.780560)",26,0.278,1,10 km,12,61,33.33,0.8042,2,3,1,20,22,0.2852,5,0,0,0,0,0,0,1,1,0,341,3,0.6,0.0,0.0,0.0176,0.6
Vuolep Njakajaure,"Vuolep Njakajaure (68.333333, 18.750000)",sweden_lake:vuolepnjakajaure:68.333333:18.75,vuolepnjakajaure,68.333333,18.75,"https://www.google.com/maps/search/?api=1&query=68.333333,18.750000",landclim-sites:897303:Lake Vuolep Njakajaure:68.333333:18.750000,landclim-sites,Vuolep Njakajaure,https://doi.org/10.1594/PANGAEA.897303,source_coordinate_medoid,1,1.5598,source_coordinate_spread,Source coordinates span 1.56 km inside this candidate.,,,,,,,0.0,,landclim-sites:897303:Lake Vuolep Njakajaure:68.333333:18.750000; landclim-sites:937075:VoNj; neotoma-pollen:28859,"Vuolep Njakajaure (landclim-sites; 68.333333, 18.750000); Vuolep Njakajaure (landclim-sites; 68.333333, 18.750000); Vuolep Njakajaure (neotoma-pollen; 68.341670, 18.780560)",26,0.278,1,10 km,12,61,33.33,0.8042,2,3,1,30,31,0.2728,5,0,0,0,0,0,0,1,1,0,341,3,0.5,0.0,0.0,0.0077,0.6
Vuolep Njakajaure,"Vuolep Njakajaure (68.333333, 18.750000)",sweden_lake:vuolepnjakajaure:68.333333:18.75,vuolepnjakajaure,68.333333,18.75,"https://www.google.com/maps/search/?api=1&query=68.333333,18.750000",landclim-sites:897303:Lake Vuolep Njakajaure:68.333333:18.750000,landclim-sites,Vuolep Njakajaure,https://doi.org/10.1594/PANGAEA.897303,source_coordinate_medoid,1,1.5598,source_coordinate_spread,Source coordinates span 1.56 km inside this candidate.,,,,,,,0.0,,landclim-sites:897303:Lake Vuolep Njakajaure:68.333333:18.750000; landclim-sites:937075:VoNj; neotoma-pollen:28859,"Vuolep Njakajaure (landclim-sites; 68.333333, 18.750000); Vuolep Njakajaure (landclim-sites; 68.333333, 18.750000); Vuolep Njakajaure (neotoma-pollen; 68.341670, 18.780560)",26,0.278,1,10 km,12,61,33.33,0.8042,2,3,1,40,48,0.2622,5,0,0,0,0,0,0,1,1,0,2565,3,0.375,0.0,0.0,0.0153,0.6
Vuolep Njakajaure,"Vuolep Njakajaure (68.333333, 18.750000)",sweden_lake:vuolepnjakajaure:68.333333:18.75,vuolepnjakajaure,68.333333,18.75,"https://www.google.com/maps/search/?api=1&query=68.333333,18.750000",landclim-sites:897303:Lake Vuolep Njakajaure:68.333333:18.750000,landclim-sites,Vuolep Njakajaure,https://doi.org/10.1594/PANGAEA.897303,source_coordinate_medoid,1,1.5598,source_coordinate_spread,Source coordinates span 1.56 km inside this candidate.,,,,,,,0.0,,landclim-sites:897303:Lake Vuolep Njakajaure:68.333333:18.750000; landclim-sites:937075:VoNj; neotoma-pollen:28859,"Vuolep Njakajaure (landclim-sites; 68.333333, 18.750000); Vuolep Njakajaure (landclim-sites; 68.333333, 18.750000); Vuolep Njakajaure (neotoma-pollen; 68.341670, 18.780560)",26,0.278,1,10 km,12,61,33.33,0.8042,2,3,1,50,61,0.2583,5,0,0,0,0,0,0,1,1,0,3633,3,0.3334,0.0,0.0,0.0163,0.6
Lindhultsgöl,Lindhultsgöl,sweden_lake:lindhultsgol:57.143611:14.466111,lindhultsgol,57.143611,14.466111,"https://www.google.com/maps/search/?api=1&query=57.143611,14.466111",landclim-sites:897303:Lindhultsgöl:57.143611:14.466111,landclim-sites,Lindhultsgöl,https://doi.org/10.1594/PANGAEA.897303,source_coordinate_medoid,1,0.0014,,,,,,,,,0.0,,landclim-sites:897303:Lindhultsgöl:57.143611:14.466111; landclim-sites:900966:GC21:Lindhultsgöl; landclim-sites:937075:Lindhult,"Lindhultsgöl (landclim-sites; 57.143611, 14.466111); Lindhultsgöl (landclim-sites; 57.143611, 14.466111); Lindhultsgöl (landclim-sites; 57.143600, 14.466100)",27,0.2772,2,fieldwork shortlist; 40 km,14,41,26.86,0.7625,1,3,3,10,41,0.244,1,0,0,0,0,0,0,0,0,0,8067,3,0.15,0.0,0.0,0.0659,0.6
Lindhultsgöl,Lindhultsgöl,sweden_lake:lindhultsgol:57.143611:14.466111,lindhultsgol,57.143611,14.466111,"https://www.google.com/maps/search/?api=1&query=57.143611,14.466111",landclim-sites:897303:Lindhultsgöl:57.143611:14.466111,landclim-sites,Lindhultsgöl,https://doi.org/10.1594/PANGAEA.897303,source_coordinate_medoid,1,0.0014,,,,,,,,,0.0,,landclim-sites:897303:Lindhultsgöl:57.143611:14.466111; landclim-sites:900966:GC21:Lindhultsgöl; landclim-sites:937075:Lindhult,"Lindhultsgöl (landclim-sites; 57.143611, 14.466111); Lindhultsgöl (landclim-sites; 57.143611, 14.466111); Lindhultsgöl (landclim-sites; 57.143600, 14.466100)",27,0.2772,2,fieldwork shortlist; 40 km,14,41,26.86,0.7625,1,3,3,20,41,0.2573,1,0,0,0,0,0,0,0,0,0,18884,3,0.12,0.0,0.0,0.1314,0.6
Lindhultsgöl,Lindhultsgöl,sweden_lake:lindhultsgol:57.143611:14.466111,lindhultsgol,57.143611,14.466111,"https://www.google.com/maps/search/?api=1&query=57.143611,14.466111",landclim-sites:897303:Lindhultsgöl:57.143611:14.466111,landclim-sites,Lindhultsgöl,https://doi.org/10.1594/PANGAEA.897303,source_coordinate_medoid,1,0.0014,,,,,,,,,0.0,,landclim-sites:897303:Lindhultsgöl:57.143611:14.466111; landclim-sites:900966:GC21:Lindhultsgöl; landclim-sites:937075:Lindhult,"Lindhultsgöl (landclim-sites; 57.143611, 14.466111); Lindhultsgöl (landclim-sites; 57.143611, 14.466111); Lindhultsgöl (landclim-sites; 57.143600, 14.466100)",27,0.2772,2,fieldwork shortlist; 40 km,14,41,26.86,0.7625,1,3,3,30,24,0.2825,2,0,0,0,0,0,0,10,4,0,27471,3,0.2,0.0,0.0,0.1999,0.6
Lindhultsgöl,Lindhultsgöl,sweden_lake:lindhultsgol:57.143611:14.466111,lindhultsgol,57.143611,14.466111,"https://www.google.com/maps/search/?api=1&query=57.143611,14.466111",landclim-sites:897303:Lindhultsgöl:57.143611:14.466111,landclim-sites,Lindhultsgöl,https://doi.org/10.1594/PANGAEA.897303,source_coordinate_medoid,1,0.0014,,,,,,,,,0.0,,landclim-sites:897303:Lindhultsgöl:57.143611:14.466111; landclim-sites:900966:GC21:Lindhultsgöl; landclim-sites:937075:Lindhult,"Lindhultsgöl (landclim-sites; 57.143611, 14.466111); Lindhultsgöl (landclim-sites; 57.143611, 14.466111); Lindhultsgöl (landclim-sites; 57.143600, 14.466100)",27,0.2772,2,fieldwork shortlist; 40 km,14,41,26.86,0.7625,1,3,3,40,14,0.3369,4,0,0,1,6,0,0,16,7,1,46236,4,0.3,0.0555,0.0,0.2533,0.8
Lindhultsgöl,Lindhultsgöl,sweden_lake:lindhultsgol:57.143611:14.466111,lindhultsgol,57.143611,14.466111,"https://www.google.com/maps/search/?api=1&query=57.143611,14.466111",landclim-sites:897303:Lindhultsgöl:57.143611:14.466111,landclim-sites,Lindhultsgöl,https://doi.org/10.1594/PANGAEA.897303,source_coordinate_medoid,1,0.0014,,,,,,,,,0.0,,landclim-sites:897303:Lindhultsgöl:57.143611:14.466111; landclim-sites:900966:GC21:Lindhultsgöl; landclim-sites:937075:Lindhult,"Lindhultsgöl (landclim-sites; 57.143611, 14.466111); Lindhultsgöl (landclim-sites; 57.143611, 14.466111); Lindhultsgöl (landclim-sites; 57.143600, 14.466100)",27,0.2772,2,fieldwork shortlist; 40 km,14,41,26.86,0.7625,1,3,3,50,25,0.3263,4,0,0,1,6,0,0,23,9,1,46236,4,0.2666,0.0555,0.0,0.2241,0.8
Ljustjärnen,Ljustjärnen,sweden_lake:ljustjarnen:59.761111:14.490278,ljustjarnen,59.761111,14.490278,"https://www.google.com/maps/search/?api=1&query=59.761111,14.490278",landclim-sites:897303:Ljustjärnen:59.761111:14.490278,landclim-sites,Ljustjärnen,https://doi.org/10.1594/PANGAEA.897303,source_coordinate_medoid,1,0.4678,,,,,,,,,0.0,,landclim-sites:897303:Ljustjärnen:59.761111:14.490278; landclim-sites:937075:LJU; neotoma-pollen:28853,"Ljustjärnen (landclim-sites; 59.761111, 14.490278); Ljustjärnen (landclim-sites; 59.761111, 14.490278); Ljustjärnen (neotoma-pollen; 59.760000, 14.482220)",28,0.2713,0,,23,47,32.67,0.9375,2,3,3,10,23,0.2679,1,0,0,0,0,0,0,0,0,0,2617,3,0.15,0.0,0.0,0.0214,0.6
Ljustjärnen,Ljustjärnen,sweden_lake:ljustjarnen:59.761111:14.490278,ljustjarnen,59.761111,14.490278,"https://www.google.com/maps/search/?api=1&query=59.761111,14.490278",landclim-sites:897303:Ljustjärnen:59.761111:14.490278,landclim-sites,Ljustjärnen,https://doi.org/10.1594/PANGAEA.897303,source_coordinate_medoid,1,0.4678,,,,,,,,,0.0,,landclim-sites:897303:Ljustjärnen:59.761111:14.490278; landclim-sites:937075:LJU; neotoma-pollen:28853,"Ljustjärnen (landclim-sites; 59.761111, 14.490278); Ljustjärnen (landclim-sites; 59.761111, 14.490278); Ljustjärnen (neotoma-pollen; 59.760000, 14.482220)",28,0.2713,0,,23,47,32.67,0.9375,2,3,3,20,34,0.2641,1,0,0,0,0,0,0,0,0,0,2617,3,0.12,0.0,0.0,0.0182,0.6
Ljustjärnen,Ljustjärnen,sweden_lake:ljustjarnen:59.761111:14.490278,ljustjarnen,59.761111,14.490278,"https://www.google.com/maps/search/?api=1&query=59.761111,14.490278",landclim-sites:897303:Ljustjärnen:59.761111:14.490278,landclim-sites,Ljustjärnen,https://doi.org/10.1594/PANGAEA.897303,source_coordinate_medoid,1,0.4678,,,,,,,,,0.0,,landclim-sites:897303:Ljustjärnen:59.761111:14.490278; landclim-sites:937075:LJU; neotoma-pollen:28853,"Ljustjärnen (landclim-sites; 59.761111, 14.490278); Ljustjärnen (landclim-sites; 59.761111, 14.490278); Ljustjärnen (neotoma-pollen; 59.760000, 14.482220)",28,0.2713,0,,23,47,32.67,0.9375,2,3,3,30,30,0.2742,1,0,0,0,0,0,0,0,0,0,11711,3,0.1,0.0,0.0,0.067,0.6
Ljustjärnen,Ljustjärnen,sweden_lake:ljustjarnen:59.761111:14.490278,ljustjarnen,59.761111,14.490278,"https://www.google.com/maps/search/?api=1&query=59.761111,14.490278",landclim-sites:897303:Ljustjärnen:59.761111:14.490278,landclim-sites,Ljustjärnen,https://doi.org/10.1594/PANGAEA.897303,source_coordinate_medoid,1,0.4678,,,,,,,,,0.0,,landclim-sites:897303:Ljustjärnen:59.761111:14.490278; landclim-sites:937075:LJU; neotoma-pollen:28853,"Ljustjärnen (landclim-sites; 59.761111, 14.490278); Ljustjärnen (landclim-sites; 59.761111, 14.490278); Ljustjärnen (neotoma-pollen; 59.760000, 14.482220)",28,0.2713,0,,23,47,32.67,0.9375,2,3,3,40,34,0.2797,1,0,0,0,0,0,0,3,0,0,21167,3,0.075,0.0,0.0,0.0987,0.6
Ljustjärnen,Ljustjärnen,sweden_lake:ljustjarnen:59.761111:14.490278,ljustjarnen,59.761111,14.490278,"https://www.google.com/maps/search/?api=1&query=59.761111,14.490278",landclim-sites:897303:Ljustjärnen:59.761111:14.490278,landclim-sites,Ljustjärnen,https://doi.org/10.1594/PANGAEA.897303,source_coordinate_medoid,1,0.4678,,,,,,,,,0.0,,landclim-sites:897303:Ljustjärnen:59.761111:14.490278; landclim-sites:937075:LJU; neotoma-pollen:28853,"Ljustjärnen (landclim-sites; 59.761111, 14.490278); Ljustjärnen (landclim-sites; 59.761111, 14.490278); Ljustjärnen (neotoma-pollen; 59.760000, 14.482220)",28,0.2713,0,,23,47,32.67,0.9375,2,3,3,50,47,0.2815,2,0,0,0,0,0,0,4,0,0,21167,3,0.1333,0.0,0.0,0.0825,0.6
Badsjön,"Badsjön (68.333333, 18.750000)",sweden_lake:badsjon:68.333333:18.75,badsjon,68.333333,18.75,"https://www.google.com/maps/search/?api=1&query=68.333333,18.750000",landclim-sites:897303:Lake Badsjön:68.333333:18.750000,landclim-sites,Badsjön,https://doi.org/10.1594/PANGAEA.897303,shared_source_coordinate,2,0.0,duplicate_sweden_name,2 Sweden candidates share this cleaned lake name.,,,,,,,0.0,,landclim-sites:897303:Lake Badsjön:68.333333:18.750000; landclim-sites:900966:GC33:Badsjön; landclim-sites:937075:BAD,"Badsjön (landclim-sites; 68.333333, 18.750000); Badsjön (landclim-sites; 68.333333, 18.750000); Badsjön (landclim-sites; 68.333333, 18.750000)",29,0.2696,1,10 km,15,64,38.83,0.7625,1,3,3,10,15,0.2815,4,0,0,0,0,0,0,1,1,0,214,3,0.6,0.0,0.0,0.0361,0.6
Badsjön,"Badsjön (68.333333, 18.750000)",sweden_lake:badsjon:68.333333:18.75,badsjon,68.333333,18.75,"https://www.google.com/maps/search/?api=1&query=68.333333,18.750000",landclim-sites:897303:Lake Badsjön:68.333333:18.750000,landclim-sites,Badsjön,https://doi.org/10.1594/PANGAEA.897303,shared_source_coordinate,2,0.0,duplicate_sweden_name,2 Sweden candidates share this cleaned lake name.,,,,,,,0.0,,landclim-sites:897303:Lake Badsjön:68.333333:18.750000; landclim-sites:900966:GC33:Badsjön; landclim-sites:937075:BAD,"Badsjön (landclim-sites; 68.333333, 18.750000); Badsjön (landclim-sites; 68.333333, 18.750000); Badsjön (landclim-sites; 68.333333, 18.750000)",29,0.2696,1,10 km,15,64,38.83,0.7625,1,3,3,20,28,0.2769,5,0,0,0,0,0,0,1,1,0,341,3,0.6,0.0,0.0,0.0176,0.6
Badsjön,"Badsjön (68.333333, 18.750000)",sweden_lake:badsjon:68.333333:18.75,badsjon,68.333333,18.75,"https://www.google.com/maps/search/?api=1&query=68.333333,18.750000",landclim-sites:897303:Lake Badsjön:68.333333:18.750000,landclim-sites,Badsjön,https://doi.org/10.1594/PANGAEA.897303,shared_source_coordinate,2,0.0,duplicate_sweden_name,2 Sweden candidates share this cleaned lake name.,,,,,,,0.0,,landclim-sites:897303:Lake Badsjön:68.333333:18.750000; landclim-sites:900966:GC33:Badsjön; landclim-sites:937075:BAD,"Badsjön (landclim-sites; 68.333333, 18.750000); Badsjön (landclim-sites; 68.333333, 18.750000); Badsjön (landclim-sites; 68.333333, 18.750000)",29,0.2696,1,10 km,15,64,38.83,0.7625,1,3,3,30,41,0.2644,5,0,0,0,0,0,0,1,1,0,341,3,0.5,0.0,0.0,0.0077,0.6
Badsjön,"Badsjön (68.333333, 18.750000)",sweden_lake:badsjon:68.333333:18.75,badsjon,68.333333,18.75,"https://www.google.com/maps/search/?api=1&query=68.333333,18.750000",landclim-sites:897303:Lake Badsjön:68.333333:18.750000,landclim-sites,Badsjön,https://doi.org/10.1594/PANGAEA.897303,shared_source_coordinate,2,0.0,duplicate_sweden_name,2 Sweden candidates share this cleaned lake name.,,,,,,,0.0,,landclim-sites:897303:Lake Badsjön:68.333333:18.750000; landclim-sites:900966:GC33:Badsjön; landclim-sites:937075:BAD,"Badsjön (landclim-sites; 68.333333, 18.750000); Badsjön (landclim-sites; 68.333333, 18.750000); Badsjön (landclim-sites; 68.333333, 18.750000)",29,0.2696,1,10 km,15,64,38.83,0.7625,1,3,3,40,56,0.2538,5,0,0,0,0,0,0,1,1,0,2565,3,0.375,0.0,0.0,0.0153,0.6
Badsjön,"Badsjön (68.333333, 18.750000)",sweden_lake:badsjon:68.333333:18.75,badsjon,68.333333,18.75,"https://www.google.com/maps/search/?api=1&query=68.333333,18.750000",landclim-sites:897303:Lake Badsjön:68.333333:18.750000,landclim-sites,Badsjön,https://doi.org/10.1594/PANGAEA.897303,shared_source_coordinate,2,0.0,duplicate_sweden_name,2 Sweden candidates share this cleaned lake name.,,,,,,,0.0,,landclim-sites:897303:Lake Badsjön:68.333333:18.750000; landclim-sites:900966:GC33:Badsjön; landclim-sites:937075:BAD,"Badsjön (landclim-sites; 68.333333, 18.750000); Badsjön (landclim-sites; 68.333333, 18.750000); Badsjön (landclim-sites; 68.333333, 18.750000)",29,0.2696,1,10 km,15,64,38.83,0.7625,1,3,3,50,64,0.2499,5,0,0,0,0,0,0,1,1,0,3633,3,0.3334,0.0,0.0,0.0163,0.6
Halsjön II,Halsjön II,sweden_lake:halsjonii:56.23333:15.31667,halsjonii,56.23333,15.31667,"https://www.google.com/maps/search/?api=1&query=56.233330,15.316670",neotoma-pollen:3141,neotoma-pollen,Halsjön II,https://apps.neotomadb.org/explorer/#/record/site/3141,shared_source_coordinate,1,0.0,,,,,,,,,0.0,,neotoma-pollen:3141,"Halsjön II (neotoma-pollen; 56.233330, 15.316670)",30,0.2675,0,,25,51,36,0.6375,1,1,1,10,40,0.2441,1,0,0,0,0,0,0,5,1,0,5849,3,0.15,0.0,0.0,0.1664,0.6
Halsjön II,Halsjön II,sweden_lake:halsjonii:56.23333:15.31667,halsjonii,56.23333,15.31667,"https://www.google.com/maps/search/?api=1&query=56.233330,15.316670",neotoma-pollen:3141,neotoma-pollen,Halsjön II,https://apps.neotomadb.org/explorer/#/record/site/3141,shared_source_coordinate,1,0.0,,,,,,,,,0.0,,neotoma-pollen:3141,"Halsjön II (neotoma-pollen; 56.233330, 15.316670)",30,0.2675,0,,25,51,36,0.6375,1,1,1,20,25,0.283,3,0,0,0,0,0,0,11,3,0,16666,3,0.36,0.0,0.0,0.2379,0.6
Halsjön II,Halsjön II,sweden_lake:halsjonii:56.23333:15.31667,halsjonii,56.23333,15.31667,"https://www.google.com/maps/search/?api=1&query=56.233330,15.316670",neotoma-pollen:3141,neotoma-pollen,Halsjön II,https://apps.neotomadb.org/explorer/#/record/site/3141,shared_source_coordinate,1,0.0,,,,,,,,,0.0,,neotoma-pollen:3141,"Halsjön II (neotoma-pollen; 56.233330, 15.316670)",30,0.2675,0,,25,51,36,0.6375,1,1,1,30,34,0.271,4,0,0,0,0,0,0,21,4,0,16666,3,0.4,0.0,0.0,0.1741,0.6
Halsjön II,Halsjön II,sweden_lake:halsjonii:56.23333:15.31667,halsjonii,56.23333,15.31667,"https://www.google.com/maps/search/?api=1&query=56.233330,15.316670",neotoma-pollen:3141,neotoma-pollen,Halsjön II,https://apps.neotomadb.org/explorer/#/record/site/3141,shared_source_coordinate,1,0.0,,,,,,,,,0.0,,neotoma-pollen:3141,"Halsjön II (neotoma-pollen; 56.233330, 15.316670)",30,0.2675,0,,25,51,36,0.6375,1,1,1,40,36,0.2791,7,0,0,0,0,0,0,25,6,0,19871,3,0.525,0.0,0.0,0.1563,0.6
Halsjön II,Halsjön II,sweden_lake:halsjonii:56.23333:15.31667,halsjonii,56.23333,15.31667,"https://www.google.com/maps/search/?api=1&query=56.233330,15.316670",neotoma-pollen:3141,neotoma-pollen,Halsjön II,https://apps.neotomadb.org/explorer/#/record/site/3141,shared_source_coordinate,1,0.0,,,,,,,,,0.0,,neotoma-pollen:3141,"Halsjön II (neotoma-pollen; 56.233330, 15.316670)",30,0.2675,0,,25,51,36,0.6375,1,1,1,50,51,0.2745,7,0,0,0,0,0,0,29,8,0,26030,3,0.4667,0.0,0.0,0.1613,0.6
Kassjön,"Kassjön (63.916667, 20.016667)",sweden_lake:kassjon:63.916667:20.016667,kassjon,63.916667,20.016667,"https://www.google.com/maps/search/?api=1&query=63.916667,20.016667",landclim-sites:937075:KAS,landclim-sites,Kassjön,https://doi.org/10.1594/PANGAEA.937075,source_coordinate_medoid,1,1.0386,source_coordinate_spread,Source coordinates span 1.04 km inside this candidate.,,,,,,,0.0,,landclim-sites:897303:Kassjön:63.916667:20.016667; landclim-sites:937075:KAS; neotoma-pollen:3185,"Kassjön (landclim-sites; 63.916667, 20.016667); Kassjön (landclim-sites; 63.916667, 20.016667); Kassjön (neotoma-pollen; 63.925480, 20.009630)",31,0.2669,0,,22,53,37.17,0.9375,2,3,3,10,22,0.2685,0,0,0,0,0,0,0,6,0,0,4630,2,0.0,0.0,0.0,0.1641,0.4
Kassjön,"Kassjön (63.916667, 20.016667)",sweden_lake:kassjon:63.916667:20.016667,kassjon,63.916667,20.016667,"https://www.google.com/maps/search/?api=1&query=63.916667,20.016667",landclim-sites:937075:KAS,landclim-sites,Kassjön,https://doi.org/10.1594/PANGAEA.937075,source_coordinate_medoid,1,1.0386,source_coordinate_spread,Source coordinates span 1.04 km inside this candidate.,,,,,,,0.0,,landclim-sites:897303:Kassjön:63.916667:20.016667; landclim-sites:937075:KAS; neotoma-pollen:3185,"Kassjön (landclim-sites; 63.916667, 20.016667); Kassjön (landclim-sites; 63.916667, 20.016667); Kassjön (neotoma-pollen; 63.925480, 20.009630)",31,0.2669,0,,22,53,37.17,0.9375,2,3,3,20,30,0.2713,0,0,0,0,0,0,0,15,0,0,4630,2,0.0,0.0,0.0,0.1751,0.4
Kassjön,"Kassjön (63.916667, 20.016667)",sweden_lake:kassjon:63.916667:20.016667,kassjon,63.916667,20.016667,"https://www.google.com/maps/search/?api=1&query=63.916667,20.016667",landclim-sites:937075:KAS,landclim-sites,Kassjön,https://doi.org/10.1594/PANGAEA.937075,source_coordinate_medoid,1,1.0386,source_coordinate_spread,Source coordinates span 1.04 km inside this candidate.,,,,,,,0.0,,landclim-sites:897303:Kassjön:63.916667:20.016667; landclim-sites:937075:KAS; neotoma-pollen:3185,"Kassjön (landclim-sites; 63.916667, 20.016667); Kassjön (landclim-sites; 63.916667, 20.016667); Kassjön (neotoma-pollen; 63.925480, 20.009630)",31,0.2669,0,,22,53,37.17,0.9375,2,3,3,30,46,0.2587,0,0,0,0,0,0,0,30,0,0,4630,2,0.0,0.0,0.0,0.1248,0.4
Kassjön,"Kassjön (63.916667, 20.016667)",sweden_lake:kassjon:63.916667:20.016667,kassjon,63.916667,20.016667,"https://www.google.com/maps/search/?api=1&query=63.916667,20.016667",landclim-sites:937075:KAS,landclim-sites,Kassjön,https://doi.org/10.1594/PANGAEA.937075,source_coordinate_medoid,1,1.0386,source_coordinate_spread,Source coordinates span 1.04 km inside this candidate.,,,,,,,0.0,,landclim-sites:897303:Kassjön:63.916667:20.016667; landclim-sites:937075:KAS; neotoma-pollen:3185,"Kassjön (landclim-sites; 63.916667, 20.016667); Kassjön (landclim-sites; 63.916667, 20.016667); Kassjön (neotoma-pollen; 63.925480, 20.009630)",31,0.2669,0,,22,53,37.17,0.9375,2,3,3,40,53,0.2563,0,0,0,0,0,0,0,40,0,0,4630,2,0.0,0.0,0.0,0.1153,0.4
Kassjön,"Kassjön (63.916667, 20.016667)",sweden_lake:kassjon:63.916667:20.016667,kassjon,63.916667,20.016667,"https://www.google.com/maps/search/?api=1&query=63.916667,20.016667",landclim-sites:937075:KAS,landclim-sites,Kassjön,https://doi.org/10.1594/PANGAEA.937075,source_coordinate_medoid,1,1.0386,source_coordinate_spread,Source coordinates span 1.04 km inside this candidate.,,,,,,,0.0,,landclim-sites:897303:Kassjön:63.916667:20.016667; landclim-sites:937075:KAS; neotoma-pollen:3185,"Kassjön (landclim-sites; 63.916667, 20.016667); Kassjön (landclim-sites; 63.916667, 20.016667); Kassjön (neotoma-pollen; 63.925480, 20.009630)",31,0.2669,0,,22,53,37.17,0.9375,2,3,3,50,41,0.2838,1,0,0,0,0,0,0,46,0,0,7715,3,0.0667,0.0,0.0,0.1187,0.6
Östra Ringarp,Östra Ringarp,sweden_lake:ostraringarp:56.26417:13.31861,ostraringarp,56.26417,13.31861,"https://www.google.com/maps/search/?api=1&query=56.264170,13.318610",neotoma-pollen:28886,neotoma-pollen,Östra Ringarp,https://apps.neotomadb.org/explorer/#/record/site/28886,shared_source_coordinate,1,0.0,,,,,,,,,0.0,,neotoma-pollen:28886,"Östra Ringarp (neotoma-pollen; 56.264170, 13.318610)",32,0.2662,0,,27,40,35,0.6375,1,1,1,10,27,0.2581,2,0,0,0,0,0,0,3,2,0,8912,3,0.3,0.0,0.0,0.1626,0.6
Östra Ringarp,Östra Ringarp,sweden_lake:ostraringarp:56.26417:13.31861,ostraringarp,56.26417,13.31861,"https://www.google.com/maps/search/?api=1&query=56.264170,13.318610",neotoma-pollen:28886,neotoma-pollen,Östra Ringarp,https://apps.neotomadb.org/explorer/#/record/site/28886,shared_source_coordinate,1,0.0,,,,,,,,,0.0,,neotoma-pollen:28886,"Östra Ringarp (neotoma-pollen; 56.264170, 13.318610)",32,0.2662,0,,27,40,35,0.6375,1,1,1,20,40,0.258,2,0,0,0,0,0,0,6,4,0,15245,3,0.24,0.0,0.0,0.1861,0.6
Östra Ringarp,Östra Ringarp,sweden_lake:ostraringarp:56.26417:13.31861,ostraringarp,56.26417,13.31861,"https://www.google.com/maps/search/?api=1&query=56.264170,13.318610",neotoma-pollen:28886,neotoma-pollen,Östra Ringarp,https://apps.neotomadb.org/explorer/#/record/site/28886,shared_source_coordinate,1,0.0,,,,,,,,,0.0,,neotoma-pollen:28886,"Östra Ringarp (neotoma-pollen; 56.264170, 13.318610)",32,0.2662,0,,27,40,35,0.6375,1,1,1,30,38,0.2655,3,0,0,0,0,0,0,15,7,0,21899,3,0.3,0.0,0.0,0.1919,0.6
Östra Ringarp,Östra Ringarp,sweden_lake:ostraringarp:56.26417:13.31861,ostraringarp,56.26417,13.31861,"https://www.google.com/maps/search/?api=1&query=56.264170,13.318610",neotoma-pollen:28886,neotoma-pollen,Östra Ringarp,https://apps.neotomadb.org/explorer/#/record/site/28886,shared_source_coordinate,1,0.0,,,,,,,,,0.0,,neotoma-pollen:28886,"Östra Ringarp (neotoma-pollen; 56.264170, 13.318610)",32,0.2662,0,,27,40,35,0.6375,1,1,1,40,38,0.2781,4,0,0,0,0,0,0,43,22,0,23125,3,0.3,0.0,0.0,0.2424,0.6
Östra Ringarp,Östra Ringarp,sweden_lake:ostraringarp:56.26417:13.31861,ostraringarp,56.26417,13.31861,"https://www.google.com/maps/search/?api=1&query=56.264170,13.318610",neotoma-pollen:28886,neotoma-pollen,Östra Ringarp,https://apps.neotomadb.org/explorer/#/record/site/28886,shared_source_coordinate,1,0.0,,,,,,,,,0.0,,neotoma-pollen:28886,"Östra Ringarp (neotoma-pollen; 56.264170, 13.318610)",32,0.2662,0,,27,40,35,0.6375,1,1,1,50,35,0.2948,4,0,0,0,0,0,0,73,39,0,33942,3,0.2666,0.0,0.0,0.3227,0.6
Ran Viken,Ran Viken,sweden_lake:ranviken:56.28145:14.29056,ranviken,56.28145,14.29056,"https://www.google.com/maps/search/?api=1&query=56.281450,14.290560",neotoma-pollen:3370,neotoma-pollen,Ran Viken,https://apps.neotomadb.org/explorer/#/record/site/3370,shared_source_coordinate,1,0.0,,,,,,,,,0.0,,neotoma-pollen:3370,"Ran Viken (neotoma-pollen; 56.281450, 14.290560)",33,0.2643,4,fieldwork shortlist; 30 km; 40 km; 50 km,11,63,30.14,0.6375,1,1,1,10,63,0.1948,0,0,0,0,0,0,0,1,0,0,10817,2,0.0,0.0,0.0,0.1094,0.4
Ran Viken,Ran Viken,sweden_lake:ranviken:56.28145:14.29056,ranviken,56.28145,14.29056,"https://www.google.com/maps/search/?api=1&query=56.281450,14.290560",neotoma-pollen:3370,neotoma-pollen,Ran Viken,https://apps.neotomadb.org/explorer/#/record/site/3370,shared_source_coordinate,1,0.0,,,,,,,,,0.0,,neotoma-pollen:3370,"Ran Viken (neotoma-pollen; 56.281450, 14.290560)",33,0.2643,4,fieldwork shortlist; 30 km; 40 km; 50 km,11,63,30.14,0.6375,1,1,1,20,62,0.2228,0,0,0,0,0,0,0,7,3,0,19729,2,0.0,0.0,0.0,0.2211,0.4
Ran Viken,Ran Viken,sweden_lake:ranviken:56.28145:14.29056,ranviken,56.28145,14.29056,"https://www.google.com/maps/search/?api=1&query=56.281450,14.290560",neotoma-pollen:3370,neotoma-pollen,Ran Viken,https://apps.neotomadb.org/explorer/#/record/site/3370,shared_source_coordinate,1,0.0,,,,,,,,,0.0,,neotoma-pollen:3370,"Ran Viken (neotoma-pollen; 56.281450, 14.290560)",33,0.2643,4,fieldwork shortlist; 30 km; 40 km; 50 km,11,63,30.14,0.6375,1,1,1,30,17,0.3064,2,0,0,1,1,0,0,34,16,4,19729,4,0.2,0.0444,0.0,0.28,0.8
Ran Viken,Ran Viken,sweden_lake:ranviken:56.28145:14.29056,ranviken,56.28145,14.29056,"https://www.google.com/maps/search/?api=1&query=56.281450,14.290560",neotoma-pollen:3370,neotoma-pollen,Ran Viken,https://apps.neotomadb.org/explorer/#/record/site/3370,shared_source_coordinate,1,0.0,,,,,,,,,0.0,,neotoma-pollen:3370,"Ran Viken (neotoma-pollen; 56.281450, 14.290560)",33,0.2643,4,fieldwork shortlist; 30 km; 40 km; 50 km,11,63,30.14,0.6375,1,1,1,40,11,0.3487,5,0,0,3,6,0,0,50,22,11,29588,4,0.375,0.1248,0.0,0.3148,0.8
Ran Viken,Ran Viken,sweden_lake:ranviken:56.28145:14.29056,ranviken,56.28145,14.29056,"https://www.google.com/maps/search/?api=1&query=56.281450,14.290560",neotoma-pollen:3370,neotoma-pollen,Ran Viken,https://apps.neotomadb.org/explorer/#/record/site/3370,shared_source_coordinate,1,0.0,,,,,,,,,0.0,,neotoma-pollen:3370,"Ran Viken (neotoma-pollen; 56.281450, 14.290560)",33,0.2643,4,fieldwork shortlist; 30 km; 40 km; 50 km,11,63,30.14,0.6375,1,1,1,50,13,0.3659,7,0,0,3,6,0,0,74,35,11,35437,4,0.4667,0.1248,0.0,0.3469,0.8
Mullsjön,Mullsjön,sweden_lake:mullsjon:58.31761:14.21136,mullsjon,58.31761,14.21136,"https://www.google.com/maps/search/?api=1&query=58.317610,14.211360",neotoma-pollen:3303,neotoma-pollen,Mullsjön,https://apps.neotomadb.org/explorer/#/record/site/3303,shared_source_coordinate,1,0.0,,,,,,,,,0.0,,neotoma-pollen:3303,"Mullsjön (neotoma-pollen; 58.317610, 14.211360)",34,0.2641,2,40 km; 50 km,6,69,40.83,0.6375,1,1,1,10,69,0.1911,0,0,0,0,0,0,0,3,0,0,3815,2,0.0,0.0,0.0,0.0943,0.4
Mullsjön,Mullsjön,sweden_lake:mullsjon:58.31761:14.21136,mullsjon,58.31761,14.21136,"https://www.google.com/maps/search/?api=1&query=58.317610,14.211360",neotoma-pollen:3303,neotoma-pollen,Mullsjön,https://apps.neotomadb.org/explorer/#/record/site/3303,shared_source_coordinate,1,0.0,,,,,,,,,0.0,,neotoma-pollen:3303,"Mullsjön (neotoma-pollen; 58.317610, 14.211360)",34,0.2641,2,40 km; 50 km,6,69,40.83,0.6375,1,1,1,20,67,0.2114,0,0,0,0,0,0,0,8,0,0,14316,2,0.0,0.0,0.0,0.1758,0.4
Mullsjön,Mullsjön,sweden_lake:mullsjon:58.31761:14.21136,mullsjon,58.31761,14.21136,"https://www.google.com/maps/search/?api=1&query=58.317610,14.211360",neotoma-pollen:3303,neotoma-pollen,Mullsjön,https://apps.neotomadb.org/explorer/#/record/site/3303,shared_source_coordinate,1,0.0,,,,,,,,,0.0,,neotoma-pollen:3303,"Mullsjön (neotoma-pollen; 58.317610, 14.211360)",34,0.2641,2,40 km; 50 km,6,69,40.83,0.6375,1,1,1,30,60,0.2389,1,0,0,0,0,0,0,21,6,0,14316,3,0.1,0.0,0.0,0.1657,0.6
Mullsjön,Mullsjön,sweden_lake:mullsjon:58.31761:14.21136,mullsjon,58.31761,14.21136,"https://www.google.com/maps/search/?api=1&query=58.317610,14.211360",neotoma-pollen:3303,neotoma-pollen,Mullsjön,https://apps.neotomadb.org/explorer/#/record/site/3303,shared_source_coordinate,1,0.0,,,,,,,,,0.0,,neotoma-pollen:3303,"Mullsjön (neotoma-pollen; 58.317610, 14.211360)",34,0.2641,2,40 km; 50 km,6,69,40.83,0.6375,1,1,1,40,9,0.3635,2,0,0,4,59,0,0,39,16,13,30970,4,0.15,0.3438,0.0,0.2888,0.8
Mullsjön,Mullsjön,sweden_lake:mullsjon:58.31761:14.21136,mullsjon,58.31761,14.21136,"https://www.google.com/maps/search/?api=1&query=58.317610,14.211360",neotoma-pollen:3303,neotoma-pollen,Mullsjön,https://apps.neotomadb.org/explorer/#/record/site/3303,shared_source_coordinate,1,0.0,,,,,,,,,0.0,,neotoma-pollen:3303,"Mullsjön (neotoma-pollen; 58.317610, 14.211360)",34,0.2641,2,40 km; 50 km,6,69,40.83,0.6375,1,1,1,50,6,0.5158,4,0,0,11,158,0,0,76,29,21,40833,4,0.2666,0.9308,0.0,0.3818,0.8
Kroktjärnen,Kroktjärnen,sweden_lake:kroktjarnen:66.233333:20.85,kroktjarnen,66.233333,20.85,"https://www.google.com/maps/search/?api=1&query=66.233333,20.850000",landclim-sites:937075:KRO,landclim-sites,Kroktjärnen,https://doi.org/10.1594/PANGAEA.937075,source_coordinate_medoid,1,0.0004,,,,,,,,,0.0,,landclim-sites:897303:Kroktjärnen:66.233333:20.850000; landclim-sites:937075:KRO; neotoma-pollen:28865,"Kroktjärnen (landclim-sites; 66.233333, 20.850000); Kroktjärnen (landclim-sites; 66.233333, 20.850000); Kroktjärnen (neotoma-pollen; 66.233330, 20.850000)",35,0.2636,0,,26,58,40.5,0.9375,2,3,3,10,26,0.2656,1,0,0,0,0,0,0,0,0,0,1520,3,0.15,0.0,0.0,0.0124,0.6
Kroktjärnen,Kroktjärnen,sweden_lake:kroktjarnen:66.233333:20.85,kroktjarnen,66.233333,20.85,"https://www.google.com/maps/search/?api=1&query=66.233333,20.850000",landclim-sites:937075:KRO,landclim-sites,Kroktjärnen,https://doi.org/10.1594/PANGAEA.937075,source_coordinate_medoid,1,0.0004,,,,,,,,,0.0,,landclim-sites:897303:Kroktjärnen:66.233333:20.850000; landclim-sites:937075:KRO; neotoma-pollen:28865,"Kroktjärnen (landclim-sites; 66.233333, 20.850000); Kroktjärnen (landclim-sites; 66.233333, 20.850000); Kroktjärnen (neotoma-pollen; 66.233330, 20.850000)",35,0.2636,0,,26,58,40.5,0.9375,2,3,3,20,35,0.2621,1,0,0,0,0,0,0,0,0,0,1520,3,0.12,0.0,0.0,0.0106,0.6
Kroktjärnen,Kroktjärnen,sweden_lake:kroktjarnen:66.233333:20.85,kroktjarnen,66.233333,20.85,"https://www.google.com/maps/search/?api=1&query=66.233333,20.850000",landclim-sites:937075:KRO,landclim-sites,Kroktjärnen,https://doi.org/10.1594/PANGAEA.937075,source_coordinate_medoid,1,0.0004,,,,,,,,,0.0,,landclim-sites:897303:Kroktjärnen:66.233333:20.850000; landclim-sites:937075:KRO; neotoma-pollen:28865,"Kroktjärnen (landclim-sites; 66.233333, 20.850000); Kroktjärnen (landclim-sites; 66.233333, 20.850000); Kroktjärnen (neotoma-pollen; 66.233330, 20.850000)",35,0.2636,0,,26,58,40.5,0.9375,2,3,3,30,40,0.2646,1,0,0,0,0,0,0,0,0,0,4985,3,0.1,0.0,0.0,0.0285,0.6
Kroktjärnen,Kroktjärnen,sweden_lake:kroktjarnen:66.233333:20.85,kroktjarnen,66.233333,20.85,"https://www.google.com/maps/search/?api=1&query=66.233333,20.850000",landclim-sites:937075:KRO,landclim-sites,Kroktjärnen,https://doi.org/10.1594/PANGAEA.937075,source_coordinate_medoid,1,0.0004,,,,,,,,,0.0,,landclim-sites:897303:Kroktjärnen:66.233333:20.850000; landclim-sites:937075:KRO; neotoma-pollen:28865,"Kroktjärnen (landclim-sites; 66.233333, 20.850000); Kroktjärnen (landclim-sites; 66.233333, 20.850000); Kroktjärnen (neotoma-pollen; 66.233330, 20.850000)",35,0.2636,0,,26,58,40.5,0.9375,2,3,3,40,49,0.2618,1,0,0,0,0,0,0,0,0,0,6323,3,0.075,0.0,0.0,0.0273,0.6
Kroktjärnen,Kroktjärnen,sweden_lake:kroktjarnen:66.233333:20.85,kroktjarnen,66.233333,20.85,"https://www.google.com/maps/search/?api=1&query=66.233333,20.850000",landclim-sites:937075:KRO,landclim-sites,Kroktjärnen,https://doi.org/10.1594/PANGAEA.937075,source_coordinate_medoid,1,0.0004,,,,,,,,,0.0,,landclim-sites:897303:Kroktjärnen:66.233333:20.850000; landclim-sites:937075:KRO; neotoma-pollen:28865,"Kroktjärnen (landclim-sites; 66.233333, 20.850000); Kroktjärnen (landclim-sites; 66.233333, 20.850000); Kroktjärnen (neotoma-pollen; 66.233330, 20.850000)",35,0.2636,0,,26,58,40.5,0.9375,2,3,3,50,58,0.2617,1,0,0,0,0,0,0,1,0,0,7946,3,0.0667,0.0,0.0,0.03,0.6
Galtsjön,Galtsjön,sweden_lake:galtsjon:56.21884:15.21014,galtsjon,56.21884,15.21014,"https://www.google.com/maps/search/?api=1&query=56.218840,15.210140",neotoma-pollen:3120,neotoma-pollen,Galtsjön,https://apps.neotomadb.org/explorer/#/record/site/3120,shared_source_coordinate,1,0.0,,,,,,,,,0.0,,neotoma-pollen:3120,"Galtsjön (neotoma-pollen; 56.218840, 15.210140)",36,0.2629,0,,29,54,38.33,0.6375,1,1,1,10,43,0.2388,1,0,0,0,0,0,0,4,1,0,5849,3,0.15,0.0,0.0,0.1453,0.6
Galtsjön,Galtsjön,sweden_lake:galtsjon:56.21884:15.21014,galtsjon,56.21884,15.21014,"https://www.google.com/maps/search/?api=1&query=56.218840,15.210140",neotoma-pollen:3120,neotoma-pollen,Galtsjön,https://apps.neotomadb.org/explorer/#/record/site/3120,shared_source_coordinate,1,0.0,,,,,,,,,0.0,,neotoma-pollen:3120,"Galtsjön (neotoma-pollen; 56.218840, 15.210140)",36,0.2629,0,,29,54,38.33,0.6375,1,1,1,20,29,0.2768,3,0,0,0,0,0,0,9,2,0,16666,3,0.36,0.0,0.0,0.2131,0.6
Galtsjön,Galtsjön,sweden_lake:galtsjon:56.21884:15.21014,galtsjon,56.21884,15.21014,"https://www.google.com/maps/search/?api=1&query=56.218840,15.210140",neotoma-pollen:3120,neotoma-pollen,Galtsjön,https://apps.neotomadb.org/explorer/#/record/site/3120,shared_source_coordinate,1,0.0,,,,,,,,,0.0,,neotoma-pollen:3120,"Galtsjön (neotoma-pollen; 56.218840, 15.210140)",36,0.2629,0,,29,54,38.33,0.6375,1,1,1,30,29,0.2756,4,0,0,0,0,0,0,21,4,0,19871,3,0.4,0.0,0.0,0.1925,0.6
Galtsjön,Galtsjön,sweden_lake:galtsjon:56.21884:15.21014,galtsjon,56.21884,15.21014,"https://www.google.com/maps/search/?api=1&query=56.218840,15.210140",neotoma-pollen:3120,neotoma-pollen,Galtsjön,https://apps.neotomadb.org/explorer/#/record/site/3120,shared_source_coordinate,1,0.0,,,,,,,,,0.0,,neotoma-pollen:3120,"Galtsjön (neotoma-pollen; 56.218840, 15.210140)",36,0.2629,0,,29,54,38.33,0.6375,1,1,1,40,54,0.2561,4,0,0,0,0,0,0,25,5,0,19871,3,0.3,0.0,0.0,0.1545,0.6
Galtsjön,Galtsjön,sweden_lake:galtsjon:56.21884:15.21014,galtsjon,56.21884,15.21014,"https://www.google.com/maps/search/?api=1&query=56.218840,15.210140",neotoma-pollen:3120,neotoma-pollen,Galtsjön,https://apps.neotomadb.org/explorer/#/record/site/3120,shared_source_coordinate,1,0.0,,,,,,,,,0.0,,neotoma-pollen:3120,"Galtsjön (neotoma-pollen; 56.218840, 15.210140)",36,0.2629,0,,29,54,38.33,0.6375,1,1,1,50,39,0.285,8,0,0,0,0,0,0,33,13,0,26030,3,0.5333,0.0,0.0,0.1767,0.6
Bergakyllen,Bergakyllen,sweden_lake:bergakyllen:57.18367:16.14528,bergakyllen,57.18367,16.14528,"https://www.google.com/maps/search/?api=1&query=57.183670,16.145280",neotoma-pollen:3009,neotoma-pollen,Bergakyllen,https://apps.neotomadb.org/explorer/#/record/site/3009,shared_source_coordinate,1,0.0,,,,,,,,,0.0,,neotoma-pollen:3009,"Bergakyllen (neotoma-pollen; 57.183670, 16.145280)",37,0.2619,0,,30,57,38,0.6375,1,1,1,10,36,0.2482,2,0,0,0,0,0,0,1,0,0,12484,3,0.3,0.0,0.0,0.123,0.6
Bergakyllen,Bergakyllen,sweden_lake:bergakyllen:57.18367:16.14528,bergakyllen,57.18367,16.14528,"https://www.google.com/maps/search/?api=1&query=57.183670,16.145280",neotoma-pollen:3009,neotoma-pollen,Bergakyllen,https://apps.neotomadb.org/explorer/#/record/site/3009,shared_source_coordinate,1,0.0,,,,,,,,,0.0,,neotoma-pollen:3009,"Bergakyllen (neotoma-pollen; 57.183670, 16.145280)",37,0.2619,0,,30,57,38,0.6375,1,1,1,20,36,0.2596,4,0,0,0,0,0,0,1,0,0,12484,3,0.48,0.0,0.0,0.0964,0.6
Bergakyllen,Bergakyllen,sweden_lake:bergakyllen:57.18367:16.14528,bergakyllen,57.18367,16.14528,"https://www.google.com/maps/search/?api=1&query=57.183670,16.145280",neotoma-pollen:3009,neotoma-pollen,Bergakyllen,https://apps.neotomadb.org/explorer/#/record/site/3009,shared_source_coordinate,1,0.0,,,,,,,,,0.0,,neotoma-pollen:3009,"Bergakyllen (neotoma-pollen; 57.183670, 16.145280)",37,0.2619,0,,30,57,38,0.6375,1,1,1,30,32,0.2724,4,0,0,0,0,0,0,9,4,0,24492,3,0.4,0.0,0.0,0.1796,0.6
Bergakyllen,Bergakyllen,sweden_lake:bergakyllen:57.18367:16.14528,bergakyllen,57.18367,16.14528,"https://www.google.com/maps/search/?api=1&query=57.183670,16.145280",neotoma-pollen:3009,neotoma-pollen,Bergakyllen,https://apps.neotomadb.org/explorer/#/record/site/3009,shared_source_coordinate,1,0.0,,,,,,,,,0.0,,neotoma-pollen:3009,"Bergakyllen (neotoma-pollen; 57.183670, 16.145280)",37,0.2619,0,,30,57,38,0.6375,1,1,1,40,57,0.2528,4,0,0,0,0,0,0,11,5,0,24492,3,0.3,0.0,0.0,0.1412,0.6
Bergakyllen,Bergakyllen,sweden_lake:bergakyllen:57.18367:16.14528,bergakyllen,57.18367,16.14528,"https://www.google.com/maps/search/?api=1&query=57.183670,16.145280",neotoma-pollen:3009,neotoma-pollen,Bergakyllen,https://apps.neotomadb.org/explorer/#/record/site/3009,shared_source_coordinate,1,0.0,,,,,,,,,0.0,,neotoma-pollen:3009,"Bergakyllen (neotoma-pollen; 57.183670, 16.145280)",37,0.2619,0,,30,57,38,0.6375,1,1,1,50,30,0.3013,4,0,0,1,32,0,0,24,12,0,24492,4,0.2666,0.146,0.0,0.1518,0.8
Skvarran,Skvarran,sweden_lake:skvarran:57.1894:16.15266,skvarran,57.1894,16.15266,"https://www.google.com/maps/search/?api=1&query=57.189400,16.152660",neotoma-pollen:3419,neotoma-pollen,Skvarran,https://apps.neotomadb.org/explorer/#/record/site/3419,shared_source_coordinate,1,0.0,,,,,,,,,0.0,,neotoma-pollen:3419,"Skvarran (neotoma-pollen; 57.189400, 16.152660)",38,0.2619,0,,31,58,39,0.6375,1,1,1,10,37,0.2482,2,0,0,0,0,0,0,1,0,0,12484,3,0.3,0.0,0.0,0.123,0.6
Skvarran,Skvarran,sweden_lake:skvarran:57.1894:16.15266,skvarran,57.1894,16.15266,"https://www.google.com/maps/search/?api=1&query=57.189400,16.152660",neotoma-pollen:3419,neotoma-pollen,Skvarran,https://apps.neotomadb.org/explorer/#/record/site/3419,shared_source_coordinate,1,0.0,,,,,,,,,0.0,,neotoma-pollen:3419,"Skvarran (neotoma-pollen; 57.189400, 16.152660)",38,0.2619,0,,31,58,39,0.6375,1,1,1,20,37,0.2596,4,0,0,0,0,0,0,1,0,0,12484,3,0.48,0.0,0.0,0.0964,0.6
Skvarran,Skvarran,sweden_lake:skvarran:57.1894:16.15266,skvarran,57.1894,16.15266,"https://www.google.com/maps/search/?api=1&query=57.189400,16.152660",neotoma-pollen:3419,neotoma-pollen,Skvarran,https://apps.neotomadb.org/explorer/#/record/site/3419,shared_source_coordinate,1,0.0,,,,,,,,,0.0,,neotoma-pollen:3419,"Skvarran (neotoma-pollen; 57.189400, 16.152660)",38,0.2619,0,,31,58,39,0.6375,1,1,1,30,33,0.2724,4,0,0,0,0,0,0,9,4,0,24492,3,0.4,0.0,0.0,0.1796,0.6
Skvarran,Skvarran,sweden_lake:skvarran:57.1894:16.15266,skvarran,57.1894,16.15266,"https://www.google.com/maps/search/?api=1&query=57.189400,16.152660",neotoma-pollen:3419,neotoma-pollen,Skvarran,https://apps.neotomadb.org/explorer/#/record/site/3419,shared_source_coordinate,1,0.0,,,,,,,,,0.0,,neotoma-pollen:3419,"Skvarran (neotoma-pollen; 57.189400, 16.152660)",38,0.2619,0,,31,58,39,0.6375,1,1,1,40,58,0.2528,4,0,0,0,0,0,0,11,5,0,24492,3,0.3,0.0,0.0,0.1412,0.6
Skvarran,Skvarran,sweden_lake:skvarran:57.1894:16.15266,skvarran,57.1894,16.15266,"https://www.google.com/maps/search/?api=1&query=57.189400,16.152660",neotoma-pollen:3419,neotoma-pollen,Skvarran,https://apps.neotomadb.org/explorer/#/record/site/3419,shared_source_coordinate,1,0.0,,,,,,,,,0.0,,neotoma-pollen:3419,"Skvarran (neotoma-pollen; 57.189400, 16.152660)",38,0.2619,0,,31,58,39,0.6375,1,1,1,50,31,0.3013,4,0,0,1,32,0,0,24,12,0,24492,4,0.2666,0.146,0.0,0.1518,0.8
Gilltjärnen,"Gilltjärnen (60.083333, 15.833333)",sweden_lake:gilltjarnen:60.083333:15.833333,gilltjarnen,60.083333,15.833333,"https://www.google.com/maps/search/?api=1&query=60.083333,15.833333",landclim-sites:897303:Gilltjärnen:60.083333:15.833333,landclim-sites,Gilltjärnen,https://doi.org/10.1594/PANGAEA.897303,source_coordinate_medoid,2,0.0004,duplicate_sweden_name,2 Sweden candidates share this cleaned lake name.,,,,,,,0.0,,landclim-sites:897303:Gilltjärnen:60.083333:15.833333; neotoma-pollen:28866,"Gilltjärnen (landclim-sites; 60.083333, 15.833333); Gilltjärnen (neotoma-pollen; 60.083330, 15.833330)",39,0.2611,1,fieldwork shortlist,14,59,36.14,0.875,2,2,2,10,38,0.245,0,0,0,0,0,0,0,1,0,0,12100,2,0.0,0.0,0.0,0.1198,0.4
Gilltjärnen,"Gilltjärnen (60.083333, 15.833333)",sweden_lake:gilltjarnen:60.083333:15.833333,gilltjarnen,60.083333,15.833333,"https://www.google.com/maps/search/?api=1&query=60.083333,15.833333",landclim-sites:897303:Gilltjärnen:60.083333:15.833333,landclim-sites,Gilltjärnen,https://doi.org/10.1594/PANGAEA.897303,source_coordinate_medoid,2,0.0004,duplicate_sweden_name,2 Sweden candidates share this cleaned lake name.,,,,,,,0.0,,landclim-sites:897303:Gilltjärnen:60.083333:15.833333; neotoma-pollen:28866,"Gilltjärnen (landclim-sites; 60.083333, 15.833333); Gilltjärnen (neotoma-pollen; 60.083330, 15.833330)",39,0.2611,1,fieldwork shortlist,14,59,36.14,0.875,2,2,2,20,31,0.2671,0,0,0,0,0,0,0,2,0,0,27226,2,0.0,0.0,0.0,0.2085,0.4
Gilltjärnen,"Gilltjärnen (60.083333, 15.833333)",sweden_lake:gilltjarnen:60.083333:15.833333,gilltjarnen,60.083333,15.833333,"https://www.google.com/maps/search/?api=1&query=60.083333,15.833333",landclim-sites:897303:Gilltjärnen:60.083333:15.833333,landclim-sites,Gilltjärnen,https://doi.org/10.1594/PANGAEA.897303,source_coordinate_medoid,2,0.0004,duplicate_sweden_name,2 Sweden candidates share this cleaned lake name.,,,,,,,0.0,,landclim-sites:897303:Gilltjärnen:60.083333:15.833333; neotoma-pollen:28866,"Gilltjärnen (landclim-sites; 60.083333, 15.833333); Gilltjärnen (neotoma-pollen; 60.083330, 15.833330)",39,0.2611,1,fieldwork shortlist,14,59,36.14,0.875,2,2,2,30,44,0.2597,0,0,0,0,0,0,0,7,0,0,27226,2,0.0,0.0,0.0,0.1786,0.4
Gilltjärnen,"Gilltjärnen (60.083333, 15.833333)",sweden_lake:gilltjarnen:60.083333:15.833333,gilltjarnen,60.083333,15.833333,"https://www.google.com/maps/search/?api=1&query=60.083333,15.833333",landclim-sites:897303:Gilltjärnen:60.083333:15.833333,landclim-sites,Gilltjärnen,https://doi.org/10.1594/PANGAEA.897303,source_coordinate_medoid,2,0.0004,duplicate_sweden_name,2 Sweden candidates share this cleaned lake name.,,,,,,,0.0,,landclim-sites:897303:Gilltjärnen:60.083333:15.833333; neotoma-pollen:28866,"Gilltjärnen (landclim-sites; 60.083333, 15.833333); Gilltjärnen (neotoma-pollen; 60.083330, 15.833330)",39,0.2611,1,fieldwork shortlist,14,59,36.14,0.875,2,2,2,40,59,0.2528,0,0,0,0,0,0,0,14,0,0,27226,2,0.0,0.0,0.0,0.151,0.4
Gilltjärnen,"Gilltjärnen (60.083333, 15.833333)",sweden_lake:gilltjarnen:60.083333:15.833333,gilltjarnen,60.083333,15.833333,"https://www.google.com/maps/search/?api=1&query=60.083333,15.833333",landclim-sites:897303:Gilltjärnen:60.083333:15.833333,landclim-sites,Gilltjärnen,https://doi.org/10.1594/PANGAEA.897303,source_coordinate_medoid,2,0.0004,duplicate_sweden_name,2 Sweden candidates share this cleaned lake name.,,,,,,,0.0,,landclim-sites:897303:Gilltjärnen:60.083333:15.833333; neotoma-pollen:28866,"Gilltjärnen (landclim-sites; 60.083333, 15.833333); Gilltjärnen (neotoma-pollen; 60.083330, 15.833330)",39,0.2611,1,fieldwork shortlist,14,59,36.14,0.875,2,2,2,50,28,0.3098,1,0,0,1,1,0,0,24,2,0,31574,4,0.0667,0.0381,0.0,0.162,0.8
Kroksjön,Kroksjön,sweden_lake:kroksjon:56.27346:15.00843,kroksjon,56.27346,15.00843,"https://www.google.com/maps/search/?api=1&query=56.273460,15.008430",neotoma-pollen:3206,neotoma-pollen,Kroksjön,https://apps.neotomadb.org/explorer/#/record/site/3206,shared_source_coordinate,1,0.0,,,,,,,,,0.0,,neotoma-pollen:3206,"Kroksjön (neotoma-pollen; 56.273460, 15.008430)",40,0.2592,0,,23,54,39.83,0.6375,1,1,1,10,54,0.2207,0,0,0,0,0,0,0,3,1,0,16666,2,0.0,0.0,0.0,0.2126,0.4
Kroksjön,Kroksjön,sweden_lake:kroksjon:56.27346:15.00843,kroksjon,56.27346,15.00843,"https://www.google.com/maps/search/?api=1&query=56.273460,15.008430",neotoma-pollen:3206,neotoma-pollen,Kroksjön,https://apps.neotomadb.org/explorer/#/record/site/3206,shared_source_coordinate,1,0.0,,,,,,,,,0.0,,neotoma-pollen:3206,"Kroksjön (neotoma-pollen; 56.273460, 15.008430)",40,0.2592,0,,23,54,39.83,0.6375,1,1,1,20,23,0.2839,3,0,0,0,0,0,0,12,2,0,16666,3,0.36,0.0,0.0,0.2417,0.6
Kroksjön,Kroksjön,sweden_lake:kroksjon:56.27346:15.00843,kroksjon,56.27346,15.00843,"https://www.google.com/maps/search/?api=1&query=56.273460,15.008430",neotoma-pollen:3206,neotoma-pollen,Kroksjön,https://apps.neotomadb.org/explorer/#/record/site/3206,shared_source_coordinate,1,0.0,,,,,,,,,0.0,,neotoma-pollen:3206,"Kroksjön (neotoma-pollen; 56.273460, 15.008430)",40,0.2592,0,,23,54,39.83,0.6375,1,1,1,30,39,0.2649,4,0,0,0,0,0,0,15,2,0,16666,3,0.4,0.0,0.0,0.1495,0.6
Kroksjön,Kroksjön,sweden_lake:kroksjon:56.27346:15.00843,kroksjon,56.27346,15.00843,"https://www.google.com/maps/search/?api=1&query=56.273460,15.008430",neotoma-pollen:3206,neotoma-pollen,Kroksjön,https://apps.neotomadb.org/explorer/#/record/site/3206,shared_source_coordinate,1,0.0,,,,,,,,,0.0,,neotoma-pollen:3206,"Kroksjön (neotoma-pollen; 56.273460, 15.008430)",40,0.2592,0,,23,54,39.83,0.6375,1,1,1,40,43,0.2709,6,0,0,0,0,0,0,23,7,0,19871,3,0.45,0.0,0.0,0.1534,0.6
Kroksjön,Kroksjön,sweden_lake:kroksjon:56.27346:15.00843,kroksjon,56.27346,15.00843,"https://www.google.com/maps/search/?api=1&query=56.273460,15.008430",neotoma-pollen:3206,neotoma-pollen,Kroksjön,https://apps.neotomadb.org/explorer/#/record/site/3206,shared_source_coordinate,1,0.0,,,,,,,,,0.0,,neotoma-pollen:3206,"Kroksjön (neotoma-pollen; 56.273460, 15.008430)",40,0.2592,0,,23,54,39.83,0.6375,1,1,1,50,40,0.2842,8,0,0,0,0,0,0,40,16,0,19871,3,0.5333,0.0,0.0,0.1733,0.6
Siggaboda,Siggaboda,sweden_lake:siggaboda:56.46667:14.56667,siggaboda,56.46667,14.56667,"https://www.google.com/maps/search/?api=1&query=56.466670,14.566670",neotoma-pollen:28890,neotoma-pollen,Siggaboda,https://apps.neotomadb.org/explorer/#/record/site/28890,shared_source_coordinate,1,0.0,,,,,,,,,0.0,,neotoma-pollen:28890,"Siggaboda (neotoma-pollen; 56.466670, 14.566670)",41,0.2589,0,,32,54,40,0.6375,1,1,1,10,34,0.2501,2,0,0,0,0,0,0,2,0,0,10817,3,0.3,0.0,0.0,0.1305,0.6
Siggaboda,Siggaboda,sweden_lake:siggaboda:56.46667:14.56667,siggaboda,56.46667,14.56667,"https://www.google.com/maps/search/?api=1&query=56.466670,14.566670",neotoma-pollen:28890,neotoma-pollen,Siggaboda,https://apps.neotomadb.org/explorer/#/record/site/28890,shared_source_coordinate,1,0.0,,,,,,,,,0.0,,neotoma-pollen:28890,"Siggaboda (neotoma-pollen; 56.466670, 14.566670)",41,0.2589,0,,32,54,40,0.6375,1,1,1,20,54,0.2399,2,0,0,0,0,0,0,4,0,0,10817,3,0.24,0.0,0.0,0.1134,0.6
Siggaboda,Siggaboda,sweden_lake:siggaboda:56.46667:14.56667,siggaboda,56.46667,14.56667,"https://www.google.com/maps/search/?api=1&query=56.466670,14.566670",neotoma-pollen:28890,neotoma-pollen,Siggaboda,https://apps.neotomadb.org/explorer/#/record/site/28890,shared_source_coordinate,1,0.0,,,,,,,,,0.0,,neotoma-pollen:28890,"Siggaboda (neotoma-pollen; 56.466670, 14.566670)",41,0.2589,0,,32,54,40,0.6375,1,1,1,30,37,0.2662,5,0,0,0,0,0,0,6,0,0,16666,3,0.5,0.0,0.0,0.115,0.6
Siggaboda,Siggaboda,sweden_lake:siggaboda:56.46667:14.56667,siggaboda,56.46667,14.56667,"https://www.google.com/maps/search/?api=1&query=56.466670,14.566670",neotoma-pollen:28890,neotoma-pollen,Siggaboda,https://apps.neotomadb.org/explorer/#/record/site/28890,shared_source_coordinate,1,0.0,,,,,,,,,0.0,,neotoma-pollen:28890,"Siggaboda (neotoma-pollen; 56.466670, 14.566670)",41,0.2589,0,,32,54,40,0.6375,1,1,1,40,42,0.2727,6,0,0,0,0,0,0,18,4,0,25578,3,0.45,0.0,0.0,0.1607,0.6
Siggaboda,Siggaboda,sweden_lake:siggaboda:56.46667:14.56667,siggaboda,56.46667,14.56667,"https://www.google.com/maps/search/?api=1&query=56.466670,14.566670",neotoma-pollen:28890,neotoma-pollen,Siggaboda,https://apps.neotomadb.org/explorer/#/record/site/28890,shared_source_coordinate,1,0.0,,,,,,,,,0.0,,neotoma-pollen:28890,"Siggaboda (neotoma-pollen; 56.466670, 14.566670)",41,0.2589,0,,32,54,40,0.6375,1,1,1,50,32,0.2972,9,0,0,0,0,0,0,42,17,0,25578,3,0.6,0.0,0.0,0.1989,0.6
Hälsegyl,Hälsegyl,sweden_lake:halsegyl:56.5436:14.6097,halsegyl,56.5436,14.6097,"https://www.google.com/maps/search/?api=1&query=56.543600,14.609700",neotoma-pollen:3140,neotoma-pollen,Hälsegyl,https://apps.neotomadb.org/explorer/#/record/site/3140,shared_source_coordinate,1,0.0,,,,,,,,,0.0,,neotoma-pollen:3140,"Hälsegyl (neotoma-pollen; 56.543600, 14.609700)",42,0.2585,0,,35,52,43.83,0.6375,1,1,1,10,35,0.2501,2,0,0,0,0,0,0,2,0,0,10817,3,0.3,0.0,0.0,0.1305,0.6
Hälsegyl,Hälsegyl,sweden_lake:halsegyl:56.5436:14.6097,halsegyl,56.5436,14.6097,"https://www.google.com/maps/search/?api=1&query=56.543600,14.609700",neotoma-pollen:3140,neotoma-pollen,Hälsegyl,https://apps.neotomadb.org/explorer/#/record/site/3140,shared_source_coordinate,1,0.0,,,,,,,,,0.0,,neotoma-pollen:3140,"Hälsegyl (neotoma-pollen; 56.543600, 14.609700)",42,0.2585,0,,35,52,43.83,0.6375,1,1,1,20,45,0.2519,3,0,0,0,0,0,0,4,0,0,10817,3,0.36,0.0,0.0,0.1134,0.6
Hälsegyl,Hälsegyl,sweden_lake:halsegyl:56.5436:14.6097,halsegyl,56.5436,14.6097,"https://www.google.com/maps/search/?api=1&query=56.543600,14.609700",neotoma-pollen:3140,neotoma-pollen,Hälsegyl,https://apps.neotomadb.org/explorer/#/record/site/3140,shared_source_coordinate,1,0.0,,,,,,,,,0.0,,neotoma-pollen:3140,"Hälsegyl (neotoma-pollen; 56.543600, 14.609700)",42,0.2585,0,,35,52,43.83,0.6375,1,1,1,30,50,0.2577,4,0,0,0,0,0,0,7,1,0,16666,3,0.4,0.0,0.0,0.1208,0.6
Hälsegyl,Hälsegyl,sweden_lake:halsegyl:56.5436:14.6097,halsegyl,56.5436,14.6097,"https://www.google.com/maps/search/?api=1&query=56.543600,14.609700",neotoma-pollen:3140,neotoma-pollen,Hälsegyl,https://apps.neotomadb.org/explorer/#/record/site/3140,shared_source_coordinate,1,0.0,,,,,,,,,0.0,,neotoma-pollen:3140,"Hälsegyl (neotoma-pollen; 56.543600, 14.609700)",42,0.2585,0,,35,52,43.83,0.6375,1,1,1,40,39,0.2772,7,0,0,0,0,0,0,13,4,0,25578,3,0.525,0.0,0.0,0.1488,0.6
Hälsegyl,Hälsegyl,sweden_lake:halsegyl:56.5436:14.6097,halsegyl,56.5436,14.6097,"https://www.google.com/maps/search/?api=1&query=56.543600,14.609700",neotoma-pollen:3140,neotoma-pollen,Hälsegyl,https://apps.neotomadb.org/explorer/#/record/site/3140,shared_source_coordinate,1,0.0,,,,,,,,,0.0,,neotoma-pollen:3140,"Hälsegyl (neotoma-pollen; 56.543600, 14.609700)",42,0.2585,0,,35,52,43.83,0.6375,1,1,1,50,52,0.274,7,0,0,0,0,0,0,28,9,0,25578,3,0.4667,0.0,0.0,0.1592,0.6
Lilla Gloppsjön,Lilla Gloppsjön,sweden_lake:lillagloppsjon:59.804444:14.627778,lillagloppsjon,59.804444,14.627778,"https://www.google.com/maps/search/?api=1&query=59.804444,14.627778",landclim-sites:937075:LGLOPPSJ,landclim-sites,Lilla Gloppsjön,https://doi.org/10.1594/PANGAEA.937075,source_coordinate_medoid,1,0.3963,,,,,,,,,0.0,,landclim-sites:937075:LGLOPPSJ; neotoma-pollen:3234,"Lilla Gloppsjön (landclim-sites; 59.804444, 14.627778); Lilla Gloppsjön (neotoma-pollen; 59.801670, 14.623330)",43,0.2573,0,,33,55,46.33,0.875,2,2,2,10,33,0.2553,1,0,0,0,0,0,0,0,0,0,2617,3,0.15,0.0,0.0,0.0214,0.6
Lilla Gloppsjön,Lilla Gloppsjön,sweden_lake:lillagloppsjon:59.804444:14.627778,lillagloppsjon,59.804444,14.627778,"https://www.google.com/maps/search/?api=1&query=59.804444,14.627778",landclim-sites:937075:LGLOPPSJ,landclim-sites,Lilla Gloppsjön,https://doi.org/10.1594/PANGAEA.937075,source_coordinate_medoid,1,0.3963,,,,,,,,,0.0,,landclim-sites:937075:LGLOPPSJ; neotoma-pollen:3234,"Lilla Gloppsjön (landclim-sites; 59.804444, 14.627778); Lilla Gloppsjön (neotoma-pollen; 59.801670, 14.623330)",43,0.2573,0,,33,55,46.33,0.875,2,2,2,20,50,0.2516,1,0,0,0,0,0,0,0,0,0,2617,3,0.12,0.0,0.0,0.0182,0.6
Lilla Gloppsjön,Lilla Gloppsjön,sweden_lake:lillagloppsjon:59.804444:14.627778,lillagloppsjon,59.804444,14.627778,"https://www.google.com/maps/search/?api=1&query=59.804444,14.627778",landclim-sites:937075:LGLOPPSJ,landclim-sites,Lilla Gloppsjön,https://doi.org/10.1594/PANGAEA.937075,source_coordinate_medoid,1,0.3963,,,,,,,,,0.0,,landclim-sites:937075:LGLOPPSJ; neotoma-pollen:3234,"Lilla Gloppsjön (landclim-sites; 59.804444, 14.627778); Lilla Gloppsjön (neotoma-pollen; 59.801670, 14.623330)",43,0.2573,0,,33,55,46.33,0.875,2,2,2,30,47,0.2584,1,0,0,0,0,0,0,2,0,0,8221,3,0.1,0.0,0.0,0.0536,0.6
Lilla Gloppsjön,Lilla Gloppsjön,sweden_lake:lillagloppsjon:59.804444:14.627778,lillagloppsjon,59.804444,14.627778,"https://www.google.com/maps/search/?api=1&query=59.804444,14.627778",landclim-sites:937075:LGLOPPSJ,landclim-sites,Lilla Gloppsjön,https://doi.org/10.1594/PANGAEA.937075,source_coordinate_medoid,1,0.3963,,,,,,,,,0.0,,landclim-sites:937075:LGLOPPSJ; neotoma-pollen:3234,"Lilla Gloppsjön (landclim-sites; 59.804444, 14.627778); Lilla Gloppsjön (neotoma-pollen; 59.801670, 14.623330)",43,0.2573,0,,33,55,46.33,0.875,2,2,2,40,50,0.2612,1,0,0,0,0,0,0,3,0,0,15699,3,0.075,0.0,0.0,0.075,0.6
Lilla Gloppsjön,Lilla Gloppsjön,sweden_lake:lillagloppsjon:59.804444:14.627778,lillagloppsjon,59.804444,14.627778,"https://www.google.com/maps/search/?api=1&query=59.804444,14.627778",landclim-sites:937075:LGLOPPSJ,landclim-sites,Lilla Gloppsjön,https://doi.org/10.1594/PANGAEA.937075,source_coordinate_medoid,1,0.3963,,,,,,,,,0.0,,landclim-sites:937075:LGLOPPSJ; neotoma-pollen:3234,"Lilla Gloppsjön (landclim-sites; 59.804444, 14.627778); Lilla Gloppsjön (neotoma-pollen; 59.801670, 14.623330)",43,0.2573,0,,33,55,46.33,0.875,2,2,2,50,55,0.2695,2,0,0,0,0,0,0,5,0,0,21167,3,0.1333,0.0,0.0,0.0845,0.6
Tibetanus,Tibetanus,sweden_lake:tibetanus:68.333333:18.7,tibetanus,68.333333,18.7,"https://www.google.com/maps/search/?api=1&query=68.333333,18.700000",landclim-sites:897303:Lake Tibetanus:68.333333:18.700000,landclim-sites,Tibetanus,https://doi.org/10.1594/PANGAEA.897303,shared_source_coordinate,1,0.0,,,,,,,,,0.0,,landclim-sites:897303:Lake Tibetanus:68.333333:18.700000; landclim-sites:937075:TIB,"Tibetanus (landclim-sites; 68.333333, 18.700000); Tibetanus (landclim-sites; 68.333333, 18.700000)",44,0.2571,0,,21,68,47.17,0.7,1,2,2,10,21,0.269,4,0,0,0,0,0,0,1,1,0,214,3,0.6,0.0,0.0,0.0361,0.6
Tibetanus,Tibetanus,sweden_lake:tibetanus:68.333333:18.7,tibetanus,68.333333,18.7,"https://www.google.com/maps/search/?api=1&query=68.333333,18.700000",landclim-sites:897303:Lake Tibetanus:68.333333:18.700000,landclim-sites,Tibetanus,https://doi.org/10.1594/PANGAEA.897303,shared_source_coordinate,1,0.0,,,,,,,,,0.0,,landclim-sites:897303:Lake Tibetanus:68.333333:18.700000; landclim-sites:937075:TIB,"Tibetanus (landclim-sites; 68.333333, 18.700000); Tibetanus (landclim-sites; 68.333333, 18.700000)",44,0.2571,0,,21,68,47.17,0.7,1,2,2,20,33,0.2644,5,0,0,0,0,0,0,1,1,0,341,3,0.6,0.0,0.0,0.0176,0.6
Tibetanus,Tibetanus,sweden_lake:tibetanus:68.333333:18.7,tibetanus,68.333333,18.7,"https://www.google.com/maps/search/?api=1&query=68.333333,18.700000",landclim-sites:897303:Lake Tibetanus:68.333333:18.700000,landclim-sites,Tibetanus,https://doi.org/10.1594/PANGAEA.897303,shared_source_coordinate,1,0.0,,,,,,,,,0.0,,landclim-sites:897303:Lake Tibetanus:68.333333:18.700000; landclim-sites:937075:TIB,"Tibetanus (landclim-sites; 68.333333, 18.700000); Tibetanus (landclim-sites; 68.333333, 18.700000)",44,0.2571,0,,21,68,47.17,0.7,1,2,2,30,53,0.252,5,0,0,0,0,0,0,1,1,0,349,3,0.5,0.0,0.0,0.0078,0.6
Tibetanus,Tibetanus,sweden_lake:tibetanus:68.333333:18.7,tibetanus,68.333333,18.7,"https://www.google.com/maps/search/?api=1&query=68.333333,18.700000",landclim-sites:897303:Lake Tibetanus:68.333333:18.700000,landclim-sites,Tibetanus,https://doi.org/10.1594/PANGAEA.897303,shared_source_coordinate,1,0.0,,,,,,,,,0.0,,landclim-sites:897303:Lake Tibetanus:68.333333:18.700000; landclim-sites:937075:TIB,"Tibetanus (landclim-sites; 68.333333, 18.700000); Tibetanus (landclim-sites; 68.333333, 18.700000)",44,0.2571,0,,21,68,47.17,0.7,1,2,2,40,64,0.2413,5,0,0,0,0,0,0,1,1,0,2565,3,0.375,0.0,0.0,0.0153,0.6
Tibetanus,Tibetanus,sweden_lake:tibetanus:68.333333:18.7,tibetanus,68.333333,18.7,"https://www.google.com/maps/search/?api=1&query=68.333333,18.700000",landclim-sites:897303:Lake Tibetanus:68.333333:18.700000,landclim-sites,Tibetanus,https://doi.org/10.1594/PANGAEA.897303,shared_source_coordinate,1,0.0,,,,,,,,,0.0,,landclim-sites:897303:Lake Tibetanus:68.333333:18.700000; landclim-sites:937075:TIB,"Tibetanus (landclim-sites; 68.333333, 18.700000); Tibetanus (landclim-sites; 68.333333, 18.700000)",44,0.2571,0,,21,68,47.17,0.7,1,2,2,50,68,0.2374,5,0,0,0,0,0,0,1,1,0,3633,3,0.3334,0.0,0.0,0.0163,0.6
Kalven,Kalven,sweden_lake:kalven:56.53516:14.55571,kalven,56.53516,14.55571,"https://www.google.com/maps/search/?api=1&query=56.535160,14.555710",neotoma-pollen:3179,neotoma-pollen,Kalven,https://apps.neotomadb.org/explorer/#/record/site/3179,shared_source_coordinate,1,0.0,,,,,,,,,0.0,,neotoma-pollen:3179,"Kalven (neotoma-pollen; 56.535160, 14.555710)",45,0.2549,0,,39,51,46.67,0.6375,1,1,1,10,39,0.2449,2,0,0,0,0,0,0,1,0,0,10817,3,0.3,0.0,0.0,0.1094,0.6
Kalven,Kalven,sweden_lake:kalven:56.53516:14.55571,kalven,56.53516,14.55571,"https://www.google.com/maps/search/?api=1&query=56.535160,14.555710",neotoma-pollen:3179,neotoma-pollen,Kalven,https://apps.neotomadb.org/explorer/#/record/site/3179,shared_source_coordinate,1,0.0,,,,,,,,,0.0,,neotoma-pollen:3179,"Kalven (neotoma-pollen; 56.535160, 14.555710)",45,0.2549,0,,39,51,46.67,0.6375,1,1,1,20,46,0.2519,3,0,0,0,0,0,0,4,0,0,10817,3,0.36,0.0,0.0,0.1134,0.6
Kalven,Kalven,sweden_lake:kalven:56.53516:14.55571,kalven,56.53516,14.55571,"https://www.google.com/maps/search/?api=1&query=56.535160,14.555710",neotoma-pollen:3179,neotoma-pollen,Kalven,https://apps.neotomadb.org/explorer/#/record/site/3179,shared_source_coordinate,1,0.0,,,,,,,,,0.0,,neotoma-pollen:3179,"Kalven (neotoma-pollen; 56.535160, 14.555710)",45,0.2549,0,,39,51,46.67,0.6375,1,1,1,30,51,0.2562,4,0,0,0,0,0,0,6,0,0,16666,3,0.4,0.0,0.0,0.115,0.6
Kalven,Kalven,sweden_lake:kalven:56.53516:14.55571,kalven,56.53516,14.55571,"https://www.google.com/maps/search/?api=1&query=56.535160,14.555710",neotoma-pollen:3179,neotoma-pollen,Kalven,https://apps.neotomadb.org/explorer/#/record/site/3179,shared_source_coordinate,1,0.0,,,,,,,,,0.0,,neotoma-pollen:3179,"Kalven (neotoma-pollen; 56.535160, 14.555710)",45,0.2549,0,,39,51,46.67,0.6375,1,1,1,40,51,0.2606,5,0,0,0,0,0,0,11,3,0,25578,3,0.375,0.0,0.0,0.1423,0.6
Kalven,Kalven,sweden_lake:kalven:56.53516:14.55571,kalven,56.53516,14.55571,"https://www.google.com/maps/search/?api=1&query=56.535160,14.555710",neotoma-pollen:3179,neotoma-pollen,Kalven,https://apps.neotomadb.org/explorer/#/record/site/3179,shared_source_coordinate,1,0.0,,,,,,,,,0.0,,neotoma-pollen:3179,"Kalven (neotoma-pollen; 56.535160, 14.555710)",45,0.2549,0,,39,51,46.67,0.6375,1,1,1,50,48,0.2811,8,0,0,0,0,0,0,29,9,0,25578,3,0.5333,0.0,0.0,0.1612,0.6
Färshesjön,Färshesjön,sweden_lake:farshesjon:56.166667:15.866667,farshesjon,56.166667,15.866667,"https://www.google.com/maps/search/?api=1&query=56.166667,15.866667",landclim-sites:897303:Färshesjön:56.166667:15.866667,landclim-sites,Färshesjön,https://doi.org/10.1594/PANGAEA.897303,shared_source_coordinate,1,0.0,,,,,,,,,0.0,,landclim-sites:897303:Färshesjön:56.166667:15.866667,"Färshesjön (landclim-sites; 56.166667, 15.866667)",46,0.2537,1,fieldwork shortlist,20,65,43.57,0.6375,1,1,1,10,31,0.2559,2,0,0,0,0,0,0,2,1,0,12008,3,0.3,0.0,0.0,0.1535,0.6
Färshesjön,Färshesjön,sweden_lake:farshesjon:56.166667:15.866667,farshesjon,56.166667,15.866667,"https://www.google.com/maps/search/?api=1&query=56.166667,15.866667",landclim-sites:897303:Färshesjön:56.166667:15.866667,landclim-sites,Färshesjön,https://doi.org/10.1594/PANGAEA.897303,shared_source_coordinate,1,0.0,,,,,,,,,0.0,,landclim-sites:897303:Färshesjön:56.166667:15.866667,"Färshesjön (landclim-sites; 56.166667, 15.866667)",46,0.2537,1,fieldwork shortlist,20,65,43.57,0.6375,1,1,1,20,38,0.2581,2,0,0,0,0,0,0,9,3,0,12008,3,0.24,0.0,0.0,0.1864,0.6
Färshesjön,Färshesjön,sweden_lake:farshesjon:56.166667:15.866667,farshesjon,56.166667,15.866667,"https://www.google.com/maps/search/?api=1&query=56.166667,15.866667",landclim-sites:897303:Färshesjön:56.166667:15.866667,landclim-sites,Färshesjön,https://doi.org/10.1594/PANGAEA.897303,shared_source_coordinate,1,0.0,,,,,,,,,0.0,,landclim-sites:897303:Färshesjön:56.166667:15.866667,"Färshesjön (landclim-sites; 56.166667, 15.866667)",46,0.2537,1,fieldwork shortlist,20,65,43.57,0.6375,1,1,1,30,65,0.2348,2,0,0,0,0,0,0,10,3,0,12008,3,0.2,0.0,0.0,0.109,0.6
Färshesjön,Färshesjön,sweden_lake:farshesjon:56.166667:15.866667,farshesjon,56.166667,15.866667,"https://www.google.com/maps/search/?api=1&query=56.166667,15.866667",landclim-sites:897303:Färshesjön:56.166667:15.866667,landclim-sites,Färshesjön,https://doi.org/10.1594/PANGAEA.897303,shared_source_coordinate,1,0.0,,,,,,,,,0.0,,landclim-sites:897303:Färshesjön:56.166667:15.866667,"Färshesjön (landclim-sites; 56.166667, 15.866667)",46,0.2537,1,fieldwork shortlist,20,65,43.57,0.6375,1,1,1,40,60,0.2486,4,0,0,0,0,0,0,22,11,0,12008,3,0.3,0.0,0.0,0.1243,0.6
Färshesjön,Färshesjön,sweden_lake:farshesjon:56.166667:15.866667,farshesjon,56.166667,15.866667,"https://www.google.com/maps/search/?api=1&query=56.166667,15.866667",landclim-sites:897303:Färshesjön:56.166667:15.866667,landclim-sites,Färshesjön,https://doi.org/10.1594/PANGAEA.897303,shared_source_coordinate,1,0.0,,,,,,,,,0.0,,landclim-sites:897303:Färshesjön:56.166667:15.866667,"Färshesjön (landclim-sites; 56.166667, 15.866667)",46,0.2537,1,fieldwork shortlist,20,65,43.57,0.6375,1,1,1,50,45,0.2816,5,0,0,1,1,0,0,31,18,1,12008,4,0.3334,0.0381,0.0,0.1327,0.8
Färskesjön (core 2014),Färskesjön (core 2014),sweden_lake:farskesjoncore2014:56.166667:15.866667,farskesjoncore2014,56.166667,15.866667,"https://www.google.com/maps/search/?api=1&query=56.166667,15.866667",landclim-sites:937075:Farske,landclim-sites,Färskesjön (core 2014),https://doi.org/10.1594/PANGAEA.937075,shared_source_coordinate,1,0.0,,,,,,,,,0.0,,landclim-sites:937075:Farske,"Färskesjön (core 2014) (landclim-sites; 56.166667, 15.866667)",47,0.2537,0,,32,66,48.5,0.6375,1,1,1,10,32,0.2559,2,0,0,0,0,0,0,2,1,0,12008,3,0.3,0.0,0.0,0.1535,0.6
Färskesjön (core 2014),Färskesjön (core 2014),sweden_lake:farskesjoncore2014:56.166667:15.866667,farskesjoncore2014,56.166667,15.866667,"https://www.google.com/maps/search/?api=1&query=56.166667,15.866667",landclim-sites:937075:Farske,landclim-sites,Färskesjön (core 2014),https://doi.org/10.1594/PANGAEA.937075,shared_source_coordinate,1,0.0,,,,,,,,,0.0,,landclim-sites:937075:Farske,"Färskesjön (core 2014) (landclim-sites; 56.166667, 15.866667)",47,0.2537,0,,32,66,48.5,0.6375,1,1,1,20,39,0.2581,2,0,0,0,0,0,0,9,3,0,12008,3,0.24,0.0,0.0,0.1864,0.6
Färskesjön (core 2014),Färskesjön (core 2014),sweden_lake:farskesjoncore2014:56.166667:15.866667,farskesjoncore2014,56.166667,15.866667,"https://www.google.com/maps/search/?api=1&query=56.166667,15.866667",landclim-sites:937075:Farske,landclim-sites,Färskesjön (core 2014),https://doi.org/10.1594/PANGAEA.937075,shared_source_coordinate,1,0.0,,,,,,,,,0.0,,landclim-sites:937075:Farske,"Färskesjön (core 2014) (landclim-sites; 56.166667, 15.866667)",47,0.2537,0,,32,66,48.5,0.6375,1,1,1,30,66,0.2348,2,0,0,0,0,0,0,10,3,0,12008,3,0.2,0.0,0.0,0.109,0.6
Färskesjön (core 2014),Färskesjön (core 2014),sweden_lake:farskesjoncore2014:56.166667:15.866667,farskesjoncore2014,56.166667,15.866667,"https://www.google.com/maps/search/?api=1&query=56.166667,15.866667",landclim-sites:937075:Farske,landclim-sites,Färskesjön (core 2014),https://doi.org/10.1594/PANGAEA.937075,shared_source_coordinate,1,0.0,,,,,,,,,0.0,,landclim-sites:937075:Farske,"Färskesjön (core 2014) (landclim-sites; 56.166667, 15.866667)",47,0.2537,0,,32,66,48.5,0.6375,1,1,1,40,61,0.2486,4,0,0,0,0,0,0,22,11,0,12008,3,0.3,0.0,0.0,0.1243,0.6
Färskesjön (core 2014),Färskesjön (core 2014),sweden_lake:farskesjoncore2014:56.166667:15.866667,farskesjoncore2014,56.166667,15.866667,"https://www.google.com/maps/search/?api=1&query=56.166667,15.866667",landclim-sites:937075:Farske,landclim-sites,Färskesjön (core 2014),https://doi.org/10.1594/PANGAEA.937075,shared_source_coordinate,1,0.0,,,,,,,,,0.0,,landclim-sites:937075:Farske,"Färskesjön (core 2014) (landclim-sites; 56.166667, 15.866667)",47,0.2537,0,,32,66,48.5,0.6375,1,1,1,50,46,0.2816,5,0,0,1,1,0,0,31,18,1,12008,4,0.3334,0.0381,0.0,0.1327,0.8
Västragylet,Västragylet,sweden_lake:vastragylet:56.35:14.88333,vastragylet,56.35,14.88333,"https://www.google.com/maps/search/?api=1&query=56.350000,14.883330",neotoma-pollen:28852,neotoma-pollen,Västragylet,https://apps.neotomadb.org/explorer/#/record/site/28852,shared_source_coordinate,1,0.0,,,,,,,,,0.0,,neotoma-pollen:28852,"Västragylet (neotoma-pollen; 56.350000, 14.883330)",48,0.2515,0,,22,61,41.67,0.6375,1,1,1,10,61,0.2015,0,0,0,0,0,0,0,0,0,0,16666,2,0.0,0.0,0.0,0.1361,0.4
Västragylet,Västragylet,sweden_lake:vastragylet:56.35:14.88333,vastragylet,56.35,14.88333,"https://www.google.com/maps/search/?api=1&query=56.350000,14.883330",neotoma-pollen:28852,neotoma-pollen,Västragylet,https://apps.neotomadb.org/explorer/#/record/site/28852,shared_source_coordinate,1,0.0,,,,,,,,,0.0,,neotoma-pollen:28852,"Västragylet (neotoma-pollen; 56.350000, 14.883330)",48,0.2515,0,,22,61,41.67,0.6375,1,1,1,20,52,0.249,1,0,0,0,0,0,0,8,1,0,16666,3,0.12,0.0,0.0,0.1979,0.6
Västragylet,Västragylet,sweden_lake:vastragylet:56.35:14.88333,vastragylet,56.35,14.88333,"https://www.google.com/maps/search/?api=1&query=56.350000,14.883330",neotoma-pollen:28852,neotoma-pollen,Västragylet,https://apps.neotomadb.org/explorer/#/record/site/28852,shared_source_coordinate,1,0.0,,,,,,,,,0.0,,neotoma-pollen:28852,"Västragylet (neotoma-pollen; 56.350000, 14.883330)",48,0.2515,0,,22,61,41.67,0.6375,1,1,1,30,22,0.2841,6,0,0,0,0,0,0,14,2,0,16666,3,0.6,0.0,0.0,0.1462,0.6
Västragylet,Västragylet,sweden_lake:vastragylet:56.35:14.88333,vastragylet,56.35,14.88333,"https://www.google.com/maps/search/?api=1&query=56.350000,14.883330",neotoma-pollen:28852,neotoma-pollen,Västragylet,https://apps.neotomadb.org/explorer/#/record/site/28852,shared_source_coordinate,1,0.0,,,,,,,,,0.0,,neotoma-pollen:28852,"Västragylet (neotoma-pollen; 56.350000, 14.883330)",48,0.2515,0,,22,61,41.67,0.6375,1,1,1,40,30,0.2854,8,0,0,0,0,0,0,23,6,0,19871,3,0.6,0.0,0.0,0.1516,0.6
Västragylet,Västragylet,sweden_lake:vastragylet:56.35:14.88333,vastragylet,56.35,14.88333,"https://www.google.com/maps/search/?api=1&query=56.350000,14.883330",neotoma-pollen:28852,neotoma-pollen,Västragylet,https://apps.neotomadb.org/explorer/#/record/site/28852,shared_source_coordinate,1,0.0,,,,,,,,,0.0,,neotoma-pollen:28852,"Västragylet (neotoma-pollen; 56.350000, 14.883330)",48,0.2515,0,,22,61,41.67,0.6375,1,1,1,50,37,0.2912,9,0,0,0,0,0,0,40,17,0,19871,3,0.6,0.0,0.0,0.1748,0.6
Madtjärn,Madtjärn,sweden_lake:madtjarn:58.5959:12.17463,madtjarn,58.5959,12.17463,"https://www.google.com/maps/search/?api=1&query=58.595900,12.174630",neotoma-pollen:3317,neotoma-pollen,Madtjärn,https://apps.neotomadb.org/explorer/#/record/site/3317,shared_source_coordinate,1,0.0,,,,,,,,,0.0,,neotoma-pollen:3317,"Madtjärn (neotoma-pollen; 58.595900, 12.174630)",49,0.2493,0,,44,54,48.83,0.6375,1,1,1,10,46,0.2324,2,0,0,0,0,0,0,0,0,0,7321,3,0.3,0.0,0.0,0.0598,0.6
Madtjärn,Madtjärn,sweden_lake:madtjarn:58.5959:12.17463,madtjarn,58.5959,12.17463,"https://www.google.com/maps/search/?api=1&query=58.595900,12.174630",neotoma-pollen:3317,neotoma-pollen,Madtjärn,https://apps.neotomadb.org/explorer/#/record/site/3317,shared_source_coordinate,1,0.0,,,,,,,,,0.0,,neotoma-pollen:3317,"Madtjärn (neotoma-pollen; 58.595900, 12.174630)",49,0.2493,0,,44,54,48.83,0.6375,1,1,1,20,44,0.2534,2,0,0,0,0,0,0,0,0,0,24094,3,0.24,0.0,0.0,0.1677,0.6
Madtjärn,Madtjärn,sweden_lake:madtjarn:58.5959:12.17463,madtjarn,58.5959,12.17463,"https://www.google.com/maps/search/?api=1&query=58.595900,12.174630",neotoma-pollen:3317,neotoma-pollen,Madtjärn,https://apps.neotomadb.org/explorer/#/record/site/3317,shared_source_coordinate,1,0.0,,,,,,,,,0.0,,neotoma-pollen:3317,"Madtjärn (neotoma-pollen; 58.595900, 12.174630)",49,0.2493,0,,44,54,48.83,0.6375,1,1,1,30,54,0.2473,2,0,0,0,0,0,0,5,2,0,24094,3,0.2,0.0,0.0,0.1592,0.6
Madtjärn,Madtjärn,sweden_lake:madtjarn:58.5959:12.17463,madtjarn,58.5959,12.17463,"https://www.google.com/maps/search/?api=1&query=58.595900,12.174630",neotoma-pollen:3317,neotoma-pollen,Madtjärn,https://apps.neotomadb.org/explorer/#/record/site/3317,shared_source_coordinate,1,0.0,,,,,,,,,0.0,,neotoma-pollen:3317,"Madtjärn (neotoma-pollen; 58.595900, 12.174630)",49,0.2493,0,,44,54,48.83,0.6375,1,1,1,40,46,0.2635,4,0,0,0,0,0,0,32,2,0,24094,3,0.3,0.0,0.0,0.184,0.6
Madtjärn,Madtjärn,sweden_lake:madtjarn:58.5959:12.17463,madtjarn,58.5959,12.17463,"https://www.google.com/maps/search/?api=1&query=58.595900,12.174630",neotoma-pollen:3317,neotoma-pollen,Madtjärn,https://apps.neotomadb.org/explorer/#/record/site/3317,shared_source_coordinate,1,0.0,,,,,,,,,0.0,,neotoma-pollen:3317,"Madtjärn (neotoma-pollen; 58.595900, 12.174630)",49,0.2493,0,,44,54,48.83,0.6375,1,1,1,50,54,0.2723,4,0,0,0,0,0,0,44,3,0,39877,3,0.2666,0.0,0.0,0.2325,0.6
Klotjärnen,"Klotjärnen (61.816667, 16.533333)",sweden_lake:klotjarnen:61.816667:16.533333,klotjarnen,61.816667,16.533333,"https://www.google.com/maps/search/?api=1&query=61.816667,16.533333",landclim-sites:897303:Klotjärnen:61.816667:16.533333,landclim-sites,Klotjärnen,https://doi.org/10.1594/PANGAEA.897303,shared_source_coordinate,2,0.0,duplicate_sweden_name,2 Sweden candidates share this cleaned lake name.,,,,,,,0.0,,landclim-sites:897303:Klotjärnen:61.816667:16.533333; landclim-sites:937075:KLO,"Klotjärnen (landclim-sites; 61.816667, 16.533333); Klotjärnen (landclim-sites; 61.816667, 16.533333)",50,0.2462,1,fieldwork shortlist,19,60,45.86,0.7,1,2,2,10,44,0.2378,1,0,0,0,0,0,0,3,0,0,3464,3,0.15,0.0,0.0,0.0914,0.6
Klotjärnen,"Klotjärnen (61.816667, 16.533333)",sweden_lake:klotjarnen:61.816667:16.533333,klotjarnen,61.816667,16.533333,"https://www.google.com/maps/search/?api=1&query=61.816667,16.533333",landclim-sites:897303:Klotjärnen:61.816667:16.533333,landclim-sites,Klotjärnen,https://doi.org/10.1594/PANGAEA.897303,shared_source_coordinate,2,0.0,duplicate_sweden_name,2 Sweden candidates share this cleaned lake name.,,,,,,,0.0,,landclim-sites:897303:Klotjärnen:61.816667:16.533333; landclim-sites:937075:KLO,"Klotjärnen (landclim-sites; 61.816667, 16.533333); Klotjärnen (landclim-sites; 61.816667, 16.533333)",50,0.2462,1,fieldwork shortlist,19,60,45.86,0.7,1,2,2,20,60,0.2323,1,0,0,0,0,0,0,6,0,0,3464,3,0.12,0.0,0.0,0.0813,0.6
Klotjärnen,"Klotjärnen (61.816667, 16.533333)",sweden_lake:klotjarnen:61.816667:16.533333,klotjarnen,61.816667,16.533333,"https://www.google.com/maps/search/?api=1&query=61.816667,16.533333",landclim-sites:897303:Klotjärnen:61.816667:16.533333,landclim-sites,Klotjärnen,https://doi.org/10.1594/PANGAEA.897303,shared_source_coordinate,2,0.0,duplicate_sweden_name,2 Sweden candidates share this cleaned lake name.,,,,,,,0.0,,landclim-sites:897303:Klotjärnen:61.816667:16.533333; landclim-sites:937075:KLO,"Klotjärnen (landclim-sites; 61.816667, 16.533333); Klotjärnen (landclim-sites; 61.816667, 16.533333)",50,0.2462,1,fieldwork shortlist,19,60,45.86,0.7,1,2,2,30,55,0.2401,1,0,0,0,0,0,0,21,0,0,9015,3,0.1,0.0,0.0,0.1204,0.6
Klotjärnen,"Klotjärnen (61.816667, 16.533333)",sweden_lake:klotjarnen:61.816667:16.533333,klotjarnen,61.816667,16.533333,"https://www.google.com/maps/search/?api=1&query=61.816667,16.533333",landclim-sites:897303:Klotjärnen:61.816667:16.533333,landclim-sites,Klotjärnen,https://doi.org/10.1594/PANGAEA.897303,shared_source_coordinate,2,0.0,duplicate_sweden_name,2 Sweden candidates share this cleaned lake name.,,,,,,,0.0,,landclim-sites:897303:Klotjärnen:61.816667:16.533333; landclim-sites:937075:KLO,"Klotjärnen (landclim-sites; 61.816667, 16.533333); Klotjärnen (landclim-sites; 61.816667, 16.533333)",50,0.2462,1,fieldwork shortlist,19,60,45.86,0.7,1,2,2,40,40,0.2767,1,0,0,2,2,0,0,32,0,0,13765,4,0.075,0.0762,0.0,0.1357,0.8
Klotjärnen,"Klotjärnen (61.816667, 16.533333)",sweden_lake:klotjarnen:61.816667:16.533333,klotjarnen,61.816667,16.533333,"https://www.google.com/maps/search/?api=1&query=61.816667,16.533333",landclim-sites:897303:Klotjärnen:61.816667:16.533333,landclim-sites,Klotjärnen,https://doi.org/10.1594/PANGAEA.897303,shared_source_coordinate,2,0.0,duplicate_sweden_name,2 Sweden candidates share this cleaned lake name.,,,,,,,0.0,,landclim-sites:897303:Klotjärnen:61.816667:16.533333; landclim-sites:937075:KLO,"Klotjärnen (landclim-sites; 61.816667, 16.533333); Klotjärnen (landclim-sites; 61.816667, 16.533333)",50,0.2462,1,fieldwork shortlist,19,60,45.86,0.7,1,2,2,50,53,0.2724,1,0,0,2,2,0,0,37,0,0,13765,4,0.0667,0.0762,0.0,0.1221,0.8
Vingölen,Vingölen,sweden_lake:vingolen:57.13371:15.93773,vingolen,57.13371,15.93773,"https://www.google.com/maps/search/?api=1&query=57.133710,15.937730",neotoma-pollen:3493,neotoma-pollen,Vingölen,https://apps.neotomadb.org/explorer/#/record/site/3493,shared_source_coordinate,1,0.0,,,,,,,,,0.0,,neotoma-pollen:3493,"Vingölen (neotoma-pollen; 57.133710, 15.937730)",51,0.2462,0,,27,64,48.17,0.6375,1,1,1,10,64,0.193,0,0,0,0,0,0,0,0,0,0,12484,2,0.0,0.0,0.0,0.1019,0.4
Vingölen,Vingölen,sweden_lake:vingolen:57.13371:15.93773,vingolen,57.13371,15.93773,"https://www.google.com/maps/search/?api=1&query=57.133710,15.937730",neotoma-pollen:3493,neotoma-pollen,Vingölen,https://apps.neotomadb.org/explorer/#/record/site/3493,shared_source_coordinate,1,0.0,,,,,,,,,0.0,,neotoma-pollen:3493,"Vingölen (neotoma-pollen; 57.133710, 15.937730)",51,0.2462,0,,27,64,48.17,0.6375,1,1,1,20,27,0.2805,4,0,0,0,0,0,0,1,0,0,24492,3,0.48,0.0,0.0,0.18,0.6
Vingölen,Vingölen,sweden_lake:vingolen:57.13371:15.93773,vingolen,57.13371,15.93773,"https://www.google.com/maps/search/?api=1&query=57.133710,15.937730",neotoma-pollen:3493,neotoma-pollen,Vingölen,https://apps.neotomadb.org/explorer/#/record/site/3493,shared_source_coordinate,1,0.0,,,,,,,,,0.0,,neotoma-pollen:3493,"Vingölen (neotoma-pollen; 57.133710, 15.937730)",51,0.2462,0,,27,64,48.17,0.6375,1,1,1,30,36,0.2672,4,0,0,0,0,0,0,5,1,0,24492,3,0.4,0.0,0.0,0.1589,0.6
Vingölen,Vingölen,sweden_lake:vingolen:57.13371:15.93773,vingolen,57.13371,15.93773,"https://www.google.com/maps/search/?api=1&query=57.133710,15.937730",neotoma-pollen:3493,neotoma-pollen,Vingölen,https://apps.neotomadb.org/explorer/#/record/site/3493,shared_source_coordinate,1,0.0,,,,,,,,,0.0,,neotoma-pollen:3493,"Vingölen (neotoma-pollen; 57.133710, 15.937730)",51,0.2462,0,,27,64,48.17,0.6375,1,1,1,40,55,0.2555,4,0,0,0,0,0,0,14,7,0,24492,3,0.3,0.0,0.0,0.1519,0.6
Vingölen,Vingölen,sweden_lake:vingolen:57.13371:15.93773,vingolen,57.13371,15.93773,"https://www.google.com/maps/search/?api=1&query=57.133710,15.937730",neotoma-pollen:3493,neotoma-pollen,Vingölen,https://apps.neotomadb.org/explorer/#/record/site/3493,shared_source_coordinate,1,0.0,,,,,,,,,0.0,,neotoma-pollen:3493,"Vingölen (neotoma-pollen; 57.133710, 15.937730)",51,0.2462,0,,27,64,48.17,0.6375,1,1,1,50,56,0.2643,6,0,0,0,0,0,0,24,9,0,24492,3,0.4,0.0,0.0,0.1474,0.6
Badsjön,"Badsjön (68.344720, 18.796670)",sweden_lake:badsjon:68.34472:18.79667,badsjon,68.34472,18.79667,"https://www.google.com/maps/search/?api=1&query=68.344720,18.796670",neotoma-pollen:28144,neotoma-pollen,Badsjön,https://apps.neotomadb.org/explorer/#/record/site/28144,shared_source_coordinate,2,0.0,duplicate_sweden_name,2 Sweden candidates share this cleaned lake name.,,,,,,,0.0,,neotoma-pollen:28144,"Badsjön (neotoma-pollen; 68.344720, 18.796670)",52,0.2446,0,,28,75,55,0.6375,1,1,1,10,28,0.2568,4,0,0,0,0,0,0,1,1,0,341,3,0.6,0.0,0.0,0.0372,0.6
Badsjön,"Badsjön (68.344720, 18.796670)",sweden_lake:badsjon:68.34472:18.79667,badsjon,68.34472,18.79667,"https://www.google.com/maps/search/?api=1&query=68.344720,18.796670",neotoma-pollen:28144,neotoma-pollen,Badsjön,https://apps.neotomadb.org/explorer/#/record/site/28144,shared_source_coordinate,2,0.0,duplicate_sweden_name,2 Sweden candidates share this cleaned lake name.,,,,,,,0.0,,neotoma-pollen:28144,"Badsjön (neotoma-pollen; 68.344720, 18.796670)",52,0.2446,0,,28,75,55,0.6375,1,1,1,20,47,0.2519,5,0,0,0,0,0,0,1,1,0,341,3,0.6,0.0,0.0,0.0176,0.6
Badsjön,"Badsjön (68.344720, 18.796670)",sweden_lake:badsjon:68.34472:18.79667,badsjon,68.34472,18.79667,"https://www.google.com/maps/search/?api=1&query=68.344720,18.796670",neotoma-pollen:28144,neotoma-pollen,Badsjön,https://apps.neotomadb.org/explorer/#/record/site/28144,shared_source_coordinate,2,0.0,duplicate_sweden_name,2 Sweden candidates share this cleaned lake name.,,,,,,,0.0,,neotoma-pollen:28144,"Badsjön (neotoma-pollen; 68.344720, 18.796670)",52,0.2446,0,,28,75,55,0.6375,1,1,1,30,57,0.2394,5,0,0,0,0,0,0,1,1,0,341,3,0.5,0.0,0.0,0.0077,0.6
Badsjön,"Badsjön (68.344720, 18.796670)",sweden_lake:badsjon:68.34472:18.79667,badsjon,68.34472,18.79667,"https://www.google.com/maps/search/?api=1&query=68.344720,18.796670",neotoma-pollen:28144,neotoma-pollen,Badsjön,https://apps.neotomadb.org/explorer/#/record/site/28144,shared_source_coordinate,2,0.0,duplicate_sweden_name,2 Sweden candidates share this cleaned lake name.,,,,,,,0.0,,neotoma-pollen:28144,"Badsjön (neotoma-pollen; 68.344720, 18.796670)",52,0.2446,0,,28,75,55,0.6375,1,1,1,40,71,0.2288,5,0,0,0,0,0,0,1,1,0,2565,3,0.375,0.0,0.0,0.0153,0.6
Badsjön,"Badsjön (68.344720, 18.796670)",sweden_lake:badsjon:68.34472:18.79667,badsjon,68.34472,18.79667,"https://www.google.com/maps/search/?api=1&query=68.344720,18.796670",neotoma-pollen:28144,neotoma-pollen,Badsjön,https://apps.neotomadb.org/explorer/#/record/site/28144,shared_source_coordinate,2,0.0,duplicate_sweden_name,2 Sweden candidates share this cleaned lake name.,,,,,,,0.0,,neotoma-pollen:28144,"Badsjön (neotoma-pollen; 68.344720, 18.796670)",52,0.2446,0,,28,75,55,0.6375,1,1,1,50,75,0.2243,5,0,0,0,0,0,0,1,1,0,2954,3,0.3334,0.0,0.0,0.0139,0.6
Tibenatus,Tibenatus,sweden_lake:tibenatus:68.33583:18.69306,tibenatus,68.33583,18.69306,"https://www.google.com/maps/search/?api=1&query=68.335830,18.693060",neotoma-pollen:28860,neotoma-pollen,Tibenatus,https://apps.neotomadb.org/explorer/#/record/site/28860,shared_source_coordinate,1,0.0,,,,,,,,,0.0,,neotoma-pollen:28860,"Tibenatus (neotoma-pollen; 68.335830, 18.693060)",53,0.2446,0,,29,73,55.5,0.6375,1,1,1,10,29,0.2565,4,0,0,0,0,0,0,1,1,0,214,3,0.6,0.0,0.0,0.0361,0.6
Tibenatus,Tibenatus,sweden_lake:tibenatus:68.33583:18.69306,tibenatus,68.33583,18.69306,"https://www.google.com/maps/search/?api=1&query=68.335830,18.693060",neotoma-pollen:28860,neotoma-pollen,Tibenatus,https://apps.neotomadb.org/explorer/#/record/site/28860,shared_source_coordinate,1,0.0,,,,,,,,,0.0,,neotoma-pollen:28860,"Tibenatus (neotoma-pollen; 68.335830, 18.693060)",53,0.2446,0,,29,73,55.5,0.6375,1,1,1,20,48,0.2519,5,0,0,0,0,0,0,1,1,0,341,3,0.6,0.0,0.0,0.0176,0.6
Tibenatus,Tibenatus,sweden_lake:tibenatus:68.33583:18.69306,tibenatus,68.33583,18.69306,"https://www.google.com/maps/search/?api=1&query=68.335830,18.693060",neotoma-pollen:28860,neotoma-pollen,Tibenatus,https://apps.neotomadb.org/explorer/#/record/site/28860,shared_source_coordinate,1,0.0,,,,,,,,,0.0,,neotoma-pollen:28860,"Tibenatus (neotoma-pollen; 68.335830, 18.693060)",53,0.2446,0,,29,73,55.5,0.6375,1,1,1,30,58,0.2394,5,0,0,0,0,0,0,1,1,0,349,3,0.5,0.0,0.0,0.0078,0.6
Tibenatus,Tibenatus,sweden_lake:tibenatus:68.33583:18.69306,tibenatus,68.33583,18.69306,"https://www.google.com/maps/search/?api=1&query=68.335830,18.693060",neotoma-pollen:28860,neotoma-pollen,Tibenatus,https://apps.neotomadb.org/explorer/#/record/site/28860,shared_source_coordinate,1,0.0,,,,,,,,,0.0,,neotoma-pollen:28860,"Tibenatus (neotoma-pollen; 68.335830, 18.693060)",53,0.2446,0,,29,73,55.5,0.6375,1,1,1,40,72,0.2288,5,0,0,0,0,0,0,1,1,0,2565,3,0.375,0.0,0.0,0.0153,0.6
Tibenatus,Tibenatus,sweden_lake:tibenatus:68.33583:18.69306,tibenatus,68.33583,18.69306,"https://www.google.com/maps/search/?api=1&query=68.335830,18.693060",neotoma-pollen:28860,neotoma-pollen,Tibenatus,https://apps.neotomadb.org/explorer/#/record/site/28860,shared_source_coordinate,1,0.0,,,,,,,,,0.0,,neotoma-pollen:28860,"Tibenatus (neotoma-pollen; 68.335830, 18.693060)",53,0.2446,0,,29,73,55.5,0.6375,1,1,1,50,73,0.2249,5,0,0,0,0,0,0,1,1,0,3633,3,0.3334,0.0,0.0,0.0163,0.6
Spjällsjön,Spjällsjön,sweden_lake:spjallsjon:56.68361:14.59256,spjallsjon,56.68361,14.59256,"https://www.google.com/maps/search/?api=1&query=56.683610,14.592560",neotoma-pollen:3435,neotoma-pollen,Spjällsjön,https://apps.neotomadb.org/explorer/#/record/site/3435,shared_source_coordinate,1,0.0,,,,,,,,,0.0,,neotoma-pollen:3435,"Spjällsjön (neotoma-pollen; 56.683610, 14.592560)",54,0.242,0,,33,58,48.5,0.6375,1,1,1,10,58,0.2054,0,0,0,0,0,0,0,3,0,0,10817,2,0.0,0.0,0.0,0.1515,0.4
Spjällsjön,Spjällsjön,sweden_lake:spjallsjon:56.68361:14.59256,spjallsjon,56.68361,14.59256,"https://www.google.com/maps/search/?api=1&query=56.683610,14.592560",neotoma-pollen:3435,neotoma-pollen,Spjällsjön,https://apps.neotomadb.org/explorer/#/record/site/3435,shared_source_coordinate,1,0.0,,,,,,,,,0.0,,neotoma-pollen:3435,"Spjällsjön (neotoma-pollen; 56.683610, 14.592560)",54,0.242,0,,33,58,48.5,0.6375,1,1,1,20,56,0.2374,2,0,0,0,0,0,0,3,0,0,10817,3,0.24,0.0,0.0,0.1038,0.6
Spjällsjön,Spjällsjön,sweden_lake:spjallsjon:56.68361:14.59256,spjallsjon,56.68361,14.59256,"https://www.google.com/maps/search/?api=1&query=56.683610,14.592560",neotoma-pollen:3435,neotoma-pollen,Spjällsjön,https://apps.neotomadb.org/explorer/#/record/site/3435,shared_source_coordinate,1,0.0,,,,,,,,,0.0,,neotoma-pollen:3435,"Spjällsjön (neotoma-pollen; 56.683610, 14.592560)",54,0.242,0,,33,58,48.5,0.6375,1,1,1,30,45,0.2591,4,0,0,0,0,0,0,8,2,0,16666,3,0.4,0.0,0.0,0.1265,0.6
Spjällsjön,Spjällsjön,sweden_lake:spjallsjon:56.68361:14.59256,spjallsjon,56.68361,14.59256,"https://www.google.com/maps/search/?api=1&query=56.683610,14.592560",neotoma-pollen:3435,neotoma-pollen,Spjällsjön,https://apps.neotomadb.org/explorer/#/record/site/3435,shared_source_coordinate,1,0.0,,,,,,,,,0.0,,neotoma-pollen:3435,"Spjällsjön (neotoma-pollen; 56.683610, 14.592560)",54,0.242,0,,33,58,48.5,0.6375,1,1,1,40,45,0.2643,4,0,0,0,0,0,0,13,6,0,33645,3,0.3,0.0,0.0,0.1873,0.6
Spjällsjön,Spjällsjön,sweden_lake:spjallsjon:56.68361:14.59256,spjallsjon,56.68361,14.59256,"https://www.google.com/maps/search/?api=1&query=56.683610,14.592560",neotoma-pollen:3435,neotoma-pollen,Spjällsjön,https://apps.neotomadb.org/explorer/#/record/site/3435,shared_source_coordinate,1,0.0,,,,,,,,,0.0,,neotoma-pollen:3435,"Spjällsjön (neotoma-pollen; 56.683610, 14.592560)",54,0.242,0,,33,58,48.5,0.6375,1,1,1,50,33,0.2959,9,0,0,0,0,0,0,24,9,0,37649,3,0.6,0.0,0.0,0.1938,0.6
Lillsjön,"Lillsjön (57.932230, 16.389030)",sweden_lake:lillsjon:57.93223:16.38903,lillsjon,57.93223,16.38903,"https://www.google.com/maps/search/?api=1&query=57.932230,16.389030",neotoma-pollen:31818,neotoma-pollen,Lillsjön,https://apps.neotomadb.org/explorer/#/record/site/31818,shared_source_coordinate,2,0.0,duplicate_sweden_name,2 Sweden candidates share this cleaned lake name.,,,,,,,0.0,,neotoma-pollen:31818,"Lillsjön (neotoma-pollen; 57.932230, 16.389030)",55,0.2418,0,,35,62,52.5,0.6375,1,1,1,10,56,0.2154,0,0,0,0,0,0,0,1,0,0,20893,2,0.0,0.0,0.0,0.1917,0.4
Lillsjön,"Lillsjön (57.932230, 16.389030)",sweden_lake:lillsjon:57.93223:16.38903,lillsjon,57.93223,16.38903,"https://www.google.com/maps/search/?api=1&query=57.932230,16.389030",neotoma-pollen:31818,neotoma-pollen,Lillsjön,https://apps.neotomadb.org/explorer/#/record/site/31818,shared_source_coordinate,2,0.0,duplicate_sweden_name,2 Sweden candidates share this cleaned lake name.,,,,,,,0.0,,neotoma-pollen:31818,"Lillsjön (neotoma-pollen; 57.932230, 16.389030)",55,0.2418,0,,35,62,52.5,0.6375,1,1,1,20,55,0.2377,0,0,0,0,0,0,0,10,7,0,20893,2,0.0,0.0,0.0,0.2806,0.4
Lillsjön,"Lillsjön (57.932230, 16.389030)",sweden_lake:lillsjon:57.93223:16.38903,lillsjon,57.93223,16.38903,"https://www.google.com/maps/search/?api=1&query=57.932230,16.389030",neotoma-pollen:31818,neotoma-pollen,Lillsjön,https://apps.neotomadb.org/explorer/#/record/site/31818,shared_source_coordinate,2,0.0,duplicate_sweden_name,2 Sweden candidates share this cleaned lake name.,,,,,,,0.0,,neotoma-pollen:31818,"Lillsjön (neotoma-pollen; 57.932230, 16.389030)",55,0.2418,0,,35,62,52.5,0.6375,1,1,1,30,35,0.2695,1,0,0,0,0,0,0,18,12,0,34760,3,0.1,0.0,0.0,0.2878,0.6
Lillsjön,"Lillsjön (57.932230, 16.389030)",sweden_lake:lillsjon:57.93223:16.38903,lillsjon,57.93223,16.38903,"https://www.google.com/maps/search/?api=1&query=57.932230,16.389030",neotoma-pollen:31818,neotoma-pollen,Lillsjön,https://apps.neotomadb.org/explorer/#/record/site/31818,shared_source_coordinate,2,0.0,duplicate_sweden_name,2 Sweden candidates share this cleaned lake name.,,,,,,,0.0,,neotoma-pollen:31818,"Lillsjön (neotoma-pollen; 57.932230, 16.389030)",55,0.2418,0,,35,62,52.5,0.6375,1,1,1,40,52,0.2576,1,0,0,0,0,0,0,22,16,0,39063,3,0.075,0.0,0.0,0.2504,0.6
Lillsjön,"Lillsjön (57.932230, 16.389030)",sweden_lake:lillsjon:57.93223:16.38903,lillsjon,57.93223,16.38903,"https://www.google.com/maps/search/?api=1&query=57.932230,16.389030",neotoma-pollen:31818,neotoma-pollen,Lillsjön,https://apps.neotomadb.org/explorer/#/record/site/31818,shared_source_coordinate,2,0.0,duplicate_sweden_name,2 Sweden candidates share this cleaned lake name.,,,,,,,0.0,,neotoma-pollen:31818,"Lillsjön (neotoma-pollen; 57.932230, 16.389030)",55,0.2418,0,,35,62,52.5,0.6375,1,1,1,50,62,0.2523,1,0,0,0,0,0,0,32,21,0,39063,3,0.0667,0.0,0.0,0.2325,0.6
Domsjön,Domsjön,sweden_lake:domsjon:58.31129:12.42425,domsjon,58.31129,12.42425,"https://www.google.com/maps/search/?api=1&query=58.311290,12.424250",neotoma-pollen:14458,neotoma-pollen,Domsjön,https://apps.neotomadb.org/explorer/#/record/site/14458,shared_source_coordinate,1,0.0,,,,,,,,,0.0,,neotoma-pollen:14458,"Domsjön (neotoma-pollen; 58.311290, 12.424250)",56,0.2395,0,,41,63,52.83,0.6375,1,1,1,10,53,0.2227,1,0,0,0,0,0,0,1,0,0,7321,3,0.15,0.0,0.0,0.0808,0.6
Domsjön,Domsjön,sweden_lake:domsjon:58.31129:12.42425,domsjon,58.31129,12.42425,"https://www.google.com/maps/search/?api=1&query=58.311290,12.424250",neotoma-pollen:14458,neotoma-pollen,Domsjön,https://apps.neotomadb.org/explorer/#/record/site/14458,shared_source_coordinate,1,0.0,,,,,,,,,0.0,,neotoma-pollen:14458,"Domsjön (neotoma-pollen; 58.311290, 12.424250)",56,0.2395,0,,41,63,52.83,0.6375,1,1,1,20,63,0.2218,1,0,0,0,0,0,0,4,0,0,7321,3,0.12,0.0,0.0,0.089,0.6
Domsjön,Domsjön,sweden_lake:domsjon:58.31129:12.42425,domsjon,58.31129,12.42425,"https://www.google.com/maps/search/?api=1&query=58.311290,12.424250",neotoma-pollen:14458,neotoma-pollen,Domsjön,https://apps.neotomadb.org/explorer/#/record/site/14458,shared_source_coordinate,1,0.0,,,,,,,,,0.0,,neotoma-pollen:14458,"Domsjön (neotoma-pollen; 58.311290, 12.424250)",56,0.2395,0,,41,63,52.83,0.6375,1,1,1,30,61,0.2385,1,0,0,0,0,0,0,8,0,0,24094,3,0.1,0.0,0.0,0.164,0.6
Domsjön,Domsjön,sweden_lake:domsjon:58.31129:12.42425,domsjon,58.31129,12.42425,"https://www.google.com/maps/search/?api=1&query=58.311290,12.424250",neotoma-pollen:14458,neotoma-pollen,Domsjön,https://apps.neotomadb.org/explorer/#/record/site/14458,shared_source_coordinate,1,0.0,,,,,,,,,0.0,,neotoma-pollen:14458,"Domsjön (neotoma-pollen; 58.311290, 12.424250)",56,0.2395,0,,41,63,52.83,0.6375,1,1,1,40,41,0.2747,4,0,0,0,0,0,0,17,1,0,43164,3,0.3,0.0,0.0,0.2289,0.6
Domsjön,Domsjön,sweden_lake:domsjon:58.31129:12.42425,domsjon,58.31129,12.42425,"https://www.google.com/maps/search/?api=1&query=58.311290,12.424250",neotoma-pollen:14458,neotoma-pollen,Domsjön,https://apps.neotomadb.org/explorer/#/record/site/14458,shared_source_coordinate,1,0.0,,,,,,,,,0.0,,neotoma-pollen:14458,"Domsjön (neotoma-pollen; 58.311290, 12.424250)",56,0.2395,0,,41,63,52.83,0.6375,1,1,1,50,43,0.2833,4,0,0,0,0,0,0,37,2,0,56756,3,0.2666,0.0,0.0,0.2766,0.6
Klotjärnen,"Klotjärnen (61.821250, 16.404720)",sweden_lake:klotjarnen:61.82125:16.40472,klotjarnen,61.82125,16.40472,"https://www.google.com/maps/search/?api=1&query=61.821250,16.404720",neotoma-pollen:13336,neotoma-pollen,Klotjärnen,https://apps.neotomadb.org/explorer/#/record/site/13336,shared_source_coordinate,2,0.0,duplicate_sweden_name,2 Sweden candidates share this cleaned lake name.,,,,,,,0.0,,neotoma-pollen:13336,"Klotjärnen (neotoma-pollen; 61.821250, 16.404720)",57,0.2393,1,fieldwork shortlist,17,70,50.86,0.6375,1,1,1,10,52,0.2254,1,0,0,0,0,0,0,3,0,0,3464,3,0.15,0.0,0.0,0.0914,0.6
Klotjärnen,"Klotjärnen (61.821250, 16.404720)",sweden_lake:klotjarnen:61.82125:16.40472,klotjarnen,61.82125,16.40472,"https://www.google.com/maps/search/?api=1&query=61.821250,16.404720",neotoma-pollen:13336,neotoma-pollen,Klotjärnen,https://apps.neotomadb.org/explorer/#/record/site/13336,shared_source_coordinate,2,0.0,duplicate_sweden_name,2 Sweden candidates share this cleaned lake name.,,,,,,,0.0,,neotoma-pollen:13336,"Klotjärnen (neotoma-pollen; 61.821250, 16.404720)",57,0.2393,1,fieldwork shortlist,17,70,50.86,0.6375,1,1,1,20,53,0.2418,1,0,0,0,0,0,0,14,0,0,5138,3,0.12,0.0,0.0,0.1691,0.6
Klotjärnen,"Klotjärnen (61.821250, 16.404720)",sweden_lake:klotjarnen:61.82125:16.40472,klotjarnen,61.82125,16.40472,"https://www.google.com/maps/search/?api=1&query=61.821250,16.404720",neotoma-pollen:13336,neotoma-pollen,Klotjärnen,https://apps.neotomadb.org/explorer/#/record/site/13336,shared_source_coordinate,2,0.0,duplicate_sweden_name,2 Sweden candidates share this cleaned lake name.,,,,,,,0.0,,neotoma-pollen:13336,"Klotjärnen (neotoma-pollen; 61.821250, 16.404720)",57,0.2393,1,fieldwork shortlist,17,70,50.86,0.6375,1,1,1,30,70,0.2293,1,0,0,0,0,0,0,25,0,0,7918,3,0.1,0.0,0.0,0.1272,0.6
Klotjärnen,"Klotjärnen (61.821250, 16.404720)",sweden_lake:klotjarnen:61.82125:16.40472,klotjarnen,61.82125,16.40472,"https://www.google.com/maps/search/?api=1&query=61.821250,16.404720",neotoma-pollen:13336,neotoma-pollen,Klotjärnen,https://apps.neotomadb.org/explorer/#/record/site/13336,shared_source_coordinate,2,0.0,duplicate_sweden_name,2 Sweden candidates share this cleaned lake name.,,,,,,,0.0,,neotoma-pollen:13336,"Klotjärnen (neotoma-pollen; 61.821250, 16.404720)",57,0.2393,1,fieldwork shortlist,17,70,50.86,0.6375,1,1,1,40,47,0.2624,1,0,0,2,2,0,0,29,0,0,13765,4,0.075,0.0762,0.0,0.1286,0.8
Klotjärnen,"Klotjärnen (61.821250, 16.404720)",sweden_lake:klotjarnen:61.82125:16.40472,klotjarnen,61.82125,16.40472,"https://www.google.com/maps/search/?api=1&query=61.821250,16.404720",neotoma-pollen:13336,neotoma-pollen,Klotjärnen,https://apps.neotomadb.org/explorer/#/record/site/13336,shared_source_coordinate,2,0.0,duplicate_sweden_name,2 Sweden candidates share this cleaned lake name.,,,,,,,0.0,,neotoma-pollen:13336,"Klotjärnen (neotoma-pollen; 61.821250, 16.404720)",57,0.2393,1,fieldwork shortlist,17,70,50.86,0.6375,1,1,1,50,60,0.2604,1,0,0,2,2,0,0,38,0,0,13765,4,0.0667,0.0762,0.0,0.1241,0.8
Mjällsjön,Mjällsjön,sweden_lake:mjallsjon:57.09696:12.57381,mjallsjon,57.09696,12.57381,"https://www.google.com/maps/search/?api=1&query=57.096960,12.573810",neotoma-pollen:3287,neotoma-pollen,Mjällsjön,https://apps.neotomadb.org/explorer/#/record/site/3287,shared_source_coordinate,1,0.0,,,,,,,,,0.0,,neotoma-pollen:3287,"Mjällsjön (neotoma-pollen; 57.096960, 12.573810)",58,0.2369,0,,43,66,55.83,0.4375,1,1,0,10,62,0.1972,1,0,0,0,0,0,0,2,2,0,8569,3,0.15,0.0,0.0,0.1388,0.6
Mjällsjön,Mjällsjön,sweden_lake:mjallsjon:57.09696:12.57381,mjallsjon,57.09696,12.57381,"https://www.google.com/maps/search/?api=1&query=57.096960,12.573810",neotoma-pollen:3287,neotoma-pollen,Mjällsjön,https://apps.neotomadb.org/explorer/#/record/site/3287,shared_source_coordinate,1,0.0,,,,,,,,,0.0,,neotoma-pollen:3287,"Mjällsjön (neotoma-pollen; 57.096960, 12.573810)",58,0.2369,0,,43,66,55.83,0.4375,1,1,0,20,43,0.2571,4,0,0,0,0,0,0,12,5,0,14902,3,0.48,0.0,0.0,0.2466,0.6
Mjällsjön,Mjällsjön,sweden_lake:mjallsjon:57.09696:12.57381,mjallsjon,57.09696,12.57381,"https://www.google.com/maps/search/?api=1&query=57.096960,12.573810",neotoma-pollen:3287,neotoma-pollen,Mjällsjön,https://apps.neotomadb.org/explorer/#/record/site/3287,shared_source_coordinate,1,0.0,,,,,,,,,0.0,,neotoma-pollen:3287,"Mjällsjön (neotoma-pollen; 57.096960, 12.573810)",58,0.2369,0,,43,66,55.83,0.4375,1,1,0,30,43,0.262,4,0,0,0,0,0,0,29,7,0,32401,3,0.4,0.0,0.0,0.2978,0.6
Mjällsjön,Mjällsjön,sweden_lake:mjallsjon:57.09696:12.57381,mjallsjon,57.09696,12.57381,"https://www.google.com/maps/search/?api=1&query=57.096960,12.573810",neotoma-pollen:3287,neotoma-pollen,Mjällsjön,https://apps.neotomadb.org/explorer/#/record/site/3287,shared_source_coordinate,1,0.0,,,,,,,,,0.0,,neotoma-pollen:3287,"Mjällsjön (neotoma-pollen; 57.096960, 12.573810)",58,0.2369,0,,43,66,55.83,0.4375,1,1,0,40,63,0.2461,4,0,0,0,0,0,0,42,7,0,37406,3,0.3,0.0,0.0,0.2745,0.6
Mjällsjön,Mjällsjön,sweden_lake:mjallsjon:57.09696:12.57381,mjallsjon,57.09696,12.57381,"https://www.google.com/maps/search/?api=1&query=57.096960,12.573810",neotoma-pollen:3287,neotoma-pollen,Mjällsjön,https://apps.neotomadb.org/explorer/#/record/site/3287,shared_source_coordinate,1,0.0,,,,,,,,,0.0,,neotoma-pollen:3287,"Mjällsjön (neotoma-pollen; 57.096960, 12.573810)",58,0.2369,0,,43,66,55.83,0.4375,1,1,0,50,66,0.2417,4,0,0,0,0,0,0,59,14,0,37406,3,0.2666,0.0,0.0,0.27,0.6
Abborrtjärnen,Abborrtjärnen,sweden_lake:abborrtjarnen:63.883333:14.45,abborrtjarnen,63.883333,14.45,"https://www.google.com/maps/search/?api=1&query=63.883333,14.450000",landclim-sites:937075:ABB,landclim-sites,Abborrtjärnen,https://doi.org/10.1594/PANGAEA.937075,source_coordinate_medoid,1,0.0004,,,,,,,,,0.0,,landclim-sites:897303:Abborrtjärnen:63.883333:14.450000; landclim-sites:937075:ABB; neotoma-pollen:13338,"Abborrtjärnen (landclim-sites; 63.883333, 14.450000); Abborrtjärnen (landclim-sites; 63.883333, 14.450000); Abborrtjärnen (neotoma-pollen; 63.883330, 14.450000)",59,0.2365,0,,45,67,58.5,0.9375,2,3,3,10,45,0.2354,0,0,0,0,0,0,0,0,0,0,3868,2,0.0,0.0,0.0,0.0316,0.4
Abborrtjärnen,Abborrtjärnen,sweden_lake:abborrtjarnen:63.883333:14.45,abborrtjarnen,63.883333,14.45,"https://www.google.com/maps/search/?api=1&query=63.883333,14.450000",landclim-sites:937075:ABB,landclim-sites,Abborrtjärnen,https://doi.org/10.1594/PANGAEA.937075,source_coordinate_medoid,1,0.0004,,,,,,,,,0.0,,landclim-sites:897303:Abborrtjärnen:63.883333:14.450000; landclim-sites:937075:ABB; neotoma-pollen:13338,"Abborrtjärnen (landclim-sites; 63.883333, 14.450000); Abborrtjärnen (landclim-sites; 63.883333, 14.450000); Abborrtjärnen (neotoma-pollen; 63.883330, 14.450000)",59,0.2365,0,,45,67,58.5,0.9375,2,3,3,20,59,0.2346,0,0,0,0,0,0,0,0,0,0,4084,2,0.0,0.0,0.0,0.0284,0.4
Abborrtjärnen,Abborrtjärnen,sweden_lake:abborrtjarnen:63.883333:14.45,abborrtjarnen,63.883333,14.45,"https://www.google.com/maps/search/?api=1&query=63.883333,14.450000",landclim-sites:937075:ABB,landclim-sites,Abborrtjärnen,https://doi.org/10.1594/PANGAEA.937075,source_coordinate_medoid,1,0.0004,,,,,,,,,0.0,,landclim-sites:897303:Abborrtjärnen:63.883333:14.450000; landclim-sites:937075:ABB; neotoma-pollen:13338,"Abborrtjärnen (landclim-sites; 63.883333, 14.450000); Abborrtjärnen (landclim-sites; 63.883333, 14.450000); Abborrtjärnen (neotoma-pollen; 63.883330, 14.450000)",59,0.2365,0,,45,67,58.5,0.9375,2,3,3,30,56,0.2396,0,0,0,0,0,0,0,2,0,0,7338,2,0.0,0.0,0.0,0.0485,0.4
Abborrtjärnen,Abborrtjärnen,sweden_lake:abborrtjarnen:63.883333:14.45,abborrtjarnen,63.883333,14.45,"https://www.google.com/maps/search/?api=1&query=63.883333,14.450000",landclim-sites:937075:ABB,landclim-sites,Abborrtjärnen,https://doi.org/10.1594/PANGAEA.937075,source_coordinate_medoid,1,0.0004,,,,,,,,,0.0,,landclim-sites:897303:Abborrtjärnen:63.883333:14.450000; landclim-sites:937075:ABB; neotoma-pollen:13338,"Abborrtjärnen (landclim-sites; 63.883333, 14.450000); Abborrtjärnen (landclim-sites; 63.883333, 14.450000); Abborrtjärnen (neotoma-pollen; 63.883330, 14.450000)",59,0.2365,0,,45,67,58.5,0.9375,2,3,3,40,65,0.2366,0,0,0,0,0,0,0,2,0,0,7338,2,0.0,0.0,0.0,0.0365,0.4
Abborrtjärnen,Abborrtjärnen,sweden_lake:abborrtjarnen:63.883333:14.45,abborrtjarnen,63.883333,14.45,"https://www.google.com/maps/search/?api=1&query=63.883333,14.450000",landclim-sites:937075:ABB,landclim-sites,Abborrtjärnen,https://doi.org/10.1594/PANGAEA.937075,source_coordinate_medoid,1,0.0004,,,,,,,,,0.0,,landclim-sites:897303:Abborrtjärnen:63.883333:14.450000; landclim-sites:937075:ABB; neotoma-pollen:13338,"Abborrtjärnen (landclim-sites; 63.883333, 14.450000); Abborrtjärnen (landclim-sites; 63.883333, 14.450000); Abborrtjärnen (neotoma-pollen; 63.883330, 14.450000)",59,0.2365,0,,45,67,58.5,0.9375,2,3,3,50,67,0.2384,0,0,0,0,0,0,0,9,0,0,7338,2,0.0,0.0,0.0,0.0438,0.4
Sännen,Sännen,sweden_lake:sannen:56.321475:15.37054,sannen,56.321475,15.37054,"https://www.google.com/maps/search/?api=1&query=56.321475,15.370540",neotoma-pollen:22656,neotoma-pollen,Sännen,https://apps.neotomadb.org/explorer/#/record/site/22656,shared_source_coordinate,1,0.0,,,,,,,,,0.0,,neotoma-pollen:22656,"Sännen (neotoma-pollen; 56.321475, 15.370540)",60,0.2356,0,,31,74,52.33,0.6375,1,1,1,10,74,0.1794,0,0,0,0,0,0,0,0,0,0,5849,2,0.0,0.0,0.0,0.0478,0.4
Sännen,Sännen,sweden_lake:sannen:56.321475:15.37054,sannen,56.321475,15.37054,"https://www.google.com/maps/search/?api=1&query=56.321475,15.370540",neotoma-pollen:22656,neotoma-pollen,Sännen,https://apps.neotomadb.org/explorer/#/record/site/22656,shared_source_coordinate,1,0.0,,,,,,,,,0.0,,neotoma-pollen:22656,"Sännen (neotoma-pollen; 56.321475, 15.370540)",60,0.2356,0,,31,74,52.33,0.6375,1,1,1,20,57,0.2374,2,0,0,0,0,0,0,6,1,0,5849,3,0.24,0.0,0.0,0.1036,0.6
Sännen,Sännen,sweden_lake:sannen:56.321475:15.37054,sannen,56.321475,15.37054,"https://www.google.com/maps/search/?api=1&query=56.321475,15.370540",neotoma-pollen:22656,neotoma-pollen,Sännen,https://apps.neotomadb.org/explorer/#/record/site/22656,shared_source_coordinate,1,0.0,,,,,,,,,0.0,,neotoma-pollen:22656,"Sännen (neotoma-pollen; 56.321475, 15.370540)",60,0.2356,0,,31,74,52.33,0.6375,1,1,1,30,48,0.2584,3,0,0,0,0,0,0,17,5,0,16666,3,0.3,0.0,0.0,0.1635,0.6
Sännen,Sännen,sweden_lake:sannen:56.321475:15.37054,sannen,56.321475,15.37054,"https://www.google.com/maps/search/?api=1&query=56.321475,15.370540",neotoma-pollen:22656,neotoma-pollen,Sännen,https://apps.neotomadb.org/explorer/#/record/site/22656,shared_source_coordinate,1,0.0,,,,,,,,,0.0,,neotoma-pollen:22656,"Sännen (neotoma-pollen; 56.321475, 15.370540)",60,0.2356,0,,31,74,52.33,0.6375,1,1,1,40,31,0.2839,7,0,0,0,0,0,0,27,7,0,22825,3,0.525,0.0,0.0,0.1757,0.6
Sännen,Sännen,sweden_lake:sannen:56.321475:15.37054,sannen,56.321475,15.37054,"https://www.google.com/maps/search/?api=1&query=56.321475,15.370540",neotoma-pollen:22656,neotoma-pollen,Sännen,https://apps.neotomadb.org/explorer/#/record/site/22656,shared_source_coordinate,1,0.0,,,,,,,,,0.0,,neotoma-pollen:22656,"Sännen (neotoma-pollen; 56.321475, 15.370540)",60,0.2356,0,,31,74,52.33,0.6375,1,1,1,50,44,0.2819,7,0,0,0,0,0,0,38,16,0,26030,3,0.4667,0.0,0.0,0.1911,0.6
Svartkälstjärn,Svartkälstjärn,sweden_lake:svartkalstjarn:64.266667:19.55,svartkalstjarn,64.266667,19.55,"https://www.google.com/maps/search/?api=1&query=64.266667,19.550000",landclim-sites:937075:SVA,landclim-sites,Svartkälstjärn,https://doi.org/10.1594/PANGAEA.937075,source_coordinate_medoid,1,0.0004,,,,,,,,,0.0,,landclim-sites:897303:Svartkälstjärn:64.266667:19.550000; landclim-sites:937075:SVA; neotoma-pollen:28856,"Svartkälstjärn (landclim-sites; 64.266667, 19.550000); Svartkälstjärn (landclim-sites; 64.266667, 19.550000); Svartkälstjärn (neotoma-pollen; 64.266670, 19.550000)",61,0.2349,0,,48,67,59.67,0.9375,2,3,3,10,48,0.2298,0,0,0,0,0,0,0,0,0,0,1153,2,0.0,0.0,0.0,0.0094,0.4
Svartkälstjärn,Svartkälstjärn,sweden_lake:svartkalstjarn:64.266667:19.55,svartkalstjarn,64.266667,19.55,"https://www.google.com/maps/search/?api=1&query=64.266667,19.550000",landclim-sites:937075:SVA,landclim-sites,Svartkälstjärn,https://doi.org/10.1594/PANGAEA.937075,source_coordinate_medoid,1,0.0004,,,,,,,,,0.0,,landclim-sites:897303:Svartkälstjärn:64.266667:19.550000; landclim-sites:937075:SVA; neotoma-pollen:28856,"Svartkälstjärn (landclim-sites; 64.266667, 19.550000); Svartkälstjärn (landclim-sites; 64.266667, 19.550000); Svartkälstjärn (neotoma-pollen; 64.266670, 19.550000)",61,0.2349,0,,48,67,59.67,0.9375,2,3,3,20,61,0.2295,0,0,0,0,0,0,0,0,0,0,1153,2,0.0,0.0,0.0,0.008,0.4
Svartkälstjärn,Svartkälstjärn,sweden_lake:svartkalstjarn:64.266667:19.55,svartkalstjarn,64.266667,19.55,"https://www.google.com/maps/search/?api=1&query=64.266667,19.550000",landclim-sites:937075:SVA,landclim-sites,Svartkälstjärn,https://doi.org/10.1594/PANGAEA.937075,source_coordinate_medoid,1,0.0004,,,,,,,,,0.0,,landclim-sites:897303:Svartkälstjärn:64.266667:19.550000; landclim-sites:937075:SVA; neotoma-pollen:28856,"Svartkälstjärn (landclim-sites; 64.266667, 19.550000); Svartkälstjärn (landclim-sites; 64.266667, 19.550000); Svartkälstjärn (neotoma-pollen; 64.266670, 19.550000)",61,0.2349,0,,48,67,59.67,0.9375,2,3,3,30,64,0.235,0,0,0,0,0,0,0,0,0,0,5209,2,0.0,0.0,0.0,0.0298,0.4
Svartkälstjärn,Svartkälstjärn,sweden_lake:svartkalstjarn:64.266667:19.55,svartkalstjarn,64.266667,19.55,"https://www.google.com/maps/search/?api=1&query=64.266667,19.550000",landclim-sites:937075:SVA,landclim-sites,Svartkälstjärn,https://doi.org/10.1594/PANGAEA.937075,source_coordinate_medoid,1,0.0004,,,,,,,,,0.0,,landclim-sites:897303:Svartkälstjärn:64.266667:19.550000; landclim-sites:937075:SVA; neotoma-pollen:28856,"Svartkälstjärn (landclim-sites; 64.266667, 19.550000); Svartkälstjärn (landclim-sites; 64.266667, 19.550000); Svartkälstjärn (neotoma-pollen; 64.266670, 19.550000)",61,0.2349,0,,48,67,59.67,0.9375,2,3,3,40,67,0.2356,0,0,0,0,0,0,0,0,0,0,7544,2,0.0,0.0,0.0,0.0326,0.4
Svartkälstjärn,Svartkälstjärn,sweden_lake:svartkalstjarn:64.266667:19.55,svartkalstjarn,64.266667,19.55,"https://www.google.com/maps/search/?api=1&query=64.266667,19.550000",landclim-sites:937075:SVA,landclim-sites,Svartkälstjärn,https://doi.org/10.1594/PANGAEA.937075,source_coordinate_medoid,1,0.0004,,,,,,,,,0.0,,landclim-sites:897303:Svartkälstjärn:64.266667:19.550000; landclim-sites:937075:SVA; neotoma-pollen:28856,"Svartkälstjärn (landclim-sites; 64.266667, 19.550000); Svartkälstjärn (landclim-sites; 64.266667, 19.550000); Svartkälstjärn (neotoma-pollen; 64.266670, 19.550000)",61,0.2349,0,,48,67,59.67,0.9375,2,3,3,50,57,0.2622,1,0,0,0,0,0,0,2,1,0,7544,3,0.0667,0.0,0.0,0.0321,0.6
Deromesjön,Deromesjön,sweden_lake:deromesjon:57.20915:12.3533,deromesjon,57.20915,12.3533,"https://www.google.com/maps/search/?api=1&query=57.209150,12.353300",neotoma-pollen:3081,neotoma-pollen,Deromesjön,https://apps.neotomadb.org/explorer/#/record/site/3081,shared_source_coordinate,1,0.0,,,,,,,,,0.0,,neotoma-pollen:3081,"Deromesjön (neotoma-pollen; 57.209150, 12.353300)",62,0.2343,0,,51,69,61,0.4375,1,1,0,10,55,0.2175,2,0,0,0,0,0,0,3,2,0,8569,3,0.3,0.0,0.0,0.1598,0.6
Deromesjön,Deromesjön,sweden_lake:deromesjon:57.20915:12.3533,deromesjon,57.20915,12.3533,"https://www.google.com/maps/search/?api=1&query=57.209150,12.353300",neotoma-pollen:3081,neotoma-pollen,Deromesjön,https://apps.neotomadb.org/explorer/#/record/site/3081,shared_source_coordinate,1,0.0,,,,,,,,,0.0,,neotoma-pollen:3081,"Deromesjön (neotoma-pollen; 57.209150, 12.353300)",62,0.2343,0,,51,69,61,0.4375,1,1,0,20,51,0.2509,4,0,0,0,0,0,0,14,5,0,8569,3,0.48,0.0,0.0,0.2215,0.6
Deromesjön,Deromesjön,sweden_lake:deromesjon:57.20915:12.3533,deromesjon,57.20915,12.3533,"https://www.google.com/maps/search/?api=1&query=57.209150,12.353300",neotoma-pollen:3081,neotoma-pollen,Deromesjön,https://apps.neotomadb.org/explorer/#/record/site/3081,shared_source_coordinate,1,0.0,,,,,,,,,0.0,,neotoma-pollen:3081,"Deromesjön (neotoma-pollen; 57.209150, 12.353300)",62,0.2343,0,,51,69,61,0.4375,1,1,0,30,63,0.2369,4,0,0,0,0,0,0,21,6,0,19907,3,0.4,0.0,0.0,0.1977,0.6
Deromesjön,Deromesjön,sweden_lake:deromesjon:57.20915:12.3533,deromesjon,57.20915,12.3533,"https://www.google.com/maps/search/?api=1&query=57.209150,12.353300",neotoma-pollen:3081,neotoma-pollen,Deromesjön,https://apps.neotomadb.org/explorer/#/record/site/3081,shared_source_coordinate,1,0.0,,,,,,,,,0.0,,neotoma-pollen:3081,"Deromesjön (neotoma-pollen; 57.209150, 12.353300)",62,0.2343,0,,51,69,61,0.4375,1,1,0,40,66,0.2363,4,0,0,0,0,0,0,41,8,0,28494,3,0.3,0.0,0.0,0.2353,0.6
Deromesjön,Deromesjön,sweden_lake:deromesjon:57.20915:12.3533,deromesjon,57.20915,12.3533,"https://www.google.com/maps/search/?api=1&query=57.209150,12.353300",neotoma-pollen:3081,neotoma-pollen,Deromesjön,https://apps.neotomadb.org/explorer/#/record/site/3081,shared_source_coordinate,1,0.0,,,,,,,,,0.0,,neotoma-pollen:3081,"Deromesjön (neotoma-pollen; 57.209150, 12.353300)",62,0.2343,0,,51,69,61,0.4375,1,1,0,50,69,0.235,4,0,0,0,0,0,0,50,8,0,37406,3,0.2666,0.0,0.0,0.2432,0.6
Åkerhultagöl [Tomtabaken],Åkerhultagöl [Tomtabaken],sweden_lake:akerhultagoltomtabaken:57.48333:14.46667,akerhultagoltomtabaken,57.48333,14.46667,"https://www.google.com/maps/search/?api=1&query=57.483330,14.466670",neotoma-pollen:3470,neotoma-pollen,Åkerhultagöl [Tomtabaken],https://apps.neotomadb.org/explorer/#/record/site/3470,shared_source_coordinate,1,0.0,,,,,,,,,0.0,,neotoma-pollen:3470,"Åkerhultagöl [Tomtabaken] (neotoma-pollen; 57.483330, 14.466670)",63,0.2331,0,,27,65,53,0.6375,1,1,1,10,65,0.1926,0,0,0,0,0,0,0,1,1,0,8067,2,0.0,0.0,0.0,0.1003,0.4
Åkerhultagöl [Tomtabaken],Åkerhultagöl [Tomtabaken],sweden_lake:akerhultagoltomtabaken:57.48333:14.46667,akerhultagoltomtabaken,57.48333,14.46667,"https://www.google.com/maps/search/?api=1&query=57.483330,14.466670",neotoma-pollen:3470,neotoma-pollen,Åkerhultagöl [Tomtabaken],https://apps.neotomadb.org/explorer/#/record/site/3470,shared_source_coordinate,1,0.0,,,,,,,,,0.0,,neotoma-pollen:3470,"Åkerhultagöl [Tomtabaken] (neotoma-pollen; 57.483330, 14.466670)",63,0.2331,0,,27,65,53,0.6375,1,1,1,20,64,0.2197,1,0,0,0,0,0,0,2,1,0,8067,3,0.12,0.0,0.0,0.0809,0.6
Åkerhultagöl [Tomtabaken],Åkerhultagöl [Tomtabaken],sweden_lake:akerhultagoltomtabaken:57.48333:14.46667,akerhultagoltomtabaken,57.48333,14.46667,"https://www.google.com/maps/search/?api=1&query=57.483330,14.466670",neotoma-pollen:3470,neotoma-pollen,Åkerhultagöl [Tomtabaken],https://apps.neotomadb.org/explorer/#/record/site/3470,shared_source_coordinate,1,0.0,,,,,,,,,0.0,,neotoma-pollen:3470,"Åkerhultagöl [Tomtabaken] (neotoma-pollen; 57.483330, 14.466670)",63,0.2331,0,,27,65,53,0.6375,1,1,1,30,62,0.2373,2,0,0,0,0,0,0,5,3,0,16654,3,0.2,0.0,0.0,0.1191,0.6
Åkerhultagöl [Tomtabaken],Åkerhultagöl [Tomtabaken],sweden_lake:akerhultagoltomtabaken:57.48333:14.46667,akerhultagoltomtabaken,57.48333,14.46667,"https://www.google.com/maps/search/?api=1&query=57.483330,14.466670",neotoma-pollen:3470,neotoma-pollen,Åkerhultagöl [Tomtabaken],https://apps.neotomadb.org/explorer/#/record/site/3470,shared_source_coordinate,1,0.0,,,,,,,,,0.0,,neotoma-pollen:3470,"Åkerhultagöl [Tomtabaken] (neotoma-pollen; 57.483330, 14.466670)",63,0.2331,0,,27,65,53,0.6375,1,1,1,40,37,0.2783,4,0,0,0,0,0,0,41,31,0,20658,3,0.3,0.0,0.0,0.2433,0.6
Åkerhultagöl [Tomtabaken],Åkerhultagöl [Tomtabaken],sweden_lake:akerhultagoltomtabaken:57.48333:14.46667,akerhultagoltomtabaken,57.48333,14.46667,"https://www.google.com/maps/search/?api=1&query=57.483330,14.466670",neotoma-pollen:3470,neotoma-pollen,Åkerhultagöl [Tomtabaken],https://apps.neotomadb.org/explorer/#/record/site/3470,shared_source_coordinate,1,0.0,,,,,,,,,0.0,,neotoma-pollen:3470,"Åkerhultagöl [Tomtabaken] (neotoma-pollen; 57.483330, 14.466670)",63,0.2331,0,,27,65,53,0.6375,1,1,1,50,27,0.3121,5,0,0,1,6,0,0,56,38,0,20658,4,0.3334,0.0555,0.0,0.2405,0.8
Stentjärn,Stentjärn,sweden_lake:stentjarn:63.1:12.241944,stentjarn,63.1,12.241944,"https://www.google.com/maps/search/?api=1&query=63.100000,12.241944",landclim-sites:900966:GC31:Stentjärn,landclim-sites,Stentjärn,https://doi.org/10.1594/PANGAEA.900966,source_coordinate_medoid,1,0.003,,,,,,,,,0.0,,landclim-sites:900966:GC31:Stentjärn; landclim-sites:937075:STEN; neotoma-pollen:28855,"Stentjärn (landclim-sites; 63.100000, 12.241944); Stentjärn (landclim-sites; 63.100000, 12.242000); Stentjärn (neotoma-pollen; 63.100000, 12.241940)",64,0.2325,0,,49,70,62.83,0.9375,2,3,3,10,49,0.2293,0,0,0,0,0,0,0,0,0,0,912,2,0.0,0.0,0.0,0.0074,0.4
Stentjärn,Stentjärn,sweden_lake:stentjarn:63.1:12.241944,stentjarn,63.1,12.241944,"https://www.google.com/maps/search/?api=1&query=63.100000,12.241944",landclim-sites:900966:GC31:Stentjärn,landclim-sites,Stentjärn,https://doi.org/10.1594/PANGAEA.900966,source_coordinate_medoid,1,0.003,,,,,,,,,0.0,,landclim-sites:900966:GC31:Stentjärn; landclim-sites:937075:STEN; neotoma-pollen:28855,"Stentjärn (landclim-sites; 63.100000, 12.241944); Stentjärn (landclim-sites; 63.100000, 12.242000); Stentjärn (neotoma-pollen; 63.100000, 12.241940)",64,0.2325,0,,49,70,62.83,0.9375,2,3,3,20,58,0.2354,0,0,0,0,0,0,0,1,0,0,3155,2,0.0,0.0,0.0,0.0315,0.4
Stentjärn,Stentjärn,sweden_lake:stentjarn:63.1:12.241944,stentjarn,63.1,12.241944,"https://www.google.com/maps/search/?api=1&query=63.100000,12.241944",landclim-sites:900966:GC31:Stentjärn,landclim-sites,Stentjärn,https://doi.org/10.1594/PANGAEA.900966,source_coordinate_medoid,1,0.003,,,,,,,,,0.0,,landclim-sites:900966:GC31:Stentjärn; landclim-sites:937075:STEN; neotoma-pollen:28855,"Stentjärn (landclim-sites; 63.100000, 12.241944); Stentjärn (landclim-sites; 63.100000, 12.242000); Stentjärn (neotoma-pollen; 63.100000, 12.241940)",64,0.2325,0,,49,70,62.83,0.9375,2,3,3,30,67,0.2328,0,0,0,0,0,0,0,1,0,0,3155,2,0.0,0.0,0.0,0.0213,0.4
Stentjärn,Stentjärn,sweden_lake:stentjarn:63.1:12.241944,stentjarn,63.1,12.241944,"https://www.google.com/maps/search/?api=1&query=63.100000,12.241944",landclim-sites:900966:GC31:Stentjärn,landclim-sites,Stentjärn,https://doi.org/10.1594/PANGAEA.900966,source_coordinate_medoid,1,0.003,,,,,,,,,0.0,,landclim-sites:900966:GC31:Stentjärn; landclim-sites:937075:STEN; neotoma-pollen:28855,"Stentjärn (landclim-sites; 63.100000, 12.241944); Stentjärn (landclim-sites; 63.100000, 12.242000); Stentjärn (neotoma-pollen; 63.100000, 12.241940)",64,0.2325,0,,49,70,62.83,0.9375,2,3,3,40,69,0.2334,0,0,0,0,0,0,0,1,0,0,4920,2,0.0,0.0,0.0,0.0237,0.4
Stentjärn,Stentjärn,sweden_lake:stentjarn:63.1:12.241944,stentjarn,63.1,12.241944,"https://www.google.com/maps/search/?api=1&query=63.100000,12.241944",landclim-sites:900966:GC31:Stentjärn,landclim-sites,Stentjärn,https://doi.org/10.1594/PANGAEA.900966,source_coordinate_medoid,1,0.003,,,,,,,,,0.0,,landclim-sites:900966:GC31:Stentjärn; landclim-sites:937075:STEN; neotoma-pollen:28855,"Stentjärn (landclim-sites; 63.100000, 12.241944); Stentjärn (landclim-sites; 63.100000, 12.242000); Stentjärn (neotoma-pollen; 63.100000, 12.241940)",64,0.2325,0,,49,70,62.83,0.9375,2,3,3,50,70,0.2328,0,0,0,0,0,0,0,2,0,0,4920,2,0.0,0.0,0.0,0.0213,0.4
Fjallsjön 1,Fjallsjön 1,sweden_lake:fjallsjon1:57.75152:12.85762,fjallsjon1,57.75152,12.85762,"https://www.google.com/maps/search/?api=1&query=57.751520,12.857620",neotoma-pollen:3104,neotoma-pollen,Fjallsjön 1,https://apps.neotomadb.org/explorer/#/record/site/3104,shared_source_coordinate,1,0.0,,,,,,,,,0.0,,neotoma-pollen:3104,"Fjallsjön 1 (neotoma-pollen; 57.751520, 12.857620)",65,0.2315,0,,35,71,55.5,0.6375,1,1,1,10,60,0.2025,0,0,0,0,0,0,0,0,0,0,17156,2,0.0,0.0,0.0,0.1401,0.4
Fjallsjön 1,Fjallsjön 1,sweden_lake:fjallsjon1:57.75152:12.85762,fjallsjon1,57.75152,12.85762,"https://www.google.com/maps/search/?api=1&query=57.751520,12.857620",neotoma-pollen:3104,neotoma-pollen,Fjallsjön 1,https://apps.neotomadb.org/explorer/#/record/site/3104,shared_source_coordinate,1,0.0,,,,,,,,,0.0,,neotoma-pollen:3104,"Fjallsjön 1 (neotoma-pollen; 57.751520, 12.857620)",65,0.2315,0,,35,71,55.5,0.6375,1,1,1,20,71,0.2012,0,0,0,0,0,0,0,1,1,0,17156,2,0.0,0.0,0.0,0.1346,0.4
Fjallsjön 1,Fjallsjön 1,sweden_lake:fjallsjon1:57.75152:12.85762,fjallsjon1,57.75152,12.85762,"https://www.google.com/maps/search/?api=1&query=57.751520,12.857620",neotoma-pollen:3104,neotoma-pollen,Fjallsjön 1,https://apps.neotomadb.org/explorer/#/record/site/3104,shared_source_coordinate,1,0.0,,,,,,,,,0.0,,neotoma-pollen:3104,"Fjallsjön 1 (neotoma-pollen; 57.751520, 12.857620)",65,0.2315,0,,35,71,55.5,0.6375,1,1,1,30,52,0.2547,1,0,0,0,0,0,0,8,1,0,34978,3,0.1,0.0,0.0,0.2287,0.6
Fjallsjön 1,Fjallsjön 1,sweden_lake:fjallsjon1:57.75152:12.85762,fjallsjon1,57.75152,12.85762,"https://www.google.com/maps/search/?api=1&query=57.751520,12.857620",neotoma-pollen:3104,neotoma-pollen,Fjallsjön 1,https://apps.neotomadb.org/explorer/#/record/site/3104,shared_source_coordinate,1,0.0,,,,,,,,,0.0,,neotoma-pollen:3104,"Fjallsjön 1 (neotoma-pollen; 57.751520, 12.857620)",65,0.2315,0,,35,71,55.5,0.6375,1,1,1,40,35,0.2797,2,0,0,1,1,0,0,19,1,0,34978,4,0.15,0.0381,0.0,0.1983,0.8
Fjallsjön 1,Fjallsjön 1,sweden_lake:fjallsjon1:57.75152:12.85762,fjallsjon1,57.75152,12.85762,"https://www.google.com/maps/search/?api=1&query=57.751520,12.857620",neotoma-pollen:3104,neotoma-pollen,Fjallsjön 1,https://apps.neotomadb.org/explorer/#/record/site/3104,shared_source_coordinate,1,0.0,,,,,,,,,0.0,,neotoma-pollen:3104,"Fjallsjön 1 (neotoma-pollen; 57.751520, 12.857620)",65,0.2315,0,,35,71,55.5,0.6375,1,1,1,50,50,0.2757,2,0,0,1,1,0,0,30,4,0,34978,4,0.1333,0.0381,0.0,0.1889,0.8
Odensjön,Odensjön,sweden_lake:odensjon:56.00394:13.27565,odensjon,56.00394,13.27565,"https://www.google.com/maps/search/?api=1&query=56.003940,13.275650",neotoma-pollen:3326,neotoma-pollen,Odensjön,https://apps.neotomadb.org/explorer/#/record/site/3326,shared_source_coordinate,1,0.0,,,,,,,,,0.0,,neotoma-pollen:3326,"Odensjön (neotoma-pollen; 56.003940, 13.275650)",66,0.2311,1,50 km,16,76,51.33,0.4375,1,1,0,10,76,0.1698,0,0,0,0,0,0,0,2,0,0,15566,2,0.0,0.0,0.0,0.1692,0.4
Odensjön,Odensjön,sweden_lake:odensjon:56.00394:13.27565,odensjon,56.00394,13.27565,"https://www.google.com/maps/search/?api=1&query=56.003940,13.275650",neotoma-pollen:3326,neotoma-pollen,Odensjön,https://apps.neotomadb.org/explorer/#/record/site/3326,shared_source_coordinate,1,0.0,,,,,,,,,0.0,,neotoma-pollen:3326,"Odensjön (neotoma-pollen; 56.003940, 13.275650)",66,0.2311,1,50 km,16,76,51.33,0.4375,1,1,0,20,72,0.2001,0,0,0,0,0,0,0,10,6,0,23125,2,0.0,0.0,0.0,0.2905,0.4
Odensjön,Odensjön,sweden_lake:odensjon:56.00394:13.27565,odensjon,56.00394,13.27565,"https://www.google.com/maps/search/?api=1&query=56.003940,13.275650",neotoma-pollen:3326,neotoma-pollen,Odensjön,https://apps.neotomadb.org/explorer/#/record/site/3326,shared_source_coordinate,1,0.0,,,,,,,,,0.0,,neotoma-pollen:3326,"Odensjön (neotoma-pollen; 56.003940, 13.275650)",66,0.2311,1,50 km,16,76,51.33,0.4375,1,1,0,30,49,0.2582,2,0,0,0,0,0,0,46,32,0,23125,3,0.2,0.0,0.0,0.363,0.6
Odensjön,Odensjön,sweden_lake:odensjon:56.00394:13.27565,odensjon,56.00394,13.27565,"https://www.google.com/maps/search/?api=1&query=56.003940,13.275650",neotoma-pollen:3326,neotoma-pollen,Odensjön,https://apps.neotomadb.org/explorer/#/record/site/3326,shared_source_coordinate,1,0.0,,,,,,,,,0.0,,neotoma-pollen:3326,"Odensjön (neotoma-pollen; 56.003940, 13.275650)",66,0.2311,1,50 km,16,76,51.33,0.4375,1,1,0,40,29,0.2858,3,0,0,0,0,0,0,106,61,0,23125,3,0.225,0.0,0.0,0.4633,0.6
Odensjön,Odensjön,sweden_lake:odensjon:56.00394:13.27565,odensjon,56.00394,13.27565,"https://www.google.com/maps/search/?api=1&query=56.003940,13.275650",neotoma-pollen:3326,neotoma-pollen,Odensjön,https://apps.neotomadb.org/explorer/#/record/site/3326,shared_source_coordinate,1,0.0,,,,,,,,,0.0,,neotoma-pollen:3326,"Odensjön (neotoma-pollen; 56.003940, 13.275650)",66,0.2311,1,50 km,16,76,51.33,0.4375,1,1,0,50,16,0.3564,4,0,0,3,5,0,0,138,80,21,37147,4,0.2666,0.1212,0.0,0.5519,0.8
Öagöl,Öagöl,sweden_lake:oagol:57.20944:14.80083,oagol,57.20944,14.80083,"https://www.google.com/maps/search/?api=1&query=57.209440,14.800830",neotoma-pollen:30418,neotoma-pollen,Öagöl,https://apps.neotomadb.org/explorer/#/record/site/30418,shared_source_coordinate,1,0.0,,,,,,,,,0.0,,neotoma-pollen:30418,"Öagöl (neotoma-pollen; 57.209440, 14.800830)",67,0.2288,0,,38,70,55,0.6375,1,1,1,10,70,0.1892,0,0,0,0,0,0,0,1,0,0,8067,2,0.0,0.0,0.0,0.0869,0.4
Öagöl,Öagöl,sweden_lake:oagol:57.20944:14.80083,oagol,57.20944,14.80083,"https://www.google.com/maps/search/?api=1&query=57.209440,14.800830",neotoma-pollen:30418,neotoma-pollen,Öagöl,https://apps.neotomadb.org/explorer/#/record/site/30418,shared_source_coordinate,1,0.0,,,,,,,,,0.0,,neotoma-pollen:30418,"Öagöl (neotoma-pollen; 57.209440, 14.800830)",67,0.2288,0,,38,70,55,0.6375,1,1,1,20,69,0.2042,0,0,0,0,0,0,0,6,1,0,12071,2,0.0,0.0,0.0,0.1469,0.4
Öagöl,Öagöl,sweden_lake:oagol:57.20944:14.80083,oagol,57.20944,14.80083,"https://www.google.com/maps/search/?api=1&query=57.209440,14.800830",neotoma-pollen:30418,neotoma-pollen,Öagöl,https://apps.neotomadb.org/explorer/#/record/site/30418,shared_source_coordinate,1,0.0,,,,,,,,,0.0,,neotoma-pollen:30418,"Öagöl (neotoma-pollen; 57.209440, 14.800830)",67,0.2288,0,,38,70,55,0.6375,1,1,1,30,42,0.2624,2,0,0,0,0,0,0,13,5,0,28737,3,0.2,0.0,0.0,0.2195,0.6
Öagöl,Öagöl,sweden_lake:oagol:57.20944:14.80083,oagol,57.20944,14.80083,"https://www.google.com/maps/search/?api=1&query=57.209440,14.800830",neotoma-pollen:30418,neotoma-pollen,Öagöl,https://apps.neotomadb.org/explorer/#/record/site/30418,shared_source_coordinate,1,0.0,,,,,,,,,0.0,,neotoma-pollen:30418,"Öagöl (neotoma-pollen; 57.209440, 14.800830)",67,0.2288,0,,38,70,55,0.6375,1,1,1,40,44,0.2657,4,0,0,0,0,0,0,22,9,0,28737,3,0.3,0.0,0.0,0.193,0.6
Öagöl,Öagöl,sweden_lake:oagol:57.20944:14.80083,oagol,57.20944,14.80083,"https://www.google.com/maps/search/?api=1&query=57.209440,14.800830",neotoma-pollen:30418,neotoma-pollen,Öagöl,https://apps.neotomadb.org/explorer/#/record/site/30418,shared_source_coordinate,1,0.0,,,,,,,,,0.0,,neotoma-pollen:30418,"Öagöl (neotoma-pollen; 57.209440, 14.800830)",67,0.2288,0,,38,70,55,0.6375,1,1,1,50,38,0.287,7,0,0,0,0,0,0,29,15,0,37324,3,0.4667,0.0,0.0,0.2115,0.6
Lilla Sjö,Lilla Sjö,sweden_lake:lillasjo:56.28143:13.92491,lillasjo,56.28143,13.92491,"https://www.google.com/maps/search/?api=1&query=56.281430,13.924910",neotoma-pollen:3237,neotoma-pollen,Lilla Sjö,https://apps.neotomadb.org/explorer/#/record/site/3237,shared_source_coordinate,1,0.0,,,,,,,,,0.0,,neotoma-pollen:3237,"Lilla Sjö (neotoma-pollen; 56.281430, 13.924910)",68,0.2229,0,,26,75,55.67,0.4375,1,1,0,10,68,0.1922,0,0,0,0,0,0,0,4,1,0,19729,2,0.0,0.0,0.0,0.2586,0.4
Lilla Sjö,Lilla Sjö,sweden_lake:lillasjo:56.28143:13.92491,lillasjo,56.28143,13.92491,"https://www.google.com/maps/search/?api=1&query=56.281430,13.924910",neotoma-pollen:3237,neotoma-pollen,Lilla Sjö,https://apps.neotomadb.org/explorer/#/record/site/3237,shared_source_coordinate,1,0.0,,,,,,,,,0.0,,neotoma-pollen:3237,"Lilla Sjö (neotoma-pollen; 56.281430, 13.924910)",68,0.2229,0,,26,75,55.67,0.4375,1,1,0,20,75,0.1899,0,0,0,0,0,0,0,10,3,0,19729,2,0.0,0.0,0.0,0.2497,0.4
Lilla Sjö,Lilla Sjö,sweden_lake:lillasjo:56.28143:13.92491,lillasjo,56.28143,13.92491,"https://www.google.com/maps/search/?api=1&query=56.281430,13.924910",neotoma-pollen:3237,neotoma-pollen,Lilla Sjö,https://apps.neotomadb.org/explorer/#/record/site/3237,shared_source_coordinate,1,0.0,,,,,,,,,0.0,,neotoma-pollen:3237,"Lilla Sjö (neotoma-pollen; 56.281430, 13.924910)",68,0.2229,0,,26,75,55.67,0.4375,1,1,0,30,71,0.2139,1,0,0,0,0,0,0,26,11,0,19729,3,0.1,0.0,0.0,0.2255,0.6
Lilla Sjö,Lilla Sjö,sweden_lake:lillasjo:56.28143:13.92491,lillasjo,56.28143,13.92491,"https://www.google.com/maps/search/?api=1&query=56.281430,13.924910",neotoma-pollen:3237,neotoma-pollen,Lilla Sjö,https://apps.neotomadb.org/explorer/#/record/site/3237,shared_source_coordinate,1,0.0,,,,,,,,,0.0,,neotoma-pollen:3237,"Lilla Sjö (neotoma-pollen; 56.281430, 13.924910)",68,0.2229,0,,26,75,55.67,0.4375,1,1,0,40,26,0.2905,3,0,0,3,6,0,0,52,25,2,29588,4,0.225,0.1248,0.0,0.3023,0.8
Lilla Sjö,Lilla Sjö,sweden_lake:lillasjo:56.28143:13.92491,lillasjo,56.28143,13.92491,"https://www.google.com/maps/search/?api=1&query=56.281430,13.924910",neotoma-pollen:3237,neotoma-pollen,Lilla Sjö,https://apps.neotomadb.org/explorer/#/record/site/3237,shared_source_coordinate,1,0.0,,,,,,,,,0.0,,neotoma-pollen:3237,"Lilla Sjö (neotoma-pollen; 56.281430, 13.924910)",68,0.2229,0,,26,75,55.67,0.4375,1,1,0,50,26,0.3141,6,0,0,3,6,0,0,73,38,10,29588,4,0.4,0.1248,0.0,0.3267,0.8
Björksjödamm,Björksjödamm,sweden_lake:bjorksjodamm:57.709:12.34641,bjorksjodamm,57.709,12.34641,"https://www.google.com/maps/search/?api=1&query=57.709000,12.346410",neotoma-pollen:3020,neotoma-pollen,Björksjödamm,https://apps.neotomadb.org/explorer/#/record/site/3020,shared_source_coordinate,1,0.0,,,,,,,,,0.0,,neotoma-pollen:3020,"Björksjödamm (neotoma-pollen; 57.709000, 12.346410)",69,0.2209,0,,22,74,57,0.6375,1,1,1,10,71,0.185,0,0,0,0,0,0,0,0,0,0,8569,2,0.0,0.0,0.0,0.07,0.4
Björksjödamm,Björksjödamm,sweden_lake:bjorksjodamm:57.709:12.34641,bjorksjodamm,57.709,12.34641,"https://www.google.com/maps/search/?api=1&query=57.709000,12.346410",neotoma-pollen:3020,neotoma-pollen,Björksjödamm,https://apps.neotomadb.org/explorer/#/record/site/3020,shared_source_coordinate,1,0.0,,,,,,,,,0.0,,neotoma-pollen:3020,"Björksjödamm (neotoma-pollen; 57.709000, 12.346410)",69,0.2209,0,,22,74,57,0.6375,1,1,1,20,74,0.191,0,0,0,0,0,0,0,3,1,0,8569,2,0.0,0.0,0.0,0.0939,0.4
Björksjödamm,Björksjödamm,sweden_lake:bjorksjodamm:57.709:12.34641,bjorksjodamm,57.709,12.34641,"https://www.google.com/maps/search/?api=1&query=57.709000,12.346410",neotoma-pollen:3020,neotoma-pollen,Björksjödamm,https://apps.neotomadb.org/explorer/#/record/site/3020,shared_source_coordinate,1,0.0,,,,,,,,,0.0,,neotoma-pollen:3020,"Björksjödamm (neotoma-pollen; 57.709000, 12.346410)",69,0.2209,0,,22,74,57,0.6375,1,1,1,30,72,0.2112,0,0,0,0,0,0,0,25,6,0,13574,2,0.0,0.0,0.0,0.1746,0.4
Björksjödamm,Björksjödamm,sweden_lake:bjorksjodamm:57.709:12.34641,bjorksjodamm,57.709,12.34641,"https://www.google.com/maps/search/?api=1&query=57.709000,12.346410",neotoma-pollen:3020,neotoma-pollen,Björksjödamm,https://apps.neotomadb.org/explorer/#/record/site/3020,shared_source_coordinate,1,0.0,,,,,,,,,0.0,,neotoma-pollen:3020,"Björksjödamm (neotoma-pollen; 57.709000, 12.346410)",69,0.2209,0,,22,74,57,0.6375,1,1,1,40,22,0.3054,1,0,0,1,1,0,0,49,8,0,46255,4,0.075,0.0381,0.0,0.3312,0.8
Björksjödamm,Björksjödamm,sweden_lake:bjorksjodamm:57.709:12.34641,bjorksjodamm,57.709,12.34641,"https://www.google.com/maps/search/?api=1&query=57.709000,12.346410",neotoma-pollen:3020,neotoma-pollen,Björksjödamm,https://apps.neotomadb.org/explorer/#/record/site/3020,shared_source_coordinate,1,0.0,,,,,,,,,0.0,,neotoma-pollen:3020,"Björksjödamm (neotoma-pollen; 57.709000, 12.346410)",69,0.2209,0,,22,74,57,0.6375,1,1,1,50,34,0.2957,1,0,0,1,1,0,0,60,9,0,46255,4,0.0667,0.0381,0.0,0.2957,0.8
Lommesjön,"Lommesjön (58.579410, 12.137340)",sweden_lake:lommesjon:58.57941:12.13734,lommesjon,58.57941,12.13734,"https://www.google.com/maps/search/?api=1&query=58.579410,12.137340",neotoma-pollen:3288,neotoma-pollen,Lommesjön,https://apps.neotomadb.org/explorer/#/record/site/3288,shared_source_coordinate,1,0.0,source_position_note,"We assume that the site is Lake Lommesjön in Björck and Digerfeldt 1991 since number of pollen samples and the depth match the publication (except the last sample that originally was 770, but we assume typing error). However, another lake also called Lommesjön is found approx. 1 km NE to the one we have marked on the map. This could also be the likely site since position is not clear in the publication. Another possibility is the unnamed lake positioned betwen the two Lommesjön lakes.",,,,,,,0.0,,neotoma-pollen:3288,"Lommesjön (neotoma-pollen; 58.579410, 12.137340)",70,0.2202,0,,51,74,67.83,0.4375,1,1,0,10,51,0.2267,2,0,0,0,0,0,0,0,0,0,24094,3,0.3,0.0,0.0,0.1967,0.6
Lommesjön,"Lommesjön (58.579410, 12.137340)",sweden_lake:lommesjon:58.57941:12.13734,lommesjon,58.57941,12.13734,"https://www.google.com/maps/search/?api=1&query=58.579410,12.137340",neotoma-pollen:3288,neotoma-pollen,Lommesjön,https://apps.neotomadb.org/explorer/#/record/site/3288,shared_source_coordinate,1,0.0,source_position_note,"We assume that the site is Lake Lommesjön in Björck and Digerfeldt 1991 since number of pollen samples and the depth match the publication (except the last sample that originally was 770, but we assume typing error). However, another lake also called Lommesjön is found approx. 1 km NE to the one we have marked on the map. This could also be the likely site since position is not clear in the publication. Another possibility is the unnamed lake positioned betwen the two Lommesjön lakes.",,,,,,,0.0,,neotoma-pollen:3288,"Lommesjön (neotoma-pollen; 58.579410, 12.137340)",70,0.2202,0,,51,74,67.83,0.4375,1,1,0,20,66,0.2158,2,0,0,0,0,0,0,1,0,0,24094,3,0.24,0.0,0.0,0.1772,0.6
Lommesjön,"Lommesjön (58.579410, 12.137340)",sweden_lake:lommesjon:58.57941:12.13734,lommesjon,58.57941,12.13734,"https://www.google.com/maps/search/?api=1&query=58.579410,12.137340",neotoma-pollen:3288,neotoma-pollen,Lommesjön,https://apps.neotomadb.org/explorer/#/record/site/3288,shared_source_coordinate,1,0.0,source_position_note,"We assume that the site is Lake Lommesjön in Björck and Digerfeldt 1991 since number of pollen samples and the depth match the publication (except the last sample that originally was 770, but we assume typing error). However, another lake also called Lommesjön is found approx. 1 km NE to the one we have marked on the map. This could also be the likely site since position is not clear in the publication. Another possibility is the unnamed lake positioned betwen the two Lommesjön lakes.",,,,,,,0.0,,neotoma-pollen:3288,"Lommesjön (neotoma-pollen; 58.579410, 12.137340)",70,0.2202,0,,51,74,67.83,0.4375,1,1,0,30,73,0.2106,2,0,0,0,0,0,0,9,2,0,24094,3,0.2,0.0,0.0,0.1723,0.6
Lommesjön,"Lommesjön (58.579410, 12.137340)",sweden_lake:lommesjon:58.57941:12.13734,lommesjon,58.57941,12.13734,"https://www.google.com/maps/search/?api=1&query=58.579410,12.137340",neotoma-pollen:3288,neotoma-pollen,Lommesjön,https://apps.neotomadb.org/explorer/#/record/site/3288,shared_source_coordinate,1,0.0,source_position_note,"We assume that the site is Lake Lommesjön in Björck and Digerfeldt 1991 since number of pollen samples and the depth match the publication (except the last sample that originally was 770, but we assume typing error). However, another lake also called Lommesjön is found approx. 1 km NE to the one we have marked on the map. This could also be the likely site since position is not clear in the publication. Another possibility is the unnamed lake positioned betwen the two Lommesjön lakes.",,,,,,,0.0,,neotoma-pollen:3288,"Lommesjön (neotoma-pollen; 58.579410, 12.137340)",70,0.2202,0,,51,74,67.83,0.4375,1,1,0,40,73,0.2247,4,0,0,0,0,0,0,34,2,0,24094,3,0.3,0.0,0.0,0.1888,0.6
Lommesjön,"Lommesjön (58.579410, 12.137340)",sweden_lake:lommesjon:58.57941:12.13734,lommesjon,58.57941,12.13734,"https://www.google.com/maps/search/?api=1&query=58.579410,12.137340",neotoma-pollen:3288,neotoma-pollen,Lommesjön,https://apps.neotomadb.org/explorer/#/record/site/3288,shared_source_coordinate,1,0.0,source_position_note,"We assume that the site is Lake Lommesjön in Björck and Digerfeldt 1991 since number of pollen samples and the depth match the publication (except the last sample that originally was 770, but we assume typing error). However, another lake also called Lommesjön is found approx. 1 km NE to the one we have marked on the map. This could also be the likely site since position is not clear in the publication. Another possibility is the unnamed lake positioned betwen the two Lommesjön lakes.",,,,,,,0.0,,neotoma-pollen:3288,"Lommesjön (neotoma-pollen; 58.579410, 12.137340)",70,0.2202,0,,51,74,67.83,0.4375,1,1,0,50,74,0.2245,4,0,0,0,0,0,0,47,3,0,29376,3,0.2666,0.0,0.0,0.2015,0.6
Aborregöl,Aborregöl,sweden_lake:aborregol:57.20045:16.15584,aborregol,57.20045,16.15584,"https://www.google.com/maps/search/?api=1&query=57.200450,16.155840",neotoma-pollen:2961,neotoma-pollen,Aborregöl,https://apps.neotomadb.org/explorer/#/record/site/2961,shared_source_coordinate,1,0.0,,,,,,,,,0.0,,neotoma-pollen:2961,"Aborregöl (neotoma-pollen; 57.200450, 16.155840)",71,0.2185,0,,57,75,66.33,0.4375,1,1,0,10,57,0.2082,2,0,0,0,0,0,0,1,0,0,12484,3,0.3,0.0,0.0,0.123,0.6
Aborregöl,Aborregöl,sweden_lake:aborregol:57.20045:16.15584,aborregol,57.20045,16.15584,"https://www.google.com/maps/search/?api=1&query=57.200450,16.155840",neotoma-pollen:2961,neotoma-pollen,Aborregöl,https://apps.neotomadb.org/explorer/#/record/site/2961,shared_source_coordinate,1,0.0,,,,,,,,,0.0,,neotoma-pollen:2961,"Aborregöl (neotoma-pollen; 57.200450, 16.155840)",71,0.2185,0,,57,75,66.33,0.4375,1,1,0,20,68,0.2076,3,0,0,0,0,0,0,1,0,0,12484,3,0.36,0.0,0.0,0.0964,0.6
Aborregöl,Aborregöl,sweden_lake:aborregol:57.20045:16.15584,aborregol,57.20045,16.15584,"https://www.google.com/maps/search/?api=1&query=57.200450,16.155840",neotoma-pollen:2961,neotoma-pollen,Aborregöl,https://apps.neotomadb.org/explorer/#/record/site/2961,shared_source_coordinate,1,0.0,,,,,,,,,0.0,,neotoma-pollen:2961,"Aborregöl (neotoma-pollen; 57.200450, 16.155840)",71,0.2185,0,,57,75,66.33,0.4375,1,1,0,30,68,0.2309,4,0,0,0,0,0,0,8,3,0,24492,3,0.4,0.0,0.0,0.1738,0.6
Aborregöl,Aborregöl,sweden_lake:aborregol:57.20045:16.15584,aborregol,57.20045,16.15584,"https://www.google.com/maps/search/?api=1&query=57.200450,16.155840",neotoma-pollen:2961,neotoma-pollen,Aborregöl,https://apps.neotomadb.org/explorer/#/record/site/2961,shared_source_coordinate,1,0.0,,,,,,,,,0.0,,neotoma-pollen:2961,"Aborregöl (neotoma-pollen; 57.200450, 16.155840)",71,0.2185,0,,57,75,66.33,0.4375,1,1,0,40,75,0.2128,4,0,0,0,0,0,0,11,5,0,24492,3,0.3,0.0,0.0,0.1412,0.6
Aborregöl,Aborregöl,sweden_lake:aborregol:57.20045:16.15584,aborregol,57.20045,16.15584,"https://www.google.com/maps/search/?api=1&query=57.200450,16.155840",neotoma-pollen:2961,neotoma-pollen,Aborregöl,https://apps.neotomadb.org/explorer/#/record/site/2961,shared_source_coordinate,1,0.0,,,,,,,,,0.0,,neotoma-pollen:2961,"Aborregöl (neotoma-pollen; 57.200450, 16.155840)",71,0.2185,0,,57,75,66.33,0.4375,1,1,0,50,59,0.2608,4,0,0,1,32,0,0,23,12,0,24492,4,0.2666,0.146,0.0,0.1498,0.8
Vuoskkujávri,Vuoskkujávri,sweden_lake:vuoskkujavri:68.34556:19.1,vuoskkujavri,68.34556,19.1,"https://www.google.com/maps/search/?api=1&query=68.345560,19.100000",neotoma-pollen:26117,neotoma-pollen,Vuoskkujávri,https://apps.neotomadb.org/explorer/#/record/site/26117,shared_source_coordinate,1,0.0,,,,,,,,,0.0,,neotoma-pollen:26117,"Vuoskkujávri (neotoma-pollen; 68.345560, 19.100000)",72,0.2181,0,,49,78,67.33,0.6375,1,1,1,10,78,0.1682,0,0,0,0,0,0,0,0,0,0,341,2,0.0,0.0,0.0,0.0028,0.4
Vuoskkujávri,Vuoskkujávri,sweden_lake:vuoskkujavri:68.34556:19.1,vuoskkujavri,68.34556,19.1,"https://www.google.com/maps/search/?api=1&query=68.345560,19.100000",neotoma-pollen:26117,neotoma-pollen,Vuoskkujávri,https://apps.neotomadb.org/explorer/#/record/site/26117,shared_source_coordinate,1,0.0,,,,,,,,,0.0,,neotoma-pollen:26117,"Vuoskkujávri (neotoma-pollen; 68.345560, 19.100000)",72,0.2181,0,,49,78,67.33,0.6375,1,1,1,20,49,0.2519,5,0,0,0,0,0,0,1,1,0,341,3,0.6,0.0,0.0,0.0176,0.6
Vuoskkujávri,Vuoskkujávri,sweden_lake:vuoskkujavri:68.34556:19.1,vuoskkujavri,68.34556,19.1,"https://www.google.com/maps/search/?api=1&query=68.345560,19.100000",neotoma-pollen:26117,neotoma-pollen,Vuoskkujávri,https://apps.neotomadb.org/explorer/#/record/site/26117,shared_source_coordinate,1,0.0,,,,,,,,,0.0,,neotoma-pollen:26117,"Vuoskkujávri (neotoma-pollen; 68.345560, 19.100000)",72,0.2181,0,,49,78,67.33,0.6375,1,1,1,30,59,0.2394,5,0,0,0,0,0,0,1,1,0,341,3,0.5,0.0,0.0,0.0077,0.6
Vuoskkujávri,Vuoskkujávri,sweden_lake:vuoskkujavri:68.34556:19.1,vuoskkujavri,68.34556,19.1,"https://www.google.com/maps/search/?api=1&query=68.345560,19.100000",neotoma-pollen:26117,neotoma-pollen,Vuoskkujávri,https://apps.neotomadb.org/explorer/#/record/site/26117,shared_source_coordinate,1,0.0,,,,,,,,,0.0,,neotoma-pollen:26117,"Vuoskkujávri (neotoma-pollen; 68.345560, 19.100000)",72,0.2181,0,,49,78,67.33,0.6375,1,1,1,40,70,0.2293,5,0,0,0,0,0,0,1,1,0,2946,3,0.375,0.0,0.0,0.017,0.6
Vuoskkujávri,Vuoskkujávri,sweden_lake:vuoskkujavri:68.34556:19.1,vuoskkujavri,68.34556,19.1,"https://www.google.com/maps/search/?api=1&query=68.345560,19.100000",neotoma-pollen:26117,neotoma-pollen,Vuoskkujávri,https://apps.neotomadb.org/explorer/#/record/site/26117,shared_source_coordinate,1,0.0,,,,,,,,,0.0,,neotoma-pollen:26117,"Vuoskkujávri (neotoma-pollen; 68.345560, 19.100000)",72,0.2181,0,,49,78,67.33,0.6375,1,1,1,50,76,0.2243,5,0,0,0,0,0,0,1,1,0,2954,3,0.3334,0.0,0.0,0.0139,0.6
Storsjön,Storsjön,sweden_lake:storsjon:57.707:16.223,storsjon,57.707,16.223,"https://www.google.com/maps/search/?api=1&query=57.707000,16.223000",landclim-sites:937075:Storsjon,landclim-sites,Storsjön,https://doi.org/10.1594/PANGAEA.937075,shared_source_coordinate,1,0.0,,,,,,,,,0.0,,landclim-sites:937075:Storsjon,"Storsjön (landclim-sites; 57.707000, 16.223000)",73,0.2128,0,,62,73,68.67,0.6375,1,1,1,10,72,0.1848,0,0,0,0,0,0,0,0,0,0,8480,2,0.0,0.0,0.0,0.0692,0.4
Storsjön,Storsjön,sweden_lake:storsjon:57.707:16.223,storsjon,57.707,16.223,"https://www.google.com/maps/search/?api=1&query=57.707000,16.223000",landclim-sites:937075:Storsjon,landclim-sites,Storsjön,https://doi.org/10.1594/PANGAEA.937075,shared_source_coordinate,1,0.0,,,,,,,,,0.0,,landclim-sites:937075:Storsjon,"Storsjön (landclim-sites; 57.707000, 16.223000)",73,0.2128,0,,62,73,68.67,0.6375,1,1,1,20,73,0.1963,0,0,0,0,0,0,0,3,0,0,12484,2,0.0,0.0,0.0,0.1154,0.4
Storsjön,Storsjön,sweden_lake:storsjon:57.707:16.223,storsjon,57.707,16.223,"https://www.google.com/maps/search/?api=1&query=57.707000,16.223000",landclim-sites:937075:Storsjon,landclim-sites,Storsjön,https://doi.org/10.1594/PANGAEA.937075,shared_source_coordinate,1,0.0,,,,,,,,,0.0,,landclim-sites:937075:Storsjon,"Storsjön (landclim-sites; 57.707000, 16.223000)",73,0.2128,0,,62,73,68.67,0.6375,1,1,1,30,69,0.2298,1,0,0,0,0,0,0,13,6,0,12484,3,0.1,0.0,0.0,0.129,0.6
Storsjön,Storsjön,sweden_lake:storsjon:57.707:16.223,storsjon,57.707,16.223,"https://www.google.com/maps/search/?api=1&query=57.707000,16.223000",landclim-sites:937075:Storsjon,landclim-sites,Storsjön,https://doi.org/10.1594/PANGAEA.937075,shared_source_coordinate,1,0.0,,,,,,,,,0.0,,landclim-sites:937075:Storsjon,"Storsjön (landclim-sites; 57.707000, 16.223000)",73,0.2128,0,,62,73,68.67,0.6375,1,1,1,40,62,0.248,1,0,0,0,0,0,0,19,9,0,34760,3,0.075,0.0,0.0,0.2119,0.6
Storsjön,Storsjön,sweden_lake:storsjon:57.707:16.223,storsjon,57.707,16.223,"https://www.google.com/maps/search/?api=1&query=57.707000,16.223000",landclim-sites:937075:Storsjon,landclim-sites,Storsjön,https://doi.org/10.1594/PANGAEA.937075,shared_source_coordinate,1,0.0,,,,,,,,,0.0,,landclim-sites:937075:Storsjon,"Storsjön (landclim-sites; 57.707000, 16.223000)",73,0.2128,0,,62,73,68.67,0.6375,1,1,1,50,63,0.2517,1,0,0,0,0,0,0,37,23,0,34760,3,0.0667,0.0,0.0,0.2302,0.6
Övre Draketjärn,Övre Draketjärn,sweden_lake:ovredraketjarn:58.6:12.18333,ovredraketjarn,58.6,12.18333,"https://www.google.com/maps/search/?api=1&query=58.600000,12.183330",neotoma-pollen:3334,neotoma-pollen,Övre Draketjärn,https://apps.neotomadb.org/explorer/#/record/site/3334,shared_source_coordinate,1,0.0,,,,,,,,,0.0,,neotoma-pollen:3334,"Övre Draketjärn (neotoma-pollen; 58.600000, 12.183330)",74,0.2102,0,,65,74,70.67,0.4375,1,1,0,10,66,0.1925,2,0,0,0,0,0,0,0,0,0,7321,3,0.3,0.0,0.0,0.0598,0.6
Övre Draketjärn,Övre Draketjärn,sweden_lake:ovredraketjarn:58.6:12.18333,ovredraketjarn,58.6,12.18333,"https://www.google.com/maps/search/?api=1&query=58.600000,12.183330",neotoma-pollen:3334,neotoma-pollen,Övre Draketjärn,https://apps.neotomadb.org/explorer/#/record/site/3334,shared_source_coordinate,1,0.0,,,,,,,,,0.0,,neotoma-pollen:3334,"Övre Draketjärn (neotoma-pollen; 58.600000, 12.183330)",74,0.2102,0,,65,74,70.67,0.4375,1,1,0,20,65,0.2172,2,0,0,0,0,0,0,1,1,0,24094,3,0.24,0.0,0.0,0.1829,0.6
Övre Draketjärn,Övre Draketjärn,sweden_lake:ovredraketjarn:58.6:12.18333,ovredraketjarn,58.6,12.18333,"https://www.google.com/maps/search/?api=1&query=58.600000,12.183330",neotoma-pollen:3334,neotoma-pollen,Övre Draketjärn,https://apps.neotomadb.org/explorer/#/record/site/3334,shared_source_coordinate,1,0.0,,,,,,,,,0.0,,neotoma-pollen:3334,"Övre Draketjärn (neotoma-pollen; 58.600000, 12.183330)",74,0.2102,0,,65,74,70.67,0.4375,1,1,0,30,74,0.2073,2,0,0,0,0,0,0,5,2,0,24094,3,0.2,0.0,0.0,0.1592,0.6
Övre Draketjärn,Övre Draketjärn,sweden_lake:ovredraketjarn:58.6:12.18333,ovredraketjarn,58.6,12.18333,"https://www.google.com/maps/search/?api=1&query=58.600000,12.183330",neotoma-pollen:3334,neotoma-pollen,Övre Draketjärn,https://apps.neotomadb.org/explorer/#/record/site/3334,shared_source_coordinate,1,0.0,,,,,,,,,0.0,,neotoma-pollen:3334,"Övre Draketjärn (neotoma-pollen; 58.600000, 12.183330)",74,0.2102,0,,65,74,70.67,0.4375,1,1,0,40,74,0.2235,4,0,0,0,0,0,0,32,2,0,24094,3,0.3,0.0,0.0,0.184,0.6
Övre Draketjärn,Övre Draketjärn,sweden_lake:ovredraketjarn:58.6:12.18333,ovredraketjarn,58.6,12.18333,"https://www.google.com/maps/search/?api=1&query=58.600000,12.183330",neotoma-pollen:3334,neotoma-pollen,Övre Draketjärn,https://apps.neotomadb.org/explorer/#/record/site/3334,shared_source_coordinate,1,0.0,,,,,,,,,0.0,,neotoma-pollen:3334,"Övre Draketjärn (neotoma-pollen; 58.600000, 12.183330)",74,0.2102,0,,65,74,70.67,0.4375,1,1,0,50,71,0.2313,4,0,0,0,0,0,0,42,3,0,39877,3,0.2666,0.0,0.0,0.2286,0.6
Bergsjön,Bergsjön,sweden_lake:bergsjon:58.313555:12.438565,bergsjon,58.313555,12.438565,"https://www.google.com/maps/search/?api=1&query=58.313555,12.438565",neotoma-pollen:14054,neotoma-pollen,Bergsjön,https://apps.neotomadb.org/explorer/#/record/site/14054,shared_source_coordinate,1,0.0,,,,,,,,,0.0,,neotoma-pollen:14054,"Bergsjön (neotoma-pollen; 58.313555, 12.438565)",75,0.1994,0,,65,76,72,0.4375,1,1,0,10,73,0.1827,1,0,0,0,0,0,0,1,0,0,7321,3,0.15,0.0,0.0,0.0808,0.6
Bergsjön,Bergsjön,sweden_lake:bergsjon:58.313555:12.438565,bergsjon,58.313555,12.438565,"https://www.google.com/maps/search/?api=1&query=58.313555,12.438565",neotoma-pollen:14054,neotoma-pollen,Bergsjön,https://apps.neotomadb.org/explorer/#/record/site/14054,shared_source_coordinate,1,0.0,,,,,,,,,0.0,,neotoma-pollen:14054,"Bergsjön (neotoma-pollen; 58.313555, 12.438565)",75,0.1994,0,,65,76,72,0.4375,1,1,0,20,76,0.1817,1,0,0,0,0,0,0,4,0,0,7321,3,0.12,0.0,0.0,0.089,0.6
Bergsjön,Bergsjön,sweden_lake:bergsjon:58.313555:12.438565,bergsjon,58.313555,12.438565,"https://www.google.com/maps/search/?api=1&query=58.313555,12.438565",neotoma-pollen:14054,neotoma-pollen,Bergsjön,https://apps.neotomadb.org/explorer/#/record/site/14054,shared_source_coordinate,1,0.0,,,,,,,,,0.0,,neotoma-pollen:14054,"Bergsjön (neotoma-pollen; 58.313555, 12.438565)",75,0.1994,0,,65,76,72,0.4375,1,1,0,30,75,0.1985,1,0,0,0,0,0,0,8,0,0,24094,3,0.1,0.0,0.0,0.164,0.6
Bergsjön,Bergsjön,sweden_lake:bergsjon:58.313555:12.438565,bergsjon,58.313555,12.438565,"https://www.google.com/maps/search/?api=1&query=58.313555,12.438565",neotoma-pollen:14054,neotoma-pollen,Bergsjön,https://apps.neotomadb.org/explorer/#/record/site/14054,shared_source_coordinate,1,0.0,,,,,,,,,0.0,,neotoma-pollen:14054,"Bergsjön (neotoma-pollen; 58.313555, 12.438565)",75,0.1994,0,,65,76,72,0.4375,1,1,0,40,68,0.2341,4,0,0,0,0,0,0,16,1,0,43164,3,0.3,0.0,0.0,0.2265,0.6
Bergsjön,Bergsjön,sweden_lake:bergsjon:58.313555:12.438565,bergsjon,58.313555,12.438565,"https://www.google.com/maps/search/?api=1&query=58.313555,12.438565",neotoma-pollen:14054,neotoma-pollen,Bergsjön,https://apps.neotomadb.org/explorer/#/record/site/14054,shared_source_coordinate,1,0.0,,,,,,,,,0.0,,neotoma-pollen:14054,"Bergsjön (neotoma-pollen; 58.313555, 12.438565)",75,0.1994,0,,65,76,72,0.4375,1,1,0,50,65,0.2433,4,0,0,0,0,0,0,37,2,0,56756,3,0.2666,0.0,0.0,0.2766,0.6
Gilltjärnen,"Gilltjärnen (60.083333, 15.083333)",sweden_lake:gilltjarnen:60.083333:15.083333,gilltjarnen,60.083333,15.083333,"https://www.google.com/maps/search/?api=1&query=60.083333,15.083333",landclim-sites:937075:GIL,landclim-sites,Gilltjärnen,https://doi.org/10.1594/PANGAEA.937075,shared_source_coordinate,2,0.0,duplicate_sweden_name,2 Sweden candidates share this cleaned lake name.,,,,,,,0.0,,landclim-sites:937075:GIL,"Gilltjärnen (landclim-sites; 60.083333, 15.083333)",76,0.1972,0,,67,77,73,0.6375,1,1,1,10,67,0.1924,0,0,0,0,0,0,0,1,0,0,9592,2,0.0,0.0,0.0,0.0994,0.4
Gilltjärnen,"Gilltjärnen (60.083333, 15.083333)",sweden_lake:gilltjarnen:60.083333:15.083333,gilltjarnen,60.083333,15.083333,"https://www.google.com/maps/search/?api=1&query=60.083333,15.083333",landclim-sites:937075:GIL,landclim-sites,Gilltjärnen,https://doi.org/10.1594/PANGAEA.937075,shared_source_coordinate,2,0.0,duplicate_sweden_name,2 Sweden candidates share this cleaned lake name.,,,,,,,0.0,,landclim-sites:937075:GIL,"Gilltjärnen (landclim-sites; 60.083333, 15.083333)",76,0.1972,0,,67,77,73,0.6375,1,1,1,20,70,0.203,0,0,0,0,0,0,0,6,0,0,12209,2,0.0,0.0,0.0,0.1421,0.4
Gilltjärnen,"Gilltjärnen (60.083333, 15.083333)",sweden_lake:gilltjarnen:60.083333:15.083333,gilltjarnen,60.083333,15.083333,"https://www.google.com/maps/search/?api=1&query=60.083333,15.083333",landclim-sites:937075:GIL,landclim-sites,Gilltjärnen,https://doi.org/10.1594/PANGAEA.937075,shared_source_coordinate,2,0.0,duplicate_sweden_name,2 Sweden candidates share this cleaned lake name.,,,,,,,0.0,,landclim-sites:937075:GIL,"Gilltjärnen (landclim-sites; 60.083333, 15.083333)",76,0.1972,0,,67,77,73,0.6375,1,1,1,30,76,0.1915,0,0,0,0,0,0,0,8,0,0,12209,2,0.0,0.0,0.0,0.096,0.4
Gilltjärnen,"Gilltjärnen (60.083333, 15.083333)",sweden_lake:gilltjarnen:60.083333:15.083333,gilltjarnen,60.083333,15.083333,"https://www.google.com/maps/search/?api=1&query=60.083333,15.083333",landclim-sites:937075:GIL,landclim-sites,Gilltjärnen,https://doi.org/10.1594/PANGAEA.937075,shared_source_coordinate,2,0.0,duplicate_sweden_name,2 Sweden candidates share this cleaned lake name.,,,,,,,0.0,,landclim-sites:937075:GIL,"Gilltjärnen (landclim-sites; 60.083333, 15.083333)",76,0.1972,0,,67,77,73,0.6375,1,1,1,40,77,0.1861,0,0,0,0,0,0,0,9,0,0,12209,2,0.0,0.0,0.0,0.0742,0.4
Gilltjärnen,"Gilltjärnen (60.083333, 15.083333)",sweden_lake:gilltjarnen:60.083333:15.083333,gilltjarnen,60.083333,15.083333,"https://www.google.com/maps/search/?api=1&query=60.083333,15.083333",landclim-sites:937075:GIL,landclim-sites,Gilltjärnen,https://doi.org/10.1594/PANGAEA.937075,shared_source_coordinate,2,0.0,duplicate_sweden_name,2 Sweden candidates share this cleaned lake name.,,,,,,,0.0,,landclim-sites:937075:GIL,"Gilltjärnen (landclim-sites; 60.083333, 15.083333)",76,0.1972,0,,67,77,73,0.6375,1,1,1,50,72,0.2256,3,0,0,0,0,0,0,14,1,0,12209,3,0.2,0.0,0.0,0.0724,0.6
Alanen Laanijärvi,Alanen Laanijärvi,sweden_lake:alanenlaanijarvi:67.96611:20.46028,alanenlaanijarvi,67.96611,20.46028,"https://www.google.com/maps/search/?api=1&query=67.966110,20.460280",neotoma-pollen:26119,neotoma-pollen,Alanen Laanijärvi,https://apps.neotomadb.org/explorer/#/record/site/26119,shared_source_coordinate,1,0.0,,,,,,,,,0.0,,neotoma-pollen:26119,"Alanen Laanijärvi (neotoma-pollen; 67.966110, 20.460280)",77,0.1715,0,,75,79,77.5,0.6375,1,1,1,10,75,0.1703,0,0,0,0,0,0,0,0,0,0,1354,2,0.0,0.0,0.0,0.0111,0.4
Alanen Laanijärvi,Alanen Laanijärvi,sweden_lake:alanenlaanijarvi:67.96611:20.46028,alanenlaanijarvi,67.96611,20.46028,"https://www.google.com/maps/search/?api=1&query=67.966110,20.460280",neotoma-pollen:26119,neotoma-pollen,Alanen Laanijärvi,https://apps.neotomadb.org/explorer/#/record/site/26119,shared_source_coordinate,1,0.0,,,,,,,,,0.0,,neotoma-pollen:26119,"Alanen Laanijärvi (neotoma-pollen; 67.966110, 20.460280)",77,0.1715,0,,75,79,77.5,0.6375,1,1,1,20,77,0.1716,0,0,0,0,0,0,0,0,0,0,2361,2,0.0,0.0,0.0,0.0164,0.4
Alanen Laanijärvi,Alanen Laanijärvi,sweden_lake:alanenlaanijarvi:67.96611:20.46028,alanenlaanijarvi,67.96611,20.46028,"https://www.google.com/maps/search/?api=1&query=67.966110,20.460280",neotoma-pollen:26119,neotoma-pollen,Alanen Laanijärvi,https://apps.neotomadb.org/explorer/#/record/site/26119,shared_source_coordinate,1,0.0,,,,,,,,,0.0,,neotoma-pollen:26119,"Alanen Laanijärvi (neotoma-pollen; 67.966110, 20.460280)",77,0.1715,0,,75,79,77.5,0.6375,1,1,1,30,78,0.173,0,0,0,0,0,0,0,0,0,0,3826,2,0.0,0.0,0.0,0.0219,0.4
Alanen Laanijärvi,Alanen Laanijärvi,sweden_lake:alanenlaanijarvi:67.96611:20.46028,alanenlaanijarvi,67.96611,20.46028,"https://www.google.com/maps/search/?api=1&query=67.966110,20.460280",neotoma-pollen:26119,neotoma-pollen,Alanen Laanijärvi,https://apps.neotomadb.org/explorer/#/record/site/26119,shared_source_coordinate,1,0.0,,,,,,,,,0.0,,neotoma-pollen:26119,"Alanen Laanijärvi (neotoma-pollen; 67.966110, 20.460280)",77,0.1715,0,,75,79,77.5,0.6375,1,1,1,40,79,0.1716,0,0,0,0,0,0,0,0,0,0,3826,2,0.0,0.0,0.0,0.0165,0.4
Alanen Laanijärvi,Alanen Laanijärvi,sweden_lake:alanenlaanijarvi:67.96611:20.46028,alanenlaanijarvi,67.96611,20.46028,"https://www.google.com/maps/search/?api=1&query=67.966110,20.460280",neotoma-pollen:26119,neotoma-pollen,Alanen Laanijärvi,https://apps.neotomadb.org/explorer/#/record/site/26119,shared_source_coordinate,1,0.0,,,,,,,,,0.0,,neotoma-pollen:26119,"Alanen Laanijärvi (neotoma-pollen; 67.966110, 20.460280)",77,0.1715,0,,75,79,77.5,0.6375,1,1,1,50,79,0.1718,0,0,0,0,0,0,0,1,1,0,3826,2,0.0,0.0,0.0,0.017,0.4
Styggtjärnen,Styggtjärnen,sweden_lake:styggtjarnen:62.324285:13.557865,styggtjarnen,62.324285,13.557865,"https://www.google.com/maps/search/?api=1&query=62.324285,13.557865",neotoma-pollen:13335,neotoma-pollen,Styggtjärnen,https://apps.neotomadb.org/explorer/#/record/site/13335,shared_source_coordinate,1,0.0,,,,,,,,,0.0,,neotoma-pollen:13335,"Styggtjärnen (neotoma-pollen; 62.324285, 13.557865)",78,0.1713,0,,77,78,77.67,0.6375,1,1,1,10,77,0.1688,0,0,0,0,0,0,0,0,0,0,618,2,0.0,0.0,0.0,0.005,0.4
Styggtjärnen,Styggtjärnen,sweden_lake:styggtjarnen:62.324285:13.557865,styggtjarnen,62.324285,13.557865,"https://www.google.com/maps/search/?api=1&query=62.324285,13.557865",neotoma-pollen:13335,neotoma-pollen,Styggtjärnen,https://apps.neotomadb.org/explorer/#/record/site/13335,shared_source_coordinate,1,0.0,,,,,,,,,0.0,,neotoma-pollen:13335,"Styggtjärnen (neotoma-pollen; 62.324285, 13.557865)",78,0.1713,0,,77,78,77.67,0.6375,1,1,1,20,78,0.1686,0,0,0,0,0,0,0,0,0,0,618,2,0.0,0.0,0.0,0.0043,0.4
Styggtjärnen,Styggtjärnen,sweden_lake:styggtjarnen:62.324285:13.557865,styggtjarnen,62.324285,13.557865,"https://www.google.com/maps/search/?api=1&query=62.324285,13.557865",neotoma-pollen:13335,neotoma-pollen,Styggtjärnen,https://apps.neotomadb.org/explorer/#/record/site/13335,shared_source_coordinate,1,0.0,,,,,,,,,0.0,,neotoma-pollen:13335,"Styggtjärnen (neotoma-pollen; 62.324285, 13.557865)",78,0.1713,0,,77,78,77.67,0.6375,1,1,1,30,77,0.1744,0,0,0,0,0,0,0,0,0,0,4801,2,0.0,0.0,0.0,0.0275,0.4
Styggtjärnen,Styggtjärnen,sweden_lake:styggtjarnen:62.324285:13.557865,styggtjarnen,62.324285,13.557865,"https://www.google.com/maps/search/?api=1&query=62.324285,13.557865",neotoma-pollen:13335,neotoma-pollen,Styggtjärnen,https://apps.neotomadb.org/explorer/#/record/site/13335,shared_source_coordinate,1,0.0,,,,,,,,,0.0,,neotoma-pollen:13335,"Styggtjärnen (neotoma-pollen; 62.324285, 13.557865)",78,0.1713,0,,77,78,77.67,0.6375,1,1,1,40,78,0.174,0,0,0,0,0,0,0,1,0,0,5435,2,0.0,0.0,0.0,0.0259,0.4
Styggtjärnen,Styggtjärnen,sweden_lake:styggtjarnen:62.324285:13.557865,styggtjarnen,62.324285,13.557865,"https://www.google.com/maps/search/?api=1&query=62.324285,13.557865",neotoma-pollen:13335,neotoma-pollen,Styggtjärnen,https://apps.neotomadb.org/explorer/#/record/site/13335,shared_source_coordinate,1,0.0,,,,,,,,,0.0,,neotoma-pollen:13335,"Styggtjärnen (neotoma-pollen; 62.324285, 13.557865)",78,0.1713,0,,77,78,77.67,0.6375,1,1,1,50,78,0.1756,0,0,0,0,0,0,0,4,0,0,6872,2,0.0,0.0,0.0,0.0322,0.4
Krontjärnen,Krontjärnen,sweden_lake:krontjarnen:66.23468:20.84254,krontjarnen,66.23468,20.84254,"https://www.google.com/maps/search/?api=1&query=66.234680,20.842540",neotoma-pollen:3207,neotoma-pollen,Krontjärnen,https://apps.neotomadb.org/explorer/#/record/site/3207,shared_source_coordinate,1,0.0,,,,,,,,,0.0,,neotoma-pollen:3207,"Krontjärnen (neotoma-pollen; 66.234680, 20.842540)",79,0.1636,0,,79,80,79.5,0.4375,1,1,0,10,79,0.1656,1,0,0,0,0,0,0,0,0,0,1520,3,0.15,0.0,0.0,0.0124,0.6
Krontjärnen,Krontjärnen,sweden_lake:krontjarnen:66.23468:20.84254,krontjarnen,66.23468,20.84254,"https://www.google.com/maps/search/?api=1&query=66.234680,20.842540",neotoma-pollen:3207,neotoma-pollen,Krontjärnen,https://apps.neotomadb.org/explorer/#/record/site/3207,shared_source_coordinate,1,0.0,,,,,,,,,0.0,,neotoma-pollen:3207,"Krontjärnen (neotoma-pollen; 66.234680, 20.842540)",79,0.1636,0,,79,80,79.5,0.4375,1,1,0,20,79,0.1622,1,0,0,0,0,0,0,0,0,0,1520,3,0.12,0.0,0.0,0.0106,0.6
Krontjärnen,Krontjärnen,sweden_lake:krontjarnen:66.23468:20.84254,krontjarnen,66.23468,20.84254,"https://www.google.com/maps/search/?api=1&query=66.234680,20.842540",neotoma-pollen:3207,neotoma-pollen,Krontjärnen,https://apps.neotomadb.org/explorer/#/record/site/3207,shared_source_coordinate,1,0.0,,,,,,,,,0.0,,neotoma-pollen:3207,"Krontjärnen (neotoma-pollen; 66.234680, 20.842540)",79,0.1636,0,,79,80,79.5,0.4375,1,1,0,30,80,0.1646,1,0,0,0,0,0,0,0,0,0,4985,3,0.1,0.0,0.0,0.0285,0.6
Krontjärnen,Krontjärnen,sweden_lake:krontjarnen:66.23468:20.84254,krontjarnen,66.23468,20.84254,"https://www.google.com/maps/search/?api=1&query=66.234680,20.842540",neotoma-pollen:3207,neotoma-pollen,Krontjärnen,https://apps.neotomadb.org/explorer/#/record/site/3207,shared_source_coordinate,1,0.0,,,,,,,,,0.0,,neotoma-pollen:3207,"Krontjärnen (neotoma-pollen; 66.234680, 20.842540)",79,0.1636,0,,79,80,79.5,0.4375,1,1,0,40,80,0.1618,1,0,0,0,0,0,0,0,0,0,6323,3,0.075,0.0,0.0,0.0273,0.6
Krontjärnen,Krontjärnen,sweden_lake:krontjarnen:66.23468:20.84254,krontjarnen,66.23468,20.84254,"https://www.google.com/maps/search/?api=1&query=66.234680,20.842540",neotoma-pollen:3207,neotoma-pollen,Krontjärnen,https://apps.neotomadb.org/explorer/#/record/site/3207,shared_source_coordinate,1,0.0,,,,,,,,,0.0,,neotoma-pollen:3207,"Krontjärnen (neotoma-pollen; 66.234680, 20.842540)",79,0.1636,0,,79,80,79.5,0.4375,1,1,0,50,80,0.1617,1,0,0,0,0,0,0,1,0,0,7946,3,0.0667,0.0,0.0,0.03,0.6
Sandsjön,Sandsjön,sweden_lake:sandsjon:56.769515:13.400745,sandsjon,56.769515,13.400745,"https://www.google.com/maps/search/?api=1&query=56.769515,13.400745",neotoma-pollen:14455,neotoma-pollen,Sandsjön,https://apps.neotomadb.org/explorer/#/record/site/14455,shared_source_coordinate,1,0.0,,,,,,,,,0.0,,neotoma-pollen:14455,"Sandsjön (neotoma-pollen; 56.769515, 13.400745)",80,0.1627,0,,76,80,78.67,0.4375,1,1,0,10,80,0.1457,0,0,0,0,0,0,0,0,0,0,8912,2,0.0,0.0,0.0,0.0728,0.4
Sandsjön,Sandsjön,sweden_lake:sandsjon:56.769515:13.400745,sandsjon,56.769515,13.400745,"https://www.google.com/maps/search/?api=1&query=56.769515,13.400745",neotoma-pollen:14455,neotoma-pollen,Sandsjön,https://apps.neotomadb.org/explorer/#/record/site/14455,shared_source_coordinate,1,0.0,,,,,,,,,0.0,,neotoma-pollen:14455,"Sandsjön (neotoma-pollen; 56.769515, 13.400745)",80,0.1627,0,,76,80,78.67,0.4375,1,1,0,20,80,0.1454,0,0,0,0,0,0,0,1,0,0,8912,2,0.0,0.0,0.0,0.0715,0.4
Sandsjön,Sandsjön,sweden_lake:sandsjon:56.769515:13.400745,sandsjon,56.769515,13.400745,"https://www.google.com/maps/search/?api=1&query=56.769515,13.400745",neotoma-pollen:14455,neotoma-pollen,Sandsjön,https://apps.neotomadb.org/explorer/#/record/site/14455,shared_source_coordinate,1,0.0,,,,,,,,,0.0,,neotoma-pollen:14455,"Sandsjön (neotoma-pollen; 56.769515, 13.400745)",80,0.1627,0,,76,80,78.67,0.4375,1,1,0,30,79,0.1706,0,0,0,0,0,0,0,8,4,0,23832,2,0.0,0.0,0.0,0.1725,0.4
Sandsjön,Sandsjön,sweden_lake:sandsjon:56.769515:13.400745,sandsjon,56.769515,13.400745,"https://www.google.com/maps/search/?api=1&query=56.769515,13.400745",neotoma-pollen:14455,neotoma-pollen,Sandsjön,https://apps.neotomadb.org/explorer/#/record/site/14455,shared_source_coordinate,1,0.0,,,,,,,,,0.0,,neotoma-pollen:14455,"Sandsjön (neotoma-pollen; 56.769515, 13.400745)",80,0.1627,0,,76,80,78.67,0.4375,1,1,0,40,76,0.1916,0,0,0,0,0,0,0,23,8,0,43218,2,0.0,0.0,0.0,0.2562,0.4
Sandsjön,Sandsjön,sweden_lake:sandsjon:56.769515:13.400745,sandsjon,56.769515,13.400745,"https://www.google.com/maps/search/?api=1&query=56.769515,13.400745",neotoma-pollen:14455,neotoma-pollen,Sandsjön,https://apps.neotomadb.org/explorer/#/record/site/14455,shared_source_coordinate,1,0.0,,,,,,,,,0.0,,neotoma-pollen:14455,"Sandsjön (neotoma-pollen; 56.769515, 13.400745)",80,0.1627,0,,76,80,78.67,0.4375,1,1,0,50,77,0.1977,0,0,0,0,0,0,0,42,11,0,51285,2,0.0,0.0,0.0,0.2806,0.4
