species_latin_name,species_common_name,project_accession,repo_stable_sample_id,preferred_sample_label,sample_basis,sample_evidence_status,sample_identity_resolution,sample_ambiguity_note,locality_text,locality_resolution_status,location_evidence_artifact_path,location_evidence_artifact_kind,location_evidence_locator,location_evidence_text,site_name,municipality_name,region_name,country_name,broader_geography,coordinate_basis,coordinate_mapping_posture,coordinate_confidence,chronology_text,review_note
Sus scrofa domesticus,pig,PRJEB30282,prjeb30282:samea5160866,SAMEA5160866,archive_project_sample_accession_anchor,archive_native,final,,Nivå,direct_sample_site,data/adna/governance/source_library/projects/PRJEB30282/archive_metadata.html || data/adna/governance/source_library/papers/10.1073-pnas.1901169116/supplementary/pnas.1901169116.sd01.xlsx,supplementary_spreadsheet_row,sample_accession:SAMEA5160866 || Sheet1!row1214,ENA archive metadata identifies sample SAMEA5160866 as Sus scrofa (tax_id 9823). || AA014 | previous_extraction_code=GL307 | mtdna_accession=- | source=Kim Aaris-Sørensen | museum_or_sample_code=ZMK 11 | additional_sample_information=- | location=Nivå | country=Denmark | radiocarbon_lab=- | uncalibrated_date=- | uncalibrated_error=- | calibrated_from_bp=- | calibrated_to_bp=- | source_age=5400-4500 BC | source_mean_years_bp=6950 | period=Late Mesolithic | group=EUW-A | zooarch_status=Wild | combined_status=Wild | secondary_zooarch_status=Wild | published=N | chronology_disposition=refused_context_only_unresolved_age_semantics | domestication_disposition=excluded_wild,Nivå,,,Denmark,,,,,,Sample-level locality comes directly from the recovered sample source row.
Sus scrofa domesticus,pig,PRJEB30282,prjeb30282:samea5160867,SAMEA5160867,archive_project_sample_accession_anchor,archive_native,final,,Bundsø,direct_sample_site,data/adna/governance/source_library/projects/PRJEB30282/archive_metadata.html || data/adna/governance/source_library/papers/10.1073-pnas.1901169116/supplementary/pnas.1901169116.sd01.xlsx,supplementary_spreadsheet_row,sample_accession:SAMEA5160867 || Sheet1!row1212,ENA archive metadata identifies sample SAMEA5160867 as Sus scrofa (tax_id 9823). || AA015 | previous_extraction_code=GL468 | mtdna_accession=- | source=Kim Aaris-Sørensen | museum_or_sample_code=ZMK 17 | additional_sample_information=- | location=Bundsø | country=Denmark | radiocarbon_lab=- | uncalibrated_date=- | uncalibrated_error=- | calibrated_from_bp=- | calibrated_to_bp=- | source_age=2800-2600 BC | source_mean_years_bp=4700 | period=Middle Neolithic A phase III | group=EUD-A | zooarch_status=Domestic | combined_status=Domestic | secondary_zooarch_status=Domestic | published=N | chronology_disposition=admitted_existing_context_point | domestication_disposition=admitted_domesticated_core,Bundsø,,,Denmark,,named_site_geocoding,mappable_point,approximate,4700 BP,Sample-level locality comes directly from the recovered sample source row.
Sus scrofa domesticus,pig,PRJEB30282,prjeb30282:samea5160868,SAMEA5160868,archive_project_sample_accession_anchor,archive_native,final,,Trelleborg,direct_sample_site,data/adna/governance/source_library/projects/PRJEB30282/archive_metadata.html || data/adna/governance/source_library/papers/10.1073-pnas.1901169116/supplementary/pnas.1901169116.sd01.xlsx,supplementary_spreadsheet_row,sample_accession:SAMEA5160868 || Sheet1!row1215,ENA archive metadata identifies sample SAMEA5160868 as Sus scrofa (tax_id 9823). || AA016 | previous_extraction_code=GL306 | mtdna_accession=- | source=Kim Aaris-Sørensen | museum_or_sample_code=ZMK 25 | additional_sample_information=- | location=Trelleborg | country=Denmark | radiocarbon_lab=- | uncalibrated_date=- | uncalibrated_error=- | calibrated_from_bp=- | calibrated_to_bp=- | source_age=c. AD 1000 | source_mean_years_bp=1000 | period=Early Medieval | group=EUD-A | zooarch_status=Domestic | combined_status=Domestic | secondary_zooarch_status=Domestic | published=N | chronology_disposition=admitted_existing_context_point | domestication_disposition=admitted_domesticated_core,Trelleborg,,,Denmark,,named_site_geocoding,mappable_point,approximate,1000 BP,Sample-level locality comes directly from the recovered sample source row.
Sus scrofa domesticus,pig,PRJEB30282,prjeb30282:samea5160869,SAMEA5160869,archive_project_sample_accession_anchor,archive_native,final,,Flynderhage,direct_sample_site,data/adna/governance/source_library/projects/PRJEB30282/archive_metadata.html || data/adna/governance/source_library/papers/10.1073-pnas.1901169116/supplementary/pnas.1901169116.sd01.xlsx,supplementary_spreadsheet_row,sample_accession:SAMEA5160869 || Sheet1!row1213,ENA archive metadata identifies sample SAMEA5160869 as Sus scrofa (tax_id 9823). || AA017 | previous_extraction_code=GL429 | mtdna_accession=- | source=Kim Aaris-Sørensen | museum_or_sample_code=ZMK 119 | additional_sample_information=- | location=Flynderhage | country=Denmark | radiocarbon_lab=- | uncalibrated_date=- | uncalibrated_error=- | calibrated_from_bp=- | calibrated_to_bp=- | source_age=4500-3900 BC | source_mean_years_bp=6200 | period=Late Mesolithic | group=EUW-A | zooarch_status=Wild | combined_status=Wild | secondary_zooarch_status=Wild | published=N | chronology_disposition=refused_context_only_unresolved_age_semantics | domestication_disposition=excluded_wild,Flynderhage,,,Denmark,,,,,,Sample-level locality comes directly from the recovered sample source row.
Sus scrofa domesticus,pig,PRJEB30282,prjeb30282:samea5160870,SAMEA5160870,archive_project_sample_accession_anchor,archive_native,final,,"Kush, Ras al-Khaimah",direct_sample_site,data/adna/governance/source_library/projects/PRJEB30282/archive_metadata.html || data/adna/governance/source_library/papers/10.1073-pnas.1901169116/supplementary/pnas.1901169116.sd01.xlsx,supplementary_spreadsheet_row,sample_accession:SAMEA5160870 || Sheet1!row639,"ENA archive metadata identifies sample SAMEA5160870 as Sus scrofa (tax_id 9823). || AA019 | previous_extraction_code=GL149 | mtdna_accession=- | source=Derek Kennet | museum_or_sample_code=- | additional_sample_information=- | location=Kush, Ras al-Khaimah | country=United Arab Emirates | radiocarbon_lab=- | uncalibrated_date=- | uncalibrated_error=- | calibrated_from_bp=- | calibrated_to_bp=- | source_age=5th - 6th century AD | source_mean_years_bp=1450 | period=Sasanian culture | group=NED-A | zooarch_status=Domestic | combined_status=Domestic | secondary_zooarch_status=Domestic | published=N | chronology_disposition=refused_context_only_unresolved_age_semantics | domestication_disposition=excluded_unreviewed_domesticated_scope","Kush, Ras al-Khaimah",,,United Arab Emirates,,,,,,Sample-level locality comes directly from the recovered sample source row.
Sus scrofa domesticus,pig,PRJEB30282,prjeb30282:samea5160871,SAMEA5160871,archive_project_sample_accession_anchor,archive_native,final,,Tell Brak,direct_sample_site,data/adna/governance/source_library/projects/PRJEB30282/archive_metadata.html || data/adna/governance/source_library/papers/10.1073-pnas.1901169116/supplementary/pnas.1901169116.sd01.xlsx,supplementary_spreadsheet_row,sample_accession:SAMEA5160871 || Sheet1!row1151,ENA archive metadata identifies sample SAMEA5160871 as Sus scrofa (tax_id 9823). || AA021 | previous_extraction_code=GL180 | mtdna_accession=- | source=Keith Dobney / Roger Matthews | museum_or_sample_code=A1200.1 | additional_sample_information=- | location=Tell Brak | country=Syria | radiocarbon_lab=- | uncalibrated_date=- | uncalibrated_error=- | calibrated_from_bp=- | calibrated_to_bp=- | source_age=c. 2400 BC | source_mean_years_bp=4400 | period=Akkadian | group=NED-A | zooarch_status=Domestic | combined_status=Domestic | secondary_zooarch_status=Domestic | published=N | chronology_disposition=refused_context_only_unresolved_age_semantics | domestication_disposition=excluded_unreviewed_domesticated_scope,Tell Brak,,,Syria,,,,,,Sample-level locality comes directly from the recovered sample source row.
Sus scrofa domesticus,pig,PRJEB30282,prjeb30282:samea5160872,SAMEA5160872,archive_project_sample_accession_anchor,archive_native,final,,Tell Brak,direct_sample_site,data/adna/governance/source_library/projects/PRJEB30282/archive_metadata.html || data/adna/governance/source_library/papers/10.1073-pnas.1901169116/supplementary/pnas.1901169116.sd01.xlsx,supplementary_spreadsheet_row,sample_accession:SAMEA5160872 || Sheet1!row1152,ENA archive metadata identifies sample SAMEA5160872 as Sus scrofa (tax_id 9823). || AA023 | previous_extraction_code=GL430 | mtdna_accession=- | source=Keith Dobney / Roger Matthews | museum_or_sample_code=A508.1 | additional_sample_information=- | location=Tell Brak | country=Syria | radiocarbon_lab=- | uncalibrated_date=- | uncalibrated_error=- | calibrated_from_bp=- | calibrated_to_bp=- | source_age=c. 2350 BC | source_mean_years_bp=4350 | period=Akkadian | group=NED-A | zooarch_status=Domestic | combined_status=Domestic | secondary_zooarch_status=Domestic | published=N | chronology_disposition=refused_context_only_unresolved_age_semantics | domestication_disposition=excluded_unreviewed_domesticated_scope,Tell Brak,,,Syria,,,,,,Sample-level locality comes directly from the recovered sample source row.
Sus scrofa domesticus,pig,PRJEB30282,prjeb30282:samea5160873,SAMEA5160873,archive_project_sample_accession_anchor,archive_native,final,,Tol e Bashi,direct_sample_site,data/adna/governance/source_library/projects/PRJEB30282/archive_metadata.html || data/adna/governance/source_library/papers/10.1073-pnas.1901169116/supplementary/pnas.1901169116.sd01.xlsx,supplementary_spreadsheet_row,sample_accession:SAMEA5160873 || Sheet1!row1679,ENA archive metadata identifies sample SAMEA5160873 as Sus scrofa (tax_id 9823). || AA025 | previous_extraction_code=- | mtdna_accession=- | source=Marjan Mashkour | museum_or_sample_code=- | additional_sample_information=Unit A Loc 20 RN 16G | location=Tol e Bashi | country=Iran | radiocarbon_lab=- | uncalibrated_date=- | uncalibrated_error=- | calibrated_from_bp=- | calibrated_to_bp=- | source_age=- | source_mean_years_bp=- | period=Late Neolithic | group=NEU-A | zooarch_status=Unknown | combined_status=Unknown | secondary_zooarch_status=Unknown | published=N | chronology_disposition=unresolved_missing_source_mean | domestication_disposition=excluded_domestication_unknown,Tol e Bashi,,,Iran,,,,,,Sample-level locality comes directly from the recovered sample source row.
Sus scrofa domesticus,pig,PRJEB30282,prjeb30282:samea5160874,SAMEA5160874,archive_project_sample_accession_anchor,archive_native,final,,Sagalassos,direct_sample_site,data/adna/governance/source_library/projects/PRJEB30282/archive_metadata.html || data/adna/governance/source_library/papers/10.1073-pnas.1901169116/supplementary/pnas.1901169116.sd01.xlsx,supplementary_spreadsheet_row,sample_accession:SAMEA5160874 || Sheet1!row461,ENA archive metadata identifies sample SAMEA5160874 as Sus scrofa (tax_id 9823). || AA034 | previous_extraction_code=GL1118 | mtdna_accession=- | source=Bea De Cupere | museum_or_sample_code=SA91N309 | additional_sample_information=- | location=Sagalassos | country=Turkey | radiocarbon_lab=- | uncalibrated_date=- | uncalibrated_error=- | calibrated_from_bp=- | calibrated_to_bp=- | source_age=300-450 AD | source_mean_years_bp=1625 | period=Late Roman | group=NED-A | zooarch_status=Domestic | combined_status=Domestic | secondary_zooarch_status=Domestic | published=N | chronology_disposition=refused_context_only_unresolved_age_semantics | domestication_disposition=excluded_unreviewed_domesticated_scope,Sagalassos,,,Turkey,,,,,,Sample-level locality comes directly from the recovered sample source row.
Sus scrofa domesticus,pig,PRJEB30282,prjeb30282:samea5160875,SAMEA5160875,archive_project_sample_accession_anchor,archive_native,final,,Abu Ghosh,direct_sample_site,data/adna/governance/source_library/projects/PRJEB30282/archive_metadata.html || data/adna/governance/source_library/papers/10.1073-pnas.1901169116/supplementary/pnas.1901169116.sd01.xlsx,supplementary_spreadsheet_row,sample_accession:SAMEA5160875 || Sheet1!row1663,"ENA archive metadata identifies sample SAMEA5160875 as Sus scrofa (tax_id 9823). || AA042 | previous_extraction_code=GL1141 | mtdna_accession=- | source=Liora Horwitz | museum_or_sample_code=Israel anc4, AG 40, 0.64 | additional_sample_information=- | location=Abu Ghosh | country=Israel | radiocarbon_lab=- | uncalibrated_date=- | uncalibrated_error=- | calibrated_from_bp=- | calibrated_to_bp=- | source_age=8895+-60 uncal (10198-9774 cal BP) indirect date | source_mean_years_bp=- | period=Mid Pre-Pottery Neolithic B | group=NEU-A | zooarch_status=Unknown | combined_status=Unknown | secondary_zooarch_status=Unknown | published=N | chronology_disposition=unresolved_missing_source_mean | domestication_disposition=excluded_domestication_unknown",Abu Ghosh,,,Israel,,,,,,Sample-level locality comes directly from the recovered sample source row.
Sus scrofa domesticus,pig,PRJEB30282,prjeb30282:samea5160876,SAMEA5160876,archive_project_sample_accession_anchor,archive_native,final,,Tel Bet Shean,direct_sample_site,data/adna/governance/source_library/projects/PRJEB30282/archive_metadata.html || data/adna/governance/source_library/papers/10.1073-pnas.1901169116/supplementary/pnas.1901169116.sd01.xlsx,supplementary_spreadsheet_row,sample_accession:SAMEA5160876 || Sheet1!row1667,"ENA archive metadata identifies sample SAMEA5160876 as Sus scrofa (tax_id 9823). || AA043 | previous_extraction_code=GL1142 | mtdna_accession=- | source=Liora Horwitz | museum_or_sample_code=Israel anc5, L68139, B681146B | additional_sample_information=- | location=Tel Bet Shean | country=Israel | radiocarbon_lab=- | uncalibrated_date=- | uncalibrated_error=- | calibrated_from_bp=- | calibrated_to_bp=- | source_age=3,200-2,700 BP | source_mean_years_bp=2950 | period=Late Bronze Age IA/B | group=NEU-A | zooarch_status=Unknown | combined_status=Unknown | secondary_zooarch_status=Unknown | published=N | chronology_disposition=refused_context_only_unresolved_age_semantics | domestication_disposition=excluded_domestication_unknown",Tel Bet Shean,,,Israel,,,,,,Sample-level locality comes directly from the recovered sample source row.
Sus scrofa domesticus,pig,PRJEB30282,prjeb30282:samea5160877,SAMEA5160877,archive_project_sample_accession_anchor,archive_native,final,,Tel Safi/Gat,direct_sample_site,data/adna/governance/source_library/projects/PRJEB30282/archive_metadata.html || data/adna/governance/source_library/papers/10.1073-pnas.1901169116/supplementary/pnas.1901169116.sd01.xlsx,supplementary_spreadsheet_row,sample_accession:SAMEA5160877 || Sheet1!row1668,ENA archive metadata identifies sample SAMEA5160877 as Sus scrofa (tax_id 9823). || AA045 | previous_extraction_code=GL1144 | mtdna_accession=- | source=Liora Horwitz | museum_or_sample_code=Israel anc7 | additional_sample_information=- | location=Tel Safi/Gat | country=Israel | radiocarbon_lab=- | uncalibrated_date=- | uncalibrated_error=- | calibrated_from_bp=- | calibrated_to_bp=- | source_age=- | source_mean_years_bp=- | period=- | group=NEU-A | zooarch_status=Unknown | combined_status=Unknown | secondary_zooarch_status=Unknown | published=N | chronology_disposition=unresolved_missing_source_mean | domestication_disposition=excluded_domestication_unknown,Tel Safi/Gat,,,Israel,,,,,,Sample-level locality comes directly from the recovered sample source row.
Sus scrofa domesticus,pig,PRJEB30282,prjeb30282:samea5160878,SAMEA5160878,archive_project_sample_accession_anchor,archive_native,final,,Hallan Çemi,direct_sample_site,data/adna/governance/source_library/projects/PRJEB30282/archive_metadata.html || data/adna/governance/source_library/papers/10.1073-pnas.1901169116/supplementary/pnas.1901169116.sd01.xlsx,supplementary_spreadsheet_row,sample_accession:SAMEA5160878 || Sheet1!row1764,"ENA archive metadata identifies sample SAMEA5160878 as Sus scrofa (tax_id 9823). || AA047 | previous_extraction_code=LG269 | mtdna_accession=- | source=Melinda Zeder | museum_or_sample_code=HC94 5E23-2227 | additional_sample_information=- | location=Hallan Çemi | country=Turkey | radiocarbon_lab=- | uncalibrated_date=- | uncalibrated_error=- | calibrated_from_bp=- | calibrated_to_bp=- | source_age=~ 11,600 cal. BP | source_mean_years_bp=11600 | period=Pre-Pottery Neolithic | group=NEU-A | zooarch_status=Unknown | combined_status=Unknown | secondary_zooarch_status=Unknown | published=N | chronology_disposition=refused_context_only_unresolved_age_semantics | domestication_disposition=excluded_domestication_unknown",Hallan Çemi,,,Turkey,,,,,,Sample-level locality comes directly from the recovered sample source row.
Sus scrofa domesticus,pig,PRJEB30282,prjeb30282:samea5160879,SAMEA5160879,archive_project_sample_accession_anchor,archive_native,final,,Umm Qseir,direct_sample_site,data/adna/governance/source_library/projects/PRJEB30282/archive_metadata.html || data/adna/governance/source_library/papers/10.1073-pnas.1901169116/supplementary/pnas.1901169116.sd01.xlsx,supplementary_spreadsheet_row,sample_accession:SAMEA5160879 || Sheet1!row1778,ENA archive metadata identifies sample SAMEA5160879 as Sus scrofa (tax_id 9823). || AA050 | previous_extraction_code=LG274 | mtdna_accession=- | source=Melinda Zeder | museum_or_sample_code=E-1-4 | additional_sample_information=- | location=Umm Qseir | country=Syria | radiocarbon_lab=- | uncalibrated_date=- | uncalibrated_error=- | calibrated_from_bp=- | calibrated_to_bp=- | source_age=Fourth Millennium BC | source_mean_years_bp=5000 | period=Uruk | group=NEU-A | zooarch_status=Unknown | combined_status=Unknown | secondary_zooarch_status=Unknown | published=N | chronology_disposition=refused_context_only_unresolved_age_semantics | domestication_disposition=excluded_domestication_unknown,Umm Qseir,,,Syria,,,,,,Sample-level locality comes directly from the recovered sample source row.
Sus scrofa domesticus,pig,PRJEB30282,prjeb30282:samea5160880,SAMEA5160880,archive_project_sample_accession_anchor,archive_native,final,,Atij,direct_sample_site,data/adna/governance/source_library/projects/PRJEB30282/archive_metadata.html || data/adna/governance/source_library/papers/10.1073-pnas.1901169116/supplementary/pnas.1901169116.sd01.xlsx,supplementary_spreadsheet_row,sample_accession:SAMEA5160880 || Sheet1!row1754,"ENA archive metadata identifies sample SAMEA5160880 as Sus scrofa (tax_id 9823). || AA051 | previous_extraction_code=LG277 | mtdna_accession=- | source=Melinda Zeder | museum_or_sample_code=DNA sample 23, Pin 9, E13-B, Lot 17 | additional_sample_information=- | location=Atij | country=Syria | radiocarbon_lab=- | uncalibrated_date=- | uncalibrated_error=- | calibrated_from_bp=- | calibrated_to_bp=- | source_age=~ 2,600 BC | source_mean_years_bp=4600 | period=Ninevite V | group=NEU-A | zooarch_status=Unknown | combined_status=Unknown | secondary_zooarch_status=Unknown | published=N | chronology_disposition=refused_context_only_unresolved_age_semantics | domestication_disposition=excluded_domestication_unknown",Atij,,,Syria,,,,,,Sample-level locality comes directly from the recovered sample source row.
Sus scrofa domesticus,pig,PRJEB30282,prjeb30282:samea5160881,SAMEA5160881,archive_project_sample_accession_anchor,archive_native,final,,Căscioarele A,direct_sample_site,data/adna/governance/source_library/projects/PRJEB30282/archive_metadata.html || data/adna/governance/source_library/papers/10.1073-pnas.1901169116/supplementary/pnas.1901169116.sd01.xlsx,supplementary_spreadsheet_row,sample_accession:SAMEA5160881 || Sheet1!row18,ENA archive metadata identifies sample SAMEA5160881 as Sus scrofa (tax_id 9823). || AA067 | previous_extraction_code=GL432 | mtdna_accession=DQ873087 | source=Adrian Bălășescu | museum_or_sample_code=1189778 | additional_sample_information=- | location=Căscioarele A | country=Romania | radiocarbon_lab=- | uncalibrated_date=- | uncalibrated_error=- | calibrated_from_bp=- | calibrated_to_bp=- | source_age=mid 5th - mid 4th millennium BC | source_mean_years_bp=6000 | period=Chalcolithic | group=EUD-A | zooarch_status=Domestic | combined_status=Domestic | secondary_zooarch_status=Domestic | published=Y | chronology_disposition=refused_context_only_unresolved_age_semantics | domestication_disposition=excluded_unreviewed_domesticated_scope,Căscioarele A,,,Romania,,,,,,Sample-level locality comes directly from the recovered sample source row.
Sus scrofa domesticus,pig,PRJEB30282,prjeb30282:samea5160882,SAMEA5160882,archive_project_sample_accession_anchor,archive_native,final,,Vărăşti,direct_sample_site,data/adna/governance/source_library/projects/PRJEB30282/archive_metadata.html || data/adna/governance/source_library/papers/10.1073-pnas.1901169116/supplementary/pnas.1901169116.sd01.xlsx,supplementary_spreadsheet_row,sample_accession:SAMEA5160882 || Sheet1!row24,ENA archive metadata identifies sample SAMEA5160882 as Sus scrofa (tax_id 9823). || AA068 | previous_extraction_code=GL565 | mtdna_accession=DQ873096 | source=Adrian Bălășescu | museum_or_sample_code=98 | additional_sample_information=- | location=Vărăşti | country=Romania | radiocarbon_lab=- | uncalibrated_date=- | uncalibrated_error=- | calibrated_from_bp=- | calibrated_to_bp=- | source_age=5th Millennium BC? | source_mean_years_bp=6500 | period=Middle to Late Neolithic | group=EUU-A | zooarch_status=Unknown | combined_status=Unknown | secondary_zooarch_status=Unknown | published=Y | chronology_disposition=refused_context_only_unresolved_age_semantics | domestication_disposition=excluded_domestication_unknown,Vărăşti,,,Romania,,,,,,Sample-level locality comes directly from the recovered sample source row.
Sus scrofa domesticus,pig,PRJEB30282,prjeb30282:samea5160883,SAMEA5160883,archive_project_sample_accession_anchor,archive_native,final,,Căscioarele A,direct_sample_site,data/adna/governance/source_library/projects/PRJEB30282/archive_metadata.html || data/adna/governance/source_library/papers/10.1073-pnas.1901169116/supplementary/pnas.1901169116.sd01.xlsx,supplementary_spreadsheet_row,sample_accession:SAMEA5160883 || Sheet1!row22,ENA archive metadata identifies sample SAMEA5160883 as Sus scrofa (tax_id 9823). || AA072 | previous_extraction_code=GL803 | mtdna_accession=DQ873092 | source=Adrian Bălășescu | museum_or_sample_code=5159 | additional_sample_information=- | location=Căscioarele A | country=Romania | radiocarbon_lab=- | uncalibrated_date=- | uncalibrated_error=- | calibrated_from_bp=- | calibrated_to_bp=- | source_age=mid 5th - mid 4th millennium BC | source_mean_years_bp=6000 | period=Chalcolithic | group=EUD-A | zooarch_status=Domestic | combined_status=Domestic | secondary_zooarch_status=Domestic | published=Y | chronology_disposition=refused_context_only_unresolved_age_semantics | domestication_disposition=excluded_unreviewed_domesticated_scope,Căscioarele A,,,Romania,,,,,,Sample-level locality comes directly from the recovered sample source row.
Sus scrofa domesticus,pig,PRJEB30282,prjeb30282:samea5160884,SAMEA5160884,archive_project_sample_accession_anchor,archive_native,final,,Untervaz-Haselbodensenke,direct_sample_site,data/adna/governance/source_library/projects/PRJEB30282/archive_metadata.html || data/adna/governance/source_library/papers/10.1073-pnas.1901169116/supplementary/pnas.1901169116.sd01.xlsx,supplementary_spreadsheet_row,sample_accession:SAMEA5160884 || Sheet1!row1057,ENA archive metadata identifies sample SAMEA5160884 as Sus scrofa (tax_id 9823). || AA075 | previous_extraction_code=GL1024 | mtdna_accession=DQ873113 | source=Jörg Schibler | museum_or_sample_code=11 | additional_sample_information=AS Kt. Graubünden | location=Untervaz-Haselbodensenke | country=Switzerland | radiocarbon_lab=- | uncalibrated_date=- | uncalibrated_error=- | calibrated_from_bp=- | calibrated_to_bp=- | source_age=27th - 25th century BC | source_mean_years_bp=4550 | period=Neolithic | group=EUW-A | zooarch_status=Wild | combined_status=Wild | secondary_zooarch_status=Wild | published=Y | chronology_disposition=refused_context_only_unresolved_age_semantics | domestication_disposition=excluded_wild,Untervaz-Haselbodensenke,,,Switzerland,,,,,,Sample-level locality comes directly from the recovered sample source row.
Sus scrofa domesticus,pig,PRJEB30282,prjeb30282:samea5160885,SAMEA5160885,archive_project_sample_accession_anchor,archive_native,final,,Untervaz-Haselbodensenke,direct_sample_site,data/adna/governance/source_library/projects/PRJEB30282/archive_metadata.html || data/adna/governance/source_library/papers/10.1073-pnas.1901169116/supplementary/pnas.1901169116.sd01.xlsx,supplementary_spreadsheet_row,sample_accession:SAMEA5160885 || Sheet1!row1059,ENA archive metadata identifies sample SAMEA5160885 as Sus scrofa (tax_id 9823). || AA077 | previous_extraction_code=GL1026 | mtdna_accession=DQ873115 | source=Jörg Schibler | museum_or_sample_code=14 | additional_sample_information=AS Kt. Graubünden | location=Untervaz-Haselbodensenke | country=Switzerland | radiocarbon_lab=- | uncalibrated_date=- | uncalibrated_error=- | calibrated_from_bp=- | calibrated_to_bp=- | source_age=27th - 25th century BC | source_mean_years_bp=4550 | period=Neolithic | group=EUW-A | zooarch_status=Wild | combined_status=Wild | secondary_zooarch_status=Wild | published=Y | chronology_disposition=refused_context_only_unresolved_age_semantics | domestication_disposition=excluded_wild,Untervaz-Haselbodensenke,,,Switzerland,,,,,,Sample-level locality comes directly from the recovered sample source row.
Sus scrofa domesticus,pig,PRJEB30282,prjeb30282:samea5160886,SAMEA5160886,archive_project_sample_accession_anchor,archive_native,final,,Popesti,direct_sample_site,data/adna/governance/source_library/projects/PRJEB30282/archive_metadata.html || data/adna/governance/source_library/papers/10.1073-pnas.1901169116/supplementary/pnas.1901169116.sd01.xlsx,supplementary_spreadsheet_row,sample_accession:SAMEA5160886 || Sheet1!row2258,ENA archive metadata identifies sample SAMEA5160886 as Sus scrofa (tax_id 9823). || AA079 | previous_extraction_code=GL1031 | mtdna_accession=- | source=Valentin Dumitrascu | museum_or_sample_code=13 | additional_sample_information=Govora-Fundeni culture; pit | location=Popesti | country=Romania | radiocarbon_lab=- | uncalibrated_date=- | uncalibrated_error=- | calibrated_from_bp=- | calibrated_to_bp=- | source_age=1400-1300 BC | source_mean_years_bp=3350 | period=Bronze Age | group=EUD-A | zooarch_status=Domestic | combined_status=Domestic | secondary_zooarch_status=Domestic | published=N | chronology_disposition=refused_context_only_unresolved_age_semantics | domestication_disposition=excluded_unreviewed_domesticated_scope,Popesti,,,Romania,,,,,,Sample-level locality comes directly from the recovered sample source row.
Sus scrofa domesticus,pig,PRJEB30282,prjeb30282:samea5160887,SAMEA5160887,archive_project_sample_accession_anchor,archive_native,final,,Popesti,direct_sample_site,data/adna/governance/source_library/projects/PRJEB30282/archive_metadata.html || data/adna/governance/source_library/papers/10.1073-pnas.1901169116/supplementary/pnas.1901169116.sd01.xlsx,supplementary_spreadsheet_row,sample_accession:SAMEA5160887 || Sheet1!row2259,ENA archive metadata identifies sample SAMEA5160887 as Sus scrofa (tax_id 9823). || AA080 | previous_extraction_code=GL1032 | mtdna_accession=DQ873097 | source=Valentin Dumitrascu | museum_or_sample_code=14 | additional_sample_information=Govora-Fundeni culture; pit | location=Popesti | country=Romania | radiocarbon_lab=- | uncalibrated_date=- | uncalibrated_error=- | calibrated_from_bp=- | calibrated_to_bp=- | source_age=1400-1300 BC | source_mean_years_bp=3350 | period=Bronze Age | group=EUD-A | zooarch_status=Domestic | combined_status=Domestic | secondary_zooarch_status=Domestic | published=Y | chronology_disposition=refused_context_only_unresolved_age_semantics | domestication_disposition=excluded_unreviewed_domesticated_scope,Popesti,,,Romania,,,,,,Sample-level locality comes directly from the recovered sample source row.
Sus scrofa domesticus,pig,PRJEB30282,prjeb30282:samea5160888,SAMEA5160888,archive_project_sample_accession_anchor,archive_native,final,,Hârşova-tell,direct_sample_site,data/adna/governance/source_library/projects/PRJEB30282/archive_metadata.html || data/adna/governance/source_library/papers/10.1073-pnas.1901169116/supplementary/pnas.1901169116.sd01.xlsx,supplementary_spreadsheet_row,sample_accession:SAMEA5160888 || Sheet1!row8,ENA archive metadata identifies sample SAMEA5160888 as Sus scrofa (tax_id 9823). || AA081 | previous_extraction_code=GL1033 | mtdna_accession=- | source=Adrian Balasescu | museum_or_sample_code=Sample no. 5 Specimen No. 599 | additional_sample_information=Cernavoda I culture | location=Hârşova-tell | country=Romania | radiocarbon_lab=- | uncalibrated_date=- | uncalibrated_error=- | calibrated_from_bp=- | calibrated_to_bp=- | source_age=3700-3400 BC | source_mean_years_bp=5550 | period=Chalcolithic | group=EUU-A | zooarch_status=Unknown | combined_status=Unknown | secondary_zooarch_status=Unknown | published=N | chronology_disposition=refused_context_only_unresolved_age_semantics | domestication_disposition=excluded_domestication_unknown,Hârşova-tell,,,Romania,,,,,,Sample-level locality comes directly from the recovered sample source row.
Sus scrofa domesticus,pig,PRJEB30282,prjeb30282:samea5160889,SAMEA5160889,archive_project_sample_accession_anchor,archive_native,final,,Durostorum-Ostrov Farm 4,direct_sample_site,data/adna/governance/source_library/projects/PRJEB30282/archive_metadata.html || data/adna/governance/source_library/papers/10.1073-pnas.1901169116/supplementary/pnas.1901169116.sd01.xlsx,supplementary_spreadsheet_row,sample_accession:SAMEA5160889 || Sheet1!row7,"ENA archive metadata identifies sample SAMEA5160889 as Sus scrofa (tax_id 9823). || AA084 | previous_extraction_code=GL1036 | mtdna_accession=DQ873103 | source=Adrian Balasescu | museum_or_sample_code=134 | additional_sample_information=1997, pit 33 | location=Durostorum-Ostrov Farm 4 | country=Romania | radiocarbon_lab=- | uncalibrated_date=- | uncalibrated_error=- | calibrated_from_bp=- | calibrated_to_bp=- | source_age=200-300 AD | source_mean_years_bp=1750 | period=Roman | group=EUD-A | zooarch_status=Domestic | combined_status=Domestic | secondary_zooarch_status=Domestic | published=Y | chronology_disposition=refused_context_only_unresolved_age_semantics | domestication_disposition=excluded_unreviewed_domesticated_scope",Durostorum-Ostrov Farm 4,,,Romania,,,,,,Sample-level locality comes directly from the recovered sample source row.
Sus scrofa domesticus,pig,PRJEB30282,prjeb30282:samea5160890,SAMEA5160890,archive_project_sample_accession_anchor,archive_native,final,,Gordion,direct_sample_site,data/adna/governance/source_library/projects/PRJEB30282/archive_metadata.html || data/adna/governance/source_library/papers/10.1073-pnas.1901169116/supplementary/pnas.1901169116.sd01.xlsx,supplementary_spreadsheet_row,sample_accession:SAMEA5160890 || Sheet1!row1758,"ENA archive metadata identifies sample SAMEA5160890 as Sus scrofa (tax_id 9823). || AA088 | previous_extraction_code=LG353 | mtdna_accession=JX894025 | source=Melinda Zeder | museum_or_sample_code=PIN 29550, Op 1, Locus 57, Lot 142 | additional_sample_information=- | location=Gordion | country=Turkey | radiocarbon_lab=- | uncalibrated_date=- | uncalibrated_error=- | calibrated_from_bp=- | calibrated_to_bp=- | source_age=540-330 BC | source_mean_years_bp=2345 | period=Late Phrygian | group=NED-A | zooarch_status=Domestic | combined_status=Domestic | secondary_zooarch_status=Domestic | published=Y | chronology_disposition=refused_context_only_unresolved_age_semantics | domestication_disposition=excluded_unreviewed_domesticated_scope",Gordion,,,Turkey,,,,,,Sample-level locality comes directly from the recovered sample source row.
Sus scrofa domesticus,pig,PRJEB30282,prjeb30282:samea5160891,SAMEA5160891,archive_project_sample_accession_anchor,archive_native,final,,Gordion,direct_sample_site,data/adna/governance/source_library/projects/PRJEB30282/archive_metadata.html || data/adna/governance/source_library/papers/10.1073-pnas.1901169116/supplementary/pnas.1901169116.sd01.xlsx,supplementary_spreadsheet_row,sample_accession:SAMEA5160891 || Sheet1!row1759,"ENA archive metadata identifies sample SAMEA5160891 as Sus scrofa (tax_id 9823). || AA089 | previous_extraction_code=LG354 | mtdna_accession=JX894026 | source=Melinda Zeder | museum_or_sample_code=PIN 29961, Op 14 Locus 339, Lot 85 | additional_sample_information=- | location=Gordion | country=Turkey | radiocarbon_lab=- | uncalibrated_date=- | uncalibrated_error=- | calibrated_from_bp=- | calibrated_to_bp=- | source_age=1,400-1,200 BC | source_mean_years_bp=3300 | period=Late Bronze Age | group=NED-A | zooarch_status=Domestic | combined_status=Domestic | secondary_zooarch_status=Domestic | published=Y | chronology_disposition=refused_context_only_unresolved_age_semantics | domestication_disposition=excluded_unreviewed_domesticated_scope",Gordion,,,Turkey,,,,,,Sample-level locality comes directly from the recovered sample source row.
Sus scrofa domesticus,pig,PRJEB30282,prjeb30282:samea5160892,SAMEA5160892,archive_project_sample_accession_anchor,archive_native,final,,Gordion,direct_sample_site,data/adna/governance/source_library/projects/PRJEB30282/archive_metadata.html || data/adna/governance/source_library/papers/10.1073-pnas.1901169116/supplementary/pnas.1901169116.sd01.xlsx,supplementary_spreadsheet_row,sample_accession:SAMEA5160892 || Sheet1!row1760,"ENA archive metadata identifies sample SAMEA5160892 as Sus scrofa (tax_id 9823). || AA090 | previous_extraction_code=LG355 | mtdna_accession=- | source=Melinda Zeder | museum_or_sample_code=PIN 28944, Op 1 Locus 2.1, Lot 131 | additional_sample_information=- | location=Gordion | country=Turkey | radiocarbon_lab=- | uncalibrated_date=- | uncalibrated_error=- | calibrated_from_bp=- | calibrated_to_bp=- | source_age=540-330 BC | source_mean_years_bp=2345 | period=Late Phrygian | group=NED-A | zooarch_status=Domestic | combined_status=Domestic | secondary_zooarch_status=Domestic | published=N | chronology_disposition=refused_context_only_unresolved_age_semantics | domestication_disposition=excluded_unreviewed_domesticated_scope",Gordion,,,Turkey,,,,,,Sample-level locality comes directly from the recovered sample source row.
Sus scrofa domesticus,pig,PRJEB30282,prjeb30282:samea5160893,SAMEA5160893,archive_project_sample_accession_anchor,archive_native,final,,Gordion,direct_sample_site,data/adna/governance/source_library/projects/PRJEB30282/archive_metadata.html || data/adna/governance/source_library/papers/10.1073-pnas.1901169116/supplementary/pnas.1901169116.sd01.xlsx,supplementary_spreadsheet_row,sample_accession:SAMEA5160893 || Sheet1!row1761,"ENA archive metadata identifies sample SAMEA5160893 as Sus scrofa (tax_id 9823). || AA091 | previous_extraction_code=LG356 | mtdna_accession=- | source=Melinda Zeder | museum_or_sample_code=PIN 25020, Op 2, Locus 6, Lot 6 | additional_sample_information=- | location=Gordion | country=Turkey | radiocarbon_lab=- | uncalibrated_date=- | uncalibrated_error=- | calibrated_from_bp=- | calibrated_to_bp=- | source_age=2500-1500BP | source_mean_years_bp=2999 | period=Hellenistic | group=NED-A | zooarch_status=Domestic | combined_status=Domestic | secondary_zooarch_status=Domestic | published=N | chronology_disposition=refused_context_only_unresolved_age_semantics | domestication_disposition=excluded_unreviewed_domesticated_scope",Gordion,,,Turkey,,,,,,Sample-level locality comes directly from the recovered sample source row.
Sus scrofa domesticus,pig,PRJEB30282,prjeb30282:samea5160894,SAMEA5160894,archive_project_sample_accession_anchor,archive_native,final,,Tell Brak,direct_sample_site,data/adna/governance/source_library/projects/PRJEB30282/archive_metadata.html || data/adna/governance/source_library/papers/10.1073-pnas.1901169116/supplementary/pnas.1901169116.sd01.xlsx,supplementary_spreadsheet_row,sample_accession:SAMEA5160894 || Sheet1!row1153,ENA archive metadata identifies sample SAMEA5160894 as Sus scrofa (tax_id 9823). || AA093 | previous_extraction_code=GL494 | mtdna_accession=- | source=Keith Dobney / Roger Matthews | museum_or_sample_code=HN A184.3 | additional_sample_information=- | location=Tell Brak | country=Syria | radiocarbon_lab=- | uncalibrated_date=- | uncalibrated_error=- | calibrated_from_bp=- | calibrated_to_bp=- | source_age=c 1700 BC | source_mean_years_bp=3700 | period=Middle Bronze Age | group=NED-A | zooarch_status=Domestic | combined_status=Domestic | secondary_zooarch_status=Domestic | published=N | chronology_disposition=refused_context_only_unresolved_age_semantics | domestication_disposition=excluded_unreviewed_domesticated_scope,Tell Brak,,,Syria,,,,,,Sample-level locality comes directly from the recovered sample source row.
Sus scrofa domesticus,pig,PRJEB30282,prjeb30282:samea5160895,SAMEA5160895,archive_project_sample_accession_anchor,archive_native,final,,Tell Brak,direct_sample_site,data/adna/governance/source_library/projects/PRJEB30282/archive_metadata.html || data/adna/governance/source_library/papers/10.1073-pnas.1901169116/supplementary/pnas.1901169116.sd01.xlsx,supplementary_spreadsheet_row,sample_accession:SAMEA5160895 || Sheet1!row1155,ENA archive metadata identifies sample SAMEA5160895 as Sus scrofa (tax_id 9823). || AA095 | previous_extraction_code=- | mtdna_accession=- | source=Keith Dobney / Roger Matthews | museum_or_sample_code=TB96 15 H86 A514:5 | additional_sample_information=- | location=Tell Brak | country=Syria | radiocarbon_lab=- | uncalibrated_date=- | uncalibrated_error=- | calibrated_from_bp=- | calibrated_to_bp=- | source_age=2400-2200 BC | source_mean_years_bp=4300 | period=Akkadian/post-Akkadian | group=NEU-A | zooarch_status=Unknown | combined_status=Unknown | secondary_zooarch_status=Unknown | published=N | chronology_disposition=refused_context_only_unresolved_age_semantics | domestication_disposition=excluded_domestication_unknown,Tell Brak,,,Syria,,,,,,Sample-level locality comes directly from the recovered sample source row.
Sus scrofa domesticus,pig,PRJEB30282,prjeb30282:samea5160896,SAMEA5160896,archive_project_sample_accession_anchor,archive_native,final,,Tell Brak,direct_sample_site,data/adna/governance/source_library/projects/PRJEB30282/archive_metadata.html || data/adna/governance/source_library/papers/10.1073-pnas.1901169116/supplementary/pnas.1901169116.sd01.xlsx,supplementary_spreadsheet_row,sample_accession:SAMEA5160896 || Sheet1!row1156,ENA archive metadata identifies sample SAMEA5160896 as Sus scrofa (tax_id 9823). || AA096 | previous_extraction_code=- | mtdna_accession=- | source=Keith Dobney / Roger Matthews | museum_or_sample_code=TB96 HS1 A4167:5 S52 | additional_sample_information=- | location=Tell Brak | country=Syria | radiocarbon_lab=- | uncalibrated_date=- | uncalibrated_error=- | calibrated_from_bp=- | calibrated_to_bp=- | source_age=3900-3700 BC | source_mean_years_bp=5800 | period=Late Chalcolithic | group=NEU-A | zooarch_status=Unknown | combined_status=Unknown | secondary_zooarch_status=Unknown | published=N | chronology_disposition=refused_context_only_unresolved_age_semantics | domestication_disposition=excluded_domestication_unknown,Tell Brak,,,Syria,,,,,,Sample-level locality comes directly from the recovered sample source row.
Sus scrofa domesticus,pig,PRJEB30282,prjeb30282:samea5160897,SAMEA5160897,archive_project_sample_accession_anchor,archive_native,final,,Tell Brak,direct_sample_site,data/adna/governance/source_library/projects/PRJEB30282/archive_metadata.html || data/adna/governance/source_library/papers/10.1073-pnas.1901169116/supplementary/pnas.1901169116.sd01.xlsx,supplementary_spreadsheet_row,sample_accession:SAMEA5160897 || Sheet1!row1157,ENA archive metadata identifies sample SAMEA5160897 as Sus scrofa (tax_id 9823). || AA097 | previous_extraction_code=- | mtdna_accession=- | source=Keith Dobney / Roger Matthews | museum_or_sample_code=45 A1119:1 HS3 S62 | additional_sample_information=- | location=Tell Brak | country=Syria | radiocarbon_lab=- | uncalibrated_date=- | uncalibrated_error=- | calibrated_from_bp=- | calibrated_to_bp=- | source_age=c 2400 BC | source_mean_years_bp=4400 | period=Akkadian | group=NEU-A | zooarch_status=Unknown | combined_status=Unknown | secondary_zooarch_status=Unknown | published=N | chronology_disposition=refused_context_only_unresolved_age_semantics | domestication_disposition=excluded_domestication_unknown,Tell Brak,,,Syria,,,,,,Sample-level locality comes directly from the recovered sample source row.
Sus scrofa domesticus,pig,PRJEB30282,prjeb30282:samea5160898,SAMEA5160898,archive_project_sample_accession_anchor,archive_native,final,,Erbaba Höyük,direct_sample_site,data/adna/governance/source_library/projects/PRJEB30282/archive_metadata.html || data/adna/governance/source_library/papers/10.1073-pnas.1901169116/supplementary/pnas.1901169116.sd01.xlsx,supplementary_spreadsheet_row,sample_accession:SAMEA5160898 || Sheet1!row2153,ENA archive metadata identifies sample SAMEA5160898 as Sus scrofa (tax_id 9823). || AA099 | previous_extraction_code=GL353 | mtdna_accession=- | source=Richard Meadow / Benjamin Arbuckle | museum_or_sample_code=338IWCI | additional_sample_information=- | location=Erbaba Höyük | country=Turkey | radiocarbon_lab=- | uncalibrated_date=- | uncalibrated_error=- | calibrated_from_bp=- | calibrated_to_bp=- | source_age=6500 BC | source_mean_years_bp=8500 | period=Pottery Neolithic | group=NEU-A | zooarch_status=Unknown | combined_status=Unknown | secondary_zooarch_status=Unknown | published=N | chronology_disposition=refused_context_only_unresolved_age_semantics | domestication_disposition=excluded_domestication_unknown,Erbaba Höyük,,,Turkey,,,,,,Sample-level locality comes directly from the recovered sample source row.
Sus scrofa domesticus,pig,PRJEB30282,prjeb30282:samea5160899,SAMEA5160899,archive_project_sample_accession_anchor,archive_native,final,,Hallan Çemi,direct_sample_site,data/adna/governance/source_library/projects/PRJEB30282/archive_metadata.html || data/adna/governance/source_library/papers/10.1073-pnas.1901169116/supplementary/pnas.1901169116.sd01.xlsx,supplementary_spreadsheet_row,sample_accession:SAMEA5160899 || Sheet1!row2155,"ENA archive metadata identifies sample SAMEA5160899 as Sus scrofa (tax_id 9823). || AA100 | previous_extraction_code=GL354 | mtdna_accession=- | source=Richard Redding | museum_or_sample_code=HC92 6F7 718, 14 | additional_sample_information=- | location=Hallan Çemi | country=Turkey | radiocarbon_lab=- | uncalibrated_date=- | uncalibrated_error=- | calibrated_from_bp=- | calibrated_to_bp=- | source_age=10,000 BP | source_mean_years_bp=10000 | period=Late Epipaleolithic | group=NEW-A | zooarch_status=Wild | combined_status=Wild | secondary_zooarch_status=Wild | published=N | chronology_disposition=refused_context_only_unresolved_age_semantics | domestication_disposition=excluded_wild",Hallan Çemi,,,Turkey,,,,,,Sample-level locality comes directly from the recovered sample source row.
Sus scrofa domesticus,pig,PRJEB30282,prjeb30282:samea5160900,SAMEA5160900,archive_project_sample_accession_anchor,archive_native,final,,Hallan Çemi,direct_sample_site,data/adna/governance/source_library/projects/PRJEB30282/archive_metadata.html || data/adna/governance/source_library/papers/10.1073-pnas.1901169116/supplementary/pnas.1901169116.sd01.xlsx,supplementary_spreadsheet_row,sample_accession:SAMEA5160900 || Sheet1!row2157,"ENA archive metadata identifies sample SAMEA5160900 as Sus scrofa (tax_id 9823). || AA103 | previous_extraction_code=GL354 | mtdna_accession=- | source=Richard Redding | museum_or_sample_code=HC92 6F7 718, 14 | additional_sample_information=- | location=Hallan Çemi | country=Turkey | radiocarbon_lab=- | uncalibrated_date=- | uncalibrated_error=- | calibrated_from_bp=- | calibrated_to_bp=- | source_age=10,000 BP | source_mean_years_bp=10000 | period=Late Epipaleolithic | group=NEW-A | zooarch_status=Wild | combined_status=Wild | secondary_zooarch_status=Wild | published=N | chronology_disposition=refused_context_only_unresolved_age_semantics | domestication_disposition=excluded_wild",Hallan Çemi,,,Turkey,,,,,,Sample-level locality comes directly from the recovered sample source row.
Sus scrofa domesticus,pig,PRJEB30282,prjeb30282:samea5160901,SAMEA5160901,archive_project_sample_accession_anchor,archive_native,final,,Lchashen,direct_sample_site,data/adna/governance/source_library/projects/PRJEB30282/archive_metadata.html || data/adna/governance/source_library/papers/10.1073-pnas.1901169116/supplementary/pnas.1901169116.sd01.xlsx,supplementary_spreadsheet_row,sample_accession:SAMEA5160901 || Sheet1!row1794,ENA archive metadata identifies sample SAMEA5160901 as Sus scrofa (tax_id 9823). || AA111 | previous_extraction_code=GL187 | mtdna_accession=DQ872987 | source=Ninna Manaseryan | museum_or_sample_code=2 | additional_sample_information=- | location=Lchashen | country=Armenia | radiocarbon_lab=- | uncalibrated_date=- | uncalibrated_error=- | calibrated_from_bp=- | calibrated_to_bp=- | source_age=13th-12th cent BC | source_mean_years_bp=3100 | period=Late Bronze/eary Iron | group=NED-A | zooarch_status=Domestic | combined_status=Domestic | secondary_zooarch_status=Domestic | published=Y | chronology_disposition=refused_context_only_unresolved_age_semantics | domestication_disposition=excluded_unreviewed_domesticated_scope,Lchashen,,,Armenia,,,,,,Sample-level locality comes directly from the recovered sample source row.
Sus scrofa domesticus,pig,PRJEB30282,prjeb30282:samea5160902,SAMEA5160902,archive_project_sample_accession_anchor,archive_native,final,,Lchashen,direct_sample_site,data/adna/governance/source_library/projects/PRJEB30282/archive_metadata.html || data/adna/governance/source_library/papers/10.1073-pnas.1901169116/supplementary/pnas.1901169116.sd01.xlsx,supplementary_spreadsheet_row,sample_accession:SAMEA5160902 || Sheet1!row1795,ENA archive metadata identifies sample SAMEA5160902 as Sus scrofa (tax_id 9823). || AA112 | previous_extraction_code=GL188 | mtdna_accession=DQ872988 | source=Ninna Manaseryan | museum_or_sample_code=38 | additional_sample_information=- | location=Lchashen | country=Armenia | radiocarbon_lab=- | uncalibrated_date=- | uncalibrated_error=- | calibrated_from_bp=- | calibrated_to_bp=- | source_age=15th-13th cent BC | source_mean_years_bp=3400 | period=Late Bronze/eary Iron | group=NED-A | zooarch_status=Domestic | combined_status=Domestic | secondary_zooarch_status=Domestic | published=Y | chronology_disposition=refused_context_only_unresolved_age_semantics | domestication_disposition=excluded_unreviewed_domesticated_scope,Lchashen,,,Armenia,,,,,,Sample-level locality comes directly from the recovered sample source row.
Sus scrofa domesticus,pig,PRJEB30282,prjeb30282:samea5160903,SAMEA5160903,archive_project_sample_accession_anchor,archive_native,final,,Tsakaektsy,direct_sample_site,data/adna/governance/source_library/projects/PRJEB30282/archive_metadata.html || data/adna/governance/source_library/papers/10.1073-pnas.1901169116/supplementary/pnas.1901169116.sd01.xlsx,supplementary_spreadsheet_row,sample_accession:SAMEA5160903 || Sheet1!row1801,ENA archive metadata identifies sample SAMEA5160903 as Sus scrofa (tax_id 9823). || AA114 | previous_extraction_code=GL864 | mtdna_accession=- | source=Ninna Manaseryan | museum_or_sample_code=38 | additional_sample_information=- | location=Tsakaektsy | country=Armenia | radiocarbon_lab=- | uncalibrated_date=- | uncalibrated_error=- | calibrated_from_bp=- | calibrated_to_bp=- | source_age=12th cent AD | source_mean_years_bp=900 | period=Middle Ages | group=NEU-A | zooarch_status=Unknown | combined_status=Unknown | secondary_zooarch_status=Unknown | published=Y | chronology_disposition=refused_context_only_unresolved_age_semantics | domestication_disposition=excluded_domestication_unknown,Tsakaektsy,,,Armenia,,,,,,Sample-level locality comes directly from the recovered sample source row.
Sus scrofa domesticus,pig,PRJEB30282,prjeb30282:samea5160904,SAMEA5160904,archive_project_sample_accession_anchor,archive_native,final,,Lchashen,direct_sample_site,data/adna/governance/source_library/projects/PRJEB30282/archive_metadata.html || data/adna/governance/source_library/papers/10.1073-pnas.1901169116/supplementary/pnas.1901169116.sd01.xlsx,supplementary_spreadsheet_row,sample_accession:SAMEA5160904 || Sheet1!row1797,ENA archive metadata identifies sample SAMEA5160904 as Sus scrofa (tax_id 9823). || AA116 | previous_extraction_code=GL891 | mtdna_accession=DQ872989 | source=Ninna Manaseryan | museum_or_sample_code=10 | additional_sample_information=- | location=Lchashen | country=Armenia | radiocarbon_lab=- | uncalibrated_date=- | uncalibrated_error=- | calibrated_from_bp=- | calibrated_to_bp=- | source_age=13th-12th cent BC | source_mean_years_bp=3100 | period=Late Bronze/eary Iron | group=NED-A | zooarch_status=Domestic | combined_status=Domestic | secondary_zooarch_status=Domestic | published=Y | chronology_disposition=refused_context_only_unresolved_age_semantics | domestication_disposition=excluded_unreviewed_domesticated_scope,Lchashen,,,Armenia,,,,,,Sample-level locality comes directly from the recovered sample source row.
Sus scrofa domesticus,pig,PRJEB30282,prjeb30282:samea5160905,SAMEA5160905,archive_project_sample_accession_anchor,archive_native,final,,Tmbatir (Achajur),direct_sample_site,data/adna/governance/source_library/projects/PRJEB30282/archive_metadata.html || data/adna/governance/source_library/papers/10.1073-pnas.1901169116/supplementary/pnas.1901169116.sd01.xlsx,supplementary_spreadsheet_row,sample_accession:SAMEA5160905 || Sheet1!row1800,ENA archive metadata identifies sample SAMEA5160905 as Sus scrofa (tax_id 9823). || AA117 | previous_extraction_code=GL861 | mtdna_accession=- | source=Ninna Manaseryan | museum_or_sample_code=27 | additional_sample_information=- | location=Tmbatir (Achajur) | country=Armenia | radiocarbon_lab=- | uncalibrated_date=- | uncalibrated_error=- | calibrated_from_bp=- | calibrated_to_bp=- | source_age=6th-5th cent BC | source_mean_years_bp=2500 | period=Iron Age | group=NEU-A | zooarch_status=Unknown | combined_status=Unknown | secondary_zooarch_status=Unknown | published=Y | chronology_disposition=refused_context_only_unresolved_age_semantics | domestication_disposition=excluded_domestication_unknown,Tmbatir (Achajur),,,Armenia,,,,,,Sample-level locality comes directly from the recovered sample source row.
Sus scrofa domesticus,pig,PRJEB30282,prjeb30282:samea5160906,SAMEA5160906,archive_project_sample_accession_anchor,archive_native,final,,Surb nahatak (Sevcar),direct_sample_site,data/adna/governance/source_library/projects/PRJEB30282/archive_metadata.html || data/adna/governance/source_library/papers/10.1073-pnas.1901169116/supplementary/pnas.1901169116.sd01.xlsx,supplementary_spreadsheet_row,sample_accession:SAMEA5160906 || Sheet1!row1799,ENA archive metadata identifies sample SAMEA5160906 as Sus scrofa (tax_id 9823). || AA118 | previous_extraction_code=GL895 | mtdna_accession=- | source=Ninna Manaseryan | museum_or_sample_code=17 | additional_sample_information=- | location=Surb nahatak (Sevcar) | country=Armenia | radiocarbon_lab=- | uncalibrated_date=- | uncalibrated_error=- | calibrated_from_bp=- | calibrated_to_bp=- | source_age=7th-5th cent BC | source_mean_years_bp=2500 | period=Iron Age | group=NED-A | zooarch_status=Domestic | combined_status=Domestic | secondary_zooarch_status=Domestic | published=Y | chronology_disposition=refused_context_only_unresolved_age_semantics | domestication_disposition=excluded_unreviewed_domesticated_scope,Surb nahatak (Sevcar),,,Armenia,,,,,,Sample-level locality comes directly from the recovered sample source row.
Sus scrofa domesticus,pig,PRJEB30282,prjeb30282:samea5160907,SAMEA5160907,archive_project_sample_accession_anchor,archive_native,final,,Lchashen,direct_sample_site,data/adna/governance/source_library/projects/PRJEB30282/archive_metadata.html || data/adna/governance/source_library/papers/10.1073-pnas.1901169116/supplementary/pnas.1901169116.sd01.xlsx,supplementary_spreadsheet_row,sample_accession:SAMEA5160907 || Sheet1!row1798,"ENA archive metadata identifies sample SAMEA5160907 as Sus scrofa (tax_id 9823). || AA119 | previous_extraction_code=GL896 | mtdna_accession=DQ872986 | source=Ninna Manaseryan | museum_or_sample_code=10 | additional_sample_information=- | location=Lchashen | country=Armenia | radiocarbon_lab=- | uncalibrated_date=- | uncalibrated_error=- | calibrated_from_bp=- | calibrated_to_bp=- | source_age=Late Bronze/eary Iron, 13th-9th cent. BC | source_mean_years_bp=3050 | period=Late Bronze/eary Iron | group=NED-A | zooarch_status=Domestic | combined_status=Domestic | secondary_zooarch_status=Domestic | published=Y | chronology_disposition=refused_context_only_unresolved_age_semantics | domestication_disposition=excluded_unreviewed_domesticated_scope",Lchashen,,,Armenia,,,,,,Sample-level locality comes directly from the recovered sample source row.
Sus scrofa domesticus,pig,PRJEB30282,prjeb30282:samea5160908,SAMEA5160908,archive_project_sample_accession_anchor,archive_native,final,,Leilan,direct_sample_site,data/adna/governance/source_library/projects/PRJEB30282/archive_metadata.html || data/adna/governance/source_library/papers/10.1073-pnas.1901169116/supplementary/pnas.1901169116.sd01.xlsx,supplementary_spreadsheet_row,sample_accession:SAMEA5160908 || Sheet1!row1772,"ENA archive metadata identifies sample SAMEA5160908 as Sus scrofa (tax_id 9823). || AA120 | previous_extraction_code=LG281 | mtdna_accession=JX894020 | source=Melinda Zeder | museum_or_sample_code=DNA sample 2, Pin 959, 76-E-19, lot 2 | additional_sample_information=Lower Town | location=Leilan | country=Syria | radiocarbon_lab=- | uncalibrated_date=- | uncalibrated_error=- | calibrated_from_bp=- | calibrated_to_bp=- | source_age=~ 2,300 BC | source_mean_years_bp=4300 | period=Akkadian | group=NEU-A | zooarch_status=Unknown | combined_status=Unknown | secondary_zooarch_status=Unknown | published=Y | chronology_disposition=refused_context_only_unresolved_age_semantics | domestication_disposition=excluded_domestication_unknown",Leilan,,,Syria,,,,,,Sample-level locality comes directly from the recovered sample source row.
Sus scrofa domesticus,pig,PRJEB30282,prjeb30282:samea5160909,SAMEA5160909,archive_project_sample_accession_anchor,archive_native,final,,Leilan,direct_sample_site,data/adna/governance/source_library/projects/PRJEB30282/archive_metadata.html || data/adna/governance/source_library/papers/10.1073-pnas.1901169116/supplementary/pnas.1901169116.sd01.xlsx,supplementary_spreadsheet_row,sample_accession:SAMEA5160909 || Sheet1!row1774,"ENA archive metadata identifies sample SAMEA5160909 as Sus scrofa (tax_id 9823). || AA122 | previous_extraction_code=LG284 | mtdna_accession=- | source=Melinda Zeder | museum_or_sample_code=DNA sample 7, Pin 405, 44W12, Lot 234 | additional_sample_information=Upper Town, Tooth Section Sample 4 | location=Leilan | country=Syria | radiocarbon_lab=- | uncalibrated_date=- | uncalibrated_error=- | calibrated_from_bp=- | calibrated_to_bp=- | source_age=~ 2,500 BC | source_mean_years_bp=4500 | period=Ninevite V | group=NEU-A | zooarch_status=Unknown | combined_status=Unknown | secondary_zooarch_status=Unknown | published=N | chronology_disposition=refused_context_only_unresolved_age_semantics | domestication_disposition=excluded_domestication_unknown",Leilan,,,Syria,,,,,,Sample-level locality comes directly from the recovered sample source row.
Sus scrofa domesticus,pig,PRJEB30282,prjeb30282:samea5160910,SAMEA5160910,archive_project_sample_accession_anchor,archive_native,final,,Trou Al'Wesse,direct_sample_site,data/adna/governance/source_library/projects/PRJEB30282/archive_metadata.html || data/adna/governance/source_library/papers/10.1073-pnas.1901169116/supplementary/pnas.1901169116.sd01.xlsx,supplementary_spreadsheet_row,sample_accession:SAMEA5160910 || Sheet1!row1010,"ENA archive metadata identifies sample SAMEA5160910 as Sus scrofa (tax_id 9823). || AA128 | previous_extraction_code=- | mtdna_accession=- | source=John Stewart | museum_or_sample_code=TAW 2004 G12 piece 56 | additional_sample_information=Layer (Couche) 4a | location=Trou Al'Wesse | country=Belgium | radiocarbon_lab=- | uncalibrated_date=- | uncalibrated_error=- | calibrated_from_bp=- | calibrated_to_bp=- | source_age=Four C14 dates for this layer: 4810 +/-40 (Beta-224151) on Domesticated dog lower left M1, 5045 ± 45 (OxA-7633) on undetermined bone, 5095 ± 40 (OxA-X-2327-40) on red deer tooth, 5641 ± 36 (OxA-26536) on carnivore canine. Age is calculated from mean of all 4 calibrated associated dates. | source_mean_years_bp=5976 | period=Early to Middle Neolithic | group=EUU-A | zooarch_status=Unknown | combined_status=Unknown | secondary_zooarch_status=Unknown | published=N | chronology_disposition=refused_context_only_unresolved_age_semantics | domestication_disposition=excluded_domestication_unknown",Trou Al'Wesse,,,Belgium,,,,,,Sample-level locality comes directly from the recovered sample source row.
Sus scrofa domesticus,pig,PRJEB30282,prjeb30282:samea5160911,SAMEA5160911,archive_project_sample_accession_anchor,archive_native,final,,Trou Al'Wesse,direct_sample_site,data/adna/governance/source_library/projects/PRJEB30282/archive_metadata.html || data/adna/governance/source_library/papers/10.1073-pnas.1901169116/supplementary/pnas.1901169116.sd01.xlsx,supplementary_spreadsheet_row,sample_accession:SAMEA5160911 || Sheet1!row1011,"ENA archive metadata identifies sample SAMEA5160911 as Sus scrofa (tax_id 9823). || AA129 | previous_extraction_code=- | mtdna_accession=- | source=John Stewart | museum_or_sample_code=TAW 2004 G12 piece 48 | additional_sample_information=- | location=Trou Al'Wesse | country=Belgium | radiocarbon_lab=- | uncalibrated_date=- | uncalibrated_error=- | calibrated_from_bp=- | calibrated_to_bp=- | source_age=Four C14 dates for this layer: 4810 +/-40 (Beta-224151) on Domesticated dog lower left M1, 5045 ± 45 (OxA-7633) on undetermined bone, 5095 ± 40 (OxA-X-2327-40) on red deer tooth, 5641 ± 36 (OxA-26536) on carnivore canine. | source_mean_years_bp=- | period=Early to Middle Neolithic | group=EUU-A | zooarch_status=Unknown | combined_status=Unknown | secondary_zooarch_status=Unknown | published=N | chronology_disposition=unresolved_missing_source_mean | domestication_disposition=excluded_domestication_unknown",Trou Al'Wesse,,,Belgium,,,,,,Sample-level locality comes directly from the recovered sample source row.
Sus scrofa domesticus,pig,PRJEB30282,prjeb30282:samea5160912,SAMEA5160912,archive_project_sample_accession_anchor,archive_native,final,,Trou Al'Wesse,direct_sample_site,data/adna/governance/source_library/projects/PRJEB30282/archive_metadata.html || data/adna/governance/source_library/papers/10.1073-pnas.1901169116/supplementary/pnas.1901169116.sd01.xlsx,supplementary_spreadsheet_row,sample_accession:SAMEA5160912 || Sheet1!row1013,ENA archive metadata identifies sample SAMEA5160912 as Sus scrofa (tax_id 9823). || AA131 | previous_extraction_code=- | mtdna_accession=- | source=John Stewart | museum_or_sample_code=TAW 2003 I9 29 | additional_sample_information=- | location=Trou Al'Wesse | country=Belgium | radiocarbon_lab=- | uncalibrated_date=- | uncalibrated_error=- | calibrated_from_bp=- | calibrated_to_bp=- | source_age=Layer (Couche) 2 | source_mean_years_bp=- | period=Post Neolithic | group=EUU-A | zooarch_status=Unknown | combined_status=Unknown | secondary_zooarch_status=Unknown | published=N | chronology_disposition=unresolved_missing_source_mean | domestication_disposition=excluded_domestication_unknown,Trou Al'Wesse,,,Belgium,,,,,,Sample-level locality comes directly from the recovered sample source row.
Sus scrofa domesticus,pig,PRJEB30282,prjeb30282:samea5160913,SAMEA5160913,archive_project_sample_accession_anchor,archive_native,final,,Parkhai Karakala,direct_sample_site,data/adna/governance/source_library/projects/PRJEB30282/archive_metadata.html || data/adna/governance/source_library/papers/10.1073-pnas.1901169116/supplementary/pnas.1901169116.sd01.xlsx,supplementary_spreadsheet_row,sample_accession:SAMEA5160913 || Sheet1!row1147,ENA archive metadata identifies sample SAMEA5160913 as Sus scrofa (tax_id 9823). || AA133 | previous_extraction_code=- | mtdna_accession=- | source=Keith Dobney | museum_or_sample_code=D003548 | additional_sample_information=- | location=Parkhai Karakala | country=Turkmenistan | radiocarbon_lab=- | uncalibrated_date=- | uncalibrated_error=- | calibrated_from_bp=- | calibrated_to_bp=- | source_age=Modern | source_mean_years_bp=0 | period=Modern | group=NEW | zooarch_status=Wild | combined_status=Wild | secondary_zooarch_status=Wild | published=N | chronology_disposition=refused_context_only_unresolved_age_semantics | domestication_disposition=excluded_wild,Parkhai Karakala,,,Turkmenistan,,,,,,Sample-level locality comes directly from the recovered sample source row.
Sus scrofa domesticus,pig,PRJEB30282,prjeb30282:samea5160914,SAMEA5160914,archive_project_sample_accession_anchor,archive_native,final,,Siniarzewo 1,direct_sample_site,data/adna/governance/source_library/projects/PRJEB30282/archive_metadata.html || data/adna/governance/source_library/papers/10.1073-pnas.1901169116/supplementary/pnas.1901169116.sd01.xlsx,supplementary_spreadsheet_row,sample_accession:SAMEA5160914 || Sheet1!row405,"ENA archive metadata identifies sample SAMEA5160914 as Sus scrofa (tax_id 9823). || AA140 | previous_extraction_code=LG505 | mtdna_accession=- | source=Arkadiusz Marciniak | museum_or_sample_code=POZ-SIN-01, P14 | additional_sample_information=Late Lengyel IIa | location=Siniarzewo 1 | country=Poland | radiocarbon_lab=- | uncalibrated_date=- | uncalibrated_error=- | calibrated_from_bp=- | calibrated_to_bp=- | source_age=4400-4200 BC | source_mean_years_bp=6300 | period=Neolithic | group=EUD-A | zooarch_status=Domestic | combined_status=Domestic | secondary_zooarch_status=Domestic | published=N | chronology_disposition=refused_context_only_unresolved_age_semantics | domestication_disposition=excluded_unreviewed_domesticated_scope",Siniarzewo 1,,,Poland,,,,,,Sample-level locality comes directly from the recovered sample source row.
Sus scrofa domesticus,pig,PRJEB30282,prjeb30282:samea5160915,SAMEA5160915,archive_project_sample_accession_anchor,archive_native,final,,Bodzia stan 1,direct_sample_site,data/adna/governance/source_library/projects/PRJEB30282/archive_metadata.html || data/adna/governance/source_library/papers/10.1073-pnas.1901169116/supplementary/pnas.1901169116.sd01.xlsx,supplementary_spreadsheet_row,sample_accession:SAMEA5160915 || Sheet1!row366,"ENA archive metadata identifies sample SAMEA5160915 as Sus scrofa (tax_id 9823). || AA155 | previous_extraction_code=LG768 | mtdna_accession=- | source=Arkadiusz Marciniak | museum_or_sample_code=POZ-BOZ-11, E312 | additional_sample_information=- | location=Bodzia stan 1 | country=Poland | radiocarbon_lab=- | uncalibrated_date=- | uncalibrated_error=- | calibrated_from_bp=- | calibrated_to_bp=- | source_age=1050-1200 AD | source_mean_years_bp=875 | period=Early Medieval | group=EUU-A | zooarch_status=Unknown | combined_status=Unknown | secondary_zooarch_status=Unknown | published=N | chronology_disposition=refused_context_only_unresolved_age_semantics | domestication_disposition=excluded_domestication_unknown",Bodzia stan 1,,,Poland,,,,,,Sample-level locality comes directly from the recovered sample source row.
Sus scrofa domesticus,pig,PRJEB30282,prjeb30282:samea5160916,SAMEA5160916,archive_project_sample_accession_anchor,archive_native,final,,Vinča Belo Brdo,direct_sample_site,data/adna/governance/source_library/projects/PRJEB30282/archive_metadata.html || data/adna/governance/source_library/papers/10.1073-pnas.1901169116/supplementary/pnas.1901169116.sd01.xlsx,supplementary_spreadsheet_row,sample_accession:SAMEA5160916 || Sheet1!row2263,"ENA archive metadata identifies sample SAMEA5160916 as Sus scrofa (tax_id 9823). || AA157 | previous_extraction_code=LG666 | mtdna_accession=- | source=Vesna Dimitrijevic | museum_or_sample_code=BEO BB 03/216/2, D002444 | additional_sample_information=Vinča Culture | location=Vinča Belo Brdo | country=Serbia | radiocarbon_lab=- | uncalibrated_date=- | uncalibrated_error=- | calibrated_from_bp=- | calibrated_to_bp=- | source_age=Mid 5th Millennium BC | source_mean_years_bp=6500 | period=Vinča culture, Late Neolithic | group=BLW-A | zooarch_status=Wild | combined_status=Wild | secondary_zooarch_status=Wild | published=N | chronology_disposition=refused_context_only_unresolved_age_semantics | domestication_disposition=excluded_wild",Vinča Belo Brdo,,,Serbia,,,,,,Sample-level locality comes directly from the recovered sample source row.
Sus scrofa domesticus,pig,PRJEB30282,prjeb30282:samea5160917,SAMEA5160917,archive_project_sample_accession_anchor,archive_native,final,,Vinča Belo Brdo,direct_sample_site,data/adna/governance/source_library/projects/PRJEB30282/archive_metadata.html || data/adna/governance/source_library/papers/10.1073-pnas.1901169116/supplementary/pnas.1901169116.sd01.xlsx,supplementary_spreadsheet_row,sample_accession:SAMEA5160917 || Sheet1!row2264,"ENA archive metadata identifies sample SAMEA5160917 as Sus scrofa (tax_id 9823). || AA158 | previous_extraction_code=LG667 | mtdna_accession=- | source=Vesna Dimitrijevic | museum_or_sample_code=BEO 9/19/98-V, D002416 | additional_sample_information=Vinča Culture | location=Vinča Belo Brdo | country=Serbia | radiocarbon_lab=- | uncalibrated_date=- | uncalibrated_error=- | calibrated_from_bp=- | calibrated_to_bp=- | source_age=Mid 5th Millennium BC | source_mean_years_bp=6500 | period=Vinča culture, Late Neolithic | group=BLW-A | zooarch_status=Wild | combined_status=Wild | secondary_zooarch_status=Wild | published=N | chronology_disposition=refused_context_only_unresolved_age_semantics | domestication_disposition=excluded_wild",Vinča Belo Brdo,,,Serbia,,,,,,Sample-level locality comes directly from the recovered sample source row.
Sus scrofa domesticus,pig,PRJEB30282,prjeb30282:samea5160918,SAMEA5160918,archive_project_sample_accession_anchor,archive_native,final,,Vinča Belo Brdo,direct_sample_site,data/adna/governance/source_library/projects/PRJEB30282/archive_metadata.html || data/adna/governance/source_library/papers/10.1073-pnas.1901169116/supplementary/pnas.1901169116.sd01.xlsx,supplementary_spreadsheet_row,sample_accession:SAMEA5160918 || Sheet1!row2266,"ENA archive metadata identifies sample SAMEA5160918 as Sus scrofa (tax_id 9823). || AA169 | previous_extraction_code=LG673 | mtdna_accession=- | source=Vesna Dimitrijevic | museum_or_sample_code=BEO BB 99/93/2, D002448 | additional_sample_information=Vinča Culture | location=Vinča Belo Brdo | country=Serbia | radiocarbon_lab=- | uncalibrated_date=- | uncalibrated_error=- | calibrated_from_bp=- | calibrated_to_bp=- | source_age=Mid 5th Millennium BC | source_mean_years_bp=6500 | period=Vinča culture, Late Neolithic | group=EUD-A | zooarch_status=Domestic | combined_status=Domestic | secondary_zooarch_status=Domestic | published=N | chronology_disposition=refused_context_only_unresolved_age_semantics | domestication_disposition=excluded_unreviewed_domesticated_scope",Vinča Belo Brdo,,,Serbia,,,,,,Sample-level locality comes directly from the recovered sample source row.
Sus scrofa domesticus,pig,PRJEB30282,prjeb30282:samea5160919,SAMEA5160919,archive_project_sample_accession_anchor,archive_native,final,,Vinča Belo Brdo,direct_sample_site,data/adna/governance/source_library/projects/PRJEB30282/archive_metadata.html || data/adna/governance/source_library/papers/10.1073-pnas.1901169116/supplementary/pnas.1901169116.sd01.xlsx,supplementary_spreadsheet_row,sample_accession:SAMEA5160919 || Sheet1!row2271,"ENA archive metadata identifies sample SAMEA5160919 as Sus scrofa (tax_id 9823). || AA174 | previous_extraction_code=LG680 | mtdna_accession=- | source=Vesna Dimitrijevic | museum_or_sample_code=BEO 1/88/98-V, D002383 | additional_sample_information=Vinča Culture | location=Vinča Belo Brdo | country=Serbia | radiocarbon_lab=- | uncalibrated_date=- | uncalibrated_error=- | calibrated_from_bp=- | calibrated_to_bp=- | source_age=Mid 5th Millennium BC | source_mean_years_bp=6500 | period=Vinča culture, Late Neolithic | group=EUD-A | zooarch_status=Domestic | combined_status=Domestic | secondary_zooarch_status=Domestic | published=N | chronology_disposition=refused_context_only_unresolved_age_semantics | domestication_disposition=excluded_unreviewed_domesticated_scope",Vinča Belo Brdo,,,Serbia,,,,,,Sample-level locality comes directly from the recovered sample source row.
Sus scrofa domesticus,pig,PRJEB30282,prjeb30282:samea5160920,SAMEA5160920,archive_project_sample_accession_anchor,archive_native,final,,Vinča Belo Brdo,direct_sample_site,data/adna/governance/source_library/projects/PRJEB30282/archive_metadata.html || data/adna/governance/source_library/papers/10.1073-pnas.1901169116/supplementary/pnas.1901169116.sd01.xlsx,supplementary_spreadsheet_row,sample_accession:SAMEA5160920 || Sheet1!row2276,"ENA archive metadata identifies sample SAMEA5160920 as Sus scrofa (tax_id 9823). || AA179 | previous_extraction_code=LG686 | mtdna_accession=- | source=Vesna Dimitrijevic | museum_or_sample_code=BEO 1/33/98-V, D002379 | additional_sample_information=Vinča Culture | location=Vinča Belo Brdo | country=Serbia | radiocarbon_lab=- | uncalibrated_date=- | uncalibrated_error=- | calibrated_from_bp=- | calibrated_to_bp=- | source_age=Mid 5th Millennium BC | source_mean_years_bp=6500 | period=Vinča culture, Late Neolithic | group=EUU-A | zooarch_status=Unknown | combined_status=Unknown | secondary_zooarch_status=Unknown | published=N | chronology_disposition=refused_context_only_unresolved_age_semantics | domestication_disposition=excluded_domestication_unknown",Vinča Belo Brdo,,,Serbia,,,,,,Sample-level locality comes directly from the recovered sample source row.
Sus scrofa domesticus,pig,PRJEB30282,prjeb30282:samea5160921,SAMEA5160921,archive_project_sample_accession_anchor,archive_native,final,,Arbon Bleiche 3,direct_sample_site,data/adna/governance/source_library/projects/PRJEB30282/archive_metadata.html || data/adna/governance/source_library/papers/10.1073-pnas.1901169116/supplementary/pnas.1901169116.sd01.xlsx,supplementary_spreadsheet_row,sample_accession:SAMEA5160921 || Sheet1!row1019,ENA archive metadata identifies sample SAMEA5160921 as Sus scrofa (tax_id 9823). || AA182 | previous_extraction_code=GL15 | mtdna_accession=- | source=Jörg Schibler | museum_or_sample_code=Arbon5777 | additional_sample_information=AS Kt. Thurgau | location=Arbon Bleiche 3 | country=Switzerland | radiocarbon_lab=- | uncalibrated_date=- | uncalibrated_error=- | calibrated_from_bp=- | calibrated_to_bp=- | source_age=3384-3370 cal. BC | source_mean_years_bp=5337 | period=Late Neolithic | group=EUU-A | zooarch_status=Unknown | combined_status=Unknown | secondary_zooarch_status=Unknown | published=N | chronology_disposition=refused_context_only_unresolved_age_semantics | domestication_disposition=excluded_domestication_unknown,Arbon Bleiche 3,,,Switzerland,,,,,,Sample-level locality comes directly from the recovered sample source row.
Sus scrofa domesticus,pig,PRJEB30282,prjeb30282:samea5160922,SAMEA5160922,archive_project_sample_accession_anchor,archive_native,final,,Arbon Bleiche 3,direct_sample_site,data/adna/governance/source_library/projects/PRJEB30282/archive_metadata.html || data/adna/governance/source_library/papers/10.1073-pnas.1901169116/supplementary/pnas.1901169116.sd01.xlsx,supplementary_spreadsheet_row,sample_accession:SAMEA5160922 || Sheet1!row1021,ENA archive metadata identifies sample SAMEA5160922 as Sus scrofa (tax_id 9823). || AA184 | previous_extraction_code=GL17 | mtdna_accession=- | source=Jörg Schibler | museum_or_sample_code=Arbon5527 | additional_sample_information=AS Kt. Thurgau | location=Arbon Bleiche 3 | country=Switzerland | radiocarbon_lab=- | uncalibrated_date=- | uncalibrated_error=- | calibrated_from_bp=- | calibrated_to_bp=- | source_age=3384-3370 cal. BC | source_mean_years_bp=5337 | period=Late Neolithic | group=EUU-A | zooarch_status=Unknown | combined_status=Unknown | secondary_zooarch_status=Unknown | published=N | chronology_disposition=refused_context_only_unresolved_age_semantics | domestication_disposition=excluded_domestication_unknown,Arbon Bleiche 3,,,Switzerland,,,,,,Sample-level locality comes directly from the recovered sample source row.
Sus scrofa domesticus,pig,PRJEB30282,prjeb30282:samea5160923,SAMEA5160923,archive_project_sample_accession_anchor,archive_native,final,,Arbon Bleiche 3,direct_sample_site,data/adna/governance/source_library/projects/PRJEB30282/archive_metadata.html || data/adna/governance/source_library/papers/10.1073-pnas.1901169116/supplementary/pnas.1901169116.sd01.xlsx,supplementary_spreadsheet_row,sample_accession:SAMEA5160923 || Sheet1!row1023,ENA archive metadata identifies sample SAMEA5160923 as Sus scrofa (tax_id 9823). || AA186 | previous_extraction_code=GL20 | mtdna_accession=- | source=Jörg Schibler | museum_or_sample_code=Arbon5086 | additional_sample_information=AS Kt. Thurgau | location=Arbon Bleiche 3 | country=Switzerland | radiocarbon_lab=- | uncalibrated_date=- | uncalibrated_error=- | calibrated_from_bp=- | calibrated_to_bp=- | source_age=3384-3370 cal. BC | source_mean_years_bp=5337 | period=Late Neolithic | group=EUU-A | zooarch_status=Unknown | combined_status=Unknown | secondary_zooarch_status=Unknown | published=N | chronology_disposition=refused_context_only_unresolved_age_semantics | domestication_disposition=excluded_domestication_unknown,Arbon Bleiche 3,,,Switzerland,,,,,,Sample-level locality comes directly from the recovered sample source row.
Sus scrofa domesticus,pig,PRJEB30282,prjeb30282:samea5160924,SAMEA5160924,archive_project_sample_accession_anchor,archive_native,final,,Arbon Bleiche 3,direct_sample_site,data/adna/governance/source_library/projects/PRJEB30282/archive_metadata.html || data/adna/governance/source_library/papers/10.1073-pnas.1901169116/supplementary/pnas.1901169116.sd01.xlsx,supplementary_spreadsheet_row,sample_accession:SAMEA5160924 || Sheet1!row1026,ENA archive metadata identifies sample SAMEA5160924 as Sus scrofa (tax_id 9823). || AA191 | previous_extraction_code=GL25 | mtdna_accession=- | source=Jörg Schibler | museum_or_sample_code=Arbon8729 | additional_sample_information=AS Kt. Thurgau | location=Arbon Bleiche 3 | country=Switzerland | radiocarbon_lab=- | uncalibrated_date=- | uncalibrated_error=- | calibrated_from_bp=- | calibrated_to_bp=- | source_age=3384-3370 cal. BC | source_mean_years_bp=5337 | period=Late Neolithic | group=EUU-A | zooarch_status=Unknown | combined_status=Unknown | secondary_zooarch_status=Unknown | published=N | chronology_disposition=refused_context_only_unresolved_age_semantics | domestication_disposition=excluded_domestication_unknown,Arbon Bleiche 3,,,Switzerland,,,,,,Sample-level locality comes directly from the recovered sample source row.
Sus scrofa domesticus,pig,PRJEB30282,prjeb30282:samea5160925,SAMEA5160925,archive_project_sample_accession_anchor,archive_native,final,,Zurich-Seefeld,direct_sample_site,data/adna/governance/source_library/projects/PRJEB30282/archive_metadata.html || data/adna/governance/source_library/papers/10.1073-pnas.1901169116/supplementary/pnas.1901169116.sd01.xlsx,supplementary_spreadsheet_row,sample_accession:SAMEA5160925 || Sheet1!row1073,"ENA archive metadata identifies sample SAMEA5160925 as Sus scrofa (tax_id 9823). || AA197 | previous_extraction_code=GL12 | mtdna_accession=- | source=Jörg Schibler | museum_or_sample_code=SEE724 , S157 (inferred from the bone) 27, D000168 | additional_sample_information=AS Kt. Zürich | location=Zurich-Seefeld | country=Switzerland | radiocarbon_lab=- | uncalibrated_date=- | uncalibrated_error=- | calibrated_from_bp=- | calibrated_to_bp=- | source_age=E (2718-2710 BC cal) | source_mean_years_bp=4714 | period=Late Neolithic | group=EUU-A | zooarch_status=Unknown | combined_status=Unknown | secondary_zooarch_status=Unknown | published=N | chronology_disposition=refused_context_only_unresolved_age_semantics | domestication_disposition=excluded_domestication_unknown",Zurich-Seefeld,,,Switzerland,,,,,,Sample-level locality comes directly from the recovered sample source row.
Sus scrofa domesticus,pig,PRJEB30282,prjeb30282:samea5160926,SAMEA5160926,archive_project_sample_accession_anchor,archive_native,final,,Zurich-Mozartstrasse,direct_sample_site,data/adna/governance/source_library/projects/PRJEB30282/archive_metadata.html || data/adna/governance/source_library/papers/10.1073-pnas.1901169116/supplementary/pnas.1901169116.sd01.xlsx,supplementary_spreadsheet_row,sample_accession:SAMEA5160926 || Sheet1!row1060,ENA archive metadata identifies sample SAMEA5160926 as Sus scrofa (tax_id 9823). || AA200 | previous_extraction_code=GL435 | mtdna_accession=- | source=Jörg Schibler | museum_or_sample_code=6859 | additional_sample_information=AS Kt. Zürich | location=Zurich-Mozartstrasse | country=Switzerland | radiocarbon_lab=- | uncalibrated_date=- | uncalibrated_error=- | calibrated_from_bp=- | calibrated_to_bp=- | source_age=1o (18th century BC cal) | source_mean_years_bp=3700 | period=Bronze Age | group=EUU-A | zooarch_status=Unknown | combined_status=Unknown | secondary_zooarch_status=Unknown | published=N | chronology_disposition=refused_context_only_unresolved_age_semantics | domestication_disposition=excluded_domestication_unknown,Zurich-Mozartstrasse,,,Switzerland,,,,,,Sample-level locality comes directly from the recovered sample source row.
Sus scrofa domesticus,pig,PRJEB30282,prjeb30282:samea5160927,SAMEA5160927,archive_project_sample_accession_anchor,archive_native,final,,Zurich-Mozartstrasse,direct_sample_site,data/adna/governance/source_library/projects/PRJEB30282/archive_metadata.html || data/adna/governance/source_library/papers/10.1073-pnas.1901169116/supplementary/pnas.1901169116.sd01.xlsx,supplementary_spreadsheet_row,sample_accession:SAMEA5160927 || Sheet1!row1062,"ENA archive metadata identifies sample SAMEA5160927 as Sus scrofa (tax_id 9823). || AA202 | previous_extraction_code=- | mtdna_accession=- | source=Jörg Schibler | museum_or_sample_code=MZ 3056, most probable layer 2 | additional_sample_information=AS Kt. Zürich | location=Zurich-Mozartstrasse | country=Switzerland | radiocarbon_lab=- | uncalibrated_date=- | uncalibrated_error=- | calibrated_from_bp=- | calibrated_to_bp=- | source_age=2 (2625-2568 BC) | source_mean_years_bp=4597 | period=Late Neolithic | group=EUU-A | zooarch_status=Unknown | combined_status=Unknown | secondary_zooarch_status=Unknown | published=N | chronology_disposition=refused_context_only_unresolved_age_semantics | domestication_disposition=excluded_domestication_unknown",Zurich-Mozartstrasse,,,Switzerland,,,,,,Sample-level locality comes directly from the recovered sample source row.
Sus scrofa domesticus,pig,PRJEB30282,prjeb30282:samea5160928,SAMEA5160928,archive_project_sample_accession_anchor,archive_native,final,,Pločnik,direct_sample_site,data/adna/governance/source_library/projects/PRJEB30282/archive_metadata.html || data/adna/governance/source_library/papers/10.1073-pnas.1901169116/supplementary/pnas.1901169116.sd01.xlsx,supplementary_spreadsheet_row,sample_accession:SAMEA5160928 || Sheet1!row995,"ENA archive metadata identifies sample SAMEA5160928 as Sus scrofa (tax_id 9823). || AA211 | previous_extraction_code=- | mtdna_accession=- | source=Jelena Bulatović / David Orton | museum_or_sample_code=4124, S21 | additional_sample_information=Horizon 4 | location=Pločnik | country=Serbia | radiocarbon_lab=- | uncalibrated_date=- | uncalibrated_error=- | calibrated_from_bp=- | calibrated_to_bp=- | source_age=5100-5000 to 5025-4950 cal. BC | source_mean_years_bp=6750 | period=Neolithic | group=BLW-A | zooarch_status=Wild | combined_status=Wild | secondary_zooarch_status=Wild | published=N | chronology_disposition=refused_context_only_unresolved_age_semantics | domestication_disposition=excluded_wild",Pločnik,,,Serbia,,,,,,Sample-level locality comes directly from the recovered sample source row.
Sus scrofa domesticus,pig,PRJEB30282,prjeb30282:samea5160929,SAMEA5160929,archive_project_sample_accession_anchor,archive_native,final,,Pločnik,direct_sample_site,data/adna/governance/source_library/projects/PRJEB30282/archive_metadata.html || data/adna/governance/source_library/papers/10.1073-pnas.1901169116/supplementary/pnas.1901169116.sd01.xlsx,supplementary_spreadsheet_row,sample_accession:SAMEA5160929 || Sheet1!row996,"ENA archive metadata identifies sample SAMEA5160929 as Sus scrofa (tax_id 9823). || AA212 | previous_extraction_code=- | mtdna_accession=- | source=Jelena Bulatović / David Orton | museum_or_sample_code=4125, S21 | additional_sample_information=Horizon 4 | location=Pločnik | country=Serbia | radiocarbon_lab=- | uncalibrated_date=- | uncalibrated_error=- | calibrated_from_bp=- | calibrated_to_bp=- | source_age=5100-5000 to 5025-4950 cal. BC | source_mean_years_bp=6750 | period=Neolithic | group=EUD-A | zooarch_status=Domestic | combined_status=Domestic | secondary_zooarch_status=Domestic | published=N | chronology_disposition=refused_context_only_unresolved_age_semantics | domestication_disposition=excluded_unreviewed_domesticated_scope",Pločnik,,,Serbia,,,,,,Sample-level locality comes directly from the recovered sample source row.
Sus scrofa domesticus,pig,PRJEB30282,prjeb30282:samea5160930,SAMEA5160930,archive_project_sample_accession_anchor,archive_native,final,,Pločnik,direct_sample_site,data/adna/governance/source_library/projects/PRJEB30282/archive_metadata.html || data/adna/governance/source_library/papers/10.1073-pnas.1901169116/supplementary/pnas.1901169116.sd01.xlsx,supplementary_spreadsheet_row,sample_accession:SAMEA5160930 || Sheet1!row997,ENA archive metadata identifies sample SAMEA5160930 as Sus scrofa (tax_id 9823). || AA213 | previous_extraction_code=- | mtdna_accession=- | source=Jelena Bulatović / David Orton | museum_or_sample_code=4129. S21 | additional_sample_information=Horizon 4 | location=Pločnik | country=Serbia | radiocarbon_lab=- | uncalibrated_date=- | uncalibrated_error=- | calibrated_from_bp=- | calibrated_to_bp=- | source_age=5100-5000 to 5025-4950 cal. BC | source_mean_years_bp=6750 | period=Neolithic | group=EUD-A | zooarch_status=Domestic | combined_status=Domestic | secondary_zooarch_status=Domestic | published=N | chronology_disposition=refused_context_only_unresolved_age_semantics | domestication_disposition=excluded_unreviewed_domesticated_scope,Pločnik,,,Serbia,,,,,,Sample-level locality comes directly from the recovered sample source row.
Sus scrofa domesticus,pig,PRJEB30282,prjeb30282:samea5160931,SAMEA5160931,archive_project_sample_accession_anchor,archive_native,final,,Pločnik,direct_sample_site,data/adna/governance/source_library/projects/PRJEB30282/archive_metadata.html || data/adna/governance/source_library/papers/10.1073-pnas.1901169116/supplementary/pnas.1901169116.sd01.xlsx,supplementary_spreadsheet_row,sample_accession:SAMEA5160931 || Sheet1!row999,"ENA archive metadata identifies sample SAMEA5160931 as Sus scrofa (tax_id 9823). || AA216 | previous_extraction_code=- | mtdna_accession=- | source=Jelena Bulatović / David Orton | museum_or_sample_code=4140, S21 | additional_sample_information=Horizon 4 | location=Pločnik | country=Serbia | radiocarbon_lab=- | uncalibrated_date=- | uncalibrated_error=- | calibrated_from_bp=- | calibrated_to_bp=- | source_age=5100-5000 to 5025-4950 cal. BC | source_mean_years_bp=6750 | period=Neolithic | group=EUD-A | zooarch_status=Domestic | combined_status=Domestic | secondary_zooarch_status=Domestic | published=N | chronology_disposition=refused_context_only_unresolved_age_semantics | domestication_disposition=excluded_unreviewed_domesticated_scope",Pločnik,,,Serbia,,,,,,Sample-level locality comes directly from the recovered sample source row.
Sus scrofa domesticus,pig,PRJEB30282,prjeb30282:samea5160932,SAMEA5160932,archive_project_sample_accession_anchor,archive_native,final,,Pločnik,direct_sample_site,data/adna/governance/source_library/projects/PRJEB30282/archive_metadata.html || data/adna/governance/source_library/papers/10.1073-pnas.1901169116/supplementary/pnas.1901169116.sd01.xlsx,supplementary_spreadsheet_row,sample_accession:SAMEA5160932 || Sheet1!row1000,"ENA archive metadata identifies sample SAMEA5160932 as Sus scrofa (tax_id 9823). || AA217 | previous_extraction_code=- | mtdna_accession=- | source=Jelena Bulatović / David Orton | museum_or_sample_code=4142, S21 | additional_sample_information=Horizon 4 | location=Pločnik | country=Serbia | radiocarbon_lab=- | uncalibrated_date=- | uncalibrated_error=- | calibrated_from_bp=- | calibrated_to_bp=- | source_age=5100-5000 to 5025-4950 cal. BC | source_mean_years_bp=6750 | period=Neolithic | group=EUD-A | zooarch_status=Domestic | combined_status=Domestic | secondary_zooarch_status=Domestic | published=N | chronology_disposition=refused_context_only_unresolved_age_semantics | domestication_disposition=excluded_unreviewed_domesticated_scope",Pločnik,,,Serbia,,,,,,Sample-level locality comes directly from the recovered sample source row.
Sus scrofa domesticus,pig,PRJEB30282,prjeb30282:samea5160933,SAMEA5160933,archive_project_sample_accession_anchor,archive_native,final,,Pločnik,direct_sample_site,data/adna/governance/source_library/projects/PRJEB30282/archive_metadata.html || data/adna/governance/source_library/papers/10.1073-pnas.1901169116/supplementary/pnas.1901169116.sd01.xlsx,supplementary_spreadsheet_row,sample_accession:SAMEA5160933 || Sheet1!row1001,"ENA archive metadata identifies sample SAMEA5160933 as Sus scrofa (tax_id 9823). || AA218 | previous_extraction_code=- | mtdna_accession=- | source=Jelena Bulatović / David Orton | museum_or_sample_code=4151, S21 | additional_sample_information=Horizon 4 | location=Pločnik | country=Serbia | radiocarbon_lab=- | uncalibrated_date=- | uncalibrated_error=- | calibrated_from_bp=- | calibrated_to_bp=- | source_age=5100-5000 to 5025-4950 cal. BC | source_mean_years_bp=6750 | period=Neolithic | group=EUD-A | zooarch_status=Domestic | combined_status=Domestic | secondary_zooarch_status=Domestic | published=N | chronology_disposition=refused_context_only_unresolved_age_semantics | domestication_disposition=excluded_unreviewed_domesticated_scope",Pločnik,,,Serbia,,,,,,Sample-level locality comes directly from the recovered sample source row.
Sus scrofa domesticus,pig,PRJEB30282,prjeb30282:samea5160934,SAMEA5160934,archive_project_sample_accession_anchor,archive_native,final,,Pločnik,direct_sample_site,data/adna/governance/source_library/projects/PRJEB30282/archive_metadata.html || data/adna/governance/source_library/papers/10.1073-pnas.1901169116/supplementary/pnas.1901169116.sd01.xlsx,supplementary_spreadsheet_row,sample_accession:SAMEA5160934 || Sheet1!row1002,"ENA archive metadata identifies sample SAMEA5160934 as Sus scrofa (tax_id 9823). || AA219 | previous_extraction_code=- | mtdna_accession=- | source=Jelena Bulatović / David Orton | museum_or_sample_code=PLO13.3432, F16S15 | additional_sample_information=- | location=Pločnik | country=Serbia | radiocarbon_lab=- | uncalibrated_date=- | uncalibrated_error=- | calibrated_from_bp=- | calibrated_to_bp=- | source_age=5025-4950 to 4850-4650 cal. BC | source_mean_years_bp=6750 | period=Neolithic | group=EUD-A | zooarch_status=Domestic | combined_status=Domestic | secondary_zooarch_status=Domestic | published=N | chronology_disposition=refused_context_only_unresolved_age_semantics | domestication_disposition=excluded_unreviewed_domesticated_scope",Pločnik,,,Serbia,,,,,,Sample-level locality comes directly from the recovered sample source row.
Sus scrofa domesticus,pig,PRJEB30282,prjeb30282:samea5160935,SAMEA5160935,archive_project_sample_accession_anchor,archive_native,final,,Pločnik,direct_sample_site,data/adna/governance/source_library/projects/PRJEB30282/archive_metadata.html || data/adna/governance/source_library/papers/10.1073-pnas.1901169116/supplementary/pnas.1901169116.sd01.xlsx,supplementary_spreadsheet_row,sample_accession:SAMEA5160935 || Sheet1!row1004,"ENA archive metadata identifies sample SAMEA5160935 as Sus scrofa (tax_id 9823). || AA221 | previous_extraction_code=- | mtdna_accession=- | source=Jelena Bulatović / David Orton | museum_or_sample_code=4607, S11 | additional_sample_information=Horizon 2 | location=Pločnik | country=Serbia | radiocarbon_lab=- | uncalibrated_date=- | uncalibrated_error=- | calibrated_from_bp=- | calibrated_to_bp=- | source_age=4850-4650 to 4600-4500 cal. BC | source_mean_years_bp=6750 | period=Neolithic | group=EUD-A | zooarch_status=Domestic | combined_status=Domestic | secondary_zooarch_status=Domestic | published=N | chronology_disposition=refused_context_only_unresolved_age_semantics | domestication_disposition=excluded_unreviewed_domesticated_scope",Pločnik,,,Serbia,,,,,,Sample-level locality comes directly from the recovered sample source row.
Sus scrofa domesticus,pig,PRJEB30282,prjeb30282:samea5160936,SAMEA5160936,archive_project_sample_accession_anchor,archive_native,final,,Pločnik,direct_sample_site,data/adna/governance/source_library/projects/PRJEB30282/archive_metadata.html || data/adna/governance/source_library/papers/10.1073-pnas.1901169116/supplementary/pnas.1901169116.sd01.xlsx,supplementary_spreadsheet_row,sample_accession:SAMEA5160936 || Sheet1!row1008,"ENA archive metadata identifies sample SAMEA5160936 as Sus scrofa (tax_id 9823). || AA225 | previous_extraction_code=- | mtdna_accession=- | source=Jelena Bulatović / David Orton | museum_or_sample_code=PLO13.4637, S11 | additional_sample_information=Horizon 2 | location=Pločnik | country=Serbia | radiocarbon_lab=- | uncalibrated_date=- | uncalibrated_error=- | calibrated_from_bp=- | calibrated_to_bp=- | source_age=4850-4650 to 4600-4500 cal. BC | source_mean_years_bp=6750 | period=Neolithic | group=EUD-A | zooarch_status=Domestic | combined_status=Domestic | secondary_zooarch_status=Domestic | published=N | chronology_disposition=refused_context_only_unresolved_age_semantics | domestication_disposition=excluded_unreviewed_domesticated_scope",Pločnik,,,Serbia,,,,,,Sample-level locality comes directly from the recovered sample source row.
Sus scrofa domesticus,pig,PRJEB30282,prjeb30282:samea5160937,SAMEA5160937,archive_project_sample_accession_anchor,archive_native,final,,Sagalossos,direct_sample_site,data/adna/governance/source_library/projects/PRJEB30282/archive_metadata.html || data/adna/governance/source_library/papers/10.1073-pnas.1901169116/supplementary/pnas.1901169116.sd01.xlsx,supplementary_spreadsheet_row,sample_accession:SAMEA5160937 || Sheet1!row466,"ENA archive metadata identifies sample SAMEA5160937 as Sus scrofa (tax_id 9823). || AA226 | previous_extraction_code=- | mtdna_accession=- | source=Bea De Cupere | museum_or_sample_code=SA2001NEG113, 139 | additional_sample_information=- | location=Sagalossos | country=Turkey | radiocarbon_lab=- | uncalibrated_date=- | uncalibrated_error=- | calibrated_from_bp=- | calibrated_to_bp=- | source_age=450-650 AD | source_mean_years_bp=1450 | period=Early Byzantine | group=NED-A | zooarch_status=Domestic | combined_status=Domestic | secondary_zooarch_status=Domestic | published=N | chronology_disposition=refused_context_only_unresolved_age_semantics | domestication_disposition=excluded_unreviewed_domesticated_scope",Sagalossos,,,Turkey,,,,,,Sample-level locality comes directly from the recovered sample source row.
Sus scrofa domesticus,pig,PRJEB30282,prjeb30282:samea5160938,SAMEA5160938,archive_project_sample_accession_anchor,archive_native,final,,Sagalossos,direct_sample_site,data/adna/governance/source_library/projects/PRJEB30282/archive_metadata.html || data/adna/governance/source_library/papers/10.1073-pnas.1901169116/supplementary/pnas.1901169116.sd01.xlsx,supplementary_spreadsheet_row,sample_accession:SAMEA5160938 || Sheet1!row470,"ENA archive metadata identifies sample SAMEA5160938 as Sus scrofa (tax_id 9823). || AA230 | previous_extraction_code=- | mtdna_accession=- | source=Bea De Cupere | museum_or_sample_code=SA95UAN216, 988 | additional_sample_information=- | location=Sagalossos | country=Turkey | radiocarbon_lab=- | uncalibrated_date=- | uncalibrated_error=- | calibrated_from_bp=- | calibrated_to_bp=- | source_age=450-650 AD | source_mean_years_bp=1450 | period=Early Byzantine | group=NED-A | zooarch_status=Domestic | combined_status=Domestic | secondary_zooarch_status=Domestic | published=N | chronology_disposition=refused_context_only_unresolved_age_semantics | domestication_disposition=excluded_unreviewed_domesticated_scope",Sagalossos,,,Turkey,,,,,,Sample-level locality comes directly from the recovered sample source row.
Sus scrofa domesticus,pig,PRJEB30282,prjeb30282:samea5160939,SAMEA5160939,archive_project_sample_accession_anchor,archive_native,final,,Sagalossos,direct_sample_site,data/adna/governance/source_library/projects/PRJEB30282/archive_metadata.html || data/adna/governance/source_library/papers/10.1073-pnas.1901169116/supplementary/pnas.1901169116.sd01.xlsx,supplementary_spreadsheet_row,sample_accession:SAMEA5160939 || Sheet1!row471,"ENA archive metadata identifies sample SAMEA5160939 as Sus scrofa (tax_id 9823). || AA231 | previous_extraction_code=- | mtdna_accession=- | source=Bea De Cupere | museum_or_sample_code=SA03DA167, 1193 | additional_sample_information=- | location=Sagalossos | country=Turkey | radiocarbon_lab=- | uncalibrated_date=- | uncalibrated_error=- | calibrated_from_bp=- | calibrated_to_bp=- | source_age=450-650 AD | source_mean_years_bp=1450 | period=Early Byzantine | group=NED-A | zooarch_status=Domestic | combined_status=Domestic | secondary_zooarch_status=Domestic | published=N | chronology_disposition=refused_context_only_unresolved_age_semantics | domestication_disposition=excluded_unreviewed_domesticated_scope",Sagalossos,,,Turkey,,,,,,Sample-level locality comes directly from the recovered sample source row.
Sus scrofa domesticus,pig,PRJEB30282,prjeb30282:samea5160940,SAMEA5160940,archive_project_sample_accession_anchor,archive_native,final,,Sagalossos,direct_sample_site,data/adna/governance/source_library/projects/PRJEB30282/archive_metadata.html || data/adna/governance/source_library/papers/10.1073-pnas.1901169116/supplementary/pnas.1901169116.sd01.xlsx,supplementary_spreadsheet_row,sample_accession:SAMEA5160940 || Sheet1!row473,"ENA archive metadata identifies sample SAMEA5160940 as Sus scrofa (tax_id 9823). || AA234 | previous_extraction_code=- | mtdna_accession=- | source=Bea De Cupere | museum_or_sample_code=SA92N389, 400 | additional_sample_information=- | location=Sagalossos | country=Turkey | radiocarbon_lab=- | uncalibrated_date=- | uncalibrated_error=- | calibrated_from_bp=- | calibrated_to_bp=- | source_age=300-450 AD | source_mean_years_bp=1625 | period=Late Roman | group=NED-A | zooarch_status=Domestic | combined_status=Domestic | secondary_zooarch_status=Domestic | published=N | chronology_disposition=refused_context_only_unresolved_age_semantics | domestication_disposition=excluded_unreviewed_domesticated_scope",Sagalossos,,,Turkey,,,,,,Sample-level locality comes directly from the recovered sample source row.
Sus scrofa domesticus,pig,PRJEB30282,prjeb30282:samea5160941,SAMEA5160941,archive_project_sample_accession_anchor,archive_native,final,,Sagalossos,direct_sample_site,data/adna/governance/source_library/projects/PRJEB30282/archive_metadata.html || data/adna/governance/source_library/papers/10.1073-pnas.1901169116/supplementary/pnas.1901169116.sd01.xlsx,supplementary_spreadsheet_row,sample_accession:SAMEA5160941 || Sheet1!row474,"ENA archive metadata identifies sample SAMEA5160941 as Sus scrofa (tax_id 9823). || AA235 | previous_extraction_code=- | mtdna_accession=- | source=Bea De Cupere | museum_or_sample_code=SA04AP45/3, 1301 | additional_sample_information=- | location=Sagalossos | country=Turkey | radiocarbon_lab=- | uncalibrated_date=- | uncalibrated_error=- | calibrated_from_bp=- | calibrated_to_bp=- | source_age=300-450 AD | source_mean_years_bp=1625 | period=Late Roman | group=NED-A | zooarch_status=Domestic | combined_status=Domestic | secondary_zooarch_status=Domestic | published=N | chronology_disposition=refused_context_only_unresolved_age_semantics | domestication_disposition=excluded_unreviewed_domesticated_scope",Sagalossos,,,Turkey,,,,,,Sample-level locality comes directly from the recovered sample source row.
Sus scrofa domesticus,pig,PRJEB30282,prjeb30282:samea5160942,SAMEA5160942,archive_project_sample_accession_anchor,archive_native,final,,Sagalossos,direct_sample_site,data/adna/governance/source_library/projects/PRJEB30282/archive_metadata.html || data/adna/governance/source_library/papers/10.1073-pnas.1901169116/supplementary/pnas.1901169116.sd01.xlsx,supplementary_spreadsheet_row,sample_accession:SAMEA5160942 || Sheet1!row476,"ENA archive metadata identifies sample SAMEA5160942 as Sus scrofa (tax_id 9823). || AA237 | previous_extraction_code=- | mtdna_accession=- | source=Bea De Cupere | museum_or_sample_code=SA04AP70/2, 1315 | additional_sample_information=- | location=Sagalossos | country=Turkey | radiocarbon_lab=- | uncalibrated_date=- | uncalibrated_error=- | calibrated_from_bp=- | calibrated_to_bp=- | source_age=300-450 AD | source_mean_years_bp=1625 | period=Late Roman | group=NED-A | zooarch_status=Domestic | combined_status=Domestic | secondary_zooarch_status=Domestic | published=N | chronology_disposition=refused_context_only_unresolved_age_semantics | domestication_disposition=excluded_unreviewed_domesticated_scope",Sagalossos,,,Turkey,,,,,,Sample-level locality comes directly from the recovered sample source row.
Sus scrofa domesticus,pig,PRJEB30282,prjeb30282:samea5160943,SAMEA5160943,archive_project_sample_accession_anchor,archive_native,final,,Zurich-Mozartstrasse,direct_sample_site,data/adna/governance/source_library/projects/PRJEB30282/archive_metadata.html || data/adna/governance/source_library/papers/10.1073-pnas.1901169116/supplementary/pnas.1901169116.sd01.xlsx,supplementary_spreadsheet_row,sample_accession:SAMEA5160943 || Sheet1!row1063,ENA archive metadata identifies sample SAMEA5160943 as Sus scrofa (tax_id 9823). || AA240 | previous_extraction_code=GL5 | mtdna_accession=- | source=Jörg Schibler | museum_or_sample_code=5431 | additional_sample_information=- | location=Zurich-Mozartstrasse | country=Switzerland | radiocarbon_lab=- | uncalibrated_date=- | uncalibrated_error=- | calibrated_from_bp=- | calibrated_to_bp=- | source_age=3u (3126-3098 BC cal) | source_mean_years_bp=5112 | period=Late Neolithic | group=EUU-A | zooarch_status=Unknown | combined_status=Unknown | secondary_zooarch_status=Unknown | published=N | chronology_disposition=refused_context_only_unresolved_age_semantics | domestication_disposition=excluded_domestication_unknown,Zurich-Mozartstrasse,,,Switzerland,,,,,,Sample-level locality comes directly from the recovered sample source row.
Sus scrofa domesticus,pig,PRJEB30282,prjeb30282:samea5160944,SAMEA5160944,archive_project_sample_accession_anchor,archive_native,final,,Birsmatten-Basisgrotte,direct_sample_site,data/adna/governance/source_library/projects/PRJEB30282/archive_metadata.html || data/adna/governance/source_library/papers/10.1073-pnas.1901169116/supplementary/pnas.1901169116.sd01.xlsx,supplementary_spreadsheet_row,sample_accession:SAMEA5160944 || Sheet1!row1045,ENA archive metadata identifies sample SAMEA5160944 as Sus scrofa (tax_id 9823). || AA241 | previous_extraction_code=GL7 | mtdna_accession=- | source=Jörg Schibler | museum_or_sample_code=34 | additional_sample_information=M. Naturhistorisches Museum Bern | location=Birsmatten-Basisgrotte | country=Switzerland | radiocarbon_lab=- | uncalibrated_date=- | uncalibrated_error=- | calibrated_from_bp=- | calibrated_to_bp=- | source_age=OS (~6000-5500 BC cal) | source_mean_years_bp=7750 | period=Late Mesolithic | group=EUW-A | zooarch_status=Wild | combined_status=Wild | secondary_zooarch_status=Wild | published=N | chronology_disposition=refused_context_only_unresolved_age_semantics | domestication_disposition=excluded_wild,Birsmatten-Basisgrotte,,,Switzerland,,,,,,Sample-level locality comes directly from the recovered sample source row.
Sus scrofa domesticus,pig,PRJEB30282,prjeb30282:samea5160945,SAMEA5160945,archive_project_sample_accession_anchor,archive_native,final,,Birsmatten-Basisgrotte,direct_sample_site,data/adna/governance/source_library/projects/PRJEB30282/archive_metadata.html || data/adna/governance/source_library/papers/10.1073-pnas.1901169116/supplementary/pnas.1901169116.sd01.xlsx,supplementary_spreadsheet_row,sample_accession:SAMEA5160945 || Sheet1!row1047,ENA archive metadata identifies sample SAMEA5160945 as Sus scrofa (tax_id 9823). || AA243 | previous_extraction_code=GL9 | mtdna_accession=- | source=Jörg Schibler | museum_or_sample_code=35 | additional_sample_information=M. Naturhistorisches Museum Bern | location=Birsmatten-Basisgrotte | country=Switzerland | radiocarbon_lab=- | uncalibrated_date=- | uncalibrated_error=- | calibrated_from_bp=- | calibrated_to_bp=- | source_age=? | source_mean_years_bp=- | period=Mesolithic | group=EUW-A | zooarch_status=Wild | combined_status=Wild | secondary_zooarch_status=Wild | published=N | chronology_disposition=unresolved_missing_source_mean | domestication_disposition=excluded_wild,Birsmatten-Basisgrotte,,,Switzerland,,,,,,Sample-level locality comes directly from the recovered sample source row.
Sus scrofa domesticus,pig,PRJEB30282,prjeb30282:samea5160946,SAMEA5160946,archive_project_sample_accession_anchor,archive_native,final,,Zurich-Mozartstrasse,direct_sample_site,data/adna/governance/source_library/projects/PRJEB30282/archive_metadata.html || data/adna/governance/source_library/papers/10.1073-pnas.1901169116/supplementary/pnas.1901169116.sd01.xlsx,supplementary_spreadsheet_row,sample_accession:SAMEA5160946 || Sheet1!row2159,ENA archive metadata identifies sample SAMEA5160946 as Sus scrofa (tax_id 9823). || AA246 | previous_extraction_code=GL362 | mtdna_accession=- | source=Richard Redding | museum_or_sample_code=MZ 5876 | additional_sample_information=AS Kt. Zürich | location=Zurich-Mozartstrasse | country=Switzerland | radiocarbon_lab=- | uncalibrated_date=- | uncalibrated_error=- | calibrated_from_bp=- | calibrated_to_bp=- | source_age=3668-3661 cal. BC | source_mean_years_bp=5665 | period=Late Neolithic | group=EUU-A | zooarch_status=Unknown | combined_status=Unknown | secondary_zooarch_status=Unknown | published=N | chronology_disposition=refused_context_only_unresolved_age_semantics | domestication_disposition=excluded_domestication_unknown,Zurich-Mozartstrasse,,,Switzerland,,,,,,Sample-level locality comes directly from the recovered sample source row.
Sus scrofa domesticus,pig,PRJEB30282,prjeb30282:samea5160947,SAMEA5160947,archive_project_sample_accession_anchor,archive_native,final,,Zurich-Mozartstrasse,direct_sample_site,data/adna/governance/source_library/projects/PRJEB30282/archive_metadata.html || data/adna/governance/source_library/papers/10.1073-pnas.1901169116/supplementary/pnas.1901169116.sd01.xlsx,supplementary_spreadsheet_row,sample_accession:SAMEA5160947 || Sheet1!row1066,ENA archive metadata identifies sample SAMEA5160947 as Sus scrofa (tax_id 9823). || AA248 | previous_extraction_code=- | mtdna_accession=- | source=Jörg Schibler | museum_or_sample_code=MZ 5866 | additional_sample_information=AS Kt. Zürich | location=Zurich-Mozartstrasse | country=Switzerland | radiocarbon_lab=- | uncalibrated_date=- | uncalibrated_error=- | calibrated_from_bp=- | calibrated_to_bp=- | source_age=4m (3668-3613 BC) | source_mean_years_bp=5641 | period=Late Neolithic | group=EUU-A | zooarch_status=Unknown | combined_status=Unknown | secondary_zooarch_status=Unknown | published=N | chronology_disposition=refused_context_only_unresolved_age_semantics | domestication_disposition=excluded_domestication_unknown,Zurich-Mozartstrasse,,,Switzerland,,,,,,Sample-level locality comes directly from the recovered sample source row.
Sus scrofa domesticus,pig,PRJEB30282,prjeb30282:samea5160948,SAMEA5160948,archive_project_sample_accession_anchor,archive_native,final,,Zurich-Mozartstrasse,direct_sample_site,data/adna/governance/source_library/projects/PRJEB30282/archive_metadata.html || data/adna/governance/source_library/papers/10.1073-pnas.1901169116/supplementary/pnas.1901169116.sd01.xlsx,supplementary_spreadsheet_row,sample_accession:SAMEA5160948 || Sheet1!row1068,ENA archive metadata identifies sample SAMEA5160948 as Sus scrofa (tax_id 9823). || AA250 | previous_extraction_code=- | mtdna_accession=- | source=Jörg Schibler | museum_or_sample_code=MZ 3838 | additional_sample_information=AS Kt. Zürich | location=Zurich-Mozartstrasse | country=Switzerland | radiocarbon_lab=- | uncalibrated_date=- | uncalibrated_error=- | calibrated_from_bp=- | calibrated_to_bp=- | source_age=2o (2605-2568 BC) | source_mean_years_bp=4587 | period=Late Neolithic | group=EUU-A | zooarch_status=Unknown | combined_status=Unknown | secondary_zooarch_status=Unknown | published=N | chronology_disposition=refused_context_only_unresolved_age_semantics | domestication_disposition=excluded_domestication_unknown,Zurich-Mozartstrasse,,,Switzerland,,,,,,Sample-level locality comes directly from the recovered sample source row.
Sus scrofa domesticus,pig,PRJEB30282,prjeb30282:samea5160949,SAMEA5160949,archive_project_sample_accession_anchor,archive_native,final,,Zurich-Mozartstrasse,direct_sample_site,data/adna/governance/source_library/projects/PRJEB30282/archive_metadata.html || data/adna/governance/source_library/papers/10.1073-pnas.1901169116/supplementary/pnas.1901169116.sd01.xlsx,supplementary_spreadsheet_row,sample_accession:SAMEA5160949 || Sheet1!row1071,ENA archive metadata identifies sample SAMEA5160949 as Sus scrofa (tax_id 9823). || AA253 | previous_extraction_code=- | mtdna_accession=- | source=Jörg Schibler | museum_or_sample_code=MZ 8114 | additional_sample_information=AS Kt. Zürich | location=Zurich-Mozartstrasse | country=Switzerland | radiocarbon_lab=- | uncalibrated_date=- | uncalibrated_error=- | calibrated_from_bp=- | calibrated_to_bp=- | source_age=2u (2615-2605 BC) | source_mean_years_bp=4610 | period=Late Neolithic | group=EUU-A | zooarch_status=Unknown | combined_status=Unknown | secondary_zooarch_status=Unknown | published=N | chronology_disposition=refused_context_only_unresolved_age_semantics | domestication_disposition=excluded_domestication_unknown,Zurich-Mozartstrasse,,,Switzerland,,,,,,Sample-level locality comes directly from the recovered sample source row.
Sus scrofa domesticus,pig,PRJEB30282,prjeb30282:samea5160950,SAMEA5160950,archive_project_sample_accession_anchor,archive_native,final,,Zurich-Mozartstrasse,direct_sample_site,data/adna/governance/source_library/projects/PRJEB30282/archive_metadata.html || data/adna/governance/source_library/papers/10.1073-pnas.1901169116/supplementary/pnas.1901169116.sd01.xlsx,supplementary_spreadsheet_row,sample_accession:SAMEA5160950 || Sheet1!row1072,ENA archive metadata identifies sample SAMEA5160950 as Sus scrofa (tax_id 9823). || AA254 | previous_extraction_code=- | mtdna_accession=- | source=Jörg Schibler | museum_or_sample_code=MZ 6481 | additional_sample_information=AS Kt. Zürich | location=Zurich-Mozartstrasse | country=Switzerland | radiocarbon_lab=- | uncalibrated_date=- | uncalibrated_error=- | calibrated_from_bp=- | calibrated_to_bp=- | source_age=2u (2615-2605 BC) | source_mean_years_bp=4610 | period=Late Neolithic | group=EUD-A | zooarch_status=Unknown | combined_status=Unknown | secondary_zooarch_status=Unknown | published=N | chronology_disposition=refused_context_only_unresolved_age_semantics | domestication_disposition=excluded_domestication_unknown,Zurich-Mozartstrasse,,,Switzerland,,,,,,Sample-level locality comes directly from the recovered sample source row.
Sus scrofa domesticus,pig,PRJEB30282,prjeb30282:samea5160951,SAMEA5160951,archive_project_sample_accession_anchor,archive_native,final,,Arbon Bleiche 3,direct_sample_site,data/adna/governance/source_library/projects/PRJEB30282/archive_metadata.html || data/adna/governance/source_library/papers/10.1073-pnas.1901169116/supplementary/pnas.1901169116.sd01.xlsx,supplementary_spreadsheet_row,sample_accession:SAMEA5160951 || Sheet1!row1030,"ENA archive metadata identifies sample SAMEA5160951 as Sus scrofa (tax_id 9823). || AA255 | previous_extraction_code=RB463 | mtdna_accession=- | source=Jörg Schibler | museum_or_sample_code=Arbon 2074, D003576 | additional_sample_information=AS Kt. Thurgau | location=Arbon Bleiche 3 | country=Switzerland | radiocarbon_lab=- | uncalibrated_date=- | uncalibrated_error=- | calibrated_from_bp=- | calibrated_to_bp=- | source_age=3384-3370 cal. BC | source_mean_years_bp=5337 | period=Late Neolithic | group=EUW-A | zooarch_status=Wild | combined_status=Wild | secondary_zooarch_status=Wild | published=N | chronology_disposition=refused_context_only_unresolved_age_semantics | domestication_disposition=excluded_wild",Arbon Bleiche 3,,,Switzerland,,,,,,Sample-level locality comes directly from the recovered sample source row.
Sus scrofa domesticus,pig,PRJEB30282,prjeb30282:samea5160952,SAMEA5160952,archive_project_sample_accession_anchor,archive_native,final,,Arbon Bleiche 3,direct_sample_site,data/adna/governance/source_library/projects/PRJEB30282/archive_metadata.html || data/adna/governance/source_library/papers/10.1073-pnas.1901169116/supplementary/pnas.1901169116.sd01.xlsx,supplementary_spreadsheet_row,sample_accession:SAMEA5160952 || Sheet1!row1031,"ENA archive metadata identifies sample SAMEA5160952 as Sus scrofa (tax_id 9823). || AA256 | previous_extraction_code=RB464 | mtdna_accession=- | source=Jörg Schibler | museum_or_sample_code=Arbon 8213, D003577 | additional_sample_information=AS Kt. Thurgau | location=Arbon Bleiche 3 | country=Switzerland | radiocarbon_lab=- | uncalibrated_date=- | uncalibrated_error=- | calibrated_from_bp=- | calibrated_to_bp=- | source_age=3384-3370 cal. BC | source_mean_years_bp=5337 | period=Late Neolithic | group=EUW-A | zooarch_status=Wild | combined_status=Wild | secondary_zooarch_status=Wild | published=N | chronology_disposition=refused_context_only_unresolved_age_semantics | domestication_disposition=excluded_wild",Arbon Bleiche 3,,,Switzerland,,,,,,Sample-level locality comes directly from the recovered sample source row.
Sus scrofa domesticus,pig,PRJEB30282,prjeb30282:samea5160953,SAMEA5160953,archive_project_sample_accession_anchor,archive_native,final,,Arbon Bleiche 3,direct_sample_site,data/adna/governance/source_library/projects/PRJEB30282/archive_metadata.html || data/adna/governance/source_library/papers/10.1073-pnas.1901169116/supplementary/pnas.1901169116.sd01.xlsx,supplementary_spreadsheet_row,sample_accession:SAMEA5160953 || Sheet1!row1032,"ENA archive metadata identifies sample SAMEA5160953 as Sus scrofa (tax_id 9823). || AA257 | previous_extraction_code=RB465 | mtdna_accession=- | source=Jörg Schibler | museum_or_sample_code=Arbon 7913,D003578 | additional_sample_information=AS Kt. Thurgau | location=Arbon Bleiche 3 | country=Switzerland | radiocarbon_lab=- | uncalibrated_date=- | uncalibrated_error=- | calibrated_from_bp=- | calibrated_to_bp=- | source_age=3384-3370 cal. BC | source_mean_years_bp=5337 | period=Late Neolithic | group=EUD-A | zooarch_status=Domestic | combined_status=Domestic | secondary_zooarch_status=Domestic | published=N | chronology_disposition=refused_context_only_unresolved_age_semantics | domestication_disposition=excluded_unreviewed_domesticated_scope",Arbon Bleiche 3,,,Switzerland,,,,,,Sample-level locality comes directly from the recovered sample source row.
Sus scrofa domesticus,pig,PRJEB30282,prjeb30282:samea5160954,SAMEA5160954,archive_project_sample_accession_anchor,archive_native,final,,Arbon Bleiche 3,direct_sample_site,data/adna/governance/source_library/projects/PRJEB30282/archive_metadata.html || data/adna/governance/source_library/papers/10.1073-pnas.1901169116/supplementary/pnas.1901169116.sd01.xlsx,supplementary_spreadsheet_row,sample_accession:SAMEA5160954 || Sheet1!row1033,"ENA archive metadata identifies sample SAMEA5160954 as Sus scrofa (tax_id 9823). || AA258 | previous_extraction_code=RB466 | mtdna_accession=- | source=Jörg Schibler | museum_or_sample_code=Arbon 267, D003579 | additional_sample_information=AS Kt. Thurgau | location=Arbon Bleiche 3 | country=Switzerland | radiocarbon_lab=- | uncalibrated_date=- | uncalibrated_error=- | calibrated_from_bp=- | calibrated_to_bp=- | source_age=3384-3370 cal. BC | source_mean_years_bp=5337 | period=Late Neolithic | group=EUD-A | zooarch_status=Domestic | combined_status=Domestic | secondary_zooarch_status=Domestic | published=N | chronology_disposition=refused_context_only_unresolved_age_semantics | domestication_disposition=excluded_unreviewed_domesticated_scope",Arbon Bleiche 3,,,Switzerland,,,,,,Sample-level locality comes directly from the recovered sample source row.
Sus scrofa domesticus,pig,PRJEB30282,prjeb30282:samea5160955,SAMEA5160955,archive_project_sample_accession_anchor,archive_native,final,,Arbon Bleiche 3,direct_sample_site,data/adna/governance/source_library/projects/PRJEB30282/archive_metadata.html || data/adna/governance/source_library/papers/10.1073-pnas.1901169116/supplementary/pnas.1901169116.sd01.xlsx,supplementary_spreadsheet_row,sample_accession:SAMEA5160955 || Sheet1!row1034,"ENA archive metadata identifies sample SAMEA5160955 as Sus scrofa (tax_id 9823). || AA259 | previous_extraction_code=RB467 | mtdna_accession=- | source=Jörg Schibler | museum_or_sample_code=Arbon 7809, D003580 | additional_sample_information=AS Kt. Thurgau | location=Arbon Bleiche 3 | country=Switzerland | radiocarbon_lab=- | uncalibrated_date=- | uncalibrated_error=- | calibrated_from_bp=- | calibrated_to_bp=- | source_age=3384-3370 cal. BC | source_mean_years_bp=5337 | period=Late Neolithic | group=EUD-A | zooarch_status=Domestic | combined_status=Domestic | secondary_zooarch_status=Domestic | published=N | chronology_disposition=refused_context_only_unresolved_age_semantics | domestication_disposition=excluded_unreviewed_domesticated_scope",Arbon Bleiche 3,,,Switzerland,,,,,,Sample-level locality comes directly from the recovered sample source row.
Sus scrofa domesticus,pig,PRJEB30282,prjeb30282:samea5160956,SAMEA5160956,archive_project_sample_accession_anchor,archive_native,final,,Arbon Bleiche 3,direct_sample_site,data/adna/governance/source_library/projects/PRJEB30282/archive_metadata.html || data/adna/governance/source_library/papers/10.1073-pnas.1901169116/supplementary/pnas.1901169116.sd01.xlsx,supplementary_spreadsheet_row,sample_accession:SAMEA5160956 || Sheet1!row1035,"ENA archive metadata identifies sample SAMEA5160956 as Sus scrofa (tax_id 9823). || AA260 | previous_extraction_code=RB468 | mtdna_accession=- | source=Jörg Schibler | museum_or_sample_code=Arbon 9143, D003581 | additional_sample_information=AS Kt. Thurgau | location=Arbon Bleiche 3 | country=Switzerland | radiocarbon_lab=- | uncalibrated_date=- | uncalibrated_error=- | calibrated_from_bp=- | calibrated_to_bp=- | source_age=3384-3370 cal. BC | source_mean_years_bp=5337 | period=Late Neolithic | group=EUW-A | zooarch_status=Wild | combined_status=Wild | secondary_zooarch_status=Wild | published=N | chronology_disposition=refused_context_only_unresolved_age_semantics | domestication_disposition=excluded_wild",Arbon Bleiche 3,,,Switzerland,,,,,,Sample-level locality comes directly from the recovered sample source row.
Sus scrofa domesticus,pig,PRJEB30282,prjeb30282:samea5160957,SAMEA5160957,archive_project_sample_accession_anchor,archive_native,final,,Arbon Bleiche 3,direct_sample_site,data/adna/governance/source_library/projects/PRJEB30282/archive_metadata.html || data/adna/governance/source_library/papers/10.1073-pnas.1901169116/supplementary/pnas.1901169116.sd01.xlsx,supplementary_spreadsheet_row,sample_accession:SAMEA5160957 || Sheet1!row1036,"ENA archive metadata identifies sample SAMEA5160957 as Sus scrofa (tax_id 9823). || AA261 | previous_extraction_code=RB469 | mtdna_accession=- | source=Jörg Schibler | museum_or_sample_code=Arbon 4617, D003582 | additional_sample_information=AS Kt. Thurgau | location=Arbon Bleiche 3 | country=Switzerland | radiocarbon_lab=- | uncalibrated_date=- | uncalibrated_error=- | calibrated_from_bp=- | calibrated_to_bp=- | source_age=3384-3370 cal. BC | source_mean_years_bp=5337 | period=Late Neolithic | group=EUD-A | zooarch_status=Domestic | combined_status=Domestic | secondary_zooarch_status=Domestic | published=N | chronology_disposition=refused_context_only_unresolved_age_semantics | domestication_disposition=excluded_unreviewed_domesticated_scope",Arbon Bleiche 3,,,Switzerland,,,,,,Sample-level locality comes directly from the recovered sample source row.
Sus scrofa domesticus,pig,PRJEB30282,prjeb30282:samea5160958,SAMEA5160958,archive_project_sample_accession_anchor,archive_native,final,,Arbon Bleiche 3,direct_sample_site,data/adna/governance/source_library/projects/PRJEB30282/archive_metadata.html || data/adna/governance/source_library/papers/10.1073-pnas.1901169116/supplementary/pnas.1901169116.sd01.xlsx,supplementary_spreadsheet_row,sample_accession:SAMEA5160958 || Sheet1!row1037,"ENA archive metadata identifies sample SAMEA5160958 as Sus scrofa (tax_id 9823). || AA262 | previous_extraction_code=RB470 | mtdna_accession=- | source=Jörg Schibler | museum_or_sample_code=Arbon 8000, D003583 | additional_sample_information=AS Kt. Thurgau | location=Arbon Bleiche 3 | country=Switzerland | radiocarbon_lab=- | uncalibrated_date=- | uncalibrated_error=- | calibrated_from_bp=- | calibrated_to_bp=- | source_age=3384-3370 cal. BC | source_mean_years_bp=5337 | period=Late Neolithic | group=EUW-A | zooarch_status=Wild | combined_status=Wild | secondary_zooarch_status=Wild | published=N | chronology_disposition=refused_context_only_unresolved_age_semantics | domestication_disposition=excluded_wild",Arbon Bleiche 3,,,Switzerland,,,,,,Sample-level locality comes directly from the recovered sample source row.
Sus scrofa domesticus,pig,PRJEB30282,prjeb30282:samea5160959,SAMEA5160959,archive_project_sample_accession_anchor,archive_native,final,,Arbon Bleiche 3,direct_sample_site,data/adna/governance/source_library/projects/PRJEB30282/archive_metadata.html || data/adna/governance/source_library/papers/10.1073-pnas.1901169116/supplementary/pnas.1901169116.sd01.xlsx,supplementary_spreadsheet_row,sample_accession:SAMEA5160959 || Sheet1!row1038,"ENA archive metadata identifies sample SAMEA5160959 as Sus scrofa (tax_id 9823). || AA263 | previous_extraction_code=RB471 | mtdna_accession=- | source=Jörg Schibler | museum_or_sample_code=Arbon 8642, D003584 | additional_sample_information=AS Kt. Thurgau | location=Arbon Bleiche 3 | country=Switzerland | radiocarbon_lab=- | uncalibrated_date=- | uncalibrated_error=- | calibrated_from_bp=- | calibrated_to_bp=- | source_age=3384-3370 cal. BC | source_mean_years_bp=5377 | period=Neolithic | group=EUW-A | zooarch_status=Wild | combined_status=Wild | secondary_zooarch_status=Wild | published=N | chronology_disposition=refused_context_only_unresolved_age_semantics | domestication_disposition=excluded_wild",Arbon Bleiche 3,,,Switzerland,,,,,,Sample-level locality comes directly from the recovered sample source row.
Sus scrofa domesticus,pig,PRJEB30282,prjeb30282:samea5160960,SAMEA5160960,archive_project_sample_accession_anchor,archive_native,final,,Arbon Bleiche 3,direct_sample_site,data/adna/governance/source_library/projects/PRJEB30282/archive_metadata.html || data/adna/governance/source_library/papers/10.1073-pnas.1901169116/supplementary/pnas.1901169116.sd01.xlsx,supplementary_spreadsheet_row,sample_accession:SAMEA5160960 || Sheet1!row1040,"ENA archive metadata identifies sample SAMEA5160960 as Sus scrofa (tax_id 9823). || AA265 | previous_extraction_code=RB473 | mtdna_accession=- | source=Jörg Schibler | museum_or_sample_code=Arbon 3886, D003586 | additional_sample_information=AS Kt. Thurgau | location=Arbon Bleiche 3 | country=Switzerland | radiocarbon_lab=- | uncalibrated_date=- | uncalibrated_error=- | calibrated_from_bp=- | calibrated_to_bp=- | source_age=3384-3370 cal. BC | source_mean_years_bp=5337 | period=Late Neolithic | group=EUU-A | zooarch_status=Unknown | combined_status=Unknown | secondary_zooarch_status=Unknown | published=N | chronology_disposition=refused_context_only_unresolved_age_semantics | domestication_disposition=excluded_domestication_unknown",Arbon Bleiche 3,,,Switzerland,,,,,,Sample-level locality comes directly from the recovered sample source row.
Sus scrofa domesticus,pig,PRJEB30282,prjeb30282:samea5160961,SAMEA5160961,archive_project_sample_accession_anchor,archive_native,final,,Basel-Gasfabrik,direct_sample_site,data/adna/governance/source_library/projects/PRJEB30282/archive_metadata.html || data/adna/governance/source_library/papers/10.1073-pnas.1901169116/supplementary/pnas.1901169116.sd01.xlsx,supplementary_spreadsheet_row,sample_accession:SAMEA5160961 || Sheet1!row1043,ENA archive metadata identifies sample SAMEA5160961 as Sus scrofa (tax_id 9823). || AA266 | previous_extraction_code=GL507 | mtdna_accession=KR075788 | source=Jörg Schibler | museum_or_sample_code=1 | additional_sample_information=AS Kt. Basel-Stadt | location=Basel-Gasfabrik | country=Switzerland | radiocarbon_lab=- | uncalibrated_date=- | uncalibrated_error=- | calibrated_from_bp=- | calibrated_to_bp=- | source_age=late 2nd - early 1st century BC | source_mean_years_bp=2000 | period=Late Iron Age | group=EUD-A | zooarch_status=Domestic | combined_status=Domestic | secondary_zooarch_status=Domestic | published=Y | chronology_disposition=refused_context_only_unresolved_age_semantics | domestication_disposition=excluded_unreviewed_domesticated_scope,Basel-Gasfabrik,,,Switzerland,,,,,,Sample-level locality comes directly from the recovered sample source row.
Sus scrofa domesticus,pig,PRJEB30282,prjeb30282:samea5160962,SAMEA5160962,archive_project_sample_accession_anchor,archive_native,final,,"Augusta Raurica, Kastelen",direct_sample_site,data/adna/governance/source_library/projects/PRJEB30282/archive_metadata.html || data/adna/governance/source_library/papers/10.1073-pnas.1901169116/supplementary/pnas.1901169116.sd01.xlsx,supplementary_spreadsheet_row,sample_accession:SAMEA5160962 || Sheet1!row1041,"ENA archive metadata identifies sample SAMEA5160962 as Sus scrofa (tax_id 9823). || AA268 | previous_extraction_code=- | mtdna_accession=- | source=Jörg Schibler | museum_or_sample_code=- | additional_sample_information=M. Augst | location=Augusta Raurica, Kastelen | country=Switzerland | radiocarbon_lab=- | uncalibrated_date=- | uncalibrated_error=- | calibrated_from_bp=- | calibrated_to_bp=- | source_age=1st-3rd century AD | source_mean_years_bp=1800 | period=Roman | group=EUU-A | zooarch_status=Unknown | combined_status=Unknown | secondary_zooarch_status=Unknown | published=N | chronology_disposition=refused_context_only_unresolved_age_semantics | domestication_disposition=excluded_domestication_unknown","Augusta Raurica, Kastelen",,,Switzerland,,,,,,Sample-level locality comes directly from the recovered sample source row.
Sus scrofa domesticus,pig,PRJEB30282,prjeb30282:samea5160963,SAMEA5160963,archive_project_sample_accession_anchor,archive_native,final,,"Augusta Raurica, Kastelen",direct_sample_site,data/adna/governance/source_library/projects/PRJEB30282/archive_metadata.html || data/adna/governance/source_library/papers/10.1073-pnas.1901169116/supplementary/pnas.1901169116.sd01.xlsx,supplementary_spreadsheet_row,sample_accession:SAMEA5160963 || Sheet1!row1042,"ENA archive metadata identifies sample SAMEA5160963 as Sus scrofa (tax_id 9823). || AA269 | previous_extraction_code=- | mtdna_accession=- | source=Jörg Schibler | museum_or_sample_code=- | additional_sample_information=M. Augst | location=Augusta Raurica, Kastelen | country=Switzerland | radiocarbon_lab=- | uncalibrated_date=- | uncalibrated_error=- | calibrated_from_bp=- | calibrated_to_bp=- | source_age=1st-3rd century AD | source_mean_years_bp=1800 | period=Roman | group=EUU-A | zooarch_status=Unknown | combined_status=Unknown | secondary_zooarch_status=Unknown | published=N | chronology_disposition=refused_context_only_unresolved_age_semantics | domestication_disposition=excluded_domestication_unknown","Augusta Raurica, Kastelen",,,Switzerland,,,,,,Sample-level locality comes directly from the recovered sample source row.
Sus scrofa domesticus,pig,PRJEB30282,prjeb30282:samea5160964,SAMEA5160964,archive_project_sample_accession_anchor,archive_native,final,,Casa Solima (Troina),direct_sample_site,data/adna/governance/source_library/projects/PRJEB30282/archive_metadata.html || data/adna/governance/source_library/papers/10.1073-pnas.1901169116/supplementary/pnas.1901169116.sd01.xlsx,supplementary_spreadsheet_row,sample_accession:SAMEA5160964 || Sheet1!row2166,"ENA archive metadata identifies sample SAMEA5160964 as Sus scrofa (tax_id 9823). || AA270 | previous_extraction_code=- | mtdna_accession=- | source=Simon Stoddart | museum_or_sample_code=45/25 | additional_sample_information=Serraferlicchio culture, 636 m asl | location=Casa Solima (Troina) | country=Italy | radiocarbon_lab=- | uncalibrated_date=- | uncalibrated_error=- | calibrated_from_bp=- | calibrated_to_bp=- | source_age=3500 cal. BC | source_mean_years_bp=5500 | period=Chalcolithic | group=EUU-A | zooarch_status=Unknown | combined_status=Unknown | secondary_zooarch_status=Unknown | published=N | chronology_disposition=refused_context_only_unresolved_age_semantics | domestication_disposition=excluded_domestication_unknown",Casa Solima (Troina),,,Italy,,,,,,Sample-level locality comes directly from the recovered sample source row.
Sus scrofa domesticus,pig,PRJEB30282,prjeb30282:samea5160965,SAMEA5160965,archive_project_sample_accession_anchor,archive_native,final,,Casa Solima (Troina),direct_sample_site,data/adna/governance/source_library/projects/PRJEB30282/archive_metadata.html || data/adna/governance/source_library/papers/10.1073-pnas.1901169116/supplementary/pnas.1901169116.sd01.xlsx,supplementary_spreadsheet_row,sample_accession:SAMEA5160965 || Sheet1!row2167,"ENA archive metadata identifies sample SAMEA5160965 as Sus scrofa (tax_id 9823). || AA271 | previous_extraction_code=- | mtdna_accession=- | source=Simon Stoddart | museum_or_sample_code=D002564 CS 16 no.3 | additional_sample_information=Pig Frontal, Serraferlicchio culture, 636 m asl | location=Casa Solima (Troina) | country=Italy | radiocarbon_lab=- | uncalibrated_date=- | uncalibrated_error=- | calibrated_from_bp=- | calibrated_to_bp=- | source_age=3500 cal. BC | source_mean_years_bp=5500 | period=Chalcolithic | group=EUU-A | zooarch_status=Unknown | combined_status=Unknown | secondary_zooarch_status=Unknown | published=N | chronology_disposition=refused_context_only_unresolved_age_semantics | domestication_disposition=excluded_domestication_unknown",Casa Solima (Troina),,,Italy,,,,,,Sample-level locality comes directly from the recovered sample source row.
Sus scrofa domesticus,pig,PRJEB30282,prjeb30282:samea5160966,SAMEA5160966,archive_project_sample_accession_anchor,archive_native,final,,Ulucak Höyük,direct_sample_site,data/adna/governance/source_library/projects/PRJEB30282/archive_metadata.html || data/adna/governance/source_library/papers/10.1073-pnas.1901169116/supplementary/pnas.1901169116.sd01.xlsx,supplementary_spreadsheet_row,sample_accession:SAMEA5160966 || Sheet1!row2123,ENA archive metadata identifies sample SAMEA5160966 as Sus scrofa (tax_id 9823). || AA274 | previous_extraction_code=LG059 | mtdna_accession=- | source=Özlem Çevik | museum_or_sample_code=EEL968 | additional_sample_information=- | location=Ulucak Höyük | country=Turkey | radiocarbon_lab=- | uncalibrated_date=- | uncalibrated_error=- | calibrated_from_bp=- | calibrated_to_bp=- | source_age=~6200-6000 BC | source_mean_years_bp=8100 | period=Neolithic | group=NEU-A | zooarch_status=Unknown | combined_status=Unknown | secondary_zooarch_status=Unknown | published=N | chronology_disposition=refused_context_only_unresolved_age_semantics | domestication_disposition=excluded_domestication_unknown,Ulucak Höyük,,,Turkey,,,,,,Sample-level locality comes directly from the recovered sample source row.
Sus scrofa domesticus,pig,PRJEB30282,prjeb30282:samea5160967,SAMEA5160967,archive_project_sample_accession_anchor,archive_native,final,,Tel Miqne-Ekron,direct_sample_site,data/adna/governance/source_library/projects/PRJEB30282/archive_metadata.html || data/adna/governance/source_library/papers/10.1073-pnas.1901169116/supplementary/pnas.1901169116.sd01.xlsx,supplementary_spreadsheet_row,sample_accession:SAMEA5160967 || Sheet1!row1142,ENA archive metadata identifies sample SAMEA5160967 as Sus scrofa (tax_id 9823). || AA276 | previous_extraction_code=GL446 | mtdna_accession=- | source=Justin Lev-Tov | museum_or_sample_code=4 | additional_sample_information=- | location=Tel Miqne-Ekron | country=Israel | radiocarbon_lab=- | uncalibrated_date=- | uncalibrated_error=- | calibrated_from_bp=- | calibrated_to_bp=- | source_age=VI last 2/3 of C12 BC 4 | source_mean_years_bp=3240 | period=Iron Age | group=NED-A | zooarch_status=Domestic | combined_status=Domestic | secondary_zooarch_status=Domestic | published=N | chronology_disposition=refused_context_only_unresolved_age_semantics | domestication_disposition=excluded_unreviewed_domesticated_scope,Tel Miqne-Ekron,,,Israel,,,,,,Sample-level locality comes directly from the recovered sample source row.
Sus scrofa domesticus,pig,PRJEB30282,prjeb30282:samea5160968,SAMEA5160968,archive_project_sample_accession_anchor,archive_native,final,,Tel Miqne-Ekron,direct_sample_site,data/adna/governance/source_library/projects/PRJEB30282/archive_metadata.html || data/adna/governance/source_library/papers/10.1073-pnas.1901169116/supplementary/pnas.1901169116.sd01.xlsx,supplementary_spreadsheet_row,sample_accession:SAMEA5160968 || Sheet1!row1143,ENA archive metadata identifies sample SAMEA5160968 as Sus scrofa (tax_id 9823). || AA277 | previous_extraction_code=GL449 | mtdna_accession=- | source=Justin Lev-Tov | museum_or_sample_code=1 | additional_sample_information=- | location=Tel Miqne-Ekron | country=Israel | radiocarbon_lab=- | uncalibrated_date=- | uncalibrated_error=- | calibrated_from_bp=- | calibrated_to_bp=- | source_age=V 1st half C11 BC | source_mean_years_bp=1225 | period=Iron Age | group=NED-A | zooarch_status=Domestic | combined_status=Domestic | secondary_zooarch_status=Domestic | published=N | chronology_disposition=refused_context_only_unresolved_age_semantics | domestication_disposition=excluded_unreviewed_domesticated_scope,Tel Miqne-Ekron,,,Israel,,,,,,Sample-level locality comes directly from the recovered sample source row.
Sus scrofa domesticus,pig,PRJEB30282,prjeb30282:samea5160969,SAMEA5160969,archive_project_sample_accession_anchor,archive_native,final,,Montaigle,direct_sample_site,data/adna/governance/source_library/projects/PRJEB30282/archive_metadata.html || data/adna/governance/source_library/papers/10.1073-pnas.1901169116/supplementary/pnas.1901169116.sd01.xlsx,supplementary_spreadsheet_row,sample_accession:SAMEA5160969 || Sheet1!row2170,ENA archive metadata identifies sample SAMEA5160969 as Sus scrofa (tax_id 9823). || AA279 | previous_extraction_code=GL158 | mtdna_accession=KR075788 | source=Sophie Van Poucke | museum_or_sample_code=MO B006 | additional_sample_information=- | location=Montaigle | country=Belgium | radiocarbon_lab=- | uncalibrated_date=- | uncalibrated_error=- | calibrated_from_bp=- | calibrated_to_bp=- | source_age=Late 2nd - 5th Century AD | source_mean_years_bp=1440 | period=Roman | group=EUD-A | zooarch_status=Domestic | combined_status=Domestic | secondary_zooarch_status=Domestic | published=Y | chronology_disposition=refused_context_only_unresolved_age_semantics | domestication_disposition=excluded_unreviewed_domesticated_scope,Montaigle,,,Belgium,,,,,,Sample-level locality comes directly from the recovered sample source row.
Sus scrofa domesticus,pig,PRJEB30282,prjeb30282:samea5160970,SAMEA5160970,archive_project_sample_accession_anchor,archive_native,final,,Londerzeel,direct_sample_site,data/adna/governance/source_library/projects/PRJEB30282/archive_metadata.html || data/adna/governance/source_library/papers/10.1073-pnas.1901169116/supplementary/pnas.1901169116.sd01.xlsx,supplementary_spreadsheet_row,sample_accession:SAMEA5160970 || Sheet1!row356,ENA archive metadata identifies sample SAMEA5160970 as Sus scrofa (tax_id 9823). || AA280 | previous_extraction_code=- | mtdna_accession=- | source=Anton Ervynck | museum_or_sample_code=LM 89.3 | additional_sample_information=MO isol. teeth Early MA 89.3 | location=Londerzeel | country=Belgium | radiocarbon_lab=- | uncalibrated_date=- | uncalibrated_error=- | calibrated_from_bp=- | calibrated_to_bp=- | source_age=end 13th- early 14th c. AD | source_mean_years_bp=700 | period=Late Medieval | group=EUD-A | zooarch_status=Domestic | combined_status=Domestic | secondary_zooarch_status=Domestic | published=N | chronology_disposition=refused_context_only_unresolved_age_semantics | domestication_disposition=excluded_unreviewed_domesticated_scope,Londerzeel,,,Belgium,,,,,,Sample-level locality comes directly from the recovered sample source row.
Sus scrofa domesticus,pig,PRJEB30282,prjeb30282:samea5160971,SAMEA5160971,archive_project_sample_accession_anchor,archive_native,final,,Londerzeel,direct_sample_site,data/adna/governance/source_library/projects/PRJEB30282/archive_metadata.html || data/adna/governance/source_library/papers/10.1073-pnas.1901169116/supplementary/pnas.1901169116.sd01.xlsx,supplementary_spreadsheet_row,sample_accession:SAMEA5160971 || Sheet1!row357,ENA archive metadata identifies sample SAMEA5160971 as Sus scrofa (tax_id 9823). || AA281 | previous_extraction_code=- | mtdna_accession=- | source=Anton Ervynck | museum_or_sample_code=LM 85.15 | additional_sample_information=MO isol. Teeth. Early MA 85.15 | location=Londerzeel | country=Belgium | radiocarbon_lab=- | uncalibrated_date=- | uncalibrated_error=- | calibrated_from_bp=- | calibrated_to_bp=- | source_age=end 13th- early 14th c. AD | source_mean_years_bp=700 | period=Late Medieval | group=EUD-A | zooarch_status=Domestic | combined_status=Domestic | secondary_zooarch_status=Domestic | published=N | chronology_disposition=refused_context_only_unresolved_age_semantics | domestication_disposition=excluded_unreviewed_domesticated_scope,Londerzeel,,,Belgium,,,,,,Sample-level locality comes directly from the recovered sample source row.
Sus scrofa domesticus,pig,PRJEB30282,prjeb30282:samea5160972,SAMEA5160972,archive_project_sample_accession_anchor,archive_native,final,,Oudenburg,direct_sample_site,data/adna/governance/source_library/projects/PRJEB30282/archive_metadata.html || data/adna/governance/source_library/papers/10.1073-pnas.1901169116/supplementary/pnas.1901169116.sd01.xlsx,supplementary_spreadsheet_row,sample_accession:SAMEA5160972 || Sheet1!row359,ENA archive metadata identifies sample SAMEA5160972 as Sus scrofa (tax_id 9823). || AA283 | previous_extraction_code=GL825 | mtdna_accession=- | source=Anton Ervynck | museum_or_sample_code=OUD SPEG 2000D | additional_sample_information=- | location=Oudenburg | country=Belgium | radiocarbon_lab=- | uncalibrated_date=- | uncalibrated_error=- | calibrated_from_bp=- | calibrated_to_bp=- | source_age=late 2nd - early 5th c. AD | source_mean_years_bp=1440 | period=Late Roman/Early Medieval | group=EUD-A | zooarch_status=Domestic | combined_status=Domestic | secondary_zooarch_status=Domestic | published=Y | chronology_disposition=refused_context_only_unresolved_age_semantics | domestication_disposition=excluded_unreviewed_domesticated_scope,Oudenburg,,,Belgium,,,,,,Sample-level locality comes directly from the recovered sample source row.
Sus scrofa domesticus,pig,PRJEB30282,prjeb30282:samea5160973,SAMEA5160973,archive_project_sample_accession_anchor,archive_native,final,,Oudenburg,direct_sample_site,data/adna/governance/source_library/projects/PRJEB30282/archive_metadata.html || data/adna/governance/source_library/papers/10.1073-pnas.1901169116/supplementary/pnas.1901169116.sd01.xlsx,supplementary_spreadsheet_row,sample_accession:SAMEA5160973 || Sheet1!row360,ENA archive metadata identifies sample SAMEA5160973 as Sus scrofa (tax_id 9823). || AA284 | previous_extraction_code=- | mtdna_accession=- | source=Anton Ervynck | museum_or_sample_code=OUD SPEG 2000E | additional_sample_information=- | location=Oudenburg | country=Belgium | radiocarbon_lab=- | uncalibrated_date=- | uncalibrated_error=- | calibrated_from_bp=- | calibrated_to_bp=- | source_age=late 2nd - early 5th c. AD | source_mean_years_bp=1440 | period=Late Roman/Early Medieval | group=EUD-A | zooarch_status=Domestic | combined_status=Domestic | secondary_zooarch_status=Domestic | published=N | chronology_disposition=refused_context_only_unresolved_age_semantics | domestication_disposition=excluded_unreviewed_domesticated_scope,Oudenburg,,,Belgium,,,,,,Sample-level locality comes directly from the recovered sample source row.
Sus scrofa domesticus,pig,PRJEB30282,prjeb30282:samea5160974,SAMEA5160974,archive_project_sample_accession_anchor,archive_native,final,,Oudenburg,direct_sample_site,data/adna/governance/source_library/projects/PRJEB30282/archive_metadata.html || data/adna/governance/source_library/papers/10.1073-pnas.1901169116/supplementary/pnas.1901169116.sd01.xlsx,supplementary_spreadsheet_row,sample_accession:SAMEA5160974 || Sheet1!row361,ENA archive metadata identifies sample SAMEA5160974 as Sus scrofa (tax_id 9823). || AA285 | previous_extraction_code=- | mtdna_accession=- | source=Anton Ervynck | museum_or_sample_code=OUD SPEG 2000G | additional_sample_information=- | location=Oudenburg | country=Belgium | radiocarbon_lab=- | uncalibrated_date=- | uncalibrated_error=- | calibrated_from_bp=- | calibrated_to_bp=- | source_age=late 2nd - early 5th c. AD | source_mean_years_bp=1440 | period=Late Roman/Early Medieval | group=EUD-A | zooarch_status=Domestic | combined_status=Domestic | secondary_zooarch_status=Domestic | published=N | chronology_disposition=refused_context_only_unresolved_age_semantics | domestication_disposition=excluded_unreviewed_domesticated_scope,Oudenburg,,,Belgium,,,,,,Sample-level locality comes directly from the recovered sample source row.
Sus scrofa domesticus,pig,PRJEB30282,prjeb30282:samea5160975,SAMEA5160975,archive_project_sample_accession_anchor,archive_native,final,,Oudenburg,direct_sample_site,data/adna/governance/source_library/projects/PRJEB30282/archive_metadata.html || data/adna/governance/source_library/papers/10.1073-pnas.1901169116/supplementary/pnas.1901169116.sd01.xlsx,supplementary_spreadsheet_row,sample_accession:SAMEA5160975 || Sheet1!row362,ENA archive metadata identifies sample SAMEA5160975 as Sus scrofa (tax_id 9823). || AA286 | previous_extraction_code=- | mtdna_accession=- | source=Anton Ervynck | museum_or_sample_code=OUD SPEG 4000F | additional_sample_information=- | location=Oudenburg | country=Belgium | radiocarbon_lab=- | uncalibrated_date=- | uncalibrated_error=- | calibrated_from_bp=- | calibrated_to_bp=- | source_age=late 2nd - early 5th c. AD | source_mean_years_bp=1440 | period=Late Roman/Early Medieval | group=EUD-A | zooarch_status=Domestic | combined_status=Domestic | secondary_zooarch_status=Domestic | published=N | chronology_disposition=refused_context_only_unresolved_age_semantics | domestication_disposition=excluded_unreviewed_domesticated_scope,Oudenburg,,,Belgium,,,,,,Sample-level locality comes directly from the recovered sample source row.
Sus scrofa domesticus,pig,PRJEB30282,prjeb30282:samea5160976,SAMEA5160976,archive_project_sample_accession_anchor,archive_native,final,,Oulens,direct_sample_site,data/adna/governance/source_library/projects/PRJEB30282/archive_metadata.html || data/adna/governance/source_library/papers/10.1073-pnas.1901169116/supplementary/pnas.1901169116.sd01.xlsx,supplementary_spreadsheet_row,sample_accession:SAMEA5160976 || Sheet1!row983,ENA archive metadata identifies sample SAMEA5160976 as Sus scrofa (tax_id 9823). || AA287 | previous_extraction_code=GL490 | mtdna_accession=DQ873158 | source=Jean-Denis Vigne / Daniel Helmer | museum_or_sample_code=BO88-P17-Ch6 | additional_sample_information=Cardial | location=Oulens | country=France | radiocarbon_lab=AA-62269 | uncalibrated_date=6185 | uncalibrated_error=68 | calibrated_from_bp=7256 | calibrated_to_bp=6913 | source_age=- | source_mean_years_bp=7085 | period=Early Neolithic | group=EUW-A | zooarch_status=Wild | combined_status=Wild | secondary_zooarch_status=Wild | published=Y | chronology_disposition=refused_context_only_unresolved_age_semantics | domestication_disposition=excluded_wild,Oulens,,,France,,,,,,Sample-level locality comes directly from the recovered sample source row.
Sus scrofa domesticus,pig,PRJEB30282,prjeb30282:samea5160977,SAMEA5160977,archive_project_sample_accession_anchor,archive_native,final,,Oulens,direct_sample_site,data/adna/governance/source_library/projects/PRJEB30282/archive_metadata.html || data/adna/governance/source_library/papers/10.1073-pnas.1901169116/supplementary/pnas.1901169116.sd01.xlsx,supplementary_spreadsheet_row,sample_accession:SAMEA5160977 || Sheet1!row984,ENA archive metadata identifies sample SAMEA5160977 as Sus scrofa (tax_id 9823). || AA288 | previous_extraction_code=GL491 | mtdna_accession=DQ873159 | source=Jean-Denis Vigne / Daniel Helmer | museum_or_sample_code=BO86-O14-6A | additional_sample_information=Cardial | location=Oulens | country=France | radiocarbon_lab=AA-62268 | uncalibrated_date=6361 | uncalibrated_error=66 | calibrated_from_bp=7421 | calibrated_to_bp=7173 | source_age=- | source_mean_years_bp=7297 | period=Early Neolithic | group=EUD-A | zooarch_status=Domestic | combined_status=Domestic | secondary_zooarch_status=Domestic | published=Y | chronology_disposition=refused_context_only_unresolved_age_semantics | domestication_disposition=excluded_unreviewed_domesticated_scope,Oulens,,,France,,,,,,Sample-level locality comes directly from the recovered sample source row.
Sus scrofa domesticus,pig,PRJEB30282,prjeb30282:samea5160978,SAMEA5160978,archive_project_sample_accession_anchor,archive_native,final,,Ajvide,direct_sample_site,data/adna/governance/source_library/projects/PRJEB30282/archive_metadata.html || data/adna/governance/source_library/papers/10.1073-pnas.1901169116/supplementary/pnas.1901169116.sd01.xlsx,supplementary_spreadsheet_row,sample_accession:SAMEA5160978 || Sheet1!row968,ENA archive metadata identifies sample SAMEA5160978 as Sus scrofa (tax_id 9823). || AA290 | previous_extraction_code=GL453 | mtdna_accession=KR075788 | source=Göran Burenhul/Inger Österholm | museum_or_sample_code=2 | additional_sample_information=- | location=Ajvide | country=Sweden | radiocarbon_lab=- | uncalibrated_date=- | uncalibrated_error=- | calibrated_from_bp=- | calibrated_to_bp=- | source_age=2800-2500 cal. BC | source_mean_years_bp=4650 | period=Middle Neolithic | group=EUU-A | zooarch_status=Unknown | combined_status=Unknown | secondary_zooarch_status=Unknown | published=Y | chronology_disposition=refused_context_only_unresolved_age_semantics | domestication_disposition=excluded_domestication_unknown,Ajvide,,,Sweden,,,,,,Sample-level locality comes directly from the recovered sample source row.
Sus scrofa domesticus,pig,PRJEB30282,prjeb30282:samea5160979,SAMEA5160979,archive_project_sample_accession_anchor,archive_native,final,,Ajvide,direct_sample_site,data/adna/governance/source_library/projects/PRJEB30282/archive_metadata.html || data/adna/governance/source_library/papers/10.1073-pnas.1901169116/supplementary/pnas.1901169116.sd01.xlsx,supplementary_spreadsheet_row,sample_accession:SAMEA5160979 || Sheet1!row969,ENA archive metadata identifies sample SAMEA5160979 as Sus scrofa (tax_id 9823). || AA291 | previous_extraction_code=GL459 | mtdna_accession=KR075788 | source=Göran Burenhul/Inger Österholm | museum_or_sample_code=6 | additional_sample_information=- | location=Ajvide | country=Sweden | radiocarbon_lab=- | uncalibrated_date=- | uncalibrated_error=- | calibrated_from_bp=- | calibrated_to_bp=- | source_age=2800-2500 cal. BC | source_mean_years_bp=4650 | period=Middle Neolithic | group=EUU-A | zooarch_status=Unknown | combined_status=Unknown | secondary_zooarch_status=Unknown | published=Y | chronology_disposition=refused_context_only_unresolved_age_semantics | domestication_disposition=excluded_domestication_unknown,Ajvide,,,Sweden,,,,,,Sample-level locality comes directly from the recovered sample source row.
Sus scrofa domesticus,pig,PRJEB30282,prjeb30282:samea5160980,SAMEA5160980,archive_project_sample_accession_anchor,archive_native,final,,Ajvide,direct_sample_site,data/adna/governance/source_library/projects/PRJEB30282/archive_metadata.html || data/adna/governance/source_library/papers/10.1073-pnas.1901169116/supplementary/pnas.1901169116.sd01.xlsx,supplementary_spreadsheet_row,sample_accession:SAMEA5160980 || Sheet1!row970,ENA archive metadata identifies sample SAMEA5160980 as Sus scrofa (tax_id 9823). || AA292 | previous_extraction_code=GL474 | mtdna_accession=KR075788 | source=Göran Burenhul/Inger Österholm | museum_or_sample_code=5 | additional_sample_information=- | location=Ajvide | country=Sweden | radiocarbon_lab=- | uncalibrated_date=- | uncalibrated_error=- | calibrated_from_bp=- | calibrated_to_bp=- | source_age=2800-2500 cal. BC | source_mean_years_bp=4650 | period=Middle Neolithic | group=EUU-A | zooarch_status=Unknown | combined_status=Unknown | secondary_zooarch_status=Unknown | published=Y | chronology_disposition=refused_context_only_unresolved_age_semantics | domestication_disposition=excluded_domestication_unknown,Ajvide,,,Sweden,,,,,,Sample-level locality comes directly from the recovered sample source row.
Sus scrofa domesticus,pig,PRJEB30282,prjeb30282:samea5160981,SAMEA5160981,archive_project_sample_accession_anchor,archive_native,final,,Ajvide,direct_sample_site,data/adna/governance/source_library/projects/PRJEB30282/archive_metadata.html || data/adna/governance/source_library/papers/10.1073-pnas.1901169116/supplementary/pnas.1901169116.sd01.xlsx,supplementary_spreadsheet_row,sample_accession:SAMEA5160981 || Sheet1!row971,ENA archive metadata identifies sample SAMEA5160981 as Sus scrofa (tax_id 9823). || AA293 | previous_extraction_code=GL488 | mtdna_accession=KR075788 | source=Göran Burenhul/Inger Österholm | museum_or_sample_code=4 | additional_sample_information=- | location=Ajvide | country=Sweden | radiocarbon_lab=- | uncalibrated_date=- | uncalibrated_error=- | calibrated_from_bp=- | calibrated_to_bp=- | source_age=2800-2500 cal. BC | source_mean_years_bp=4650 | period=Middle Neolithic | group=EUU-A | zooarch_status=Unknown | combined_status=Unknown | secondary_zooarch_status=Unknown | published=Y | chronology_disposition=refused_context_only_unresolved_age_semantics | domestication_disposition=excluded_domestication_unknown,Ajvide,,,Sweden,,,,,,Sample-level locality comes directly from the recovered sample source row.
Sus scrofa domesticus,pig,PRJEB30282,prjeb30282:samea5160982,SAMEA5160982,archive_project_sample_accession_anchor,archive_native,final,,Le Taï (Grotte du Tai),direct_sample_site,data/adna/governance/source_library/projects/PRJEB30282/archive_metadata.html || data/adna/governance/source_library/papers/10.1073-pnas.1901169116/supplementary/pnas.1901169116.sd01.xlsx,supplementary_spreadsheet_row,sample_accession:SAMEA5160982 || Sheet1!row981,"ENA archive metadata identifies sample SAMEA5160982 as Sus scrofa (tax_id 9823). || AA294 | previous_extraction_code=GL1145 | mtdna_accession=- | source=Jean-Denis Vigne / Allowen Evin | museum_or_sample_code=Tai Sus 1, L15 AN43 d39 | additional_sample_information=Epicardial | location=Le Taï (Grotte du Tai) | country=France | radiocarbon_lab=- | uncalibrated_date=- | uncalibrated_error=- | calibrated_from_bp=- | calibrated_to_bp=- | source_age=5300 to 5100 cal. BC | source_mean_years_bp=7200 | period=Early Neolithic | group=EUU-A | zooarch_status=Unknown | combined_status=Unknown | secondary_zooarch_status=Unknown | published=N | chronology_disposition=refused_context_only_unresolved_age_semantics | domestication_disposition=excluded_domestication_unknown",Le Taï (Grotte du Tai),,,France,,,,,,Sample-level locality comes directly from the recovered sample source row.
Sus scrofa domesticus,pig,PRJEB30282,prjeb30282:samea5160983,SAMEA5160983,archive_project_sample_accession_anchor,archive_native,final,,Le Taï (Grotte du Tai),direct_sample_site,data/adna/governance/source_library/projects/PRJEB30282/archive_metadata.html || data/adna/governance/source_library/papers/10.1073-pnas.1901169116/supplementary/pnas.1901169116.sd01.xlsx,supplementary_spreadsheet_row,sample_accession:SAMEA5160983 || Sheet1!row982,"ENA archive metadata identifies sample SAMEA5160983 as Sus scrofa (tax_id 9823). || AA295 | previous_extraction_code=GL1146 | mtdna_accession=- | source=Jean-Denis Vigne / Allowen Evin | museum_or_sample_code=Tai Sus 2, J15 AN35 d12 | additional_sample_information=Epicardial | location=Le Taï (Grotte du Tai) | country=France | radiocarbon_lab=- | uncalibrated_date=- | uncalibrated_error=- | calibrated_from_bp=- | calibrated_to_bp=- | source_age=5300 to 5100 cal. BC | source_mean_years_bp=7200 | period=Early Neolithic | group=EUU-A | zooarch_status=Unknown | combined_status=Unknown | secondary_zooarch_status=Unknown | published=N | chronology_disposition=refused_context_only_unresolved_age_semantics | domestication_disposition=excluded_domestication_unknown",Le Taï (Grotte du Tai),,,France,,,,,,Sample-level locality comes directly from the recovered sample source row.
Sus scrofa domesticus,pig,PRJEB30282,prjeb30282:samea5160984,SAMEA5160984,archive_project_sample_accession_anchor,archive_native,final,,Boulancourt,direct_sample_site,data/adna/governance/source_library/projects/PRJEB30282/archive_metadata.html || data/adna/governance/source_library/papers/10.1073-pnas.1901169116/supplementary/pnas.1901169116.sd01.xlsx,supplementary_spreadsheet_row,sample_accession:SAMEA5160984 || Sheet1!row26,"ENA archive metadata identifies sample SAMEA5160984 as Sus scrofa (tax_id 9823). || AA297 | previous_extraction_code=GL1028 | mtdna_accession=KR075788 | source=Adrian Balasescu/Jean-Denis Vigne | museum_or_sample_code=FR2 | additional_sample_information=section 33, square A8, exterieur pit | location=Boulancourt | country=France | radiocarbon_lab=- | uncalibrated_date=- | uncalibrated_error=- | calibrated_from_bp=- | calibrated_to_bp=- | source_age=ca. 900-800 cal. BC | source_mean_years_bp=2850 | period=Final Bronze Age IIIb | group=EUD-A | zooarch_status=Domestic | combined_status=Domestic | secondary_zooarch_status=Domestic | published=Y | chronology_disposition=refused_context_only_unresolved_age_semantics | domestication_disposition=excluded_unreviewed_domesticated_scope",Boulancourt,,,France,,,,,,Sample-level locality comes directly from the recovered sample source row.
Sus scrofa domesticus,pig,PRJEB30282,prjeb30282:samea5160985,SAMEA5160985,archive_project_sample_accession_anchor,archive_native,final,,Boulancourt,direct_sample_site,data/adna/governance/source_library/projects/PRJEB30282/archive_metadata.html || data/adna/governance/source_library/papers/10.1073-pnas.1901169116/supplementary/pnas.1901169116.sd01.xlsx,supplementary_spreadsheet_row,sample_accession:SAMEA5160985 || Sheet1!row27,"ENA archive metadata identifies sample SAMEA5160985 as Sus scrofa (tax_id 9823). || AA298 | previous_extraction_code=- | mtdna_accession=- | source=Adrian Balasescu/Jean-Denis Vigne | museum_or_sample_code=FR3 | additional_sample_information=section 25, square J2, exterieur pit | location=Boulancourt | country=France | radiocarbon_lab=- | uncalibrated_date=- | uncalibrated_error=- | calibrated_from_bp=- | calibrated_to_bp=- | source_age=ca. 900-800 cal. BC | source_mean_years_bp=2850 | period=Final Bronze Age IIIb | group=EUD-A | zooarch_status=Domestic | combined_status=Domestic | secondary_zooarch_status=Domestic | published=N | chronology_disposition=refused_context_only_unresolved_age_semantics | domestication_disposition=excluded_unreviewed_domesticated_scope",Boulancourt,,,France,,,,,,Sample-level locality comes directly from the recovered sample source row.
Sus scrofa domesticus,pig,PRJEB30282,prjeb30282:samea5160986,SAMEA5160986,archive_project_sample_accession_anchor,archive_native,final,,Boulancourt,direct_sample_site,data/adna/governance/source_library/projects/PRJEB30282/archive_metadata.html || data/adna/governance/source_library/papers/10.1073-pnas.1901169116/supplementary/pnas.1901169116.sd01.xlsx,supplementary_spreadsheet_row,sample_accession:SAMEA5160986 || Sheet1!row28,"ENA archive metadata identifies sample SAMEA5160986 as Sus scrofa (tax_id 9823). || AA299 | previous_extraction_code=- | mtdna_accession=- | source=Adrian Balasescu/Jean-Denis Vigne | museum_or_sample_code=FR4 | additional_sample_information=section 27, square J7, exterieur pit | location=Boulancourt | country=France | radiocarbon_lab=- | uncalibrated_date=- | uncalibrated_error=- | calibrated_from_bp=- | calibrated_to_bp=- | source_age=ca. 900-800 cal. BC | source_mean_years_bp=2850 | period=Final Bronze Age IIIb | group=EUD-A | zooarch_status=Domestic | combined_status=Domestic | secondary_zooarch_status=Domestic | published=N | chronology_disposition=refused_context_only_unresolved_age_semantics | domestication_disposition=excluded_unreviewed_domesticated_scope",Boulancourt,,,France,,,,,,Sample-level locality comes directly from the recovered sample source row.
Sus scrofa domesticus,pig,PRJEB30282,prjeb30282:samea5160987,SAMEA5160987,archive_project_sample_accession_anchor,archive_native,final,,Boulancourt,direct_sample_site,data/adna/governance/source_library/projects/PRJEB30282/archive_metadata.html || data/adna/governance/source_library/papers/10.1073-pnas.1901169116/supplementary/pnas.1901169116.sd01.xlsx,supplementary_spreadsheet_row,sample_accession:SAMEA5160987 || Sheet1!row29,"ENA archive metadata identifies sample SAMEA5160987 as Sus scrofa (tax_id 9823). || AA300 | previous_extraction_code=- | mtdna_accession=- | source=Adrian Balasescu/Jean-Denis Vigne | museum_or_sample_code=FR5 | additional_sample_information=section 27, square J10, exterieur pit | location=Boulancourt | country=France | radiocarbon_lab=- | uncalibrated_date=- | uncalibrated_error=- | calibrated_from_bp=- | calibrated_to_bp=- | source_age=ca. 900-800 cal. BC | source_mean_years_bp=2850 | period=Final Bronze Age IIIb | group=EUD-A | zooarch_status=Domestic | combined_status=Domestic | secondary_zooarch_status=Domestic | published=N | chronology_disposition=refused_context_only_unresolved_age_semantics | domestication_disposition=excluded_unreviewed_domesticated_scope",Boulancourt,,,France,,,,,,Sample-level locality comes directly from the recovered sample source row.
Sus scrofa domesticus,pig,PRJEB30282,prjeb30282:samea5160988,SAMEA5160988,archive_project_sample_accession_anchor,archive_native,final,,Coppergate,direct_sample_site,data/adna/governance/source_library/projects/PRJEB30282/archive_metadata.html || data/adna/governance/source_library/papers/10.1073-pnas.1901169116/supplementary/pnas.1901169116.sd01.xlsx,supplementary_spreadsheet_row,sample_accession:SAMEA5160988 || Sheet1!row2227,"ENA archive metadata identifies sample SAMEA5160988 as Sus scrofa (tax_id 9823). || AA301 | previous_extraction_code=GL530 | mtdna_accession=KR075788 | source=Umberto Albarella | museum_or_sample_code=25, No.2 4620 | additional_sample_information=- | location=Coppergate | country=England | radiocarbon_lab=- | uncalibrated_date=- | uncalibrated_error=- | calibrated_from_bp=- | calibrated_to_bp=- | source_age=1st-5th cent AD | source_mean_years_bp=1800 | period=Roman | group=EUD-A | zooarch_status=Domestic | combined_status=Domestic | secondary_zooarch_status=Domestic | published=Y | chronology_disposition=refused_context_only_unresolved_age_semantics | domestication_disposition=excluded_unreviewed_domesticated_scope",Coppergate,,,England,,,,,,Sample-level locality comes directly from the recovered sample source row.
Sus scrofa domesticus,pig,PRJEB30282,prjeb30282:samea5160989,SAMEA5160989,archive_project_sample_accession_anchor,archive_native,final,,Coppergate,direct_sample_site,data/adna/governance/source_library/projects/PRJEB30282/archive_metadata.html || data/adna/governance/source_library/papers/10.1073-pnas.1901169116/supplementary/pnas.1901169116.sd01.xlsx,supplementary_spreadsheet_row,sample_accession:SAMEA5160989 || Sheet1!row2228,"ENA archive metadata identifies sample SAMEA5160989 as Sus scrofa (tax_id 9823). || AA302 | previous_extraction_code=GL531 | mtdna_accession=KR075788 | source=Umberto Albarella | museum_or_sample_code=27, No.4 4620 | additional_sample_information=- | location=Coppergate | country=England | radiocarbon_lab=- | uncalibrated_date=- | uncalibrated_error=- | calibrated_from_bp=- | calibrated_to_bp=- | source_age=1st-5th cent AD | source_mean_years_bp=1800 | period=Roman | group=EUD-A | zooarch_status=Domestic | combined_status=Domestic | secondary_zooarch_status=Domestic | published=Y | chronology_disposition=refused_context_only_unresolved_age_semantics | domestication_disposition=excluded_unreviewed_domesticated_scope",Coppergate,,,England,,,,,,Sample-level locality comes directly from the recovered sample source row.
Sus scrofa domesticus,pig,PRJEB30282,prjeb30282:samea5160990,SAMEA5160990,archive_project_sample_accession_anchor,archive_native,final,,Swinegate,direct_sample_site,data/adna/governance/source_library/projects/PRJEB30282/archive_metadata.html || data/adna/governance/source_library/papers/10.1073-pnas.1901169116/supplementary/pnas.1901169116.sd01.xlsx,supplementary_spreadsheet_row,sample_accession:SAMEA5160990 || Sheet1!row2232,ENA archive metadata identifies sample SAMEA5160990 as Sus scrofa (tax_id 9823). || AA303 | previous_extraction_code=GL532 | mtdna_accession=DQ873137 | source=Umberto Albarella | museum_or_sample_code=4014 AB3 1990.1 | additional_sample_information=- | location=Swinegate | country=England | radiocarbon_lab=- | uncalibrated_date=- | uncalibrated_error=- | calibrated_from_bp=- | calibrated_to_bp=- | source_age=1st-5th cent AD | source_mean_years_bp=1800 | period=Roman | group=EUD-A | zooarch_status=Domestic | combined_status=Domestic | secondary_zooarch_status=Domestic | published=Y | chronology_disposition=refused_context_only_unresolved_age_semantics | domestication_disposition=excluded_unreviewed_domesticated_scope,Swinegate,,,England,,,,,,Sample-level locality comes directly from the recovered sample source row.
Sus scrofa domesticus,pig,PRJEB30282,prjeb30282:samea5160991,SAMEA5160991,archive_project_sample_accession_anchor,archive_native,final,,Swinegate,direct_sample_site,data/adna/governance/source_library/projects/PRJEB30282/archive_metadata.html || data/adna/governance/source_library/papers/10.1073-pnas.1901169116/supplementary/pnas.1901169116.sd01.xlsx,supplementary_spreadsheet_row,sample_accession:SAMEA5160991 || Sheet1!row2233,ENA archive metadata identifies sample SAMEA5160991 as Sus scrofa (tax_id 9823). || AA304 | previous_extraction_code=GL533 | mtdna_accession=DQ873138 | source=Umberto Albarella | museum_or_sample_code=4086 AB6 1990.1 | additional_sample_information=- | location=Swinegate | country=England | radiocarbon_lab=- | uncalibrated_date=- | uncalibrated_error=- | calibrated_from_bp=- | calibrated_to_bp=- | source_age=1st-5th cent AD | source_mean_years_bp=1800 | period=Roman | group=EUD-A | zooarch_status=Domestic | combined_status=Domestic | secondary_zooarch_status=Domestic | published=Y | chronology_disposition=refused_context_only_unresolved_age_semantics | domestication_disposition=excluded_unreviewed_domesticated_scope,Swinegate,,,England,,,,,,Sample-level locality comes directly from the recovered sample source row.
Sus scrofa domesticus,pig,PRJEB30282,prjeb30282:samea5160992,SAMEA5160992,archive_project_sample_accession_anchor,archive_native,final,,Bademağacı Höyük,direct_sample_site,data/adna/governance/source_library/projects/PRJEB30282/archive_metadata.html || data/adna/governance/source_library/papers/10.1073-pnas.1901169116/supplementary/pnas.1901169116.sd01.xlsx,supplementary_spreadsheet_row,sample_accession:SAMEA5160992 || Sheet1!row450,"ENA archive metadata identifies sample SAMEA5160992 as Sus scrofa (tax_id 9823). || AA305 | previous_extraction_code=LG025 | mtdna_accession=- | source=Bea de Cupere | museum_or_sample_code=ENI-7, BADEM-3 | additional_sample_information=- | location=Bademağacı Höyük | country=Turkey | radiocarbon_lab=- | uncalibrated_date=- | uncalibrated_error=- | calibrated_from_bp=- | calibrated_to_bp=- | source_age=7,000-6,000 BC | source_mean_years_bp=8500 | period=Neolithic | group=NED-A | zooarch_status=Domestic | combined_status=Domestic | secondary_zooarch_status=Domestic | published=N | chronology_disposition=refused_context_only_unresolved_age_semantics | domestication_disposition=excluded_unreviewed_domesticated_scope",Bademağacı Höyük,,,Turkey,,,,,,Sample-level locality comes directly from the recovered sample source row.
Sus scrofa domesticus,pig,PRJEB30282,prjeb30282:samea5160993,SAMEA5160993,archive_project_sample_accession_anchor,archive_native,final,,Bademağacı Höyük,direct_sample_site,data/adna/governance/source_library/projects/PRJEB30282/archive_metadata.html || data/adna/governance/source_library/papers/10.1073-pnas.1901169116/supplementary/pnas.1901169116.sd01.xlsx,supplementary_spreadsheet_row,sample_accession:SAMEA5160993 || Sheet1!row451,"ENA archive metadata identifies sample SAMEA5160993 as Sus scrofa (tax_id 9823). || AA306 | previous_extraction_code=LG026 | mtdna_accession=- | source=Bea de Cupere | museum_or_sample_code=ENII-4A, BADEM-4 | additional_sample_information=- | location=Bademağacı Höyük | country=Turkey | radiocarbon_lab=- | uncalibrated_date=- | uncalibrated_error=- | calibrated_from_bp=- | calibrated_to_bp=- | source_age=7,000-6,000 BC | source_mean_years_bp=8500 | period=Neolithic | group=NED-A | zooarch_status=Domestic | combined_status=Domestic | secondary_zooarch_status=Domestic | published=N | chronology_disposition=refused_context_only_unresolved_age_semantics | domestication_disposition=excluded_unreviewed_domesticated_scope",Bademağacı Höyük,,,Turkey,,,,,,Sample-level locality comes directly from the recovered sample source row.
Sus scrofa domesticus,pig,PRJEB30282,prjeb30282:samea5160994,SAMEA5160994,archive_project_sample_accession_anchor,archive_native,final,,Bademağacı Höyük,direct_sample_site,data/adna/governance/source_library/projects/PRJEB30282/archive_metadata.html || data/adna/governance/source_library/papers/10.1073-pnas.1901169116/supplementary/pnas.1901169116.sd01.xlsx,supplementary_spreadsheet_row,sample_accession:SAMEA5160994 || Sheet1!row453,"ENA archive metadata identifies sample SAMEA5160994 as Sus scrofa (tax_id 9823). || AA309 | previous_extraction_code=LG029 | mtdna_accession=- | source=Bea de Cupere | museum_or_sample_code=ENII-3, BADEM-11 | additional_sample_information=- | location=Bademağacı Höyük | country=Turkey | radiocarbon_lab=- | uncalibrated_date=- | uncalibrated_error=- | calibrated_from_bp=- | calibrated_to_bp=- | source_age=7,000-6,000 BC | source_mean_years_bp=8500 | period=Neolithic | group=NED-A | zooarch_status=Domestic | combined_status=Domestic | secondary_zooarch_status=Domestic | published=N | chronology_disposition=refused_context_only_unresolved_age_semantics | domestication_disposition=excluded_unreviewed_domesticated_scope",Bademağacı Höyük,,,Turkey,,,,,,Sample-level locality comes directly from the recovered sample source row.
Sus scrofa domesticus,pig,PRJEB30282,prjeb30282:samea5160995,SAMEA5160995,archive_project_sample_accession_anchor,archive_native,final,,Bademağacı Höyük,direct_sample_site,data/adna/governance/source_library/projects/PRJEB30282/archive_metadata.html || data/adna/governance/source_library/papers/10.1073-pnas.1901169116/supplementary/pnas.1901169116.sd01.xlsx,supplementary_spreadsheet_row,sample_accession:SAMEA5160995 || Sheet1!row454,"ENA archive metadata identifies sample SAMEA5160995 as Sus scrofa (tax_id 9823). || AA310 | previous_extraction_code=LG030 | mtdna_accession=- | source=Bea de Cupere | museum_or_sample_code=ENII-3, BADEM-12 | additional_sample_information=- | location=Bademağacı Höyük | country=Turkey | radiocarbon_lab=- | uncalibrated_date=- | uncalibrated_error=- | calibrated_from_bp=- | calibrated_to_bp=- | source_age=7,000-6,000 BC | source_mean_years_bp=8500 | period=Neolithic | group=NED-A | zooarch_status=Domestic | combined_status=Domestic | secondary_zooarch_status=Domestic | published=N | chronology_disposition=refused_context_only_unresolved_age_semantics | domestication_disposition=excluded_unreviewed_domesticated_scope",Bademağacı Höyük,,,Turkey,,,,,,Sample-level locality comes directly from the recovered sample source row.
Sus scrofa domesticus,pig,PRJEB30282,prjeb30282:samea5160996,SAMEA5160996,archive_project_sample_accession_anchor,archive_native,final,,Göbekli Tepe,direct_sample_site,data/adna/governance/source_library/projects/PRJEB30282/archive_metadata.html || data/adna/governance/source_library/papers/10.1073-pnas.1901169116/supplementary/pnas.1901169116.sd01.xlsx,supplementary_spreadsheet_row,sample_accession:SAMEA5160996 || Sheet1!row1111,"ENA archive metadata identifies sample SAMEA5160996 as Sus scrofa (tax_id 9823). || AA317 | previous_extraction_code=LG045 | mtdna_accession=- | source=Joris Peters | museum_or_sample_code=GOB_03, GTW M-115, S2 1.1 50/46 | additional_sample_information=- | location=Göbekli Tepe | country=Turkey | radiocarbon_lab=- | uncalibrated_date=- | uncalibrated_error=- | calibrated_from_bp=- | calibrated_to_bp=- | source_age=insecure / direct dating necessary | source_mean_years_bp=- | period=- | group=NEW-A | zooarch_status=Wild | combined_status=Wild | secondary_zooarch_status=Wild | published=N | chronology_disposition=unresolved_missing_source_mean | domestication_disposition=excluded_wild",Göbekli Tepe,,,Turkey,,,,,,Sample-level locality comes directly from the recovered sample source row.
Sus scrofa domesticus,pig,PRJEB30282,prjeb30282:samea5160997,SAMEA5160997,archive_project_sample_accession_anchor,archive_native,final,,Göbekli Tepe,direct_sample_site,data/adna/governance/source_library/projects/PRJEB30282/archive_metadata.html || data/adna/governance/source_library/papers/10.1073-pnas.1901169116/supplementary/pnas.1901169116.sd01.xlsx,supplementary_spreadsheet_row,sample_accession:SAMEA5160997 || Sheet1!row1112,"ENA archive metadata identifies sample SAMEA5160997 as Sus scrofa (tax_id 9823). || AA318 | previous_extraction_code=LG046 | mtdna_accession=- | source=Joris Peters | museum_or_sample_code=GOB_04, GTZ M-113, s1 1.1 80/40 4/49 | additional_sample_information=- | location=Göbekli Tepe | country=Turkey | radiocarbon_lab=- | uncalibrated_date=- | uncalibrated_error=- | calibrated_from_bp=- | calibrated_to_bp=- | source_age=9,600-8,200 cal. BC; contextual corresponding to known occupation of site (based on charcoal) | source_mean_years_bp=10900 | period=Pre-Pottery Neolithic A and B | group=NEW-A | zooarch_status=Wild | combined_status=Wild | secondary_zooarch_status=Wild | published=N | chronology_disposition=refused_context_only_unresolved_age_semantics | domestication_disposition=excluded_wild",Göbekli Tepe,,,Turkey,,,,,,Sample-level locality comes directly from the recovered sample source row.
Sus scrofa domesticus,pig,PRJEB30282,prjeb30282:samea5160998,SAMEA5160998,archive_project_sample_accession_anchor,archive_native,final,,Gürcütepe II,direct_sample_site,data/adna/governance/source_library/projects/PRJEB30282/archive_metadata.html || data/adna/governance/source_library/papers/10.1073-pnas.1901169116/supplementary/pnas.1901169116.sd01.xlsx,supplementary_spreadsheet_row,sample_accession:SAMEA5160998 || Sheet1!row480,"ENA archive metadata identifies sample SAMEA5160998 as Sus scrofa (tax_id 9823). || AA321 | previous_extraction_code=LG021 | mtdna_accession=- | source=Bea De Cupere/Joris Peters | museum_or_sample_code=GUII M-8, S1 1.4 340/40 6/49 | additional_sample_information=- | location=Gürcütepe II | country=Turkey | radiocarbon_lab=- | uncalibrated_date=- | uncalibrated_error=- | calibrated_from_bp=- | calibrated_to_bp=- | source_age=7,500-7,000 BC | source_mean_years_bp=9250 | period=Pre-Pottery Neolithic B | group=NEU-A | zooarch_status=Unknown | combined_status=Unknown | secondary_zooarch_status=Unknown | published=N | chronology_disposition=refused_context_only_unresolved_age_semantics | domestication_disposition=excluded_domestication_unknown",Gürcütepe II,,,Turkey,,,,,,Sample-level locality comes directly from the recovered sample source row.
Sus scrofa domesticus,pig,PRJEB30282,prjeb30282:samea5160999,SAMEA5160999,archive_project_sample_accession_anchor,archive_native,final,,Gürcütepe II,direct_sample_site,data/adna/governance/source_library/projects/PRJEB30282/archive_metadata.html || data/adna/governance/source_library/papers/10.1073-pnas.1901169116/supplementary/pnas.1901169116.sd01.xlsx,supplementary_spreadsheet_row,sample_accession:SAMEA5160999 || Sheet1!row482,"ENA archive metadata identifies sample SAMEA5160999 as Sus scrofa (tax_id 9823). || AA323 | previous_extraction_code=LG023 | mtdna_accession=- | source=Bea De Cupere/Joris Peters | museum_or_sample_code=GUII M-11, S1 1. Steg 200/40; 4/49 | additional_sample_information=- | location=Gürcütepe II | country=Turkey | radiocarbon_lab=- | uncalibrated_date=- | uncalibrated_error=- | calibrated_from_bp=- | calibrated_to_bp=- | source_age=7,500-7,000 BC | source_mean_years_bp=9250 | period=Pre-Pottery Neolithic B | group=NEU-A | zooarch_status=Unknown | combined_status=Unknown | secondary_zooarch_status=Unknown | published=N | chronology_disposition=refused_context_only_unresolved_age_semantics | domestication_disposition=excluded_domestication_unknown",Gürcütepe II,,,Turkey,,,,,,Sample-level locality comes directly from the recovered sample source row.
Sus scrofa domesticus,pig,PRJEB30282,prjeb30282:samea5161000,SAMEA5161000,archive_project_sample_accession_anchor,archive_native,final,,Acemhöyük,direct_sample_site,data/adna/governance/source_library/projects/PRJEB30282/archive_metadata.html || data/adna/governance/source_library/papers/10.1073-pnas.1901169116/supplementary/pnas.1901169116.sd01.xlsx,supplementary_spreadsheet_row,sample_accession:SAMEA5161000 || Sheet1!row488,"ENA archive metadata identifies sample SAMEA5161000 as Sus scrofa (tax_id 9823). || AA324 | previous_extraction_code=- | mtdna_accession=- | source=Benjamin Arbuckle | museum_or_sample_code=AC14449, TA38-39 | additional_sample_information=level III, ULCK VB | location=Acemhöyük | country=Turkey | radiocarbon_lab=- | uncalibrated_date=- | uncalibrated_error=- | calibrated_from_bp=- | calibrated_to_bp=- | source_age=1700BC, stratigraphically dated | source_mean_years_bp=3700 | period=Middle Bronze Age | group=NEU-A | zooarch_status=Unknown | combined_status=Unknown | secondary_zooarch_status=Unknown | published=N | chronology_disposition=refused_context_only_unresolved_age_semantics | domestication_disposition=excluded_domestication_unknown",Acemhöyük,,,Turkey,,,,,,Sample-level locality comes directly from the recovered sample source row.
Sus scrofa domesticus,pig,PRJEB30282,prjeb30282:samea5161001,SAMEA5161001,archive_project_sample_accession_anchor,archive_native,final,,Acemhöyük,direct_sample_site,data/adna/governance/source_library/projects/PRJEB30282/archive_metadata.html || data/adna/governance/source_library/papers/10.1073-pnas.1901169116/supplementary/pnas.1901169116.sd01.xlsx,supplementary_spreadsheet_row,sample_accession:SAMEA5161001 || Sheet1!row489,"ENA archive metadata identifies sample SAMEA5161001 as Sus scrofa (tax_id 9823). || AA325 | previous_extraction_code=- | mtdna_accession=- | source=Benjamin Arbuckle | museum_or_sample_code=AC14645, TA38-39 | additional_sample_information=level III | location=Acemhöyük | country=Turkey | radiocarbon_lab=- | uncalibrated_date=- | uncalibrated_error=- | calibrated_from_bp=- | calibrated_to_bp=- | source_age=1700BC, stratigraphically dated | source_mean_years_bp=3700 | period=Middle Bronze Age | group=NEU-A | zooarch_status=Unknown | combined_status=Unknown | secondary_zooarch_status=Unknown | published=N | chronology_disposition=refused_context_only_unresolved_age_semantics | domestication_disposition=excluded_domestication_unknown",Acemhöyük,,,Turkey,,,,,,Sample-level locality comes directly from the recovered sample source row.
Sus scrofa domesticus,pig,PRJEB30282,prjeb30282:samea5161002,SAMEA5161002,archive_project_sample_accession_anchor,archive_native,final,,Ulucak Höyük,direct_sample_site,data/adna/governance/source_library/projects/PRJEB30282/archive_metadata.html || data/adna/governance/source_library/papers/10.1073-pnas.1901169116/supplementary/pnas.1901169116.sd01.xlsx,supplementary_spreadsheet_row,sample_accession:SAMEA5161002 || Sheet1!row2124,ENA archive metadata identifies sample SAMEA5161002 as Sus scrofa (tax_id 9823). || AA326 | previous_extraction_code=LG060 | mtdna_accession=- | source=Özlem Çevik | museum_or_sample_code=EEL969 | additional_sample_information=- | location=Ulucak Höyük | country=Turkey | radiocarbon_lab=- | uncalibrated_date=- | uncalibrated_error=- | calibrated_from_bp=- | calibrated_to_bp=- | source_age=~6200-6000 BC | source_mean_years_bp=8100 | period=Neolithic | group=NEU-A | zooarch_status=Unknown | combined_status=Unknown | secondary_zooarch_status=Unknown | published=N | chronology_disposition=refused_context_only_unresolved_age_semantics | domestication_disposition=excluded_domestication_unknown,Ulucak Höyük,,,Turkey,,,,,,Sample-level locality comes directly from the recovered sample source row.
Sus scrofa domesticus,pig,PRJEB30282,prjeb30282:samea5161003,SAMEA5161003,archive_project_sample_accession_anchor,archive_native,final,,Ulucak Höyük,direct_sample_site,data/adna/governance/source_library/projects/PRJEB30282/archive_metadata.html || data/adna/governance/source_library/papers/10.1073-pnas.1901169116/supplementary/pnas.1901169116.sd01.xlsx,supplementary_spreadsheet_row,sample_accession:SAMEA5161003 || Sheet1!row2125,ENA archive metadata identifies sample SAMEA5161003 as Sus scrofa (tax_id 9823). || AA327 | previous_extraction_code=LG061 | mtdna_accession=- | source=Özlem Çevik | museum_or_sample_code=EEL573 | additional_sample_information=- | location=Ulucak Höyük | country=Turkey | radiocarbon_lab=- | uncalibrated_date=- | uncalibrated_error=- | calibrated_from_bp=- | calibrated_to_bp=- | source_age=~5000-4500 BC | source_mean_years_bp=6750 | period=Neolithic | group=NED-A | zooarch_status=Domestic | combined_status=Domestic | secondary_zooarch_status=Domestic | published=N | chronology_disposition=refused_context_only_unresolved_age_semantics | domestication_disposition=excluded_unreviewed_domesticated_scope,Ulucak Höyük,,,Turkey,,,,,,Sample-level locality comes directly from the recovered sample source row.
Sus scrofa domesticus,pig,PRJEB30282,prjeb30282:samea5161004,SAMEA5161004,archive_project_sample_accession_anchor,archive_native,final,,Ulucak Höyük,direct_sample_site,data/adna/governance/source_library/projects/PRJEB30282/archive_metadata.html || data/adna/governance/source_library/papers/10.1073-pnas.1901169116/supplementary/pnas.1901169116.sd01.xlsx,supplementary_spreadsheet_row,sample_accession:SAMEA5161004 || Sheet1!row2126,ENA archive metadata identifies sample SAMEA5161004 as Sus scrofa (tax_id 9823). || AA328 | previous_extraction_code=- | mtdna_accession=- | source=Özlem Çevik | museum_or_sample_code=EGU1002 | additional_sample_information=- | location=Ulucak Höyük | country=Turkey | radiocarbon_lab=- | uncalibrated_date=- | uncalibrated_error=- | calibrated_from_bp=- | calibrated_to_bp=- | source_age=~6200-6000 BC | source_mean_years_bp=8100 | period=Neolithic | group=NEU-A | zooarch_status=Unknown | combined_status=Unknown | secondary_zooarch_status=Unknown | published=N | chronology_disposition=refused_context_only_unresolved_age_semantics | domestication_disposition=excluded_domestication_unknown,Ulucak Höyük,,,Turkey,,,,,,Sample-level locality comes directly from the recovered sample source row.
Sus scrofa domesticus,pig,PRJEB30282,prjeb30282:samea5161005,SAMEA5161005,archive_project_sample_accession_anchor,archive_native,final,,Leilan,direct_sample_site,data/adna/governance/source_library/projects/PRJEB30282/archive_metadata.html || data/adna/governance/source_library/papers/10.1073-pnas.1901169116/supplementary/pnas.1901169116.sd01.xlsx,supplementary_spreadsheet_row,sample_accession:SAMEA5161005 || Sheet1!row1775,"ENA archive metadata identifies sample SAMEA5161005 as Sus scrofa (tax_id 9823). || AA329 | previous_extraction_code=LG285 | mtdna_accession=- | source=Melinda Zeder | museum_or_sample_code=DNA sample 1, Pin 478, 44X12, Lot 138 | additional_sample_information=Upper Town | location=Leilan | country=Syria | radiocarbon_lab=- | uncalibrated_date=- | uncalibrated_error=- | calibrated_from_bp=- | calibrated_to_bp=- | source_age=~ 2,500 BC | source_mean_years_bp=4500 | period=Ninevite V | group=NEU-A | zooarch_status=Unknown | combined_status=Unknown | secondary_zooarch_status=Unknown | published=N | chronology_disposition=refused_context_only_unresolved_age_semantics | domestication_disposition=excluded_domestication_unknown",Leilan,,,Syria,,,,,,Sample-level locality comes directly from the recovered sample source row.
Sus scrofa domesticus,pig,PRJEB30282,prjeb30282:samea5161006,SAMEA5161006,archive_project_sample_accession_anchor,archive_native,final,,Bodzia stan 1,direct_sample_site,data/adna/governance/source_library/projects/PRJEB30282/archive_metadata.html || data/adna/governance/source_library/papers/10.1073-pnas.1901169116/supplementary/pnas.1901169116.sd01.xlsx,supplementary_spreadsheet_row,sample_accession:SAMEA5161006 || Sheet1!row370,"ENA archive metadata identifies sample SAMEA5161006 as Sus scrofa (tax_id 9823). || AA333 | previous_extraction_code=LG744 | mtdna_accession=- | source=Arkadiusz Marciniak | museum_or_sample_code=POZ-BOD-08, E461 | additional_sample_information=LBK, phase IIA | location=Bodzia stan 1 | country=Poland | radiocarbon_lab=- | uncalibrated_date=- | uncalibrated_error=- | calibrated_from_bp=- | calibrated_to_bp=- | source_age=1050-1200 AD | source_mean_years_bp=875 | period=Early Medieval | group=EUD-A | zooarch_status=Domestic | combined_status=Domestic | secondary_zooarch_status=Domestic | published=N | chronology_disposition=refused_context_only_unresolved_age_semantics | domestication_disposition=excluded_unreviewed_domesticated_scope",Bodzia stan 1,,,Poland,,,,,,Sample-level locality comes directly from the recovered sample source row.
Sus scrofa domesticus,pig,PRJEB30282,prjeb30282:samea5161007,SAMEA5161007,archive_project_sample_accession_anchor,archive_native,final,,Bodzia stan 1,direct_sample_site,data/adna/governance/source_library/projects/PRJEB30282/archive_metadata.html || data/adna/governance/source_library/papers/10.1073-pnas.1901169116/supplementary/pnas.1901169116.sd01.xlsx,supplementary_spreadsheet_row,sample_accession:SAMEA5161007 || Sheet1!row372,"ENA archive metadata identifies sample SAMEA5161007 as Sus scrofa (tax_id 9823). || AA335 | previous_extraction_code=LG746 | mtdna_accession=- | source=Arkadiusz Marciniak | museum_or_sample_code=POZ-BOD-17, A180 | additional_sample_information=- | location=Bodzia stan 1 | country=Poland | radiocarbon_lab=- | uncalibrated_date=- | uncalibrated_error=- | calibrated_from_bp=- | calibrated_to_bp=- | source_age=5300-5150 BC | source_mean_years_bp=7225 | period=Neolithic | group=EUD-A | zooarch_status=Domestic | combined_status=Domestic | secondary_zooarch_status=Domestic | published=N | chronology_disposition=refused_context_only_unresolved_age_semantics | domestication_disposition=excluded_unreviewed_domesticated_scope",Bodzia stan 1,,,Poland,,,,,,Sample-level locality comes directly from the recovered sample source row.
Sus scrofa domesticus,pig,PRJEB30282,prjeb30282:samea5161008,SAMEA5161008,archive_project_sample_accession_anchor,archive_native,final,,Bodzia stan 1,direct_sample_site,data/adna/governance/source_library/projects/PRJEB30282/archive_metadata.html || data/adna/governance/source_library/papers/10.1073-pnas.1901169116/supplementary/pnas.1901169116.sd01.xlsx,supplementary_spreadsheet_row,sample_accession:SAMEA5161008 || Sheet1!row373,"ENA archive metadata identifies sample SAMEA5161008 as Sus scrofa (tax_id 9823). || AA336 | previous_extraction_code=LG747 | mtdna_accession=- | source=Arkadiusz Marciniak | museum_or_sample_code=POZ-BOD-18, A190 | additional_sample_information=- | location=Bodzia stan 1 | country=Poland | radiocarbon_lab=- | uncalibrated_date=- | uncalibrated_error=- | calibrated_from_bp=- | calibrated_to_bp=- | source_age=5300-4000 BC | source_mean_years_bp=6650 | period=Neolithic | group=EUD-A | zooarch_status=Domestic | combined_status=Domestic | secondary_zooarch_status=Domestic | published=N | chronology_disposition=refused_context_only_unresolved_age_semantics | domestication_disposition=excluded_unreviewed_domesticated_scope",Bodzia stan 1,,,Poland,,,,,,Sample-level locality comes directly from the recovered sample source row.
Sus scrofa domesticus,pig,PRJEB30282,prjeb30282:samea5161009,SAMEA5161009,archive_project_sample_accession_anchor,archive_native,final,,Bodzia stan 1,direct_sample_site,data/adna/governance/source_library/projects/PRJEB30282/archive_metadata.html || data/adna/governance/source_library/papers/10.1073-pnas.1901169116/supplementary/pnas.1901169116.sd01.xlsx,supplementary_spreadsheet_row,sample_accession:SAMEA5161009 || Sheet1!row377,"ENA archive metadata identifies sample SAMEA5161009 as Sus scrofa (tax_id 9823). || AA341 | previous_extraction_code=LG753 | mtdna_accession=- | source=Arkadiusz Marciniak | museum_or_sample_code=POZ-BOD-28 | additional_sample_information=layer, zone F | location=Bodzia stan 1 | country=Poland | radiocarbon_lab=- | uncalibrated_date=- | uncalibrated_error=- | calibrated_from_bp=- | calibrated_to_bp=- | source_age=1050-1200 AD | source_mean_years_bp=875 | period=Early Medieval | group=EUD-A | zooarch_status=Domestic | combined_status=Domestic | secondary_zooarch_status=Domestic | published=N | chronology_disposition=refused_context_only_unresolved_age_semantics | domestication_disposition=excluded_unreviewed_domesticated_scope",Bodzia stan 1,,,Poland,,,,,,Sample-level locality comes directly from the recovered sample source row.
Sus scrofa domesticus,pig,PRJEB30282,prjeb30282:samea5161010,SAMEA5161010,archive_project_sample_accession_anchor,archive_native,final,,Bodzia stan 1,direct_sample_site,data/adna/governance/source_library/projects/PRJEB30282/archive_metadata.html || data/adna/governance/source_library/papers/10.1073-pnas.1901169116/supplementary/pnas.1901169116.sd01.xlsx,supplementary_spreadsheet_row,sample_accession:SAMEA5161010 || Sheet1!row379,"ENA archive metadata identifies sample SAMEA5161010 as Sus scrofa (tax_id 9823). || AA343 | previous_extraction_code=LG755 | mtdna_accession=- | source=Arkadiusz Marciniak | museum_or_sample_code=POZ-BOD-36, E269 | additional_sample_information=- | location=Bodzia stan 1 | country=Poland | radiocarbon_lab=- | uncalibrated_date=- | uncalibrated_error=- | calibrated_from_bp=- | calibrated_to_bp=- | source_age=1050-1200 AD | source_mean_years_bp=875 | period=Early Medieval | group=EUD-A | zooarch_status=Domestic | combined_status=Domestic | secondary_zooarch_status=Domestic | published=N | chronology_disposition=refused_context_only_unresolved_age_semantics | domestication_disposition=excluded_unreviewed_domesticated_scope",Bodzia stan 1,,,Poland,,,,,,Sample-level locality comes directly from the recovered sample source row.
Sus scrofa domesticus,pig,PRJEB30282,prjeb30282:samea5161011,SAMEA5161011,archive_project_sample_accession_anchor,archive_native,final,,Bodzia stan 1,direct_sample_site,data/adna/governance/source_library/projects/PRJEB30282/archive_metadata.html || data/adna/governance/source_library/papers/10.1073-pnas.1901169116/supplementary/pnas.1901169116.sd01.xlsx,supplementary_spreadsheet_row,sample_accession:SAMEA5161011 || Sheet1!row382,"ENA archive metadata identifies sample SAMEA5161011 as Sus scrofa (tax_id 9823). || AA346 | previous_extraction_code=LG758 | mtdna_accession=- | source=Arkadiusz Marciniak | museum_or_sample_code=POZ-BOD-57, B27 | additional_sample_information=- | location=Bodzia stan 1 | country=Poland | radiocarbon_lab=- | uncalibrated_date=- | uncalibrated_error=- | calibrated_from_bp=- | calibrated_to_bp=- | source_age=5400-4000 BC | source_mean_years_bp=6700 | period=Neolithic | group=EUD-A | zooarch_status=Domestic | combined_status=Domestic | secondary_zooarch_status=Domestic | published=N | chronology_disposition=refused_context_only_unresolved_age_semantics | domestication_disposition=excluded_unreviewed_domesticated_scope",Bodzia stan 1,,,Poland,,,,,,Sample-level locality comes directly from the recovered sample source row.
Sus scrofa domesticus,pig,PRJEB30282,prjeb30282:samea5161012,SAMEA5161012,archive_project_sample_accession_anchor,archive_native,final,,"Bandar gaz, Caspian sea",direct_sample_site,data/adna/governance/source_library/projects/PRJEB30282/archive_metadata.html || data/adna/governance/source_library/papers/10.1073-pnas.1901169116/supplementary/pnas.1901169116.sd01.xlsx,supplementary_spreadsheet_row,sample_accession:SAMEA5161012 || Sheet1!row1670,"ENA archive metadata identifies sample SAMEA5161012 as Sus scrofa (tax_id 9823). || AA348 | previous_extraction_code=LG312 | mtdna_accession=- | source=Marjan Mashkour | museum_or_sample_code=MM-BG801 | additional_sample_information=- | location=Bandar gaz, Caspian sea | country=Iran | radiocarbon_lab=- | uncalibrated_date=- | uncalibrated_error=- | calibrated_from_bp=- | calibrated_to_bp=- | source_age=Modern | source_mean_years_bp=0 | period=Modern | group=NEW | zooarch_status=Wild | combined_status=Wild | secondary_zooarch_status=Wild | published=N | chronology_disposition=refused_context_only_unresolved_age_semantics | domestication_disposition=excluded_wild","Bandar gaz, Caspian sea",,,Iran,,,,,,Sample-level locality comes directly from the recovered sample source row.
Sus scrofa domesticus,pig,PRJEB30282,prjeb30282:samea5161013,SAMEA5161013,archive_project_sample_accession_anchor,archive_native,final,,"Miankaleh, Caspian sea",direct_sample_site,data/adna/governance/source_library/projects/PRJEB30282/archive_metadata.html || data/adna/governance/source_library/papers/10.1073-pnas.1901169116/supplementary/pnas.1901169116.sd01.xlsx,supplementary_spreadsheet_row,sample_accession:SAMEA5161013 || Sheet1!row1678,"ENA archive metadata identifies sample SAMEA5161013 as Sus scrofa (tax_id 9823). || AA349 | previous_extraction_code=LG313 | mtdna_accession=- | source=Marjan Mashkour | museum_or_sample_code=MM-MkISO1 | additional_sample_information=- | location=Miankaleh, Caspian sea | country=Iran | radiocarbon_lab=- | uncalibrated_date=- | uncalibrated_error=- | calibrated_from_bp=- | calibrated_to_bp=- | source_age=Modern | source_mean_years_bp=0 | period=Modern | group=NEW | zooarch_status=Wild | combined_status=Wild | secondary_zooarch_status=Wild | published=N | chronology_disposition=refused_context_only_unresolved_age_semantics | domestication_disposition=excluded_wild","Miankaleh, Caspian sea",,,Iran,,,,,,Sample-level locality comes directly from the recovered sample source row.
Sus scrofa domesticus,pig,PRJEB30282,prjeb30282:samea5161014,SAMEA5161014,archive_project_sample_accession_anchor,archive_native,final,,Cabeço da Amoreira,direct_sample_site,data/adna/governance/source_library/projects/PRJEB30282/archive_metadata.html || data/adna/governance/source_library/papers/10.1073-pnas.1901169116/supplementary/pnas.1901169116.sd01.xlsx,supplementary_spreadsheet_row,sample_accession:SAMEA5161014 || Sheet1!row621,"ENA archive metadata identifies sample SAMEA5161014 as Sus scrofa (tax_id 9823). || AA350 | previous_extraction_code=- | mtdna_accession=- | source=Cleia Detry | museum_or_sample_code=POZ-BOD-58, B27 | additional_sample_information=- | location=Cabeço da Amoreira | country=Portugal | radiocarbon_lab=- | uncalibrated_date=- | uncalibrated_error=- | calibrated_from_bp=- | calibrated_to_bp=- | source_age=8100-7600 cal.BP | source_mean_years_bp=7850 | period=Mesolithic | group=EUW-A | zooarch_status=Wild | combined_status=Wild | secondary_zooarch_status=Wild | published=N | chronology_disposition=refused_context_only_unresolved_age_semantics | domestication_disposition=excluded_wild",Cabeço da Amoreira,,,Portugal,,,,,,Sample-level locality comes directly from the recovered sample source row.
Sus scrofa domesticus,pig,PRJEB30282,prjeb30282:samea5161015,SAMEA5161015,archive_project_sample_accession_anchor,archive_native,final,,Cabeço da Amoreira,direct_sample_site,data/adna/governance/source_library/projects/PRJEB30282/archive_metadata.html || data/adna/governance/source_library/papers/10.1073-pnas.1901169116/supplementary/pnas.1901169116.sd01.xlsx,supplementary_spreadsheet_row,sample_accession:SAMEA5161015 || Sheet1!row622,ENA archive metadata identifies sample SAMEA5161015 as Sus scrofa (tax_id 9823). || AA351 | previous_extraction_code=GL1038 | mtdna_accession=- | source=Cleia Detry | museum_or_sample_code=POZ-BOD-60 | additional_sample_information=- | location=Cabeço da Amoreira | country=Portugal | radiocarbon_lab=- | uncalibrated_date=- | uncalibrated_error=- | calibrated_from_bp=- | calibrated_to_bp=- | source_age=8100-7600 cal.BP | source_mean_years_bp=7850 | period=Mesolithic | group=EUW-A | zooarch_status=Wild | combined_status=Wild | secondary_zooarch_status=Wild | published=N | chronology_disposition=refused_context_only_unresolved_age_semantics | domestication_disposition=excluded_wild,Cabeço da Amoreira,,,Portugal,,,,,,Sample-level locality comes directly from the recovered sample source row.
Sus scrofa domesticus,pig,PRJEB30282,prjeb30282:samea5161016,SAMEA5161016,archive_project_sample_accession_anchor,archive_native,final,,Cabeço da Arruda,direct_sample_site,data/adna/governance/source_library/projects/PRJEB30282/archive_metadata.html || data/adna/governance/source_library/papers/10.1073-pnas.1901169116/supplementary/pnas.1901169116.sd01.xlsx,supplementary_spreadsheet_row,sample_accession:SAMEA5161016 || Sheet1!row624,"ENA archive metadata identifies sample SAMEA5161016 as Sus scrofa (tax_id 9823). || AA352 | previous_extraction_code=GL1039 | mtdna_accession=- | source=Cleia Detry | museum_or_sample_code=POZ-BOD-68 | additional_sample_information=layer, zone B / Late Lengyel? | location=Cabeço da Arruda | country=Portugal | radiocarbon_lab=- | uncalibrated_date=- | uncalibrated_error=- | calibrated_from_bp=- | calibrated_to_bp=- | source_age=8100-7600 cal.BP | source_mean_years_bp=7850 | period=Mesolithic | group=EUW-A | zooarch_status=Wild | combined_status=Wild | secondary_zooarch_status=Wild | published=N | chronology_disposition=refused_context_only_unresolved_age_semantics | domestication_disposition=excluded_wild",Cabeço da Arruda,,,Portugal,,,,,,Sample-level locality comes directly from the recovered sample source row.
Sus scrofa domesticus,pig,PRJEB30282,prjeb30282:samea5161017,SAMEA5161017,archive_project_sample_accession_anchor,archive_native,final,,Cabeço da Arruda,direct_sample_site,data/adna/governance/source_library/projects/PRJEB30282/archive_metadata.html || data/adna/governance/source_library/papers/10.1073-pnas.1901169116/supplementary/pnas.1901169116.sd01.xlsx,supplementary_spreadsheet_row,sample_accession:SAMEA5161017 || Sheet1!row625,ENA archive metadata identifies sample SAMEA5161017 as Sus scrofa (tax_id 9823). || AA353 | previous_extraction_code=- | mtdna_accession=- | source=Cleia Detry | museum_or_sample_code=197 | additional_sample_information=- | location=Cabeço da Arruda | country=Portugal | radiocarbon_lab=- | uncalibrated_date=- | uncalibrated_error=- | calibrated_from_bp=- | calibrated_to_bp=- | source_age=8100-7600 cal.BP | source_mean_years_bp=7850 | period=Mesolithic | group=EUW-A | zooarch_status=Wild | combined_status=Wild | secondary_zooarch_status=Wild | published=N | chronology_disposition=refused_context_only_unresolved_age_semantics | domestication_disposition=excluded_wild,Cabeço da Arruda,,,Portugal,,,,,,Sample-level locality comes directly from the recovered sample source row.
Sus scrofa domesticus,pig,PRJEB30282,prjeb30282:samea5161018,SAMEA5161018,archive_project_sample_accession_anchor,archive_native,final,,Cabeço da Amoreira,direct_sample_site,data/adna/governance/source_library/projects/PRJEB30282/archive_metadata.html || data/adna/governance/source_library/papers/10.1073-pnas.1901169116/supplementary/pnas.1901169116.sd01.xlsx,supplementary_spreadsheet_row,sample_accession:SAMEA5161018 || Sheet1!row623,ENA archive metadata identifies sample SAMEA5161018 as Sus scrofa (tax_id 9823). || AA354 | previous_extraction_code=- | mtdna_accession=- | source=Cleia Detry | museum_or_sample_code=322 | additional_sample_information=- | location=Cabeço da Amoreira | country=Portugal | radiocarbon_lab=- | uncalibrated_date=- | uncalibrated_error=- | calibrated_from_bp=- | calibrated_to_bp=- | source_age=8100-7600 cal.BP | source_mean_years_bp=7850 | period=Mesolithic | group=EUW-A | zooarch_status=Wild | combined_status=Wild | secondary_zooarch_status=Wild | published=N | chronology_disposition=refused_context_only_unresolved_age_semantics | domestication_disposition=excluded_wild,Cabeço da Amoreira,,,Portugal,,,,,,Sample-level locality comes directly from the recovered sample source row.
Sus scrofa domesticus,pig,PRJEB30282,prjeb30282:samea5161019,SAMEA5161019,archive_project_sample_accession_anchor,archive_native,final,,Mureybet,direct_sample_site,data/adna/governance/source_library/projects/PRJEB30282/archive_metadata.html || data/adna/governance/source_library/papers/10.1073-pnas.1901169116/supplementary/pnas.1901169116.sd01.xlsx,supplementary_spreadsheet_row,sample_accession:SAMEA5161019 || Sheet1!row1660,ENA archive metadata identifies sample SAMEA5161019 as Sus scrofa (tax_id 9823). || AA355 | previous_extraction_code=LG371 | mtdna_accession=- | source=Lionel Gourichon | museum_or_sample_code=330 | additional_sample_information=- | location=Mureybet | country=Syria | radiocarbon_lab=- | uncalibrated_date=- | uncalibrated_error=- | calibrated_from_bp=- | calibrated_to_bp=- | source_age=10000-8800 cal. BC | source_mean_years_bp=11400 | period=Pre-Pottery Neolithic A | group=NEU-A | zooarch_status=Unknown | combined_status=Unknown | secondary_zooarch_status=Unknown | published=N | chronology_disposition=refused_context_only_unresolved_age_semantics | domestication_disposition=excluded_domestication_unknown,Mureybet,,,Syria,,,,,,Sample-level locality comes directly from the recovered sample source row.
Sus scrofa domesticus,pig,PRJEB30282,prjeb30282:samea5161020,SAMEA5161020,archive_project_sample_accession_anchor,archive_native,final,,Mureybet,direct_sample_site,data/adna/governance/source_library/projects/PRJEB30282/archive_metadata.html || data/adna/governance/source_library/papers/10.1073-pnas.1901169116/supplementary/pnas.1901169116.sd01.xlsx,supplementary_spreadsheet_row,sample_accession:SAMEA5161020 || Sheet1!row1661,ENA archive metadata identifies sample SAMEA5161020 as Sus scrofa (tax_id 9823). || AA356 | previous_extraction_code=LG372 | mtdna_accession=- | source=Lionel Gourichon | museum_or_sample_code=441 | additional_sample_information=- | location=Mureybet | country=Syria | radiocarbon_lab=- | uncalibrated_date=- | uncalibrated_error=- | calibrated_from_bp=- | calibrated_to_bp=- | source_age=10000-8800 cal. BC | source_mean_years_bp=11400 | period=Pre-Pottery Neolithic A | group=NEU-A | zooarch_status=Unknown | combined_status=Unknown | secondary_zooarch_status=Unknown | published=N | chronology_disposition=refused_context_only_unresolved_age_semantics | domestication_disposition=excluded_domestication_unknown,Mureybet,,,Syria,,,,,,Sample-level locality comes directly from the recovered sample source row.
Sus scrofa domesticus,pig,PRJEB30282,prjeb30282:samea5161021,SAMEA5161021,archive_project_sample_accession_anchor,archive_native,final,,Noyen,direct_sample_site,data/adna/governance/source_library/projects/PRJEB30282/archive_metadata.html || data/adna/governance/source_library/papers/10.1073-pnas.1901169116/supplementary/pnas.1901169116.sd01.xlsx,supplementary_spreadsheet_row,sample_accession:SAMEA5161021 || Sheet1!row977,ENA archive metadata identifies sample SAMEA5161021 as Sus scrofa (tax_id 9823). || AA357 | previous_extraction_code=GL301 | mtdna_accession=- | source=Jean-Denis Vigne | museum_or_sample_code=501 | additional_sample_information=- | location=Noyen | country=France | radiocarbon_lab=- | uncalibrated_date=- | uncalibrated_error=- | calibrated_from_bp=- | calibrated_to_bp=- | source_age=9th millennium cal. BC | source_mean_years_bp=10000 | period=Middle Mesolithic | group=EUW-A | zooarch_status=Wild | combined_status=Wild | secondary_zooarch_status=Wild | published=N | chronology_disposition=refused_context_only_unresolved_age_semantics | domestication_disposition=excluded_wild,Noyen,,,France,,,,,,Sample-level locality comes directly from the recovered sample source row.
Sus scrofa domesticus,pig,PRJEB30282,prjeb30282:samea5161022,SAMEA5161022,archive_project_sample_accession_anchor,archive_native,final,,Haftavan Tepe,direct_sample_site,data/adna/governance/source_library/projects/PRJEB30282/archive_metadata.html || data/adna/governance/source_library/papers/10.1073-pnas.1901169116/supplementary/pnas.1901169116.sd01.xlsx,supplementary_spreadsheet_row,sample_accession:SAMEA5161022 || Sheet1!row447,ENA archive metadata identifies sample SAMEA5161022 as Sus scrofa (tax_id 9823). || AA360 | previous_extraction_code=LG784 | mtdna_accession=JX894049 | source=Azadeh Mohaseb/ M. Mashkour | museum_or_sample_code=E147 7 | additional_sample_information=- | location=Haftavan Tepe | country=Iran | radiocarbon_lab=- | uncalibrated_date=- | uncalibrated_error=- | calibrated_from_bp=- | calibrated_to_bp=- | source_age=1800-1200 BC | source_mean_years_bp=3500 | period=Late Bronze Age | group=NEU-A | zooarch_status=Unknown | combined_status=Unknown | secondary_zooarch_status=Unknown | published=Y | chronology_disposition=refused_context_only_unresolved_age_semantics | domestication_disposition=excluded_domestication_unknown,Haftavan Tepe,,,Iran,,,,,,Sample-level locality comes directly from the recovered sample source row.
Sus scrofa domesticus,pig,PRJEB30282,prjeb30282:samea5161023,SAMEA5161023,archive_project_sample_accession_anchor,archive_native,final,,Haftavan Tepe,direct_sample_site,data/adna/governance/source_library/projects/PRJEB30282/archive_metadata.html || data/adna/governance/source_library/papers/10.1073-pnas.1901169116/supplementary/pnas.1901169116.sd01.xlsx,supplementary_spreadsheet_row,sample_accession:SAMEA5161023 || Sheet1!row448,"ENA archive metadata identifies sample SAMEA5161023 as Sus scrofa (tax_id 9823). || AA361 | previous_extraction_code=- | mtdna_accession=- | source=Azadeh Mohaseb/ M. Mashkour | museum_or_sample_code=K236 28 | additional_sample_information=- | location=Haftavan Tepe | country=Iran | radiocarbon_lab=- | uncalibrated_date=- | uncalibrated_error=- | calibrated_from_bp=- | calibrated_to_bp=- | source_age=4,300-3,800 BP | source_mean_years_bp=4050 | period=Middle & Late Bronze Age | group=NEU-A | zooarch_status=Unknown | combined_status=Unknown | secondary_zooarch_status=Unknown | published=N | chronology_disposition=refused_context_only_unresolved_age_semantics | domestication_disposition=excluded_domestication_unknown",Haftavan Tepe,,,Iran,,,,,,Sample-level locality comes directly from the recovered sample source row.
Sus scrofa domesticus,pig,PRJEB30282,prjeb30282:samea5161024,SAMEA5161024,archive_project_sample_accession_anchor,archive_native,final,,Kohne Tepesi,direct_sample_site,data/adna/governance/source_library/projects/PRJEB30282/archive_metadata.html || data/adna/governance/source_library/papers/10.1073-pnas.1901169116/supplementary/pnas.1901169116.sd01.xlsx,supplementary_spreadsheet_row,sample_accession:SAMEA5161024 || Sheet1!row1671,ENA archive metadata identifies sample SAMEA5161024 as Sus scrofa (tax_id 9823). || AA363 | previous_extraction_code=LG418 | mtdna_accession=- | source=Marjan Mashkour | museum_or_sample_code=HV-08 | additional_sample_information=- | location=Kohne Tepesi | country=Iran | radiocarbon_lab=- | uncalibrated_date=- | uncalibrated_error=- | calibrated_from_bp=- | calibrated_to_bp=- | source_age=ca. 2468- 2279 BC | source_mean_years_bp=4492 | period=Early Bronze Age | group=NED-A | zooarch_status=Unknown | combined_status=Domestic | secondary_zooarch_status=Domestic | published=N | chronology_disposition=refused_context_only_unresolved_age_semantics | domestication_disposition=excluded_noncanonical_domestication_status,Kohne Tepesi,,,Iran,,,,,,Sample-level locality comes directly from the recovered sample source row.
Sus scrofa domesticus,pig,PRJEB30282,prjeb30282:samea5161025,SAMEA5161025,archive_project_sample_accession_anchor,archive_native,final,,Kohne Tepesi,direct_sample_site,data/adna/governance/source_library/projects/PRJEB30282/archive_metadata.html || data/adna/governance/source_library/papers/10.1073-pnas.1901169116/supplementary/pnas.1901169116.sd01.xlsx,supplementary_spreadsheet_row,sample_accession:SAMEA5161025 || Sheet1!row1672,"ENA archive metadata identifies sample SAMEA5161025 as Sus scrofa (tax_id 9823). || AA364 | previous_extraction_code=LG419 | mtdna_accession=- | source=Marjan Mashkour | museum_or_sample_code=HV No.31, D002057 | additional_sample_information=- | location=Kohne Tepesi | country=Iran | radiocarbon_lab=- | uncalibrated_date=- | uncalibrated_error=- | calibrated_from_bp=- | calibrated_to_bp=- | source_age=ca. 2468- 2279 BC | source_mean_years_bp=4492 | period=Early Bronze Age | group=NEU-A | zooarch_status=Unknown | combined_status=Unknown | secondary_zooarch_status=Unknown | published=N | chronology_disposition=refused_context_only_unresolved_age_semantics | domestication_disposition=excluded_domestication_unknown",Kohne Tepesi,,,Iran,,,,,,Sample-level locality comes directly from the recovered sample source row.
Sus scrofa domesticus,pig,PRJEB30282,prjeb30282:samea5161026,SAMEA5161026,archive_project_sample_accession_anchor,archive_native,final,,Kohne Tepesi,direct_sample_site,data/adna/governance/source_library/projects/PRJEB30282/archive_metadata.html || data/adna/governance/source_library/papers/10.1073-pnas.1901169116/supplementary/pnas.1901169116.sd01.xlsx,supplementary_spreadsheet_row,sample_accession:SAMEA5161026 || Sheet1!row1677,ENA archive metadata identifies sample SAMEA5161026 as Sus scrofa (tax_id 9823). || AA369 | previous_extraction_code=LG782 | mtdna_accession=- | source=Marjan Mashkour | museum_or_sample_code=KT-01 | additional_sample_information=- | location=Kohne Tepesi | country=Iran | radiocarbon_lab=- | uncalibrated_date=- | uncalibrated_error=- | calibrated_from_bp=- | calibrated_to_bp=- | source_age=ca. 2468- 2279 BC | source_mean_years_bp=4492 | period=Early Bronze Age | group=NEU-A | zooarch_status=Unknown | combined_status=Unknown | secondary_zooarch_status=Unknown | published=N | chronology_disposition=refused_context_only_unresolved_age_semantics | domestication_disposition=excluded_domestication_unknown,Kohne Tepesi,,,Iran,,,,,,Sample-level locality comes directly from the recovered sample source row.
Sus scrofa domesticus,pig,PRJEB30282,prjeb30282:samea5161027,SAMEA5161027,archive_project_sample_accession_anchor,archive_native,final,,Buran-Kaya IV,direct_sample_site,data/adna/governance/source_library/projects/PRJEB30282/archive_metadata.html || data/adna/governance/source_library/papers/10.1073-pnas.1901169116/supplementary/pnas.1901169116.sd01.xlsx,supplementary_spreadsheet_row,sample_accession:SAMEA5161027 || Sheet1!row922,"ENA archive metadata identifies sample SAMEA5161027 as Sus scrofa (tax_id 9823). || AA372 | previous_extraction_code=- | mtdna_accession=- | source=Giedre Motuzaite Matuzeviciute / Alexander Yanevich | museum_or_sample_code=KT-41, BK-024, BKIV-08 7E, II 1B0 | additional_sample_information=- | location=Buran-Kaya IV | country=Ukraine | radiocarbon_lab=- | uncalibrated_date=- | uncalibrated_error=- | calibrated_from_bp=- | calibrated_to_bp=- | source_age=~5000 BC | source_mean_years_bp=7000 | period=Neolithic | group=EUW-A | zooarch_status=Wild | combined_status=Wild | secondary_zooarch_status=Wild | published=N | chronology_disposition=refused_context_only_unresolved_age_semantics | domestication_disposition=excluded_wild",Buran-Kaya IV,,,Ukraine,,,,,,Sample-level locality comes directly from the recovered sample source row.
Sus scrofa domesticus,pig,PRJEB30282,prjeb30282:samea5161028,SAMEA5161028,archive_project_sample_accession_anchor,archive_native,final,,Buran-Kaya IV,direct_sample_site,data/adna/governance/source_library/projects/PRJEB30282/archive_metadata.html || data/adna/governance/source_library/papers/10.1073-pnas.1901169116/supplementary/pnas.1901169116.sd01.xlsx,supplementary_spreadsheet_row,sample_accession:SAMEA5161028 || Sheet1!row924,"ENA archive metadata identifies sample SAMEA5161028 as Sus scrofa (tax_id 9823). || AA375 | previous_extraction_code=- | mtdna_accession=- | source=Giedre Motuzaite Matuzeviciute / Alexander Yanevich | museum_or_sample_code=TH-A-2, BK-014, BKIV-08 7F, II 1B0 | additional_sample_information=- | location=Buran-Kaya IV | country=Ukraine | radiocarbon_lab=- | uncalibrated_date=- | uncalibrated_error=- | calibrated_from_bp=- | calibrated_to_bp=- | source_age=~5000 BC | source_mean_years_bp=7000 | period=Neolithic | group=EUW-A | zooarch_status=Wild | combined_status=Wild | secondary_zooarch_status=Wild | published=N | chronology_disposition=refused_context_only_unresolved_age_semantics | domestication_disposition=excluded_wild",Buran-Kaya IV,,,Ukraine,,,,,,Sample-level locality comes directly from the recovered sample source row.
Sus scrofa domesticus,pig,PRJEB30282,prjeb30282:samea5161029,SAMEA5161029,archive_project_sample_accession_anchor,archive_native,final,,Buran-Kaya IV,direct_sample_site,data/adna/governance/source_library/projects/PRJEB30282/archive_metadata.html || data/adna/governance/source_library/papers/10.1073-pnas.1901169116/supplementary/pnas.1901169116.sd01.xlsx,supplementary_spreadsheet_row,sample_accession:SAMEA5161029 || Sheet1!row925,"ENA archive metadata identifies sample SAMEA5161029 as Sus scrofa (tax_id 9823). || AA376 | previous_extraction_code=- | mtdna_accession=- | source=Giedre Motuzaite Matuzeviciute / Alexander Yanevich | museum_or_sample_code=BK4-034, BKIV-08 7H, II 1B2 | additional_sample_information=- | location=Buran-Kaya IV | country=Ukraine | radiocarbon_lab=- | uncalibrated_date=- | uncalibrated_error=- | calibrated_from_bp=- | calibrated_to_bp=- | source_age=~5000 BC | source_mean_years_bp=7000 | period=Neolithic | group=EUW-A | zooarch_status=Wild | combined_status=Wild | secondary_zooarch_status=Wild | published=N | chronology_disposition=refused_context_only_unresolved_age_semantics | domestication_disposition=excluded_wild",Buran-Kaya IV,,,Ukraine,,,,,,Sample-level locality comes directly from the recovered sample source row.
Sus scrofa domesticus,pig,PRJEB30282,prjeb30282:samea5161030,SAMEA5161030,archive_project_sample_accession_anchor,archive_native,final,,Buran-Kaya IV,direct_sample_site,data/adna/governance/source_library/projects/PRJEB30282/archive_metadata.html || data/adna/governance/source_library/papers/10.1073-pnas.1901169116/supplementary/pnas.1901169116.sd01.xlsx,supplementary_spreadsheet_row,sample_accession:SAMEA5161030 || Sheet1!row927,"ENA archive metadata identifies sample SAMEA5161030 as Sus scrofa (tax_id 9823). || AA378 | previous_extraction_code=LG096 | mtdna_accession=- | source=Giedre Motuzaite Matuzeviciute / Alexander Yanevich | museum_or_sample_code=BK4-046, BKIV-08 9F, II 1A | additional_sample_information=- | location=Buran-Kaya IV | country=Ukraine | radiocarbon_lab=- | uncalibrated_date=- | uncalibrated_error=- | calibrated_from_bp=- | calibrated_to_bp=- | source_age=~5000 BC | source_mean_years_bp=7000 | period=Neolithic | group=EUW-A | zooarch_status=Wild | combined_status=Wild | secondary_zooarch_status=Wild | published=N | chronology_disposition=refused_context_only_unresolved_age_semantics | domestication_disposition=excluded_wild",Buran-Kaya IV,,,Ukraine,,,,,,Sample-level locality comes directly from the recovered sample source row.
Sus scrofa domesticus,pig,PRJEB30282,prjeb30282:samea5161031,SAMEA5161031,archive_project_sample_accession_anchor,archive_native,final,,Buran-Kaya IV,direct_sample_site,data/adna/governance/source_library/projects/PRJEB30282/archive_metadata.html || data/adna/governance/source_library/papers/10.1073-pnas.1901169116/supplementary/pnas.1901169116.sd01.xlsx,supplementary_spreadsheet_row,sample_accession:SAMEA5161031 || Sheet1!row928,"ENA archive metadata identifies sample SAMEA5161031 as Sus scrofa (tax_id 9823). || AA380 | previous_extraction_code=- | mtdna_accession=- | source=Giedre Motuzaite Matuzeviciute / Alexander Yanevich | museum_or_sample_code=BK4-079, BKIV-08 5E, II 1B0 | additional_sample_information=- | location=Buran-Kaya IV | country=Ukraine | radiocarbon_lab=- | uncalibrated_date=- | uncalibrated_error=- | calibrated_from_bp=- | calibrated_to_bp=- | source_age=~5000 BC | source_mean_years_bp=7000 | period=Neolithic | group=EUW-A | zooarch_status=Wild | combined_status=Wild | secondary_zooarch_status=Wild | published=N | chronology_disposition=refused_context_only_unresolved_age_semantics | domestication_disposition=excluded_wild",Buran-Kaya IV,,,Ukraine,,,,,,Sample-level locality comes directly from the recovered sample source row.
Sus scrofa domesticus,pig,PRJEB30282,prjeb30282:samea5161032,SAMEA5161032,archive_project_sample_accession_anchor,archive_native,final,,Buran-Kaya IV,direct_sample_site,data/adna/governance/source_library/projects/PRJEB30282/archive_metadata.html || data/adna/governance/source_library/papers/10.1073-pnas.1901169116/supplementary/pnas.1901169116.sd01.xlsx,supplementary_spreadsheet_row,sample_accession:SAMEA5161032 || Sheet1!row929,"ENA archive metadata identifies sample SAMEA5161032 as Sus scrofa (tax_id 9823). || AA381 | previous_extraction_code=- | mtdna_accession=- | source=Giedre Motuzaite Matuzeviciute / Alexander Yanevich | museum_or_sample_code=BK4-081, BKIV-08 no square, II 2A | additional_sample_information=- | location=Buran-Kaya IV | country=Ukraine | radiocarbon_lab=- | uncalibrated_date=- | uncalibrated_error=- | calibrated_from_bp=- | calibrated_to_bp=- | source_age=~5000 BC | source_mean_years_bp=7000 | period=Neolithic | group=EUW-A | zooarch_status=Wild | combined_status=Wild | secondary_zooarch_status=Wild | published=N | chronology_disposition=refused_context_only_unresolved_age_semantics | domestication_disposition=excluded_wild",Buran-Kaya IV,,,Ukraine,,,,,,Sample-level locality comes directly from the recovered sample source row.
Sus scrofa domesticus,pig,PRJEB30282,prjeb30282:samea5161033,SAMEA5161033,archive_project_sample_accession_anchor,archive_native,final,,Buran-Kaya IV,direct_sample_site,data/adna/governance/source_library/projects/PRJEB30282/archive_metadata.html || data/adna/governance/source_library/papers/10.1073-pnas.1901169116/supplementary/pnas.1901169116.sd01.xlsx,supplementary_spreadsheet_row,sample_accession:SAMEA5161033 || Sheet1!row930,"ENA archive metadata identifies sample SAMEA5161033 as Sus scrofa (tax_id 9823). || AA382 | previous_extraction_code=- | mtdna_accession=- | source=Giedre Motuzaite Matuzeviciute / Alexander Yanevich | museum_or_sample_code=BK4-069, BKIV-08 8E, II 1A | additional_sample_information=- | location=Buran-Kaya IV | country=Ukraine | radiocarbon_lab=- | uncalibrated_date=- | uncalibrated_error=- | calibrated_from_bp=- | calibrated_to_bp=- | source_age=~5000 BC | source_mean_years_bp=7000 | period=Neolithic | group=EUW-A | zooarch_status=Wild | combined_status=Wild | secondary_zooarch_status=Wild | published=N | chronology_disposition=refused_context_only_unresolved_age_semantics | domestication_disposition=excluded_wild",Buran-Kaya IV,,,Ukraine,,,,,,Sample-level locality comes directly from the recovered sample source row.
Sus scrofa domesticus,pig,PRJEB30282,prjeb30282:samea5161034,SAMEA5161034,archive_project_sample_accession_anchor,archive_native,final,,Alba Iulia-Lumea Nouă,direct_sample_site,data/adna/governance/source_library/projects/PRJEB30282/archive_metadata.html || data/adna/governance/source_library/papers/10.1073-pnas.1901169116/supplementary/pnas.1901169116.sd01.xlsx,supplementary_spreadsheet_row,sample_accession:SAMEA5161034 || Sheet1!row1779,ENA archive metadata identifies sample SAMEA5161034 as Sus scrofa (tax_id 9823). || AA384 | previous_extraction_code=- | mtdna_accession=- | source=Mihai Gligor / John Chapman | museum_or_sample_code=ALN/2014 | additional_sample_information=Trench I/square A | location=Alba Iulia-Lumea Nouă | country=Romania | radiocarbon_lab=- | uncalibrated_date=- | uncalibrated_error=- | calibrated_from_bp=- | calibrated_to_bp=- | source_age=4600-4500 cal. BC | source_mean_years_bp=5750 | period=Eneolithic | group=EUD-A | zooarch_status=Domestic | combined_status=Domestic | secondary_zooarch_status=Domestic | published=N | chronology_disposition=refused_context_only_unresolved_age_semantics | domestication_disposition=excluded_unreviewed_domesticated_scope,Alba Iulia-Lumea Nouă,,,Romania,,,,,,Sample-level locality comes directly from the recovered sample source row.
Sus scrofa domesticus,pig,PRJEB30282,prjeb30282:samea5161035,SAMEA5161035,archive_project_sample_accession_anchor,archive_native,final,,Alba Iulia-Lumea Nouă,direct_sample_site,data/adna/governance/source_library/projects/PRJEB30282/archive_metadata.html || data/adna/governance/source_library/papers/10.1073-pnas.1901169116/supplementary/pnas.1901169116.sd01.xlsx,supplementary_spreadsheet_row,sample_accession:SAMEA5161035 || Sheet1!row1780,ENA archive metadata identifies sample SAMEA5161035 as Sus scrofa (tax_id 9823). || AA385 | previous_extraction_code=- | mtdna_accession=- | source=Mihai Gligor / John Chapman | museum_or_sample_code=ALN/2014 | additional_sample_information=Trench III/square D | location=Alba Iulia-Lumea Nouă | country=Romania | radiocarbon_lab=- | uncalibrated_date=- | uncalibrated_error=- | calibrated_from_bp=- | calibrated_to_bp=- | source_age=4600-4500 cal. BC | source_mean_years_bp=5750 | period=Eneolithic | group=EUD-A | zooarch_status=Domestic | combined_status=Domestic | secondary_zooarch_status=Domestic | published=N | chronology_disposition=refused_context_only_unresolved_age_semantics | domestication_disposition=excluded_unreviewed_domesticated_scope,Alba Iulia-Lumea Nouă,,,Romania,,,,,,Sample-level locality comes directly from the recovered sample source row.
Sus scrofa domesticus,pig,PRJEB30282,prjeb30282:samea5161036,SAMEA5161036,archive_project_sample_accession_anchor,archive_native,final,,Suberde Höyük,direct_sample_site,data/adna/governance/source_library/projects/PRJEB30282/archive_metadata.html || data/adna/governance/source_library/papers/10.1073-pnas.1901169116/supplementary/pnas.1901169116.sd01.xlsx,supplementary_spreadsheet_row,sample_accession:SAMEA5161036 || Sheet1!row496,ENA archive metadata identifies sample SAMEA5161036 as Sus scrofa (tax_id 9823). || AA391 | previous_extraction_code=- | mtdna_accession=- | source=Benjamin Arbuckle | museum_or_sample_code=SUB010 | additional_sample_information=- | location=Suberde Höyük | country=Turkey | radiocarbon_lab=- | uncalibrated_date=- | uncalibrated_error=- | calibrated_from_bp=- | calibrated_to_bp=- | source_age=7500-7000 cal. BC | source_mean_years_bp=9250 | period=Neolithic | group=NEW-A | zooarch_status=Wild | combined_status=Wild | secondary_zooarch_status=Wild | published=N | chronology_disposition=refused_context_only_unresolved_age_semantics | domestication_disposition=excluded_wild,Suberde Höyük,,,Turkey,,,,,,Sample-level locality comes directly from the recovered sample source row.
Sus scrofa domesticus,pig,PRJEB30282,prjeb30282:samea5161037,SAMEA5161037,archive_project_sample_accession_anchor,archive_native,final,,Suberde Höyük,direct_sample_site,data/adna/governance/source_library/projects/PRJEB30282/archive_metadata.html || data/adna/governance/source_library/papers/10.1073-pnas.1901169116/supplementary/pnas.1901169116.sd01.xlsx,supplementary_spreadsheet_row,sample_accession:SAMEA5161037 || Sheet1!row498,ENA archive metadata identifies sample SAMEA5161037 as Sus scrofa (tax_id 9823). || AA393 | previous_extraction_code=- | mtdna_accession=- | source=Benjamin Arbuckle | museum_or_sample_code=SUB012 | additional_sample_information=- | location=Suberde Höyük | country=Turkey | radiocarbon_lab=- | uncalibrated_date=- | uncalibrated_error=- | calibrated_from_bp=- | calibrated_to_bp=- | source_age=7500-7000 cal. BC | source_mean_years_bp=9250 | period=Neolithic | group=NEW-A | zooarch_status=Wild | combined_status=Wild | secondary_zooarch_status=Wild | published=N | chronology_disposition=refused_context_only_unresolved_age_semantics | domestication_disposition=excluded_wild,Suberde Höyük,,,Turkey,,,,,,Sample-level locality comes directly from the recovered sample source row.
Sus scrofa domesticus,pig,PRJEB30282,prjeb30282:samea5161038,SAMEA5161038,archive_project_sample_accession_anchor,archive_native,final,,Suberde Höyük,direct_sample_site,data/adna/governance/source_library/projects/PRJEB30282/archive_metadata.html || data/adna/governance/source_library/papers/10.1073-pnas.1901169116/supplementary/pnas.1901169116.sd01.xlsx,supplementary_spreadsheet_row,sample_accession:SAMEA5161038 || Sheet1!row500,ENA archive metadata identifies sample SAMEA5161038 as Sus scrofa (tax_id 9823). || AA395 | previous_extraction_code=- | mtdna_accession=- | source=Benjamin Arbuckle | museum_or_sample_code=SUB014 | additional_sample_information=- | location=Suberde Höyük | country=Turkey | radiocarbon_lab=- | uncalibrated_date=- | uncalibrated_error=- | calibrated_from_bp=- | calibrated_to_bp=- | source_age=7500-7000 cal. BC | source_mean_years_bp=9250 | period=Neolithic | group=NEW-A | zooarch_status=Wild | combined_status=Wild | secondary_zooarch_status=Wild | published=N | chronology_disposition=refused_context_only_unresolved_age_semantics | domestication_disposition=excluded_wild,Suberde Höyük,,,Turkey,,,,,,Sample-level locality comes directly from the recovered sample source row.
Sus scrofa domesticus,pig,PRJEB30282,prjeb30282:samea5161039,SAMEA5161039,archive_project_sample_accession_anchor,archive_native,final,,Skagafjordur,direct_sample_site,data/adna/governance/source_library/projects/PRJEB30282/archive_metadata.html || data/adna/governance/source_library/papers/10.1073-pnas.1901169116/supplementary/pnas.1901169116.sd01.xlsx,supplementary_spreadsheet_row,sample_accession:SAMEA5161039 || Sheet1!row2188,ENA archive metadata identifies sample SAMEA5161039 as Sus scrofa (tax_id 9823). || AA400 | previous_extraction_code=- | mtdna_accession=- | source=Tom McGovern / Mike Church | museum_or_sample_code=SASS '06 Glaumbaer III SASS-06-1000 | additional_sample_information=- | location=Skagafjordur | country=Iceland | radiocarbon_lab=- | uncalibrated_date=- | uncalibrated_error=- | calibrated_from_bp=- | calibrated_to_bp=- | source_age=984-1104 cal AD | source_mean_years_bp=1065 | period=Viking Age - Medieval | group=EUD-A | zooarch_status=Domestic | combined_status=Domestic | secondary_zooarch_status=Domestic | published=N | chronology_disposition=refused_context_only_unresolved_age_semantics | domestication_disposition=excluded_unreviewed_domesticated_scope,Skagafjordur,,,Iceland,,,,,,Sample-level locality comes directly from the recovered sample source row.
Sus scrofa domesticus,pig,PRJEB30282,prjeb30282:samea5161040,SAMEA5161040,archive_project_sample_accession_anchor,archive_native,final,,Skagafjordur,direct_sample_site,data/adna/governance/source_library/projects/PRJEB30282/archive_metadata.html || data/adna/governance/source_library/papers/10.1073-pnas.1901169116/supplementary/pnas.1901169116.sd01.xlsx,supplementary_spreadsheet_row,sample_accession:SAMEA5161040 || Sheet1!row2189,ENA archive metadata identifies sample SAMEA5161040 as Sus scrofa (tax_id 9823). || AA401 | previous_extraction_code=- | mtdna_accession=- | source=Tom McGovern / Mike Church | museum_or_sample_code=SASS '06 Glaumbaer III SASS-06-1001 | additional_sample_information=- | location=Skagafjordur | country=Iceland | radiocarbon_lab=- | uncalibrated_date=- | uncalibrated_error=- | calibrated_from_bp=- | calibrated_to_bp=- | source_age=984-1104 cal AD | source_mean_years_bp=1065 | period=Viking Age - Medieval | group=EUD-A | zooarch_status=Domestic | combined_status=Domestic | secondary_zooarch_status=Domestic | published=N | chronology_disposition=refused_context_only_unresolved_age_semantics | domestication_disposition=excluded_unreviewed_domesticated_scope,Skagafjordur,,,Iceland,,,,,,Sample-level locality comes directly from the recovered sample source row.
Sus scrofa domesticus,pig,PRJEB30282,prjeb30282:samea5161041,SAMEA5161041,archive_project_sample_accession_anchor,archive_native,final,,Schela Cladovei,direct_sample_site,data/adna/governance/source_library/projects/PRJEB30282/archive_metadata.html || data/adna/governance/source_library/papers/10.1073-pnas.1901169116/supplementary/pnas.1901169116.sd01.xlsx,supplementary_spreadsheet_row,sample_accession:SAMEA5161041 || Sheet1!row256,"ENA archive metadata identifies sample SAMEA5161041 as Sus scrofa (tax_id 9823). || AA403 | previous_extraction_code=GL985 | mtdna_accession=- | source=Alexandru Dinu / Clive Bonsall | museum_or_sample_code=SC_2 / Area VI, 1992-6 | additional_sample_information=- | location=Schela Cladovei | country=Romania | radiocarbon_lab=- | uncalibrated_date=- | uncalibrated_error=- | calibrated_from_bp=- | calibrated_to_bp=- | source_age=- | source_mean_years_bp=- | period=Late Mesolithic or Early Neolithic | group=BLW-A | zooarch_status=Wild | combined_status=Wild | secondary_zooarch_status=Wild | published=N | chronology_disposition=unresolved_missing_source_mean | domestication_disposition=excluded_wild",Schela Cladovei,,,Romania,,,,,,Sample-level locality comes directly from the recovered sample source row.
Sus scrofa domesticus,pig,PRJEB30282,prjeb30282:samea5161042,SAMEA5161042,archive_project_sample_accession_anchor,archive_native,final,,Schela Cladovei,direct_sample_site,data/adna/governance/source_library/projects/PRJEB30282/archive_metadata.html || data/adna/governance/source_library/papers/10.1073-pnas.1901169116/supplementary/pnas.1901169116.sd01.xlsx,supplementary_spreadsheet_row,sample_accession:SAMEA5161042 || Sheet1!row258,"ENA archive metadata identifies sample SAMEA5161042 as Sus scrofa (tax_id 9823). || AA405 | previous_extraction_code=GL988 | mtdna_accession=- | source=Alexandru Dinu / Clive Bonsall | museum_or_sample_code=SC_5 / Area VI, 1992-6, 0.72m | additional_sample_information=- | location=Schela Cladovei | country=Romania | radiocarbon_lab=- | uncalibrated_date=- | uncalibrated_error=- | calibrated_from_bp=- | calibrated_to_bp=- | source_age=Late Mesolithic (~9,200-8,300 cal BP, mean age 8750 BP) or Early Neolithic (~8,000-7,600 cal BP, mean age 7800 BP) | source_mean_years_bp=8275 | period=Late Mesolithic | group=BLW-A | zooarch_status=Wild | combined_status=Wild | secondary_zooarch_status=Wild | published=Y | chronology_disposition=refused_context_only_unresolved_age_semantics | domestication_disposition=excluded_wild",Schela Cladovei,,,Romania,,,,,,Sample-level locality comes directly from the recovered sample source row.
Sus scrofa domesticus,pig,PRJEB30282,prjeb30282:samea5161043,SAMEA5161043,archive_project_sample_accession_anchor,archive_native,final,,Albertfalva Roman vicus (Budapest),direct_sample_site,data/adna/governance/source_library/projects/PRJEB30282/archive_metadata.html || data/adna/governance/source_library/papers/10.1073-pnas.1901169116/supplementary/pnas.1901169116.sd01.xlsx,supplementary_spreadsheet_row,sample_accession:SAMEA5161043 || Sheet1!row1148,ENA archive metadata identifies sample SAMEA5161043 as Sus scrofa (tax_id 9823). || AA408 | previous_extraction_code=- | mtdna_accession=- | source=Keith Dobney / László Bartosiewicz | museum_or_sample_code=- | additional_sample_information=Albertfalva - Roman vicus | location=Albertfalva Roman vicus (Budapest) | country=Hungary | radiocarbon_lab=- | uncalibrated_date=- | uncalibrated_error=- | calibrated_from_bp=- | calibrated_to_bp=- | source_age=2/3rd cent AD | source_mean_years_bp=1800 | period=- | group=EUU-A | zooarch_status=Unknown | combined_status=Unknown | secondary_zooarch_status=Unknown | published=N | chronology_disposition=refused_context_only_unresolved_age_semantics | domestication_disposition=excluded_domestication_unknown,Albertfalva Roman vicus (Budapest),,,Hungary,,,,,,Sample-level locality comes directly from the recovered sample source row.
Sus scrofa domesticus,pig,PRJEB30282,prjeb30282:samea5161044,SAMEA5161044,archive_project_sample_accession_anchor,archive_native,final,,Albertfalva Roman vicus (Budapest),direct_sample_site,data/adna/governance/source_library/projects/PRJEB30282/archive_metadata.html || data/adna/governance/source_library/papers/10.1073-pnas.1901169116/supplementary/pnas.1901169116.sd01.xlsx,supplementary_spreadsheet_row,sample_accession:SAMEA5161044 || Sheet1!row1149,"ENA archive metadata identifies sample SAMEA5161044 as Sus scrofa (tax_id 9823). || AA409 | previous_extraction_code=- | mtdna_accession=- | source=Keith Dobney / László Bartosiewicz | museum_or_sample_code=- | additional_sample_information=Albertfalva - Mortorway 6 / Prehistoric settlement remains, Feature 34, 2002 | location=Albertfalva Roman vicus (Budapest) | country=Hungary | radiocarbon_lab=- | uncalibrated_date=- | uncalibrated_error=- | calibrated_from_bp=- | calibrated_to_bp=- | source_age=2/3rd cent AD | source_mean_years_bp=1800 | period=Roman | group=EUU-A | zooarch_status=Unknown | combined_status=Unknown | secondary_zooarch_status=Unknown | published=N | chronology_disposition=refused_context_only_unresolved_age_semantics | domestication_disposition=excluded_domestication_unknown",Albertfalva Roman vicus (Budapest),,,Hungary,,,,,,Sample-level locality comes directly from the recovered sample source row.
Sus scrofa domesticus,pig,PRJEB30282,prjeb30282:samea5161045,SAMEA5161045,archive_project_sample_accession_anchor,archive_native,final,,Undir Junkariusfløtti,direct_sample_site,data/adna/governance/source_library/projects/PRJEB30282/archive_metadata.html || data/adna/governance/source_library/papers/10.1073-pnas.1901169116/supplementary/pnas.1901169116.sd01.xlsx,supplementary_spreadsheet_row,sample_accession:SAMEA5161045 || Sheet1!row2190,"ENA archive metadata identifies sample SAMEA5161045 as Sus scrofa (tax_id 9823). || AA411 | previous_extraction_code=SF010 | mtdna_accession=- | source=Tom McGovern / Mike Church | museum_or_sample_code=10 UJF 06 UJF-06-88 | additional_sample_information=Context 338, UJF Phase 2 | location=Undir Junkariusfløtti | country=Faroes | radiocarbon_lab=- | uncalibrated_date=- | uncalibrated_error=- | calibrated_from_bp=- | calibrated_to_bp=- | source_age=1010-1220 cal AD | source_mean_years_bp=885 | period=Norse Period | group=EUD-A | zooarch_status=Domestic | combined_status=Domestic | secondary_zooarch_status=Domestic | published=N | chronology_disposition=refused_context_only_unresolved_age_semantics | domestication_disposition=excluded_unreviewed_domesticated_scope",Undir Junkariusfløtti,,,Faroes,,,,,,Sample-level locality comes directly from the recovered sample source row.
Sus scrofa domesticus,pig,PRJEB30282,prjeb30282:samea5161046,SAMEA5161046,archive_project_sample_accession_anchor,archive_native,final,,Undir Junkariusfløtti,direct_sample_site,data/adna/governance/source_library/projects/PRJEB30282/archive_metadata.html || data/adna/governance/source_library/papers/10.1073-pnas.1901169116/supplementary/pnas.1901169116.sd01.xlsx,supplementary_spreadsheet_row,sample_accession:SAMEA5161046 || Sheet1!row2191,"ENA archive metadata identifies sample SAMEA5161046 as Sus scrofa (tax_id 9823). || AA412 | previous_extraction_code=SF011 | mtdna_accession=- | source=Tom McGovern / Mike Church | museum_or_sample_code=11 UJF 06 UJF-06-87 | additional_sample_information=Context 337, UJF Phase 2 | location=Undir Junkariusfløtti | country=Faroes | radiocarbon_lab=- | uncalibrated_date=- | uncalibrated_error=- | calibrated_from_bp=- | calibrated_to_bp=- | source_age=1010-1220 cal AD | source_mean_years_bp=885 | period=Norse Period | group=EUD-A | zooarch_status=Domestic | combined_status=Domestic | secondary_zooarch_status=Domestic | published=N | chronology_disposition=refused_context_only_unresolved_age_semantics | domestication_disposition=excluded_unreviewed_domesticated_scope",Undir Junkariusfløtti,,,Faroes,,,,,,Sample-level locality comes directly from the recovered sample source row.
Sus scrofa domesticus,pig,PRJEB30282,prjeb30282:samea5161047,SAMEA5161047,archive_project_sample_accession_anchor,archive_native,final,,Undir Junkariusfløtti,direct_sample_site,data/adna/governance/source_library/projects/PRJEB30282/archive_metadata.html || data/adna/governance/source_library/papers/10.1073-pnas.1901169116/supplementary/pnas.1901169116.sd01.xlsx,supplementary_spreadsheet_row,sample_accession:SAMEA5161047 || Sheet1!row2192,"ENA archive metadata identifies sample SAMEA5161047 as Sus scrofa (tax_id 9823). || AA413 | previous_extraction_code=SF012 | mtdna_accession=- | source=Tom McGovern / Mike Church | museum_or_sample_code=12 UJF 06 UJF-06-85 | additional_sample_information=Context 337, UJF Phase 2 | location=Undir Junkariusfløtti | country=Faroes | radiocarbon_lab=- | uncalibrated_date=- | uncalibrated_error=- | calibrated_from_bp=- | calibrated_to_bp=- | source_age=1010-1220 cal AD | source_mean_years_bp=885 | period=Norse Period | group=EUD-A | zooarch_status=Domestic | combined_status=Domestic | secondary_zooarch_status=Domestic | published=N | chronology_disposition=refused_context_only_unresolved_age_semantics | domestication_disposition=excluded_unreviewed_domesticated_scope",Undir Junkariusfløtti,,,Faroes,,,,,,Sample-level locality comes directly from the recovered sample source row.
Sus scrofa domesticus,pig,PRJEB30282,prjeb30282:samea5161048,SAMEA5161048,archive_project_sample_accession_anchor,archive_native,final,,Undir Junkariusfløtti,direct_sample_site,data/adna/governance/source_library/projects/PRJEB30282/archive_metadata.html || data/adna/governance/source_library/papers/10.1073-pnas.1901169116/supplementary/pnas.1901169116.sd01.xlsx,supplementary_spreadsheet_row,sample_accession:SAMEA5161048 || Sheet1!row2193,"ENA archive metadata identifies sample SAMEA5161048 as Sus scrofa (tax_id 9823). || AA414 | previous_extraction_code=SF013 | mtdna_accession=- | source=Tom McGovern / Mike Church | museum_or_sample_code=13 UJF 06 UJF-06-86 | additional_sample_information=Context 337, UJF Phase 2 | location=Undir Junkariusfløtti | country=Faroes | radiocarbon_lab=- | uncalibrated_date=- | uncalibrated_error=- | calibrated_from_bp=- | calibrated_to_bp=- | source_age=1010-1220 cal AD | source_mean_years_bp=885 | period=Norse Period | group=EUD-A | zooarch_status=Domestic | combined_status=Domestic | secondary_zooarch_status=Domestic | published=N | chronology_disposition=refused_context_only_unresolved_age_semantics | domestication_disposition=excluded_unreviewed_domesticated_scope",Undir Junkariusfløtti,,,Faroes,,,,,,Sample-level locality comes directly from the recovered sample source row.
Sus scrofa domesticus,pig,PRJEB30282,prjeb30282:samea5161049,SAMEA5161049,archive_project_sample_accession_anchor,archive_native,final,,Undir Junkariusfløtti,direct_sample_site,data/adna/governance/source_library/projects/PRJEB30282/archive_metadata.html || data/adna/governance/source_library/papers/10.1073-pnas.1901169116/supplementary/pnas.1901169116.sd01.xlsx,supplementary_spreadsheet_row,sample_accession:SAMEA5161049 || Sheet1!row2194,"ENA archive metadata identifies sample SAMEA5161049 as Sus scrofa (tax_id 9823). || AA415 | previous_extraction_code=SF014 | mtdna_accession=- | source=Tom McGovern / Mike Church | museum_or_sample_code=14 UJF 06 UJF-03-28 | additional_sample_information=Context 20, UJF Phase 2 | location=Undir Junkariusfløtti | country=Faroes | radiocarbon_lab=- | uncalibrated_date=- | uncalibrated_error=- | calibrated_from_bp=- | calibrated_to_bp=- | source_age=1010-1220 cal AD | source_mean_years_bp=885 | period=Norse Period | group=EUD-A | zooarch_status=Domestic | combined_status=Domestic | secondary_zooarch_status=Domestic | published=N | chronology_disposition=refused_context_only_unresolved_age_semantics | domestication_disposition=excluded_unreviewed_domesticated_scope",Undir Junkariusfløtti,,,Faroes,,,,,,Sample-level locality comes directly from the recovered sample source row.
Sus scrofa domesticus,pig,PRJEB30282,prjeb30282:samea5161050,SAMEA5161050,archive_project_sample_accession_anchor,archive_native,final,,Undir Junkariusfløtti,direct_sample_site,data/adna/governance/source_library/projects/PRJEB30282/archive_metadata.html || data/adna/governance/source_library/papers/10.1073-pnas.1901169116/supplementary/pnas.1901169116.sd01.xlsx,supplementary_spreadsheet_row,sample_accession:SAMEA5161050 || Sheet1!row2195,"ENA archive metadata identifies sample SAMEA5161050 as Sus scrofa (tax_id 9823). || AA416 | previous_extraction_code=SF015 | mtdna_accession=- | source=Tom McGovern / Mike Church | museum_or_sample_code=15 UJF 06 UJF-06-89 | additional_sample_information=Context 339, UJF Phase 2 | location=Undir Junkariusfløtti | country=Faroes | radiocarbon_lab=- | uncalibrated_date=- | uncalibrated_error=- | calibrated_from_bp=- | calibrated_to_bp=- | source_age=1010-1220 cal AD | source_mean_years_bp=885 | period=Norse Period | group=EUD-A | zooarch_status=Domestic | combined_status=Domestic | secondary_zooarch_status=Domestic | published=N | chronology_disposition=refused_context_only_unresolved_age_semantics | domestication_disposition=excluded_unreviewed_domesticated_scope",Undir Junkariusfløtti,,,Faroes,,,,,,Sample-level locality comes directly from the recovered sample source row.
Sus scrofa domesticus,pig,PRJEB30282,prjeb30282:samea5161051,SAMEA5161051,archive_project_sample_accession_anchor,archive_native,final,,Undir Junkariusfløtti,direct_sample_site,data/adna/governance/source_library/projects/PRJEB30282/archive_metadata.html || data/adna/governance/source_library/papers/10.1073-pnas.1901169116/supplementary/pnas.1901169116.sd01.xlsx,supplementary_spreadsheet_row,sample_accession:SAMEA5161051 || Sheet1!row2196,ENA archive metadata identifies sample SAMEA5161051 as Sus scrofa (tax_id 9823). || AA417 | previous_extraction_code=SF016 | mtdna_accession=- | source=Tom McGovern / Mike Church | museum_or_sample_code=16 UJF 06 UJF-03-29 | additional_sample_information=Context 20. UJF Phase 2 | location=Undir Junkariusfløtti | country=Faroes | radiocarbon_lab=- | uncalibrated_date=- | uncalibrated_error=- | calibrated_from_bp=- | calibrated_to_bp=- | source_age=1010-1220 cal AD | source_mean_years_bp=885 | period=Norse Period | group=EUD-A | zooarch_status=Domestic | combined_status=Domestic | secondary_zooarch_status=Domestic | published=N | chronology_disposition=refused_context_only_unresolved_age_semantics | domestication_disposition=excluded_unreviewed_domesticated_scope,Undir Junkariusfløtti,,,Faroes,,,,,,Sample-level locality comes directly from the recovered sample source row.
Sus scrofa domesticus,pig,PRJEB30282,prjeb30282:samea5161052,SAMEA5161052,archive_project_sample_accession_anchor,archive_native,final,,Undir Junkariusfløtti,direct_sample_site,data/adna/governance/source_library/projects/PRJEB30282/archive_metadata.html || data/adna/governance/source_library/papers/10.1073-pnas.1901169116/supplementary/pnas.1901169116.sd01.xlsx,supplementary_spreadsheet_row,sample_accession:SAMEA5161052 || Sheet1!row2197,"ENA archive metadata identifies sample SAMEA5161052 as Sus scrofa (tax_id 9823). || AA418 | previous_extraction_code=SF017 | mtdna_accession=- | source=Tom McGovern / Mike Church | museum_or_sample_code=17 UJF 06 UJF-06-90 | additional_sample_information=Context 339, UJF Phase 2 | location=Undir Junkariusfløtti | country=Faroes | radiocarbon_lab=- | uncalibrated_date=- | uncalibrated_error=- | calibrated_from_bp=- | calibrated_to_bp=- | source_age=1010-1220 cal AD | source_mean_years_bp=885 | period=Norse Period | group=EUD-A | zooarch_status=Domestic | combined_status=Domestic | secondary_zooarch_status=Domestic | published=N | chronology_disposition=refused_context_only_unresolved_age_semantics | domestication_disposition=excluded_unreviewed_domesticated_scope",Undir Junkariusfløtti,,,Faroes,,,,,,Sample-level locality comes directly from the recovered sample source row.
Sus scrofa domesticus,pig,PRJEB30282,prjeb30282:samea5161053,SAMEA5161053,archive_project_sample_accession_anchor,archive_native,final,,Vinča Belo Brdo,direct_sample_site,data/adna/governance/source_library/projects/PRJEB30282/archive_metadata.html || data/adna/governance/source_library/papers/10.1073-pnas.1901169116/supplementary/pnas.1901169116.sd01.xlsx,supplementary_spreadsheet_row,sample_accession:SAMEA5161053 || Sheet1!row2277,"ENA archive metadata identifies sample SAMEA5161053 as Sus scrofa (tax_id 9823). || AA420 | previous_extraction_code=LG051 | mtdna_accession=- | source=Vesna Dimitrijevic | museum_or_sample_code=BEO BB 01/160/1 / SE_BB_01 | additional_sample_information=Vinča Culture | location=Vinča Belo Brdo | country=Serbia | radiocarbon_lab=- | uncalibrated_date=- | uncalibrated_error=- | calibrated_from_bp=- | calibrated_to_bp=- | source_age=Mid 5th Millennium BC | source_mean_years_bp=6500 | period=Vinča culture, Late Neolithic | group=EUD-A | zooarch_status=Wild | combined_status=Wild | secondary_zooarch_status=Wild | published=N | chronology_disposition=refused_context_only_unresolved_age_semantics | domestication_disposition=excluded_wild",Vinča Belo Brdo,,,Serbia,,,,,,Sample-level locality comes directly from the recovered sample source row.
Sus scrofa domesticus,pig,PRJEB30282,prjeb30282:samea5161054,SAMEA5161054,archive_project_sample_accession_anchor,archive_native,final,,Vinča Belo Brdo,direct_sample_site,data/adna/governance/source_library/projects/PRJEB30282/archive_metadata.html || data/adna/governance/source_library/papers/10.1073-pnas.1901169116/supplementary/pnas.1901169116.sd01.xlsx,supplementary_spreadsheet_row,sample_accession:SAMEA5161054 || Sheet1!row2281,"ENA archive metadata identifies sample SAMEA5161054 as Sus scrofa (tax_id 9823). || AA424 | previous_extraction_code=LG055 | mtdna_accession=- | source=Vesna Dimitrijevic | museum_or_sample_code=BEO BB 15/3 / SE_BB_05 | additional_sample_information=Vinča Culture | location=Vinča Belo Brdo | country=Serbia | radiocarbon_lab=- | uncalibrated_date=- | uncalibrated_error=- | calibrated_from_bp=- | calibrated_to_bp=- | source_age=Mid 5th Millennium BC | source_mean_years_bp=6500 | period=Vinča culture, Late Neolithic | group=EUD-A | zooarch_status=Domestic | combined_status=Domestic | secondary_zooarch_status=Domestic | published=N | chronology_disposition=refused_context_only_unresolved_age_semantics | domestication_disposition=excluded_unreviewed_domesticated_scope",Vinča Belo Brdo,,,Serbia,,,,,,Sample-level locality comes directly from the recovered sample source row.
Sus scrofa domesticus,pig,PRJEB30282,prjeb30282:samea5161055,SAMEA5161055,archive_project_sample_accession_anchor,archive_native,final,,Vinča Belo Brdo,direct_sample_site,data/adna/governance/source_library/projects/PRJEB30282/archive_metadata.html || data/adna/governance/source_library/papers/10.1073-pnas.1901169116/supplementary/pnas.1901169116.sd01.xlsx,supplementary_spreadsheet_row,sample_accession:SAMEA5161055 || Sheet1!row2282,"ENA archive metadata identifies sample SAMEA5161055 as Sus scrofa (tax_id 9823). || AA425 | previous_extraction_code=LG056 | mtdna_accession=- | source=Vesna Dimitrijevic | museum_or_sample_code=BEO 4/19/98-V / SE_BB_06 | additional_sample_information=Vinča Culture | location=Vinča Belo Brdo | country=Serbia | radiocarbon_lab=- | uncalibrated_date=- | uncalibrated_error=- | calibrated_from_bp=- | calibrated_to_bp=- | source_age=Mid 5th Millennium BC | source_mean_years_bp=6500 | period=Vinča culture, Late Neolithic | group=EUD-A | zooarch_status=Domestic | combined_status=Domestic | secondary_zooarch_status=Domestic | published=N | chronology_disposition=refused_context_only_unresolved_age_semantics | domestication_disposition=excluded_unreviewed_domesticated_scope",Vinča Belo Brdo,,,Serbia,,,,,,Sample-level locality comes directly from the recovered sample source row.
Sus scrofa domesticus,pig,PRJEB30282,prjeb30282:samea5161056,SAMEA5161056,archive_project_sample_accession_anchor,archive_native,final,,Undir Junkariusfløtti,direct_sample_site,data/adna/governance/source_library/projects/PRJEB30282/archive_metadata.html || data/adna/governance/source_library/papers/10.1073-pnas.1901169116/supplementary/pnas.1901169116.sd01.xlsx,supplementary_spreadsheet_row,sample_accession:SAMEA5161056 || Sheet1!row2199,"ENA archive metadata identifies sample SAMEA5161056 as Sus scrofa (tax_id 9823). || AA433 | previous_extraction_code=SF002 | mtdna_accession=- | source=Tom McGovern / Mike Church | museum_or_sample_code=SF002 / Ref No. UJF3-04 | additional_sample_information=Context 06, UJF Phase 3 | location=Undir Junkariusfløtti | country=Faroes | radiocarbon_lab=- | uncalibrated_date=- | uncalibrated_error=- | calibrated_from_bp=- | calibrated_to_bp=- | source_age=1010-1220 cal AD | source_mean_years_bp=885 | period=Norse Period | group=EUD-A | zooarch_status=Domestic | combined_status=Domestic | secondary_zooarch_status=Domestic | published=N | chronology_disposition=refused_context_only_unresolved_age_semantics | domestication_disposition=excluded_unreviewed_domesticated_scope",Undir Junkariusfløtti,,,Faroes,,,,,,Sample-level locality comes directly from the recovered sample source row.
Sus scrofa domesticus,pig,PRJEB30282,prjeb30282:samea5161057,SAMEA5161057,archive_project_sample_accession_anchor,archive_native,final,,Undir Junkariusfløtti,direct_sample_site,data/adna/governance/source_library/projects/PRJEB30282/archive_metadata.html || data/adna/governance/source_library/papers/10.1073-pnas.1901169116/supplementary/pnas.1901169116.sd01.xlsx,supplementary_spreadsheet_row,sample_accession:SAMEA5161057 || Sheet1!row2203,"ENA archive metadata identifies sample SAMEA5161057 as Sus scrofa (tax_id 9823). || AA437 | previous_extraction_code=SF006 | mtdna_accession=- | source=Tom McGovern / Mike Church | museum_or_sample_code=SF006 / Ref No. UJF3-05 | additional_sample_information=Context 06, UJF Phase 3 | location=Undir Junkariusfløtti | country=Faroes | radiocarbon_lab=- | uncalibrated_date=- | uncalibrated_error=- | calibrated_from_bp=- | calibrated_to_bp=- | source_age=1010-1220 cal AD | source_mean_years_bp=885 | period=Norse Period | group=EUD-A | zooarch_status=Domestic | combined_status=Domestic | secondary_zooarch_status=Domestic | published=N | chronology_disposition=refused_context_only_unresolved_age_semantics | domestication_disposition=excluded_unreviewed_domesticated_scope",Undir Junkariusfløtti,,,Faroes,,,,,,Sample-level locality comes directly from the recovered sample source row.
Sus scrofa domesticus,pig,PRJEB30282,prjeb30282:samea5161058,SAMEA5161058,archive_project_sample_accession_anchor,archive_native,final,,Undir Junkariusfløtti,direct_sample_site,data/adna/governance/source_library/projects/PRJEB30282/archive_metadata.html || data/adna/governance/source_library/papers/10.1073-pnas.1901169116/supplementary/pnas.1901169116.sd01.xlsx,supplementary_spreadsheet_row,sample_accession:SAMEA5161058 || Sheet1!row2205,"ENA archive metadata identifies sample SAMEA5161058 as Sus scrofa (tax_id 9823). || AA439 | previous_extraction_code=SF008 | mtdna_accession=- | source=Tom McGovern / Mike Church | museum_or_sample_code=SF008 / Ref No. UJF2-02 | additional_sample_information=Context 339, UJF Phase 2 | location=Undir Junkariusfløtti | country=Faroes | radiocarbon_lab=- | uncalibrated_date=- | uncalibrated_error=- | calibrated_from_bp=- | calibrated_to_bp=- | source_age=1010-1220 cal AD | source_mean_years_bp=885 | period=Norse Period | group=EUD-A | zooarch_status=Domestic | combined_status=Domestic | secondary_zooarch_status=Domestic | published=N | chronology_disposition=refused_context_only_unresolved_age_semantics | domestication_disposition=excluded_unreviewed_domesticated_scope",Undir Junkariusfløtti,,,Faroes,,,,,,Sample-level locality comes directly from the recovered sample source row.
Sus scrofa domesticus,pig,PRJEB30282,prjeb30282:samea5161059,SAMEA5161059,archive_project_sample_accession_anchor,archive_native,final,,Undir Junkariusfløtti,direct_sample_site,data/adna/governance/source_library/projects/PRJEB30282/archive_metadata.html || data/adna/governance/source_library/papers/10.1073-pnas.1901169116/supplementary/pnas.1901169116.sd01.xlsx,supplementary_spreadsheet_row,sample_accession:SAMEA5161059 || Sheet1!row2206,"ENA archive metadata identifies sample SAMEA5161059 as Sus scrofa (tax_id 9823). || AA440 | previous_extraction_code=SF009 | mtdna_accession=- | source=Tom McGovern / Mike Church | museum_or_sample_code=SF009 / Ref No. UJF3-03 | additional_sample_information=Context 06, UJF Phase 3 | location=Undir Junkariusfløtti | country=Faroes | radiocarbon_lab=- | uncalibrated_date=- | uncalibrated_error=- | calibrated_from_bp=- | calibrated_to_bp=- | source_age=1010-1220 cal AD | source_mean_years_bp=885 | period=Norse Period | group=EUD-A | zooarch_status=Domestic | combined_status=Domestic | secondary_zooarch_status=Domestic | published=N | chronology_disposition=refused_context_only_unresolved_age_semantics | domestication_disposition=excluded_unreviewed_domesticated_scope",Undir Junkariusfløtti,,,Faroes,,,,,,Sample-level locality comes directly from the recovered sample source row.
Sus scrofa domesticus,pig,PRJEB30282,prjeb30282:samea5161060,SAMEA5161060,archive_project_sample_accession_anchor,archive_native,final,,Undir Junkariusfløtti,direct_sample_site,data/adna/governance/source_library/projects/PRJEB30282/archive_metadata.html || data/adna/governance/source_library/papers/10.1073-pnas.1901169116/supplementary/pnas.1901169116.sd01.xlsx,supplementary_spreadsheet_row,sample_accession:SAMEA5161060 || Sheet1!row2207,"ENA archive metadata identifies sample SAMEA5161060 as Sus scrofa (tax_id 9823). || AA441 | previous_extraction_code=SF018 | mtdna_accession=- | source=Tom McGovern / Mike Church | museum_or_sample_code=SF018 / Ref No. UJF-03-34 | additional_sample_information=Context 06, UJF Phase 3 | location=Undir Junkariusfløtti | country=Faroes | radiocarbon_lab=- | uncalibrated_date=- | uncalibrated_error=- | calibrated_from_bp=- | calibrated_to_bp=- | source_age=1010-1220 cal AD | source_mean_years_bp=885 | period=Norse Period | group=EUD-A | zooarch_status=Domestic | combined_status=Domestic | secondary_zooarch_status=Domestic | published=N | chronology_disposition=refused_context_only_unresolved_age_semantics | domestication_disposition=excluded_unreviewed_domesticated_scope",Undir Junkariusfløtti,,,Faroes,,,,,,Sample-level locality comes directly from the recovered sample source row.
Sus scrofa domesticus,pig,PRJEB30282,prjeb30282:samea5161061,SAMEA5161061,archive_project_sample_accession_anchor,archive_native,final,,Undir Junkariusfløtti,direct_sample_site,data/adna/governance/source_library/projects/PRJEB30282/archive_metadata.html || data/adna/governance/source_library/papers/10.1073-pnas.1901169116/supplementary/pnas.1901169116.sd01.xlsx,supplementary_spreadsheet_row,sample_accession:SAMEA5161061 || Sheet1!row2208,"ENA archive metadata identifies sample SAMEA5161061 as Sus scrofa (tax_id 9823). || AA442 | previous_extraction_code=SF019 | mtdna_accession=- | source=Tom McGovern / Mike Church | museum_or_sample_code=SF019 / Ref No. UJF-05-48 | additional_sample_information=Context 06, UJF Phase 3 | location=Undir Junkariusfløtti | country=Faroes | radiocarbon_lab=- | uncalibrated_date=- | uncalibrated_error=- | calibrated_from_bp=- | calibrated_to_bp=- | source_age=1010-1220 cal AD | source_mean_years_bp=885 | period=Norse Period | group=EUD-A | zooarch_status=Domestic | combined_status=Domestic | secondary_zooarch_status=Domestic | published=N | chronology_disposition=refused_context_only_unresolved_age_semantics | domestication_disposition=excluded_unreviewed_domesticated_scope",Undir Junkariusfløtti,,,Faroes,,,,,,Sample-level locality comes directly from the recovered sample source row.
Sus scrofa domesticus,pig,PRJEB30282,prjeb30282:samea5161062,SAMEA5161062,archive_project_sample_accession_anchor,archive_native,final,,Undir Junkariusfløtti,direct_sample_site,data/adna/governance/source_library/projects/PRJEB30282/archive_metadata.html || data/adna/governance/source_library/papers/10.1073-pnas.1901169116/supplementary/pnas.1901169116.sd01.xlsx,supplementary_spreadsheet_row,sample_accession:SAMEA5161062 || Sheet1!row2209,"ENA archive metadata identifies sample SAMEA5161062 as Sus scrofa (tax_id 9823). || AA443 | previous_extraction_code=SF020 | mtdna_accession=- | source=Tom McGovern / Mike Church | museum_or_sample_code=SF020 / Ref No. UJF-03-33 | additional_sample_information=Context 08, UJF Phase 3 | location=Undir Junkariusfløtti | country=Faroes | radiocarbon_lab=- | uncalibrated_date=- | uncalibrated_error=- | calibrated_from_bp=- | calibrated_to_bp=- | source_age=1010-1220 cal AD | source_mean_years_bp=885 | period=Norse Period | group=EUD-A | zooarch_status=Domestic | combined_status=Domestic | secondary_zooarch_status=Domestic | published=N | chronology_disposition=refused_context_only_unresolved_age_semantics | domestication_disposition=excluded_unreviewed_domesticated_scope",Undir Junkariusfløtti,,,Faroes,,,,,,Sample-level locality comes directly from the recovered sample source row.
Sus scrofa domesticus,pig,PRJEB30282,prjeb30282:samea5161063,SAMEA5161063,archive_project_sample_accession_anchor,archive_native,final,,Undir Junkariusfløtti,direct_sample_site,data/adna/governance/source_library/projects/PRJEB30282/archive_metadata.html || data/adna/governance/source_library/papers/10.1073-pnas.1901169116/supplementary/pnas.1901169116.sd01.xlsx,supplementary_spreadsheet_row,sample_accession:SAMEA5161063 || Sheet1!row2210,"ENA archive metadata identifies sample SAMEA5161063 as Sus scrofa (tax_id 9823). || AA444 | previous_extraction_code=SF021 | mtdna_accession=- | source=Tom McGovern / Mike Church | museum_or_sample_code=SF021 / Ref No. UJF-04-16 | additional_sample_information=Context 107, UJF Phase 3 | location=Undir Junkariusfløtti | country=Faroes | radiocarbon_lab=- | uncalibrated_date=- | uncalibrated_error=- | calibrated_from_bp=- | calibrated_to_bp=- | source_age=1010-1220 cal AD | source_mean_years_bp=885 | period=Norse Period | group=EUD-A | zooarch_status=Domestic | combined_status=Domestic | secondary_zooarch_status=Domestic | published=N | chronology_disposition=refused_context_only_unresolved_age_semantics | domestication_disposition=excluded_unreviewed_domesticated_scope",Undir Junkariusfløtti,,,Faroes,,,,,,Sample-level locality comes directly from the recovered sample source row.
Sus scrofa domesticus,pig,PRJEB30282,prjeb30282:samea5161064,SAMEA5161064,archive_project_sample_accession_anchor,archive_native,final,,Undir Junkariusfløtti,direct_sample_site,data/adna/governance/source_library/projects/PRJEB30282/archive_metadata.html || data/adna/governance/source_library/papers/10.1073-pnas.1901169116/supplementary/pnas.1901169116.sd01.xlsx,supplementary_spreadsheet_row,sample_accession:SAMEA5161064 || Sheet1!row2212,"ENA archive metadata identifies sample SAMEA5161064 as Sus scrofa (tax_id 9823). || AA446 | previous_extraction_code=SF024 | mtdna_accession=- | source=Tom McGovern / Mike Church | museum_or_sample_code=SF023 / Ref No. UJF-04-17 | additional_sample_information=Context 111, UJF Phase 3 | location=Undir Junkariusfløtti | country=Faroes | radiocarbon_lab=- | uncalibrated_date=- | uncalibrated_error=- | calibrated_from_bp=- | calibrated_to_bp=- | source_age=880-1220 cal AD | source_mean_years_bp=950 | period=Norse Period | group=EUD-A | zooarch_status=Domestic | combined_status=Domestic | secondary_zooarch_status=Domestic | published=N | chronology_disposition=refused_context_only_unresolved_age_semantics | domestication_disposition=excluded_unreviewed_domesticated_scope",Undir Junkariusfløtti,,,Faroes,,,,,,Sample-level locality comes directly from the recovered sample source row.
Sus scrofa domesticus,pig,PRJEB30282,prjeb30282:samea5161065,SAMEA5161065,archive_project_sample_accession_anchor,archive_native,final,,Undir Junkariusfløtti,direct_sample_site,data/adna/governance/source_library/projects/PRJEB30282/archive_metadata.html || data/adna/governance/source_library/papers/10.1073-pnas.1901169116/supplementary/pnas.1901169116.sd01.xlsx,supplementary_spreadsheet_row,sample_accession:SAMEA5161065 || Sheet1!row2213,"ENA archive metadata identifies sample SAMEA5161065 as Sus scrofa (tax_id 9823). || AA447 | previous_extraction_code=SF025 | mtdna_accession=- | source=Tom McGovern / Mike Church | museum_or_sample_code=SF024 / Ref No. UJF-03-30 | additional_sample_information=Context 22, UJF Phase 1 | location=Undir Junkariusfløtti | country=Faroes | radiocarbon_lab=- | uncalibrated_date=- | uncalibrated_error=- | calibrated_from_bp=- | calibrated_to_bp=- | source_age=880-1220 cal AD | source_mean_years_bp=950 | period=Norse Period | group=EUD-A | zooarch_status=Domestic | combined_status=Domestic | secondary_zooarch_status=Domestic | published=N | chronology_disposition=refused_context_only_unresolved_age_semantics | domestication_disposition=excluded_unreviewed_domesticated_scope",Undir Junkariusfløtti,,,Faroes,,,,,,Sample-level locality comes directly from the recovered sample source row.
Sus scrofa domesticus,pig,PRJEB30282,prjeb30282:samea5161066,SAMEA5161066,archive_project_sample_accession_anchor,archive_native,final,,Undir Junkariusfløtti,direct_sample_site,data/adna/governance/source_library/projects/PRJEB30282/archive_metadata.html || data/adna/governance/source_library/papers/10.1073-pnas.1901169116/supplementary/pnas.1901169116.sd01.xlsx,supplementary_spreadsheet_row,sample_accession:SAMEA5161066 || Sheet1!row2214,"ENA archive metadata identifies sample SAMEA5161066 as Sus scrofa (tax_id 9823). || AA448 | previous_extraction_code=SF026 | mtdna_accession=- | source=Tom McGovern / Mike Church | museum_or_sample_code=SF025 / Ref No. UJF-03-31 | additional_sample_information=Context 22, UJF Phase 1 | location=Undir Junkariusfløtti | country=Faroes | radiocarbon_lab=- | uncalibrated_date=- | uncalibrated_error=- | calibrated_from_bp=- | calibrated_to_bp=- | source_age=880-1220 cal AD | source_mean_years_bp=950 | period=Norse Period | group=EUD-A | zooarch_status=Domestic | combined_status=Domestic | secondary_zooarch_status=Domestic | published=N | chronology_disposition=refused_context_only_unresolved_age_semantics | domestication_disposition=excluded_unreviewed_domesticated_scope",Undir Junkariusfløtti,,,Faroes,,,,,,Sample-level locality comes directly from the recovered sample source row.
Sus scrofa domesticus,pig,PRJEB30282,prjeb30282:samea5161067,SAMEA5161067,archive_project_sample_accession_anchor,archive_native,final,,Undir Junkariusfløtti,direct_sample_site,data/adna/governance/source_library/projects/PRJEB30282/archive_metadata.html || data/adna/governance/source_library/papers/10.1073-pnas.1901169116/supplementary/pnas.1901169116.sd01.xlsx,supplementary_spreadsheet_row,sample_accession:SAMEA5161067 || Sheet1!row2215,"ENA archive metadata identifies sample SAMEA5161067 as Sus scrofa (tax_id 9823). || AA449 | previous_extraction_code=SF027 | mtdna_accession=- | source=Tom McGovern / Mike Church | museum_or_sample_code=SF026 / Ref No. UJF-05-46 | additional_sample_information=Context 217, UJF Phase 1 | location=Undir Junkariusfløtti | country=Faroes | radiocarbon_lab=- | uncalibrated_date=- | uncalibrated_error=- | calibrated_from_bp=- | calibrated_to_bp=- | source_age=880-1220 cal AD | source_mean_years_bp=950 | period=Norse Period | group=EUD-A | zooarch_status=Domestic | combined_status=Domestic | secondary_zooarch_status=Domestic | published=N | chronology_disposition=refused_context_only_unresolved_age_semantics | domestication_disposition=excluded_unreviewed_domesticated_scope",Undir Junkariusfløtti,,,Faroes,,,,,,Sample-level locality comes directly from the recovered sample source row.
Sus scrofa domesticus,pig,PRJEB30282,prjeb30282:samea5161068,SAMEA5161068,archive_project_sample_accession_anchor,archive_native,final,,Undir Junkariusfløtti,direct_sample_site,data/adna/governance/source_library/projects/PRJEB30282/archive_metadata.html || data/adna/governance/source_library/papers/10.1073-pnas.1901169116/supplementary/pnas.1901169116.sd01.xlsx,supplementary_spreadsheet_row,sample_accession:SAMEA5161068 || Sheet1!row2216,"ENA archive metadata identifies sample SAMEA5161068 as Sus scrofa (tax_id 9823). || AA450 | previous_extraction_code=SF028 | mtdna_accession=- | source=Tom McGovern / Mike Church | museum_or_sample_code=SF027 / Ref No. UJF-06-91 | additional_sample_information=Context 348, UJF Phase 1 | location=Undir Junkariusfløtti | country=Faroes | radiocarbon_lab=- | uncalibrated_date=- | uncalibrated_error=- | calibrated_from_bp=- | calibrated_to_bp=- | source_age=880-1220 cal AD | source_mean_years_bp=950 | period=Norse Period | group=EUD-A | zooarch_status=Domestic | combined_status=Domestic | secondary_zooarch_status=Domestic | published=N | chronology_disposition=refused_context_only_unresolved_age_semantics | domestication_disposition=excluded_unreviewed_domesticated_scope",Undir Junkariusfløtti,,,Faroes,,,,,,Sample-level locality comes directly from the recovered sample source row.
Sus scrofa domesticus,pig,PRJEB30282,prjeb30282:samea5161069,SAMEA5161069,archive_project_sample_accession_anchor,archive_native,final,,Undir Junkariusfløtti,direct_sample_site,data/adna/governance/source_library/projects/PRJEB30282/archive_metadata.html || data/adna/governance/source_library/papers/10.1073-pnas.1901169116/supplementary/pnas.1901169116.sd01.xlsx,supplementary_spreadsheet_row,sample_accession:SAMEA5161069 || Sheet1!row2217,"ENA archive metadata identifies sample SAMEA5161069 as Sus scrofa (tax_id 9823). || AA451 | previous_extraction_code=SF028 | mtdna_accession=- | source=Tom McGovern / Mike Church | museum_or_sample_code=SF028 / Ref No. UJF-03-32 | additional_sample_information=Context 24, UJF Phase 1 | location=Undir Junkariusfløtti | country=Faroes | radiocarbon_lab=- | uncalibrated_date=- | uncalibrated_error=- | calibrated_from_bp=- | calibrated_to_bp=- | source_age=880-1220 cal AD | source_mean_years_bp=950 | period=Norse Period | group=EUD-A | zooarch_status=Domestic | combined_status=Domestic | secondary_zooarch_status=Domestic | published=N | chronology_disposition=refused_context_only_unresolved_age_semantics | domestication_disposition=excluded_unreviewed_domesticated_scope",Undir Junkariusfløtti,,,Faroes,,,,,,Sample-level locality comes directly from the recovered sample source row.
Sus scrofa domesticus,pig,PRJEB30282,prjeb30282:samea5161070,SAMEA5161070,archive_project_sample_accession_anchor,archive_native,final,,Wageningen,direct_sample_site,data/adna/governance/source_library/projects/PRJEB30282/archive_metadata.html || data/adna/governance/source_library/papers/10.1073-pnas.1901169116/supplementary/pnas.1901169116.sd01.xlsx,supplementary_spreadsheet_row,sample_accession:SAMEA5161070 || Sheet1!row2144,"ENA archive metadata identifies sample SAMEA5161070 as Sus scrofa (tax_id 9823). || AA453 | previous_extraction_code=- | mtdna_accession=- | source=Richard Crooijmans | museum_or_sample_code=SSZOD51, LL3 SSTOD51, D004637 | additional_sample_information=- | location=Wageningen | country=Netherlands | radiocarbon_lab=- | uncalibrated_date=- | uncalibrated_error=- | calibrated_from_bp=- | calibrated_to_bp=- | source_age=Modern | source_mean_years_bp=0 | period=Modern | group=EUU | zooarch_status=Unknown | combined_status=Unknown | secondary_zooarch_status=Unknown | published=N | chronology_disposition=refused_context_only_unresolved_age_semantics | domestication_disposition=excluded_domestication_unknown",Wageningen,,,Netherlands,,,,,,Sample-level locality comes directly from the recovered sample source row.
Sus scrofa domesticus,pig,PRJEB30282,prjeb30282:samea5161071,SAMEA5161071,archive_project_sample_accession_anchor,archive_native,final,,Pupicina,direct_sample_site,data/adna/governance/source_library/projects/PRJEB30282/archive_metadata.html || data/adna/governance/source_library/papers/10.1073-pnas.1901169116/supplementary/pnas.1901169116.sd01.xlsx,supplementary_spreadsheet_row,sample_accession:SAMEA5161071 || Sheet1!row2133,ENA archive metadata identifies sample SAMEA5161071 as Sus scrofa (tax_id 9823). || AA456 | previous_extraction_code=GL983 | mtdna_accession=- | source=Preston Miracle | museum_or_sample_code=PUP98 1161.7(202) | additional_sample_information=- | location=Pupicina | country=Croatia | radiocarbon_lab=- | uncalibrated_date=- | uncalibrated_error=- | calibrated_from_bp=- | calibrated_to_bp=- | source_age=9450-10050 cal. BP Beta-131626 | source_mean_years_bp=9750 | period=Mesolithic | group=EUW-A | zooarch_status=Wild | combined_status=Wild | secondary_zooarch_status=Wild | published=N | chronology_disposition=refused_context_only_unresolved_age_semantics | domestication_disposition=excluded_wild,Pupicina,,,Croatia,,,,,,Sample-level locality comes directly from the recovered sample source row.
Sus scrofa domesticus,pig,PRJEB30282,prjeb30282:samea5161072,SAMEA5161072,archive_project_sample_accession_anchor,archive_native,final,,Pupicina,direct_sample_site,data/adna/governance/source_library/projects/PRJEB30282/archive_metadata.html || data/adna/governance/source_library/papers/10.1073-pnas.1901169116/supplementary/pnas.1901169116.sd01.xlsx,supplementary_spreadsheet_row,sample_accession:SAMEA5161072 || Sheet1!row2134,ENA archive metadata identifies sample SAMEA5161072 as Sus scrofa (tax_id 9823). || AA457 | previous_extraction_code=GL979 | mtdna_accession=DQ872999 | source=Preston Miracle | museum_or_sample_code=Pup59 1250 | additional_sample_information=- | location=Pupicina | country=Croatia | radiocarbon_lab=- | uncalibrated_date=- | uncalibrated_error=- | calibrated_from_bp=- | calibrated_to_bp=- | source_age=9225-9310 cal. BP Beta-129332 | source_mean_years_bp=9268 | period=Mesolithic | group=EUW-A | zooarch_status=Wild | combined_status=Wild | secondary_zooarch_status=Wild | published=Y | chronology_disposition=refused_context_only_unresolved_age_semantics | domestication_disposition=excluded_wild,Pupicina,,,Croatia,,,,,,Sample-level locality comes directly from the recovered sample source row.
Sus scrofa domesticus,pig,PRJEB30282,prjeb30282:samea5161073,SAMEA5161073,archive_project_sample_accession_anchor,archive_native,final,,Pupicina,direct_sample_site,data/adna/governance/source_library/projects/PRJEB30282/archive_metadata.html || data/adna/governance/source_library/papers/10.1073-pnas.1901169116/supplementary/pnas.1901169116.sd01.xlsx,supplementary_spreadsheet_row,sample_accession:SAMEA5161073 || Sheet1!row2135,ENA archive metadata identifies sample SAMEA5161073 as Sus scrofa (tax_id 9823). || AA458 | previous_extraction_code=GL981 | mtdna_accession=- | source=Preston Miracle | museum_or_sample_code=Pup98 1207.17 (294) | additional_sample_information=- | location=Pupicina | country=Croatia | radiocarbon_lab=- | uncalibrated_date=- | uncalibrated_error=- | calibrated_from_bp=- | calibrated_to_bp=- | source_age=9450-10050 cal. BP Beta-131626 | source_mean_years_bp=9750 | period=Mesolithic | group=EUW-A | zooarch_status=Wild | combined_status=Wild | secondary_zooarch_status=Wild | published=N | chronology_disposition=refused_context_only_unresolved_age_semantics | domestication_disposition=excluded_wild,Pupicina,,,Croatia,,,,,,Sample-level locality comes directly from the recovered sample source row.
Sus scrofa domesticus,pig,PRJEB30282,prjeb30282:samea5161074,SAMEA5161074,archive_project_sample_accession_anchor,archive_native,final,,Pupicina,direct_sample_site,data/adna/governance/source_library/projects/PRJEB30282/archive_metadata.html || data/adna/governance/source_library/papers/10.1073-pnas.1901169116/supplementary/pnas.1901169116.sd01.xlsx,supplementary_spreadsheet_row,sample_accession:SAMEA5161074 || Sheet1!row2136,ENA archive metadata identifies sample SAMEA5161074 as Sus scrofa (tax_id 9823). || AA459 | previous_extraction_code=GL982 | mtdna_accession=- | source=Preston Miracle | museum_or_sample_code=Pup98 1161.1 (203) | additional_sample_information=- | location=Pupicina | country=Croatia | radiocarbon_lab=- | uncalibrated_date=- | uncalibrated_error=- | calibrated_from_bp=- | calibrated_to_bp=- | source_age=9450-10050 cal. BP Beta-131626 | source_mean_years_bp=9750 | period=Mesolithic | group=EUW-A | zooarch_status=Wild | combined_status=Wild | secondary_zooarch_status=Wild | published=N | chronology_disposition=refused_context_only_unresolved_age_semantics | domestication_disposition=excluded_wild,Pupicina,,,Croatia,,,,,,Sample-level locality comes directly from the recovered sample source row.
Sus scrofa domesticus,pig,PRJEB30282,prjeb30282:samea5161075,SAMEA5161075,archive_project_sample_accession_anchor,archive_native,final,,Eilsleben,direct_sample_site,data/adna/governance/source_library/projects/PRJEB30282/archive_metadata.html || data/adna/governance/source_library/papers/10.1073-pnas.1901169116/supplementary/pnas.1901169116.sd01.xlsx,supplementary_spreadsheet_row,sample_accession:SAMEA5161075 || Sheet1!row972,"ENA archive metadata identifies sample SAMEA5161075 as Sus scrofa (tax_id 9823). || AA460 | previous_extraction_code=GL972 | mtdna_accession=DQ873021 | source=Hans-Jürgen Döhle | museum_or_sample_code=85:128u | additional_sample_information=- | location=Eilsleben | country=Germany | radiocarbon_lab=- | uncalibrated_date=- | uncalibrated_error=- | calibrated_from_bp=- | calibrated_to_bp=- | source_age=5,500-5,000 cal. BC | source_mean_years_bp=7250 | period=LBK | group=EUD-A | zooarch_status=Domestic | combined_status=Domestic | secondary_zooarch_status=Domestic | published=Y | chronology_disposition=refused_context_only_unresolved_age_semantics | domestication_disposition=excluded_unreviewed_domesticated_scope",Eilsleben,,,Germany,,,,,,Sample-level locality comes directly from the recovered sample source row.
Sus scrofa domesticus,pig,PRJEB30282,prjeb30282:samea5161076,SAMEA5161076,archive_project_sample_accession_anchor,archive_native,final,,Eilsleben,direct_sample_site,data/adna/governance/source_library/projects/PRJEB30282/archive_metadata.html || data/adna/governance/source_library/papers/10.1073-pnas.1901169116/supplementary/pnas.1901169116.sd01.xlsx,supplementary_spreadsheet_row,sample_accession:SAMEA5161076 || Sheet1!row973,"ENA archive metadata identifies sample SAMEA5161076 as Sus scrofa (tax_id 9823). || AA461 | previous_extraction_code=GL977 | mtdna_accession=DQ873020 | source=Hans-Jürgen Döhle | museum_or_sample_code=83:828k | additional_sample_information=- | location=Eilsleben | country=Germany | radiocarbon_lab=- | uncalibrated_date=- | uncalibrated_error=- | calibrated_from_bp=- | calibrated_to_bp=- | source_age=5,500-5,000 cal. BC | source_mean_years_bp=7250 | period=LBK | group=EUU-A | zooarch_status=Unknown | combined_status=Unknown | secondary_zooarch_status=Unknown | published=Y | chronology_disposition=refused_context_only_unresolved_age_semantics | domestication_disposition=excluded_domestication_unknown",Eilsleben,,,Germany,,,,,,Sample-level locality comes directly from the recovered sample source row.
Sus scrofa domesticus,pig,PRJEB30282,prjeb30282:samea5161077,SAMEA5161077,archive_project_sample_accession_anchor,archive_native,final,,Eilsleben,direct_sample_site,data/adna/governance/source_library/projects/PRJEB30282/archive_metadata.html || data/adna/governance/source_library/papers/10.1073-pnas.1901169116/supplementary/pnas.1901169116.sd01.xlsx,supplementary_spreadsheet_row,sample_accession:SAMEA5161077 || Sheet1!row974,"ENA archive metadata identifies sample SAMEA5161077 as Sus scrofa (tax_id 9823). || AA462 | previous_extraction_code=GL123 | mtdna_accession=DQ873018 | source=Hans-Jürgen Döhle | museum_or_sample_code=76:471b / 21 / D002263 | additional_sample_information=- | location=Eilsleben | country=Germany | radiocarbon_lab=- | uncalibrated_date=- | uncalibrated_error=- | calibrated_from_bp=- | calibrated_to_bp=- | source_age=5,500-5,000 cal. BC | source_mean_years_bp=7250 | period=LBK | group=EUW-A | zooarch_status=Wild | combined_status=Wild | secondary_zooarch_status=Wild | published=Y | chronology_disposition=refused_context_only_unresolved_age_semantics | domestication_disposition=excluded_wild",Eilsleben,,,Germany,,,,,,Sample-level locality comes directly from the recovered sample source row.
Sus scrofa domesticus,pig,PRJEB30282,prjeb30282:samea5161078,SAMEA5161078,archive_project_sample_accession_anchor,archive_native,final,,Birsmatten-Basisgrotte,direct_sample_site,data/adna/governance/source_library/projects/PRJEB30282/archive_metadata.html || data/adna/governance/source_library/papers/10.1073-pnas.1901169116/supplementary/pnas.1901169116.sd01.xlsx,supplementary_spreadsheet_row,sample_accession:SAMEA5161078 || Sheet1!row1049,"ENA archive metadata identifies sample SAMEA5161078 as Sus scrofa (tax_id 9823). || AA463 | previous_extraction_code=LG702 | mtdna_accession=- | source=Jörg Schibler | museum_or_sample_code=BERN-BIR-03 | additional_sample_information=M. Naturhistorisches Museum Bern, Basel-Landschaft | location=Birsmatten-Basisgrotte | country=Switzerland | radiocarbon_lab=- | uncalibrated_date=- | uncalibrated_error=- | calibrated_from_bp=- | calibrated_to_bp=- | source_age=? | source_mean_years_bp=- | period=Mesolithic/Neolithic | group=EUU-A | zooarch_status=Unknown | combined_status=Unknown | secondary_zooarch_status=Unknown | published=N | chronology_disposition=unresolved_missing_source_mean | domestication_disposition=excluded_domestication_unknown",Birsmatten-Basisgrotte,,,Switzerland,,,,,,Sample-level locality comes directly from the recovered sample source row.
Sus scrofa domesticus,pig,PRJEB30282,prjeb30282:samea5161079,SAMEA5161079,archive_project_sample_accession_anchor,archive_native,final,,Birsmatten-Basisgrotte,direct_sample_site,data/adna/governance/source_library/projects/PRJEB30282/archive_metadata.html || data/adna/governance/source_library/papers/10.1073-pnas.1901169116/supplementary/pnas.1901169116.sd01.xlsx,supplementary_spreadsheet_row,sample_accession:SAMEA5161079 || Sheet1!row1050,"ENA archive metadata identifies sample SAMEA5161079 as Sus scrofa (tax_id 9823). || AA464 | previous_extraction_code=LG703 | mtdna_accession=- | source=Jörg Schibler | museum_or_sample_code=BERN-BIR-04 | additional_sample_information=M. Naturhistorisches Museum Bern, Basel-Landschaft | location=Birsmatten-Basisgrotte | country=Switzerland | radiocarbon_lab=- | uncalibrated_date=- | uncalibrated_error=- | calibrated_from_bp=- | calibrated_to_bp=- | source_age=? | source_mean_years_bp=- | period=Mesolithic/Neolithic | group=EUU-A | zooarch_status=Unknown | combined_status=Unknown | secondary_zooarch_status=Unknown | published=N | chronology_disposition=unresolved_missing_source_mean | domestication_disposition=excluded_domestication_unknown",Birsmatten-Basisgrotte,,,Switzerland,,,,,,Sample-level locality comes directly from the recovered sample source row.
Sus scrofa domesticus,pig,PRJEB30282,prjeb30282:samea5161080,SAMEA5161080,archive_project_sample_accession_anchor,archive_native,final,,Birsmatten-Basisgrotte,direct_sample_site,data/adna/governance/source_library/projects/PRJEB30282/archive_metadata.html || data/adna/governance/source_library/papers/10.1073-pnas.1901169116/supplementary/pnas.1901169116.sd01.xlsx,supplementary_spreadsheet_row,sample_accession:SAMEA5161080 || Sheet1!row1052,"ENA archive metadata identifies sample SAMEA5161080 as Sus scrofa (tax_id 9823). || AA467 | previous_extraction_code=LG707 | mtdna_accession=- | source=Jörg Schibler | museum_or_sample_code=BERN-BIR-13 | additional_sample_information=M. Naturhistorisches Museum Bern, Basel-Landschaft | location=Birsmatten-Basisgrotte | country=Switzerland | radiocarbon_lab=- | uncalibrated_date=- | uncalibrated_error=- | calibrated_from_bp=- | calibrated_to_bp=- | source_age=Ca 7700 cal. BC | source_mean_years_bp=9700 | period=Mesolithic | group=EUU-A | zooarch_status=Unknown | combined_status=Unknown | secondary_zooarch_status=Unknown | published=N | chronology_disposition=refused_context_only_unresolved_age_semantics | domestication_disposition=excluded_domestication_unknown",Birsmatten-Basisgrotte,,,Switzerland,,,,,,Sample-level locality comes directly from the recovered sample source row.
Sus scrofa domesticus,pig,PRJEB30282,prjeb30282:samea5161081,SAMEA5161081,archive_project_sample_accession_anchor,archive_native,final,,Birsmatten-Basisgrotte,direct_sample_site,data/adna/governance/source_library/projects/PRJEB30282/archive_metadata.html || data/adna/governance/source_library/papers/10.1073-pnas.1901169116/supplementary/pnas.1901169116.sd01.xlsx,supplementary_spreadsheet_row,sample_accession:SAMEA5161081 || Sheet1!row1053,"ENA archive metadata identifies sample SAMEA5161081 as Sus scrofa (tax_id 9823). || AA468 | previous_extraction_code=LG708 | mtdna_accession=- | source=Jörg Schibler | museum_or_sample_code=BERN-BIR-14 | additional_sample_information=M. Naturhistorisches Museum Bern, Basel-Landschaft | location=Birsmatten-Basisgrotte | country=Switzerland | radiocarbon_lab=- | uncalibrated_date=- | uncalibrated_error=- | calibrated_from_bp=- | calibrated_to_bp=- | source_age=- | source_mean_years_bp=- | period=- | group=EUU-A | zooarch_status=Unknown | combined_status=Unknown | secondary_zooarch_status=Unknown | published=N | chronology_disposition=unresolved_missing_source_mean | domestication_disposition=excluded_domestication_unknown",Birsmatten-Basisgrotte,,,Switzerland,,,,,,Sample-level locality comes directly from the recovered sample source row.
Sus scrofa domesticus,pig,PRJEB30282,prjeb30282:samea5161082,SAMEA5161082,archive_project_sample_accession_anchor,archive_native,final,,Birsmatten-Basisgrotte,direct_sample_site,data/adna/governance/source_library/projects/PRJEB30282/archive_metadata.html || data/adna/governance/source_library/papers/10.1073-pnas.1901169116/supplementary/pnas.1901169116.sd01.xlsx,supplementary_spreadsheet_row,sample_accession:SAMEA5161082 || Sheet1!row1054,"ENA archive metadata identifies sample SAMEA5161082 as Sus scrofa (tax_id 9823). || AA469 | previous_extraction_code=LG709 | mtdna_accession=- | source=Jörg Schibler | museum_or_sample_code=BERN-BIR-17 | additional_sample_information=M. Naturhistorisches Museum Bern, Basel-Landschaft | location=Birsmatten-Basisgrotte | country=Switzerland | radiocarbon_lab=- | uncalibrated_date=- | uncalibrated_error=- | calibrated_from_bp=- | calibrated_to_bp=- | source_age=? | source_mean_years_bp=- | period=Mesolithic/Neolithic | group=EUU-A | zooarch_status=Unknown | combined_status=Unknown | secondary_zooarch_status=Unknown | published=N | chronology_disposition=unresolved_missing_source_mean | domestication_disposition=excluded_domestication_unknown",Birsmatten-Basisgrotte,,,Switzerland,,,,,,Sample-level locality comes directly from the recovered sample source row.
Sus scrofa domesticus,pig,PRJEB30282,prjeb30282:samea5161083,SAMEA5161083,archive_project_sample_accession_anchor,archive_native,final,,Pupicina,direct_sample_site,data/adna/governance/source_library/projects/PRJEB30282/archive_metadata.html || data/adna/governance/source_library/papers/10.1073-pnas.1901169116/supplementary/pnas.1901169116.sd01.xlsx,supplementary_spreadsheet_row,sample_accession:SAMEA5161083 || Sheet1!row2138,ENA archive metadata identifies sample SAMEA5161083 as Sus scrofa (tax_id 9823). || AA472 | previous_extraction_code=GL727 | mtdna_accession=- | source=Preston Miracle | museum_or_sample_code=Pup97 768D.38 / Pup No.2 | additional_sample_information=- | location=Pupicina | country=Croatia | radiocarbon_lab=- | uncalibrated_date=- | uncalibrated_error=- | calibrated_from_bp=- | calibrated_to_bp=- | source_age=8500 cal. BC | source_mean_years_bp=10500 | period=Mesolithic | group=EUW-A | zooarch_status=Wild | combined_status=Wild | secondary_zooarch_status=Wild | published=N | chronology_disposition=refused_context_only_unresolved_age_semantics | domestication_disposition=excluded_wild,Pupicina,,,Croatia,,,,,,Sample-level locality comes directly from the recovered sample source row.
Sus scrofa domesticus,pig,PRJEB30282,prjeb30282:samea5161084,SAMEA5161084,archive_project_sample_accession_anchor,archive_native,final,,Pupicina,direct_sample_site,data/adna/governance/source_library/projects/PRJEB30282/archive_metadata.html || data/adna/governance/source_library/papers/10.1073-pnas.1901169116/supplementary/pnas.1901169116.sd01.xlsx,supplementary_spreadsheet_row,sample_accession:SAMEA5161084 || Sheet1!row2139,ENA archive metadata identifies sample SAMEA5161084 as Sus scrofa (tax_id 9823). || AA473 | previous_extraction_code=GL728 | mtdna_accession=DQ873002 | source=Preston Miracle | museum_or_sample_code=Pup97 564.37 / Pup No.3 | additional_sample_information=- | location=Pupicina | country=Croatia | radiocarbon_lab=- | uncalibrated_date=- | uncalibrated_error=- | calibrated_from_bp=- | calibrated_to_bp=- | source_age=4300 cal. BC | source_mean_years_bp=6300 | period=Late Neolithic | group=EUU-A | zooarch_status=Unknown | combined_status=Unknown | secondary_zooarch_status=Unknown | published=Y | chronology_disposition=refused_context_only_unresolved_age_semantics | domestication_disposition=excluded_domestication_unknown,Pupicina,,,Croatia,,,,,,Sample-level locality comes directly from the recovered sample source row.
Sus scrofa domesticus,pig,PRJEB30282,prjeb30282:samea5161085,SAMEA5161085,archive_project_sample_accession_anchor,archive_native,final,,Pupicina,direct_sample_site,data/adna/governance/source_library/projects/PRJEB30282/archive_metadata.html || data/adna/governance/source_library/papers/10.1073-pnas.1901169116/supplementary/pnas.1901169116.sd01.xlsx,supplementary_spreadsheet_row,sample_accession:SAMEA5161085 || Sheet1!row2141,ENA archive metadata identifies sample SAMEA5161085 as Sus scrofa (tax_id 9823). || AA475 | previous_extraction_code=GL730 | mtdna_accession=DQ872998 | source=Preston Miracle | museum_or_sample_code=Pup 61 (1261) / Pup No.5 | additional_sample_information=- | location=Pupicina | country=Croatia | radiocarbon_lab=- | uncalibrated_date=- | uncalibrated_error=- | calibrated_from_bp=- | calibrated_to_bp=- | source_age=~9500 cal. BC | source_mean_years_bp=11500 | period=Mesolithic | group=EUW-A | zooarch_status=Wild | combined_status=Wild | secondary_zooarch_status=Wild | published=Y | chronology_disposition=refused_context_only_unresolved_age_semantics | domestication_disposition=excluded_wild,Pupicina,,,Croatia,,,,,,Sample-level locality comes directly from the recovered sample source row.
Sus scrofa domesticus,pig,PRJEB30282,prjeb30282:samea5161086,SAMEA5161086,archive_project_sample_accession_anchor,archive_native,final,,Buran-Kaya IV,direct_sample_site,data/adna/governance/source_library/projects/PRJEB30282/archive_metadata.html || data/adna/governance/source_library/papers/10.1073-pnas.1901169116/supplementary/pnas.1901169116.sd01.xlsx,supplementary_spreadsheet_row,sample_accession:SAMEA5161086 || Sheet1!row931,ENA archive metadata identifies sample SAMEA5161086 as Sus scrofa (tax_id 9823). || AA476 | previous_extraction_code=- | mtdna_accession=- | source=Giedre Motuzaite Matuzeviciute/ Alexander Yanevich | museum_or_sample_code=BK4-118 | additional_sample_information=BKIV-08/ II 1A | location=Buran-Kaya IV | country=Ukraine | radiocarbon_lab=- | uncalibrated_date=- | uncalibrated_error=- | calibrated_from_bp=- | calibrated_to_bp=- | source_age=~5000 BC | source_mean_years_bp=7000 | period=Neolithic | group=EUU-A | zooarch_status=Unknown | combined_status=Unknown | secondary_zooarch_status=Unknown | published=N | chronology_disposition=refused_context_only_unresolved_age_semantics | domestication_disposition=excluded_domestication_unknown,Buran-Kaya IV,,,Ukraine,,,,,,Sample-level locality comes directly from the recovered sample source row.
Sus scrofa domesticus,pig,PRJEB30282,prjeb30282:samea5161087,SAMEA5161087,archive_project_sample_accession_anchor,archive_native,final,,Buran-Kaya IV,direct_sample_site,data/adna/governance/source_library/projects/PRJEB30282/archive_metadata.html || data/adna/governance/source_library/papers/10.1073-pnas.1901169116/supplementary/pnas.1901169116.sd01.xlsx,supplementary_spreadsheet_row,sample_accession:SAMEA5161087 || Sheet1!row932,ENA archive metadata identifies sample SAMEA5161087 as Sus scrofa (tax_id 9823). || AA477 | previous_extraction_code=LG093 | mtdna_accession=- | source=Giedre Motuzaite Matuzeviciute/ Alexander Yanevich | museum_or_sample_code=BK4-066 | additional_sample_information=BKIV-08 6E/ II 1A | location=Buran-Kaya IV | country=Ukraine | radiocarbon_lab=- | uncalibrated_date=- | uncalibrated_error=- | calibrated_from_bp=- | calibrated_to_bp=- | source_age=~5000 BC | source_mean_years_bp=7000 | period=Neolithic | group=EUU-A | zooarch_status=Unknown | combined_status=Unknown | secondary_zooarch_status=Unknown | published=N | chronology_disposition=refused_context_only_unresolved_age_semantics | domestication_disposition=excluded_domestication_unknown,Buran-Kaya IV,,,Ukraine,,,,,,Sample-level locality comes directly from the recovered sample source row.
Sus scrofa domesticus,pig,PRJEB30282,prjeb30282:samea5161088,SAMEA5161088,archive_project_sample_accession_anchor,archive_native,final,,Buran-Kaya IV,direct_sample_site,data/adna/governance/source_library/projects/PRJEB30282/archive_metadata.html || data/adna/governance/source_library/papers/10.1073-pnas.1901169116/supplementary/pnas.1901169116.sd01.xlsx,supplementary_spreadsheet_row,sample_accession:SAMEA5161088 || Sheet1!row933,ENA archive metadata identifies sample SAMEA5161088 as Sus scrofa (tax_id 9823). || AA478 | previous_extraction_code=- | mtdna_accession=- | source=Giedre Motuzaite Matuzeviciute/ Alexander Yanevich | museum_or_sample_code=BK4-105 | additional_sample_information=BKIV - 08 8G/II1A Sus M2 | location=Buran-Kaya IV | country=Ukraine | radiocarbon_lab=- | uncalibrated_date=- | uncalibrated_error=- | calibrated_from_bp=- | calibrated_to_bp=- | source_age=~5000 BC | source_mean_years_bp=7000 | period=Neolithic | group=EUU-A | zooarch_status=Unknown | combined_status=Unknown | secondary_zooarch_status=Unknown | published=N | chronology_disposition=refused_context_only_unresolved_age_semantics | domestication_disposition=excluded_domestication_unknown,Buran-Kaya IV,,,Ukraine,,,,,,Sample-level locality comes directly from the recovered sample source row.
Sus scrofa domesticus,pig,PRJEB30282,prjeb30282:samea5161089,SAMEA5161089,archive_project_sample_accession_anchor,archive_native,final,,Buran-Kaya IV,direct_sample_site,data/adna/governance/source_library/projects/PRJEB30282/archive_metadata.html || data/adna/governance/source_library/papers/10.1073-pnas.1901169116/supplementary/pnas.1901169116.sd01.xlsx,supplementary_spreadsheet_row,sample_accession:SAMEA5161089 || Sheet1!row934,ENA archive metadata identifies sample SAMEA5161089 as Sus scrofa (tax_id 9823). || AA479 | previous_extraction_code=- | mtdna_accession=- | source=Giedre Motuzaite Matuzeviciute/ Alexander Yanevich | museum_or_sample_code=BK4-128 | additional_sample_information=BKIV- 08 5F/ II1A pig M1/M2 | location=Buran-Kaya IV | country=Ukraine | radiocarbon_lab=- | uncalibrated_date=- | uncalibrated_error=- | calibrated_from_bp=- | calibrated_to_bp=- | source_age=~5000 BC | source_mean_years_bp=7000 | period=Neolithic | group=EUU-A | zooarch_status=Unknown | combined_status=Unknown | secondary_zooarch_status=Unknown | published=N | chronology_disposition=refused_context_only_unresolved_age_semantics | domestication_disposition=excluded_domestication_unknown,Buran-Kaya IV,,,Ukraine,,,,,,Sample-level locality comes directly from the recovered sample source row.
Sus scrofa domesticus,pig,PRJEB30282,prjeb30282:samea5161090,SAMEA5161090,archive_project_sample_accession_anchor,archive_native,final,,Buran-Kaya IV,direct_sample_site,data/adna/governance/source_library/projects/PRJEB30282/archive_metadata.html || data/adna/governance/source_library/papers/10.1073-pnas.1901169116/supplementary/pnas.1901169116.sd01.xlsx,supplementary_spreadsheet_row,sample_accession:SAMEA5161090 || Sheet1!row935,ENA archive metadata identifies sample SAMEA5161090 as Sus scrofa (tax_id 9823). || AA480 | previous_extraction_code=- | mtdna_accession=- | source=Giedre Motuzaite Matuzeviciute/ Alexander Yanevich | museum_or_sample_code=BK4-120 | additional_sample_information=BKIV-08 7F / II 1B0 | location=Buran-Kaya IV | country=Ukraine | radiocarbon_lab=- | uncalibrated_date=- | uncalibrated_error=- | calibrated_from_bp=- | calibrated_to_bp=- | source_age=~5000 BC | source_mean_years_bp=7000 | period=Neolithic | group=EUU-A | zooarch_status=Unknown | combined_status=Unknown | secondary_zooarch_status=Unknown | published=N | chronology_disposition=refused_context_only_unresolved_age_semantics | domestication_disposition=excluded_domestication_unknown,Buran-Kaya IV,,,Ukraine,,,,,,Sample-level locality comes directly from the recovered sample source row.
Sus scrofa domesticus,pig,PRJEB30282,prjeb30282:samea5161091,SAMEA5161091,archive_project_sample_accession_anchor,archive_native,final,,Buran-Kaya IV,direct_sample_site,data/adna/governance/source_library/projects/PRJEB30282/archive_metadata.html || data/adna/governance/source_library/papers/10.1073-pnas.1901169116/supplementary/pnas.1901169116.sd01.xlsx,supplementary_spreadsheet_row,sample_accession:SAMEA5161091 || Sheet1!row936,ENA archive metadata identifies sample SAMEA5161091 as Sus scrofa (tax_id 9823). || AA481 | previous_extraction_code=- | mtdna_accession=- | source=Giedre Motuzaite Matuzeviciute/ Alexander Yanevich | museum_or_sample_code=BK4-119 | additional_sample_information=BKIV-08 no square / II1A | location=Buran-Kaya IV | country=Ukraine | radiocarbon_lab=- | uncalibrated_date=- | uncalibrated_error=- | calibrated_from_bp=- | calibrated_to_bp=- | source_age=~5000 BC | source_mean_years_bp=7000 | period=Neolithic | group=EUU-A | zooarch_status=Unknown | combined_status=Unknown | secondary_zooarch_status=Unknown | published=N | chronology_disposition=refused_context_only_unresolved_age_semantics | domestication_disposition=excluded_domestication_unknown,Buran-Kaya IV,,,Ukraine,,,,,,Sample-level locality comes directly from the recovered sample source row.
Sus scrofa domesticus,pig,PRJEB30282,prjeb30282:samea5161092,SAMEA5161092,archive_project_sample_accession_anchor,archive_native,final,,Buran-Kaya IV,direct_sample_site,data/adna/governance/source_library/projects/PRJEB30282/archive_metadata.html || data/adna/governance/source_library/papers/10.1073-pnas.1901169116/supplementary/pnas.1901169116.sd01.xlsx,supplementary_spreadsheet_row,sample_accession:SAMEA5161092 || Sheet1!row937,ENA archive metadata identifies sample SAMEA5161092 as Sus scrofa (tax_id 9823). || AA482 | previous_extraction_code=LG084 | mtdna_accession=- | source=Giedre Motuzaite Matuzeviciute/ Alexander Yanevich | museum_or_sample_code=BK4-006 | additional_sample_information=BKIV-08 7G / II 1B | location=Buran-Kaya IV | country=Ukraine | radiocarbon_lab=- | uncalibrated_date=- | uncalibrated_error=- | calibrated_from_bp=- | calibrated_to_bp=- | source_age=~5000 BC | source_mean_years_bp=7000 | period=Neolithic | group=EUU-A | zooarch_status=Unknown | combined_status=Unknown | secondary_zooarch_status=Unknown | published=N | chronology_disposition=refused_context_only_unresolved_age_semantics | domestication_disposition=excluded_domestication_unknown,Buran-Kaya IV,,,Ukraine,,,,,,Sample-level locality comes directly from the recovered sample source row.
Sus scrofa domesticus,pig,PRJEB30282,prjeb30282:samea5161093,SAMEA5161093,archive_project_sample_accession_anchor,archive_native,final,,Buran-Kaya IV,direct_sample_site,data/adna/governance/source_library/projects/PRJEB30282/archive_metadata.html || data/adna/governance/source_library/papers/10.1073-pnas.1901169116/supplementary/pnas.1901169116.sd01.xlsx,supplementary_spreadsheet_row,sample_accession:SAMEA5161093 || Sheet1!row938,ENA archive metadata identifies sample SAMEA5161093 as Sus scrofa (tax_id 9823). || AA483 | previous_extraction_code=- | mtdna_accession=- | source=Giedre Motuzaite Matuzeviciute/ Alexander Yanevich | museum_or_sample_code=BK4-129 | additional_sample_information=BKIV-08 7G/ II 1BS. Scrofa. M2 | location=Buran-Kaya IV | country=Ukraine | radiocarbon_lab=- | uncalibrated_date=- | uncalibrated_error=- | calibrated_from_bp=- | calibrated_to_bp=- | source_age=~5000 BC | source_mean_years_bp=7000 | period=Neolithic | group=EUU-A | zooarch_status=Unknown | combined_status=Unknown | secondary_zooarch_status=Unknown | published=N | chronology_disposition=refused_context_only_unresolved_age_semantics | domestication_disposition=excluded_domestication_unknown,Buran-Kaya IV,,,Ukraine,,,,,,Sample-level locality comes directly from the recovered sample source row.
Sus scrofa domesticus,pig,PRJEB30282,prjeb30282:samea5161094,SAMEA5161094,archive_project_sample_accession_anchor,archive_native,final,,Buran-Kaya IV,direct_sample_site,data/adna/governance/source_library/projects/PRJEB30282/archive_metadata.html || data/adna/governance/source_library/papers/10.1073-pnas.1901169116/supplementary/pnas.1901169116.sd01.xlsx,supplementary_spreadsheet_row,sample_accession:SAMEA5161094 || Sheet1!row939,ENA archive metadata identifies sample SAMEA5161094 as Sus scrofa (tax_id 9823). || AA484 | previous_extraction_code=LG090 | mtdna_accession=- | source=Giedre Motuzaite Matuzeviciute/ Alexander Yanevich | museum_or_sample_code=BK4-087 | additional_sample_information=BKIV-08 9E/ II 1A | location=Buran-Kaya IV | country=Ukraine | radiocarbon_lab=- | uncalibrated_date=- | uncalibrated_error=- | calibrated_from_bp=- | calibrated_to_bp=- | source_age=~5000 BC | source_mean_years_bp=7000 | period=Neolithic | group=EUU-A | zooarch_status=Unknown | combined_status=Unknown | secondary_zooarch_status=Unknown | published=N | chronology_disposition=refused_context_only_unresolved_age_semantics | domestication_disposition=excluded_domestication_unknown,Buran-Kaya IV,,,Ukraine,,,,,,Sample-level locality comes directly from the recovered sample source row.
Sus scrofa domesticus,pig,PRJEB30282,prjeb30282:samea5161095,SAMEA5161095,archive_project_sample_accession_anchor,archive_native,final,,Buran-Kaya IV,direct_sample_site,data/adna/governance/source_library/projects/PRJEB30282/archive_metadata.html || data/adna/governance/source_library/papers/10.1073-pnas.1901169116/supplementary/pnas.1901169116.sd01.xlsx,supplementary_spreadsheet_row,sample_accession:SAMEA5161095 || Sheet1!row941,ENA archive metadata identifies sample SAMEA5161095 as Sus scrofa (tax_id 9823). || AA486 | previous_extraction_code=- | mtdna_accession=- | source=Giedre Motuzaite Matuzeviciute/ Alexander Yanevich | museum_or_sample_code=BK4-071 | additional_sample_information=BKIV -08 9E/ II 1A | location=Buran-Kaya IV | country=Ukraine | radiocarbon_lab=- | uncalibrated_date=- | uncalibrated_error=- | calibrated_from_bp=- | calibrated_to_bp=- | source_age=~5000 BC | source_mean_years_bp=7000 | period=Neolithic | group=EUU-A | zooarch_status=Unknown | combined_status=Unknown | secondary_zooarch_status=Unknown | published=N | chronology_disposition=refused_context_only_unresolved_age_semantics | domestication_disposition=excluded_domestication_unknown,Buran-Kaya IV,,,Ukraine,,,,,,Sample-level locality comes directly from the recovered sample source row.
Sus scrofa domesticus,pig,PRJEB30282,prjeb30282:samea5161096,SAMEA5161096,archive_project_sample_accession_anchor,archive_native,final,,Buran-Kaya IV,direct_sample_site,data/adna/governance/source_library/projects/PRJEB30282/archive_metadata.html || data/adna/governance/source_library/papers/10.1073-pnas.1901169116/supplementary/pnas.1901169116.sd01.xlsx,supplementary_spreadsheet_row,sample_accession:SAMEA5161096 || Sheet1!row942,ENA archive metadata identifies sample SAMEA5161096 as Sus scrofa (tax_id 9823). || AA487 | previous_extraction_code=- | mtdna_accession=- | source=Giedre Motuzaite Matuzeviciute/ Alexander Yanevich | museum_or_sample_code=BK4-117 | additional_sample_information=BKIV-08 6E / II1A | location=Buran-Kaya IV | country=Ukraine | radiocarbon_lab=- | uncalibrated_date=- | uncalibrated_error=- | calibrated_from_bp=- | calibrated_to_bp=- | source_age=~5000 BC | source_mean_years_bp=7000 | period=Neolithic | group=EUU-A | zooarch_status=Unknown | combined_status=Unknown | secondary_zooarch_status=Unknown | published=N | chronology_disposition=refused_context_only_unresolved_age_semantics | domestication_disposition=excluded_domestication_unknown,Buran-Kaya IV,,,Ukraine,,,,,,Sample-level locality comes directly from the recovered sample source row.
Sus scrofa domesticus,pig,PRJEB30282,prjeb30282:samea5161097,SAMEA5161097,archive_project_sample_accession_anchor,archive_native,final,,Buran-Kaya IV,direct_sample_site,data/adna/governance/source_library/projects/PRJEB30282/archive_metadata.html || data/adna/governance/source_library/papers/10.1073-pnas.1901169116/supplementary/pnas.1901169116.sd01.xlsx,supplementary_spreadsheet_row,sample_accession:SAMEA5161097 || Sheet1!row943,ENA archive metadata identifies sample SAMEA5161097 as Sus scrofa (tax_id 9823). || AA488 | previous_extraction_code=LG088 | mtdna_accession=- | source=Giedre Motuzaite Matuzeviciute/ Alexander Yanevich | museum_or_sample_code=BK4-121 | additional_sample_information=BKIV-08 / no square / II 1A | location=Buran-Kaya IV | country=Ukraine | radiocarbon_lab=- | uncalibrated_date=- | uncalibrated_error=- | calibrated_from_bp=- | calibrated_to_bp=- | source_age=~5000 BC | source_mean_years_bp=7000 | period=Neolithic | group=EUU-A | zooarch_status=Unknown | combined_status=Unknown | secondary_zooarch_status=Unknown | published=N | chronology_disposition=refused_context_only_unresolved_age_semantics | domestication_disposition=excluded_domestication_unknown,Buran-Kaya IV,,,Ukraine,,,,,,Sample-level locality comes directly from the recovered sample source row.
Sus scrofa domesticus,pig,PRJEB30282,prjeb30282:samea5161098,SAMEA5161098,archive_project_sample_accession_anchor,archive_native,final,,Buran-Kaya IV,direct_sample_site,data/adna/governance/source_library/projects/PRJEB30282/archive_metadata.html || data/adna/governance/source_library/papers/10.1073-pnas.1901169116/supplementary/pnas.1901169116.sd01.xlsx,supplementary_spreadsheet_row,sample_accession:SAMEA5161098 || Sheet1!row944,ENA archive metadata identifies sample SAMEA5161098 as Sus scrofa (tax_id 9823). || AA489 | previous_extraction_code=- | mtdna_accession=- | source=Giedre Motuzaite Matuzeviciute/ Alexander Yanevich | museum_or_sample_code=BK4-122 | additional_sample_information=BKIV-08 no square / II 1A | location=Buran-Kaya IV | country=Ukraine | radiocarbon_lab=- | uncalibrated_date=- | uncalibrated_error=- | calibrated_from_bp=- | calibrated_to_bp=- | source_age=~5000 BC | source_mean_years_bp=7000 | period=Neolithic | group=EUU-A | zooarch_status=Unknown | combined_status=Unknown | secondary_zooarch_status=Unknown | published=N | chronology_disposition=refused_context_only_unresolved_age_semantics | domestication_disposition=excluded_domestication_unknown,Buran-Kaya IV,,,Ukraine,,,,,,Sample-level locality comes directly from the recovered sample source row.
Sus scrofa domesticus,pig,PRJEB30282,prjeb30282:samea5161099,SAMEA5161099,archive_project_sample_accession_anchor,archive_native,final,,Buran-Kaya IV,direct_sample_site,data/adna/governance/source_library/projects/PRJEB30282/archive_metadata.html || data/adna/governance/source_library/papers/10.1073-pnas.1901169116/supplementary/pnas.1901169116.sd01.xlsx,supplementary_spreadsheet_row,sample_accession:SAMEA5161099 || Sheet1!row945,ENA archive metadata identifies sample SAMEA5161099 as Sus scrofa (tax_id 9823). || AA490 | previous_extraction_code=- | mtdna_accession=- | source=Giedre Motuzaite Matuzeviciute/ Alexander Yanevich | museum_or_sample_code=BK4_069 or BK4_070 | additional_sample_information=BKIV-08 8E/ II 1A | location=Buran-Kaya IV | country=Ukraine | radiocarbon_lab=- | uncalibrated_date=- | uncalibrated_error=- | calibrated_from_bp=- | calibrated_to_bp=- | source_age=~5000 BC | source_mean_years_bp=7000 | period=Neolithic | group=EUU-A | zooarch_status=Unknown | combined_status=Unknown | secondary_zooarch_status=Unknown | published=N | chronology_disposition=refused_context_only_unresolved_age_semantics | domestication_disposition=excluded_domestication_unknown,Buran-Kaya IV,,,Ukraine,,,,,,Sample-level locality comes directly from the recovered sample source row.
Sus scrofa domesticus,pig,PRJEB30282,prjeb30282:samea5161100,SAMEA5161100,archive_project_sample_accession_anchor,archive_native,final,,Bercy,direct_sample_site,data/adna/governance/source_library/projects/PRJEB30282/archive_metadata.html || data/adna/governance/source_library/papers/10.1073-pnas.1901169116/supplementary/pnas.1901169116.sd01.xlsx,supplementary_spreadsheet_row,sample_accession:SAMEA5161100 || Sheet1!row343,ENA archive metadata identifies sample SAMEA5161100 as Sus scrofa (tax_id 9823). || AA493 | previous_extraction_code=GL428 | mtdna_accession=- | source=Anne Tresset | museum_or_sample_code=43 | additional_sample_information=- | location=Bercy | country=France | radiocarbon_lab=- | uncalibrated_date=- | uncalibrated_error=- | calibrated_from_bp=- | calibrated_to_bp=- | source_age=early 4th Mil BC | source_mean_years_bp=6000 | period=Chasseen | group=EUD-A | zooarch_status=domestic | combined_status=domestic | secondary_zooarch_status=domestic | published=N | chronology_disposition=refused_context_only_unresolved_age_semantics | domestication_disposition=excluded_noncanonical_domestication_status,Bercy,,,France,,,,,,Sample-level locality comes directly from the recovered sample source row.
Sus scrofa domesticus,pig,PRJEB30282,prjeb30282:samea5161101,SAMEA5161101,archive_project_sample_accession_anchor,archive_native,final,,Bercy,direct_sample_site,data/adna/governance/source_library/projects/PRJEB30282/archive_metadata.html || data/adna/governance/source_library/papers/10.1073-pnas.1901169116/supplementary/pnas.1901169116.sd01.xlsx,supplementary_spreadsheet_row,sample_accession:SAMEA5161101 || Sheet1!row345,ENA archive metadata identifies sample SAMEA5161101 as Sus scrofa (tax_id 9823). || AA495 | previous_extraction_code=GL497 | mtdna_accession=- | source=Anne Tresset | museum_or_sample_code=82 | additional_sample_information=- | location=Bercy | country=France | radiocarbon_lab=- | uncalibrated_date=- | uncalibrated_error=- | calibrated_from_bp=- | calibrated_to_bp=- | source_age=early 4th Mil BC | source_mean_years_bp=6000 | period=Chasseen | group=EUU-A | zooarch_status=Unknown | combined_status=Unknown | secondary_zooarch_status=Unknown | published=N | chronology_disposition=refused_context_only_unresolved_age_semantics | domestication_disposition=excluded_domestication_unknown,Bercy,,,France,,,,,,Sample-level locality comes directly from the recovered sample source row.
Sus scrofa domesticus,pig,PRJEB30282,prjeb30282:samea5161102,SAMEA5161102,archive_project_sample_accession_anchor,archive_native,final,,Bercy,direct_sample_site,data/adna/governance/source_library/projects/PRJEB30282/archive_metadata.html || data/adna/governance/source_library/papers/10.1073-pnas.1901169116/supplementary/pnas.1901169116.sd01.xlsx,supplementary_spreadsheet_row,sample_accession:SAMEA5161102 || Sheet1!row346,ENA archive metadata identifies sample SAMEA5161102 as Sus scrofa (tax_id 9823). || AA496 | previous_extraction_code=GL569 | mtdna_accession=- | source=Anne Tresset | museum_or_sample_code=26 | additional_sample_information=- | location=Bercy | country=France | radiocarbon_lab=- | uncalibrated_date=- | uncalibrated_error=- | calibrated_from_bp=- | calibrated_to_bp=- | source_age=early 4th Mil BC | source_mean_years_bp=6000 | period=Chasseen | group=EUD-A | zooarch_status=domestic | combined_status=domestic | secondary_zooarch_status=domestic | published=N | chronology_disposition=refused_context_only_unresolved_age_semantics | domestication_disposition=excluded_noncanonical_domestication_status,Bercy,,,France,,,,,,Sample-level locality comes directly from the recovered sample source row.
Sus scrofa domesticus,pig,PRJEB30282,prjeb30282:samea5161103,SAMEA5161103,archive_project_sample_accession_anchor,archive_native,final,,Bercy,direct_sample_site,data/adna/governance/source_library/projects/PRJEB30282/archive_metadata.html || data/adna/governance/source_library/papers/10.1073-pnas.1901169116/supplementary/pnas.1901169116.sd01.xlsx,supplementary_spreadsheet_row,sample_accession:SAMEA5161103 || Sheet1!row348,ENA archive metadata identifies sample SAMEA5161103 as Sus scrofa (tax_id 9823). || AA499 | previous_extraction_code=GL699 | mtdna_accession=- | source=Anne Tresset | museum_or_sample_code=22068 | additional_sample_information=- | location=Bercy | country=France | radiocarbon_lab=- | uncalibrated_date=- | uncalibrated_error=- | calibrated_from_bp=- | calibrated_to_bp=- | source_age=early 4th mill BC | source_mean_years_bp=6000 | period=Chasseen | group=EUU-A | zooarch_status=Unknown | combined_status=Unknown | secondary_zooarch_status=Unknown | published=N | chronology_disposition=refused_context_only_unresolved_age_semantics | domestication_disposition=excluded_domestication_unknown,Bercy,,,France,,,,,,Sample-level locality comes directly from the recovered sample source row.
Sus scrofa domesticus,pig,PRJEB30282,prjeb30282:samea5161104,SAMEA5161104,archive_project_sample_accession_anchor,archive_native,final,,Bercy,direct_sample_site,data/adna/governance/source_library/projects/PRJEB30282/archive_metadata.html || data/adna/governance/source_library/papers/10.1073-pnas.1901169116/supplementary/pnas.1901169116.sd01.xlsx,supplementary_spreadsheet_row,sample_accession:SAMEA5161104 || Sheet1!row349,ENA archive metadata identifies sample SAMEA5161104 as Sus scrofa (tax_id 9823). || AA500 | previous_extraction_code=GL802 | mtdna_accession=- | source=Anne Tresset | museum_or_sample_code=58 | additional_sample_information=- | location=Bercy | country=France | radiocarbon_lab=- | uncalibrated_date=- | uncalibrated_error=- | calibrated_from_bp=- | calibrated_to_bp=- | source_age=early 4th Mil BC | source_mean_years_bp=6000 | period=Chasseen | group=EUD-A | zooarch_status=Wild | combined_status=Wild | secondary_zooarch_status=Wild | published=N | chronology_disposition=refused_context_only_unresolved_age_semantics | domestication_disposition=excluded_wild,Bercy,,,France,,,,,,Sample-level locality comes directly from the recovered sample source row.
Sus scrofa domesticus,pig,PRJEB30282,prjeb30282:samea5161105,SAMEA5161105,archive_project_sample_accession_anchor,archive_native,final,,Bercy,direct_sample_site,data/adna/governance/source_library/projects/PRJEB30282/archive_metadata.html || data/adna/governance/source_library/papers/10.1073-pnas.1901169116/supplementary/pnas.1901169116.sd01.xlsx,supplementary_spreadsheet_row,sample_accession:SAMEA5161105 || Sheet1!row350,ENA archive metadata identifies sample SAMEA5161105 as Sus scrofa (tax_id 9823). || AA501 | previous_extraction_code=GL816 | mtdna_accession=- | source=Anne Tresset | museum_or_sample_code=51 | additional_sample_information=- | location=Bercy | country=France | radiocarbon_lab=- | uncalibrated_date=- | uncalibrated_error=- | calibrated_from_bp=- | calibrated_to_bp=- | source_age=early 4th Mil BC | source_mean_years_bp=6000 | period=Chasseen | group=EUD-A | zooarch_status=Wild | combined_status=Wild | secondary_zooarch_status=Wild | published=N | chronology_disposition=refused_context_only_unresolved_age_semantics | domestication_disposition=excluded_wild,Bercy,,,France,,,,,,Sample-level locality comes directly from the recovered sample source row.
Sus scrofa domesticus,pig,PRJEB30282,prjeb30282:samea5161106,SAMEA5161106,archive_project_sample_accession_anchor,archive_native,final,,Bercy,direct_sample_site,data/adna/governance/source_library/projects/PRJEB30282/archive_metadata.html || data/adna/governance/source_library/papers/10.1073-pnas.1901169116/supplementary/pnas.1901169116.sd01.xlsx,supplementary_spreadsheet_row,sample_accession:SAMEA5161106 || Sheet1!row352,ENA archive metadata identifies sample SAMEA5161106 as Sus scrofa (tax_id 9823). || AA503 | previous_extraction_code=GL831 | mtdna_accession=- | source=Anne Tresset | museum_or_sample_code=50 | additional_sample_information=- | location=Bercy | country=France | radiocarbon_lab=- | uncalibrated_date=- | uncalibrated_error=- | calibrated_from_bp=- | calibrated_to_bp=- | source_age=early 4th Mil BC | source_mean_years_bp=6000 | period=Chasseen | group=EUW-A | zooarch_status=Unknown | combined_status=Unknown | secondary_zooarch_status=Unknown | published=N | chronology_disposition=refused_context_only_unresolved_age_semantics | domestication_disposition=excluded_domestication_unknown,Bercy,,,France,,,,,,Sample-level locality comes directly from the recovered sample source row.
Sus scrofa domesticus,pig,PRJEB30282,prjeb30282:samea5161107,SAMEA5161107,archive_project_sample_accession_anchor,archive_native,final,,Bercy,direct_sample_site,data/adna/governance/source_library/projects/PRJEB30282/archive_metadata.html || data/adna/governance/source_library/papers/10.1073-pnas.1901169116/supplementary/pnas.1901169116.sd01.xlsx,supplementary_spreadsheet_row,sample_accession:SAMEA5161107 || Sheet1!row354,ENA archive metadata identifies sample SAMEA5161107 as Sus scrofa (tax_id 9823). || AA505 | previous_extraction_code=GL899 | mtdna_accession=- | source=Anne Tresset | museum_or_sample_code=103 | additional_sample_information=- | location=Bercy | country=France | radiocarbon_lab=- | uncalibrated_date=- | uncalibrated_error=- | calibrated_from_bp=- | calibrated_to_bp=- | source_age=4000 BC cultural | source_mean_years_bp=6000 | period=Chasseen | group=EUW-A | zooarch_status=Wild | combined_status=Wild | secondary_zooarch_status=Wild | published=N | chronology_disposition=refused_context_only_unresolved_age_semantics | domestication_disposition=excluded_wild,Bercy,,,France,,,,,,Sample-level locality comes directly from the recovered sample source row.
Sus scrofa domesticus,pig,PRJEB30282,prjeb30282:samea5161108,SAMEA5161108,archive_project_sample_accession_anchor,archive_native,final,,Bercy,direct_sample_site,data/adna/governance/source_library/projects/PRJEB30282/archive_metadata.html || data/adna/governance/source_library/papers/10.1073-pnas.1901169116/supplementary/pnas.1901169116.sd01.xlsx,supplementary_spreadsheet_row,sample_accession:SAMEA5161108 || Sheet1!row355,ENA archive metadata identifies sample SAMEA5161108 as Sus scrofa (tax_id 9823). || AA506 | previous_extraction_code=GL898 | mtdna_accession=- | source=Anne Tresset | museum_or_sample_code=49 | additional_sample_information=- | location=Bercy | country=France | radiocarbon_lab=- | uncalibrated_date=- | uncalibrated_error=- | calibrated_from_bp=- | calibrated_to_bp=- | source_age=early 4th Mil BC | source_mean_years_bp=6000 | period=Chasseen | group=EUD-A | zooarch_status=domestic | combined_status=domestic | secondary_zooarch_status=domestic | published=N | chronology_disposition=refused_context_only_unresolved_age_semantics | domestication_disposition=excluded_noncanonical_domestication_status,Bercy,,,France,,,,,,Sample-level locality comes directly from the recovered sample source row.
Sus scrofa domesticus,pig,PRJEB30282,prjeb30282:samea5161109,SAMEA5161109,archive_project_sample_accession_anchor,archive_native,final,,El Portalón (Portalon Cueva Mayor),direct_sample_site,data/adna/governance/source_library/projects/PRJEB30282/archive_metadata.html || data/adna/governance/source_library/papers/10.1073-pnas.1901169116/supplementary/pnas.1901169116.sd01.xlsx,supplementary_spreadsheet_row,sample_accession:SAMEA5161109 || Sheet1!row335,ENA archive metadata identifies sample SAMEA5161109 as Sus scrofa (tax_id 9823). || AA507 | previous_extraction_code=GL1147 | mtdna_accession=- | source=Anders Götherström/ J.M. Carretero/ C. Valdiosera | museum_or_sample_code=PORK1 / ATP CLARK 1 | additional_sample_information=Left Maxillar fragment | location=El Portalón (Portalon Cueva Mayor) | country=Spain | radiocarbon_lab=Beta-491649 | uncalibrated_date=4070 | uncalibrated_error=30 | calibrated_from_bp=4644 | calibrated_to_bp=4500 | source_age=- | source_mean_years_bp=4572 | period=Late Copper Age | group=EUU-A | zooarch_status=Unknown | combined_status=Unknown | secondary_zooarch_status=Unknown | published=N | chronology_disposition=refused_context_only_unresolved_age_semantics | domestication_disposition=excluded_domestication_unknown,El Portalón (Portalon Cueva Mayor),,,Spain,,,,,,Sample-level locality comes directly from the recovered sample source row.
Sus scrofa domesticus,pig,PRJEB30282,prjeb30282:samea5161110,SAMEA5161110,archive_project_sample_accession_anchor,archive_native,final,,El Portalón (Portalon Cueva Mayor),direct_sample_site,data/adna/governance/source_library/projects/PRJEB30282/archive_metadata.html || data/adna/governance/source_library/papers/10.1073-pnas.1901169116/supplementary/pnas.1901169116.sd01.xlsx,supplementary_spreadsheet_row,sample_accession:SAMEA5161110 || Sheet1!row336,ENA archive metadata identifies sample SAMEA5161110 as Sus scrofa (tax_id 9823). || AA511 | previous_extraction_code=GL1151 | mtdna_accession=- | source=Anders Götherström/ J.M. Carretero/ C. Valdiosera | museum_or_sample_code=PORK5 / ATP 03 EXC WIII | additional_sample_information=Right Maxillar fragment | location=El Portalón (Portalon Cueva Mayor) | country=Spain | radiocarbon_lab=Beta-491649 | uncalibrated_date=970 | uncalibrated_error=30 | calibrated_from_bp=934 | calibrated_to_bp=796 | source_age=- | source_mean_years_bp=865 | period=Medieval | group=EUU-A | zooarch_status=Unknown | combined_status=Unknown | secondary_zooarch_status=Unknown | published=N | chronology_disposition=refused_context_only_unresolved_age_semantics | domestication_disposition=excluded_domestication_unknown,El Portalón (Portalon Cueva Mayor),,,Spain,,,,,,Sample-level locality comes directly from the recovered sample source row.
Sus scrofa domesticus,pig,PRJEB30282,prjeb30282:samea5161111,SAMEA5161111,archive_project_sample_accession_anchor,archive_native,final,,El Portalón (Portalon Cueva Mayor),direct_sample_site,data/adna/governance/source_library/projects/PRJEB30282/archive_metadata.html || data/adna/governance/source_library/papers/10.1073-pnas.1901169116/supplementary/pnas.1901169116.sd01.xlsx,supplementary_spreadsheet_row,sample_accession:SAMEA5161111 || Sheet1!row337,ENA archive metadata identifies sample SAMEA5161111 as Sus scrofa (tax_id 9823). || AA512 | previous_extraction_code=GL1152 | mtdna_accession=- | source=Anders Götherström/ J.M. Carretero/ C. Valdiosera | museum_or_sample_code=PORK6 / ATP 04 GP1 F371 | additional_sample_information=Right Maxillar fragment | location=El Portalón (Portalon Cueva Mayor) | country=Spain | radiocarbon_lab=Beta-491653 | uncalibrated_date=3420 | uncalibrated_error=30 | calibrated_from_bp=3725 | calibrated_to_bp=3585 | source_age=- | source_mean_years_bp=3655 | period=Middle Bronze Age | group=EUU-A | zooarch_status=Unknown | combined_status=Unknown | secondary_zooarch_status=Unknown | published=N | chronology_disposition=refused_context_only_unresolved_age_semantics | domestication_disposition=excluded_domestication_unknown,El Portalón (Portalon Cueva Mayor),,,Spain,,,,,,Sample-level locality comes directly from the recovered sample source row.
Sus scrofa domesticus,pig,PRJEB30282,prjeb30282:samea5161112,SAMEA5161112,archive_project_sample_accession_anchor,archive_native,final,,El Portalón (Portalon Cueva Mayor),direct_sample_site,data/adna/governance/source_library/projects/PRJEB30282/archive_metadata.html || data/adna/governance/source_library/papers/10.1073-pnas.1901169116/supplementary/pnas.1901169116.sd01.xlsx,supplementary_spreadsheet_row,sample_accession:SAMEA5161112 || Sheet1!row338,ENA archive metadata identifies sample SAMEA5161112 as Sus scrofa (tax_id 9823). || AA513 | previous_extraction_code=GL1154 | mtdna_accession=- | source=Anders Götherström/ J.M. Carretero/ C. Valdiosera | museum_or_sample_code=PORK7 / ATP 05 EXC W F247 | additional_sample_information=Left Maxillar Fragment | location=El Portalón (Portalon Cueva Mayor) | country=Spain | radiocarbon_lab=Beta-209454 | uncalibrated_date=4630 | uncalibrated_error=30 | calibrated_from_bp=5464 | calibrated_to_bp=5372 | source_age=- | source_mean_years_bp=5418 | period=Late Neolithic | group=EUU-A | zooarch_status=Unknown | combined_status=Unknown | secondary_zooarch_status=Unknown | published=N | chronology_disposition=refused_context_only_unresolved_age_semantics | domestication_disposition=excluded_domestication_unknown,El Portalón (Portalon Cueva Mayor),,,Spain,,,,,,Sample-level locality comes directly from the recovered sample source row.
Sus scrofa domesticus,pig,PRJEB30282,prjeb30282:samea5161113,SAMEA5161113,archive_project_sample_accession_anchor,archive_native,final,,Çayönü Tepesi,direct_sample_site,data/adna/governance/source_library/projects/PRJEB30282/archive_metadata.html || data/adna/governance/source_library/papers/10.1073-pnas.1901169116/supplementary/pnas.1901169116.sd01.xlsx,supplementary_spreadsheet_row,sample_accession:SAMEA5161113 || Sheet1!row975,ENA archive metadata identifies sample SAMEA5161113 as Sus scrofa (tax_id 9823). || AA514 | previous_extraction_code=GL164 | mtdna_accession=- | source=Hitomi Hongo | museum_or_sample_code=GT84 CT348 / Faunal record number: #2718 | additional_sample_information=Context: 18M 1-3 / Female | location=Çayönü Tepesi | country=Turkey | radiocarbon_lab=- | uncalibrated_date=- | uncalibrated_error=- | calibrated_from_bp=- | calibrated_to_bp=- | source_age=7500-6000 cal. BC | source_mean_years_bp=9750 | period=Neolithic but possibly later | group=NEU-A | zooarch_status=Unknown | combined_status=Unknown | secondary_zooarch_status=Unknown | published=N | chronology_disposition=refused_context_only_unresolved_age_semantics | domestication_disposition=excluded_domestication_unknown,Çayönü Tepesi,,,Turkey,,,,,,Sample-level locality comes directly from the recovered sample source row.
Sus scrofa domesticus,pig,PRJEB30282,prjeb30282:samea5161114,SAMEA5161114,archive_project_sample_accession_anchor,archive_native,final,,Çayönü Tepesi,direct_sample_site,data/adna/governance/source_library/projects/PRJEB30282/archive_metadata.html || data/adna/governance/source_library/papers/10.1073-pnas.1901169116/supplementary/pnas.1901169116.sd01.xlsx,supplementary_spreadsheet_row,sample_accession:SAMEA5161114 || Sheet1!row976,ENA archive metadata identifies sample SAMEA5161114 as Sus scrofa (tax_id 9823). || AA515 | previous_extraction_code=GL166 | mtdna_accession=- | source=Hitomi Hongo | museum_or_sample_code=GT88 CT332 / Faunal record number: #3378 | additional_sample_information=Context: 25L 3-79 | location=Çayönü Tepesi | country=Turkey | radiocarbon_lab=- | uncalibrated_date=- | uncalibrated_error=- | calibrated_from_bp=- | calibrated_to_bp=- | source_age=around 7500 cal. BC | source_mean_years_bp=9700 | period=Neolithic but possibly later | group=NEU-A | zooarch_status=Unknown | combined_status=Unknown | secondary_zooarch_status=Unknown | published=N | chronology_disposition=refused_context_only_unresolved_age_semantics | domestication_disposition=excluded_domestication_unknown,Çayönü Tepesi,,,Turkey,,,,,,Sample-level locality comes directly from the recovered sample source row.
Sus scrofa domesticus,pig,PRJEB30282,prjeb30282:samea5161115,SAMEA5161115,archive_project_sample_accession_anchor,archive_native,final,,Direkli Cave,direct_sample_site,data/adna/governance/source_library/projects/PRJEB30282/archive_metadata.html || data/adna/governance/source_library/papers/10.1073-pnas.1901169116/supplementary/pnas.1901169116.sd01.xlsx,supplementary_spreadsheet_row,sample_accession:SAMEA5161115 || Sheet1!row492,ENA archive metadata identifies sample SAMEA5161115 as Sus scrofa (tax_id 9823). || AA522 | previous_extraction_code=- | mtdna_accession=- | source=Benjamin Arbuckle | museum_or_sample_code=DM2401 | additional_sample_information=- | location=Direkli Cave | country=Turkey | radiocarbon_lab=OxA-34195 | uncalibrated_date=12045 | uncalibrated_error=60 | calibrated_from_bp=14065 | calibrated_to_bp=13753 | source_age=14065-13753 cal. BP OxA-34195 | source_mean_years_bp=13909 | period=Epipaleolithic | group=NEW-A | zooarch_status=Wild | combined_status=Wild | secondary_zooarch_status=Wild | published=N | chronology_disposition=refused_context_only_unresolved_age_semantics | domestication_disposition=excluded_wild,Direkli Cave,,,Turkey,,,,,,Sample-level locality comes directly from the recovered sample source row.
Sus scrofa domesticus,pig,PRJEB30282,prjeb30282:samea5161116,SAMEA5161116,archive_project_sample_accession_anchor,archive_native,final,,Direkli Cave,direct_sample_site,data/adna/governance/source_library/projects/PRJEB30282/archive_metadata.html || data/adna/governance/source_library/papers/10.1073-pnas.1901169116/supplementary/pnas.1901169116.sd01.xlsx,supplementary_spreadsheet_row,sample_accession:SAMEA5161116 || Sheet1!row493,ENA archive metadata identifies sample SAMEA5161116 as Sus scrofa (tax_id 9823). || AA523 | previous_extraction_code=- | mtdna_accession=- | source=Benjamin Arbuckle | museum_or_sample_code=DM2992 | additional_sample_information=- | location=Direkli Cave | country=Turkey | radiocarbon_lab=- | uncalibrated_date=- | uncalibrated_error=- | calibrated_from_bp=- | calibrated_to_bp=- | source_age=9500BC | source_mean_years_bp=11500 | period=Epipaleolithic | group=NEW-A | zooarch_status=Wild | combined_status=Wild | secondary_zooarch_status=Wild | published=N | chronology_disposition=refused_context_only_unresolved_age_semantics | domestication_disposition=excluded_wild,Direkli Cave,,,Turkey,,,,,,Sample-level locality comes directly from the recovered sample source row.
Sus scrofa domesticus,pig,PRJEB30282,prjeb30282:samea5161117,SAMEA5161117,archive_project_sample_accession_anchor,archive_native,final,,Direkli Cave,direct_sample_site,data/adna/governance/source_library/projects/PRJEB30282/archive_metadata.html || data/adna/governance/source_library/papers/10.1073-pnas.1901169116/supplementary/pnas.1901169116.sd01.xlsx,supplementary_spreadsheet_row,sample_accession:SAMEA5161117 || Sheet1!row494,ENA archive metadata identifies sample SAMEA5161117 as Sus scrofa (tax_id 9823). || AA524 | previous_extraction_code=- | mtdna_accession=- | source=Benjamin Arbuckle | museum_or_sample_code=DM3757 | additional_sample_information=- | location=Direkli Cave | country=Turkey | radiocarbon_lab=- | uncalibrated_date=- | uncalibrated_error=- | calibrated_from_bp=- | calibrated_to_bp=- | source_age=9500BC | source_mean_years_bp=11500 | period=Epipaleolithic | group=NEW-A | zooarch_status=Wild | combined_status=Wild | secondary_zooarch_status=Wild | published=N | chronology_disposition=refused_context_only_unresolved_age_semantics | domestication_disposition=excluded_wild,Direkli Cave,,,Turkey,,,,,,Sample-level locality comes directly from the recovered sample source row.
Sus scrofa domesticus,pig,PRJEB30282,prjeb30282:samea5161118,SAMEA5161118,archive_project_sample_accession_anchor,archive_native,final,,Acemhöyük,direct_sample_site,data/adna/governance/source_library/projects/PRJEB30282/archive_metadata.html || data/adna/governance/source_library/papers/10.1073-pnas.1901169116/supplementary/pnas.1901169116.sd01.xlsx,supplementary_spreadsheet_row,sample_accession:SAMEA5161118 || Sheet1!row490,"ENA archive metadata identifies sample SAMEA5161118 as Sus scrofa (tax_id 9823). || AA525 | previous_extraction_code=- | mtdna_accession=- | source=Benjamin Arbuckle | museum_or_sample_code=AC13540 | additional_sample_information=- | location=Acemhöyük | country=Turkey | radiocarbon_lab=- | uncalibrated_date=- | uncalibrated_error=- | calibrated_from_bp=- | calibrated_to_bp=- | source_age=2000BC, stratigraphically dated | source_mean_years_bp=4000 | period=Early Bronze Age | group=NEU-A | zooarch_status=Unknown | combined_status=Unknown | secondary_zooarch_status=Unknown | published=N | chronology_disposition=refused_context_only_unresolved_age_semantics | domestication_disposition=excluded_domestication_unknown",Acemhöyük,,,Turkey,,,,,,Sample-level locality comes directly from the recovered sample source row.
Sus scrofa domesticus,pig,PRJEB30282,prjeb30282:samea5161119,SAMEA5161119,archive_project_sample_accession_anchor,archive_native,final,,Santa Maria In Selva (Marche),direct_sample_site,data/adna/governance/source_library/projects/PRJEB30282/archive_metadata.html || data/adna/governance/source_library/papers/10.1073-pnas.1901169116/supplementary/pnas.1901169116.sd01.xlsx,supplementary_spreadsheet_row,sample_accession:SAMEA5161119 || Sheet1!row655,ENA archive metadata identifies sample SAMEA5161119 as Sus scrofa (tax_id 9823). || AA629 | previous_extraction_code=- | mtdna_accession=- | source=Domenico Lo Vetro / Lucia Sarti | museum_or_sample_code=FMP_SMS_1341 | additional_sample_information=SMS 2C | location=Santa Maria In Selva (Marche) | country=Italy | radiocarbon_lab=- | uncalibrated_date=- | uncalibrated_error=- | calibrated_from_bp=- | calibrated_to_bp=- | source_age=- | source_mean_years_bp=- | period=Late Neolithic | group=EUU-A | zooarch_status=NA | combined_status=NA | secondary_zooarch_status=NA | published=N | chronology_disposition=unresolved_missing_source_mean | domestication_disposition=excluded_noncanonical_domestication_status,Santa Maria In Selva (Marche),,,Italy,,,,,,Sample-level locality comes directly from the recovered sample source row.
Sus scrofa domesticus,pig,PRJEB30282,prjeb30282:samea5161120,SAMEA5161120,archive_project_sample_accession_anchor,archive_native,final,,Klimonas,direct_sample_site,data/adna/governance/source_library/projects/PRJEB30282/archive_metadata.html || data/adna/governance/source_library/papers/10.1073-pnas.1901169116/supplementary/pnas.1901169116.sd01.xlsx,supplementary_spreadsheet_row,sample_accession:SAMEA5161120 || Sheet1!row989,"ENA archive metadata identifies sample SAMEA5161120 as Sus scrofa (tax_id 9823). || AL1031 | previous_extraction_code=- | mtdna_accession=- | source=Jean-Denis Vigne / Thomas Cucchi | museum_or_sample_code=KL12-15 | additional_sample_information=- | location=Klimonas | country=Cyprus | radiocarbon_lab=- | uncalibrated_date=- | uncalibrated_error=- | calibrated_from_bp=- | calibrated_to_bp=- | source_age=10,800 cal.BP | source_mean_years_bp=10800 | period=Pre-Pottery Neolithic A | group=NEW-A | zooarch_status=Wild | combined_status=Wild | secondary_zooarch_status=Wild | published=N | chronology_disposition=refused_context_only_unresolved_age_semantics | domestication_disposition=excluded_wild",Klimonas,,,Cyprus,,,,,,Sample-level locality comes directly from the recovered sample source row.
Sus scrofa domesticus,pig,PRJEB30282,prjeb30282:samea5161121,SAMEA5161121,archive_project_sample_accession_anchor,archive_native,final,,Gomolava,direct_sample_site,data/adna/governance/source_library/projects/PRJEB30282/archive_metadata.html || data/adna/governance/source_library/papers/10.1073-pnas.1901169116/supplementary/pnas.1901169116.sd01.xlsx,supplementary_spreadsheet_row,sample_accession:SAMEA5161121 || Sheet1!row628,ENA archive metadata identifies sample SAMEA5161121 as Sus scrofa (tax_id 9823). || AL1062 | previous_extraction_code=- | mtdna_accession=- | source=David Orton | museum_or_sample_code=GOM 13/72 / X.54 D004575 | additional_sample_information=Phase 1a | location=Gomolava | country=Serbia | radiocarbon_lab=- | uncalibrated_date=- | uncalibrated_error=- | calibrated_from_bp=- | calibrated_to_bp=- | source_age=c.4900-4800 cal. BC | source_mean_years_bp=6850 | period=Neolithic | group=EUU-A | zooarch_status=Unknown | combined_status=Unknown | secondary_zooarch_status=Unknown | published=N | chronology_disposition=refused_context_only_unresolved_age_semantics | domestication_disposition=excluded_domestication_unknown,Gomolava,,,Serbia,,,,,,Sample-level locality comes directly from the recovered sample source row.
Sus scrofa domesticus,pig,PRJEB30282,prjeb30282:samea5161122,SAMEA5161122,archive_project_sample_accession_anchor,archive_native,final,,Gomolava,direct_sample_site,data/adna/governance/source_library/projects/PRJEB30282/archive_metadata.html || data/adna/governance/source_library/papers/10.1073-pnas.1901169116/supplementary/pnas.1901169116.sd01.xlsx,supplementary_spreadsheet_row,sample_accession:SAMEA5161122 || Sheet1!row629,"ENA archive metadata identifies sample SAMEA5161122 as Sus scrofa (tax_id 9823). || AL1063 | previous_extraction_code=- | mtdna_accession=- | source=David Orton | museum_or_sample_code=GOM 23/84 / X.13 D004574 | additional_sample_information=Pit 1, phase 1ab; 14C date from this context: OxA-21133 5934 +/- 40 (Orton 2012, EJA) | location=Gomolava | country=Serbia | radiocarbon_lab=- | uncalibrated_date=- | uncalibrated_error=- | calibrated_from_bp=- | calibrated_to_bp=- | source_age=Indirect date from same pit fill layer 4911-4718 cal. BC (94%) | source_mean_years_bp=6815 | period=Neolithic | group=EUU-A | zooarch_status=Unknown | combined_status=Unknown | secondary_zooarch_status=Unknown | published=N | chronology_disposition=refused_context_only_unresolved_age_semantics | domestication_disposition=excluded_domestication_unknown",Gomolava,,,Serbia,,,,,,Sample-level locality comes directly from the recovered sample source row.
Sus scrofa domesticus,pig,PRJEB30282,prjeb30282:samea5161123,SAMEA5161123,archive_project_sample_accession_anchor,archive_native,final,,Gomolava,direct_sample_site,data/adna/governance/source_library/projects/PRJEB30282/archive_metadata.html || data/adna/governance/source_library/papers/10.1073-pnas.1901169116/supplementary/pnas.1901169116.sd01.xlsx,supplementary_spreadsheet_row,sample_accession:SAMEA5161123 || Sheet1!row630,"ENA archive metadata identifies sample SAMEA5161123 as Sus scrofa (tax_id 9823). || AL1068 | previous_extraction_code=- | mtdna_accession=- | source=David Orton | museum_or_sample_code=GOM 143/77 / X.117 D004578 | additional_sample_information=Pit O, phase 1a | location=Gomolava | country=Serbia | radiocarbon_lab=- | uncalibrated_date=- | uncalibrated_error=- | calibrated_from_bp=- | calibrated_to_bp=- | source_age=c.4900-4800 cal. BC | source_mean_years_bp=6850 | period=Neolithic | group=EUU-A | zooarch_status=Unknown | combined_status=Unknown | secondary_zooarch_status=Unknown | published=N | chronology_disposition=refused_context_only_unresolved_age_semantics | domestication_disposition=excluded_domestication_unknown",Gomolava,,,Serbia,,,,,,Sample-level locality comes directly from the recovered sample source row.
Sus scrofa domesticus,pig,PRJEB30282,prjeb30282:samea5161124,SAMEA5161124,archive_project_sample_accession_anchor,archive_native,final,,Gomolava,direct_sample_site,data/adna/governance/source_library/projects/PRJEB30282/archive_metadata.html || data/adna/governance/source_library/papers/10.1073-pnas.1901169116/supplementary/pnas.1901169116.sd01.xlsx,supplementary_spreadsheet_row,sample_accession:SAMEA5161124 || Sheet1!row631,"ENA archive metadata identifies sample SAMEA5161124 as Sus scrofa (tax_id 9823). || AL1070 | previous_extraction_code=- | mtdna_accession=- | source=David Orton | museum_or_sample_code=GOM 97/77 / X.38 D004576 | additional_sample_information=Pit O, phase 1a | location=Gomolava | country=Serbia | radiocarbon_lab=- | uncalibrated_date=- | uncalibrated_error=- | calibrated_from_bp=- | calibrated_to_bp=- | source_age=c.4900-4800 cal. BC | source_mean_years_bp=6850 | period=Neolithic | group=EUU-A | zooarch_status=Unknown | combined_status=Unknown | secondary_zooarch_status=Unknown | published=N | chronology_disposition=refused_context_only_unresolved_age_semantics | domestication_disposition=excluded_domestication_unknown",Gomolava,,,Serbia,,,,,,Sample-level locality comes directly from the recovered sample source row.
Sus scrofa domesticus,pig,PRJEB30282,prjeb30282:samea5161125,SAMEA5161125,archive_project_sample_accession_anchor,archive_native,final,,Klimonas,direct_sample_site,data/adna/governance/source_library/projects/PRJEB30282/archive_metadata.html || data/adna/governance/source_library/papers/10.1073-pnas.1901169116/supplementary/pnas.1901169116.sd01.xlsx,supplementary_spreadsheet_row,sample_accession:SAMEA5161125 || Sheet1!row990,ENA archive metadata identifies sample SAMEA5161125 as Sus scrofa (tax_id 9823). || AL1072 | previous_extraction_code=- | mtdna_accession=- | source=Jean-Denis Vigne / Thomas Cucchi | museum_or_sample_code=KLI 6 / KLII. St10 US 10.6 | additional_sample_information=Community building | location=Klimonas | country=Cyprus | radiocarbon_lab=- | uncalibrated_date=- | uncalibrated_error=- | calibrated_from_bp=- | calibrated_to_bp=- | source_age=9100-8600 BC | source_mean_years_bp=10850 | period=Pre-Pottery Neolithic A | group=NEW-A | zooarch_status=Wild | combined_status=Wild | secondary_zooarch_status=Wild | published=N | chronology_disposition=refused_context_only_unresolved_age_semantics | domestication_disposition=excluded_wild,Klimonas,,,Cyprus,,,,,,Sample-level locality comes directly from the recovered sample source row.
Sus scrofa domesticus,pig,PRJEB30282,prjeb30282:samea5161126,SAMEA5161126,archive_project_sample_accession_anchor,archive_native,final,,Ulucak Höyük,direct_sample_site,data/adna/governance/source_library/projects/PRJEB30282/archive_metadata.html || data/adna/governance/source_library/papers/10.1073-pnas.1901169116/supplementary/pnas.1901169116.sd01.xlsx,supplementary_spreadsheet_row,sample_accession:SAMEA5161126 || Sheet1!row2127,"ENA archive metadata identifies sample SAMEA5161126 as Sus scrofa (tax_id 9823). || AL1102 | previous_extraction_code=- | mtdna_accession=- | source=Özlem Çevik, Canan Çakırlar | museum_or_sample_code=ULCK 13792 | additional_sample_information=- | location=Ulucak Höyük | country=Turkey | radiocarbon_lab=- | uncalibrated_date=- | uncalibrated_error=- | calibrated_from_bp=- | calibrated_to_bp=- | source_age=6800-6500 cal. BC | source_mean_years_bp=8650 | period=Aceramic Neolithic | group=NEU-A | zooarch_status=Unknown | combined_status=Unknown | secondary_zooarch_status=Unknown | published=N | chronology_disposition=refused_context_only_unresolved_age_semantics | domestication_disposition=excluded_domestication_unknown",Ulucak Höyük,,,Turkey,,,,,,Sample-level locality comes directly from the recovered sample source row.
Sus scrofa domesticus,pig,PRJEB30282,prjeb30282:samea5161127,SAMEA5161127,archive_project_sample_accession_anchor,archive_native,final,,Ulucak Höyük,direct_sample_site,data/adna/governance/source_library/projects/PRJEB30282/archive_metadata.html || data/adna/governance/source_library/papers/10.1073-pnas.1901169116/supplementary/pnas.1901169116.sd01.xlsx,supplementary_spreadsheet_row,sample_accession:SAMEA5161127 || Sheet1!row2128,"ENA archive metadata identifies sample SAMEA5161127 as Sus scrofa (tax_id 9823). || AL1103 | previous_extraction_code=- | mtdna_accession=- | source=Özlem Çevik, Canan Çakırlar | museum_or_sample_code=ULCK 19794 | additional_sample_information=- | location=Ulucak Höyük | country=Turkey | radiocarbon_lab=- | uncalibrated_date=- | uncalibrated_error=- | calibrated_from_bp=- | calibrated_to_bp=- | source_age=6800-6500 cal. BC | source_mean_years_bp=8650 | period=Aceramic Neolithic | group=NED-A | zooarch_status=Domestic | combined_status=Domestic | secondary_zooarch_status=Domestic | published=N | chronology_disposition=refused_context_only_unresolved_age_semantics | domestication_disposition=excluded_unreviewed_domesticated_scope",Ulucak Höyük,,,Turkey,,,,,,Sample-level locality comes directly from the recovered sample source row.
Sus scrofa domesticus,pig,PRJEB30282,prjeb30282:samea5161128,SAMEA5161128,archive_project_sample_accession_anchor,archive_native,final,,Çadır Höyük,direct_sample_site,data/adna/governance/source_library/projects/PRJEB30282/archive_metadata.html || data/adna/governance/source_library/papers/10.1073-pnas.1901169116/supplementary/pnas.1901169116.sd01.xlsx,supplementary_spreadsheet_row,sample_accession:SAMEA5161128 || Sheet1!row484,ENA archive metadata identifies sample SAMEA5161128 as Sus scrofa (tax_id 9823). || AL1105 | previous_extraction_code=- | mtdna_accession=- | source=Ben Arbuckle | museum_or_sample_code=FCN 4499 | additional_sample_information=- | location=Çadır Höyük | country=Turkey | radiocarbon_lab=- | uncalibrated_date=- | uncalibrated_error=- | calibrated_from_bp=- | calibrated_to_bp=- | source_age=3500 BC | source_mean_years_bp=5500 | period=Late Chalcolithic | group=NED-A | zooarch_status=Domestic | combined_status=Domestic | secondary_zooarch_status=Domestic | published=N | chronology_disposition=refused_context_only_unresolved_age_semantics | domestication_disposition=excluded_unreviewed_domesticated_scope,Çadır Höyük,,,Turkey,,,,,,Sample-level locality comes directly from the recovered sample source row.
Sus scrofa domesticus,pig,PRJEB30282,prjeb30282:samea5161129,SAMEA5161129,archive_project_sample_accession_anchor,archive_native,final,,Çadır Höyük,direct_sample_site,data/adna/governance/source_library/projects/PRJEB30282/archive_metadata.html || data/adna/governance/source_library/papers/10.1073-pnas.1901169116/supplementary/pnas.1901169116.sd01.xlsx,supplementary_spreadsheet_row,sample_accession:SAMEA5161129 || Sheet1!row485,ENA archive metadata identifies sample SAMEA5161129 as Sus scrofa (tax_id 9823). || AL1106 | previous_extraction_code=- | mtdna_accession=- | source=Ben Arbuckle | museum_or_sample_code=FCN 4217 | additional_sample_information=- | location=Çadır Höyük | country=Turkey | radiocarbon_lab=- | uncalibrated_date=- | uncalibrated_error=- | calibrated_from_bp=- | calibrated_to_bp=- | source_age=3500 BC | source_mean_years_bp=5500 | period=Late Chalcolithic | group=NED-A | zooarch_status=Domestic | combined_status=Domestic | secondary_zooarch_status=Domestic | published=N | chronology_disposition=refused_context_only_unresolved_age_semantics | domestication_disposition=excluded_unreviewed_domesticated_scope,Çadır Höyük,,,Turkey,,,,,,Sample-level locality comes directly from the recovered sample source row.
Sus scrofa domesticus,pig,PRJEB30282,prjeb30282:samea5161130,SAMEA5161130,archive_project_sample_accession_anchor,archive_native,final,,Çadır Höyük,direct_sample_site,data/adna/governance/source_library/projects/PRJEB30282/archive_metadata.html || data/adna/governance/source_library/papers/10.1073-pnas.1901169116/supplementary/pnas.1901169116.sd01.xlsx,supplementary_spreadsheet_row,sample_accession:SAMEA5161130 || Sheet1!row486,ENA archive metadata identifies sample SAMEA5161130 as Sus scrofa (tax_id 9823). || AL1107 | previous_extraction_code=- | mtdna_accession=- | source=Ben Arbuckle | museum_or_sample_code=FCN 4358 | additional_sample_information=- | location=Çadır Höyük | country=Turkey | radiocarbon_lab=- | uncalibrated_date=- | uncalibrated_error=- | calibrated_from_bp=- | calibrated_to_bp=- | source_age=1000 BC | source_mean_years_bp=3000 | period=Iron Age | group=NEU-A | zooarch_status=Domestic | combined_status=Domestic | secondary_zooarch_status=Domestic | published=N | chronology_disposition=refused_context_only_unresolved_age_semantics | domestication_disposition=excluded_unreviewed_domesticated_scope,Çadır Höyük,,,Turkey,,,,,,Sample-level locality comes directly from the recovered sample source row.
Sus scrofa domesticus,pig,PRJEB30282,prjeb30282:samea5161131,SAMEA5161131,archive_project_sample_accession_anchor,archive_native,final,,Çadır Höyük,direct_sample_site,data/adna/governance/source_library/projects/PRJEB30282/archive_metadata.html || data/adna/governance/source_library/papers/10.1073-pnas.1901169116/supplementary/pnas.1901169116.sd01.xlsx,supplementary_spreadsheet_row,sample_accession:SAMEA5161131 || Sheet1!row487,ENA archive metadata identifies sample SAMEA5161131 as Sus scrofa (tax_id 9823). || AL1108 | previous_extraction_code=- | mtdna_accession=- | source=Ben Arbuckle | museum_or_sample_code=FCN 3916 | additional_sample_information=- | location=Çadır Höyük | country=Turkey | radiocarbon_lab=- | uncalibrated_date=- | uncalibrated_error=- | calibrated_from_bp=- | calibrated_to_bp=- | source_age=3500 BC | source_mean_years_bp=5500 | period=Late Chalcolithic | group=NED-A | zooarch_status=Domestic | combined_status=Domestic | secondary_zooarch_status=Domestic | published=N | chronology_disposition=refused_context_only_unresolved_age_semantics | domestication_disposition=excluded_unreviewed_domesticated_scope,Çadır Höyük,,,Turkey,,,,,,Sample-level locality comes directly from the recovered sample source row.
Sus scrofa domesticus,pig,PRJEB30282,prjeb30282:samea5161132,SAMEA5161132,archive_project_sample_accession_anchor,archive_native,final,,Gomolava,direct_sample_site,data/adna/governance/source_library/projects/PRJEB30282/archive_metadata.html || data/adna/governance/source_library/papers/10.1073-pnas.1901169116/supplementary/pnas.1901169116.sd01.xlsx,supplementary_spreadsheet_row,sample_accession:SAMEA5161132 || Sheet1!row633,ENA archive metadata identifies sample SAMEA5161132 as Sus scrofa (tax_id 9823). || AL1110 | previous_extraction_code=- | mtdna_accession=- | source=David Orton | museum_or_sample_code=3861 NovS-GOM-10 / 8/88 | additional_sample_information=- | location=Gomolava | country=Serbia | radiocarbon_lab=- | uncalibrated_date=- | uncalibrated_error=- | calibrated_from_bp=- | calibrated_to_bp=- | source_age=c.4900-4600 cal. BC | source_mean_years_bp=6750 | period=Neolithic | group=EUU-A | zooarch_status=Unknown | combined_status=Unknown | secondary_zooarch_status=Unknown | published=N | chronology_disposition=refused_context_only_unresolved_age_semantics | domestication_disposition=excluded_domestication_unknown,Gomolava,,,Serbia,,,,,,Sample-level locality comes directly from the recovered sample source row.
Sus scrofa domesticus,pig,PRJEB30282,prjeb30282:samea5161133,SAMEA5161133,archive_project_sample_accession_anchor,archive_native,final,,Gomolava,direct_sample_site,data/adna/governance/source_library/projects/PRJEB30282/archive_metadata.html || data/adna/governance/source_library/papers/10.1073-pnas.1901169116/supplementary/pnas.1901169116.sd01.xlsx,supplementary_spreadsheet_row,sample_accession:SAMEA5161133 || Sheet1!row634,ENA archive metadata identifies sample SAMEA5161133 as Sus scrofa (tax_id 9823). || AL1111 | previous_extraction_code=- | mtdna_accession=- | source=David Orton | museum_or_sample_code=3801 NovS-GOM-52 / 123/78 | additional_sample_information=- | location=Gomolava | country=Serbia | radiocarbon_lab=- | uncalibrated_date=- | uncalibrated_error=- | calibrated_from_bp=- | calibrated_to_bp=- | source_age=c.4900-4600 cal. BC | source_mean_years_bp=6750 | period=Neolithic | group=EUU-A | zooarch_status=Unknown | combined_status=Unknown | secondary_zooarch_status=Unknown | published=N | chronology_disposition=refused_context_only_unresolved_age_semantics | domestication_disposition=excluded_domestication_unknown,Gomolava,,,Serbia,,,,,,Sample-level locality comes directly from the recovered sample source row.
Sus scrofa domesticus,pig,PRJEB30282,prjeb30282:samea5161134,SAMEA5161134,archive_project_sample_accession_anchor,archive_native,final,,Gomolava,direct_sample_site,data/adna/governance/source_library/projects/PRJEB30282/archive_metadata.html || data/adna/governance/source_library/papers/10.1073-pnas.1901169116/supplementary/pnas.1901169116.sd01.xlsx,supplementary_spreadsheet_row,sample_accession:SAMEA5161134 || Sheet1!row636,ENA archive metadata identifies sample SAMEA5161134 as Sus scrofa (tax_id 9823). || AL1113 | previous_extraction_code=- | mtdna_accession=- | source=David Orton | museum_or_sample_code=3784 NovS-GOM-73 / 43/76 | additional_sample_information=Phase 1a | location=Gomolava | country=Serbia | radiocarbon_lab=- | uncalibrated_date=- | uncalibrated_error=- | calibrated_from_bp=- | calibrated_to_bp=- | source_age=c.4900-4800 cal. BC | source_mean_years_bp=6850 | period=Neolithic | group=EUU-A | zooarch_status=Unknown | combined_status=Unknown | secondary_zooarch_status=Unknown | published=N | chronology_disposition=refused_context_only_unresolved_age_semantics | domestication_disposition=excluded_domestication_unknown,Gomolava,,,Serbia,,,,,,Sample-level locality comes directly from the recovered sample source row.
Sus scrofa domesticus,pig,PRJEB30282,prjeb30282:samea5161135,SAMEA5161135,archive_project_sample_accession_anchor,archive_native,final,,Gomolava,direct_sample_site,data/adna/governance/source_library/projects/PRJEB30282/archive_metadata.html || data/adna/governance/source_library/papers/10.1073-pnas.1901169116/supplementary/pnas.1901169116.sd01.xlsx,supplementary_spreadsheet_row,sample_accession:SAMEA5161135 || Sheet1!row637,ENA archive metadata identifies sample SAMEA5161135 as Sus scrofa (tax_id 9823). || AL1114 | previous_extraction_code=- | mtdna_accession=- | source=David Orton | museum_or_sample_code=3776 NovS-GOM-89 / 64/72 | additional_sample_information=Phase Iab | location=Gomolava | country=Serbia | radiocarbon_lab=- | uncalibrated_date=- | uncalibrated_error=- | calibrated_from_bp=- | calibrated_to_bp=- | source_age=c.4850-4750 cal. BC | source_mean_years_bp=6800 | period=Neolithic | group=EUU-A | zooarch_status=Unknown | combined_status=Unknown | secondary_zooarch_status=Unknown | published=N | chronology_disposition=refused_context_only_unresolved_age_semantics | domestication_disposition=excluded_domestication_unknown,Gomolava,,,Serbia,,,,,,Sample-level locality comes directly from the recovered sample source row.
Sus scrofa domesticus,pig,PRJEB30282,prjeb30282:samea5161136,SAMEA5161136,archive_project_sample_accession_anchor,archive_native,final,,"Mount Petrino (Mondragone, Caserta)",direct_sample_site,data/adna/governance/source_library/projects/PRJEB30282/archive_metadata.html || data/adna/governance/source_library/papers/10.1073-pnas.1901169116/supplementary/pnas.1901169116.sd01.xlsx,supplementary_spreadsheet_row,sample_accession:SAMEA5161136 || Sheet1!row642,"ENA archive metadata identifies sample SAMEA5161136 as Sus scrofa (tax_id 9823). || AL1116 | previous_extraction_code=- | mtdna_accession=- | source=Domenico Fulgione | museum_or_sample_code=MIMMO1 | additional_sample_information=- | location=Mount Petrino (Mondragone, Caserta) | country=Italy | radiocarbon_lab=- | uncalibrated_date=- | uncalibrated_error=- | calibrated_from_bp=- | calibrated_to_bp=- | source_age=about 1000 BP | source_mean_years_bp=1000 | period=- | group=EUU-A | zooarch_status=Unknown | combined_status=Unknown | secondary_zooarch_status=Unknown | published=N | chronology_disposition=refused_context_only_unresolved_age_semantics | domestication_disposition=excluded_domestication_unknown","Mount Petrino (Mondragone, Caserta)",,,Italy,,,,,,Sample-level locality comes directly from the recovered sample source row.
Sus scrofa domesticus,pig,PRJEB30282,prjeb30282:samea5161137,SAMEA5161137,archive_project_sample_accession_anchor,archive_native,final,,Grotta Verde Alghero (Sardinia),direct_sample_site,data/adna/governance/source_library/projects/PRJEB30282/archive_metadata.html || data/adna/governance/source_library/papers/10.1073-pnas.1901169116/supplementary/pnas.1901169116.sd01.xlsx,supplementary_spreadsheet_row,sample_accession:SAMEA5161137 || Sheet1!row640,"ENA archive metadata identifies sample SAMEA5161137 as Sus scrofa (tax_id 9823). || AL612 | previous_extraction_code=- | mtdna_accession=- | source=Domenico Fulgione | museum_or_sample_code=SCA07 | additional_sample_information=- | location=Grotta Verde Alghero (Sardinia) | country=Italy | radiocarbon_lab=- | uncalibrated_date=- | uncalibrated_error=- | calibrated_from_bp=- | calibrated_to_bp=- | source_age=3,500-2,700BC | source_mean_years_bp=5100 | period=Neolithic | group=EUU-A | zooarch_status=Unknown | combined_status=Unknown | secondary_zooarch_status=Unknown | published=N | chronology_disposition=refused_context_only_unresolved_age_semantics | domestication_disposition=excluded_domestication_unknown",Grotta Verde Alghero (Sardinia),,,Italy,,,,,,Sample-level locality comes directly from the recovered sample source row.
Sus scrofa domesticus,pig,PRJEB30282,prjeb30282:samea5161138,SAMEA5161138,archive_project_sample_accession_anchor,archive_native,final,,Tell-Afis Sarageb,direct_sample_site,data/adna/governance/source_library/projects/PRJEB30282/archive_metadata.html || data/adna/governance/source_library/papers/10.1073-pnas.1901169116/supplementary/pnas.1901169116.sd01.xlsx,supplementary_spreadsheet_row,sample_accession:SAMEA5161138 || Sheet1!row646,ENA archive metadata identifies sample SAMEA5161138 as Sus scrofa (tax_id 9823). || AL613 | previous_extraction_code=- | mtdna_accession=- | source=Domenico Fulgione | museum_or_sample_code=SCA08 | additional_sample_information=Humerus | location=Tell-Afis Sarageb | country=Syria | radiocarbon_lab=- | uncalibrated_date=- | uncalibrated_error=- | calibrated_from_bp=- | calibrated_to_bp=- | source_age=900-535BC | source_mean_years_bp=2718 | period=Iron age I | group=NEU-A | zooarch_status=Unknown | combined_status=Unknown | secondary_zooarch_status=Unknown | published=N | chronology_disposition=refused_context_only_unresolved_age_semantics | domestication_disposition=excluded_domestication_unknown,Tell-Afis Sarageb,,,Syria,,,,,,Sample-level locality comes directly from the recovered sample source row.
Sus scrofa domesticus,pig,PRJEB30282,prjeb30282:samea5161139,SAMEA5161139,archive_project_sample_accession_anchor,archive_native,final,,"Latronico (Potenza, Basilicata)",direct_sample_site,data/adna/governance/source_library/projects/PRJEB30282/archive_metadata.html || data/adna/governance/source_library/papers/10.1073-pnas.1901169116/supplementary/pnas.1901169116.sd01.xlsx,supplementary_spreadsheet_row,sample_accession:SAMEA5161139 || Sheet1!row641,"ENA archive metadata identifies sample SAMEA5161139 as Sus scrofa (tax_id 9823). || AL616 | previous_extraction_code=- | mtdna_accession=- | source=Domenico Fulgione | museum_or_sample_code=SCA18 | additional_sample_information=- | location=Latronico (Potenza, Basilicata) | country=Italy | radiocarbon_lab=- | uncalibrated_date=- | uncalibrated_error=- | calibrated_from_bp=- | calibrated_to_bp=- | source_age=8th millennium BC | source_mean_years_bp=9000 | period=Mesolithic VIII millennio BC | group=EUW-A | zooarch_status=Wild | combined_status=Wild | secondary_zooarch_status=Wild | published=N | chronology_disposition=refused_context_only_unresolved_age_semantics | domestication_disposition=excluded_wild","Latronico (Potenza, Basilicata)",,,Italy,,,,,,Sample-level locality comes directly from the recovered sample source row.
Sus scrofa domesticus,pig,PRJEB30282,prjeb30282:samea5161140,SAMEA5161140,archive_project_sample_accession_anchor,archive_native,final,,Aşıklı Höyük,direct_sample_site,data/adna/governance/source_library/projects/PRJEB30282/archive_metadata.html || data/adna/governance/source_library/papers/10.1073-pnas.1901169116/supplementary/pnas.1901169116.sd01.xlsx,supplementary_spreadsheet_row,sample_accession:SAMEA5161140 || Sheet1!row1085,ENA archive metadata identifies sample SAMEA5161140 as Sus scrofa (tax_id 9823). || AL643 | previous_extraction_code=- | mtdna_accession=- | source=Joris Peters | museum_or_sample_code=AH 602.381 | additional_sample_information=- | location=Aşıklı Höyük | country=Turkey | radiocarbon_lab=- | uncalibrated_date=- | uncalibrated_error=- | calibrated_from_bp=- | calibrated_to_bp=- | source_age=7850-7700 cal. BC | source_mean_years_bp=9778 | period=Aceramic Neolithic | group=NEW-A | zooarch_status=Wild | combined_status=Wild | secondary_zooarch_status=Wild | published=N | chronology_disposition=refused_context_only_unresolved_age_semantics | domestication_disposition=excluded_wild,Aşıklı Höyük,,,Turkey,,,,,,Sample-level locality comes directly from the recovered sample source row.
Sus scrofa domesticus,pig,PRJEB30282,prjeb30282:samea5161141,SAMEA5161141,archive_project_sample_accession_anchor,archive_native,final,,Aşıklı Höyük,direct_sample_site,data/adna/governance/source_library/projects/PRJEB30282/archive_metadata.html || data/adna/governance/source_library/papers/10.1073-pnas.1901169116/supplementary/pnas.1901169116.sd01.xlsx,supplementary_spreadsheet_row,sample_accession:SAMEA5161141 || Sheet1!row1088,ENA archive metadata identifies sample SAMEA5161141 as Sus scrofa (tax_id 9823). || AL646 | previous_extraction_code=- | mtdna_accession=- | source=Joris Peters | museum_or_sample_code=M24-13 | additional_sample_information=- | location=Aşıklı Höyük | country=Turkey | radiocarbon_lab=- | uncalibrated_date=- | uncalibrated_error=- | calibrated_from_bp=- | calibrated_to_bp=- | source_age=8350-8050 cal. BC | source_mean_years_bp=10200 | period=Aceramic Neolithic | group=NEU-A | zooarch_status=Unknown | combined_status=Unknown | secondary_zooarch_status=Unknown | published=N | chronology_disposition=refused_context_only_unresolved_age_semantics | domestication_disposition=excluded_domestication_unknown,Aşıklı Höyük,,,Turkey,,,,,,Sample-level locality comes directly from the recovered sample source row.
Sus scrofa domesticus,pig,PRJEB30282,prjeb30282:samea5161142,SAMEA5161142,archive_project_sample_accession_anchor,archive_native,final,,Aşıklı Höyük,direct_sample_site,data/adna/governance/source_library/projects/PRJEB30282/archive_metadata.html || data/adna/governance/source_library/papers/10.1073-pnas.1901169116/supplementary/pnas.1901169116.sd01.xlsx,supplementary_spreadsheet_row,sample_accession:SAMEA5161142 || Sheet1!row1089,ENA archive metadata identifies sample SAMEA5161142 as Sus scrofa (tax_id 9823). || AL647 | previous_extraction_code=- | mtdna_accession=- | source=Joris Peters | museum_or_sample_code=AHS 37.1 | additional_sample_information=- | location=Aşıklı Höyük | country=Turkey | radiocarbon_lab=- | uncalibrated_date=- | uncalibrated_error=- | calibrated_from_bp=- | calibrated_to_bp=- | source_age=7850-7550/7300 cal. BC | source_mean_years_bp=9700 | period=Aceramic Neolithic | group=NEU-A | zooarch_status=Unknown | combined_status=Unknown | secondary_zooarch_status=Unknown | published=N | chronology_disposition=refused_context_only_unresolved_age_semantics | domestication_disposition=excluded_domestication_unknown,Aşıklı Höyük,,,Turkey,,,,,,Sample-level locality comes directly from the recovered sample source row.
Sus scrofa domesticus,pig,PRJEB30282,prjeb30282:samea5161143,SAMEA5161143,archive_project_sample_accession_anchor,archive_native,final,,Aşıklı Höyük,direct_sample_site,data/adna/governance/source_library/projects/PRJEB30282/archive_metadata.html || data/adna/governance/source_library/papers/10.1073-pnas.1901169116/supplementary/pnas.1901169116.sd01.xlsx,supplementary_spreadsheet_row,sample_accession:SAMEA5161143 || Sheet1!row1090,ENA archive metadata identifies sample SAMEA5161143 as Sus scrofa (tax_id 9823). || AL706 | previous_extraction_code=- | mtdna_accession=- | source=Joris Peters | museum_or_sample_code=M24-17 | additional_sample_information=- | location=Aşıklı Höyük | country=Turkey | radiocarbon_lab=- | uncalibrated_date=- | uncalibrated_error=- | calibrated_from_bp=- | calibrated_to_bp=- | source_age=8350-8050 cal. BC | source_mean_years_bp=10200 | period=Aceramic Neolithic | group=NEW-A | zooarch_status=Wild | combined_status=Wild | secondary_zooarch_status=Wild | published=N | chronology_disposition=refused_context_only_unresolved_age_semantics | domestication_disposition=excluded_wild,Aşıklı Höyük,,,Turkey,,,,,,Sample-level locality comes directly from the recovered sample source row.
Sus scrofa domesticus,pig,PRJEB30282,prjeb30282:samea5161144,SAMEA5161144,archive_project_sample_accession_anchor,archive_native,final,,Aşıklı Höyük,direct_sample_site,data/adna/governance/source_library/projects/PRJEB30282/archive_metadata.html || data/adna/governance/source_library/papers/10.1073-pnas.1901169116/supplementary/pnas.1901169116.sd01.xlsx,supplementary_spreadsheet_row,sample_accession:SAMEA5161144 || Sheet1!row1091,ENA archive metadata identifies sample SAMEA5161144 as Sus scrofa (tax_id 9823). || AL708 | previous_extraction_code=- | mtdna_accession=- | source=Joris Peters | museum_or_sample_code=AH 603.461 | additional_sample_information=- | location=Aşıklı Höyük | country=Turkey | radiocarbon_lab=- | uncalibrated_date=- | uncalibrated_error=- | calibrated_from_bp=- | calibrated_to_bp=- | source_age=7850-7700 cal. BC | source_mean_years_bp=9778 | period=Aceramic Neolithic | group=NEW-A | zooarch_status=Wild | combined_status=Wild | secondary_zooarch_status=Wild | published=N | chronology_disposition=refused_context_only_unresolved_age_semantics | domestication_disposition=excluded_wild,Aşıklı Höyük,,,Turkey,,,,,,Sample-level locality comes directly from the recovered sample source row.
Sus scrofa domesticus,pig,PRJEB30282,prjeb30282:samea5161145,SAMEA5161145,archive_project_sample_accession_anchor,archive_native,final,,Aşıklı Höyük,direct_sample_site,data/adna/governance/source_library/projects/PRJEB30282/archive_metadata.html || data/adna/governance/source_library/papers/10.1073-pnas.1901169116/supplementary/pnas.1901169116.sd01.xlsx,supplementary_spreadsheet_row,sample_accession:SAMEA5161145 || Sheet1!row1093,ENA archive metadata identifies sample SAMEA5161145 as Sus scrofa (tax_id 9823). || AL714 | previous_extraction_code=- | mtdna_accession=- | source=Joris Peters | museum_or_sample_code=M24-16 | additional_sample_information=- | location=Aşıklı Höyük | country=Turkey | radiocarbon_lab=- | uncalibrated_date=- | uncalibrated_error=- | calibrated_from_bp=- | calibrated_to_bp=- | source_age=8350-8050 cal. BC | source_mean_years_bp=10200 | period=Aceramic Neolithic | group=NEW-A | zooarch_status=Wild | combined_status=Wild | secondary_zooarch_status=Wild | published=N | chronology_disposition=refused_context_only_unresolved_age_semantics | domestication_disposition=excluded_wild,Aşıklı Höyük,,,Turkey,,,,,,Sample-level locality comes directly from the recovered sample source row.
Sus scrofa domesticus,pig,PRJEB30282,prjeb30282:samea5161146,SAMEA5161146,archive_project_sample_accession_anchor,archive_native,final,,Aşıklı Höyük,direct_sample_site,data/adna/governance/source_library/projects/PRJEB30282/archive_metadata.html || data/adna/governance/source_library/papers/10.1073-pnas.1901169116/supplementary/pnas.1901169116.sd01.xlsx,supplementary_spreadsheet_row,sample_accession:SAMEA5161146 || Sheet1!row1094,ENA archive metadata identifies sample SAMEA5161146 as Sus scrofa (tax_id 9823). || AL718 | previous_extraction_code=- | mtdna_accession=- | source=Joris Peters | museum_or_sample_code=M24-5 | additional_sample_information=- | location=Aşıklı Höyük | country=Turkey | radiocarbon_lab=- | uncalibrated_date=- | uncalibrated_error=- | calibrated_from_bp=- | calibrated_to_bp=- | source_age=8350-8050 cal. BC | source_mean_years_bp=10200 | period=Aceramic Neolithic | group=NEW-A | zooarch_status=Wild | combined_status=Wild | secondary_zooarch_status=Wild | published=N | chronology_disposition=refused_context_only_unresolved_age_semantics | domestication_disposition=excluded_wild,Aşıklı Höyük,,,Turkey,,,,,,Sample-level locality comes directly from the recovered sample source row.
Sus scrofa domesticus,pig,PRJEB30282,prjeb30282:samea5161147,SAMEA5161147,archive_project_sample_accession_anchor,archive_native,final,,Aşıklı Höyük,direct_sample_site,data/adna/governance/source_library/projects/PRJEB30282/archive_metadata.html || data/adna/governance/source_library/papers/10.1073-pnas.1901169116/supplementary/pnas.1901169116.sd01.xlsx,supplementary_spreadsheet_row,sample_accession:SAMEA5161147 || Sheet1!row1095,ENA archive metadata identifies sample SAMEA5161147 as Sus scrofa (tax_id 9823). || AL720 | previous_extraction_code=- | mtdna_accession=- | source=Joris Peters | museum_or_sample_code=AH 521.11 197 | additional_sample_information=- | location=Aşıklı Höyük | country=Turkey | radiocarbon_lab=- | uncalibrated_date=- | uncalibrated_error=- | calibrated_from_bp=- | calibrated_to_bp=- | source_age=7600 +100 cal. BC | source_mean_years_bp=9600 | period=Aceramic Neolithic | group=NEW-A | zooarch_status=Wild | combined_status=Wild | secondary_zooarch_status=Wild | published=N | chronology_disposition=refused_context_only_unresolved_age_semantics | domestication_disposition=excluded_wild,Aşıklı Höyük,,,Turkey,,,,,,Sample-level locality comes directly from the recovered sample source row.
Sus scrofa domesticus,pig,PRJEB30282,prjeb30282:samea5161148,SAMEA5161148,archive_project_sample_accession_anchor,archive_native,final,,Aşıklı Höyük,direct_sample_site,data/adna/governance/source_library/projects/PRJEB30282/archive_metadata.html || data/adna/governance/source_library/papers/10.1073-pnas.1901169116/supplementary/pnas.1901169116.sd01.xlsx,supplementary_spreadsheet_row,sample_accession:SAMEA5161148 || Sheet1!row1097,ENA archive metadata identifies sample SAMEA5161148 as Sus scrofa (tax_id 9823). || AL725 | previous_extraction_code=- | mtdna_accession=- | source=Joris Peters | museum_or_sample_code=M24-15 | additional_sample_information=- | location=Aşıklı Höyük | country=Turkey | radiocarbon_lab=- | uncalibrated_date=- | uncalibrated_error=- | calibrated_from_bp=- | calibrated_to_bp=- | source_age=8350-8050 cal. BC | source_mean_years_bp=10200 | period=Aceramic Neolithic | group=NEW-A | zooarch_status=Wild | combined_status=Wild | secondary_zooarch_status=Wild | published=N | chronology_disposition=refused_context_only_unresolved_age_semantics | domestication_disposition=excluded_wild,Aşıklı Höyük,,,Turkey,,,,,,Sample-level locality comes directly from the recovered sample source row.
Sus scrofa domesticus,pig,PRJEB30282,prjeb30282:samea5161149,SAMEA5161149,archive_project_sample_accession_anchor,archive_native,final,,Aşıklı Höyük,direct_sample_site,data/adna/governance/source_library/projects/PRJEB30282/archive_metadata.html || data/adna/governance/source_library/papers/10.1073-pnas.1901169116/supplementary/pnas.1901169116.sd01.xlsx,supplementary_spreadsheet_row,sample_accession:SAMEA5161149 || Sheet1!row1098,ENA archive metadata identifies sample SAMEA5161149 as Sus scrofa (tax_id 9823). || AL726 | previous_extraction_code=- | mtdna_accession=- | source=Joris Peters | museum_or_sample_code=AH 427.52 | additional_sample_information=- | location=Aşıklı Höyük | country=Turkey | radiocarbon_lab=- | uncalibrated_date=- | uncalibrated_error=- | calibrated_from_bp=- | calibrated_to_bp=- | source_age=7850-7550/7300 cal. BC | source_mean_years_bp=9700 | period=Aceramic Neolithic | group=NEW-A | zooarch_status=Wild | combined_status=Wild | secondary_zooarch_status=Wild | published=N | chronology_disposition=refused_context_only_unresolved_age_semantics | domestication_disposition=excluded_wild,Aşıklı Höyük,,,Turkey,,,,,,Sample-level locality comes directly from the recovered sample source row.
Sus scrofa domesticus,pig,PRJEB30282,prjeb30282:samea5161150,SAMEA5161150,archive_project_sample_accession_anchor,archive_native,final,,Icoana,direct_sample_site,data/adna/governance/source_library/projects/PRJEB30282/archive_metadata.html || data/adna/governance/source_library/papers/10.1073-pnas.1901169116/supplementary/pnas.1901169116.sd01.xlsx,supplementary_spreadsheet_row,sample_accession:SAMEA5161150 || Sheet1!row9,ENA archive metadata identifies sample SAMEA5161150 as Sus scrofa (tax_id 9823). || BLT006 | previous_extraction_code=LG402 | mtdna_accession=KJ416055.1 | source=Adrian Balasescu | museum_or_sample_code=ICO_07 | additional_sample_information=Middle Mesolithic of the Iron Gates | location=Icoana | country=Romania | radiocarbon_lab=OxA-24688 | uncalibrated_date=8930 | uncalibrated_error=40 | calibrated_from_bp=10198 | calibrated_to_bp=9914 | source_age=8243-7968 cal. BC (weighted mean of OxA-24694/24695) | source_mean_years_bp=10106 | period=Mesolithic | group=BLW-A | zooarch_status=Wild | combined_status=Wild | secondary_zooarch_status=Wild | published=Y | chronology_disposition=refused_context_only_unresolved_age_semantics | domestication_disposition=excluded_wild,Icoana,,,Romania,,,,,,Sample-level locality comes directly from the recovered sample source row.
Sus scrofa domesticus,pig,PRJEB30282,prjeb30282:samea5161151,SAMEA5161151,archive_project_sample_accession_anchor,archive_native,final,,Icoana,direct_sample_site,data/adna/governance/source_library/projects/PRJEB30282/archive_metadata.html || data/adna/governance/source_library/papers/10.1073-pnas.1901169116/supplementary/pnas.1901169116.sd01.xlsx,supplementary_spreadsheet_row,sample_accession:SAMEA5161151 || Sheet1!row10,ENA archive metadata identifies sample SAMEA5161151 as Sus scrofa (tax_id 9823). || BLT007 | previous_extraction_code=- | mtdna_accession=- | source=Adrian Balasescu | museum_or_sample_code=- | additional_sample_information=Middle or Late Mesolithic of the Iron Gates | location=Icoana | country=Romania | radiocarbon_lab=- | uncalibrated_date=- | uncalibrated_error=- | calibrated_from_bp=- | calibrated_to_bp=- | source_age=8700-6000 cal. BC | source_mean_years_bp=9350 | period=Mesolithic | group=BLW-A | zooarch_status=Wild | combined_status=Wild | secondary_zooarch_status=Wild | published=Y | chronology_disposition=refused_context_only_unresolved_age_semantics | domestication_disposition=excluded_wild,Icoana,,,Romania,,,,,,Sample-level locality comes directly from the recovered sample source row.
Sus scrofa domesticus,pig,PRJEB30282,prjeb30282:samea5161152,SAMEA5161152,archive_project_sample_accession_anchor,archive_native,final,,Icoana,direct_sample_site,data/adna/governance/source_library/projects/PRJEB30282/archive_metadata.html || data/adna/governance/source_library/papers/10.1073-pnas.1901169116/supplementary/pnas.1901169116.sd01.xlsx,supplementary_spreadsheet_row,sample_accession:SAMEA5161152 || Sheet1!row4,"ENA archive metadata identifies sample SAMEA5161152 as Sus scrofa (tax_id 9823). || BLT008 | previous_extraction_code=LG404 | mtdna_accession=KJ416051.1 | source=Adina Boroneanț / Clive Bonsall | museum_or_sample_code=ICO_09 | additional_sample_information=Middle Mesolithic of the Iron Gates / 1968, section 2, squares 1-2; 1.25 m | location=Icoana | country=Romania | radiocarbon_lab=OxA-24694/24695 | uncalibrated_date=8950, 8900 | uncalibrated_error=45, 45 | calibrated_from_bp=10223, 10196 | calibrated_to_bp=9917, 9798 | source_age=8243-7968 cal. BC (weighted mean of OxA-24694/24695) | source_mean_years_bp=10106 | period=Mesolithic | group=BLW-A | zooarch_status=Wild | combined_status=Wild | secondary_zooarch_status=Wild | published=Y | chronology_disposition=refused_context_only_unresolved_age_semantics | domestication_disposition=excluded_wild",Icoana,,,Romania,,,,,,Sample-level locality comes directly from the recovered sample source row.
Sus scrofa domesticus,pig,PRJEB30282,prjeb30282:samea5161153,SAMEA5161153,archive_project_sample_accession_anchor,archive_native,final,,Măgura,direct_sample_site,data/adna/governance/source_library/projects/PRJEB30282/archive_metadata.html || data/adna/governance/source_library/papers/10.1073-pnas.1901169116/supplementary/pnas.1901169116.sd01.xlsx,supplementary_spreadsheet_row,sample_accession:SAMEA5161153 || Sheet1!row13,"ENA archive metadata identifies sample SAMEA5161153 as Sus scrofa (tax_id 9823). || BLT009 | previous_extraction_code=LG434 | mtdna_accession=KJ416023.1 | source=Adrian Balasescu | museum_or_sample_code=MAG_04 | additional_sample_information=Starčevo Criș culture, phase I; 2009, C51, SU 2743 | location=Măgura | country=Romania | radiocarbon_lab=- | uncalibrated_date=- | uncalibrated_error=- | calibrated_from_bp=- | calibrated_to_bp=- | source_age=6100-5900 BC | source_mean_years_bp=8000 | period=Early Neolithic | group=BLW-A | zooarch_status=Wild | combined_status=Wild | secondary_zooarch_status=Wild | published=Y | chronology_disposition=refused_context_only_unresolved_age_semantics | domestication_disposition=excluded_wild",Măgura,,,Romania,,,,,,Sample-level locality comes directly from the recovered sample source row.
Sus scrofa domesticus,pig,PRJEB30282,prjeb30282:samea5161154,SAMEA5161154,archive_project_sample_accession_anchor,archive_native,final,,Măgura,direct_sample_site,data/adna/governance/source_library/projects/PRJEB30282/archive_metadata.html || data/adna/governance/source_library/papers/10.1073-pnas.1901169116/supplementary/pnas.1901169116.sd01.xlsx,supplementary_spreadsheet_row,sample_accession:SAMEA5161154 || Sheet1!row14,"ENA archive metadata identifies sample SAMEA5161154 as Sus scrofa (tax_id 9823). || BLT010 | previous_extraction_code=LG438 | mtdna_accession=KJ416030.1 | source=Adrian Balasescu | museum_or_sample_code=MAG_07 | additional_sample_information=Vădastra culture; 2008, C22, SU 1220 | location=Măgura | country=Romania | radiocarbon_lab=OxA-24693 | uncalibrated_date=6260 | uncalibrated_error=34 | calibrated_from_bp=7267 | calibrated_to_bp=7028 | source_age=- | source_mean_years_bp=7148 | period=Neolithic | group=EUD-A | zooarch_status=Domestic | combined_status=Domestic | secondary_zooarch_status=Domestic | published=Y | chronology_disposition=refused_context_only_unresolved_age_semantics | domestication_disposition=excluded_unreviewed_domesticated_scope",Măgura,,,Romania,,,,,,Sample-level locality comes directly from the recovered sample source row.
Sus scrofa domesticus,pig,PRJEB30282,prjeb30282:samea5161155,SAMEA5161155,archive_project_sample_accession_anchor,archive_native,final,,Vinča Belo Brdo,direct_sample_site,data/adna/governance/source_library/projects/PRJEB30282/archive_metadata.html || data/adna/governance/source_library/papers/10.1073-pnas.1901169116/supplementary/pnas.1901169116.sd01.xlsx,supplementary_spreadsheet_row,sample_accession:SAMEA5161155 || Sheet1!row2289,"ENA archive metadata identifies sample SAMEA5161155 as Sus scrofa (tax_id 9823). || BLT013 | previous_extraction_code=LG184 | mtdna_accession=- | source=Vesna Dimitrijevic | museum_or_sample_code=212 | additional_sample_information=Vinča Culture | location=Vinča Belo Brdo | country=Serbia | radiocarbon_lab=- | uncalibrated_date=- | uncalibrated_error=- | calibrated_from_bp=- | calibrated_to_bp=- | source_age=Mid 5th Millennium BC | source_mean_years_bp=6500 | period=Vinča culture, Late Neolithic | group=EUD-A | zooarch_status=Domestic | combined_status=Domestic | secondary_zooarch_status=Domestic | published=N | chronology_disposition=refused_context_only_unresolved_age_semantics | domestication_disposition=excluded_unreviewed_domesticated_scope",Vinča Belo Brdo,,,Serbia,,,,,,Sample-level locality comes directly from the recovered sample source row.
Sus scrofa domesticus,pig,PRJEB30282,prjeb30282:samea5161156,SAMEA5161156,archive_project_sample_accession_anchor,archive_native,final,,Vinča Belo Brdo,direct_sample_site,data/adna/governance/source_library/projects/PRJEB30282/archive_metadata.html || data/adna/governance/source_library/papers/10.1073-pnas.1901169116/supplementary/pnas.1901169116.sd01.xlsx,supplementary_spreadsheet_row,sample_accession:SAMEA5161156 || Sheet1!row2290,"ENA archive metadata identifies sample SAMEA5161156 as Sus scrofa (tax_id 9823). || BLT014 | previous_extraction_code=LG058 | mtdna_accession=- | source=Vesna Dimitrijevic | museum_or_sample_code=BB 02/37/11 / SE_BB_08 | additional_sample_information=Vinča Culture | location=Vinča Belo Brdo | country=Serbia | radiocarbon_lab=- | uncalibrated_date=- | uncalibrated_error=- | calibrated_from_bp=- | calibrated_to_bp=- | source_age=Mid 5th Millennium BC | source_mean_years_bp=6500 | period=Vinča culture, Late Neolithic | group=EUD-A | zooarch_status=Domestic | combined_status=Domestic | secondary_zooarch_status=Domestic | published=N | chronology_disposition=refused_context_only_unresolved_age_semantics | domestication_disposition=excluded_unreviewed_domesticated_scope",Vinča Belo Brdo,,,Serbia,,,,,,Sample-level locality comes directly from the recovered sample source row.
Sus scrofa domesticus,pig,PRJEB30282,prjeb30282:samea5161157,SAMEA5161157,archive_project_sample_accession_anchor,archive_native,final,,Çamlibel Tarlasi,direct_sample_site,data/adna/governance/source_library/projects/PRJEB30282/archive_metadata.html || data/adna/governance/source_library/papers/10.1073-pnas.1901169116/supplementary/pnas.1901169116.sd01.xlsx,supplementary_spreadsheet_row,sample_accession:SAMEA5161157 || Sheet1!row1603,"ENA archive metadata identifies sample SAMEA5161157 as Sus scrofa (tax_id 9823). || BLT015 | previous_extraction_code=LG491 | mtdna_accession=JX894039 | source=László Bartosiewicz | museum_or_sample_code=Boğazköy Museum, Tr | additional_sample_information=- | location=Çamlibel Tarlasi | country=Turkey | radiocarbon_lab=- | uncalibrated_date=- | uncalibrated_error=- | calibrated_from_bp=- | calibrated_to_bp=- | source_age=3590–3470 cal. BC, 1s | source_mean_years_bp=5330 | period=Late Chalcolithic | group=NED-A | zooarch_status=Domestic | combined_status=Domestic | secondary_zooarch_status=Domestic | published=Y | chronology_disposition=refused_context_only_unresolved_age_semantics | domestication_disposition=excluded_unreviewed_domesticated_scope",Çamlibel Tarlasi,,,Turkey,,,,,,Sample-level locality comes directly from the recovered sample source row.
Sus scrofa domesticus,pig,PRJEB30282,prjeb30282:samea5161158,SAMEA5161158,archive_project_sample_accession_anchor,archive_native,final,,Çamlibel Tarlasi,direct_sample_site,data/adna/governance/source_library/projects/PRJEB30282/archive_metadata.html || data/adna/governance/source_library/papers/10.1073-pnas.1901169116/supplementary/pnas.1901169116.sd01.xlsx,supplementary_spreadsheet_row,sample_accession:SAMEA5161158 || Sheet1!row1604,"ENA archive metadata identifies sample SAMEA5161158 as Sus scrofa (tax_id 9823). || BLT016 | previous_extraction_code=LG488 | mtdna_accession=JX894037 | source=László Bartosiewicz | museum_or_sample_code=Boğazköy Museum, Tr | additional_sample_information=- | location=Çamlibel Tarlasi | country=Turkey | radiocarbon_lab=- | uncalibrated_date=- | uncalibrated_error=- | calibrated_from_bp=- | calibrated_to_bp=- | source_age=3590–3470 cal. BC, 1s | source_mean_years_bp=5330 | period=Late Chalcolithic | group=NED-A | zooarch_status=Domestic | combined_status=Domestic | secondary_zooarch_status=Domestic | published=Y | chronology_disposition=refused_context_only_unresolved_age_semantics | domestication_disposition=excluded_unreviewed_domesticated_scope",Çamlibel Tarlasi,,,Turkey,,,,,,Sample-level locality comes directly from the recovered sample source row.
Sus scrofa domesticus,pig,PRJEB30282,prjeb30282:samea5161159,SAMEA5161159,archive_project_sample_accession_anchor,archive_native,final,,Çamlibel Tarlasi,direct_sample_site,data/adna/governance/source_library/projects/PRJEB30282/archive_metadata.html || data/adna/governance/source_library/papers/10.1073-pnas.1901169116/supplementary/pnas.1901169116.sd01.xlsx,supplementary_spreadsheet_row,sample_accession:SAMEA5161159 || Sheet1!row1605,"ENA archive metadata identifies sample SAMEA5161159 as Sus scrofa (tax_id 9823). || BLT017 | previous_extraction_code=LG479 | mtdna_accession=- | source=László Bartosiewicz | museum_or_sample_code=Boğazköy Museum, Tr | additional_sample_information=- | location=Çamlibel Tarlasi | country=Turkey | radiocarbon_lab=- | uncalibrated_date=- | uncalibrated_error=- | calibrated_from_bp=- | calibrated_to_bp=- | source_age=3590–3470 cal. BC, 1s | source_mean_years_bp=5330 | period=Late Chalcolithic | group=NED-A | zooarch_status=Domestic | combined_status=Domestic | secondary_zooarch_status=Domestic | published=N | chronology_disposition=refused_context_only_unresolved_age_semantics | domestication_disposition=excluded_unreviewed_domesticated_scope",Çamlibel Tarlasi,,,Turkey,,,,,,Sample-level locality comes directly from the recovered sample source row.
Sus scrofa domesticus,pig,PRJEB30282,prjeb30282:samea5161160,SAMEA5161160,archive_project_sample_accession_anchor,archive_native,final,,Çamlibel Tarlasi,direct_sample_site,data/adna/governance/source_library/projects/PRJEB30282/archive_metadata.html || data/adna/governance/source_library/papers/10.1073-pnas.1901169116/supplementary/pnas.1901169116.sd01.xlsx,supplementary_spreadsheet_row,sample_accession:SAMEA5161160 || Sheet1!row1606,"ENA archive metadata identifies sample SAMEA5161160 as Sus scrofa (tax_id 9823). || BLT018 | previous_extraction_code=LG476 | mtdna_accession=JX894031 | source=László Bartosiewicz | museum_or_sample_code=Boğazköy Museum, Tr | additional_sample_information=- | location=Çamlibel Tarlasi | country=Turkey | radiocarbon_lab=- | uncalibrated_date=- | uncalibrated_error=- | calibrated_from_bp=- | calibrated_to_bp=- | source_age=3590–3470 cal. BC, 1s | source_mean_years_bp=5330 | period=Late Chalcolithic | group=NED-A | zooarch_status=Domestic | combined_status=Domestic | secondary_zooarch_status=Domestic | published=Y | chronology_disposition=refused_context_only_unresolved_age_semantics | domestication_disposition=excluded_unreviewed_domesticated_scope",Çamlibel Tarlasi,,,Turkey,,,,,,Sample-level locality comes directly from the recovered sample source row.
Sus scrofa domesticus,pig,PRJEB30282,prjeb30282:samea5161161,SAMEA5161161,archive_project_sample_accession_anchor,archive_native,final,,Çamlibel Tarlasi,direct_sample_site,data/adna/governance/source_library/projects/PRJEB30282/archive_metadata.html || data/adna/governance/source_library/papers/10.1073-pnas.1901169116/supplementary/pnas.1901169116.sd01.xlsx,supplementary_spreadsheet_row,sample_accession:SAMEA5161161 || Sheet1!row1607,"ENA archive metadata identifies sample SAMEA5161161 as Sus scrofa (tax_id 9823). || BLT019 | previous_extraction_code=LG475 | mtdna_accession=JX894030 | source=László Bartosiewicz | museum_or_sample_code=Boğazköy Museum, Tr | additional_sample_information=- | location=Çamlibel Tarlasi | country=Turkey | radiocarbon_lab=- | uncalibrated_date=- | uncalibrated_error=- | calibrated_from_bp=- | calibrated_to_bp=- | source_age=3590–3470 cal. BC, 1s | source_mean_years_bp=5330 | period=Late Chalcolithic | group=NED-A | zooarch_status=Domestic | combined_status=Domestic | secondary_zooarch_status=Domestic | published=Y | chronology_disposition=refused_context_only_unresolved_age_semantics | domestication_disposition=excluded_unreviewed_domesticated_scope",Çamlibel Tarlasi,,,Turkey,,,,,,Sample-level locality comes directly from the recovered sample source row.
Sus scrofa domesticus,pig,PRJEB30282,prjeb30282:samea5161162,SAMEA5161162,archive_project_sample_accession_anchor,archive_native,final,,Madzhari,direct_sample_site,data/adna/governance/source_library/projects/PRJEB30282/archive_metadata.html || data/adna/governance/source_library/papers/10.1073-pnas.1901169116/supplementary/pnas.1901169116.sd01.xlsx,supplementary_spreadsheet_row,sample_accession:SAMEA5161162 || Sheet1!row1658,ENA archive metadata identifies sample SAMEA5161162 as Sus scrofa (tax_id 9823). || BLT022 | previous_extraction_code=LG770 | mtdna_accession=- | source=Lionel Gourichon | museum_or_sample_code=MDI04-4074 | additional_sample_information=Level 4A | location=Madzhari | country=Macedonia (FYROM) | radiocarbon_lab=- | uncalibrated_date=- | uncalibrated_error=- | calibrated_from_bp=- | calibrated_to_bp=- | source_age=ca. 5800-5500 cal. BC | source_mean_years_bp=7650 | period=Middle Neolithic | group=EUD-A | zooarch_status=Domestic | combined_status=Domestic | secondary_zooarch_status=Domestic | published=N | chronology_disposition=refused_context_only_unresolved_age_semantics | domestication_disposition=excluded_unreviewed_domesticated_scope,Madzhari,,,,Macedonia (FYROM),,,,,Sample-level locality comes directly from the recovered sample source row.
Sus scrofa domesticus,pig,PRJEB30282,prjeb30282:samea5161163,SAMEA5161163,archive_project_sample_accession_anchor,archive_native,final,,Madzhari,direct_sample_site,data/adna/governance/source_library/projects/PRJEB30282/archive_metadata.html || data/adna/governance/source_library/papers/10.1073-pnas.1901169116/supplementary/pnas.1901169116.sd01.xlsx,supplementary_spreadsheet_row,sample_accession:SAMEA5161163 || Sheet1!row1659,ENA archive metadata identifies sample SAMEA5161163 as Sus scrofa (tax_id 9823). || BLT023 | previous_extraction_code=LG771 | mtdna_accession=- | source=Lionel Gourichon | museum_or_sample_code=MDI04-4366 | additional_sample_information=Level 3B/4A | location=Madzhari | country=Macedonia (FYROM) | radiocarbon_lab=- | uncalibrated_date=- | uncalibrated_error=- | calibrated_from_bp=- | calibrated_to_bp=- | source_age=ca. 5800-5500 cal. BC | source_mean_years_bp=7650 | period=Middle Neolithic | group=EUD-A | zooarch_status=Domestic | combined_status=Domestic | secondary_zooarch_status=Domestic | published=N | chronology_disposition=refused_context_only_unresolved_age_semantics | domestication_disposition=excluded_unreviewed_domesticated_scope,Madzhari,,,,Macedonia (FYROM),,,,,Sample-level locality comes directly from the recovered sample source row.
Sus scrofa domesticus,pig,PRJEB30282,prjeb30282:samea5161164,SAMEA5161164,archive_project_sample_accession_anchor,archive_native,final,,Vlasac,direct_sample_site,data/adna/governance/source_library/projects/PRJEB30282/archive_metadata.html || data/adna/governance/source_library/papers/10.1073-pnas.1901169116/supplementary/pnas.1901169116.sd01.xlsx,supplementary_spreadsheet_row,sample_accession:SAMEA5161164 || Sheet1!row2301,ENA archive metadata identifies sample SAMEA5161164 as Sus scrofa (tax_id 9823). || BLT025 | previous_extraction_code=LG260 | mtdna_accession=- | source=Vesna Dimitrijevic | museum_or_sample_code=BEO VL-233-7 | additional_sample_information=- | location=Vlasac | country=Serbia | radiocarbon_lab=OxA-24689 | uncalibrated_date=8000 | uncalibrated_error=40 | calibrated_from_bp=9009 | calibrated_to_bp=8717 | source_age=Late Mesolithic | source_mean_years_bp=8898 | period=Late Mesolithic | group=BLW-A | zooarch_status=Wild | combined_status=Wild | secondary_zooarch_status=Wild | published=N | chronology_disposition=refused_context_only_unresolved_age_semantics | domestication_disposition=excluded_wild,Vlasac,,,Serbia,,,,,,Sample-level locality comes directly from the recovered sample source row.
Sus scrofa domesticus,pig,PRJEB30282,prjeb30282:samea5161165,SAMEA5161165,archive_project_sample_accession_anchor,archive_native,final,,Vlasac,direct_sample_site,data/adna/governance/source_library/projects/PRJEB30282/archive_metadata.html || data/adna/governance/source_library/papers/10.1073-pnas.1901169116/supplementary/pnas.1901169116.sd01.xlsx,supplementary_spreadsheet_row,sample_accession:SAMEA5161165 || Sheet1!row2302,ENA archive metadata identifies sample SAMEA5161165 as Sus scrofa (tax_id 9823). || BLT026 | previous_extraction_code=LG261 | mtdna_accession=- | source=Vesna Dimitrijevic | museum_or_sample_code=BEO VL 224 x-find 4 | additional_sample_information=- | location=Vlasac | country=Serbia | radiocarbon_lab=OxA-24690 | uncalibrated_date=8053 | uncalibrated_error=40 | calibrated_from_bp=9081 | calibrated_to_bp=8773 | source_age=Late Mesolithic | source_mean_years_bp=8927 | period=Late Mesolithic | group=BLW-A | zooarch_status=Wild | combined_status=Wild | secondary_zooarch_status=Wild | published=N | chronology_disposition=refused_context_only_unresolved_age_semantics | domestication_disposition=excluded_wild,Vlasac,,,Serbia,,,,,,Sample-level locality comes directly from the recovered sample source row.
Sus scrofa domesticus,pig,PRJEB30282,prjeb30282:samea5161166,SAMEA5161166,archive_project_sample_accession_anchor,archive_native,final,,Icoana,direct_sample_site,data/adna/governance/source_library/projects/PRJEB30282/archive_metadata.html || data/adna/governance/source_library/papers/10.1073-pnas.1901169116/supplementary/pnas.1901169116.sd01.xlsx,supplementary_spreadsheet_row,sample_accession:SAMEA5161166 || Sheet1!row11,ENA archive metadata identifies sample SAMEA5161166 as Sus scrofa (tax_id 9823). || BLT029 | previous_extraction_code=LG397 | mtdna_accession=- | source=Adrian Balasescu | museum_or_sample_code=ICO_03 | additional_sample_information=Middle Mesolithic of the Iron Gates | location=Icoana | country=Romania | radiocarbon_lab=- | uncalibrated_date=- | uncalibrated_error=- | calibrated_from_bp=- | calibrated_to_bp=- | source_age=- | source_mean_years_bp=- | period=Mesolithic | group=BLW-A | zooarch_status=Wild | combined_status=Wild | secondary_zooarch_status=Wild | published=Y | chronology_disposition=unresolved_missing_source_mean | domestication_disposition=excluded_wild,Icoana,,,Romania,,,,,,Sample-level locality comes directly from the recovered sample source row.
Sus scrofa domesticus,pig,PRJEB30282,prjeb30282:samea5161167,SAMEA5161167,archive_project_sample_accession_anchor,archive_native,final,,Grotta del Santuario della Madonna,direct_sample_site,data/adna/governance/source_library/projects/PRJEB30282/archive_metadata.html || data/adna/governance/source_library/papers/10.1073-pnas.1901169116/supplementary/pnas.1901169116.sd01.xlsx,supplementary_spreadsheet_row,sample_accession:SAMEA5161167 || Sheet1!row363,ENA archive metadata identifies sample SAMEA5161167 as Sus scrofa (tax_id 9823). || GL1000 | previous_extraction_code=- | mtdna_accession=DQ873027 | source=Antonio Tagliacozzo | museum_or_sample_code=Praia GM TG 44 | additional_sample_information=- | location=Grotta del Santuario della Madonna | country=Italy | radiocarbon_lab=- | uncalibrated_date=- | uncalibrated_error=- | calibrated_from_bp=- | calibrated_to_bp=- | source_age=8400-7000 cal. BC | source_mean_years_bp=9700 | period=Mesolithic | group=EUW-A | zooarch_status=Wild | combined_status=Wild | secondary_zooarch_status=Wild | published=Y | chronology_disposition=refused_context_only_unresolved_age_semantics | domestication_disposition=excluded_wild,Grotta del Santuario della Madonna,,,Italy,,,,,,Sample-level locality comes directly from the recovered sample source row.
Sus scrofa domesticus,pig,PRJEB30282,prjeb30282:samea5161169,SAMEA5161169,archive_project_sample_accession_anchor,archive_native,final,,Friesack,direct_sample_site,data/adna/governance/source_library/projects/PRJEB30282/archive_metadata.html || data/adna/governance/source_library/papers/10.1073-pnas.1901169116/supplementary/pnas.1901169116.sd01.xlsx,supplementary_spreadsheet_row,sample_accession:SAMEA5161169 || Sheet1!row2171,"ENA archive metadata identifies sample SAMEA5161169 as Sus scrofa (tax_id 9823). || GL122 | previous_extraction_code=- | mtdna_accession=DQ873017 | source=Susanne Hanik | museum_or_sample_code=17 | additional_sample_information=- | location=Friesack | country=Germany | radiocarbon_lab=- | uncalibrated_date=- | uncalibrated_error=- | calibrated_from_bp=- | calibrated_to_bp=- | source_age=8,500-7,500 cal. BC | source_mean_years_bp=10000 | period=Mesolithic II/III | group=EUW-A | zooarch_status=Wild | combined_status=Wild | secondary_zooarch_status=Wild | published=Y | chronology_disposition=refused_context_only_unresolved_age_semantics | domestication_disposition=excluded_wild",Friesack,,,Germany,,,,,,Sample-level locality comes directly from the recovered sample source row.
Sus scrofa domesticus,pig,PRJEB30282,prjeb30282:samea5161170,SAMEA5161170,archive_project_sample_accession_anchor,archive_native,final,,North Sea,direct_sample_site,data/adna/governance/source_library/projects/PRJEB30282/archive_metadata.html || data/adna/governance/source_library/papers/10.1073-pnas.1901169116/supplementary/pnas.1901169116.sd01.xlsx,supplementary_spreadsheet_row,sample_accession:SAMEA5161170 || Sheet1!row1525,ENA archive metadata identifies sample SAMEA5161170 as Sus scrofa (tax_id 9823). || GL210 | previous_extraction_code=- | mtdna_accession=DQ873186 | source=Larson et al. 2007 | museum_or_sample_code=JG202 | additional_sample_information=- | location=North Sea | country=Netherlands | radiocarbon_lab=- | uncalibrated_date=- | uncalibrated_error=- | calibrated_from_bp=- | calibrated_to_bp=- | source_age=8435-8645 cal. BC | source_mean_years_bp=10540 | period=- | group=EUW-A | zooarch_status=Wild | combined_status=Wild | secondary_zooarch_status=Wild | published=Y | chronology_disposition=refused_context_only_unresolved_age_semantics | domestication_disposition=excluded_wild,North Sea,,,Netherlands,,,,,,Sample-level locality comes directly from the recovered sample source row.
Sus scrofa domesticus,pig,PRJEB30282,prjeb30282:samea5161171,SAMEA5161171,archive_project_sample_accession_anchor,archive_native,final,,Roucadour,direct_sample_site,data/adna/governance/source_library/projects/PRJEB30282/archive_metadata.html || data/adna/governance/source_library/papers/10.1073-pnas.1901169116/supplementary/pnas.1901169116.sd01.xlsx,supplementary_spreadsheet_row,sample_accession:SAMEA5161171 || Sheet1!row1552,"ENA archive metadata identifies sample SAMEA5161171 as Sus scrofa (tax_id 9823). || GL321 | previous_extraction_code=- | mtdna_accession=DQ873155 | source=Larson et al. 2007 | museum_or_sample_code=- | additional_sample_information=Chasséen | location=Roucadour | country=France | radiocarbon_lab=- | uncalibrated_date=- | uncalibrated_error=- | calibrated_from_bp=- | calibrated_to_bp=- | source_age=c.4,200-3,500 cal. BC | source_mean_years_bp=5850 | period=Middle Neolithic | group=EUW-A | zooarch_status=Wild | combined_status=Wild | secondary_zooarch_status=Wild | published=Y | chronology_disposition=refused_context_only_unresolved_age_semantics | domestication_disposition=excluded_wild",Roucadour,,,France,,,,,,Sample-level locality comes directly from the recovered sample source row.
Sus scrofa domesticus,pig,PRJEB30282,prjeb30282:samea5161172,SAMEA5161172,archive_project_sample_accession_anchor,archive_native,final,,Flynderhage,direct_sample_site,data/adna/governance/source_library/projects/PRJEB30282/archive_metadata.html || data/adna/governance/source_library/papers/10.1073-pnas.1901169116/supplementary/pnas.1901169116.sd01.xlsx,supplementary_spreadsheet_row,sample_accession:SAMEA5161172 || Sheet1!row1471,ENA archive metadata identifies sample SAMEA5161172 as Sus scrofa (tax_id 9823). || GL429 | previous_extraction_code=- | mtdna_accession=DQ873122 | source=Larson et al. 2007 | museum_or_sample_code=ZMK 119/1971 | additional_sample_information=- | location=Flynderhage | country=Denmark | radiocarbon_lab=- | uncalibrated_date=- | uncalibrated_error=- | calibrated_from_bp=- | calibrated_to_bp=- | source_age=4500-3900 BC | source_mean_years_bp=6200 | period=Late Mesolithic | group=EUW-A | zooarch_status=Wild | combined_status=Wild | secondary_zooarch_status=Wild | published=Y | chronology_disposition=refused_context_only_unresolved_age_semantics | domestication_disposition=excluded_wild,Flynderhage,,,Denmark,,,,,,Sample-level locality comes directly from the recovered sample source row.
Sus scrofa domesticus,pig,PRJEB30282,prjeb30282:samea5161173,SAMEA5161173,archive_project_sample_accession_anchor,archive_native,final,,Cencelle,direct_sample_site,data/adna/governance/source_library/projects/PRJEB30282/archive_metadata.html || data/adna/governance/source_library/papers/10.1073-pnas.1901169116/supplementary/pnas.1901169116.sd01.xlsx,supplementary_spreadsheet_row,sample_accession:SAMEA5161173 || Sheet1!row1431,ENA archive metadata identifies sample SAMEA5161173 as Sus scrofa (tax_id 9823). || GL438 | previous_extraction_code=- | mtdna_accession=DQ873073 | source=Larson et al. 2007 | museum_or_sample_code=3011 | additional_sample_information=- | location=Cencelle | country=Italy | radiocarbon_lab=- | uncalibrated_date=- | uncalibrated_error=- | calibrated_from_bp=- | calibrated_to_bp=- | source_age=14th-15th cent. AD | source_mean_years_bp=600 | period=- | group=EUW-A | zooarch_status=Wild | combined_status=Wild | secondary_zooarch_status=Wild | published=Y | chronology_disposition=refused_context_only_unresolved_age_semantics | domestication_disposition=excluded_wild,Cencelle,,,Italy,,,,,,Sample-level locality comes directly from the recovered sample source row.
Sus scrofa domesticus,pig,PRJEB30282,prjeb30282:samea5161174,SAMEA5161174,archive_project_sample_accession_anchor,archive_native,final,,Zambujal,direct_sample_site,data/adna/governance/source_library/projects/PRJEB30282/archive_metadata.html || data/adna/governance/source_library/papers/10.1073-pnas.1901169116/supplementary/pnas.1901169116.sd01.xlsx,supplementary_spreadsheet_row,sample_accession:SAMEA5161174 || Sheet1!row1597,"ENA archive metadata identifies sample SAMEA5161174 as Sus scrofa (tax_id 9823). || GL454 | previous_extraction_code=- | mtdna_accession=DQ873192 | source=Larson et al. 2007 | museum_or_sample_code=1 / Estremadura Z274 | additional_sample_information=- | location=Zambujal | country=Portugal | radiocarbon_lab=- | uncalibrated_date=- | uncalibrated_error=- | calibrated_from_bp=- | calibrated_to_bp=- | source_age=2,600-1,800 cal. BC? | source_mean_years_bp=4200 | period=Chalcolithic/Early Bronze | group=EUU-A | zooarch_status=Unknown | combined_status=Unknown | secondary_zooarch_status=Unknown | published=Y | chronology_disposition=refused_context_only_unresolved_age_semantics | domestication_disposition=excluded_domestication_unknown",Zambujal,,,Portugal,,,,,,Sample-level locality comes directly from the recovered sample source row.
Sus scrofa domesticus,pig,PRJEB30282,prjeb30282:samea5161175,SAMEA5161175,archive_project_sample_accession_anchor,archive_native,final,,Cencelle,direct_sample_site,data/adna/governance/source_library/projects/PRJEB30282/archive_metadata.html || data/adna/governance/source_library/papers/10.1073-pnas.1901169116/supplementary/pnas.1901169116.sd01.xlsx,supplementary_spreadsheet_row,sample_accession:SAMEA5161175 || Sheet1!row1433,ENA archive metadata identifies sample SAMEA5161175 as Sus scrofa (tax_id 9823). || GL464 | previous_extraction_code=- | mtdna_accession=DQ873069 | source=Larson et al. 2007 | museum_or_sample_code=95 | additional_sample_information=- | location=Cencelle | country=Italy | radiocarbon_lab=- | uncalibrated_date=- | uncalibrated_error=- | calibrated_from_bp=- | calibrated_to_bp=- | source_age=14th-15th cent. AD | source_mean_years_bp=650 | period=- | group=EUW-A | zooarch_status=Wild | combined_status=Wild | secondary_zooarch_status=Wild | published=Y | chronology_disposition=refused_context_only_unresolved_age_semantics | domestication_disposition=excluded_wild,Cencelle,,,Italy,,,,,,Sample-level locality comes directly from the recovered sample source row.
Sus scrofa domesticus,pig,PRJEB30282,prjeb30282:samea5161176,SAMEA5161176,archive_project_sample_accession_anchor,archive_native,final,,Crypta Balbi,direct_sample_site,data/adna/governance/source_library/projects/PRJEB30282/archive_metadata.html || data/adna/governance/source_library/papers/10.1073-pnas.1901169116/supplementary/pnas.1901169116.sd01.xlsx,supplementary_spreadsheet_row,sample_accession:SAMEA5161176 || Sheet1!row1446,"ENA archive metadata identifies sample SAMEA5161176 as Sus scrofa (tax_id 9823). || GL496 | previous_extraction_code=- | mtdna_accession=DQ873060 | source=Larson et al. 2007 | museum_or_sample_code=63 | additional_sample_information=Mandible C, male | location=Crypta Balbi | country=Italy | radiocarbon_lab=- | uncalibrated_date=- | uncalibrated_error=- | calibrated_from_bp=- | calibrated_to_bp=- | source_age=10th cent. AD | source_mean_years_bp=1150 | period=- | group=EUW-A | zooarch_status=Wild | combined_status=Wild | secondary_zooarch_status=Wild | published=Y | chronology_disposition=refused_context_only_unresolved_age_semantics | domestication_disposition=excluded_wild",Crypta Balbi,,,Italy,,,,,,Sample-level locality comes directly from the recovered sample source row.
Sus scrofa domesticus,pig,PRJEB30282,prjeb30282:samea5161177,SAMEA5161177,archive_project_sample_accession_anchor,archive_native,final,,Chedworth Roman villa,direct_sample_site,data/adna/governance/source_library/projects/PRJEB30282/archive_metadata.html || data/adna/governance/source_library/papers/10.1073-pnas.1901169116/supplementary/pnas.1901169116.sd01.xlsx,supplementary_spreadsheet_row,sample_accession:SAMEA5161177 || Sheet1!row1434,ENA archive metadata identifies sample SAMEA5161177 as Sus scrofa (tax_id 9823). || GL527 | previous_extraction_code=- | mtdna_accession=DQ873134 | source=Larson et al. 2007 | museum_or_sample_code=17 | additional_sample_information=- | location=Chedworth Roman villa | country=England | radiocarbon_lab=- | uncalibrated_date=- | uncalibrated_error=- | calibrated_from_bp=- | calibrated_to_bp=- | source_age=1st-5th cent AD | source_mean_years_bp=1750 | period=Roman | group=EUW-A | zooarch_status=Wild | combined_status=Wild | secondary_zooarch_status=Wild | published=Y | chronology_disposition=refused_context_only_unresolved_age_semantics | domestication_disposition=excluded_wild,Chedworth Roman villa,,,England,,,,,,Sample-level locality comes directly from the recovered sample source row.
Sus scrofa domesticus,pig,PRJEB30282,prjeb30282:samea5161178,SAMEA5161178,archive_project_sample_accession_anchor,archive_native,final,,Friesack,direct_sample_site,data/adna/governance/source_library/projects/PRJEB30282/archive_metadata.html || data/adna/governance/source_library/papers/10.1073-pnas.1901169116/supplementary/pnas.1901169116.sd01.xlsx,supplementary_spreadsheet_row,sample_accession:SAMEA5161178 || Sheet1!row1476,"ENA archive metadata identifies sample SAMEA5161178 as Sus scrofa (tax_id 9823). || GL538 | previous_extraction_code=- | mtdna_accession=DQ873014 | source=Larson et al. 2007 | museum_or_sample_code=9 | additional_sample_information=- | location=Friesack | country=Germany | radiocarbon_lab=- | uncalibrated_date=- | uncalibrated_error=- | calibrated_from_bp=- | calibrated_to_bp=- | source_age=8,500-7,500 cal. BC | source_mean_years_bp=9000 | period=Mesolithic II/III | group=EUW-A | zooarch_status=Wild | combined_status=Wild | secondary_zooarch_status=Wild | published=Y | chronology_disposition=refused_context_only_unresolved_age_semantics | domestication_disposition=excluded_wild",Friesack,,,Germany,,,,,,Sample-level locality comes directly from the recovered sample source row.
Sus scrofa domesticus,pig,PRJEB30282,prjeb30282:samea5161179,SAMEA5161179,archive_project_sample_accession_anchor,archive_native,final,,Exedra of Crypta Balbi,direct_sample_site,data/adna/governance/source_library/projects/PRJEB30282/archive_metadata.html || data/adna/governance/source_library/papers/10.1073-pnas.1901169116/supplementary/pnas.1901169116.sd01.xlsx,supplementary_spreadsheet_row,sample_accession:SAMEA5161179 || Sheet1!row1465,ENA archive metadata identifies sample SAMEA5161179 as Sus scrofa (tax_id 9823). || GL707 | previous_extraction_code=- | mtdna_accession=DQ873051 | source=Larson et al. 2007 | museum_or_sample_code=3991 | additional_sample_information=- | location=Exedra of Crypta Balbi | country=Italy | radiocarbon_lab=- | uncalibrated_date=- | uncalibrated_error=- | calibrated_from_bp=- | calibrated_to_bp=- | source_age=8th cent AD | source_mean_years_bp=1300 | period=- | group=EUW-A | zooarch_status=Wild | combined_status=Wild | secondary_zooarch_status=Wild | published=Y | chronology_disposition=refused_context_only_unresolved_age_semantics | domestication_disposition=excluded_wild,Exedra of Crypta Balbi,,,Italy,,,,,,Sample-level locality comes directly from the recovered sample source row.
Sus scrofa domesticus,pig,PRJEB30282,prjeb30282:samea5161187,SAMEA5161187,archive_project_sample_accession_anchor,archive_native,final,,Pupicina,direct_sample_site,data/adna/governance/source_library/projects/PRJEB30282/archive_metadata.html || data/adna/governance/source_library/papers/10.1073-pnas.1901169116/supplementary/pnas.1901169116.sd01.xlsx,supplementary_spreadsheet_row,sample_accession:SAMEA5161187 || Sheet1!row1545,ENA archive metadata identifies sample SAMEA5161187 as Sus scrofa (tax_id 9823). || GL980 | previous_extraction_code=- | mtdna_accession=DQ873000 | source=Larson et al. 2007 | museum_or_sample_code=Pup96 229.11 | additional_sample_information=- | location=Pupicina | country=Croatia | radiocarbon_lab=- | uncalibrated_date=- | uncalibrated_error=- | calibrated_from_bp=- | calibrated_to_bp=- | source_age=8740-9220 cal. BC | source_mean_years_bp=10980 | period=Mesolithic | group=EUW-A | zooarch_status=Wild | combined_status=Wild | secondary_zooarch_status=Wild | published=Y | chronology_disposition=refused_context_only_unresolved_age_semantics | domestication_disposition=excluded_wild,Pupicina,,,Croatia,,,,,,Sample-level locality comes directly from the recovered sample source row.
Sus scrofa domesticus,pig,PRJEB30282,prjeb30282:samea5161188,SAMEA5161188,archive_project_sample_accession_anchor,archive_native,final,,"Houten-Hoogdijk, Utrecht",direct_sample_site,data/adna/governance/source_library/projects/PRJEB30282/archive_metadata.html || data/adna/governance/source_library/papers/10.1073-pnas.1901169116/supplementary/pnas.1901169116.sd01.xlsx,supplementary_spreadsheet_row,sample_accession:SAMEA5161188 || Sheet1!row2323,"ENA archive metadata identifies sample SAMEA5161188 as Sus scrofa (tax_id 9823). || KD024 | previous_extraction_code=- | mtdna_accession=- | source=Youri van den Hurk / Canan Cakirlar / Dan Bradley | museum_or_sample_code=Vnr:1315, put 25, vlak 2, spoor 55 | additional_sample_information=- | location=Houten-Hoogdijk, Utrecht | country=Netherlands | radiocarbon_lab=- | uncalibrated_date=- | uncalibrated_error=- | calibrated_from_bp=- | calibrated_to_bp=- | source_age=1000-1500 AD | source_mean_years_bp=850 | period=High Medieval | group=EUD-A | zooarch_status=Domestic | combined_status=Domestic | secondary_zooarch_status=Domestic | published=N | chronology_disposition=refused_context_only_unresolved_age_semantics | domestication_disposition=excluded_unreviewed_domesticated_scope","Houten-Hoogdijk, Utrecht",,,Netherlands,,,,,,Sample-level locality comes directly from the recovered sample source row.
Sus scrofa domesticus,pig,PRJEB30282,prjeb30282:samea5161189,SAMEA5161189,archive_project_sample_accession_anchor,archive_native,final,,"Bunnik Odijk, Utrecht",direct_sample_site,data/adna/governance/source_library/projects/PRJEB30282/archive_metadata.html || data/adna/governance/source_library/papers/10.1073-pnas.1901169116/supplementary/pnas.1901169116.sd01.xlsx,supplementary_spreadsheet_row,sample_accession:SAMEA5161189 || Sheet1!row2322,"ENA archive metadata identifies sample SAMEA5161189 as Sus scrofa (tax_id 9823). || KD025 | previous_extraction_code=- | mtdna_accession=- | source=Youri van den Hurk / Canan Cakirlar / Dan Bradley | museum_or_sample_code=vnr 116, put 4, vlak 2, spoor 124 / ""on loan"" from Provincial Depot of Utrecht / GIA-2014-29 | additional_sample_information=- | location=Bunnik Odijk, Utrecht | country=Netherlands | radiocarbon_lab=- | uncalibrated_date=- | uncalibrated_error=- | calibrated_from_bp=- | calibrated_to_bp=- | source_age=500-250 BC | source_mean_years_bp=2375 | period=Mid-Iron / Medieval | group=EUD-A | zooarch_status=Domestic | combined_status=Domestic | secondary_zooarch_status=Domestic | published=N | chronology_disposition=refused_context_only_unresolved_age_semantics | domestication_disposition=excluded_unreviewed_domesticated_scope","Bunnik Odijk, Utrecht",,,Netherlands,,,,,,Sample-level locality comes directly from the recovered sample source row.
Sus scrofa domesticus,pig,PRJEB30282,prjeb30282:samea5161191,SAMEA5161191,archive_project_sample_accession_anchor,archive_native,final,,Herxheim,direct_sample_site,data/adna/governance/source_library/projects/PRJEB30282/archive_metadata.html || data/adna/governance/source_library/papers/10.1073-pnas.1901169116/supplementary/pnas.1901169116.sd01.xlsx,supplementary_spreadsheet_row,sample_accession:SAMEA5161191 || Sheet1!row340,ENA archive metadata identifies sample SAMEA5161191 as Sus scrofa (tax_id 9823). || KD033 | previous_extraction_code=- | mtdna_accession=- | source=Andrea Zeeb-Lanz | museum_or_sample_code=Hxh8 / E97/102 282-93-1 | additional_sample_information=- | location=Herxheim | country=Germany | radiocarbon_lab=- | uncalibrated_date=- | uncalibrated_error=- | calibrated_from_bp=- | calibrated_to_bp=- | source_age=5340-4900 BC | source_mean_years_bp=7120 | period=Neolithic | group=EUD-A | zooarch_status=Domestic | combined_status=Domestic | secondary_zooarch_status=Domestic | published=N | chronology_disposition=refused_context_only_unresolved_age_semantics | domestication_disposition=excluded_unreviewed_domesticated_scope,Herxheim,,,Germany,,,,,,Sample-level locality comes directly from the recovered sample source row.
Sus scrofa domesticus,pig,PRJEB30282,prjeb30282:samea5161192,SAMEA5161192,archive_project_sample_accession_anchor,archive_native,final,,Herxheim,direct_sample_site,data/adna/governance/source_library/projects/PRJEB30282/archive_metadata.html || data/adna/governance/source_library/papers/10.1073-pnas.1901169116/supplementary/pnas.1901169116.sd01.xlsx,supplementary_spreadsheet_row,sample_accession:SAMEA5161192 || Sheet1!row341,ENA archive metadata identifies sample SAMEA5161192 as Sus scrofa (tax_id 9823). || KD037 | previous_extraction_code=- | mtdna_accession=- | source=Andrea Zeeb-Lanz | museum_or_sample_code=Hxh12 / E96/102 329 1760 | additional_sample_information=- | location=Herxheim | country=Germany | radiocarbon_lab=- | uncalibrated_date=- | uncalibrated_error=- | calibrated_from_bp=- | calibrated_to_bp=- | source_age=5340-4900 BC | source_mean_years_bp=7120 | period=Neolithic | group=EUD-A | zooarch_status=Domestic | combined_status=Domestic | secondary_zooarch_status=Domestic | published=N | chronology_disposition=refused_context_only_unresolved_age_semantics | domestication_disposition=excluded_unreviewed_domesticated_scope,Herxheim,,,Germany,,,,,,Sample-level locality comes directly from the recovered sample source row.
Sus scrofa domesticus,pig,PRJEB30282,prjeb30282:samea5161194,SAMEA5161194,archive_project_sample_accession_anchor,archive_native,final,,Siniarzewo 1,direct_sample_site,data/adna/governance/source_library/projects/PRJEB30282/archive_metadata.html || data/adna/governance/source_library/papers/10.1073-pnas.1901169116/supplementary/pnas.1901169116.sd01.xlsx,supplementary_spreadsheet_row,sample_accession:SAMEA5161194 || Sheet1!row408,ENA archive metadata identifies sample SAMEA5161194 as Sus scrofa (tax_id 9823). || LG507 | previous_extraction_code=- | mtdna_accession=- | source=Arkadiusz Marciniak | museum_or_sample_code=POZ-SIN-03 / H248 | additional_sample_information=- | location=Siniarzewo 1 | country=Poland | radiocarbon_lab=- | uncalibrated_date=- | uncalibrated_error=- | calibrated_from_bp=- | calibrated_to_bp=- | source_age=1200-600 BC | source_mean_years_bp=2900 | period=Bronze Age | group=EUW-A | zooarch_status=Wild | combined_status=Wild | secondary_zooarch_status=Wild | published=N | chronology_disposition=refused_context_only_unresolved_age_semantics | domestication_disposition=excluded_wild,Siniarzewo 1,,,Poland,,,,,,Sample-level locality comes directly from the recovered sample source row.
Sus scrofa domesticus,pig,PRJEB30282,prjeb30282:samea5161197,SAMEA5161197,archive_project_sample_accession_anchor,archive_native,final,,Durrington Walls,direct_sample_site,data/adna/governance/source_library/projects/PRJEB30282/archive_metadata.html || data/adna/governance/source_library/papers/10.1073-pnas.1901169116/supplementary/pnas.1901169116.sd01.xlsx,supplementary_spreadsheet_row,sample_accession:SAMEA5161197 || Sheet1!row2231,ENA archive metadata identifies sample SAMEA5161197 as Sus scrofa (tax_id 9823). || VEM185 | previous_extraction_code=- | mtdna_accession=- | source=Umberto Albarella | museum_or_sample_code=- | additional_sample_information=- | location=Durrington Walls | country=England | radiocarbon_lab=- | uncalibrated_date=- | uncalibrated_error=- | calibrated_from_bp=- | calibrated_to_bp=- | source_age=4600-4400 BP | source_mean_years_bp=6500 | period=Neolithic/Bronze Transition | group=EUD-A | zooarch_status=Domestic | combined_status=Domestic | secondary_zooarch_status=Domestic | published=N | chronology_disposition=refused_context_only_unresolved_age_semantics | domestication_disposition=excluded_unreviewed_domesticated_scope,Durrington Walls,,,England,,,,,,Sample-level locality comes directly from the recovered sample source row.
Sus scrofa domesticus,pig,PRJEB30282,prjeb30282:samea5772905,SAMEA5772905,archive_project_sample_accession_anchor,archive_native,final,,,unresolved,,,,,,,,,,,,,,No location evidence has been extracted yet for this recovered sample row.
Sus scrofa domesticus,pig,PRJEB30282,prjeb30282:samea5772906,SAMEA5772906,archive_project_sample_accession_anchor,archive_native,final,,,unresolved,,,,,,,,,,,,,,No location evidence has been extracted yet for this recovered sample row.
Sus scrofa domesticus,pig,PRJEB30282,prjeb30282:samea5772907,SAMEA5772907,archive_project_sample_accession_anchor,archive_native,final,,,unresolved,,,,,,,,,,,,,,No location evidence has been extracted yet for this recovered sample row.
Sus scrofa domesticus,pig,PRJEB30282,prjeb30282:samea5772908,SAMEA5772908,archive_project_sample_accession_anchor,archive_native,final,,,unresolved,,,,,,,,,,,,,,No location evidence has been extracted yet for this recovered sample row.
Sus scrofa domesticus,pig,PRJEB30282,prjeb30282:samea5772909,SAMEA5772909,archive_project_sample_accession_anchor,archive_native,final,,,unresolved,,,,,,,,,,,,,,No location evidence has been extracted yet for this recovered sample row.
Sus scrofa domesticus,pig,PRJEB30282,prjeb30282:samea5772910,SAMEA5772910,archive_project_sample_accession_anchor,archive_native,final,,,unresolved,,,,,,,,,,,,,,No location evidence has been extracted yet for this recovered sample row.
Sus scrofa domesticus,pig,PRJEB30282,prjeb30282:samea5772911,SAMEA5772911,archive_project_sample_accession_anchor,archive_native,final,,,unresolved,,,,,,,,,,,,,,No location evidence has been extracted yet for this recovered sample row.
Sus scrofa domesticus,pig,PRJEB30282,prjeb30282:samea5772912,SAMEA5772912,archive_project_sample_accession_anchor,archive_native,final,,,unresolved,,,,,,,,,,,,,,No location evidence has been extracted yet for this recovered sample row.
Sus scrofa domesticus,pig,PRJEB30282,prjeb30282:samea5772913,SAMEA5772913,archive_project_sample_accession_anchor,archive_native,final,,,unresolved,,,,,,,,,,,,,,No location evidence has been extracted yet for this recovered sample row.
Sus scrofa domesticus,pig,PRJEB30282,prjeb30282:samea5772914,SAMEA5772914,archive_project_sample_accession_anchor,archive_native,final,,,unresolved,,,,,,,,,,,,,,No location evidence has been extracted yet for this recovered sample row.
Sus scrofa domesticus,pig,PRJEB30282,prjeb30282:samea5772915,SAMEA5772915,archive_project_sample_accession_anchor,archive_native,final,,,unresolved,,,,,,,,,,,,,,No location evidence has been extracted yet for this recovered sample row.
Sus scrofa domesticus,pig,PRJEB30282,prjeb30282:samea5772916,SAMEA5772916,archive_project_sample_accession_anchor,archive_native,final,,,unresolved,,,,,,,,,,,,,,No location evidence has been extracted yet for this recovered sample row.
Sus scrofa domesticus,pig,PRJEB30282,prjeb30282:samea5772917,SAMEA5772917,archive_project_sample_accession_anchor,archive_native,final,,,unresolved,,,,,,,,,,,,,,No location evidence has been extracted yet for this recovered sample row.
Sus scrofa domesticus,pig,PRJEB30282,prjeb30282:samea5772918,SAMEA5772918,archive_project_sample_accession_anchor,archive_native,final,,,unresolved,,,,,,,,,,,,,,No location evidence has been extracted yet for this recovered sample row.
Sus scrofa domesticus,pig,PRJEB30282,prjeb30282:samea5772919,SAMEA5772919,archive_project_sample_accession_anchor,archive_native,final,,,unresolved,,,,,,,,,,,,,,No location evidence has been extracted yet for this recovered sample row.
Sus scrofa domesticus,pig,PRJEB30282,prjeb30282:samea5772920,SAMEA5772920,archive_project_sample_accession_anchor,archive_native,final,,,unresolved,,,,,,,,,,,,,,No location evidence has been extracted yet for this recovered sample row.
Sus scrofa domesticus,pig,PRJEB30282,prjeb30282:samea5772921,SAMEA5772921,archive_project_sample_accession_anchor,archive_native,final,,,unresolved,,,,,,,,,,,,,,No location evidence has been extracted yet for this recovered sample row.
Sus scrofa domesticus,pig,PRJEB30282,prjeb30282:samea5772922,SAMEA5772922,archive_project_sample_accession_anchor,archive_native,final,,,unresolved,,,,,,,,,,,,,,No location evidence has been extracted yet for this recovered sample row.
Sus scrofa domesticus,pig,PRJEB30282,prjeb30282:samea5772923,SAMEA5772923,archive_project_sample_accession_anchor,archive_native,final,,,unresolved,,,,,,,,,,,,,,No location evidence has been extracted yet for this recovered sample row.
Sus scrofa domesticus,pig,PRJEB30282,prjeb30282:samea5772924,SAMEA5772924,archive_project_sample_accession_anchor,archive_native,final,,,unresolved,,,,,,,,,,,,,,No location evidence has been extracted yet for this recovered sample row.
Sus scrofa domesticus,pig,PRJEB30282,prjeb30282:samea5772925,SAMEA5772925,archive_project_sample_accession_anchor,archive_native,final,,,unresolved,,,,,,,,,,,,,,No location evidence has been extracted yet for this recovered sample row.
Sus scrofa domesticus,pig,PRJEB30282,prjeb30282:samea5772926,SAMEA5772926,archive_project_sample_accession_anchor,archive_native,final,,,unresolved,,,,,,,,,,,,,,No location evidence has been extracted yet for this recovered sample row.
Sus scrofa domesticus,pig,PRJEB30282,prjeb30282:samea5772927,SAMEA5772927,archive_project_sample_accession_anchor,archive_native,final,,,unresolved,,,,,,,,,,,,,,No location evidence has been extracted yet for this recovered sample row.
