species_latin_name,species_common_name,project_accession,repo_stable_sample_id,preferred_sample_label,published_wording,source_wording_excerpt,provenance_surface,provenance_kind,provenance_locator,dating_basis,evidence_class,precision_posture,normalization_status,normalization_rule,uncertainty_note,time_start_bp,time_end_bp,time_mean_bp,temporal_semantics
Sus scrofa domesticus,pig,PRJEB30282,prjeb30282:samea5160866,SAMEA5160866,,,,,,mixed_radiocarbon_and_archaeological_context,unresolved,unresolved,unresolved,keep the row unresolved until stronger chronology evidence exists,No chronology claim has been recovered yet for this sample row.,,,,"{'schema_version': 'temporal-semantics.v1', 'source_family': 'animal_adna', 'evidence_class': 'unresolved', 'precision_posture': 'unresolved', 'comparability_posture': 'unresolved', 'summary_label': 'Unresolved time semantics', 'temporal_window_key': 'unresolved', 'temporal_window_label': 'Unresolved time window', 'time_start_bp': None, 'time_end_bp': None, 'time_mean_bp': None, 'duration_years': None, 'comparison_note': 'No chronology claim has been recovered yet for this sample row.', 'refusal_reason_code': '', 'provenance_path': '', 'provenance_locator': '', 'provenance_excerpt': '', 'original_labels': [], 'normalized_labels': [], 'uncertainty_notes': []}"
Sus scrofa domesticus,pig,PRJEB30282,prjeb30282:samea5160867,SAMEA5160867,4700 BP,ENA archive metadata identifies sample SAMEA5160867 as Sus scrofa (tax_id 9823). || AA015 | previous_extraction_code=GL468 | mtdna_accession=- | source=Kim Aaris-Sørensen | museum_or_sample_code=ZMK 17 | additional_sample_information=- | location=Bundsø | country=Denmark | radiocarbon_lab=- | uncalibrated_date=- | uncalibrated_error=- | calibrated_from_bp=- | calibrated_to_bp=- | source_age=2800-2600 BC | source_mean_years_bp=4700 | period=Middle Neolithic A phase III | group=EUD-A | zooarch_status=Domestic | combined_status=Domestic | secondary_zooarch_status=Domestic | published=N | chronology_disposition=admitted_existing_context_point | domestication_disposition=admitted_domesticated_core,data/adna/governance/source_library/projects/PRJEB30282/archive_metadata.html || data/adna/governance/source_library/papers/10.1073-pnas.1901169116/supplementary/pnas.1901169116.sd01.xlsx,supplementary_spreadsheet_row,sample_accession:SAMEA5160867 || Sheet1!row1212,archaeological_context,archaeological_context_date,sample_approximate_or_modeled,normalized_point,keep one sample-owned point without widening it into a fake interval,Chronology comes from the recovered sample-owned source row.,4700,4700,4700,"{'schema_version': 'temporal-semantics.v1', 'source_family': 'animal_adna', 'evidence_class': 'archaeological_context_date', 'precision_posture': 'sample_approximate_or_modeled', 'comparability_posture': 'numeric_interval_with_caveat', 'summary_label': '4700 BP', 'temporal_window_key': 'mid_holocene', 'temporal_window_label': 'Mid-Holocene (3001-6000 BP)', 'time_start_bp': 4700, 'time_end_bp': 4700, 'time_mean_bp': 4700, 'duration_years': 0, 'comparison_note': 'Chronology comes from the recovered sample-owned source row.', 'refusal_reason_code': '', 'provenance_path': 'data/adna/governance/source_library/projects/PRJEB30282/archive_metadata.html || data/adna/governance/source_library/papers/10.1073-pnas.1901169116/supplementary/pnas.1901169116.sd01.xlsx', 'provenance_locator': 'sample_accession:SAMEA5160867 || Sheet1!row1212', 'provenance_excerpt': 'ENA archive metadata identifies sample SAMEA5160867 as Sus scrofa (tax_id 9823). || AA015 | previous_extraction_code=GL468 | mtdna_accession=- | source=Kim Aaris-Sørensen | museum_or_sample_code=ZMK 17 | additional_sample_information=- | location=Bundsø | country=Denmark | radiocarbon_lab=- | uncalibrated_date=- | uncalibrated_error=- | calibrated_from_bp=- | calibrated_to_bp=- | source_age=2800-2600 BC | source_mean_years_bp=4700 | period=Middle Neolithic A phase III | group=EUD-A | zooarch_status=Domestic | combined_status=Domestic | secondary_zooarch_status=Domestic | published=N | chronology_disposition=admitted_existing_context_point | domestication_disposition=admitted_domesticated_core', 'original_labels': ['4700 BP'], 'normalized_labels': [], 'uncertainty_notes': []}"
Sus scrofa domesticus,pig,PRJEB30282,prjeb30282:samea5160868,SAMEA5160868,1000 BP,ENA archive metadata identifies sample SAMEA5160868 as Sus scrofa (tax_id 9823). || AA016 | previous_extraction_code=GL306 | mtdna_accession=- | source=Kim Aaris-Sørensen | museum_or_sample_code=ZMK 25 | additional_sample_information=- | location=Trelleborg | country=Denmark | radiocarbon_lab=- | uncalibrated_date=- | uncalibrated_error=- | calibrated_from_bp=- | calibrated_to_bp=- | source_age=c. AD 1000 | source_mean_years_bp=1000 | period=Early Medieval | group=EUD-A | zooarch_status=Domestic | combined_status=Domestic | secondary_zooarch_status=Domestic | published=N | chronology_disposition=admitted_existing_context_point | domestication_disposition=admitted_domesticated_core,data/adna/governance/source_library/projects/PRJEB30282/archive_metadata.html || data/adna/governance/source_library/papers/10.1073-pnas.1901169116/supplementary/pnas.1901169116.sd01.xlsx,supplementary_spreadsheet_row,sample_accession:SAMEA5160868 || Sheet1!row1215,archaeological_context,archaeological_context_date,sample_approximate_or_modeled,normalized_point,keep one sample-owned point without widening it into a fake interval,Chronology comes from the recovered sample-owned source row.,1000,1000,1000,"{'schema_version': 'temporal-semantics.v1', 'source_family': 'animal_adna', 'evidence_class': 'archaeological_context_date', 'precision_posture': 'sample_approximate_or_modeled', 'comparability_posture': 'numeric_interval_with_caveat', 'summary_label': '1000 BP', 'temporal_window_key': 'recent_historical', 'temporal_window_label': 'Recent and historical (0-1000 BP)', 'time_start_bp': 1000, 'time_end_bp': 1000, 'time_mean_bp': 1000, 'duration_years': 0, 'comparison_note': 'Chronology comes from the recovered sample-owned source row.', 'refusal_reason_code': '', 'provenance_path': 'data/adna/governance/source_library/projects/PRJEB30282/archive_metadata.html || data/adna/governance/source_library/papers/10.1073-pnas.1901169116/supplementary/pnas.1901169116.sd01.xlsx', 'provenance_locator': 'sample_accession:SAMEA5160868 || Sheet1!row1215', 'provenance_excerpt': 'ENA archive metadata identifies sample SAMEA5160868 as Sus scrofa (tax_id 9823). || AA016 | previous_extraction_code=GL306 | mtdna_accession=- | source=Kim Aaris-Sørensen | museum_or_sample_code=ZMK 25 | additional_sample_information=- | location=Trelleborg | country=Denmark | radiocarbon_lab=- | uncalibrated_date=- | uncalibrated_error=- | calibrated_from_bp=- | calibrated_to_bp=- | source_age=c. AD 1000 | source_mean_years_bp=1000 | period=Early Medieval | group=EUD-A | zooarch_status=Domestic | combined_status=Domestic | secondary_zooarch_status=Domestic | published=N | chronology_disposition=admitted_existing_context_point | domestication_disposition=admitted_domesticated_core', 'original_labels': ['1000 BP'], 'normalized_labels': [], 'uncertainty_notes': []}"
Sus scrofa domesticus,pig,PRJEB30282,prjeb30282:samea5160869,SAMEA5160869,,,,,,mixed_radiocarbon_and_archaeological_context,unresolved,unresolved,unresolved,keep the row unresolved until stronger chronology evidence exists,No chronology claim has been recovered yet for this sample row.,,,,"{'schema_version': 'temporal-semantics.v1', 'source_family': 'animal_adna', 'evidence_class': 'unresolved', 'precision_posture': 'unresolved', 'comparability_posture': 'unresolved', 'summary_label': 'Unresolved time semantics', 'temporal_window_key': 'unresolved', 'temporal_window_label': 'Unresolved time window', 'time_start_bp': None, 'time_end_bp': None, 'time_mean_bp': None, 'duration_years': None, 'comparison_note': 'No chronology claim has been recovered yet for this sample row.', 'refusal_reason_code': '', 'provenance_path': '', 'provenance_locator': '', 'provenance_excerpt': '', 'original_labels': [], 'normalized_labels': [], 'uncertainty_notes': []}"
Sus scrofa domesticus,pig,PRJEB30282,prjeb30282:samea5160870,SAMEA5160870,,,,,,mixed_radiocarbon_and_archaeological_context,unresolved,unresolved,unresolved,keep the row unresolved until stronger chronology evidence exists,No chronology claim has been recovered yet for this sample row.,,,,"{'schema_version': 'temporal-semantics.v1', 'source_family': 'animal_adna', 'evidence_class': 'unresolved', 'precision_posture': 'unresolved', 'comparability_posture': 'unresolved', 'summary_label': 'Unresolved time semantics', 'temporal_window_key': 'unresolved', 'temporal_window_label': 'Unresolved time window', 'time_start_bp': None, 'time_end_bp': None, 'time_mean_bp': None, 'duration_years': None, 'comparison_note': 'No chronology claim has been recovered yet for this sample row.', 'refusal_reason_code': '', 'provenance_path': '', 'provenance_locator': '', 'provenance_excerpt': '', 'original_labels': [], 'normalized_labels': [], 'uncertainty_notes': []}"
Sus scrofa domesticus,pig,PRJEB30282,prjeb30282:samea5160871,SAMEA5160871,,,,,,mixed_radiocarbon_and_archaeological_context,unresolved,unresolved,unresolved,keep the row unresolved until stronger chronology evidence exists,No chronology claim has been recovered yet for this sample row.,,,,"{'schema_version': 'temporal-semantics.v1', 'source_family': 'animal_adna', 'evidence_class': 'unresolved', 'precision_posture': 'unresolved', 'comparability_posture': 'unresolved', 'summary_label': 'Unresolved time semantics', 'temporal_window_key': 'unresolved', 'temporal_window_label': 'Unresolved time window', 'time_start_bp': None, 'time_end_bp': None, 'time_mean_bp': None, 'duration_years': None, 'comparison_note': 'No chronology claim has been recovered yet for this sample row.', 'refusal_reason_code': '', 'provenance_path': '', 'provenance_locator': '', 'provenance_excerpt': '', 'original_labels': [], 'normalized_labels': [], 'uncertainty_notes': []}"
Sus scrofa domesticus,pig,PRJEB30282,prjeb30282:samea5160872,SAMEA5160872,,,,,,mixed_radiocarbon_and_archaeological_context,unresolved,unresolved,unresolved,keep the row unresolved until stronger chronology evidence exists,No chronology claim has been recovered yet for this sample row.,,,,"{'schema_version': 'temporal-semantics.v1', 'source_family': 'animal_adna', 'evidence_class': 'unresolved', 'precision_posture': 'unresolved', 'comparability_posture': 'unresolved', 'summary_label': 'Unresolved time semantics', 'temporal_window_key': 'unresolved', 'temporal_window_label': 'Unresolved time window', 'time_start_bp': None, 'time_end_bp': None, 'time_mean_bp': None, 'duration_years': None, 'comparison_note': 'No chronology claim has been recovered yet for this sample row.', 'refusal_reason_code': '', 'provenance_path': '', 'provenance_locator': '', 'provenance_excerpt': '', 'original_labels': [], 'normalized_labels': [], 'uncertainty_notes': []}"
Sus scrofa domesticus,pig,PRJEB30282,prjeb30282:samea5160873,SAMEA5160873,,,,,,mixed_radiocarbon_and_archaeological_context,unresolved,unresolved,unresolved,keep the row unresolved until stronger chronology evidence exists,No chronology claim has been recovered yet for this sample row.,,,,"{'schema_version': 'temporal-semantics.v1', 'source_family': 'animal_adna', 'evidence_class': 'unresolved', 'precision_posture': 'unresolved', 'comparability_posture': 'unresolved', 'summary_label': 'Unresolved time semantics', 'temporal_window_key': 'unresolved', 'temporal_window_label': 'Unresolved time window', 'time_start_bp': None, 'time_end_bp': None, 'time_mean_bp': None, 'duration_years': None, 'comparison_note': 'No chronology claim has been recovered yet for this sample row.', 'refusal_reason_code': '', 'provenance_path': '', 'provenance_locator': '', 'provenance_excerpt': '', 'original_labels': [], 'normalized_labels': [], 'uncertainty_notes': []}"
Sus scrofa domesticus,pig,PRJEB30282,prjeb30282:samea5160874,SAMEA5160874,,,,,,mixed_radiocarbon_and_archaeological_context,unresolved,unresolved,unresolved,keep the row unresolved until stronger chronology evidence exists,No chronology claim has been recovered yet for this sample row.,,,,"{'schema_version': 'temporal-semantics.v1', 'source_family': 'animal_adna', 'evidence_class': 'unresolved', 'precision_posture': 'unresolved', 'comparability_posture': 'unresolved', 'summary_label': 'Unresolved time semantics', 'temporal_window_key': 'unresolved', 'temporal_window_label': 'Unresolved time window', 'time_start_bp': None, 'time_end_bp': None, 'time_mean_bp': None, 'duration_years': None, 'comparison_note': 'No chronology claim has been recovered yet for this sample row.', 'refusal_reason_code': '', 'provenance_path': '', 'provenance_locator': '', 'provenance_excerpt': '', 'original_labels': [], 'normalized_labels': [], 'uncertainty_notes': []}"
Sus scrofa domesticus,pig,PRJEB30282,prjeb30282:samea5160875,SAMEA5160875,,,,,,mixed_radiocarbon_and_archaeological_context,unresolved,unresolved,unresolved,keep the row unresolved until stronger chronology evidence exists,No chronology claim has been recovered yet for this sample row.,,,,"{'schema_version': 'temporal-semantics.v1', 'source_family': 'animal_adna', 'evidence_class': 'unresolved', 'precision_posture': 'unresolved', 'comparability_posture': 'unresolved', 'summary_label': 'Unresolved time semantics', 'temporal_window_key': 'unresolved', 'temporal_window_label': 'Unresolved time window', 'time_start_bp': None, 'time_end_bp': None, 'time_mean_bp': None, 'duration_years': None, 'comparison_note': 'No chronology claim has been recovered yet for this sample row.', 'refusal_reason_code': '', 'provenance_path': '', 'provenance_locator': '', 'provenance_excerpt': '', 'original_labels': [], 'normalized_labels': [], 'uncertainty_notes': []}"
Sus scrofa domesticus,pig,PRJEB30282,prjeb30282:samea5160876,SAMEA5160876,,,,,,mixed_radiocarbon_and_archaeological_context,unresolved,unresolved,unresolved,keep the row unresolved until stronger chronology evidence exists,No chronology claim has been recovered yet for this sample row.,,,,"{'schema_version': 'temporal-semantics.v1', 'source_family': 'animal_adna', 'evidence_class': 'unresolved', 'precision_posture': 'unresolved', 'comparability_posture': 'unresolved', 'summary_label': 'Unresolved time semantics', 'temporal_window_key': 'unresolved', 'temporal_window_label': 'Unresolved time window', 'time_start_bp': None, 'time_end_bp': None, 'time_mean_bp': None, 'duration_years': None, 'comparison_note': 'No chronology claim has been recovered yet for this sample row.', 'refusal_reason_code': '', 'provenance_path': '', 'provenance_locator': '', 'provenance_excerpt': '', 'original_labels': [], 'normalized_labels': [], 'uncertainty_notes': []}"
Sus scrofa domesticus,pig,PRJEB30282,prjeb30282:samea5160877,SAMEA5160877,,,,,,mixed_radiocarbon_and_archaeological_context,unresolved,unresolved,unresolved,keep the row unresolved until stronger chronology evidence exists,No chronology claim has been recovered yet for this sample row.,,,,"{'schema_version': 'temporal-semantics.v1', 'source_family': 'animal_adna', 'evidence_class': 'unresolved', 'precision_posture': 'unresolved', 'comparability_posture': 'unresolved', 'summary_label': 'Unresolved time semantics', 'temporal_window_key': 'unresolved', 'temporal_window_label': 'Unresolved time window', 'time_start_bp': None, 'time_end_bp': None, 'time_mean_bp': None, 'duration_years': None, 'comparison_note': 'No chronology claim has been recovered yet for this sample row.', 'refusal_reason_code': '', 'provenance_path': '', 'provenance_locator': '', 'provenance_excerpt': '', 'original_labels': [], 'normalized_labels': [], 'uncertainty_notes': []}"
Sus scrofa domesticus,pig,PRJEB30282,prjeb30282:samea5160878,SAMEA5160878,,,,,,mixed_radiocarbon_and_archaeological_context,unresolved,unresolved,unresolved,keep the row unresolved until stronger chronology evidence exists,No chronology claim has been recovered yet for this sample row.,,,,"{'schema_version': 'temporal-semantics.v1', 'source_family': 'animal_adna', 'evidence_class': 'unresolved', 'precision_posture': 'unresolved', 'comparability_posture': 'unresolved', 'summary_label': 'Unresolved time semantics', 'temporal_window_key': 'unresolved', 'temporal_window_label': 'Unresolved time window', 'time_start_bp': None, 'time_end_bp': None, 'time_mean_bp': None, 'duration_years': None, 'comparison_note': 'No chronology claim has been recovered yet for this sample row.', 'refusal_reason_code': '', 'provenance_path': '', 'provenance_locator': '', 'provenance_excerpt': '', 'original_labels': [], 'normalized_labels': [], 'uncertainty_notes': []}"
Sus scrofa domesticus,pig,PRJEB30282,prjeb30282:samea5160879,SAMEA5160879,,,,,,mixed_radiocarbon_and_archaeological_context,unresolved,unresolved,unresolved,keep the row unresolved until stronger chronology evidence exists,No chronology claim has been recovered yet for this sample row.,,,,"{'schema_version': 'temporal-semantics.v1', 'source_family': 'animal_adna', 'evidence_class': 'unresolved', 'precision_posture': 'unresolved', 'comparability_posture': 'unresolved', 'summary_label': 'Unresolved time semantics', 'temporal_window_key': 'unresolved', 'temporal_window_label': 'Unresolved time window', 'time_start_bp': None, 'time_end_bp': None, 'time_mean_bp': None, 'duration_years': None, 'comparison_note': 'No chronology claim has been recovered yet for this sample row.', 'refusal_reason_code': '', 'provenance_path': '', 'provenance_locator': '', 'provenance_excerpt': '', 'original_labels': [], 'normalized_labels': [], 'uncertainty_notes': []}"
Sus scrofa domesticus,pig,PRJEB30282,prjeb30282:samea5160880,SAMEA5160880,,,,,,mixed_radiocarbon_and_archaeological_context,unresolved,unresolved,unresolved,keep the row unresolved until stronger chronology evidence exists,No chronology claim has been recovered yet for this sample row.,,,,"{'schema_version': 'temporal-semantics.v1', 'source_family': 'animal_adna', 'evidence_class': 'unresolved', 'precision_posture': 'unresolved', 'comparability_posture': 'unresolved', 'summary_label': 'Unresolved time semantics', 'temporal_window_key': 'unresolved', 'temporal_window_label': 'Unresolved time window', 'time_start_bp': None, 'time_end_bp': None, 'time_mean_bp': None, 'duration_years': None, 'comparison_note': 'No chronology claim has been recovered yet for this sample row.', 'refusal_reason_code': '', 'provenance_path': '', 'provenance_locator': '', 'provenance_excerpt': '', 'original_labels': [], 'normalized_labels': [], 'uncertainty_notes': []}"
Sus scrofa domesticus,pig,PRJEB30282,prjeb30282:samea5160881,SAMEA5160881,,,,,,mixed_radiocarbon_and_archaeological_context,unresolved,unresolved,unresolved,keep the row unresolved until stronger chronology evidence exists,No chronology claim has been recovered yet for this sample row.,,,,"{'schema_version': 'temporal-semantics.v1', 'source_family': 'animal_adna', 'evidence_class': 'unresolved', 'precision_posture': 'unresolved', 'comparability_posture': 'unresolved', 'summary_label': 'Unresolved time semantics', 'temporal_window_key': 'unresolved', 'temporal_window_label': 'Unresolved time window', 'time_start_bp': None, 'time_end_bp': None, 'time_mean_bp': None, 'duration_years': None, 'comparison_note': 'No chronology claim has been recovered yet for this sample row.', 'refusal_reason_code': '', 'provenance_path': '', 'provenance_locator': '', 'provenance_excerpt': '', 'original_labels': [], 'normalized_labels': [], 'uncertainty_notes': []}"
Sus scrofa domesticus,pig,PRJEB30282,prjeb30282:samea5160882,SAMEA5160882,,,,,,mixed_radiocarbon_and_archaeological_context,unresolved,unresolved,unresolved,keep the row unresolved until stronger chronology evidence exists,No chronology claim has been recovered yet for this sample row.,,,,"{'schema_version': 'temporal-semantics.v1', 'source_family': 'animal_adna', 'evidence_class': 'unresolved', 'precision_posture': 'unresolved', 'comparability_posture': 'unresolved', 'summary_label': 'Unresolved time semantics', 'temporal_window_key': 'unresolved', 'temporal_window_label': 'Unresolved time window', 'time_start_bp': None, 'time_end_bp': None, 'time_mean_bp': None, 'duration_years': None, 'comparison_note': 'No chronology claim has been recovered yet for this sample row.', 'refusal_reason_code': '', 'provenance_path': '', 'provenance_locator': '', 'provenance_excerpt': '', 'original_labels': [], 'normalized_labels': [], 'uncertainty_notes': []}"
Sus scrofa domesticus,pig,PRJEB30282,prjeb30282:samea5160883,SAMEA5160883,,,,,,mixed_radiocarbon_and_archaeological_context,unresolved,unresolved,unresolved,keep the row unresolved until stronger chronology evidence exists,No chronology claim has been recovered yet for this sample row.,,,,"{'schema_version': 'temporal-semantics.v1', 'source_family': 'animal_adna', 'evidence_class': 'unresolved', 'precision_posture': 'unresolved', 'comparability_posture': 'unresolved', 'summary_label': 'Unresolved time semantics', 'temporal_window_key': 'unresolved', 'temporal_window_label': 'Unresolved time window', 'time_start_bp': None, 'time_end_bp': None, 'time_mean_bp': None, 'duration_years': None, 'comparison_note': 'No chronology claim has been recovered yet for this sample row.', 'refusal_reason_code': '', 'provenance_path': '', 'provenance_locator': '', 'provenance_excerpt': '', 'original_labels': [], 'normalized_labels': [], 'uncertainty_notes': []}"
Sus scrofa domesticus,pig,PRJEB30282,prjeb30282:samea5160884,SAMEA5160884,,,,,,mixed_radiocarbon_and_archaeological_context,unresolved,unresolved,unresolved,keep the row unresolved until stronger chronology evidence exists,No chronology claim has been recovered yet for this sample row.,,,,"{'schema_version': 'temporal-semantics.v1', 'source_family': 'animal_adna', 'evidence_class': 'unresolved', 'precision_posture': 'unresolved', 'comparability_posture': 'unresolved', 'summary_label': 'Unresolved time semantics', 'temporal_window_key': 'unresolved', 'temporal_window_label': 'Unresolved time window', 'time_start_bp': None, 'time_end_bp': None, 'time_mean_bp': None, 'duration_years': None, 'comparison_note': 'No chronology claim has been recovered yet for this sample row.', 'refusal_reason_code': '', 'provenance_path': '', 'provenance_locator': '', 'provenance_excerpt': '', 'original_labels': [], 'normalized_labels': [], 'uncertainty_notes': []}"
Sus scrofa domesticus,pig,PRJEB30282,prjeb30282:samea5160885,SAMEA5160885,,,,,,mixed_radiocarbon_and_archaeological_context,unresolved,unresolved,unresolved,keep the row unresolved until stronger chronology evidence exists,No chronology claim has been recovered yet for this sample row.,,,,"{'schema_version': 'temporal-semantics.v1', 'source_family': 'animal_adna', 'evidence_class': 'unresolved', 'precision_posture': 'unresolved', 'comparability_posture': 'unresolved', 'summary_label': 'Unresolved time semantics', 'temporal_window_key': 'unresolved', 'temporal_window_label': 'Unresolved time window', 'time_start_bp': None, 'time_end_bp': None, 'time_mean_bp': None, 'duration_years': None, 'comparison_note': 'No chronology claim has been recovered yet for this sample row.', 'refusal_reason_code': '', 'provenance_path': '', 'provenance_locator': '', 'provenance_excerpt': '', 'original_labels': [], 'normalized_labels': [], 'uncertainty_notes': []}"
Sus scrofa domesticus,pig,PRJEB30282,prjeb30282:samea5160886,SAMEA5160886,,,,,,mixed_radiocarbon_and_archaeological_context,unresolved,unresolved,unresolved,keep the row unresolved until stronger chronology evidence exists,No chronology claim has been recovered yet for this sample row.,,,,"{'schema_version': 'temporal-semantics.v1', 'source_family': 'animal_adna', 'evidence_class': 'unresolved', 'precision_posture': 'unresolved', 'comparability_posture': 'unresolved', 'summary_label': 'Unresolved time semantics', 'temporal_window_key': 'unresolved', 'temporal_window_label': 'Unresolved time window', 'time_start_bp': None, 'time_end_bp': None, 'time_mean_bp': None, 'duration_years': None, 'comparison_note': 'No chronology claim has been recovered yet for this sample row.', 'refusal_reason_code': '', 'provenance_path': '', 'provenance_locator': '', 'provenance_excerpt': '', 'original_labels': [], 'normalized_labels': [], 'uncertainty_notes': []}"
Sus scrofa domesticus,pig,PRJEB30282,prjeb30282:samea5160887,SAMEA5160887,,,,,,mixed_radiocarbon_and_archaeological_context,unresolved,unresolved,unresolved,keep the row unresolved until stronger chronology evidence exists,No chronology claim has been recovered yet for this sample row.,,,,"{'schema_version': 'temporal-semantics.v1', 'source_family': 'animal_adna', 'evidence_class': 'unresolved', 'precision_posture': 'unresolved', 'comparability_posture': 'unresolved', 'summary_label': 'Unresolved time semantics', 'temporal_window_key': 'unresolved', 'temporal_window_label': 'Unresolved time window', 'time_start_bp': None, 'time_end_bp': None, 'time_mean_bp': None, 'duration_years': None, 'comparison_note': 'No chronology claim has been recovered yet for this sample row.', 'refusal_reason_code': '', 'provenance_path': '', 'provenance_locator': '', 'provenance_excerpt': '', 'original_labels': [], 'normalized_labels': [], 'uncertainty_notes': []}"
Sus scrofa domesticus,pig,PRJEB30282,prjeb30282:samea5160888,SAMEA5160888,,,,,,mixed_radiocarbon_and_archaeological_context,unresolved,unresolved,unresolved,keep the row unresolved until stronger chronology evidence exists,No chronology claim has been recovered yet for this sample row.,,,,"{'schema_version': 'temporal-semantics.v1', 'source_family': 'animal_adna', 'evidence_class': 'unresolved', 'precision_posture': 'unresolved', 'comparability_posture': 'unresolved', 'summary_label': 'Unresolved time semantics', 'temporal_window_key': 'unresolved', 'temporal_window_label': 'Unresolved time window', 'time_start_bp': None, 'time_end_bp': None, 'time_mean_bp': None, 'duration_years': None, 'comparison_note': 'No chronology claim has been recovered yet for this sample row.', 'refusal_reason_code': '', 'provenance_path': '', 'provenance_locator': '', 'provenance_excerpt': '', 'original_labels': [], 'normalized_labels': [], 'uncertainty_notes': []}"
Sus scrofa domesticus,pig,PRJEB30282,prjeb30282:samea5160889,SAMEA5160889,,,,,,mixed_radiocarbon_and_archaeological_context,unresolved,unresolved,unresolved,keep the row unresolved until stronger chronology evidence exists,No chronology claim has been recovered yet for this sample row.,,,,"{'schema_version': 'temporal-semantics.v1', 'source_family': 'animal_adna', 'evidence_class': 'unresolved', 'precision_posture': 'unresolved', 'comparability_posture': 'unresolved', 'summary_label': 'Unresolved time semantics', 'temporal_window_key': 'unresolved', 'temporal_window_label': 'Unresolved time window', 'time_start_bp': None, 'time_end_bp': None, 'time_mean_bp': None, 'duration_years': None, 'comparison_note': 'No chronology claim has been recovered yet for this sample row.', 'refusal_reason_code': '', 'provenance_path': '', 'provenance_locator': '', 'provenance_excerpt': '', 'original_labels': [], 'normalized_labels': [], 'uncertainty_notes': []}"
Sus scrofa domesticus,pig,PRJEB30282,prjeb30282:samea5160890,SAMEA5160890,,,,,,mixed_radiocarbon_and_archaeological_context,unresolved,unresolved,unresolved,keep the row unresolved until stronger chronology evidence exists,No chronology claim has been recovered yet for this sample row.,,,,"{'schema_version': 'temporal-semantics.v1', 'source_family': 'animal_adna', 'evidence_class': 'unresolved', 'precision_posture': 'unresolved', 'comparability_posture': 'unresolved', 'summary_label': 'Unresolved time semantics', 'temporal_window_key': 'unresolved', 'temporal_window_label': 'Unresolved time window', 'time_start_bp': None, 'time_end_bp': None, 'time_mean_bp': None, 'duration_years': None, 'comparison_note': 'No chronology claim has been recovered yet for this sample row.', 'refusal_reason_code': '', 'provenance_path': '', 'provenance_locator': '', 'provenance_excerpt': '', 'original_labels': [], 'normalized_labels': [], 'uncertainty_notes': []}"
Sus scrofa domesticus,pig,PRJEB30282,prjeb30282:samea5160891,SAMEA5160891,,,,,,mixed_radiocarbon_and_archaeological_context,unresolved,unresolved,unresolved,keep the row unresolved until stronger chronology evidence exists,No chronology claim has been recovered yet for this sample row.,,,,"{'schema_version': 'temporal-semantics.v1', 'source_family': 'animal_adna', 'evidence_class': 'unresolved', 'precision_posture': 'unresolved', 'comparability_posture': 'unresolved', 'summary_label': 'Unresolved time semantics', 'temporal_window_key': 'unresolved', 'temporal_window_label': 'Unresolved time window', 'time_start_bp': None, 'time_end_bp': None, 'time_mean_bp': None, 'duration_years': None, 'comparison_note': 'No chronology claim has been recovered yet for this sample row.', 'refusal_reason_code': '', 'provenance_path': '', 'provenance_locator': '', 'provenance_excerpt': '', 'original_labels': [], 'normalized_labels': [], 'uncertainty_notes': []}"
Sus scrofa domesticus,pig,PRJEB30282,prjeb30282:samea5160892,SAMEA5160892,,,,,,mixed_radiocarbon_and_archaeological_context,unresolved,unresolved,unresolved,keep the row unresolved until stronger chronology evidence exists,No chronology claim has been recovered yet for this sample row.,,,,"{'schema_version': 'temporal-semantics.v1', 'source_family': 'animal_adna', 'evidence_class': 'unresolved', 'precision_posture': 'unresolved', 'comparability_posture': 'unresolved', 'summary_label': 'Unresolved time semantics', 'temporal_window_key': 'unresolved', 'temporal_window_label': 'Unresolved time window', 'time_start_bp': None, 'time_end_bp': None, 'time_mean_bp': None, 'duration_years': None, 'comparison_note': 'No chronology claim has been recovered yet for this sample row.', 'refusal_reason_code': '', 'provenance_path': '', 'provenance_locator': '', 'provenance_excerpt': '', 'original_labels': [], 'normalized_labels': [], 'uncertainty_notes': []}"
Sus scrofa domesticus,pig,PRJEB30282,prjeb30282:samea5160893,SAMEA5160893,,,,,,mixed_radiocarbon_and_archaeological_context,unresolved,unresolved,unresolved,keep the row unresolved until stronger chronology evidence exists,No chronology claim has been recovered yet for this sample row.,,,,"{'schema_version': 'temporal-semantics.v1', 'source_family': 'animal_adna', 'evidence_class': 'unresolved', 'precision_posture': 'unresolved', 'comparability_posture': 'unresolved', 'summary_label': 'Unresolved time semantics', 'temporal_window_key': 'unresolved', 'temporal_window_label': 'Unresolved time window', 'time_start_bp': None, 'time_end_bp': None, 'time_mean_bp': None, 'duration_years': None, 'comparison_note': 'No chronology claim has been recovered yet for this sample row.', 'refusal_reason_code': '', 'provenance_path': '', 'provenance_locator': '', 'provenance_excerpt': '', 'original_labels': [], 'normalized_labels': [], 'uncertainty_notes': []}"
Sus scrofa domesticus,pig,PRJEB30282,prjeb30282:samea5160894,SAMEA5160894,,,,,,mixed_radiocarbon_and_archaeological_context,unresolved,unresolved,unresolved,keep the row unresolved until stronger chronology evidence exists,No chronology claim has been recovered yet for this sample row.,,,,"{'schema_version': 'temporal-semantics.v1', 'source_family': 'animal_adna', 'evidence_class': 'unresolved', 'precision_posture': 'unresolved', 'comparability_posture': 'unresolved', 'summary_label': 'Unresolved time semantics', 'temporal_window_key': 'unresolved', 'temporal_window_label': 'Unresolved time window', 'time_start_bp': None, 'time_end_bp': None, 'time_mean_bp': None, 'duration_years': None, 'comparison_note': 'No chronology claim has been recovered yet for this sample row.', 'refusal_reason_code': '', 'provenance_path': '', 'provenance_locator': '', 'provenance_excerpt': '', 'original_labels': [], 'normalized_labels': [], 'uncertainty_notes': []}"
Sus scrofa domesticus,pig,PRJEB30282,prjeb30282:samea5160895,SAMEA5160895,,,,,,mixed_radiocarbon_and_archaeological_context,unresolved,unresolved,unresolved,keep the row unresolved until stronger chronology evidence exists,No chronology claim has been recovered yet for this sample row.,,,,"{'schema_version': 'temporal-semantics.v1', 'source_family': 'animal_adna', 'evidence_class': 'unresolved', 'precision_posture': 'unresolved', 'comparability_posture': 'unresolved', 'summary_label': 'Unresolved time semantics', 'temporal_window_key': 'unresolved', 'temporal_window_label': 'Unresolved time window', 'time_start_bp': None, 'time_end_bp': None, 'time_mean_bp': None, 'duration_years': None, 'comparison_note': 'No chronology claim has been recovered yet for this sample row.', 'refusal_reason_code': '', 'provenance_path': '', 'provenance_locator': '', 'provenance_excerpt': '', 'original_labels': [], 'normalized_labels': [], 'uncertainty_notes': []}"
Sus scrofa domesticus,pig,PRJEB30282,prjeb30282:samea5160896,SAMEA5160896,,,,,,mixed_radiocarbon_and_archaeological_context,unresolved,unresolved,unresolved,keep the row unresolved until stronger chronology evidence exists,No chronology claim has been recovered yet for this sample row.,,,,"{'schema_version': 'temporal-semantics.v1', 'source_family': 'animal_adna', 'evidence_class': 'unresolved', 'precision_posture': 'unresolved', 'comparability_posture': 'unresolved', 'summary_label': 'Unresolved time semantics', 'temporal_window_key': 'unresolved', 'temporal_window_label': 'Unresolved time window', 'time_start_bp': None, 'time_end_bp': None, 'time_mean_bp': None, 'duration_years': None, 'comparison_note': 'No chronology claim has been recovered yet for this sample row.', 'refusal_reason_code': '', 'provenance_path': '', 'provenance_locator': '', 'provenance_excerpt': '', 'original_labels': [], 'normalized_labels': [], 'uncertainty_notes': []}"
Sus scrofa domesticus,pig,PRJEB30282,prjeb30282:samea5160897,SAMEA5160897,,,,,,mixed_radiocarbon_and_archaeological_context,unresolved,unresolved,unresolved,keep the row unresolved until stronger chronology evidence exists,No chronology claim has been recovered yet for this sample row.,,,,"{'schema_version': 'temporal-semantics.v1', 'source_family': 'animal_adna', 'evidence_class': 'unresolved', 'precision_posture': 'unresolved', 'comparability_posture': 'unresolved', 'summary_label': 'Unresolved time semantics', 'temporal_window_key': 'unresolved', 'temporal_window_label': 'Unresolved time window', 'time_start_bp': None, 'time_end_bp': None, 'time_mean_bp': None, 'duration_years': None, 'comparison_note': 'No chronology claim has been recovered yet for this sample row.', 'refusal_reason_code': '', 'provenance_path': '', 'provenance_locator': '', 'provenance_excerpt': '', 'original_labels': [], 'normalized_labels': [], 'uncertainty_notes': []}"
Sus scrofa domesticus,pig,PRJEB30282,prjeb30282:samea5160898,SAMEA5160898,,,,,,mixed_radiocarbon_and_archaeological_context,unresolved,unresolved,unresolved,keep the row unresolved until stronger chronology evidence exists,No chronology claim has been recovered yet for this sample row.,,,,"{'schema_version': 'temporal-semantics.v1', 'source_family': 'animal_adna', 'evidence_class': 'unresolved', 'precision_posture': 'unresolved', 'comparability_posture': 'unresolved', 'summary_label': 'Unresolved time semantics', 'temporal_window_key': 'unresolved', 'temporal_window_label': 'Unresolved time window', 'time_start_bp': None, 'time_end_bp': None, 'time_mean_bp': None, 'duration_years': None, 'comparison_note': 'No chronology claim has been recovered yet for this sample row.', 'refusal_reason_code': '', 'provenance_path': '', 'provenance_locator': '', 'provenance_excerpt': '', 'original_labels': [], 'normalized_labels': [], 'uncertainty_notes': []}"
Sus scrofa domesticus,pig,PRJEB30282,prjeb30282:samea5160899,SAMEA5160899,,,,,,mixed_radiocarbon_and_archaeological_context,unresolved,unresolved,unresolved,keep the row unresolved until stronger chronology evidence exists,No chronology claim has been recovered yet for this sample row.,,,,"{'schema_version': 'temporal-semantics.v1', 'source_family': 'animal_adna', 'evidence_class': 'unresolved', 'precision_posture': 'unresolved', 'comparability_posture': 'unresolved', 'summary_label': 'Unresolved time semantics', 'temporal_window_key': 'unresolved', 'temporal_window_label': 'Unresolved time window', 'time_start_bp': None, 'time_end_bp': None, 'time_mean_bp': None, 'duration_years': None, 'comparison_note': 'No chronology claim has been recovered yet for this sample row.', 'refusal_reason_code': '', 'provenance_path': '', 'provenance_locator': '', 'provenance_excerpt': '', 'original_labels': [], 'normalized_labels': [], 'uncertainty_notes': []}"
Sus scrofa domesticus,pig,PRJEB30282,prjeb30282:samea5160900,SAMEA5160900,,,,,,mixed_radiocarbon_and_archaeological_context,unresolved,unresolved,unresolved,keep the row unresolved until stronger chronology evidence exists,No chronology claim has been recovered yet for this sample row.,,,,"{'schema_version': 'temporal-semantics.v1', 'source_family': 'animal_adna', 'evidence_class': 'unresolved', 'precision_posture': 'unresolved', 'comparability_posture': 'unresolved', 'summary_label': 'Unresolved time semantics', 'temporal_window_key': 'unresolved', 'temporal_window_label': 'Unresolved time window', 'time_start_bp': None, 'time_end_bp': None, 'time_mean_bp': None, 'duration_years': None, 'comparison_note': 'No chronology claim has been recovered yet for this sample row.', 'refusal_reason_code': '', 'provenance_path': '', 'provenance_locator': '', 'provenance_excerpt': '', 'original_labels': [], 'normalized_labels': [], 'uncertainty_notes': []}"
Sus scrofa domesticus,pig,PRJEB30282,prjeb30282:samea5160901,SAMEA5160901,,,,,,mixed_radiocarbon_and_archaeological_context,unresolved,unresolved,unresolved,keep the row unresolved until stronger chronology evidence exists,No chronology claim has been recovered yet for this sample row.,,,,"{'schema_version': 'temporal-semantics.v1', 'source_family': 'animal_adna', 'evidence_class': 'unresolved', 'precision_posture': 'unresolved', 'comparability_posture': 'unresolved', 'summary_label': 'Unresolved time semantics', 'temporal_window_key': 'unresolved', 'temporal_window_label': 'Unresolved time window', 'time_start_bp': None, 'time_end_bp': None, 'time_mean_bp': None, 'duration_years': None, 'comparison_note': 'No chronology claim has been recovered yet for this sample row.', 'refusal_reason_code': '', 'provenance_path': '', 'provenance_locator': '', 'provenance_excerpt': '', 'original_labels': [], 'normalized_labels': [], 'uncertainty_notes': []}"
Sus scrofa domesticus,pig,PRJEB30282,prjeb30282:samea5160902,SAMEA5160902,,,,,,mixed_radiocarbon_and_archaeological_context,unresolved,unresolved,unresolved,keep the row unresolved until stronger chronology evidence exists,No chronology claim has been recovered yet for this sample row.,,,,"{'schema_version': 'temporal-semantics.v1', 'source_family': 'animal_adna', 'evidence_class': 'unresolved', 'precision_posture': 'unresolved', 'comparability_posture': 'unresolved', 'summary_label': 'Unresolved time semantics', 'temporal_window_key': 'unresolved', 'temporal_window_label': 'Unresolved time window', 'time_start_bp': None, 'time_end_bp': None, 'time_mean_bp': None, 'duration_years': None, 'comparison_note': 'No chronology claim has been recovered yet for this sample row.', 'refusal_reason_code': '', 'provenance_path': '', 'provenance_locator': '', 'provenance_excerpt': '', 'original_labels': [], 'normalized_labels': [], 'uncertainty_notes': []}"
Sus scrofa domesticus,pig,PRJEB30282,prjeb30282:samea5160903,SAMEA5160903,,,,,,mixed_radiocarbon_and_archaeological_context,unresolved,unresolved,unresolved,keep the row unresolved until stronger chronology evidence exists,No chronology claim has been recovered yet for this sample row.,,,,"{'schema_version': 'temporal-semantics.v1', 'source_family': 'animal_adna', 'evidence_class': 'unresolved', 'precision_posture': 'unresolved', 'comparability_posture': 'unresolved', 'summary_label': 'Unresolved time semantics', 'temporal_window_key': 'unresolved', 'temporal_window_label': 'Unresolved time window', 'time_start_bp': None, 'time_end_bp': None, 'time_mean_bp': None, 'duration_years': None, 'comparison_note': 'No chronology claim has been recovered yet for this sample row.', 'refusal_reason_code': '', 'provenance_path': '', 'provenance_locator': '', 'provenance_excerpt': '', 'original_labels': [], 'normalized_labels': [], 'uncertainty_notes': []}"
Sus scrofa domesticus,pig,PRJEB30282,prjeb30282:samea5160904,SAMEA5160904,,,,,,mixed_radiocarbon_and_archaeological_context,unresolved,unresolved,unresolved,keep the row unresolved until stronger chronology evidence exists,No chronology claim has been recovered yet for this sample row.,,,,"{'schema_version': 'temporal-semantics.v1', 'source_family': 'animal_adna', 'evidence_class': 'unresolved', 'precision_posture': 'unresolved', 'comparability_posture': 'unresolved', 'summary_label': 'Unresolved time semantics', 'temporal_window_key': 'unresolved', 'temporal_window_label': 'Unresolved time window', 'time_start_bp': None, 'time_end_bp': None, 'time_mean_bp': None, 'duration_years': None, 'comparison_note': 'No chronology claim has been recovered yet for this sample row.', 'refusal_reason_code': '', 'provenance_path': '', 'provenance_locator': '', 'provenance_excerpt': '', 'original_labels': [], 'normalized_labels': [], 'uncertainty_notes': []}"
Sus scrofa domesticus,pig,PRJEB30282,prjeb30282:samea5160905,SAMEA5160905,,,,,,mixed_radiocarbon_and_archaeological_context,unresolved,unresolved,unresolved,keep the row unresolved until stronger chronology evidence exists,No chronology claim has been recovered yet for this sample row.,,,,"{'schema_version': 'temporal-semantics.v1', 'source_family': 'animal_adna', 'evidence_class': 'unresolved', 'precision_posture': 'unresolved', 'comparability_posture': 'unresolved', 'summary_label': 'Unresolved time semantics', 'temporal_window_key': 'unresolved', 'temporal_window_label': 'Unresolved time window', 'time_start_bp': None, 'time_end_bp': None, 'time_mean_bp': None, 'duration_years': None, 'comparison_note': 'No chronology claim has been recovered yet for this sample row.', 'refusal_reason_code': '', 'provenance_path': '', 'provenance_locator': '', 'provenance_excerpt': '', 'original_labels': [], 'normalized_labels': [], 'uncertainty_notes': []}"
Sus scrofa domesticus,pig,PRJEB30282,prjeb30282:samea5160906,SAMEA5160906,,,,,,mixed_radiocarbon_and_archaeological_context,unresolved,unresolved,unresolved,keep the row unresolved until stronger chronology evidence exists,No chronology claim has been recovered yet for this sample row.,,,,"{'schema_version': 'temporal-semantics.v1', 'source_family': 'animal_adna', 'evidence_class': 'unresolved', 'precision_posture': 'unresolved', 'comparability_posture': 'unresolved', 'summary_label': 'Unresolved time semantics', 'temporal_window_key': 'unresolved', 'temporal_window_label': 'Unresolved time window', 'time_start_bp': None, 'time_end_bp': None, 'time_mean_bp': None, 'duration_years': None, 'comparison_note': 'No chronology claim has been recovered yet for this sample row.', 'refusal_reason_code': '', 'provenance_path': '', 'provenance_locator': '', 'provenance_excerpt': '', 'original_labels': [], 'normalized_labels': [], 'uncertainty_notes': []}"
Sus scrofa domesticus,pig,PRJEB30282,prjeb30282:samea5160907,SAMEA5160907,,,,,,mixed_radiocarbon_and_archaeological_context,unresolved,unresolved,unresolved,keep the row unresolved until stronger chronology evidence exists,No chronology claim has been recovered yet for this sample row.,,,,"{'schema_version': 'temporal-semantics.v1', 'source_family': 'animal_adna', 'evidence_class': 'unresolved', 'precision_posture': 'unresolved', 'comparability_posture': 'unresolved', 'summary_label': 'Unresolved time semantics', 'temporal_window_key': 'unresolved', 'temporal_window_label': 'Unresolved time window', 'time_start_bp': None, 'time_end_bp': None, 'time_mean_bp': None, 'duration_years': None, 'comparison_note': 'No chronology claim has been recovered yet for this sample row.', 'refusal_reason_code': '', 'provenance_path': '', 'provenance_locator': '', 'provenance_excerpt': '', 'original_labels': [], 'normalized_labels': [], 'uncertainty_notes': []}"
Sus scrofa domesticus,pig,PRJEB30282,prjeb30282:samea5160908,SAMEA5160908,,,,,,mixed_radiocarbon_and_archaeological_context,unresolved,unresolved,unresolved,keep the row unresolved until stronger chronology evidence exists,No chronology claim has been recovered yet for this sample row.,,,,"{'schema_version': 'temporal-semantics.v1', 'source_family': 'animal_adna', 'evidence_class': 'unresolved', 'precision_posture': 'unresolved', 'comparability_posture': 'unresolved', 'summary_label': 'Unresolved time semantics', 'temporal_window_key': 'unresolved', 'temporal_window_label': 'Unresolved time window', 'time_start_bp': None, 'time_end_bp': None, 'time_mean_bp': None, 'duration_years': None, 'comparison_note': 'No chronology claim has been recovered yet for this sample row.', 'refusal_reason_code': '', 'provenance_path': '', 'provenance_locator': '', 'provenance_excerpt': '', 'original_labels': [], 'normalized_labels': [], 'uncertainty_notes': []}"
Sus scrofa domesticus,pig,PRJEB30282,prjeb30282:samea5160909,SAMEA5160909,,,,,,mixed_radiocarbon_and_archaeological_context,unresolved,unresolved,unresolved,keep the row unresolved until stronger chronology evidence exists,No chronology claim has been recovered yet for this sample row.,,,,"{'schema_version': 'temporal-semantics.v1', 'source_family': 'animal_adna', 'evidence_class': 'unresolved', 'precision_posture': 'unresolved', 'comparability_posture': 'unresolved', 'summary_label': 'Unresolved time semantics', 'temporal_window_key': 'unresolved', 'temporal_window_label': 'Unresolved time window', 'time_start_bp': None, 'time_end_bp': None, 'time_mean_bp': None, 'duration_years': None, 'comparison_note': 'No chronology claim has been recovered yet for this sample row.', 'refusal_reason_code': '', 'provenance_path': '', 'provenance_locator': '', 'provenance_excerpt': '', 'original_labels': [], 'normalized_labels': [], 'uncertainty_notes': []}"
Sus scrofa domesticus,pig,PRJEB30282,prjeb30282:samea5160910,SAMEA5160910,,,,,,mixed_radiocarbon_and_archaeological_context,unresolved,unresolved,unresolved,keep the row unresolved until stronger chronology evidence exists,No chronology claim has been recovered yet for this sample row.,,,,"{'schema_version': 'temporal-semantics.v1', 'source_family': 'animal_adna', 'evidence_class': 'unresolved', 'precision_posture': 'unresolved', 'comparability_posture': 'unresolved', 'summary_label': 'Unresolved time semantics', 'temporal_window_key': 'unresolved', 'temporal_window_label': 'Unresolved time window', 'time_start_bp': None, 'time_end_bp': None, 'time_mean_bp': None, 'duration_years': None, 'comparison_note': 'No chronology claim has been recovered yet for this sample row.', 'refusal_reason_code': '', 'provenance_path': '', 'provenance_locator': '', 'provenance_excerpt': '', 'original_labels': [], 'normalized_labels': [], 'uncertainty_notes': []}"
Sus scrofa domesticus,pig,PRJEB30282,prjeb30282:samea5160911,SAMEA5160911,,,,,,mixed_radiocarbon_and_archaeological_context,unresolved,unresolved,unresolved,keep the row unresolved until stronger chronology evidence exists,No chronology claim has been recovered yet for this sample row.,,,,"{'schema_version': 'temporal-semantics.v1', 'source_family': 'animal_adna', 'evidence_class': 'unresolved', 'precision_posture': 'unresolved', 'comparability_posture': 'unresolved', 'summary_label': 'Unresolved time semantics', 'temporal_window_key': 'unresolved', 'temporal_window_label': 'Unresolved time window', 'time_start_bp': None, 'time_end_bp': None, 'time_mean_bp': None, 'duration_years': None, 'comparison_note': 'No chronology claim has been recovered yet for this sample row.', 'refusal_reason_code': '', 'provenance_path': '', 'provenance_locator': '', 'provenance_excerpt': '', 'original_labels': [], 'normalized_labels': [], 'uncertainty_notes': []}"
Sus scrofa domesticus,pig,PRJEB30282,prjeb30282:samea5160912,SAMEA5160912,,,,,,mixed_radiocarbon_and_archaeological_context,unresolved,unresolved,unresolved,keep the row unresolved until stronger chronology evidence exists,No chronology claim has been recovered yet for this sample row.,,,,"{'schema_version': 'temporal-semantics.v1', 'source_family': 'animal_adna', 'evidence_class': 'unresolved', 'precision_posture': 'unresolved', 'comparability_posture': 'unresolved', 'summary_label': 'Unresolved time semantics', 'temporal_window_key': 'unresolved', 'temporal_window_label': 'Unresolved time window', 'time_start_bp': None, 'time_end_bp': None, 'time_mean_bp': None, 'duration_years': None, 'comparison_note': 'No chronology claim has been recovered yet for this sample row.', 'refusal_reason_code': '', 'provenance_path': '', 'provenance_locator': '', 'provenance_excerpt': '', 'original_labels': [], 'normalized_labels': [], 'uncertainty_notes': []}"
Sus scrofa domesticus,pig,PRJEB30282,prjeb30282:samea5160913,SAMEA5160913,,,,,,mixed_radiocarbon_and_archaeological_context,unresolved,unresolved,unresolved,keep the row unresolved until stronger chronology evidence exists,No chronology claim has been recovered yet for this sample row.,,,,"{'schema_version': 'temporal-semantics.v1', 'source_family': 'animal_adna', 'evidence_class': 'unresolved', 'precision_posture': 'unresolved', 'comparability_posture': 'unresolved', 'summary_label': 'Unresolved time semantics', 'temporal_window_key': 'unresolved', 'temporal_window_label': 'Unresolved time window', 'time_start_bp': None, 'time_end_bp': None, 'time_mean_bp': None, 'duration_years': None, 'comparison_note': 'No chronology claim has been recovered yet for this sample row.', 'refusal_reason_code': '', 'provenance_path': '', 'provenance_locator': '', 'provenance_excerpt': '', 'original_labels': [], 'normalized_labels': [], 'uncertainty_notes': []}"
Sus scrofa domesticus,pig,PRJEB30282,prjeb30282:samea5160914,SAMEA5160914,,,,,,mixed_radiocarbon_and_archaeological_context,unresolved,unresolved,unresolved,keep the row unresolved until stronger chronology evidence exists,No chronology claim has been recovered yet for this sample row.,,,,"{'schema_version': 'temporal-semantics.v1', 'source_family': 'animal_adna', 'evidence_class': 'unresolved', 'precision_posture': 'unresolved', 'comparability_posture': 'unresolved', 'summary_label': 'Unresolved time semantics', 'temporal_window_key': 'unresolved', 'temporal_window_label': 'Unresolved time window', 'time_start_bp': None, 'time_end_bp': None, 'time_mean_bp': None, 'duration_years': None, 'comparison_note': 'No chronology claim has been recovered yet for this sample row.', 'refusal_reason_code': '', 'provenance_path': '', 'provenance_locator': '', 'provenance_excerpt': '', 'original_labels': [], 'normalized_labels': [], 'uncertainty_notes': []}"
Sus scrofa domesticus,pig,PRJEB30282,prjeb30282:samea5160915,SAMEA5160915,,,,,,mixed_radiocarbon_and_archaeological_context,unresolved,unresolved,unresolved,keep the row unresolved until stronger chronology evidence exists,No chronology claim has been recovered yet for this sample row.,,,,"{'schema_version': 'temporal-semantics.v1', 'source_family': 'animal_adna', 'evidence_class': 'unresolved', 'precision_posture': 'unresolved', 'comparability_posture': 'unresolved', 'summary_label': 'Unresolved time semantics', 'temporal_window_key': 'unresolved', 'temporal_window_label': 'Unresolved time window', 'time_start_bp': None, 'time_end_bp': None, 'time_mean_bp': None, 'duration_years': None, 'comparison_note': 'No chronology claim has been recovered yet for this sample row.', 'refusal_reason_code': '', 'provenance_path': '', 'provenance_locator': '', 'provenance_excerpt': '', 'original_labels': [], 'normalized_labels': [], 'uncertainty_notes': []}"
Sus scrofa domesticus,pig,PRJEB30282,prjeb30282:samea5160916,SAMEA5160916,,,,,,mixed_radiocarbon_and_archaeological_context,unresolved,unresolved,unresolved,keep the row unresolved until stronger chronology evidence exists,No chronology claim has been recovered yet for this sample row.,,,,"{'schema_version': 'temporal-semantics.v1', 'source_family': 'animal_adna', 'evidence_class': 'unresolved', 'precision_posture': 'unresolved', 'comparability_posture': 'unresolved', 'summary_label': 'Unresolved time semantics', 'temporal_window_key': 'unresolved', 'temporal_window_label': 'Unresolved time window', 'time_start_bp': None, 'time_end_bp': None, 'time_mean_bp': None, 'duration_years': None, 'comparison_note': 'No chronology claim has been recovered yet for this sample row.', 'refusal_reason_code': '', 'provenance_path': '', 'provenance_locator': '', 'provenance_excerpt': '', 'original_labels': [], 'normalized_labels': [], 'uncertainty_notes': []}"
Sus scrofa domesticus,pig,PRJEB30282,prjeb30282:samea5160917,SAMEA5160917,,,,,,mixed_radiocarbon_and_archaeological_context,unresolved,unresolved,unresolved,keep the row unresolved until stronger chronology evidence exists,No chronology claim has been recovered yet for this sample row.,,,,"{'schema_version': 'temporal-semantics.v1', 'source_family': 'animal_adna', 'evidence_class': 'unresolved', 'precision_posture': 'unresolved', 'comparability_posture': 'unresolved', 'summary_label': 'Unresolved time semantics', 'temporal_window_key': 'unresolved', 'temporal_window_label': 'Unresolved time window', 'time_start_bp': None, 'time_end_bp': None, 'time_mean_bp': None, 'duration_years': None, 'comparison_note': 'No chronology claim has been recovered yet for this sample row.', 'refusal_reason_code': '', 'provenance_path': '', 'provenance_locator': '', 'provenance_excerpt': '', 'original_labels': [], 'normalized_labels': [], 'uncertainty_notes': []}"
Sus scrofa domesticus,pig,PRJEB30282,prjeb30282:samea5160918,SAMEA5160918,,,,,,mixed_radiocarbon_and_archaeological_context,unresolved,unresolved,unresolved,keep the row unresolved until stronger chronology evidence exists,No chronology claim has been recovered yet for this sample row.,,,,"{'schema_version': 'temporal-semantics.v1', 'source_family': 'animal_adna', 'evidence_class': 'unresolved', 'precision_posture': 'unresolved', 'comparability_posture': 'unresolved', 'summary_label': 'Unresolved time semantics', 'temporal_window_key': 'unresolved', 'temporal_window_label': 'Unresolved time window', 'time_start_bp': None, 'time_end_bp': None, 'time_mean_bp': None, 'duration_years': None, 'comparison_note': 'No chronology claim has been recovered yet for this sample row.', 'refusal_reason_code': '', 'provenance_path': '', 'provenance_locator': '', 'provenance_excerpt': '', 'original_labels': [], 'normalized_labels': [], 'uncertainty_notes': []}"
Sus scrofa domesticus,pig,PRJEB30282,prjeb30282:samea5160919,SAMEA5160919,,,,,,mixed_radiocarbon_and_archaeological_context,unresolved,unresolved,unresolved,keep the row unresolved until stronger chronology evidence exists,No chronology claim has been recovered yet for this sample row.,,,,"{'schema_version': 'temporal-semantics.v1', 'source_family': 'animal_adna', 'evidence_class': 'unresolved', 'precision_posture': 'unresolved', 'comparability_posture': 'unresolved', 'summary_label': 'Unresolved time semantics', 'temporal_window_key': 'unresolved', 'temporal_window_label': 'Unresolved time window', 'time_start_bp': None, 'time_end_bp': None, 'time_mean_bp': None, 'duration_years': None, 'comparison_note': 'No chronology claim has been recovered yet for this sample row.', 'refusal_reason_code': '', 'provenance_path': '', 'provenance_locator': '', 'provenance_excerpt': '', 'original_labels': [], 'normalized_labels': [], 'uncertainty_notes': []}"
Sus scrofa domesticus,pig,PRJEB30282,prjeb30282:samea5160920,SAMEA5160920,,,,,,mixed_radiocarbon_and_archaeological_context,unresolved,unresolved,unresolved,keep the row unresolved until stronger chronology evidence exists,No chronology claim has been recovered yet for this sample row.,,,,"{'schema_version': 'temporal-semantics.v1', 'source_family': 'animal_adna', 'evidence_class': 'unresolved', 'precision_posture': 'unresolved', 'comparability_posture': 'unresolved', 'summary_label': 'Unresolved time semantics', 'temporal_window_key': 'unresolved', 'temporal_window_label': 'Unresolved time window', 'time_start_bp': None, 'time_end_bp': None, 'time_mean_bp': None, 'duration_years': None, 'comparison_note': 'No chronology claim has been recovered yet for this sample row.', 'refusal_reason_code': '', 'provenance_path': '', 'provenance_locator': '', 'provenance_excerpt': '', 'original_labels': [], 'normalized_labels': [], 'uncertainty_notes': []}"
Sus scrofa domesticus,pig,PRJEB30282,prjeb30282:samea5160921,SAMEA5160921,,,,,,mixed_radiocarbon_and_archaeological_context,unresolved,unresolved,unresolved,keep the row unresolved until stronger chronology evidence exists,No chronology claim has been recovered yet for this sample row.,,,,"{'schema_version': 'temporal-semantics.v1', 'source_family': 'animal_adna', 'evidence_class': 'unresolved', 'precision_posture': 'unresolved', 'comparability_posture': 'unresolved', 'summary_label': 'Unresolved time semantics', 'temporal_window_key': 'unresolved', 'temporal_window_label': 'Unresolved time window', 'time_start_bp': None, 'time_end_bp': None, 'time_mean_bp': None, 'duration_years': None, 'comparison_note': 'No chronology claim has been recovered yet for this sample row.', 'refusal_reason_code': '', 'provenance_path': '', 'provenance_locator': '', 'provenance_excerpt': '', 'original_labels': [], 'normalized_labels': [], 'uncertainty_notes': []}"
Sus scrofa domesticus,pig,PRJEB30282,prjeb30282:samea5160922,SAMEA5160922,,,,,,mixed_radiocarbon_and_archaeological_context,unresolved,unresolved,unresolved,keep the row unresolved until stronger chronology evidence exists,No chronology claim has been recovered yet for this sample row.,,,,"{'schema_version': 'temporal-semantics.v1', 'source_family': 'animal_adna', 'evidence_class': 'unresolved', 'precision_posture': 'unresolved', 'comparability_posture': 'unresolved', 'summary_label': 'Unresolved time semantics', 'temporal_window_key': 'unresolved', 'temporal_window_label': 'Unresolved time window', 'time_start_bp': None, 'time_end_bp': None, 'time_mean_bp': None, 'duration_years': None, 'comparison_note': 'No chronology claim has been recovered yet for this sample row.', 'refusal_reason_code': '', 'provenance_path': '', 'provenance_locator': '', 'provenance_excerpt': '', 'original_labels': [], 'normalized_labels': [], 'uncertainty_notes': []}"
Sus scrofa domesticus,pig,PRJEB30282,prjeb30282:samea5160923,SAMEA5160923,,,,,,mixed_radiocarbon_and_archaeological_context,unresolved,unresolved,unresolved,keep the row unresolved until stronger chronology evidence exists,No chronology claim has been recovered yet for this sample row.,,,,"{'schema_version': 'temporal-semantics.v1', 'source_family': 'animal_adna', 'evidence_class': 'unresolved', 'precision_posture': 'unresolved', 'comparability_posture': 'unresolved', 'summary_label': 'Unresolved time semantics', 'temporal_window_key': 'unresolved', 'temporal_window_label': 'Unresolved time window', 'time_start_bp': None, 'time_end_bp': None, 'time_mean_bp': None, 'duration_years': None, 'comparison_note': 'No chronology claim has been recovered yet for this sample row.', 'refusal_reason_code': '', 'provenance_path': '', 'provenance_locator': '', 'provenance_excerpt': '', 'original_labels': [], 'normalized_labels': [], 'uncertainty_notes': []}"
Sus scrofa domesticus,pig,PRJEB30282,prjeb30282:samea5160924,SAMEA5160924,,,,,,mixed_radiocarbon_and_archaeological_context,unresolved,unresolved,unresolved,keep the row unresolved until stronger chronology evidence exists,No chronology claim has been recovered yet for this sample row.,,,,"{'schema_version': 'temporal-semantics.v1', 'source_family': 'animal_adna', 'evidence_class': 'unresolved', 'precision_posture': 'unresolved', 'comparability_posture': 'unresolved', 'summary_label': 'Unresolved time semantics', 'temporal_window_key': 'unresolved', 'temporal_window_label': 'Unresolved time window', 'time_start_bp': None, 'time_end_bp': None, 'time_mean_bp': None, 'duration_years': None, 'comparison_note': 'No chronology claim has been recovered yet for this sample row.', 'refusal_reason_code': '', 'provenance_path': '', 'provenance_locator': '', 'provenance_excerpt': '', 'original_labels': [], 'normalized_labels': [], 'uncertainty_notes': []}"
Sus scrofa domesticus,pig,PRJEB30282,prjeb30282:samea5160925,SAMEA5160925,,,,,,mixed_radiocarbon_and_archaeological_context,unresolved,unresolved,unresolved,keep the row unresolved until stronger chronology evidence exists,No chronology claim has been recovered yet for this sample row.,,,,"{'schema_version': 'temporal-semantics.v1', 'source_family': 'animal_adna', 'evidence_class': 'unresolved', 'precision_posture': 'unresolved', 'comparability_posture': 'unresolved', 'summary_label': 'Unresolved time semantics', 'temporal_window_key': 'unresolved', 'temporal_window_label': 'Unresolved time window', 'time_start_bp': None, 'time_end_bp': None, 'time_mean_bp': None, 'duration_years': None, 'comparison_note': 'No chronology claim has been recovered yet for this sample row.', 'refusal_reason_code': '', 'provenance_path': '', 'provenance_locator': '', 'provenance_excerpt': '', 'original_labels': [], 'normalized_labels': [], 'uncertainty_notes': []}"
Sus scrofa domesticus,pig,PRJEB30282,prjeb30282:samea5160926,SAMEA5160926,,,,,,mixed_radiocarbon_and_archaeological_context,unresolved,unresolved,unresolved,keep the row unresolved until stronger chronology evidence exists,No chronology claim has been recovered yet for this sample row.,,,,"{'schema_version': 'temporal-semantics.v1', 'source_family': 'animal_adna', 'evidence_class': 'unresolved', 'precision_posture': 'unresolved', 'comparability_posture': 'unresolved', 'summary_label': 'Unresolved time semantics', 'temporal_window_key': 'unresolved', 'temporal_window_label': 'Unresolved time window', 'time_start_bp': None, 'time_end_bp': None, 'time_mean_bp': None, 'duration_years': None, 'comparison_note': 'No chronology claim has been recovered yet for this sample row.', 'refusal_reason_code': '', 'provenance_path': '', 'provenance_locator': '', 'provenance_excerpt': '', 'original_labels': [], 'normalized_labels': [], 'uncertainty_notes': []}"
Sus scrofa domesticus,pig,PRJEB30282,prjeb30282:samea5160927,SAMEA5160927,,,,,,mixed_radiocarbon_and_archaeological_context,unresolved,unresolved,unresolved,keep the row unresolved until stronger chronology evidence exists,No chronology claim has been recovered yet for this sample row.,,,,"{'schema_version': 'temporal-semantics.v1', 'source_family': 'animal_adna', 'evidence_class': 'unresolved', 'precision_posture': 'unresolved', 'comparability_posture': 'unresolved', 'summary_label': 'Unresolved time semantics', 'temporal_window_key': 'unresolved', 'temporal_window_label': 'Unresolved time window', 'time_start_bp': None, 'time_end_bp': None, 'time_mean_bp': None, 'duration_years': None, 'comparison_note': 'No chronology claim has been recovered yet for this sample row.', 'refusal_reason_code': '', 'provenance_path': '', 'provenance_locator': '', 'provenance_excerpt': '', 'original_labels': [], 'normalized_labels': [], 'uncertainty_notes': []}"
Sus scrofa domesticus,pig,PRJEB30282,prjeb30282:samea5160928,SAMEA5160928,,,,,,mixed_radiocarbon_and_archaeological_context,unresolved,unresolved,unresolved,keep the row unresolved until stronger chronology evidence exists,No chronology claim has been recovered yet for this sample row.,,,,"{'schema_version': 'temporal-semantics.v1', 'source_family': 'animal_adna', 'evidence_class': 'unresolved', 'precision_posture': 'unresolved', 'comparability_posture': 'unresolved', 'summary_label': 'Unresolved time semantics', 'temporal_window_key': 'unresolved', 'temporal_window_label': 'Unresolved time window', 'time_start_bp': None, 'time_end_bp': None, 'time_mean_bp': None, 'duration_years': None, 'comparison_note': 'No chronology claim has been recovered yet for this sample row.', 'refusal_reason_code': '', 'provenance_path': '', 'provenance_locator': '', 'provenance_excerpt': '', 'original_labels': [], 'normalized_labels': [], 'uncertainty_notes': []}"
Sus scrofa domesticus,pig,PRJEB30282,prjeb30282:samea5160929,SAMEA5160929,,,,,,mixed_radiocarbon_and_archaeological_context,unresolved,unresolved,unresolved,keep the row unresolved until stronger chronology evidence exists,No chronology claim has been recovered yet for this sample row.,,,,"{'schema_version': 'temporal-semantics.v1', 'source_family': 'animal_adna', 'evidence_class': 'unresolved', 'precision_posture': 'unresolved', 'comparability_posture': 'unresolved', 'summary_label': 'Unresolved time semantics', 'temporal_window_key': 'unresolved', 'temporal_window_label': 'Unresolved time window', 'time_start_bp': None, 'time_end_bp': None, 'time_mean_bp': None, 'duration_years': None, 'comparison_note': 'No chronology claim has been recovered yet for this sample row.', 'refusal_reason_code': '', 'provenance_path': '', 'provenance_locator': '', 'provenance_excerpt': '', 'original_labels': [], 'normalized_labels': [], 'uncertainty_notes': []}"
Sus scrofa domesticus,pig,PRJEB30282,prjeb30282:samea5160930,SAMEA5160930,,,,,,mixed_radiocarbon_and_archaeological_context,unresolved,unresolved,unresolved,keep the row unresolved until stronger chronology evidence exists,No chronology claim has been recovered yet for this sample row.,,,,"{'schema_version': 'temporal-semantics.v1', 'source_family': 'animal_adna', 'evidence_class': 'unresolved', 'precision_posture': 'unresolved', 'comparability_posture': 'unresolved', 'summary_label': 'Unresolved time semantics', 'temporal_window_key': 'unresolved', 'temporal_window_label': 'Unresolved time window', 'time_start_bp': None, 'time_end_bp': None, 'time_mean_bp': None, 'duration_years': None, 'comparison_note': 'No chronology claim has been recovered yet for this sample row.', 'refusal_reason_code': '', 'provenance_path': '', 'provenance_locator': '', 'provenance_excerpt': '', 'original_labels': [], 'normalized_labels': [], 'uncertainty_notes': []}"
Sus scrofa domesticus,pig,PRJEB30282,prjeb30282:samea5160931,SAMEA5160931,,,,,,mixed_radiocarbon_and_archaeological_context,unresolved,unresolved,unresolved,keep the row unresolved until stronger chronology evidence exists,No chronology claim has been recovered yet for this sample row.,,,,"{'schema_version': 'temporal-semantics.v1', 'source_family': 'animal_adna', 'evidence_class': 'unresolved', 'precision_posture': 'unresolved', 'comparability_posture': 'unresolved', 'summary_label': 'Unresolved time semantics', 'temporal_window_key': 'unresolved', 'temporal_window_label': 'Unresolved time window', 'time_start_bp': None, 'time_end_bp': None, 'time_mean_bp': None, 'duration_years': None, 'comparison_note': 'No chronology claim has been recovered yet for this sample row.', 'refusal_reason_code': '', 'provenance_path': '', 'provenance_locator': '', 'provenance_excerpt': '', 'original_labels': [], 'normalized_labels': [], 'uncertainty_notes': []}"
Sus scrofa domesticus,pig,PRJEB30282,prjeb30282:samea5160932,SAMEA5160932,,,,,,mixed_radiocarbon_and_archaeological_context,unresolved,unresolved,unresolved,keep the row unresolved until stronger chronology evidence exists,No chronology claim has been recovered yet for this sample row.,,,,"{'schema_version': 'temporal-semantics.v1', 'source_family': 'animal_adna', 'evidence_class': 'unresolved', 'precision_posture': 'unresolved', 'comparability_posture': 'unresolved', 'summary_label': 'Unresolved time semantics', 'temporal_window_key': 'unresolved', 'temporal_window_label': 'Unresolved time window', 'time_start_bp': None, 'time_end_bp': None, 'time_mean_bp': None, 'duration_years': None, 'comparison_note': 'No chronology claim has been recovered yet for this sample row.', 'refusal_reason_code': '', 'provenance_path': '', 'provenance_locator': '', 'provenance_excerpt': '', 'original_labels': [], 'normalized_labels': [], 'uncertainty_notes': []}"
Sus scrofa domesticus,pig,PRJEB30282,prjeb30282:samea5160933,SAMEA5160933,,,,,,mixed_radiocarbon_and_archaeological_context,unresolved,unresolved,unresolved,keep the row unresolved until stronger chronology evidence exists,No chronology claim has been recovered yet for this sample row.,,,,"{'schema_version': 'temporal-semantics.v1', 'source_family': 'animal_adna', 'evidence_class': 'unresolved', 'precision_posture': 'unresolved', 'comparability_posture': 'unresolved', 'summary_label': 'Unresolved time semantics', 'temporal_window_key': 'unresolved', 'temporal_window_label': 'Unresolved time window', 'time_start_bp': None, 'time_end_bp': None, 'time_mean_bp': None, 'duration_years': None, 'comparison_note': 'No chronology claim has been recovered yet for this sample row.', 'refusal_reason_code': '', 'provenance_path': '', 'provenance_locator': '', 'provenance_excerpt': '', 'original_labels': [], 'normalized_labels': [], 'uncertainty_notes': []}"
Sus scrofa domesticus,pig,PRJEB30282,prjeb30282:samea5160934,SAMEA5160934,,,,,,mixed_radiocarbon_and_archaeological_context,unresolved,unresolved,unresolved,keep the row unresolved until stronger chronology evidence exists,No chronology claim has been recovered yet for this sample row.,,,,"{'schema_version': 'temporal-semantics.v1', 'source_family': 'animal_adna', 'evidence_class': 'unresolved', 'precision_posture': 'unresolved', 'comparability_posture': 'unresolved', 'summary_label': 'Unresolved time semantics', 'temporal_window_key': 'unresolved', 'temporal_window_label': 'Unresolved time window', 'time_start_bp': None, 'time_end_bp': None, 'time_mean_bp': None, 'duration_years': None, 'comparison_note': 'No chronology claim has been recovered yet for this sample row.', 'refusal_reason_code': '', 'provenance_path': '', 'provenance_locator': '', 'provenance_excerpt': '', 'original_labels': [], 'normalized_labels': [], 'uncertainty_notes': []}"
Sus scrofa domesticus,pig,PRJEB30282,prjeb30282:samea5160935,SAMEA5160935,,,,,,mixed_radiocarbon_and_archaeological_context,unresolved,unresolved,unresolved,keep the row unresolved until stronger chronology evidence exists,No chronology claim has been recovered yet for this sample row.,,,,"{'schema_version': 'temporal-semantics.v1', 'source_family': 'animal_adna', 'evidence_class': 'unresolved', 'precision_posture': 'unresolved', 'comparability_posture': 'unresolved', 'summary_label': 'Unresolved time semantics', 'temporal_window_key': 'unresolved', 'temporal_window_label': 'Unresolved time window', 'time_start_bp': None, 'time_end_bp': None, 'time_mean_bp': None, 'duration_years': None, 'comparison_note': 'No chronology claim has been recovered yet for this sample row.', 'refusal_reason_code': '', 'provenance_path': '', 'provenance_locator': '', 'provenance_excerpt': '', 'original_labels': [], 'normalized_labels': [], 'uncertainty_notes': []}"
Sus scrofa domesticus,pig,PRJEB30282,prjeb30282:samea5160936,SAMEA5160936,,,,,,mixed_radiocarbon_and_archaeological_context,unresolved,unresolved,unresolved,keep the row unresolved until stronger chronology evidence exists,No chronology claim has been recovered yet for this sample row.,,,,"{'schema_version': 'temporal-semantics.v1', 'source_family': 'animal_adna', 'evidence_class': 'unresolved', 'precision_posture': 'unresolved', 'comparability_posture': 'unresolved', 'summary_label': 'Unresolved time semantics', 'temporal_window_key': 'unresolved', 'temporal_window_label': 'Unresolved time window', 'time_start_bp': None, 'time_end_bp': None, 'time_mean_bp': None, 'duration_years': None, 'comparison_note': 'No chronology claim has been recovered yet for this sample row.', 'refusal_reason_code': '', 'provenance_path': '', 'provenance_locator': '', 'provenance_excerpt': '', 'original_labels': [], 'normalized_labels': [], 'uncertainty_notes': []}"
Sus scrofa domesticus,pig,PRJEB30282,prjeb30282:samea5160937,SAMEA5160937,,,,,,mixed_radiocarbon_and_archaeological_context,unresolved,unresolved,unresolved,keep the row unresolved until stronger chronology evidence exists,No chronology claim has been recovered yet for this sample row.,,,,"{'schema_version': 'temporal-semantics.v1', 'source_family': 'animal_adna', 'evidence_class': 'unresolved', 'precision_posture': 'unresolved', 'comparability_posture': 'unresolved', 'summary_label': 'Unresolved time semantics', 'temporal_window_key': 'unresolved', 'temporal_window_label': 'Unresolved time window', 'time_start_bp': None, 'time_end_bp': None, 'time_mean_bp': None, 'duration_years': None, 'comparison_note': 'No chronology claim has been recovered yet for this sample row.', 'refusal_reason_code': '', 'provenance_path': '', 'provenance_locator': '', 'provenance_excerpt': '', 'original_labels': [], 'normalized_labels': [], 'uncertainty_notes': []}"
Sus scrofa domesticus,pig,PRJEB30282,prjeb30282:samea5160938,SAMEA5160938,,,,,,mixed_radiocarbon_and_archaeological_context,unresolved,unresolved,unresolved,keep the row unresolved until stronger chronology evidence exists,No chronology claim has been recovered yet for this sample row.,,,,"{'schema_version': 'temporal-semantics.v1', 'source_family': 'animal_adna', 'evidence_class': 'unresolved', 'precision_posture': 'unresolved', 'comparability_posture': 'unresolved', 'summary_label': 'Unresolved time semantics', 'temporal_window_key': 'unresolved', 'temporal_window_label': 'Unresolved time window', 'time_start_bp': None, 'time_end_bp': None, 'time_mean_bp': None, 'duration_years': None, 'comparison_note': 'No chronology claim has been recovered yet for this sample row.', 'refusal_reason_code': '', 'provenance_path': '', 'provenance_locator': '', 'provenance_excerpt': '', 'original_labels': [], 'normalized_labels': [], 'uncertainty_notes': []}"
Sus scrofa domesticus,pig,PRJEB30282,prjeb30282:samea5160939,SAMEA5160939,,,,,,mixed_radiocarbon_and_archaeological_context,unresolved,unresolved,unresolved,keep the row unresolved until stronger chronology evidence exists,No chronology claim has been recovered yet for this sample row.,,,,"{'schema_version': 'temporal-semantics.v1', 'source_family': 'animal_adna', 'evidence_class': 'unresolved', 'precision_posture': 'unresolved', 'comparability_posture': 'unresolved', 'summary_label': 'Unresolved time semantics', 'temporal_window_key': 'unresolved', 'temporal_window_label': 'Unresolved time window', 'time_start_bp': None, 'time_end_bp': None, 'time_mean_bp': None, 'duration_years': None, 'comparison_note': 'No chronology claim has been recovered yet for this sample row.', 'refusal_reason_code': '', 'provenance_path': '', 'provenance_locator': '', 'provenance_excerpt': '', 'original_labels': [], 'normalized_labels': [], 'uncertainty_notes': []}"
Sus scrofa domesticus,pig,PRJEB30282,prjeb30282:samea5160940,SAMEA5160940,,,,,,mixed_radiocarbon_and_archaeological_context,unresolved,unresolved,unresolved,keep the row unresolved until stronger chronology evidence exists,No chronology claim has been recovered yet for this sample row.,,,,"{'schema_version': 'temporal-semantics.v1', 'source_family': 'animal_adna', 'evidence_class': 'unresolved', 'precision_posture': 'unresolved', 'comparability_posture': 'unresolved', 'summary_label': 'Unresolved time semantics', 'temporal_window_key': 'unresolved', 'temporal_window_label': 'Unresolved time window', 'time_start_bp': None, 'time_end_bp': None, 'time_mean_bp': None, 'duration_years': None, 'comparison_note': 'No chronology claim has been recovered yet for this sample row.', 'refusal_reason_code': '', 'provenance_path': '', 'provenance_locator': '', 'provenance_excerpt': '', 'original_labels': [], 'normalized_labels': [], 'uncertainty_notes': []}"
Sus scrofa domesticus,pig,PRJEB30282,prjeb30282:samea5160941,SAMEA5160941,,,,,,mixed_radiocarbon_and_archaeological_context,unresolved,unresolved,unresolved,keep the row unresolved until stronger chronology evidence exists,No chronology claim has been recovered yet for this sample row.,,,,"{'schema_version': 'temporal-semantics.v1', 'source_family': 'animal_adna', 'evidence_class': 'unresolved', 'precision_posture': 'unresolved', 'comparability_posture': 'unresolved', 'summary_label': 'Unresolved time semantics', 'temporal_window_key': 'unresolved', 'temporal_window_label': 'Unresolved time window', 'time_start_bp': None, 'time_end_bp': None, 'time_mean_bp': None, 'duration_years': None, 'comparison_note': 'No chronology claim has been recovered yet for this sample row.', 'refusal_reason_code': '', 'provenance_path': '', 'provenance_locator': '', 'provenance_excerpt': '', 'original_labels': [], 'normalized_labels': [], 'uncertainty_notes': []}"
Sus scrofa domesticus,pig,PRJEB30282,prjeb30282:samea5160942,SAMEA5160942,,,,,,mixed_radiocarbon_and_archaeological_context,unresolved,unresolved,unresolved,keep the row unresolved until stronger chronology evidence exists,No chronology claim has been recovered yet for this sample row.,,,,"{'schema_version': 'temporal-semantics.v1', 'source_family': 'animal_adna', 'evidence_class': 'unresolved', 'precision_posture': 'unresolved', 'comparability_posture': 'unresolved', 'summary_label': 'Unresolved time semantics', 'temporal_window_key': 'unresolved', 'temporal_window_label': 'Unresolved time window', 'time_start_bp': None, 'time_end_bp': None, 'time_mean_bp': None, 'duration_years': None, 'comparison_note': 'No chronology claim has been recovered yet for this sample row.', 'refusal_reason_code': '', 'provenance_path': '', 'provenance_locator': '', 'provenance_excerpt': '', 'original_labels': [], 'normalized_labels': [], 'uncertainty_notes': []}"
Sus scrofa domesticus,pig,PRJEB30282,prjeb30282:samea5160943,SAMEA5160943,,,,,,mixed_radiocarbon_and_archaeological_context,unresolved,unresolved,unresolved,keep the row unresolved until stronger chronology evidence exists,No chronology claim has been recovered yet for this sample row.,,,,"{'schema_version': 'temporal-semantics.v1', 'source_family': 'animal_adna', 'evidence_class': 'unresolved', 'precision_posture': 'unresolved', 'comparability_posture': 'unresolved', 'summary_label': 'Unresolved time semantics', 'temporal_window_key': 'unresolved', 'temporal_window_label': 'Unresolved time window', 'time_start_bp': None, 'time_end_bp': None, 'time_mean_bp': None, 'duration_years': None, 'comparison_note': 'No chronology claim has been recovered yet for this sample row.', 'refusal_reason_code': '', 'provenance_path': '', 'provenance_locator': '', 'provenance_excerpt': '', 'original_labels': [], 'normalized_labels': [], 'uncertainty_notes': []}"
Sus scrofa domesticus,pig,PRJEB30282,prjeb30282:samea5160944,SAMEA5160944,,,,,,mixed_radiocarbon_and_archaeological_context,unresolved,unresolved,unresolved,keep the row unresolved until stronger chronology evidence exists,No chronology claim has been recovered yet for this sample row.,,,,"{'schema_version': 'temporal-semantics.v1', 'source_family': 'animal_adna', 'evidence_class': 'unresolved', 'precision_posture': 'unresolved', 'comparability_posture': 'unresolved', 'summary_label': 'Unresolved time semantics', 'temporal_window_key': 'unresolved', 'temporal_window_label': 'Unresolved time window', 'time_start_bp': None, 'time_end_bp': None, 'time_mean_bp': None, 'duration_years': None, 'comparison_note': 'No chronology claim has been recovered yet for this sample row.', 'refusal_reason_code': '', 'provenance_path': '', 'provenance_locator': '', 'provenance_excerpt': '', 'original_labels': [], 'normalized_labels': [], 'uncertainty_notes': []}"
Sus scrofa domesticus,pig,PRJEB30282,prjeb30282:samea5160945,SAMEA5160945,,,,,,mixed_radiocarbon_and_archaeological_context,unresolved,unresolved,unresolved,keep the row unresolved until stronger chronology evidence exists,No chronology claim has been recovered yet for this sample row.,,,,"{'schema_version': 'temporal-semantics.v1', 'source_family': 'animal_adna', 'evidence_class': 'unresolved', 'precision_posture': 'unresolved', 'comparability_posture': 'unresolved', 'summary_label': 'Unresolved time semantics', 'temporal_window_key': 'unresolved', 'temporal_window_label': 'Unresolved time window', 'time_start_bp': None, 'time_end_bp': None, 'time_mean_bp': None, 'duration_years': None, 'comparison_note': 'No chronology claim has been recovered yet for this sample row.', 'refusal_reason_code': '', 'provenance_path': '', 'provenance_locator': '', 'provenance_excerpt': '', 'original_labels': [], 'normalized_labels': [], 'uncertainty_notes': []}"
Sus scrofa domesticus,pig,PRJEB30282,prjeb30282:samea5160946,SAMEA5160946,,,,,,mixed_radiocarbon_and_archaeological_context,unresolved,unresolved,unresolved,keep the row unresolved until stronger chronology evidence exists,No chronology claim has been recovered yet for this sample row.,,,,"{'schema_version': 'temporal-semantics.v1', 'source_family': 'animal_adna', 'evidence_class': 'unresolved', 'precision_posture': 'unresolved', 'comparability_posture': 'unresolved', 'summary_label': 'Unresolved time semantics', 'temporal_window_key': 'unresolved', 'temporal_window_label': 'Unresolved time window', 'time_start_bp': None, 'time_end_bp': None, 'time_mean_bp': None, 'duration_years': None, 'comparison_note': 'No chronology claim has been recovered yet for this sample row.', 'refusal_reason_code': '', 'provenance_path': '', 'provenance_locator': '', 'provenance_excerpt': '', 'original_labels': [], 'normalized_labels': [], 'uncertainty_notes': []}"
Sus scrofa domesticus,pig,PRJEB30282,prjeb30282:samea5160947,SAMEA5160947,,,,,,mixed_radiocarbon_and_archaeological_context,unresolved,unresolved,unresolved,keep the row unresolved until stronger chronology evidence exists,No chronology claim has been recovered yet for this sample row.,,,,"{'schema_version': 'temporal-semantics.v1', 'source_family': 'animal_adna', 'evidence_class': 'unresolved', 'precision_posture': 'unresolved', 'comparability_posture': 'unresolved', 'summary_label': 'Unresolved time semantics', 'temporal_window_key': 'unresolved', 'temporal_window_label': 'Unresolved time window', 'time_start_bp': None, 'time_end_bp': None, 'time_mean_bp': None, 'duration_years': None, 'comparison_note': 'No chronology claim has been recovered yet for this sample row.', 'refusal_reason_code': '', 'provenance_path': '', 'provenance_locator': '', 'provenance_excerpt': '', 'original_labels': [], 'normalized_labels': [], 'uncertainty_notes': []}"
Sus scrofa domesticus,pig,PRJEB30282,prjeb30282:samea5160948,SAMEA5160948,,,,,,mixed_radiocarbon_and_archaeological_context,unresolved,unresolved,unresolved,keep the row unresolved until stronger chronology evidence exists,No chronology claim has been recovered yet for this sample row.,,,,"{'schema_version': 'temporal-semantics.v1', 'source_family': 'animal_adna', 'evidence_class': 'unresolved', 'precision_posture': 'unresolved', 'comparability_posture': 'unresolved', 'summary_label': 'Unresolved time semantics', 'temporal_window_key': 'unresolved', 'temporal_window_label': 'Unresolved time window', 'time_start_bp': None, 'time_end_bp': None, 'time_mean_bp': None, 'duration_years': None, 'comparison_note': 'No chronology claim has been recovered yet for this sample row.', 'refusal_reason_code': '', 'provenance_path': '', 'provenance_locator': '', 'provenance_excerpt': '', 'original_labels': [], 'normalized_labels': [], 'uncertainty_notes': []}"
Sus scrofa domesticus,pig,PRJEB30282,prjeb30282:samea5160949,SAMEA5160949,,,,,,mixed_radiocarbon_and_archaeological_context,unresolved,unresolved,unresolved,keep the row unresolved until stronger chronology evidence exists,No chronology claim has been recovered yet for this sample row.,,,,"{'schema_version': 'temporal-semantics.v1', 'source_family': 'animal_adna', 'evidence_class': 'unresolved', 'precision_posture': 'unresolved', 'comparability_posture': 'unresolved', 'summary_label': 'Unresolved time semantics', 'temporal_window_key': 'unresolved', 'temporal_window_label': 'Unresolved time window', 'time_start_bp': None, 'time_end_bp': None, 'time_mean_bp': None, 'duration_years': None, 'comparison_note': 'No chronology claim has been recovered yet for this sample row.', 'refusal_reason_code': '', 'provenance_path': '', 'provenance_locator': '', 'provenance_excerpt': '', 'original_labels': [], 'normalized_labels': [], 'uncertainty_notes': []}"
Sus scrofa domesticus,pig,PRJEB30282,prjeb30282:samea5160950,SAMEA5160950,,,,,,mixed_radiocarbon_and_archaeological_context,unresolved,unresolved,unresolved,keep the row unresolved until stronger chronology evidence exists,No chronology claim has been recovered yet for this sample row.,,,,"{'schema_version': 'temporal-semantics.v1', 'source_family': 'animal_adna', 'evidence_class': 'unresolved', 'precision_posture': 'unresolved', 'comparability_posture': 'unresolved', 'summary_label': 'Unresolved time semantics', 'temporal_window_key': 'unresolved', 'temporal_window_label': 'Unresolved time window', 'time_start_bp': None, 'time_end_bp': None, 'time_mean_bp': None, 'duration_years': None, 'comparison_note': 'No chronology claim has been recovered yet for this sample row.', 'refusal_reason_code': '', 'provenance_path': '', 'provenance_locator': '', 'provenance_excerpt': '', 'original_labels': [], 'normalized_labels': [], 'uncertainty_notes': []}"
Sus scrofa domesticus,pig,PRJEB30282,prjeb30282:samea5160951,SAMEA5160951,,,,,,mixed_radiocarbon_and_archaeological_context,unresolved,unresolved,unresolved,keep the row unresolved until stronger chronology evidence exists,No chronology claim has been recovered yet for this sample row.,,,,"{'schema_version': 'temporal-semantics.v1', 'source_family': 'animal_adna', 'evidence_class': 'unresolved', 'precision_posture': 'unresolved', 'comparability_posture': 'unresolved', 'summary_label': 'Unresolved time semantics', 'temporal_window_key': 'unresolved', 'temporal_window_label': 'Unresolved time window', 'time_start_bp': None, 'time_end_bp': None, 'time_mean_bp': None, 'duration_years': None, 'comparison_note': 'No chronology claim has been recovered yet for this sample row.', 'refusal_reason_code': '', 'provenance_path': '', 'provenance_locator': '', 'provenance_excerpt': '', 'original_labels': [], 'normalized_labels': [], 'uncertainty_notes': []}"
Sus scrofa domesticus,pig,PRJEB30282,prjeb30282:samea5160952,SAMEA5160952,,,,,,mixed_radiocarbon_and_archaeological_context,unresolved,unresolved,unresolved,keep the row unresolved until stronger chronology evidence exists,No chronology claim has been recovered yet for this sample row.,,,,"{'schema_version': 'temporal-semantics.v1', 'source_family': 'animal_adna', 'evidence_class': 'unresolved', 'precision_posture': 'unresolved', 'comparability_posture': 'unresolved', 'summary_label': 'Unresolved time semantics', 'temporal_window_key': 'unresolved', 'temporal_window_label': 'Unresolved time window', 'time_start_bp': None, 'time_end_bp': None, 'time_mean_bp': None, 'duration_years': None, 'comparison_note': 'No chronology claim has been recovered yet for this sample row.', 'refusal_reason_code': '', 'provenance_path': '', 'provenance_locator': '', 'provenance_excerpt': '', 'original_labels': [], 'normalized_labels': [], 'uncertainty_notes': []}"
Sus scrofa domesticus,pig,PRJEB30282,prjeb30282:samea5160953,SAMEA5160953,,,,,,mixed_radiocarbon_and_archaeological_context,unresolved,unresolved,unresolved,keep the row unresolved until stronger chronology evidence exists,No chronology claim has been recovered yet for this sample row.,,,,"{'schema_version': 'temporal-semantics.v1', 'source_family': 'animal_adna', 'evidence_class': 'unresolved', 'precision_posture': 'unresolved', 'comparability_posture': 'unresolved', 'summary_label': 'Unresolved time semantics', 'temporal_window_key': 'unresolved', 'temporal_window_label': 'Unresolved time window', 'time_start_bp': None, 'time_end_bp': None, 'time_mean_bp': None, 'duration_years': None, 'comparison_note': 'No chronology claim has been recovered yet for this sample row.', 'refusal_reason_code': '', 'provenance_path': '', 'provenance_locator': '', 'provenance_excerpt': '', 'original_labels': [], 'normalized_labels': [], 'uncertainty_notes': []}"
Sus scrofa domesticus,pig,PRJEB30282,prjeb30282:samea5160954,SAMEA5160954,,,,,,mixed_radiocarbon_and_archaeological_context,unresolved,unresolved,unresolved,keep the row unresolved until stronger chronology evidence exists,No chronology claim has been recovered yet for this sample row.,,,,"{'schema_version': 'temporal-semantics.v1', 'source_family': 'animal_adna', 'evidence_class': 'unresolved', 'precision_posture': 'unresolved', 'comparability_posture': 'unresolved', 'summary_label': 'Unresolved time semantics', 'temporal_window_key': 'unresolved', 'temporal_window_label': 'Unresolved time window', 'time_start_bp': None, 'time_end_bp': None, 'time_mean_bp': None, 'duration_years': None, 'comparison_note': 'No chronology claim has been recovered yet for this sample row.', 'refusal_reason_code': '', 'provenance_path': '', 'provenance_locator': '', 'provenance_excerpt': '', 'original_labels': [], 'normalized_labels': [], 'uncertainty_notes': []}"
Sus scrofa domesticus,pig,PRJEB30282,prjeb30282:samea5160955,SAMEA5160955,,,,,,mixed_radiocarbon_and_archaeological_context,unresolved,unresolved,unresolved,keep the row unresolved until stronger chronology evidence exists,No chronology claim has been recovered yet for this sample row.,,,,"{'schema_version': 'temporal-semantics.v1', 'source_family': 'animal_adna', 'evidence_class': 'unresolved', 'precision_posture': 'unresolved', 'comparability_posture': 'unresolved', 'summary_label': 'Unresolved time semantics', 'temporal_window_key': 'unresolved', 'temporal_window_label': 'Unresolved time window', 'time_start_bp': None, 'time_end_bp': None, 'time_mean_bp': None, 'duration_years': None, 'comparison_note': 'No chronology claim has been recovered yet for this sample row.', 'refusal_reason_code': '', 'provenance_path': '', 'provenance_locator': '', 'provenance_excerpt': '', 'original_labels': [], 'normalized_labels': [], 'uncertainty_notes': []}"
Sus scrofa domesticus,pig,PRJEB30282,prjeb30282:samea5160956,SAMEA5160956,,,,,,mixed_radiocarbon_and_archaeological_context,unresolved,unresolved,unresolved,keep the row unresolved until stronger chronology evidence exists,No chronology claim has been recovered yet for this sample row.,,,,"{'schema_version': 'temporal-semantics.v1', 'source_family': 'animal_adna', 'evidence_class': 'unresolved', 'precision_posture': 'unresolved', 'comparability_posture': 'unresolved', 'summary_label': 'Unresolved time semantics', 'temporal_window_key': 'unresolved', 'temporal_window_label': 'Unresolved time window', 'time_start_bp': None, 'time_end_bp': None, 'time_mean_bp': None, 'duration_years': None, 'comparison_note': 'No chronology claim has been recovered yet for this sample row.', 'refusal_reason_code': '', 'provenance_path': '', 'provenance_locator': '', 'provenance_excerpt': '', 'original_labels': [], 'normalized_labels': [], 'uncertainty_notes': []}"
Sus scrofa domesticus,pig,PRJEB30282,prjeb30282:samea5160957,SAMEA5160957,,,,,,mixed_radiocarbon_and_archaeological_context,unresolved,unresolved,unresolved,keep the row unresolved until stronger chronology evidence exists,No chronology claim has been recovered yet for this sample row.,,,,"{'schema_version': 'temporal-semantics.v1', 'source_family': 'animal_adna', 'evidence_class': 'unresolved', 'precision_posture': 'unresolved', 'comparability_posture': 'unresolved', 'summary_label': 'Unresolved time semantics', 'temporal_window_key': 'unresolved', 'temporal_window_label': 'Unresolved time window', 'time_start_bp': None, 'time_end_bp': None, 'time_mean_bp': None, 'duration_years': None, 'comparison_note': 'No chronology claim has been recovered yet for this sample row.', 'refusal_reason_code': '', 'provenance_path': '', 'provenance_locator': '', 'provenance_excerpt': '', 'original_labels': [], 'normalized_labels': [], 'uncertainty_notes': []}"
Sus scrofa domesticus,pig,PRJEB30282,prjeb30282:samea5160958,SAMEA5160958,,,,,,mixed_radiocarbon_and_archaeological_context,unresolved,unresolved,unresolved,keep the row unresolved until stronger chronology evidence exists,No chronology claim has been recovered yet for this sample row.,,,,"{'schema_version': 'temporal-semantics.v1', 'source_family': 'animal_adna', 'evidence_class': 'unresolved', 'precision_posture': 'unresolved', 'comparability_posture': 'unresolved', 'summary_label': 'Unresolved time semantics', 'temporal_window_key': 'unresolved', 'temporal_window_label': 'Unresolved time window', 'time_start_bp': None, 'time_end_bp': None, 'time_mean_bp': None, 'duration_years': None, 'comparison_note': 'No chronology claim has been recovered yet for this sample row.', 'refusal_reason_code': '', 'provenance_path': '', 'provenance_locator': '', 'provenance_excerpt': '', 'original_labels': [], 'normalized_labels': [], 'uncertainty_notes': []}"
Sus scrofa domesticus,pig,PRJEB30282,prjeb30282:samea5160959,SAMEA5160959,,,,,,mixed_radiocarbon_and_archaeological_context,unresolved,unresolved,unresolved,keep the row unresolved until stronger chronology evidence exists,No chronology claim has been recovered yet for this sample row.,,,,"{'schema_version': 'temporal-semantics.v1', 'source_family': 'animal_adna', 'evidence_class': 'unresolved', 'precision_posture': 'unresolved', 'comparability_posture': 'unresolved', 'summary_label': 'Unresolved time semantics', 'temporal_window_key': 'unresolved', 'temporal_window_label': 'Unresolved time window', 'time_start_bp': None, 'time_end_bp': None, 'time_mean_bp': None, 'duration_years': None, 'comparison_note': 'No chronology claim has been recovered yet for this sample row.', 'refusal_reason_code': '', 'provenance_path': '', 'provenance_locator': '', 'provenance_excerpt': '', 'original_labels': [], 'normalized_labels': [], 'uncertainty_notes': []}"
Sus scrofa domesticus,pig,PRJEB30282,prjeb30282:samea5160960,SAMEA5160960,,,,,,mixed_radiocarbon_and_archaeological_context,unresolved,unresolved,unresolved,keep the row unresolved until stronger chronology evidence exists,No chronology claim has been recovered yet for this sample row.,,,,"{'schema_version': 'temporal-semantics.v1', 'source_family': 'animal_adna', 'evidence_class': 'unresolved', 'precision_posture': 'unresolved', 'comparability_posture': 'unresolved', 'summary_label': 'Unresolved time semantics', 'temporal_window_key': 'unresolved', 'temporal_window_label': 'Unresolved time window', 'time_start_bp': None, 'time_end_bp': None, 'time_mean_bp': None, 'duration_years': None, 'comparison_note': 'No chronology claim has been recovered yet for this sample row.', 'refusal_reason_code': '', 'provenance_path': '', 'provenance_locator': '', 'provenance_excerpt': '', 'original_labels': [], 'normalized_labels': [], 'uncertainty_notes': []}"
Sus scrofa domesticus,pig,PRJEB30282,prjeb30282:samea5160961,SAMEA5160961,,,,,,mixed_radiocarbon_and_archaeological_context,unresolved,unresolved,unresolved,keep the row unresolved until stronger chronology evidence exists,No chronology claim has been recovered yet for this sample row.,,,,"{'schema_version': 'temporal-semantics.v1', 'source_family': 'animal_adna', 'evidence_class': 'unresolved', 'precision_posture': 'unresolved', 'comparability_posture': 'unresolved', 'summary_label': 'Unresolved time semantics', 'temporal_window_key': 'unresolved', 'temporal_window_label': 'Unresolved time window', 'time_start_bp': None, 'time_end_bp': None, 'time_mean_bp': None, 'duration_years': None, 'comparison_note': 'No chronology claim has been recovered yet for this sample row.', 'refusal_reason_code': '', 'provenance_path': '', 'provenance_locator': '', 'provenance_excerpt': '', 'original_labels': [], 'normalized_labels': [], 'uncertainty_notes': []}"
Sus scrofa domesticus,pig,PRJEB30282,prjeb30282:samea5160962,SAMEA5160962,,,,,,mixed_radiocarbon_and_archaeological_context,unresolved,unresolved,unresolved,keep the row unresolved until stronger chronology evidence exists,No chronology claim has been recovered yet for this sample row.,,,,"{'schema_version': 'temporal-semantics.v1', 'source_family': 'animal_adna', 'evidence_class': 'unresolved', 'precision_posture': 'unresolved', 'comparability_posture': 'unresolved', 'summary_label': 'Unresolved time semantics', 'temporal_window_key': 'unresolved', 'temporal_window_label': 'Unresolved time window', 'time_start_bp': None, 'time_end_bp': None, 'time_mean_bp': None, 'duration_years': None, 'comparison_note': 'No chronology claim has been recovered yet for this sample row.', 'refusal_reason_code': '', 'provenance_path': '', 'provenance_locator': '', 'provenance_excerpt': '', 'original_labels': [], 'normalized_labels': [], 'uncertainty_notes': []}"
Sus scrofa domesticus,pig,PRJEB30282,prjeb30282:samea5160963,SAMEA5160963,,,,,,mixed_radiocarbon_and_archaeological_context,unresolved,unresolved,unresolved,keep the row unresolved until stronger chronology evidence exists,No chronology claim has been recovered yet for this sample row.,,,,"{'schema_version': 'temporal-semantics.v1', 'source_family': 'animal_adna', 'evidence_class': 'unresolved', 'precision_posture': 'unresolved', 'comparability_posture': 'unresolved', 'summary_label': 'Unresolved time semantics', 'temporal_window_key': 'unresolved', 'temporal_window_label': 'Unresolved time window', 'time_start_bp': None, 'time_end_bp': None, 'time_mean_bp': None, 'duration_years': None, 'comparison_note': 'No chronology claim has been recovered yet for this sample row.', 'refusal_reason_code': '', 'provenance_path': '', 'provenance_locator': '', 'provenance_excerpt': '', 'original_labels': [], 'normalized_labels': [], 'uncertainty_notes': []}"
Sus scrofa domesticus,pig,PRJEB30282,prjeb30282:samea5160964,SAMEA5160964,,,,,,mixed_radiocarbon_and_archaeological_context,unresolved,unresolved,unresolved,keep the row unresolved until stronger chronology evidence exists,No chronology claim has been recovered yet for this sample row.,,,,"{'schema_version': 'temporal-semantics.v1', 'source_family': 'animal_adna', 'evidence_class': 'unresolved', 'precision_posture': 'unresolved', 'comparability_posture': 'unresolved', 'summary_label': 'Unresolved time semantics', 'temporal_window_key': 'unresolved', 'temporal_window_label': 'Unresolved time window', 'time_start_bp': None, 'time_end_bp': None, 'time_mean_bp': None, 'duration_years': None, 'comparison_note': 'No chronology claim has been recovered yet for this sample row.', 'refusal_reason_code': '', 'provenance_path': '', 'provenance_locator': '', 'provenance_excerpt': '', 'original_labels': [], 'normalized_labels': [], 'uncertainty_notes': []}"
Sus scrofa domesticus,pig,PRJEB30282,prjeb30282:samea5160965,SAMEA5160965,,,,,,mixed_radiocarbon_and_archaeological_context,unresolved,unresolved,unresolved,keep the row unresolved until stronger chronology evidence exists,No chronology claim has been recovered yet for this sample row.,,,,"{'schema_version': 'temporal-semantics.v1', 'source_family': 'animal_adna', 'evidence_class': 'unresolved', 'precision_posture': 'unresolved', 'comparability_posture': 'unresolved', 'summary_label': 'Unresolved time semantics', 'temporal_window_key': 'unresolved', 'temporal_window_label': 'Unresolved time window', 'time_start_bp': None, 'time_end_bp': None, 'time_mean_bp': None, 'duration_years': None, 'comparison_note': 'No chronology claim has been recovered yet for this sample row.', 'refusal_reason_code': '', 'provenance_path': '', 'provenance_locator': '', 'provenance_excerpt': '', 'original_labels': [], 'normalized_labels': [], 'uncertainty_notes': []}"
Sus scrofa domesticus,pig,PRJEB30282,prjeb30282:samea5160966,SAMEA5160966,,,,,,mixed_radiocarbon_and_archaeological_context,unresolved,unresolved,unresolved,keep the row unresolved until stronger chronology evidence exists,No chronology claim has been recovered yet for this sample row.,,,,"{'schema_version': 'temporal-semantics.v1', 'source_family': 'animal_adna', 'evidence_class': 'unresolved', 'precision_posture': 'unresolved', 'comparability_posture': 'unresolved', 'summary_label': 'Unresolved time semantics', 'temporal_window_key': 'unresolved', 'temporal_window_label': 'Unresolved time window', 'time_start_bp': None, 'time_end_bp': None, 'time_mean_bp': None, 'duration_years': None, 'comparison_note': 'No chronology claim has been recovered yet for this sample row.', 'refusal_reason_code': '', 'provenance_path': '', 'provenance_locator': '', 'provenance_excerpt': '', 'original_labels': [], 'normalized_labels': [], 'uncertainty_notes': []}"
Sus scrofa domesticus,pig,PRJEB30282,prjeb30282:samea5160967,SAMEA5160967,,,,,,mixed_radiocarbon_and_archaeological_context,unresolved,unresolved,unresolved,keep the row unresolved until stronger chronology evidence exists,No chronology claim has been recovered yet for this sample row.,,,,"{'schema_version': 'temporal-semantics.v1', 'source_family': 'animal_adna', 'evidence_class': 'unresolved', 'precision_posture': 'unresolved', 'comparability_posture': 'unresolved', 'summary_label': 'Unresolved time semantics', 'temporal_window_key': 'unresolved', 'temporal_window_label': 'Unresolved time window', 'time_start_bp': None, 'time_end_bp': None, 'time_mean_bp': None, 'duration_years': None, 'comparison_note': 'No chronology claim has been recovered yet for this sample row.', 'refusal_reason_code': '', 'provenance_path': '', 'provenance_locator': '', 'provenance_excerpt': '', 'original_labels': [], 'normalized_labels': [], 'uncertainty_notes': []}"
Sus scrofa domesticus,pig,PRJEB30282,prjeb30282:samea5160968,SAMEA5160968,,,,,,mixed_radiocarbon_and_archaeological_context,unresolved,unresolved,unresolved,keep the row unresolved until stronger chronology evidence exists,No chronology claim has been recovered yet for this sample row.,,,,"{'schema_version': 'temporal-semantics.v1', 'source_family': 'animal_adna', 'evidence_class': 'unresolved', 'precision_posture': 'unresolved', 'comparability_posture': 'unresolved', 'summary_label': 'Unresolved time semantics', 'temporal_window_key': 'unresolved', 'temporal_window_label': 'Unresolved time window', 'time_start_bp': None, 'time_end_bp': None, 'time_mean_bp': None, 'duration_years': None, 'comparison_note': 'No chronology claim has been recovered yet for this sample row.', 'refusal_reason_code': '', 'provenance_path': '', 'provenance_locator': '', 'provenance_excerpt': '', 'original_labels': [], 'normalized_labels': [], 'uncertainty_notes': []}"
Sus scrofa domesticus,pig,PRJEB30282,prjeb30282:samea5160969,SAMEA5160969,,,,,,mixed_radiocarbon_and_archaeological_context,unresolved,unresolved,unresolved,keep the row unresolved until stronger chronology evidence exists,No chronology claim has been recovered yet for this sample row.,,,,"{'schema_version': 'temporal-semantics.v1', 'source_family': 'animal_adna', 'evidence_class': 'unresolved', 'precision_posture': 'unresolved', 'comparability_posture': 'unresolved', 'summary_label': 'Unresolved time semantics', 'temporal_window_key': 'unresolved', 'temporal_window_label': 'Unresolved time window', 'time_start_bp': None, 'time_end_bp': None, 'time_mean_bp': None, 'duration_years': None, 'comparison_note': 'No chronology claim has been recovered yet for this sample row.', 'refusal_reason_code': '', 'provenance_path': '', 'provenance_locator': '', 'provenance_excerpt': '', 'original_labels': [], 'normalized_labels': [], 'uncertainty_notes': []}"
Sus scrofa domesticus,pig,PRJEB30282,prjeb30282:samea5160970,SAMEA5160970,,,,,,mixed_radiocarbon_and_archaeological_context,unresolved,unresolved,unresolved,keep the row unresolved until stronger chronology evidence exists,No chronology claim has been recovered yet for this sample row.,,,,"{'schema_version': 'temporal-semantics.v1', 'source_family': 'animal_adna', 'evidence_class': 'unresolved', 'precision_posture': 'unresolved', 'comparability_posture': 'unresolved', 'summary_label': 'Unresolved time semantics', 'temporal_window_key': 'unresolved', 'temporal_window_label': 'Unresolved time window', 'time_start_bp': None, 'time_end_bp': None, 'time_mean_bp': None, 'duration_years': None, 'comparison_note': 'No chronology claim has been recovered yet for this sample row.', 'refusal_reason_code': '', 'provenance_path': '', 'provenance_locator': '', 'provenance_excerpt': '', 'original_labels': [], 'normalized_labels': [], 'uncertainty_notes': []}"
Sus scrofa domesticus,pig,PRJEB30282,prjeb30282:samea5160971,SAMEA5160971,,,,,,mixed_radiocarbon_and_archaeological_context,unresolved,unresolved,unresolved,keep the row unresolved until stronger chronology evidence exists,No chronology claim has been recovered yet for this sample row.,,,,"{'schema_version': 'temporal-semantics.v1', 'source_family': 'animal_adna', 'evidence_class': 'unresolved', 'precision_posture': 'unresolved', 'comparability_posture': 'unresolved', 'summary_label': 'Unresolved time semantics', 'temporal_window_key': 'unresolved', 'temporal_window_label': 'Unresolved time window', 'time_start_bp': None, 'time_end_bp': None, 'time_mean_bp': None, 'duration_years': None, 'comparison_note': 'No chronology claim has been recovered yet for this sample row.', 'refusal_reason_code': '', 'provenance_path': '', 'provenance_locator': '', 'provenance_excerpt': '', 'original_labels': [], 'normalized_labels': [], 'uncertainty_notes': []}"
Sus scrofa domesticus,pig,PRJEB30282,prjeb30282:samea5160972,SAMEA5160972,,,,,,mixed_radiocarbon_and_archaeological_context,unresolved,unresolved,unresolved,keep the row unresolved until stronger chronology evidence exists,No chronology claim has been recovered yet for this sample row.,,,,"{'schema_version': 'temporal-semantics.v1', 'source_family': 'animal_adna', 'evidence_class': 'unresolved', 'precision_posture': 'unresolved', 'comparability_posture': 'unresolved', 'summary_label': 'Unresolved time semantics', 'temporal_window_key': 'unresolved', 'temporal_window_label': 'Unresolved time window', 'time_start_bp': None, 'time_end_bp': None, 'time_mean_bp': None, 'duration_years': None, 'comparison_note': 'No chronology claim has been recovered yet for this sample row.', 'refusal_reason_code': '', 'provenance_path': '', 'provenance_locator': '', 'provenance_excerpt': '', 'original_labels': [], 'normalized_labels': [], 'uncertainty_notes': []}"
Sus scrofa domesticus,pig,PRJEB30282,prjeb30282:samea5160973,SAMEA5160973,,,,,,mixed_radiocarbon_and_archaeological_context,unresolved,unresolved,unresolved,keep the row unresolved until stronger chronology evidence exists,No chronology claim has been recovered yet for this sample row.,,,,"{'schema_version': 'temporal-semantics.v1', 'source_family': 'animal_adna', 'evidence_class': 'unresolved', 'precision_posture': 'unresolved', 'comparability_posture': 'unresolved', 'summary_label': 'Unresolved time semantics', 'temporal_window_key': 'unresolved', 'temporal_window_label': 'Unresolved time window', 'time_start_bp': None, 'time_end_bp': None, 'time_mean_bp': None, 'duration_years': None, 'comparison_note': 'No chronology claim has been recovered yet for this sample row.', 'refusal_reason_code': '', 'provenance_path': '', 'provenance_locator': '', 'provenance_excerpt': '', 'original_labels': [], 'normalized_labels': [], 'uncertainty_notes': []}"
Sus scrofa domesticus,pig,PRJEB30282,prjeb30282:samea5160974,SAMEA5160974,,,,,,mixed_radiocarbon_and_archaeological_context,unresolved,unresolved,unresolved,keep the row unresolved until stronger chronology evidence exists,No chronology claim has been recovered yet for this sample row.,,,,"{'schema_version': 'temporal-semantics.v1', 'source_family': 'animal_adna', 'evidence_class': 'unresolved', 'precision_posture': 'unresolved', 'comparability_posture': 'unresolved', 'summary_label': 'Unresolved time semantics', 'temporal_window_key': 'unresolved', 'temporal_window_label': 'Unresolved time window', 'time_start_bp': None, 'time_end_bp': None, 'time_mean_bp': None, 'duration_years': None, 'comparison_note': 'No chronology claim has been recovered yet for this sample row.', 'refusal_reason_code': '', 'provenance_path': '', 'provenance_locator': '', 'provenance_excerpt': '', 'original_labels': [], 'normalized_labels': [], 'uncertainty_notes': []}"
Sus scrofa domesticus,pig,PRJEB30282,prjeb30282:samea5160975,SAMEA5160975,,,,,,mixed_radiocarbon_and_archaeological_context,unresolved,unresolved,unresolved,keep the row unresolved until stronger chronology evidence exists,No chronology claim has been recovered yet for this sample row.,,,,"{'schema_version': 'temporal-semantics.v1', 'source_family': 'animal_adna', 'evidence_class': 'unresolved', 'precision_posture': 'unresolved', 'comparability_posture': 'unresolved', 'summary_label': 'Unresolved time semantics', 'temporal_window_key': 'unresolved', 'temporal_window_label': 'Unresolved time window', 'time_start_bp': None, 'time_end_bp': None, 'time_mean_bp': None, 'duration_years': None, 'comparison_note': 'No chronology claim has been recovered yet for this sample row.', 'refusal_reason_code': '', 'provenance_path': '', 'provenance_locator': '', 'provenance_excerpt': '', 'original_labels': [], 'normalized_labels': [], 'uncertainty_notes': []}"
Sus scrofa domesticus,pig,PRJEB30282,prjeb30282:samea5160976,SAMEA5160976,,,,,,mixed_radiocarbon_and_archaeological_context,unresolved,unresolved,unresolved,keep the row unresolved until stronger chronology evidence exists,No chronology claim has been recovered yet for this sample row.,,,,"{'schema_version': 'temporal-semantics.v1', 'source_family': 'animal_adna', 'evidence_class': 'unresolved', 'precision_posture': 'unresolved', 'comparability_posture': 'unresolved', 'summary_label': 'Unresolved time semantics', 'temporal_window_key': 'unresolved', 'temporal_window_label': 'Unresolved time window', 'time_start_bp': None, 'time_end_bp': None, 'time_mean_bp': None, 'duration_years': None, 'comparison_note': 'No chronology claim has been recovered yet for this sample row.', 'refusal_reason_code': '', 'provenance_path': '', 'provenance_locator': '', 'provenance_excerpt': '', 'original_labels': [], 'normalized_labels': [], 'uncertainty_notes': []}"
Sus scrofa domesticus,pig,PRJEB30282,prjeb30282:samea5160977,SAMEA5160977,,,,,,mixed_radiocarbon_and_archaeological_context,unresolved,unresolved,unresolved,keep the row unresolved until stronger chronology evidence exists,No chronology claim has been recovered yet for this sample row.,,,,"{'schema_version': 'temporal-semantics.v1', 'source_family': 'animal_adna', 'evidence_class': 'unresolved', 'precision_posture': 'unresolved', 'comparability_posture': 'unresolved', 'summary_label': 'Unresolved time semantics', 'temporal_window_key': 'unresolved', 'temporal_window_label': 'Unresolved time window', 'time_start_bp': None, 'time_end_bp': None, 'time_mean_bp': None, 'duration_years': None, 'comparison_note': 'No chronology claim has been recovered yet for this sample row.', 'refusal_reason_code': '', 'provenance_path': '', 'provenance_locator': '', 'provenance_excerpt': '', 'original_labels': [], 'normalized_labels': [], 'uncertainty_notes': []}"
Sus scrofa domesticus,pig,PRJEB30282,prjeb30282:samea5160978,SAMEA5160978,,,,,,mixed_radiocarbon_and_archaeological_context,unresolved,unresolved,unresolved,keep the row unresolved until stronger chronology evidence exists,No chronology claim has been recovered yet for this sample row.,,,,"{'schema_version': 'temporal-semantics.v1', 'source_family': 'animal_adna', 'evidence_class': 'unresolved', 'precision_posture': 'unresolved', 'comparability_posture': 'unresolved', 'summary_label': 'Unresolved time semantics', 'temporal_window_key': 'unresolved', 'temporal_window_label': 'Unresolved time window', 'time_start_bp': None, 'time_end_bp': None, 'time_mean_bp': None, 'duration_years': None, 'comparison_note': 'No chronology claim has been recovered yet for this sample row.', 'refusal_reason_code': '', 'provenance_path': '', 'provenance_locator': '', 'provenance_excerpt': '', 'original_labels': [], 'normalized_labels': [], 'uncertainty_notes': []}"
Sus scrofa domesticus,pig,PRJEB30282,prjeb30282:samea5160979,SAMEA5160979,,,,,,mixed_radiocarbon_and_archaeological_context,unresolved,unresolved,unresolved,keep the row unresolved until stronger chronology evidence exists,No chronology claim has been recovered yet for this sample row.,,,,"{'schema_version': 'temporal-semantics.v1', 'source_family': 'animal_adna', 'evidence_class': 'unresolved', 'precision_posture': 'unresolved', 'comparability_posture': 'unresolved', 'summary_label': 'Unresolved time semantics', 'temporal_window_key': 'unresolved', 'temporal_window_label': 'Unresolved time window', 'time_start_bp': None, 'time_end_bp': None, 'time_mean_bp': None, 'duration_years': None, 'comparison_note': 'No chronology claim has been recovered yet for this sample row.', 'refusal_reason_code': '', 'provenance_path': '', 'provenance_locator': '', 'provenance_excerpt': '', 'original_labels': [], 'normalized_labels': [], 'uncertainty_notes': []}"
Sus scrofa domesticus,pig,PRJEB30282,prjeb30282:samea5160980,SAMEA5160980,,,,,,mixed_radiocarbon_and_archaeological_context,unresolved,unresolved,unresolved,keep the row unresolved until stronger chronology evidence exists,No chronology claim has been recovered yet for this sample row.,,,,"{'schema_version': 'temporal-semantics.v1', 'source_family': 'animal_adna', 'evidence_class': 'unresolved', 'precision_posture': 'unresolved', 'comparability_posture': 'unresolved', 'summary_label': 'Unresolved time semantics', 'temporal_window_key': 'unresolved', 'temporal_window_label': 'Unresolved time window', 'time_start_bp': None, 'time_end_bp': None, 'time_mean_bp': None, 'duration_years': None, 'comparison_note': 'No chronology claim has been recovered yet for this sample row.', 'refusal_reason_code': '', 'provenance_path': '', 'provenance_locator': '', 'provenance_excerpt': '', 'original_labels': [], 'normalized_labels': [], 'uncertainty_notes': []}"
Sus scrofa domesticus,pig,PRJEB30282,prjeb30282:samea5160981,SAMEA5160981,,,,,,mixed_radiocarbon_and_archaeological_context,unresolved,unresolved,unresolved,keep the row unresolved until stronger chronology evidence exists,No chronology claim has been recovered yet for this sample row.,,,,"{'schema_version': 'temporal-semantics.v1', 'source_family': 'animal_adna', 'evidence_class': 'unresolved', 'precision_posture': 'unresolved', 'comparability_posture': 'unresolved', 'summary_label': 'Unresolved time semantics', 'temporal_window_key': 'unresolved', 'temporal_window_label': 'Unresolved time window', 'time_start_bp': None, 'time_end_bp': None, 'time_mean_bp': None, 'duration_years': None, 'comparison_note': 'No chronology claim has been recovered yet for this sample row.', 'refusal_reason_code': '', 'provenance_path': '', 'provenance_locator': '', 'provenance_excerpt': '', 'original_labels': [], 'normalized_labels': [], 'uncertainty_notes': []}"
Sus scrofa domesticus,pig,PRJEB30282,prjeb30282:samea5160982,SAMEA5160982,,,,,,mixed_radiocarbon_and_archaeological_context,unresolved,unresolved,unresolved,keep the row unresolved until stronger chronology evidence exists,No chronology claim has been recovered yet for this sample row.,,,,"{'schema_version': 'temporal-semantics.v1', 'source_family': 'animal_adna', 'evidence_class': 'unresolved', 'precision_posture': 'unresolved', 'comparability_posture': 'unresolved', 'summary_label': 'Unresolved time semantics', 'temporal_window_key': 'unresolved', 'temporal_window_label': 'Unresolved time window', 'time_start_bp': None, 'time_end_bp': None, 'time_mean_bp': None, 'duration_years': None, 'comparison_note': 'No chronology claim has been recovered yet for this sample row.', 'refusal_reason_code': '', 'provenance_path': '', 'provenance_locator': '', 'provenance_excerpt': '', 'original_labels': [], 'normalized_labels': [], 'uncertainty_notes': []}"
Sus scrofa domesticus,pig,PRJEB30282,prjeb30282:samea5160983,SAMEA5160983,,,,,,mixed_radiocarbon_and_archaeological_context,unresolved,unresolved,unresolved,keep the row unresolved until stronger chronology evidence exists,No chronology claim has been recovered yet for this sample row.,,,,"{'schema_version': 'temporal-semantics.v1', 'source_family': 'animal_adna', 'evidence_class': 'unresolved', 'precision_posture': 'unresolved', 'comparability_posture': 'unresolved', 'summary_label': 'Unresolved time semantics', 'temporal_window_key': 'unresolved', 'temporal_window_label': 'Unresolved time window', 'time_start_bp': None, 'time_end_bp': None, 'time_mean_bp': None, 'duration_years': None, 'comparison_note': 'No chronology claim has been recovered yet for this sample row.', 'refusal_reason_code': '', 'provenance_path': '', 'provenance_locator': '', 'provenance_excerpt': '', 'original_labels': [], 'normalized_labels': [], 'uncertainty_notes': []}"
Sus scrofa domesticus,pig,PRJEB30282,prjeb30282:samea5160984,SAMEA5160984,,,,,,mixed_radiocarbon_and_archaeological_context,unresolved,unresolved,unresolved,keep the row unresolved until stronger chronology evidence exists,No chronology claim has been recovered yet for this sample row.,,,,"{'schema_version': 'temporal-semantics.v1', 'source_family': 'animal_adna', 'evidence_class': 'unresolved', 'precision_posture': 'unresolved', 'comparability_posture': 'unresolved', 'summary_label': 'Unresolved time semantics', 'temporal_window_key': 'unresolved', 'temporal_window_label': 'Unresolved time window', 'time_start_bp': None, 'time_end_bp': None, 'time_mean_bp': None, 'duration_years': None, 'comparison_note': 'No chronology claim has been recovered yet for this sample row.', 'refusal_reason_code': '', 'provenance_path': '', 'provenance_locator': '', 'provenance_excerpt': '', 'original_labels': [], 'normalized_labels': [], 'uncertainty_notes': []}"
Sus scrofa domesticus,pig,PRJEB30282,prjeb30282:samea5160985,SAMEA5160985,,,,,,mixed_radiocarbon_and_archaeological_context,unresolved,unresolved,unresolved,keep the row unresolved until stronger chronology evidence exists,No chronology claim has been recovered yet for this sample row.,,,,"{'schema_version': 'temporal-semantics.v1', 'source_family': 'animal_adna', 'evidence_class': 'unresolved', 'precision_posture': 'unresolved', 'comparability_posture': 'unresolved', 'summary_label': 'Unresolved time semantics', 'temporal_window_key': 'unresolved', 'temporal_window_label': 'Unresolved time window', 'time_start_bp': None, 'time_end_bp': None, 'time_mean_bp': None, 'duration_years': None, 'comparison_note': 'No chronology claim has been recovered yet for this sample row.', 'refusal_reason_code': '', 'provenance_path': '', 'provenance_locator': '', 'provenance_excerpt': '', 'original_labels': [], 'normalized_labels': [], 'uncertainty_notes': []}"
Sus scrofa domesticus,pig,PRJEB30282,prjeb30282:samea5160986,SAMEA5160986,,,,,,mixed_radiocarbon_and_archaeological_context,unresolved,unresolved,unresolved,keep the row unresolved until stronger chronology evidence exists,No chronology claim has been recovered yet for this sample row.,,,,"{'schema_version': 'temporal-semantics.v1', 'source_family': 'animal_adna', 'evidence_class': 'unresolved', 'precision_posture': 'unresolved', 'comparability_posture': 'unresolved', 'summary_label': 'Unresolved time semantics', 'temporal_window_key': 'unresolved', 'temporal_window_label': 'Unresolved time window', 'time_start_bp': None, 'time_end_bp': None, 'time_mean_bp': None, 'duration_years': None, 'comparison_note': 'No chronology claim has been recovered yet for this sample row.', 'refusal_reason_code': '', 'provenance_path': '', 'provenance_locator': '', 'provenance_excerpt': '', 'original_labels': [], 'normalized_labels': [], 'uncertainty_notes': []}"
Sus scrofa domesticus,pig,PRJEB30282,prjeb30282:samea5160987,SAMEA5160987,,,,,,mixed_radiocarbon_and_archaeological_context,unresolved,unresolved,unresolved,keep the row unresolved until stronger chronology evidence exists,No chronology claim has been recovered yet for this sample row.,,,,"{'schema_version': 'temporal-semantics.v1', 'source_family': 'animal_adna', 'evidence_class': 'unresolved', 'precision_posture': 'unresolved', 'comparability_posture': 'unresolved', 'summary_label': 'Unresolved time semantics', 'temporal_window_key': 'unresolved', 'temporal_window_label': 'Unresolved time window', 'time_start_bp': None, 'time_end_bp': None, 'time_mean_bp': None, 'duration_years': None, 'comparison_note': 'No chronology claim has been recovered yet for this sample row.', 'refusal_reason_code': '', 'provenance_path': '', 'provenance_locator': '', 'provenance_excerpt': '', 'original_labels': [], 'normalized_labels': [], 'uncertainty_notes': []}"
Sus scrofa domesticus,pig,PRJEB30282,prjeb30282:samea5160988,SAMEA5160988,,,,,,mixed_radiocarbon_and_archaeological_context,unresolved,unresolved,unresolved,keep the row unresolved until stronger chronology evidence exists,No chronology claim has been recovered yet for this sample row.,,,,"{'schema_version': 'temporal-semantics.v1', 'source_family': 'animal_adna', 'evidence_class': 'unresolved', 'precision_posture': 'unresolved', 'comparability_posture': 'unresolved', 'summary_label': 'Unresolved time semantics', 'temporal_window_key': 'unresolved', 'temporal_window_label': 'Unresolved time window', 'time_start_bp': None, 'time_end_bp': None, 'time_mean_bp': None, 'duration_years': None, 'comparison_note': 'No chronology claim has been recovered yet for this sample row.', 'refusal_reason_code': '', 'provenance_path': '', 'provenance_locator': '', 'provenance_excerpt': '', 'original_labels': [], 'normalized_labels': [], 'uncertainty_notes': []}"
Sus scrofa domesticus,pig,PRJEB30282,prjeb30282:samea5160989,SAMEA5160989,,,,,,mixed_radiocarbon_and_archaeological_context,unresolved,unresolved,unresolved,keep the row unresolved until stronger chronology evidence exists,No chronology claim has been recovered yet for this sample row.,,,,"{'schema_version': 'temporal-semantics.v1', 'source_family': 'animal_adna', 'evidence_class': 'unresolved', 'precision_posture': 'unresolved', 'comparability_posture': 'unresolved', 'summary_label': 'Unresolved time semantics', 'temporal_window_key': 'unresolved', 'temporal_window_label': 'Unresolved time window', 'time_start_bp': None, 'time_end_bp': None, 'time_mean_bp': None, 'duration_years': None, 'comparison_note': 'No chronology claim has been recovered yet for this sample row.', 'refusal_reason_code': '', 'provenance_path': '', 'provenance_locator': '', 'provenance_excerpt': '', 'original_labels': [], 'normalized_labels': [], 'uncertainty_notes': []}"
Sus scrofa domesticus,pig,PRJEB30282,prjeb30282:samea5160990,SAMEA5160990,,,,,,mixed_radiocarbon_and_archaeological_context,unresolved,unresolved,unresolved,keep the row unresolved until stronger chronology evidence exists,No chronology claim has been recovered yet for this sample row.,,,,"{'schema_version': 'temporal-semantics.v1', 'source_family': 'animal_adna', 'evidence_class': 'unresolved', 'precision_posture': 'unresolved', 'comparability_posture': 'unresolved', 'summary_label': 'Unresolved time semantics', 'temporal_window_key': 'unresolved', 'temporal_window_label': 'Unresolved time window', 'time_start_bp': None, 'time_end_bp': None, 'time_mean_bp': None, 'duration_years': None, 'comparison_note': 'No chronology claim has been recovered yet for this sample row.', 'refusal_reason_code': '', 'provenance_path': '', 'provenance_locator': '', 'provenance_excerpt': '', 'original_labels': [], 'normalized_labels': [], 'uncertainty_notes': []}"
Sus scrofa domesticus,pig,PRJEB30282,prjeb30282:samea5160991,SAMEA5160991,,,,,,mixed_radiocarbon_and_archaeological_context,unresolved,unresolved,unresolved,keep the row unresolved until stronger chronology evidence exists,No chronology claim has been recovered yet for this sample row.,,,,"{'schema_version': 'temporal-semantics.v1', 'source_family': 'animal_adna', 'evidence_class': 'unresolved', 'precision_posture': 'unresolved', 'comparability_posture': 'unresolved', 'summary_label': 'Unresolved time semantics', 'temporal_window_key': 'unresolved', 'temporal_window_label': 'Unresolved time window', 'time_start_bp': None, 'time_end_bp': None, 'time_mean_bp': None, 'duration_years': None, 'comparison_note': 'No chronology claim has been recovered yet for this sample row.', 'refusal_reason_code': '', 'provenance_path': '', 'provenance_locator': '', 'provenance_excerpt': '', 'original_labels': [], 'normalized_labels': [], 'uncertainty_notes': []}"
Sus scrofa domesticus,pig,PRJEB30282,prjeb30282:samea5160992,SAMEA5160992,,,,,,mixed_radiocarbon_and_archaeological_context,unresolved,unresolved,unresolved,keep the row unresolved until stronger chronology evidence exists,No chronology claim has been recovered yet for this sample row.,,,,"{'schema_version': 'temporal-semantics.v1', 'source_family': 'animal_adna', 'evidence_class': 'unresolved', 'precision_posture': 'unresolved', 'comparability_posture': 'unresolved', 'summary_label': 'Unresolved time semantics', 'temporal_window_key': 'unresolved', 'temporal_window_label': 'Unresolved time window', 'time_start_bp': None, 'time_end_bp': None, 'time_mean_bp': None, 'duration_years': None, 'comparison_note': 'No chronology claim has been recovered yet for this sample row.', 'refusal_reason_code': '', 'provenance_path': '', 'provenance_locator': '', 'provenance_excerpt': '', 'original_labels': [], 'normalized_labels': [], 'uncertainty_notes': []}"
Sus scrofa domesticus,pig,PRJEB30282,prjeb30282:samea5160993,SAMEA5160993,,,,,,mixed_radiocarbon_and_archaeological_context,unresolved,unresolved,unresolved,keep the row unresolved until stronger chronology evidence exists,No chronology claim has been recovered yet for this sample row.,,,,"{'schema_version': 'temporal-semantics.v1', 'source_family': 'animal_adna', 'evidence_class': 'unresolved', 'precision_posture': 'unresolved', 'comparability_posture': 'unresolved', 'summary_label': 'Unresolved time semantics', 'temporal_window_key': 'unresolved', 'temporal_window_label': 'Unresolved time window', 'time_start_bp': None, 'time_end_bp': None, 'time_mean_bp': None, 'duration_years': None, 'comparison_note': 'No chronology claim has been recovered yet for this sample row.', 'refusal_reason_code': '', 'provenance_path': '', 'provenance_locator': '', 'provenance_excerpt': '', 'original_labels': [], 'normalized_labels': [], 'uncertainty_notes': []}"
Sus scrofa domesticus,pig,PRJEB30282,prjeb30282:samea5160994,SAMEA5160994,,,,,,mixed_radiocarbon_and_archaeological_context,unresolved,unresolved,unresolved,keep the row unresolved until stronger chronology evidence exists,No chronology claim has been recovered yet for this sample row.,,,,"{'schema_version': 'temporal-semantics.v1', 'source_family': 'animal_adna', 'evidence_class': 'unresolved', 'precision_posture': 'unresolved', 'comparability_posture': 'unresolved', 'summary_label': 'Unresolved time semantics', 'temporal_window_key': 'unresolved', 'temporal_window_label': 'Unresolved time window', 'time_start_bp': None, 'time_end_bp': None, 'time_mean_bp': None, 'duration_years': None, 'comparison_note': 'No chronology claim has been recovered yet for this sample row.', 'refusal_reason_code': '', 'provenance_path': '', 'provenance_locator': '', 'provenance_excerpt': '', 'original_labels': [], 'normalized_labels': [], 'uncertainty_notes': []}"
Sus scrofa domesticus,pig,PRJEB30282,prjeb30282:samea5160995,SAMEA5160995,,,,,,mixed_radiocarbon_and_archaeological_context,unresolved,unresolved,unresolved,keep the row unresolved until stronger chronology evidence exists,No chronology claim has been recovered yet for this sample row.,,,,"{'schema_version': 'temporal-semantics.v1', 'source_family': 'animal_adna', 'evidence_class': 'unresolved', 'precision_posture': 'unresolved', 'comparability_posture': 'unresolved', 'summary_label': 'Unresolved time semantics', 'temporal_window_key': 'unresolved', 'temporal_window_label': 'Unresolved time window', 'time_start_bp': None, 'time_end_bp': None, 'time_mean_bp': None, 'duration_years': None, 'comparison_note': 'No chronology claim has been recovered yet for this sample row.', 'refusal_reason_code': '', 'provenance_path': '', 'provenance_locator': '', 'provenance_excerpt': '', 'original_labels': [], 'normalized_labels': [], 'uncertainty_notes': []}"
Sus scrofa domesticus,pig,PRJEB30282,prjeb30282:samea5160996,SAMEA5160996,,,,,,mixed_radiocarbon_and_archaeological_context,unresolved,unresolved,unresolved,keep the row unresolved until stronger chronology evidence exists,No chronology claim has been recovered yet for this sample row.,,,,"{'schema_version': 'temporal-semantics.v1', 'source_family': 'animal_adna', 'evidence_class': 'unresolved', 'precision_posture': 'unresolved', 'comparability_posture': 'unresolved', 'summary_label': 'Unresolved time semantics', 'temporal_window_key': 'unresolved', 'temporal_window_label': 'Unresolved time window', 'time_start_bp': None, 'time_end_bp': None, 'time_mean_bp': None, 'duration_years': None, 'comparison_note': 'No chronology claim has been recovered yet for this sample row.', 'refusal_reason_code': '', 'provenance_path': '', 'provenance_locator': '', 'provenance_excerpt': '', 'original_labels': [], 'normalized_labels': [], 'uncertainty_notes': []}"
Sus scrofa domesticus,pig,PRJEB30282,prjeb30282:samea5160997,SAMEA5160997,,,,,,mixed_radiocarbon_and_archaeological_context,unresolved,unresolved,unresolved,keep the row unresolved until stronger chronology evidence exists,No chronology claim has been recovered yet for this sample row.,,,,"{'schema_version': 'temporal-semantics.v1', 'source_family': 'animal_adna', 'evidence_class': 'unresolved', 'precision_posture': 'unresolved', 'comparability_posture': 'unresolved', 'summary_label': 'Unresolved time semantics', 'temporal_window_key': 'unresolved', 'temporal_window_label': 'Unresolved time window', 'time_start_bp': None, 'time_end_bp': None, 'time_mean_bp': None, 'duration_years': None, 'comparison_note': 'No chronology claim has been recovered yet for this sample row.', 'refusal_reason_code': '', 'provenance_path': '', 'provenance_locator': '', 'provenance_excerpt': '', 'original_labels': [], 'normalized_labels': [], 'uncertainty_notes': []}"
Sus scrofa domesticus,pig,PRJEB30282,prjeb30282:samea5160998,SAMEA5160998,,,,,,mixed_radiocarbon_and_archaeological_context,unresolved,unresolved,unresolved,keep the row unresolved until stronger chronology evidence exists,No chronology claim has been recovered yet for this sample row.,,,,"{'schema_version': 'temporal-semantics.v1', 'source_family': 'animal_adna', 'evidence_class': 'unresolved', 'precision_posture': 'unresolved', 'comparability_posture': 'unresolved', 'summary_label': 'Unresolved time semantics', 'temporal_window_key': 'unresolved', 'temporal_window_label': 'Unresolved time window', 'time_start_bp': None, 'time_end_bp': None, 'time_mean_bp': None, 'duration_years': None, 'comparison_note': 'No chronology claim has been recovered yet for this sample row.', 'refusal_reason_code': '', 'provenance_path': '', 'provenance_locator': '', 'provenance_excerpt': '', 'original_labels': [], 'normalized_labels': [], 'uncertainty_notes': []}"
Sus scrofa domesticus,pig,PRJEB30282,prjeb30282:samea5160999,SAMEA5160999,,,,,,mixed_radiocarbon_and_archaeological_context,unresolved,unresolved,unresolved,keep the row unresolved until stronger chronology evidence exists,No chronology claim has been recovered yet for this sample row.,,,,"{'schema_version': 'temporal-semantics.v1', 'source_family': 'animal_adna', 'evidence_class': 'unresolved', 'precision_posture': 'unresolved', 'comparability_posture': 'unresolved', 'summary_label': 'Unresolved time semantics', 'temporal_window_key': 'unresolved', 'temporal_window_label': 'Unresolved time window', 'time_start_bp': None, 'time_end_bp': None, 'time_mean_bp': None, 'duration_years': None, 'comparison_note': 'No chronology claim has been recovered yet for this sample row.', 'refusal_reason_code': '', 'provenance_path': '', 'provenance_locator': '', 'provenance_excerpt': '', 'original_labels': [], 'normalized_labels': [], 'uncertainty_notes': []}"
Sus scrofa domesticus,pig,PRJEB30282,prjeb30282:samea5161000,SAMEA5161000,,,,,,mixed_radiocarbon_and_archaeological_context,unresolved,unresolved,unresolved,keep the row unresolved until stronger chronology evidence exists,No chronology claim has been recovered yet for this sample row.,,,,"{'schema_version': 'temporal-semantics.v1', 'source_family': 'animal_adna', 'evidence_class': 'unresolved', 'precision_posture': 'unresolved', 'comparability_posture': 'unresolved', 'summary_label': 'Unresolved time semantics', 'temporal_window_key': 'unresolved', 'temporal_window_label': 'Unresolved time window', 'time_start_bp': None, 'time_end_bp': None, 'time_mean_bp': None, 'duration_years': None, 'comparison_note': 'No chronology claim has been recovered yet for this sample row.', 'refusal_reason_code': '', 'provenance_path': '', 'provenance_locator': '', 'provenance_excerpt': '', 'original_labels': [], 'normalized_labels': [], 'uncertainty_notes': []}"
Sus scrofa domesticus,pig,PRJEB30282,prjeb30282:samea5161001,SAMEA5161001,,,,,,mixed_radiocarbon_and_archaeological_context,unresolved,unresolved,unresolved,keep the row unresolved until stronger chronology evidence exists,No chronology claim has been recovered yet for this sample row.,,,,"{'schema_version': 'temporal-semantics.v1', 'source_family': 'animal_adna', 'evidence_class': 'unresolved', 'precision_posture': 'unresolved', 'comparability_posture': 'unresolved', 'summary_label': 'Unresolved time semantics', 'temporal_window_key': 'unresolved', 'temporal_window_label': 'Unresolved time window', 'time_start_bp': None, 'time_end_bp': None, 'time_mean_bp': None, 'duration_years': None, 'comparison_note': 'No chronology claim has been recovered yet for this sample row.', 'refusal_reason_code': '', 'provenance_path': '', 'provenance_locator': '', 'provenance_excerpt': '', 'original_labels': [], 'normalized_labels': [], 'uncertainty_notes': []}"
Sus scrofa domesticus,pig,PRJEB30282,prjeb30282:samea5161002,SAMEA5161002,,,,,,mixed_radiocarbon_and_archaeological_context,unresolved,unresolved,unresolved,keep the row unresolved until stronger chronology evidence exists,No chronology claim has been recovered yet for this sample row.,,,,"{'schema_version': 'temporal-semantics.v1', 'source_family': 'animal_adna', 'evidence_class': 'unresolved', 'precision_posture': 'unresolved', 'comparability_posture': 'unresolved', 'summary_label': 'Unresolved time semantics', 'temporal_window_key': 'unresolved', 'temporal_window_label': 'Unresolved time window', 'time_start_bp': None, 'time_end_bp': None, 'time_mean_bp': None, 'duration_years': None, 'comparison_note': 'No chronology claim has been recovered yet for this sample row.', 'refusal_reason_code': '', 'provenance_path': '', 'provenance_locator': '', 'provenance_excerpt': '', 'original_labels': [], 'normalized_labels': [], 'uncertainty_notes': []}"
Sus scrofa domesticus,pig,PRJEB30282,prjeb30282:samea5161003,SAMEA5161003,,,,,,mixed_radiocarbon_and_archaeological_context,unresolved,unresolved,unresolved,keep the row unresolved until stronger chronology evidence exists,No chronology claim has been recovered yet for this sample row.,,,,"{'schema_version': 'temporal-semantics.v1', 'source_family': 'animal_adna', 'evidence_class': 'unresolved', 'precision_posture': 'unresolved', 'comparability_posture': 'unresolved', 'summary_label': 'Unresolved time semantics', 'temporal_window_key': 'unresolved', 'temporal_window_label': 'Unresolved time window', 'time_start_bp': None, 'time_end_bp': None, 'time_mean_bp': None, 'duration_years': None, 'comparison_note': 'No chronology claim has been recovered yet for this sample row.', 'refusal_reason_code': '', 'provenance_path': '', 'provenance_locator': '', 'provenance_excerpt': '', 'original_labels': [], 'normalized_labels': [], 'uncertainty_notes': []}"
Sus scrofa domesticus,pig,PRJEB30282,prjeb30282:samea5161004,SAMEA5161004,,,,,,mixed_radiocarbon_and_archaeological_context,unresolved,unresolved,unresolved,keep the row unresolved until stronger chronology evidence exists,No chronology claim has been recovered yet for this sample row.,,,,"{'schema_version': 'temporal-semantics.v1', 'source_family': 'animal_adna', 'evidence_class': 'unresolved', 'precision_posture': 'unresolved', 'comparability_posture': 'unresolved', 'summary_label': 'Unresolved time semantics', 'temporal_window_key': 'unresolved', 'temporal_window_label': 'Unresolved time window', 'time_start_bp': None, 'time_end_bp': None, 'time_mean_bp': None, 'duration_years': None, 'comparison_note': 'No chronology claim has been recovered yet for this sample row.', 'refusal_reason_code': '', 'provenance_path': '', 'provenance_locator': '', 'provenance_excerpt': '', 'original_labels': [], 'normalized_labels': [], 'uncertainty_notes': []}"
Sus scrofa domesticus,pig,PRJEB30282,prjeb30282:samea5161005,SAMEA5161005,,,,,,mixed_radiocarbon_and_archaeological_context,unresolved,unresolved,unresolved,keep the row unresolved until stronger chronology evidence exists,No chronology claim has been recovered yet for this sample row.,,,,"{'schema_version': 'temporal-semantics.v1', 'source_family': 'animal_adna', 'evidence_class': 'unresolved', 'precision_posture': 'unresolved', 'comparability_posture': 'unresolved', 'summary_label': 'Unresolved time semantics', 'temporal_window_key': 'unresolved', 'temporal_window_label': 'Unresolved time window', 'time_start_bp': None, 'time_end_bp': None, 'time_mean_bp': None, 'duration_years': None, 'comparison_note': 'No chronology claim has been recovered yet for this sample row.', 'refusal_reason_code': '', 'provenance_path': '', 'provenance_locator': '', 'provenance_excerpt': '', 'original_labels': [], 'normalized_labels': [], 'uncertainty_notes': []}"
Sus scrofa domesticus,pig,PRJEB30282,prjeb30282:samea5161006,SAMEA5161006,,,,,,mixed_radiocarbon_and_archaeological_context,unresolved,unresolved,unresolved,keep the row unresolved until stronger chronology evidence exists,No chronology claim has been recovered yet for this sample row.,,,,"{'schema_version': 'temporal-semantics.v1', 'source_family': 'animal_adna', 'evidence_class': 'unresolved', 'precision_posture': 'unresolved', 'comparability_posture': 'unresolved', 'summary_label': 'Unresolved time semantics', 'temporal_window_key': 'unresolved', 'temporal_window_label': 'Unresolved time window', 'time_start_bp': None, 'time_end_bp': None, 'time_mean_bp': None, 'duration_years': None, 'comparison_note': 'No chronology claim has been recovered yet for this sample row.', 'refusal_reason_code': '', 'provenance_path': '', 'provenance_locator': '', 'provenance_excerpt': '', 'original_labels': [], 'normalized_labels': [], 'uncertainty_notes': []}"
Sus scrofa domesticus,pig,PRJEB30282,prjeb30282:samea5161007,SAMEA5161007,,,,,,mixed_radiocarbon_and_archaeological_context,unresolved,unresolved,unresolved,keep the row unresolved until stronger chronology evidence exists,No chronology claim has been recovered yet for this sample row.,,,,"{'schema_version': 'temporal-semantics.v1', 'source_family': 'animal_adna', 'evidence_class': 'unresolved', 'precision_posture': 'unresolved', 'comparability_posture': 'unresolved', 'summary_label': 'Unresolved time semantics', 'temporal_window_key': 'unresolved', 'temporal_window_label': 'Unresolved time window', 'time_start_bp': None, 'time_end_bp': None, 'time_mean_bp': None, 'duration_years': None, 'comparison_note': 'No chronology claim has been recovered yet for this sample row.', 'refusal_reason_code': '', 'provenance_path': '', 'provenance_locator': '', 'provenance_excerpt': '', 'original_labels': [], 'normalized_labels': [], 'uncertainty_notes': []}"
Sus scrofa domesticus,pig,PRJEB30282,prjeb30282:samea5161008,SAMEA5161008,,,,,,mixed_radiocarbon_and_archaeological_context,unresolved,unresolved,unresolved,keep the row unresolved until stronger chronology evidence exists,No chronology claim has been recovered yet for this sample row.,,,,"{'schema_version': 'temporal-semantics.v1', 'source_family': 'animal_adna', 'evidence_class': 'unresolved', 'precision_posture': 'unresolved', 'comparability_posture': 'unresolved', 'summary_label': 'Unresolved time semantics', 'temporal_window_key': 'unresolved', 'temporal_window_label': 'Unresolved time window', 'time_start_bp': None, 'time_end_bp': None, 'time_mean_bp': None, 'duration_years': None, 'comparison_note': 'No chronology claim has been recovered yet for this sample row.', 'refusal_reason_code': '', 'provenance_path': '', 'provenance_locator': '', 'provenance_excerpt': '', 'original_labels': [], 'normalized_labels': [], 'uncertainty_notes': []}"
Sus scrofa domesticus,pig,PRJEB30282,prjeb30282:samea5161009,SAMEA5161009,,,,,,mixed_radiocarbon_and_archaeological_context,unresolved,unresolved,unresolved,keep the row unresolved until stronger chronology evidence exists,No chronology claim has been recovered yet for this sample row.,,,,"{'schema_version': 'temporal-semantics.v1', 'source_family': 'animal_adna', 'evidence_class': 'unresolved', 'precision_posture': 'unresolved', 'comparability_posture': 'unresolved', 'summary_label': 'Unresolved time semantics', 'temporal_window_key': 'unresolved', 'temporal_window_label': 'Unresolved time window', 'time_start_bp': None, 'time_end_bp': None, 'time_mean_bp': None, 'duration_years': None, 'comparison_note': 'No chronology claim has been recovered yet for this sample row.', 'refusal_reason_code': '', 'provenance_path': '', 'provenance_locator': '', 'provenance_excerpt': '', 'original_labels': [], 'normalized_labels': [], 'uncertainty_notes': []}"
Sus scrofa domesticus,pig,PRJEB30282,prjeb30282:samea5161010,SAMEA5161010,,,,,,mixed_radiocarbon_and_archaeological_context,unresolved,unresolved,unresolved,keep the row unresolved until stronger chronology evidence exists,No chronology claim has been recovered yet for this sample row.,,,,"{'schema_version': 'temporal-semantics.v1', 'source_family': 'animal_adna', 'evidence_class': 'unresolved', 'precision_posture': 'unresolved', 'comparability_posture': 'unresolved', 'summary_label': 'Unresolved time semantics', 'temporal_window_key': 'unresolved', 'temporal_window_label': 'Unresolved time window', 'time_start_bp': None, 'time_end_bp': None, 'time_mean_bp': None, 'duration_years': None, 'comparison_note': 'No chronology claim has been recovered yet for this sample row.', 'refusal_reason_code': '', 'provenance_path': '', 'provenance_locator': '', 'provenance_excerpt': '', 'original_labels': [], 'normalized_labels': [], 'uncertainty_notes': []}"
Sus scrofa domesticus,pig,PRJEB30282,prjeb30282:samea5161011,SAMEA5161011,,,,,,mixed_radiocarbon_and_archaeological_context,unresolved,unresolved,unresolved,keep the row unresolved until stronger chronology evidence exists,No chronology claim has been recovered yet for this sample row.,,,,"{'schema_version': 'temporal-semantics.v1', 'source_family': 'animal_adna', 'evidence_class': 'unresolved', 'precision_posture': 'unresolved', 'comparability_posture': 'unresolved', 'summary_label': 'Unresolved time semantics', 'temporal_window_key': 'unresolved', 'temporal_window_label': 'Unresolved time window', 'time_start_bp': None, 'time_end_bp': None, 'time_mean_bp': None, 'duration_years': None, 'comparison_note': 'No chronology claim has been recovered yet for this sample row.', 'refusal_reason_code': '', 'provenance_path': '', 'provenance_locator': '', 'provenance_excerpt': '', 'original_labels': [], 'normalized_labels': [], 'uncertainty_notes': []}"
Sus scrofa domesticus,pig,PRJEB30282,prjeb30282:samea5161012,SAMEA5161012,,,,,,mixed_radiocarbon_and_archaeological_context,unresolved,unresolved,unresolved,keep the row unresolved until stronger chronology evidence exists,No chronology claim has been recovered yet for this sample row.,,,,"{'schema_version': 'temporal-semantics.v1', 'source_family': 'animal_adna', 'evidence_class': 'unresolved', 'precision_posture': 'unresolved', 'comparability_posture': 'unresolved', 'summary_label': 'Unresolved time semantics', 'temporal_window_key': 'unresolved', 'temporal_window_label': 'Unresolved time window', 'time_start_bp': None, 'time_end_bp': None, 'time_mean_bp': None, 'duration_years': None, 'comparison_note': 'No chronology claim has been recovered yet for this sample row.', 'refusal_reason_code': '', 'provenance_path': '', 'provenance_locator': '', 'provenance_excerpt': '', 'original_labels': [], 'normalized_labels': [], 'uncertainty_notes': []}"
Sus scrofa domesticus,pig,PRJEB30282,prjeb30282:samea5161013,SAMEA5161013,,,,,,mixed_radiocarbon_and_archaeological_context,unresolved,unresolved,unresolved,keep the row unresolved until stronger chronology evidence exists,No chronology claim has been recovered yet for this sample row.,,,,"{'schema_version': 'temporal-semantics.v1', 'source_family': 'animal_adna', 'evidence_class': 'unresolved', 'precision_posture': 'unresolved', 'comparability_posture': 'unresolved', 'summary_label': 'Unresolved time semantics', 'temporal_window_key': 'unresolved', 'temporal_window_label': 'Unresolved time window', 'time_start_bp': None, 'time_end_bp': None, 'time_mean_bp': None, 'duration_years': None, 'comparison_note': 'No chronology claim has been recovered yet for this sample row.', 'refusal_reason_code': '', 'provenance_path': '', 'provenance_locator': '', 'provenance_excerpt': '', 'original_labels': [], 'normalized_labels': [], 'uncertainty_notes': []}"
Sus scrofa domesticus,pig,PRJEB30282,prjeb30282:samea5161014,SAMEA5161014,,,,,,mixed_radiocarbon_and_archaeological_context,unresolved,unresolved,unresolved,keep the row unresolved until stronger chronology evidence exists,No chronology claim has been recovered yet for this sample row.,,,,"{'schema_version': 'temporal-semantics.v1', 'source_family': 'animal_adna', 'evidence_class': 'unresolved', 'precision_posture': 'unresolved', 'comparability_posture': 'unresolved', 'summary_label': 'Unresolved time semantics', 'temporal_window_key': 'unresolved', 'temporal_window_label': 'Unresolved time window', 'time_start_bp': None, 'time_end_bp': None, 'time_mean_bp': None, 'duration_years': None, 'comparison_note': 'No chronology claim has been recovered yet for this sample row.', 'refusal_reason_code': '', 'provenance_path': '', 'provenance_locator': '', 'provenance_excerpt': '', 'original_labels': [], 'normalized_labels': [], 'uncertainty_notes': []}"
Sus scrofa domesticus,pig,PRJEB30282,prjeb30282:samea5161015,SAMEA5161015,,,,,,mixed_radiocarbon_and_archaeological_context,unresolved,unresolved,unresolved,keep the row unresolved until stronger chronology evidence exists,No chronology claim has been recovered yet for this sample row.,,,,"{'schema_version': 'temporal-semantics.v1', 'source_family': 'animal_adna', 'evidence_class': 'unresolved', 'precision_posture': 'unresolved', 'comparability_posture': 'unresolved', 'summary_label': 'Unresolved time semantics', 'temporal_window_key': 'unresolved', 'temporal_window_label': 'Unresolved time window', 'time_start_bp': None, 'time_end_bp': None, 'time_mean_bp': None, 'duration_years': None, 'comparison_note': 'No chronology claim has been recovered yet for this sample row.', 'refusal_reason_code': '', 'provenance_path': '', 'provenance_locator': '', 'provenance_excerpt': '', 'original_labels': [], 'normalized_labels': [], 'uncertainty_notes': []}"
Sus scrofa domesticus,pig,PRJEB30282,prjeb30282:samea5161016,SAMEA5161016,,,,,,mixed_radiocarbon_and_archaeological_context,unresolved,unresolved,unresolved,keep the row unresolved until stronger chronology evidence exists,No chronology claim has been recovered yet for this sample row.,,,,"{'schema_version': 'temporal-semantics.v1', 'source_family': 'animal_adna', 'evidence_class': 'unresolved', 'precision_posture': 'unresolved', 'comparability_posture': 'unresolved', 'summary_label': 'Unresolved time semantics', 'temporal_window_key': 'unresolved', 'temporal_window_label': 'Unresolved time window', 'time_start_bp': None, 'time_end_bp': None, 'time_mean_bp': None, 'duration_years': None, 'comparison_note': 'No chronology claim has been recovered yet for this sample row.', 'refusal_reason_code': '', 'provenance_path': '', 'provenance_locator': '', 'provenance_excerpt': '', 'original_labels': [], 'normalized_labels': [], 'uncertainty_notes': []}"
Sus scrofa domesticus,pig,PRJEB30282,prjeb30282:samea5161017,SAMEA5161017,,,,,,mixed_radiocarbon_and_archaeological_context,unresolved,unresolved,unresolved,keep the row unresolved until stronger chronology evidence exists,No chronology claim has been recovered yet for this sample row.,,,,"{'schema_version': 'temporal-semantics.v1', 'source_family': 'animal_adna', 'evidence_class': 'unresolved', 'precision_posture': 'unresolved', 'comparability_posture': 'unresolved', 'summary_label': 'Unresolved time semantics', 'temporal_window_key': 'unresolved', 'temporal_window_label': 'Unresolved time window', 'time_start_bp': None, 'time_end_bp': None, 'time_mean_bp': None, 'duration_years': None, 'comparison_note': 'No chronology claim has been recovered yet for this sample row.', 'refusal_reason_code': '', 'provenance_path': '', 'provenance_locator': '', 'provenance_excerpt': '', 'original_labels': [], 'normalized_labels': [], 'uncertainty_notes': []}"
Sus scrofa domesticus,pig,PRJEB30282,prjeb30282:samea5161018,SAMEA5161018,,,,,,mixed_radiocarbon_and_archaeological_context,unresolved,unresolved,unresolved,keep the row unresolved until stronger chronology evidence exists,No chronology claim has been recovered yet for this sample row.,,,,"{'schema_version': 'temporal-semantics.v1', 'source_family': 'animal_adna', 'evidence_class': 'unresolved', 'precision_posture': 'unresolved', 'comparability_posture': 'unresolved', 'summary_label': 'Unresolved time semantics', 'temporal_window_key': 'unresolved', 'temporal_window_label': 'Unresolved time window', 'time_start_bp': None, 'time_end_bp': None, 'time_mean_bp': None, 'duration_years': None, 'comparison_note': 'No chronology claim has been recovered yet for this sample row.', 'refusal_reason_code': '', 'provenance_path': '', 'provenance_locator': '', 'provenance_excerpt': '', 'original_labels': [], 'normalized_labels': [], 'uncertainty_notes': []}"
Sus scrofa domesticus,pig,PRJEB30282,prjeb30282:samea5161019,SAMEA5161019,,,,,,mixed_radiocarbon_and_archaeological_context,unresolved,unresolved,unresolved,keep the row unresolved until stronger chronology evidence exists,No chronology claim has been recovered yet for this sample row.,,,,"{'schema_version': 'temporal-semantics.v1', 'source_family': 'animal_adna', 'evidence_class': 'unresolved', 'precision_posture': 'unresolved', 'comparability_posture': 'unresolved', 'summary_label': 'Unresolved time semantics', 'temporal_window_key': 'unresolved', 'temporal_window_label': 'Unresolved time window', 'time_start_bp': None, 'time_end_bp': None, 'time_mean_bp': None, 'duration_years': None, 'comparison_note': 'No chronology claim has been recovered yet for this sample row.', 'refusal_reason_code': '', 'provenance_path': '', 'provenance_locator': '', 'provenance_excerpt': '', 'original_labels': [], 'normalized_labels': [], 'uncertainty_notes': []}"
Sus scrofa domesticus,pig,PRJEB30282,prjeb30282:samea5161020,SAMEA5161020,,,,,,mixed_radiocarbon_and_archaeological_context,unresolved,unresolved,unresolved,keep the row unresolved until stronger chronology evidence exists,No chronology claim has been recovered yet for this sample row.,,,,"{'schema_version': 'temporal-semantics.v1', 'source_family': 'animal_adna', 'evidence_class': 'unresolved', 'precision_posture': 'unresolved', 'comparability_posture': 'unresolved', 'summary_label': 'Unresolved time semantics', 'temporal_window_key': 'unresolved', 'temporal_window_label': 'Unresolved time window', 'time_start_bp': None, 'time_end_bp': None, 'time_mean_bp': None, 'duration_years': None, 'comparison_note': 'No chronology claim has been recovered yet for this sample row.', 'refusal_reason_code': '', 'provenance_path': '', 'provenance_locator': '', 'provenance_excerpt': '', 'original_labels': [], 'normalized_labels': [], 'uncertainty_notes': []}"
Sus scrofa domesticus,pig,PRJEB30282,prjeb30282:samea5161021,SAMEA5161021,,,,,,mixed_radiocarbon_and_archaeological_context,unresolved,unresolved,unresolved,keep the row unresolved until stronger chronology evidence exists,No chronology claim has been recovered yet for this sample row.,,,,"{'schema_version': 'temporal-semantics.v1', 'source_family': 'animal_adna', 'evidence_class': 'unresolved', 'precision_posture': 'unresolved', 'comparability_posture': 'unresolved', 'summary_label': 'Unresolved time semantics', 'temporal_window_key': 'unresolved', 'temporal_window_label': 'Unresolved time window', 'time_start_bp': None, 'time_end_bp': None, 'time_mean_bp': None, 'duration_years': None, 'comparison_note': 'No chronology claim has been recovered yet for this sample row.', 'refusal_reason_code': '', 'provenance_path': '', 'provenance_locator': '', 'provenance_excerpt': '', 'original_labels': [], 'normalized_labels': [], 'uncertainty_notes': []}"
Sus scrofa domesticus,pig,PRJEB30282,prjeb30282:samea5161022,SAMEA5161022,,,,,,mixed_radiocarbon_and_archaeological_context,unresolved,unresolved,unresolved,keep the row unresolved until stronger chronology evidence exists,No chronology claim has been recovered yet for this sample row.,,,,"{'schema_version': 'temporal-semantics.v1', 'source_family': 'animal_adna', 'evidence_class': 'unresolved', 'precision_posture': 'unresolved', 'comparability_posture': 'unresolved', 'summary_label': 'Unresolved time semantics', 'temporal_window_key': 'unresolved', 'temporal_window_label': 'Unresolved time window', 'time_start_bp': None, 'time_end_bp': None, 'time_mean_bp': None, 'duration_years': None, 'comparison_note': 'No chronology claim has been recovered yet for this sample row.', 'refusal_reason_code': '', 'provenance_path': '', 'provenance_locator': '', 'provenance_excerpt': '', 'original_labels': [], 'normalized_labels': [], 'uncertainty_notes': []}"
Sus scrofa domesticus,pig,PRJEB30282,prjeb30282:samea5161023,SAMEA5161023,,,,,,mixed_radiocarbon_and_archaeological_context,unresolved,unresolved,unresolved,keep the row unresolved until stronger chronology evidence exists,No chronology claim has been recovered yet for this sample row.,,,,"{'schema_version': 'temporal-semantics.v1', 'source_family': 'animal_adna', 'evidence_class': 'unresolved', 'precision_posture': 'unresolved', 'comparability_posture': 'unresolved', 'summary_label': 'Unresolved time semantics', 'temporal_window_key': 'unresolved', 'temporal_window_label': 'Unresolved time window', 'time_start_bp': None, 'time_end_bp': None, 'time_mean_bp': None, 'duration_years': None, 'comparison_note': 'No chronology claim has been recovered yet for this sample row.', 'refusal_reason_code': '', 'provenance_path': '', 'provenance_locator': '', 'provenance_excerpt': '', 'original_labels': [], 'normalized_labels': [], 'uncertainty_notes': []}"
Sus scrofa domesticus,pig,PRJEB30282,prjeb30282:samea5161024,SAMEA5161024,,,,,,mixed_radiocarbon_and_archaeological_context,unresolved,unresolved,unresolved,keep the row unresolved until stronger chronology evidence exists,No chronology claim has been recovered yet for this sample row.,,,,"{'schema_version': 'temporal-semantics.v1', 'source_family': 'animal_adna', 'evidence_class': 'unresolved', 'precision_posture': 'unresolved', 'comparability_posture': 'unresolved', 'summary_label': 'Unresolved time semantics', 'temporal_window_key': 'unresolved', 'temporal_window_label': 'Unresolved time window', 'time_start_bp': None, 'time_end_bp': None, 'time_mean_bp': None, 'duration_years': None, 'comparison_note': 'No chronology claim has been recovered yet for this sample row.', 'refusal_reason_code': '', 'provenance_path': '', 'provenance_locator': '', 'provenance_excerpt': '', 'original_labels': [], 'normalized_labels': [], 'uncertainty_notes': []}"
Sus scrofa domesticus,pig,PRJEB30282,prjeb30282:samea5161025,SAMEA5161025,,,,,,mixed_radiocarbon_and_archaeological_context,unresolved,unresolved,unresolved,keep the row unresolved until stronger chronology evidence exists,No chronology claim has been recovered yet for this sample row.,,,,"{'schema_version': 'temporal-semantics.v1', 'source_family': 'animal_adna', 'evidence_class': 'unresolved', 'precision_posture': 'unresolved', 'comparability_posture': 'unresolved', 'summary_label': 'Unresolved time semantics', 'temporal_window_key': 'unresolved', 'temporal_window_label': 'Unresolved time window', 'time_start_bp': None, 'time_end_bp': None, 'time_mean_bp': None, 'duration_years': None, 'comparison_note': 'No chronology claim has been recovered yet for this sample row.', 'refusal_reason_code': '', 'provenance_path': '', 'provenance_locator': '', 'provenance_excerpt': '', 'original_labels': [], 'normalized_labels': [], 'uncertainty_notes': []}"
Sus scrofa domesticus,pig,PRJEB30282,prjeb30282:samea5161026,SAMEA5161026,,,,,,mixed_radiocarbon_and_archaeological_context,unresolved,unresolved,unresolved,keep the row unresolved until stronger chronology evidence exists,No chronology claim has been recovered yet for this sample row.,,,,"{'schema_version': 'temporal-semantics.v1', 'source_family': 'animal_adna', 'evidence_class': 'unresolved', 'precision_posture': 'unresolved', 'comparability_posture': 'unresolved', 'summary_label': 'Unresolved time semantics', 'temporal_window_key': 'unresolved', 'temporal_window_label': 'Unresolved time window', 'time_start_bp': None, 'time_end_bp': None, 'time_mean_bp': None, 'duration_years': None, 'comparison_note': 'No chronology claim has been recovered yet for this sample row.', 'refusal_reason_code': '', 'provenance_path': '', 'provenance_locator': '', 'provenance_excerpt': '', 'original_labels': [], 'normalized_labels': [], 'uncertainty_notes': []}"
Sus scrofa domesticus,pig,PRJEB30282,prjeb30282:samea5161027,SAMEA5161027,,,,,,mixed_radiocarbon_and_archaeological_context,unresolved,unresolved,unresolved,keep the row unresolved until stronger chronology evidence exists,No chronology claim has been recovered yet for this sample row.,,,,"{'schema_version': 'temporal-semantics.v1', 'source_family': 'animal_adna', 'evidence_class': 'unresolved', 'precision_posture': 'unresolved', 'comparability_posture': 'unresolved', 'summary_label': 'Unresolved time semantics', 'temporal_window_key': 'unresolved', 'temporal_window_label': 'Unresolved time window', 'time_start_bp': None, 'time_end_bp': None, 'time_mean_bp': None, 'duration_years': None, 'comparison_note': 'No chronology claim has been recovered yet for this sample row.', 'refusal_reason_code': '', 'provenance_path': '', 'provenance_locator': '', 'provenance_excerpt': '', 'original_labels': [], 'normalized_labels': [], 'uncertainty_notes': []}"
Sus scrofa domesticus,pig,PRJEB30282,prjeb30282:samea5161028,SAMEA5161028,,,,,,mixed_radiocarbon_and_archaeological_context,unresolved,unresolved,unresolved,keep the row unresolved until stronger chronology evidence exists,No chronology claim has been recovered yet for this sample row.,,,,"{'schema_version': 'temporal-semantics.v1', 'source_family': 'animal_adna', 'evidence_class': 'unresolved', 'precision_posture': 'unresolved', 'comparability_posture': 'unresolved', 'summary_label': 'Unresolved time semantics', 'temporal_window_key': 'unresolved', 'temporal_window_label': 'Unresolved time window', 'time_start_bp': None, 'time_end_bp': None, 'time_mean_bp': None, 'duration_years': None, 'comparison_note': 'No chronology claim has been recovered yet for this sample row.', 'refusal_reason_code': '', 'provenance_path': '', 'provenance_locator': '', 'provenance_excerpt': '', 'original_labels': [], 'normalized_labels': [], 'uncertainty_notes': []}"
Sus scrofa domesticus,pig,PRJEB30282,prjeb30282:samea5161029,SAMEA5161029,,,,,,mixed_radiocarbon_and_archaeological_context,unresolved,unresolved,unresolved,keep the row unresolved until stronger chronology evidence exists,No chronology claim has been recovered yet for this sample row.,,,,"{'schema_version': 'temporal-semantics.v1', 'source_family': 'animal_adna', 'evidence_class': 'unresolved', 'precision_posture': 'unresolved', 'comparability_posture': 'unresolved', 'summary_label': 'Unresolved time semantics', 'temporal_window_key': 'unresolved', 'temporal_window_label': 'Unresolved time window', 'time_start_bp': None, 'time_end_bp': None, 'time_mean_bp': None, 'duration_years': None, 'comparison_note': 'No chronology claim has been recovered yet for this sample row.', 'refusal_reason_code': '', 'provenance_path': '', 'provenance_locator': '', 'provenance_excerpt': '', 'original_labels': [], 'normalized_labels': [], 'uncertainty_notes': []}"
Sus scrofa domesticus,pig,PRJEB30282,prjeb30282:samea5161030,SAMEA5161030,,,,,,mixed_radiocarbon_and_archaeological_context,unresolved,unresolved,unresolved,keep the row unresolved until stronger chronology evidence exists,No chronology claim has been recovered yet for this sample row.,,,,"{'schema_version': 'temporal-semantics.v1', 'source_family': 'animal_adna', 'evidence_class': 'unresolved', 'precision_posture': 'unresolved', 'comparability_posture': 'unresolved', 'summary_label': 'Unresolved time semantics', 'temporal_window_key': 'unresolved', 'temporal_window_label': 'Unresolved time window', 'time_start_bp': None, 'time_end_bp': None, 'time_mean_bp': None, 'duration_years': None, 'comparison_note': 'No chronology claim has been recovered yet for this sample row.', 'refusal_reason_code': '', 'provenance_path': '', 'provenance_locator': '', 'provenance_excerpt': '', 'original_labels': [], 'normalized_labels': [], 'uncertainty_notes': []}"
Sus scrofa domesticus,pig,PRJEB30282,prjeb30282:samea5161031,SAMEA5161031,,,,,,mixed_radiocarbon_and_archaeological_context,unresolved,unresolved,unresolved,keep the row unresolved until stronger chronology evidence exists,No chronology claim has been recovered yet for this sample row.,,,,"{'schema_version': 'temporal-semantics.v1', 'source_family': 'animal_adna', 'evidence_class': 'unresolved', 'precision_posture': 'unresolved', 'comparability_posture': 'unresolved', 'summary_label': 'Unresolved time semantics', 'temporal_window_key': 'unresolved', 'temporal_window_label': 'Unresolved time window', 'time_start_bp': None, 'time_end_bp': None, 'time_mean_bp': None, 'duration_years': None, 'comparison_note': 'No chronology claim has been recovered yet for this sample row.', 'refusal_reason_code': '', 'provenance_path': '', 'provenance_locator': '', 'provenance_excerpt': '', 'original_labels': [], 'normalized_labels': [], 'uncertainty_notes': []}"
Sus scrofa domesticus,pig,PRJEB30282,prjeb30282:samea5161032,SAMEA5161032,,,,,,mixed_radiocarbon_and_archaeological_context,unresolved,unresolved,unresolved,keep the row unresolved until stronger chronology evidence exists,No chronology claim has been recovered yet for this sample row.,,,,"{'schema_version': 'temporal-semantics.v1', 'source_family': 'animal_adna', 'evidence_class': 'unresolved', 'precision_posture': 'unresolved', 'comparability_posture': 'unresolved', 'summary_label': 'Unresolved time semantics', 'temporal_window_key': 'unresolved', 'temporal_window_label': 'Unresolved time window', 'time_start_bp': None, 'time_end_bp': None, 'time_mean_bp': None, 'duration_years': None, 'comparison_note': 'No chronology claim has been recovered yet for this sample row.', 'refusal_reason_code': '', 'provenance_path': '', 'provenance_locator': '', 'provenance_excerpt': '', 'original_labels': [], 'normalized_labels': [], 'uncertainty_notes': []}"
Sus scrofa domesticus,pig,PRJEB30282,prjeb30282:samea5161033,SAMEA5161033,,,,,,mixed_radiocarbon_and_archaeological_context,unresolved,unresolved,unresolved,keep the row unresolved until stronger chronology evidence exists,No chronology claim has been recovered yet for this sample row.,,,,"{'schema_version': 'temporal-semantics.v1', 'source_family': 'animal_adna', 'evidence_class': 'unresolved', 'precision_posture': 'unresolved', 'comparability_posture': 'unresolved', 'summary_label': 'Unresolved time semantics', 'temporal_window_key': 'unresolved', 'temporal_window_label': 'Unresolved time window', 'time_start_bp': None, 'time_end_bp': None, 'time_mean_bp': None, 'duration_years': None, 'comparison_note': 'No chronology claim has been recovered yet for this sample row.', 'refusal_reason_code': '', 'provenance_path': '', 'provenance_locator': '', 'provenance_excerpt': '', 'original_labels': [], 'normalized_labels': [], 'uncertainty_notes': []}"
Sus scrofa domesticus,pig,PRJEB30282,prjeb30282:samea5161034,SAMEA5161034,,,,,,mixed_radiocarbon_and_archaeological_context,unresolved,unresolved,unresolved,keep the row unresolved until stronger chronology evidence exists,No chronology claim has been recovered yet for this sample row.,,,,"{'schema_version': 'temporal-semantics.v1', 'source_family': 'animal_adna', 'evidence_class': 'unresolved', 'precision_posture': 'unresolved', 'comparability_posture': 'unresolved', 'summary_label': 'Unresolved time semantics', 'temporal_window_key': 'unresolved', 'temporal_window_label': 'Unresolved time window', 'time_start_bp': None, 'time_end_bp': None, 'time_mean_bp': None, 'duration_years': None, 'comparison_note': 'No chronology claim has been recovered yet for this sample row.', 'refusal_reason_code': '', 'provenance_path': '', 'provenance_locator': '', 'provenance_excerpt': '', 'original_labels': [], 'normalized_labels': [], 'uncertainty_notes': []}"
Sus scrofa domesticus,pig,PRJEB30282,prjeb30282:samea5161035,SAMEA5161035,,,,,,mixed_radiocarbon_and_archaeological_context,unresolved,unresolved,unresolved,keep the row unresolved until stronger chronology evidence exists,No chronology claim has been recovered yet for this sample row.,,,,"{'schema_version': 'temporal-semantics.v1', 'source_family': 'animal_adna', 'evidence_class': 'unresolved', 'precision_posture': 'unresolved', 'comparability_posture': 'unresolved', 'summary_label': 'Unresolved time semantics', 'temporal_window_key': 'unresolved', 'temporal_window_label': 'Unresolved time window', 'time_start_bp': None, 'time_end_bp': None, 'time_mean_bp': None, 'duration_years': None, 'comparison_note': 'No chronology claim has been recovered yet for this sample row.', 'refusal_reason_code': '', 'provenance_path': '', 'provenance_locator': '', 'provenance_excerpt': '', 'original_labels': [], 'normalized_labels': [], 'uncertainty_notes': []}"
Sus scrofa domesticus,pig,PRJEB30282,prjeb30282:samea5161036,SAMEA5161036,,,,,,mixed_radiocarbon_and_archaeological_context,unresolved,unresolved,unresolved,keep the row unresolved until stronger chronology evidence exists,No chronology claim has been recovered yet for this sample row.,,,,"{'schema_version': 'temporal-semantics.v1', 'source_family': 'animal_adna', 'evidence_class': 'unresolved', 'precision_posture': 'unresolved', 'comparability_posture': 'unresolved', 'summary_label': 'Unresolved time semantics', 'temporal_window_key': 'unresolved', 'temporal_window_label': 'Unresolved time window', 'time_start_bp': None, 'time_end_bp': None, 'time_mean_bp': None, 'duration_years': None, 'comparison_note': 'No chronology claim has been recovered yet for this sample row.', 'refusal_reason_code': '', 'provenance_path': '', 'provenance_locator': '', 'provenance_excerpt': '', 'original_labels': [], 'normalized_labels': [], 'uncertainty_notes': []}"
Sus scrofa domesticus,pig,PRJEB30282,prjeb30282:samea5161037,SAMEA5161037,,,,,,mixed_radiocarbon_and_archaeological_context,unresolved,unresolved,unresolved,keep the row unresolved until stronger chronology evidence exists,No chronology claim has been recovered yet for this sample row.,,,,"{'schema_version': 'temporal-semantics.v1', 'source_family': 'animal_adna', 'evidence_class': 'unresolved', 'precision_posture': 'unresolved', 'comparability_posture': 'unresolved', 'summary_label': 'Unresolved time semantics', 'temporal_window_key': 'unresolved', 'temporal_window_label': 'Unresolved time window', 'time_start_bp': None, 'time_end_bp': None, 'time_mean_bp': None, 'duration_years': None, 'comparison_note': 'No chronology claim has been recovered yet for this sample row.', 'refusal_reason_code': '', 'provenance_path': '', 'provenance_locator': '', 'provenance_excerpt': '', 'original_labels': [], 'normalized_labels': [], 'uncertainty_notes': []}"
Sus scrofa domesticus,pig,PRJEB30282,prjeb30282:samea5161038,SAMEA5161038,,,,,,mixed_radiocarbon_and_archaeological_context,unresolved,unresolved,unresolved,keep the row unresolved until stronger chronology evidence exists,No chronology claim has been recovered yet for this sample row.,,,,"{'schema_version': 'temporal-semantics.v1', 'source_family': 'animal_adna', 'evidence_class': 'unresolved', 'precision_posture': 'unresolved', 'comparability_posture': 'unresolved', 'summary_label': 'Unresolved time semantics', 'temporal_window_key': 'unresolved', 'temporal_window_label': 'Unresolved time window', 'time_start_bp': None, 'time_end_bp': None, 'time_mean_bp': None, 'duration_years': None, 'comparison_note': 'No chronology claim has been recovered yet for this sample row.', 'refusal_reason_code': '', 'provenance_path': '', 'provenance_locator': '', 'provenance_excerpt': '', 'original_labels': [], 'normalized_labels': [], 'uncertainty_notes': []}"
Sus scrofa domesticus,pig,PRJEB30282,prjeb30282:samea5161039,SAMEA5161039,,,,,,mixed_radiocarbon_and_archaeological_context,unresolved,unresolved,unresolved,keep the row unresolved until stronger chronology evidence exists,No chronology claim has been recovered yet for this sample row.,,,,"{'schema_version': 'temporal-semantics.v1', 'source_family': 'animal_adna', 'evidence_class': 'unresolved', 'precision_posture': 'unresolved', 'comparability_posture': 'unresolved', 'summary_label': 'Unresolved time semantics', 'temporal_window_key': 'unresolved', 'temporal_window_label': 'Unresolved time window', 'time_start_bp': None, 'time_end_bp': None, 'time_mean_bp': None, 'duration_years': None, 'comparison_note': 'No chronology claim has been recovered yet for this sample row.', 'refusal_reason_code': '', 'provenance_path': '', 'provenance_locator': '', 'provenance_excerpt': '', 'original_labels': [], 'normalized_labels': [], 'uncertainty_notes': []}"
Sus scrofa domesticus,pig,PRJEB30282,prjeb30282:samea5161040,SAMEA5161040,,,,,,mixed_radiocarbon_and_archaeological_context,unresolved,unresolved,unresolved,keep the row unresolved until stronger chronology evidence exists,No chronology claim has been recovered yet for this sample row.,,,,"{'schema_version': 'temporal-semantics.v1', 'source_family': 'animal_adna', 'evidence_class': 'unresolved', 'precision_posture': 'unresolved', 'comparability_posture': 'unresolved', 'summary_label': 'Unresolved time semantics', 'temporal_window_key': 'unresolved', 'temporal_window_label': 'Unresolved time window', 'time_start_bp': None, 'time_end_bp': None, 'time_mean_bp': None, 'duration_years': None, 'comparison_note': 'No chronology claim has been recovered yet for this sample row.', 'refusal_reason_code': '', 'provenance_path': '', 'provenance_locator': '', 'provenance_excerpt': '', 'original_labels': [], 'normalized_labels': [], 'uncertainty_notes': []}"
Sus scrofa domesticus,pig,PRJEB30282,prjeb30282:samea5161041,SAMEA5161041,,,,,,mixed_radiocarbon_and_archaeological_context,unresolved,unresolved,unresolved,keep the row unresolved until stronger chronology evidence exists,No chronology claim has been recovered yet for this sample row.,,,,"{'schema_version': 'temporal-semantics.v1', 'source_family': 'animal_adna', 'evidence_class': 'unresolved', 'precision_posture': 'unresolved', 'comparability_posture': 'unresolved', 'summary_label': 'Unresolved time semantics', 'temporal_window_key': 'unresolved', 'temporal_window_label': 'Unresolved time window', 'time_start_bp': None, 'time_end_bp': None, 'time_mean_bp': None, 'duration_years': None, 'comparison_note': 'No chronology claim has been recovered yet for this sample row.', 'refusal_reason_code': '', 'provenance_path': '', 'provenance_locator': '', 'provenance_excerpt': '', 'original_labels': [], 'normalized_labels': [], 'uncertainty_notes': []}"
Sus scrofa domesticus,pig,PRJEB30282,prjeb30282:samea5161042,SAMEA5161042,,,,,,mixed_radiocarbon_and_archaeological_context,unresolved,unresolved,unresolved,keep the row unresolved until stronger chronology evidence exists,No chronology claim has been recovered yet for this sample row.,,,,"{'schema_version': 'temporal-semantics.v1', 'source_family': 'animal_adna', 'evidence_class': 'unresolved', 'precision_posture': 'unresolved', 'comparability_posture': 'unresolved', 'summary_label': 'Unresolved time semantics', 'temporal_window_key': 'unresolved', 'temporal_window_label': 'Unresolved time window', 'time_start_bp': None, 'time_end_bp': None, 'time_mean_bp': None, 'duration_years': None, 'comparison_note': 'No chronology claim has been recovered yet for this sample row.', 'refusal_reason_code': '', 'provenance_path': '', 'provenance_locator': '', 'provenance_excerpt': '', 'original_labels': [], 'normalized_labels': [], 'uncertainty_notes': []}"
Sus scrofa domesticus,pig,PRJEB30282,prjeb30282:samea5161043,SAMEA5161043,,,,,,mixed_radiocarbon_and_archaeological_context,unresolved,unresolved,unresolved,keep the row unresolved until stronger chronology evidence exists,No chronology claim has been recovered yet for this sample row.,,,,"{'schema_version': 'temporal-semantics.v1', 'source_family': 'animal_adna', 'evidence_class': 'unresolved', 'precision_posture': 'unresolved', 'comparability_posture': 'unresolved', 'summary_label': 'Unresolved time semantics', 'temporal_window_key': 'unresolved', 'temporal_window_label': 'Unresolved time window', 'time_start_bp': None, 'time_end_bp': None, 'time_mean_bp': None, 'duration_years': None, 'comparison_note': 'No chronology claim has been recovered yet for this sample row.', 'refusal_reason_code': '', 'provenance_path': '', 'provenance_locator': '', 'provenance_excerpt': '', 'original_labels': [], 'normalized_labels': [], 'uncertainty_notes': []}"
Sus scrofa domesticus,pig,PRJEB30282,prjeb30282:samea5161044,SAMEA5161044,,,,,,mixed_radiocarbon_and_archaeological_context,unresolved,unresolved,unresolved,keep the row unresolved until stronger chronology evidence exists,No chronology claim has been recovered yet for this sample row.,,,,"{'schema_version': 'temporal-semantics.v1', 'source_family': 'animal_adna', 'evidence_class': 'unresolved', 'precision_posture': 'unresolved', 'comparability_posture': 'unresolved', 'summary_label': 'Unresolved time semantics', 'temporal_window_key': 'unresolved', 'temporal_window_label': 'Unresolved time window', 'time_start_bp': None, 'time_end_bp': None, 'time_mean_bp': None, 'duration_years': None, 'comparison_note': 'No chronology claim has been recovered yet for this sample row.', 'refusal_reason_code': '', 'provenance_path': '', 'provenance_locator': '', 'provenance_excerpt': '', 'original_labels': [], 'normalized_labels': [], 'uncertainty_notes': []}"
Sus scrofa domesticus,pig,PRJEB30282,prjeb30282:samea5161045,SAMEA5161045,,,,,,mixed_radiocarbon_and_archaeological_context,unresolved,unresolved,unresolved,keep the row unresolved until stronger chronology evidence exists,No chronology claim has been recovered yet for this sample row.,,,,"{'schema_version': 'temporal-semantics.v1', 'source_family': 'animal_adna', 'evidence_class': 'unresolved', 'precision_posture': 'unresolved', 'comparability_posture': 'unresolved', 'summary_label': 'Unresolved time semantics', 'temporal_window_key': 'unresolved', 'temporal_window_label': 'Unresolved time window', 'time_start_bp': None, 'time_end_bp': None, 'time_mean_bp': None, 'duration_years': None, 'comparison_note': 'No chronology claim has been recovered yet for this sample row.', 'refusal_reason_code': '', 'provenance_path': '', 'provenance_locator': '', 'provenance_excerpt': '', 'original_labels': [], 'normalized_labels': [], 'uncertainty_notes': []}"
Sus scrofa domesticus,pig,PRJEB30282,prjeb30282:samea5161046,SAMEA5161046,,,,,,mixed_radiocarbon_and_archaeological_context,unresolved,unresolved,unresolved,keep the row unresolved until stronger chronology evidence exists,No chronology claim has been recovered yet for this sample row.,,,,"{'schema_version': 'temporal-semantics.v1', 'source_family': 'animal_adna', 'evidence_class': 'unresolved', 'precision_posture': 'unresolved', 'comparability_posture': 'unresolved', 'summary_label': 'Unresolved time semantics', 'temporal_window_key': 'unresolved', 'temporal_window_label': 'Unresolved time window', 'time_start_bp': None, 'time_end_bp': None, 'time_mean_bp': None, 'duration_years': None, 'comparison_note': 'No chronology claim has been recovered yet for this sample row.', 'refusal_reason_code': '', 'provenance_path': '', 'provenance_locator': '', 'provenance_excerpt': '', 'original_labels': [], 'normalized_labels': [], 'uncertainty_notes': []}"
Sus scrofa domesticus,pig,PRJEB30282,prjeb30282:samea5161047,SAMEA5161047,,,,,,mixed_radiocarbon_and_archaeological_context,unresolved,unresolved,unresolved,keep the row unresolved until stronger chronology evidence exists,No chronology claim has been recovered yet for this sample row.,,,,"{'schema_version': 'temporal-semantics.v1', 'source_family': 'animal_adna', 'evidence_class': 'unresolved', 'precision_posture': 'unresolved', 'comparability_posture': 'unresolved', 'summary_label': 'Unresolved time semantics', 'temporal_window_key': 'unresolved', 'temporal_window_label': 'Unresolved time window', 'time_start_bp': None, 'time_end_bp': None, 'time_mean_bp': None, 'duration_years': None, 'comparison_note': 'No chronology claim has been recovered yet for this sample row.', 'refusal_reason_code': '', 'provenance_path': '', 'provenance_locator': '', 'provenance_excerpt': '', 'original_labels': [], 'normalized_labels': [], 'uncertainty_notes': []}"
Sus scrofa domesticus,pig,PRJEB30282,prjeb30282:samea5161048,SAMEA5161048,,,,,,mixed_radiocarbon_and_archaeological_context,unresolved,unresolved,unresolved,keep the row unresolved until stronger chronology evidence exists,No chronology claim has been recovered yet for this sample row.,,,,"{'schema_version': 'temporal-semantics.v1', 'source_family': 'animal_adna', 'evidence_class': 'unresolved', 'precision_posture': 'unresolved', 'comparability_posture': 'unresolved', 'summary_label': 'Unresolved time semantics', 'temporal_window_key': 'unresolved', 'temporal_window_label': 'Unresolved time window', 'time_start_bp': None, 'time_end_bp': None, 'time_mean_bp': None, 'duration_years': None, 'comparison_note': 'No chronology claim has been recovered yet for this sample row.', 'refusal_reason_code': '', 'provenance_path': '', 'provenance_locator': '', 'provenance_excerpt': '', 'original_labels': [], 'normalized_labels': [], 'uncertainty_notes': []}"
Sus scrofa domesticus,pig,PRJEB30282,prjeb30282:samea5161049,SAMEA5161049,,,,,,mixed_radiocarbon_and_archaeological_context,unresolved,unresolved,unresolved,keep the row unresolved until stronger chronology evidence exists,No chronology claim has been recovered yet for this sample row.,,,,"{'schema_version': 'temporal-semantics.v1', 'source_family': 'animal_adna', 'evidence_class': 'unresolved', 'precision_posture': 'unresolved', 'comparability_posture': 'unresolved', 'summary_label': 'Unresolved time semantics', 'temporal_window_key': 'unresolved', 'temporal_window_label': 'Unresolved time window', 'time_start_bp': None, 'time_end_bp': None, 'time_mean_bp': None, 'duration_years': None, 'comparison_note': 'No chronology claim has been recovered yet for this sample row.', 'refusal_reason_code': '', 'provenance_path': '', 'provenance_locator': '', 'provenance_excerpt': '', 'original_labels': [], 'normalized_labels': [], 'uncertainty_notes': []}"
Sus scrofa domesticus,pig,PRJEB30282,prjeb30282:samea5161050,SAMEA5161050,,,,,,mixed_radiocarbon_and_archaeological_context,unresolved,unresolved,unresolved,keep the row unresolved until stronger chronology evidence exists,No chronology claim has been recovered yet for this sample row.,,,,"{'schema_version': 'temporal-semantics.v1', 'source_family': 'animal_adna', 'evidence_class': 'unresolved', 'precision_posture': 'unresolved', 'comparability_posture': 'unresolved', 'summary_label': 'Unresolved time semantics', 'temporal_window_key': 'unresolved', 'temporal_window_label': 'Unresolved time window', 'time_start_bp': None, 'time_end_bp': None, 'time_mean_bp': None, 'duration_years': None, 'comparison_note': 'No chronology claim has been recovered yet for this sample row.', 'refusal_reason_code': '', 'provenance_path': '', 'provenance_locator': '', 'provenance_excerpt': '', 'original_labels': [], 'normalized_labels': [], 'uncertainty_notes': []}"
Sus scrofa domesticus,pig,PRJEB30282,prjeb30282:samea5161051,SAMEA5161051,,,,,,mixed_radiocarbon_and_archaeological_context,unresolved,unresolved,unresolved,keep the row unresolved until stronger chronology evidence exists,No chronology claim has been recovered yet for this sample row.,,,,"{'schema_version': 'temporal-semantics.v1', 'source_family': 'animal_adna', 'evidence_class': 'unresolved', 'precision_posture': 'unresolved', 'comparability_posture': 'unresolved', 'summary_label': 'Unresolved time semantics', 'temporal_window_key': 'unresolved', 'temporal_window_label': 'Unresolved time window', 'time_start_bp': None, 'time_end_bp': None, 'time_mean_bp': None, 'duration_years': None, 'comparison_note': 'No chronology claim has been recovered yet for this sample row.', 'refusal_reason_code': '', 'provenance_path': '', 'provenance_locator': '', 'provenance_excerpt': '', 'original_labels': [], 'normalized_labels': [], 'uncertainty_notes': []}"
Sus scrofa domesticus,pig,PRJEB30282,prjeb30282:samea5161052,SAMEA5161052,,,,,,mixed_radiocarbon_and_archaeological_context,unresolved,unresolved,unresolved,keep the row unresolved until stronger chronology evidence exists,No chronology claim has been recovered yet for this sample row.,,,,"{'schema_version': 'temporal-semantics.v1', 'source_family': 'animal_adna', 'evidence_class': 'unresolved', 'precision_posture': 'unresolved', 'comparability_posture': 'unresolved', 'summary_label': 'Unresolved time semantics', 'temporal_window_key': 'unresolved', 'temporal_window_label': 'Unresolved time window', 'time_start_bp': None, 'time_end_bp': None, 'time_mean_bp': None, 'duration_years': None, 'comparison_note': 'No chronology claim has been recovered yet for this sample row.', 'refusal_reason_code': '', 'provenance_path': '', 'provenance_locator': '', 'provenance_excerpt': '', 'original_labels': [], 'normalized_labels': [], 'uncertainty_notes': []}"
Sus scrofa domesticus,pig,PRJEB30282,prjeb30282:samea5161053,SAMEA5161053,,,,,,mixed_radiocarbon_and_archaeological_context,unresolved,unresolved,unresolved,keep the row unresolved until stronger chronology evidence exists,No chronology claim has been recovered yet for this sample row.,,,,"{'schema_version': 'temporal-semantics.v1', 'source_family': 'animal_adna', 'evidence_class': 'unresolved', 'precision_posture': 'unresolved', 'comparability_posture': 'unresolved', 'summary_label': 'Unresolved time semantics', 'temporal_window_key': 'unresolved', 'temporal_window_label': 'Unresolved time window', 'time_start_bp': None, 'time_end_bp': None, 'time_mean_bp': None, 'duration_years': None, 'comparison_note': 'No chronology claim has been recovered yet for this sample row.', 'refusal_reason_code': '', 'provenance_path': '', 'provenance_locator': '', 'provenance_excerpt': '', 'original_labels': [], 'normalized_labels': [], 'uncertainty_notes': []}"
Sus scrofa domesticus,pig,PRJEB30282,prjeb30282:samea5161054,SAMEA5161054,,,,,,mixed_radiocarbon_and_archaeological_context,unresolved,unresolved,unresolved,keep the row unresolved until stronger chronology evidence exists,No chronology claim has been recovered yet for this sample row.,,,,"{'schema_version': 'temporal-semantics.v1', 'source_family': 'animal_adna', 'evidence_class': 'unresolved', 'precision_posture': 'unresolved', 'comparability_posture': 'unresolved', 'summary_label': 'Unresolved time semantics', 'temporal_window_key': 'unresolved', 'temporal_window_label': 'Unresolved time window', 'time_start_bp': None, 'time_end_bp': None, 'time_mean_bp': None, 'duration_years': None, 'comparison_note': 'No chronology claim has been recovered yet for this sample row.', 'refusal_reason_code': '', 'provenance_path': '', 'provenance_locator': '', 'provenance_excerpt': '', 'original_labels': [], 'normalized_labels': [], 'uncertainty_notes': []}"
Sus scrofa domesticus,pig,PRJEB30282,prjeb30282:samea5161055,SAMEA5161055,,,,,,mixed_radiocarbon_and_archaeological_context,unresolved,unresolved,unresolved,keep the row unresolved until stronger chronology evidence exists,No chronology claim has been recovered yet for this sample row.,,,,"{'schema_version': 'temporal-semantics.v1', 'source_family': 'animal_adna', 'evidence_class': 'unresolved', 'precision_posture': 'unresolved', 'comparability_posture': 'unresolved', 'summary_label': 'Unresolved time semantics', 'temporal_window_key': 'unresolved', 'temporal_window_label': 'Unresolved time window', 'time_start_bp': None, 'time_end_bp': None, 'time_mean_bp': None, 'duration_years': None, 'comparison_note': 'No chronology claim has been recovered yet for this sample row.', 'refusal_reason_code': '', 'provenance_path': '', 'provenance_locator': '', 'provenance_excerpt': '', 'original_labels': [], 'normalized_labels': [], 'uncertainty_notes': []}"
Sus scrofa domesticus,pig,PRJEB30282,prjeb30282:samea5161056,SAMEA5161056,,,,,,mixed_radiocarbon_and_archaeological_context,unresolved,unresolved,unresolved,keep the row unresolved until stronger chronology evidence exists,No chronology claim has been recovered yet for this sample row.,,,,"{'schema_version': 'temporal-semantics.v1', 'source_family': 'animal_adna', 'evidence_class': 'unresolved', 'precision_posture': 'unresolved', 'comparability_posture': 'unresolved', 'summary_label': 'Unresolved time semantics', 'temporal_window_key': 'unresolved', 'temporal_window_label': 'Unresolved time window', 'time_start_bp': None, 'time_end_bp': None, 'time_mean_bp': None, 'duration_years': None, 'comparison_note': 'No chronology claim has been recovered yet for this sample row.', 'refusal_reason_code': '', 'provenance_path': '', 'provenance_locator': '', 'provenance_excerpt': '', 'original_labels': [], 'normalized_labels': [], 'uncertainty_notes': []}"
Sus scrofa domesticus,pig,PRJEB30282,prjeb30282:samea5161057,SAMEA5161057,,,,,,mixed_radiocarbon_and_archaeological_context,unresolved,unresolved,unresolved,keep the row unresolved until stronger chronology evidence exists,No chronology claim has been recovered yet for this sample row.,,,,"{'schema_version': 'temporal-semantics.v1', 'source_family': 'animal_adna', 'evidence_class': 'unresolved', 'precision_posture': 'unresolved', 'comparability_posture': 'unresolved', 'summary_label': 'Unresolved time semantics', 'temporal_window_key': 'unresolved', 'temporal_window_label': 'Unresolved time window', 'time_start_bp': None, 'time_end_bp': None, 'time_mean_bp': None, 'duration_years': None, 'comparison_note': 'No chronology claim has been recovered yet for this sample row.', 'refusal_reason_code': '', 'provenance_path': '', 'provenance_locator': '', 'provenance_excerpt': '', 'original_labels': [], 'normalized_labels': [], 'uncertainty_notes': []}"
Sus scrofa domesticus,pig,PRJEB30282,prjeb30282:samea5161058,SAMEA5161058,,,,,,mixed_radiocarbon_and_archaeological_context,unresolved,unresolved,unresolved,keep the row unresolved until stronger chronology evidence exists,No chronology claim has been recovered yet for this sample row.,,,,"{'schema_version': 'temporal-semantics.v1', 'source_family': 'animal_adna', 'evidence_class': 'unresolved', 'precision_posture': 'unresolved', 'comparability_posture': 'unresolved', 'summary_label': 'Unresolved time semantics', 'temporal_window_key': 'unresolved', 'temporal_window_label': 'Unresolved time window', 'time_start_bp': None, 'time_end_bp': None, 'time_mean_bp': None, 'duration_years': None, 'comparison_note': 'No chronology claim has been recovered yet for this sample row.', 'refusal_reason_code': '', 'provenance_path': '', 'provenance_locator': '', 'provenance_excerpt': '', 'original_labels': [], 'normalized_labels': [], 'uncertainty_notes': []}"
Sus scrofa domesticus,pig,PRJEB30282,prjeb30282:samea5161059,SAMEA5161059,,,,,,mixed_radiocarbon_and_archaeological_context,unresolved,unresolved,unresolved,keep the row unresolved until stronger chronology evidence exists,No chronology claim has been recovered yet for this sample row.,,,,"{'schema_version': 'temporal-semantics.v1', 'source_family': 'animal_adna', 'evidence_class': 'unresolved', 'precision_posture': 'unresolved', 'comparability_posture': 'unresolved', 'summary_label': 'Unresolved time semantics', 'temporal_window_key': 'unresolved', 'temporal_window_label': 'Unresolved time window', 'time_start_bp': None, 'time_end_bp': None, 'time_mean_bp': None, 'duration_years': None, 'comparison_note': 'No chronology claim has been recovered yet for this sample row.', 'refusal_reason_code': '', 'provenance_path': '', 'provenance_locator': '', 'provenance_excerpt': '', 'original_labels': [], 'normalized_labels': [], 'uncertainty_notes': []}"
Sus scrofa domesticus,pig,PRJEB30282,prjeb30282:samea5161060,SAMEA5161060,,,,,,mixed_radiocarbon_and_archaeological_context,unresolved,unresolved,unresolved,keep the row unresolved until stronger chronology evidence exists,No chronology claim has been recovered yet for this sample row.,,,,"{'schema_version': 'temporal-semantics.v1', 'source_family': 'animal_adna', 'evidence_class': 'unresolved', 'precision_posture': 'unresolved', 'comparability_posture': 'unresolved', 'summary_label': 'Unresolved time semantics', 'temporal_window_key': 'unresolved', 'temporal_window_label': 'Unresolved time window', 'time_start_bp': None, 'time_end_bp': None, 'time_mean_bp': None, 'duration_years': None, 'comparison_note': 'No chronology claim has been recovered yet for this sample row.', 'refusal_reason_code': '', 'provenance_path': '', 'provenance_locator': '', 'provenance_excerpt': '', 'original_labels': [], 'normalized_labels': [], 'uncertainty_notes': []}"
Sus scrofa domesticus,pig,PRJEB30282,prjeb30282:samea5161061,SAMEA5161061,,,,,,mixed_radiocarbon_and_archaeological_context,unresolved,unresolved,unresolved,keep the row unresolved until stronger chronology evidence exists,No chronology claim has been recovered yet for this sample row.,,,,"{'schema_version': 'temporal-semantics.v1', 'source_family': 'animal_adna', 'evidence_class': 'unresolved', 'precision_posture': 'unresolved', 'comparability_posture': 'unresolved', 'summary_label': 'Unresolved time semantics', 'temporal_window_key': 'unresolved', 'temporal_window_label': 'Unresolved time window', 'time_start_bp': None, 'time_end_bp': None, 'time_mean_bp': None, 'duration_years': None, 'comparison_note': 'No chronology claim has been recovered yet for this sample row.', 'refusal_reason_code': '', 'provenance_path': '', 'provenance_locator': '', 'provenance_excerpt': '', 'original_labels': [], 'normalized_labels': [], 'uncertainty_notes': []}"
Sus scrofa domesticus,pig,PRJEB30282,prjeb30282:samea5161062,SAMEA5161062,,,,,,mixed_radiocarbon_and_archaeological_context,unresolved,unresolved,unresolved,keep the row unresolved until stronger chronology evidence exists,No chronology claim has been recovered yet for this sample row.,,,,"{'schema_version': 'temporal-semantics.v1', 'source_family': 'animal_adna', 'evidence_class': 'unresolved', 'precision_posture': 'unresolved', 'comparability_posture': 'unresolved', 'summary_label': 'Unresolved time semantics', 'temporal_window_key': 'unresolved', 'temporal_window_label': 'Unresolved time window', 'time_start_bp': None, 'time_end_bp': None, 'time_mean_bp': None, 'duration_years': None, 'comparison_note': 'No chronology claim has been recovered yet for this sample row.', 'refusal_reason_code': '', 'provenance_path': '', 'provenance_locator': '', 'provenance_excerpt': '', 'original_labels': [], 'normalized_labels': [], 'uncertainty_notes': []}"
Sus scrofa domesticus,pig,PRJEB30282,prjeb30282:samea5161063,SAMEA5161063,,,,,,mixed_radiocarbon_and_archaeological_context,unresolved,unresolved,unresolved,keep the row unresolved until stronger chronology evidence exists,No chronology claim has been recovered yet for this sample row.,,,,"{'schema_version': 'temporal-semantics.v1', 'source_family': 'animal_adna', 'evidence_class': 'unresolved', 'precision_posture': 'unresolved', 'comparability_posture': 'unresolved', 'summary_label': 'Unresolved time semantics', 'temporal_window_key': 'unresolved', 'temporal_window_label': 'Unresolved time window', 'time_start_bp': None, 'time_end_bp': None, 'time_mean_bp': None, 'duration_years': None, 'comparison_note': 'No chronology claim has been recovered yet for this sample row.', 'refusal_reason_code': '', 'provenance_path': '', 'provenance_locator': '', 'provenance_excerpt': '', 'original_labels': [], 'normalized_labels': [], 'uncertainty_notes': []}"
Sus scrofa domesticus,pig,PRJEB30282,prjeb30282:samea5161064,SAMEA5161064,,,,,,mixed_radiocarbon_and_archaeological_context,unresolved,unresolved,unresolved,keep the row unresolved until stronger chronology evidence exists,No chronology claim has been recovered yet for this sample row.,,,,"{'schema_version': 'temporal-semantics.v1', 'source_family': 'animal_adna', 'evidence_class': 'unresolved', 'precision_posture': 'unresolved', 'comparability_posture': 'unresolved', 'summary_label': 'Unresolved time semantics', 'temporal_window_key': 'unresolved', 'temporal_window_label': 'Unresolved time window', 'time_start_bp': None, 'time_end_bp': None, 'time_mean_bp': None, 'duration_years': None, 'comparison_note': 'No chronology claim has been recovered yet for this sample row.', 'refusal_reason_code': '', 'provenance_path': '', 'provenance_locator': '', 'provenance_excerpt': '', 'original_labels': [], 'normalized_labels': [], 'uncertainty_notes': []}"
Sus scrofa domesticus,pig,PRJEB30282,prjeb30282:samea5161065,SAMEA5161065,,,,,,mixed_radiocarbon_and_archaeological_context,unresolved,unresolved,unresolved,keep the row unresolved until stronger chronology evidence exists,No chronology claim has been recovered yet for this sample row.,,,,"{'schema_version': 'temporal-semantics.v1', 'source_family': 'animal_adna', 'evidence_class': 'unresolved', 'precision_posture': 'unresolved', 'comparability_posture': 'unresolved', 'summary_label': 'Unresolved time semantics', 'temporal_window_key': 'unresolved', 'temporal_window_label': 'Unresolved time window', 'time_start_bp': None, 'time_end_bp': None, 'time_mean_bp': None, 'duration_years': None, 'comparison_note': 'No chronology claim has been recovered yet for this sample row.', 'refusal_reason_code': '', 'provenance_path': '', 'provenance_locator': '', 'provenance_excerpt': '', 'original_labels': [], 'normalized_labels': [], 'uncertainty_notes': []}"
Sus scrofa domesticus,pig,PRJEB30282,prjeb30282:samea5161066,SAMEA5161066,,,,,,mixed_radiocarbon_and_archaeological_context,unresolved,unresolved,unresolved,keep the row unresolved until stronger chronology evidence exists,No chronology claim has been recovered yet for this sample row.,,,,"{'schema_version': 'temporal-semantics.v1', 'source_family': 'animal_adna', 'evidence_class': 'unresolved', 'precision_posture': 'unresolved', 'comparability_posture': 'unresolved', 'summary_label': 'Unresolved time semantics', 'temporal_window_key': 'unresolved', 'temporal_window_label': 'Unresolved time window', 'time_start_bp': None, 'time_end_bp': None, 'time_mean_bp': None, 'duration_years': None, 'comparison_note': 'No chronology claim has been recovered yet for this sample row.', 'refusal_reason_code': '', 'provenance_path': '', 'provenance_locator': '', 'provenance_excerpt': '', 'original_labels': [], 'normalized_labels': [], 'uncertainty_notes': []}"
Sus scrofa domesticus,pig,PRJEB30282,prjeb30282:samea5161067,SAMEA5161067,,,,,,mixed_radiocarbon_and_archaeological_context,unresolved,unresolved,unresolved,keep the row unresolved until stronger chronology evidence exists,No chronology claim has been recovered yet for this sample row.,,,,"{'schema_version': 'temporal-semantics.v1', 'source_family': 'animal_adna', 'evidence_class': 'unresolved', 'precision_posture': 'unresolved', 'comparability_posture': 'unresolved', 'summary_label': 'Unresolved time semantics', 'temporal_window_key': 'unresolved', 'temporal_window_label': 'Unresolved time window', 'time_start_bp': None, 'time_end_bp': None, 'time_mean_bp': None, 'duration_years': None, 'comparison_note': 'No chronology claim has been recovered yet for this sample row.', 'refusal_reason_code': '', 'provenance_path': '', 'provenance_locator': '', 'provenance_excerpt': '', 'original_labels': [], 'normalized_labels': [], 'uncertainty_notes': []}"
Sus scrofa domesticus,pig,PRJEB30282,prjeb30282:samea5161068,SAMEA5161068,,,,,,mixed_radiocarbon_and_archaeological_context,unresolved,unresolved,unresolved,keep the row unresolved until stronger chronology evidence exists,No chronology claim has been recovered yet for this sample row.,,,,"{'schema_version': 'temporal-semantics.v1', 'source_family': 'animal_adna', 'evidence_class': 'unresolved', 'precision_posture': 'unresolved', 'comparability_posture': 'unresolved', 'summary_label': 'Unresolved time semantics', 'temporal_window_key': 'unresolved', 'temporal_window_label': 'Unresolved time window', 'time_start_bp': None, 'time_end_bp': None, 'time_mean_bp': None, 'duration_years': None, 'comparison_note': 'No chronology claim has been recovered yet for this sample row.', 'refusal_reason_code': '', 'provenance_path': '', 'provenance_locator': '', 'provenance_excerpt': '', 'original_labels': [], 'normalized_labels': [], 'uncertainty_notes': []}"
Sus scrofa domesticus,pig,PRJEB30282,prjeb30282:samea5161069,SAMEA5161069,,,,,,mixed_radiocarbon_and_archaeological_context,unresolved,unresolved,unresolved,keep the row unresolved until stronger chronology evidence exists,No chronology claim has been recovered yet for this sample row.,,,,"{'schema_version': 'temporal-semantics.v1', 'source_family': 'animal_adna', 'evidence_class': 'unresolved', 'precision_posture': 'unresolved', 'comparability_posture': 'unresolved', 'summary_label': 'Unresolved time semantics', 'temporal_window_key': 'unresolved', 'temporal_window_label': 'Unresolved time window', 'time_start_bp': None, 'time_end_bp': None, 'time_mean_bp': None, 'duration_years': None, 'comparison_note': 'No chronology claim has been recovered yet for this sample row.', 'refusal_reason_code': '', 'provenance_path': '', 'provenance_locator': '', 'provenance_excerpt': '', 'original_labels': [], 'normalized_labels': [], 'uncertainty_notes': []}"
Sus scrofa domesticus,pig,PRJEB30282,prjeb30282:samea5161070,SAMEA5161070,,,,,,mixed_radiocarbon_and_archaeological_context,unresolved,unresolved,unresolved,keep the row unresolved until stronger chronology evidence exists,No chronology claim has been recovered yet for this sample row.,,,,"{'schema_version': 'temporal-semantics.v1', 'source_family': 'animal_adna', 'evidence_class': 'unresolved', 'precision_posture': 'unresolved', 'comparability_posture': 'unresolved', 'summary_label': 'Unresolved time semantics', 'temporal_window_key': 'unresolved', 'temporal_window_label': 'Unresolved time window', 'time_start_bp': None, 'time_end_bp': None, 'time_mean_bp': None, 'duration_years': None, 'comparison_note': 'No chronology claim has been recovered yet for this sample row.', 'refusal_reason_code': '', 'provenance_path': '', 'provenance_locator': '', 'provenance_excerpt': '', 'original_labels': [], 'normalized_labels': [], 'uncertainty_notes': []}"
Sus scrofa domesticus,pig,PRJEB30282,prjeb30282:samea5161071,SAMEA5161071,,,,,,mixed_radiocarbon_and_archaeological_context,unresolved,unresolved,unresolved,keep the row unresolved until stronger chronology evidence exists,No chronology claim has been recovered yet for this sample row.,,,,"{'schema_version': 'temporal-semantics.v1', 'source_family': 'animal_adna', 'evidence_class': 'unresolved', 'precision_posture': 'unresolved', 'comparability_posture': 'unresolved', 'summary_label': 'Unresolved time semantics', 'temporal_window_key': 'unresolved', 'temporal_window_label': 'Unresolved time window', 'time_start_bp': None, 'time_end_bp': None, 'time_mean_bp': None, 'duration_years': None, 'comparison_note': 'No chronology claim has been recovered yet for this sample row.', 'refusal_reason_code': '', 'provenance_path': '', 'provenance_locator': '', 'provenance_excerpt': '', 'original_labels': [], 'normalized_labels': [], 'uncertainty_notes': []}"
Sus scrofa domesticus,pig,PRJEB30282,prjeb30282:samea5161072,SAMEA5161072,,,,,,mixed_radiocarbon_and_archaeological_context,unresolved,unresolved,unresolved,keep the row unresolved until stronger chronology evidence exists,No chronology claim has been recovered yet for this sample row.,,,,"{'schema_version': 'temporal-semantics.v1', 'source_family': 'animal_adna', 'evidence_class': 'unresolved', 'precision_posture': 'unresolved', 'comparability_posture': 'unresolved', 'summary_label': 'Unresolved time semantics', 'temporal_window_key': 'unresolved', 'temporal_window_label': 'Unresolved time window', 'time_start_bp': None, 'time_end_bp': None, 'time_mean_bp': None, 'duration_years': None, 'comparison_note': 'No chronology claim has been recovered yet for this sample row.', 'refusal_reason_code': '', 'provenance_path': '', 'provenance_locator': '', 'provenance_excerpt': '', 'original_labels': [], 'normalized_labels': [], 'uncertainty_notes': []}"
Sus scrofa domesticus,pig,PRJEB30282,prjeb30282:samea5161073,SAMEA5161073,,,,,,mixed_radiocarbon_and_archaeological_context,unresolved,unresolved,unresolved,keep the row unresolved until stronger chronology evidence exists,No chronology claim has been recovered yet for this sample row.,,,,"{'schema_version': 'temporal-semantics.v1', 'source_family': 'animal_adna', 'evidence_class': 'unresolved', 'precision_posture': 'unresolved', 'comparability_posture': 'unresolved', 'summary_label': 'Unresolved time semantics', 'temporal_window_key': 'unresolved', 'temporal_window_label': 'Unresolved time window', 'time_start_bp': None, 'time_end_bp': None, 'time_mean_bp': None, 'duration_years': None, 'comparison_note': 'No chronology claim has been recovered yet for this sample row.', 'refusal_reason_code': '', 'provenance_path': '', 'provenance_locator': '', 'provenance_excerpt': '', 'original_labels': [], 'normalized_labels': [], 'uncertainty_notes': []}"
Sus scrofa domesticus,pig,PRJEB30282,prjeb30282:samea5161074,SAMEA5161074,,,,,,mixed_radiocarbon_and_archaeological_context,unresolved,unresolved,unresolved,keep the row unresolved until stronger chronology evidence exists,No chronology claim has been recovered yet for this sample row.,,,,"{'schema_version': 'temporal-semantics.v1', 'source_family': 'animal_adna', 'evidence_class': 'unresolved', 'precision_posture': 'unresolved', 'comparability_posture': 'unresolved', 'summary_label': 'Unresolved time semantics', 'temporal_window_key': 'unresolved', 'temporal_window_label': 'Unresolved time window', 'time_start_bp': None, 'time_end_bp': None, 'time_mean_bp': None, 'duration_years': None, 'comparison_note': 'No chronology claim has been recovered yet for this sample row.', 'refusal_reason_code': '', 'provenance_path': '', 'provenance_locator': '', 'provenance_excerpt': '', 'original_labels': [], 'normalized_labels': [], 'uncertainty_notes': []}"
Sus scrofa domesticus,pig,PRJEB30282,prjeb30282:samea5161075,SAMEA5161075,,,,,,mixed_radiocarbon_and_archaeological_context,unresolved,unresolved,unresolved,keep the row unresolved until stronger chronology evidence exists,No chronology claim has been recovered yet for this sample row.,,,,"{'schema_version': 'temporal-semantics.v1', 'source_family': 'animal_adna', 'evidence_class': 'unresolved', 'precision_posture': 'unresolved', 'comparability_posture': 'unresolved', 'summary_label': 'Unresolved time semantics', 'temporal_window_key': 'unresolved', 'temporal_window_label': 'Unresolved time window', 'time_start_bp': None, 'time_end_bp': None, 'time_mean_bp': None, 'duration_years': None, 'comparison_note': 'No chronology claim has been recovered yet for this sample row.', 'refusal_reason_code': '', 'provenance_path': '', 'provenance_locator': '', 'provenance_excerpt': '', 'original_labels': [], 'normalized_labels': [], 'uncertainty_notes': []}"
Sus scrofa domesticus,pig,PRJEB30282,prjeb30282:samea5161076,SAMEA5161076,,,,,,mixed_radiocarbon_and_archaeological_context,unresolved,unresolved,unresolved,keep the row unresolved until stronger chronology evidence exists,No chronology claim has been recovered yet for this sample row.,,,,"{'schema_version': 'temporal-semantics.v1', 'source_family': 'animal_adna', 'evidence_class': 'unresolved', 'precision_posture': 'unresolved', 'comparability_posture': 'unresolved', 'summary_label': 'Unresolved time semantics', 'temporal_window_key': 'unresolved', 'temporal_window_label': 'Unresolved time window', 'time_start_bp': None, 'time_end_bp': None, 'time_mean_bp': None, 'duration_years': None, 'comparison_note': 'No chronology claim has been recovered yet for this sample row.', 'refusal_reason_code': '', 'provenance_path': '', 'provenance_locator': '', 'provenance_excerpt': '', 'original_labels': [], 'normalized_labels': [], 'uncertainty_notes': []}"
Sus scrofa domesticus,pig,PRJEB30282,prjeb30282:samea5161077,SAMEA5161077,,,,,,mixed_radiocarbon_and_archaeological_context,unresolved,unresolved,unresolved,keep the row unresolved until stronger chronology evidence exists,No chronology claim has been recovered yet for this sample row.,,,,"{'schema_version': 'temporal-semantics.v1', 'source_family': 'animal_adna', 'evidence_class': 'unresolved', 'precision_posture': 'unresolved', 'comparability_posture': 'unresolved', 'summary_label': 'Unresolved time semantics', 'temporal_window_key': 'unresolved', 'temporal_window_label': 'Unresolved time window', 'time_start_bp': None, 'time_end_bp': None, 'time_mean_bp': None, 'duration_years': None, 'comparison_note': 'No chronology claim has been recovered yet for this sample row.', 'refusal_reason_code': '', 'provenance_path': '', 'provenance_locator': '', 'provenance_excerpt': '', 'original_labels': [], 'normalized_labels': [], 'uncertainty_notes': []}"
Sus scrofa domesticus,pig,PRJEB30282,prjeb30282:samea5161078,SAMEA5161078,,,,,,mixed_radiocarbon_and_archaeological_context,unresolved,unresolved,unresolved,keep the row unresolved until stronger chronology evidence exists,No chronology claim has been recovered yet for this sample row.,,,,"{'schema_version': 'temporal-semantics.v1', 'source_family': 'animal_adna', 'evidence_class': 'unresolved', 'precision_posture': 'unresolved', 'comparability_posture': 'unresolved', 'summary_label': 'Unresolved time semantics', 'temporal_window_key': 'unresolved', 'temporal_window_label': 'Unresolved time window', 'time_start_bp': None, 'time_end_bp': None, 'time_mean_bp': None, 'duration_years': None, 'comparison_note': 'No chronology claim has been recovered yet for this sample row.', 'refusal_reason_code': '', 'provenance_path': '', 'provenance_locator': '', 'provenance_excerpt': '', 'original_labels': [], 'normalized_labels': [], 'uncertainty_notes': []}"
Sus scrofa domesticus,pig,PRJEB30282,prjeb30282:samea5161079,SAMEA5161079,,,,,,mixed_radiocarbon_and_archaeological_context,unresolved,unresolved,unresolved,keep the row unresolved until stronger chronology evidence exists,No chronology claim has been recovered yet for this sample row.,,,,"{'schema_version': 'temporal-semantics.v1', 'source_family': 'animal_adna', 'evidence_class': 'unresolved', 'precision_posture': 'unresolved', 'comparability_posture': 'unresolved', 'summary_label': 'Unresolved time semantics', 'temporal_window_key': 'unresolved', 'temporal_window_label': 'Unresolved time window', 'time_start_bp': None, 'time_end_bp': None, 'time_mean_bp': None, 'duration_years': None, 'comparison_note': 'No chronology claim has been recovered yet for this sample row.', 'refusal_reason_code': '', 'provenance_path': '', 'provenance_locator': '', 'provenance_excerpt': '', 'original_labels': [], 'normalized_labels': [], 'uncertainty_notes': []}"
Sus scrofa domesticus,pig,PRJEB30282,prjeb30282:samea5161080,SAMEA5161080,,,,,,mixed_radiocarbon_and_archaeological_context,unresolved,unresolved,unresolved,keep the row unresolved until stronger chronology evidence exists,No chronology claim has been recovered yet for this sample row.,,,,"{'schema_version': 'temporal-semantics.v1', 'source_family': 'animal_adna', 'evidence_class': 'unresolved', 'precision_posture': 'unresolved', 'comparability_posture': 'unresolved', 'summary_label': 'Unresolved time semantics', 'temporal_window_key': 'unresolved', 'temporal_window_label': 'Unresolved time window', 'time_start_bp': None, 'time_end_bp': None, 'time_mean_bp': None, 'duration_years': None, 'comparison_note': 'No chronology claim has been recovered yet for this sample row.', 'refusal_reason_code': '', 'provenance_path': '', 'provenance_locator': '', 'provenance_excerpt': '', 'original_labels': [], 'normalized_labels': [], 'uncertainty_notes': []}"
Sus scrofa domesticus,pig,PRJEB30282,prjeb30282:samea5161081,SAMEA5161081,,,,,,mixed_radiocarbon_and_archaeological_context,unresolved,unresolved,unresolved,keep the row unresolved until stronger chronology evidence exists,No chronology claim has been recovered yet for this sample row.,,,,"{'schema_version': 'temporal-semantics.v1', 'source_family': 'animal_adna', 'evidence_class': 'unresolved', 'precision_posture': 'unresolved', 'comparability_posture': 'unresolved', 'summary_label': 'Unresolved time semantics', 'temporal_window_key': 'unresolved', 'temporal_window_label': 'Unresolved time window', 'time_start_bp': None, 'time_end_bp': None, 'time_mean_bp': None, 'duration_years': None, 'comparison_note': 'No chronology claim has been recovered yet for this sample row.', 'refusal_reason_code': '', 'provenance_path': '', 'provenance_locator': '', 'provenance_excerpt': '', 'original_labels': [], 'normalized_labels': [], 'uncertainty_notes': []}"
Sus scrofa domesticus,pig,PRJEB30282,prjeb30282:samea5161082,SAMEA5161082,,,,,,mixed_radiocarbon_and_archaeological_context,unresolved,unresolved,unresolved,keep the row unresolved until stronger chronology evidence exists,No chronology claim has been recovered yet for this sample row.,,,,"{'schema_version': 'temporal-semantics.v1', 'source_family': 'animal_adna', 'evidence_class': 'unresolved', 'precision_posture': 'unresolved', 'comparability_posture': 'unresolved', 'summary_label': 'Unresolved time semantics', 'temporal_window_key': 'unresolved', 'temporal_window_label': 'Unresolved time window', 'time_start_bp': None, 'time_end_bp': None, 'time_mean_bp': None, 'duration_years': None, 'comparison_note': 'No chronology claim has been recovered yet for this sample row.', 'refusal_reason_code': '', 'provenance_path': '', 'provenance_locator': '', 'provenance_excerpt': '', 'original_labels': [], 'normalized_labels': [], 'uncertainty_notes': []}"
Sus scrofa domesticus,pig,PRJEB30282,prjeb30282:samea5161083,SAMEA5161083,,,,,,mixed_radiocarbon_and_archaeological_context,unresolved,unresolved,unresolved,keep the row unresolved until stronger chronology evidence exists,No chronology claim has been recovered yet for this sample row.,,,,"{'schema_version': 'temporal-semantics.v1', 'source_family': 'animal_adna', 'evidence_class': 'unresolved', 'precision_posture': 'unresolved', 'comparability_posture': 'unresolved', 'summary_label': 'Unresolved time semantics', 'temporal_window_key': 'unresolved', 'temporal_window_label': 'Unresolved time window', 'time_start_bp': None, 'time_end_bp': None, 'time_mean_bp': None, 'duration_years': None, 'comparison_note': 'No chronology claim has been recovered yet for this sample row.', 'refusal_reason_code': '', 'provenance_path': '', 'provenance_locator': '', 'provenance_excerpt': '', 'original_labels': [], 'normalized_labels': [], 'uncertainty_notes': []}"
Sus scrofa domesticus,pig,PRJEB30282,prjeb30282:samea5161084,SAMEA5161084,,,,,,mixed_radiocarbon_and_archaeological_context,unresolved,unresolved,unresolved,keep the row unresolved until stronger chronology evidence exists,No chronology claim has been recovered yet for this sample row.,,,,"{'schema_version': 'temporal-semantics.v1', 'source_family': 'animal_adna', 'evidence_class': 'unresolved', 'precision_posture': 'unresolved', 'comparability_posture': 'unresolved', 'summary_label': 'Unresolved time semantics', 'temporal_window_key': 'unresolved', 'temporal_window_label': 'Unresolved time window', 'time_start_bp': None, 'time_end_bp': None, 'time_mean_bp': None, 'duration_years': None, 'comparison_note': 'No chronology claim has been recovered yet for this sample row.', 'refusal_reason_code': '', 'provenance_path': '', 'provenance_locator': '', 'provenance_excerpt': '', 'original_labels': [], 'normalized_labels': [], 'uncertainty_notes': []}"
Sus scrofa domesticus,pig,PRJEB30282,prjeb30282:samea5161085,SAMEA5161085,,,,,,mixed_radiocarbon_and_archaeological_context,unresolved,unresolved,unresolved,keep the row unresolved until stronger chronology evidence exists,No chronology claim has been recovered yet for this sample row.,,,,"{'schema_version': 'temporal-semantics.v1', 'source_family': 'animal_adna', 'evidence_class': 'unresolved', 'precision_posture': 'unresolved', 'comparability_posture': 'unresolved', 'summary_label': 'Unresolved time semantics', 'temporal_window_key': 'unresolved', 'temporal_window_label': 'Unresolved time window', 'time_start_bp': None, 'time_end_bp': None, 'time_mean_bp': None, 'duration_years': None, 'comparison_note': 'No chronology claim has been recovered yet for this sample row.', 'refusal_reason_code': '', 'provenance_path': '', 'provenance_locator': '', 'provenance_excerpt': '', 'original_labels': [], 'normalized_labels': [], 'uncertainty_notes': []}"
Sus scrofa domesticus,pig,PRJEB30282,prjeb30282:samea5161086,SAMEA5161086,,,,,,mixed_radiocarbon_and_archaeological_context,unresolved,unresolved,unresolved,keep the row unresolved until stronger chronology evidence exists,No chronology claim has been recovered yet for this sample row.,,,,"{'schema_version': 'temporal-semantics.v1', 'source_family': 'animal_adna', 'evidence_class': 'unresolved', 'precision_posture': 'unresolved', 'comparability_posture': 'unresolved', 'summary_label': 'Unresolved time semantics', 'temporal_window_key': 'unresolved', 'temporal_window_label': 'Unresolved time window', 'time_start_bp': None, 'time_end_bp': None, 'time_mean_bp': None, 'duration_years': None, 'comparison_note': 'No chronology claim has been recovered yet for this sample row.', 'refusal_reason_code': '', 'provenance_path': '', 'provenance_locator': '', 'provenance_excerpt': '', 'original_labels': [], 'normalized_labels': [], 'uncertainty_notes': []}"
Sus scrofa domesticus,pig,PRJEB30282,prjeb30282:samea5161087,SAMEA5161087,,,,,,mixed_radiocarbon_and_archaeological_context,unresolved,unresolved,unresolved,keep the row unresolved until stronger chronology evidence exists,No chronology claim has been recovered yet for this sample row.,,,,"{'schema_version': 'temporal-semantics.v1', 'source_family': 'animal_adna', 'evidence_class': 'unresolved', 'precision_posture': 'unresolved', 'comparability_posture': 'unresolved', 'summary_label': 'Unresolved time semantics', 'temporal_window_key': 'unresolved', 'temporal_window_label': 'Unresolved time window', 'time_start_bp': None, 'time_end_bp': None, 'time_mean_bp': None, 'duration_years': None, 'comparison_note': 'No chronology claim has been recovered yet for this sample row.', 'refusal_reason_code': '', 'provenance_path': '', 'provenance_locator': '', 'provenance_excerpt': '', 'original_labels': [], 'normalized_labels': [], 'uncertainty_notes': []}"
Sus scrofa domesticus,pig,PRJEB30282,prjeb30282:samea5161088,SAMEA5161088,,,,,,mixed_radiocarbon_and_archaeological_context,unresolved,unresolved,unresolved,keep the row unresolved until stronger chronology evidence exists,No chronology claim has been recovered yet for this sample row.,,,,"{'schema_version': 'temporal-semantics.v1', 'source_family': 'animal_adna', 'evidence_class': 'unresolved', 'precision_posture': 'unresolved', 'comparability_posture': 'unresolved', 'summary_label': 'Unresolved time semantics', 'temporal_window_key': 'unresolved', 'temporal_window_label': 'Unresolved time window', 'time_start_bp': None, 'time_end_bp': None, 'time_mean_bp': None, 'duration_years': None, 'comparison_note': 'No chronology claim has been recovered yet for this sample row.', 'refusal_reason_code': '', 'provenance_path': '', 'provenance_locator': '', 'provenance_excerpt': '', 'original_labels': [], 'normalized_labels': [], 'uncertainty_notes': []}"
Sus scrofa domesticus,pig,PRJEB30282,prjeb30282:samea5161089,SAMEA5161089,,,,,,mixed_radiocarbon_and_archaeological_context,unresolved,unresolved,unresolved,keep the row unresolved until stronger chronology evidence exists,No chronology claim has been recovered yet for this sample row.,,,,"{'schema_version': 'temporal-semantics.v1', 'source_family': 'animal_adna', 'evidence_class': 'unresolved', 'precision_posture': 'unresolved', 'comparability_posture': 'unresolved', 'summary_label': 'Unresolved time semantics', 'temporal_window_key': 'unresolved', 'temporal_window_label': 'Unresolved time window', 'time_start_bp': None, 'time_end_bp': None, 'time_mean_bp': None, 'duration_years': None, 'comparison_note': 'No chronology claim has been recovered yet for this sample row.', 'refusal_reason_code': '', 'provenance_path': '', 'provenance_locator': '', 'provenance_excerpt': '', 'original_labels': [], 'normalized_labels': [], 'uncertainty_notes': []}"
Sus scrofa domesticus,pig,PRJEB30282,prjeb30282:samea5161090,SAMEA5161090,,,,,,mixed_radiocarbon_and_archaeological_context,unresolved,unresolved,unresolved,keep the row unresolved until stronger chronology evidence exists,No chronology claim has been recovered yet for this sample row.,,,,"{'schema_version': 'temporal-semantics.v1', 'source_family': 'animal_adna', 'evidence_class': 'unresolved', 'precision_posture': 'unresolved', 'comparability_posture': 'unresolved', 'summary_label': 'Unresolved time semantics', 'temporal_window_key': 'unresolved', 'temporal_window_label': 'Unresolved time window', 'time_start_bp': None, 'time_end_bp': None, 'time_mean_bp': None, 'duration_years': None, 'comparison_note': 'No chronology claim has been recovered yet for this sample row.', 'refusal_reason_code': '', 'provenance_path': '', 'provenance_locator': '', 'provenance_excerpt': '', 'original_labels': [], 'normalized_labels': [], 'uncertainty_notes': []}"
Sus scrofa domesticus,pig,PRJEB30282,prjeb30282:samea5161091,SAMEA5161091,,,,,,mixed_radiocarbon_and_archaeological_context,unresolved,unresolved,unresolved,keep the row unresolved until stronger chronology evidence exists,No chronology claim has been recovered yet for this sample row.,,,,"{'schema_version': 'temporal-semantics.v1', 'source_family': 'animal_adna', 'evidence_class': 'unresolved', 'precision_posture': 'unresolved', 'comparability_posture': 'unresolved', 'summary_label': 'Unresolved time semantics', 'temporal_window_key': 'unresolved', 'temporal_window_label': 'Unresolved time window', 'time_start_bp': None, 'time_end_bp': None, 'time_mean_bp': None, 'duration_years': None, 'comparison_note': 'No chronology claim has been recovered yet for this sample row.', 'refusal_reason_code': '', 'provenance_path': '', 'provenance_locator': '', 'provenance_excerpt': '', 'original_labels': [], 'normalized_labels': [], 'uncertainty_notes': []}"
Sus scrofa domesticus,pig,PRJEB30282,prjeb30282:samea5161092,SAMEA5161092,,,,,,mixed_radiocarbon_and_archaeological_context,unresolved,unresolved,unresolved,keep the row unresolved until stronger chronology evidence exists,No chronology claim has been recovered yet for this sample row.,,,,"{'schema_version': 'temporal-semantics.v1', 'source_family': 'animal_adna', 'evidence_class': 'unresolved', 'precision_posture': 'unresolved', 'comparability_posture': 'unresolved', 'summary_label': 'Unresolved time semantics', 'temporal_window_key': 'unresolved', 'temporal_window_label': 'Unresolved time window', 'time_start_bp': None, 'time_end_bp': None, 'time_mean_bp': None, 'duration_years': None, 'comparison_note': 'No chronology claim has been recovered yet for this sample row.', 'refusal_reason_code': '', 'provenance_path': '', 'provenance_locator': '', 'provenance_excerpt': '', 'original_labels': [], 'normalized_labels': [], 'uncertainty_notes': []}"
Sus scrofa domesticus,pig,PRJEB30282,prjeb30282:samea5161093,SAMEA5161093,,,,,,mixed_radiocarbon_and_archaeological_context,unresolved,unresolved,unresolved,keep the row unresolved until stronger chronology evidence exists,No chronology claim has been recovered yet for this sample row.,,,,"{'schema_version': 'temporal-semantics.v1', 'source_family': 'animal_adna', 'evidence_class': 'unresolved', 'precision_posture': 'unresolved', 'comparability_posture': 'unresolved', 'summary_label': 'Unresolved time semantics', 'temporal_window_key': 'unresolved', 'temporal_window_label': 'Unresolved time window', 'time_start_bp': None, 'time_end_bp': None, 'time_mean_bp': None, 'duration_years': None, 'comparison_note': 'No chronology claim has been recovered yet for this sample row.', 'refusal_reason_code': '', 'provenance_path': '', 'provenance_locator': '', 'provenance_excerpt': '', 'original_labels': [], 'normalized_labels': [], 'uncertainty_notes': []}"
Sus scrofa domesticus,pig,PRJEB30282,prjeb30282:samea5161094,SAMEA5161094,,,,,,mixed_radiocarbon_and_archaeological_context,unresolved,unresolved,unresolved,keep the row unresolved until stronger chronology evidence exists,No chronology claim has been recovered yet for this sample row.,,,,"{'schema_version': 'temporal-semantics.v1', 'source_family': 'animal_adna', 'evidence_class': 'unresolved', 'precision_posture': 'unresolved', 'comparability_posture': 'unresolved', 'summary_label': 'Unresolved time semantics', 'temporal_window_key': 'unresolved', 'temporal_window_label': 'Unresolved time window', 'time_start_bp': None, 'time_end_bp': None, 'time_mean_bp': None, 'duration_years': None, 'comparison_note': 'No chronology claim has been recovered yet for this sample row.', 'refusal_reason_code': '', 'provenance_path': '', 'provenance_locator': '', 'provenance_excerpt': '', 'original_labels': [], 'normalized_labels': [], 'uncertainty_notes': []}"
Sus scrofa domesticus,pig,PRJEB30282,prjeb30282:samea5161095,SAMEA5161095,,,,,,mixed_radiocarbon_and_archaeological_context,unresolved,unresolved,unresolved,keep the row unresolved until stronger chronology evidence exists,No chronology claim has been recovered yet for this sample row.,,,,"{'schema_version': 'temporal-semantics.v1', 'source_family': 'animal_adna', 'evidence_class': 'unresolved', 'precision_posture': 'unresolved', 'comparability_posture': 'unresolved', 'summary_label': 'Unresolved time semantics', 'temporal_window_key': 'unresolved', 'temporal_window_label': 'Unresolved time window', 'time_start_bp': None, 'time_end_bp': None, 'time_mean_bp': None, 'duration_years': None, 'comparison_note': 'No chronology claim has been recovered yet for this sample row.', 'refusal_reason_code': '', 'provenance_path': '', 'provenance_locator': '', 'provenance_excerpt': '', 'original_labels': [], 'normalized_labels': [], 'uncertainty_notes': []}"
Sus scrofa domesticus,pig,PRJEB30282,prjeb30282:samea5161096,SAMEA5161096,,,,,,mixed_radiocarbon_and_archaeological_context,unresolved,unresolved,unresolved,keep the row unresolved until stronger chronology evidence exists,No chronology claim has been recovered yet for this sample row.,,,,"{'schema_version': 'temporal-semantics.v1', 'source_family': 'animal_adna', 'evidence_class': 'unresolved', 'precision_posture': 'unresolved', 'comparability_posture': 'unresolved', 'summary_label': 'Unresolved time semantics', 'temporal_window_key': 'unresolved', 'temporal_window_label': 'Unresolved time window', 'time_start_bp': None, 'time_end_bp': None, 'time_mean_bp': None, 'duration_years': None, 'comparison_note': 'No chronology claim has been recovered yet for this sample row.', 'refusal_reason_code': '', 'provenance_path': '', 'provenance_locator': '', 'provenance_excerpt': '', 'original_labels': [], 'normalized_labels': [], 'uncertainty_notes': []}"
Sus scrofa domesticus,pig,PRJEB30282,prjeb30282:samea5161097,SAMEA5161097,,,,,,mixed_radiocarbon_and_archaeological_context,unresolved,unresolved,unresolved,keep the row unresolved until stronger chronology evidence exists,No chronology claim has been recovered yet for this sample row.,,,,"{'schema_version': 'temporal-semantics.v1', 'source_family': 'animal_adna', 'evidence_class': 'unresolved', 'precision_posture': 'unresolved', 'comparability_posture': 'unresolved', 'summary_label': 'Unresolved time semantics', 'temporal_window_key': 'unresolved', 'temporal_window_label': 'Unresolved time window', 'time_start_bp': None, 'time_end_bp': None, 'time_mean_bp': None, 'duration_years': None, 'comparison_note': 'No chronology claim has been recovered yet for this sample row.', 'refusal_reason_code': '', 'provenance_path': '', 'provenance_locator': '', 'provenance_excerpt': '', 'original_labels': [], 'normalized_labels': [], 'uncertainty_notes': []}"
Sus scrofa domesticus,pig,PRJEB30282,prjeb30282:samea5161098,SAMEA5161098,,,,,,mixed_radiocarbon_and_archaeological_context,unresolved,unresolved,unresolved,keep the row unresolved until stronger chronology evidence exists,No chronology claim has been recovered yet for this sample row.,,,,"{'schema_version': 'temporal-semantics.v1', 'source_family': 'animal_adna', 'evidence_class': 'unresolved', 'precision_posture': 'unresolved', 'comparability_posture': 'unresolved', 'summary_label': 'Unresolved time semantics', 'temporal_window_key': 'unresolved', 'temporal_window_label': 'Unresolved time window', 'time_start_bp': None, 'time_end_bp': None, 'time_mean_bp': None, 'duration_years': None, 'comparison_note': 'No chronology claim has been recovered yet for this sample row.', 'refusal_reason_code': '', 'provenance_path': '', 'provenance_locator': '', 'provenance_excerpt': '', 'original_labels': [], 'normalized_labels': [], 'uncertainty_notes': []}"
Sus scrofa domesticus,pig,PRJEB30282,prjeb30282:samea5161099,SAMEA5161099,,,,,,mixed_radiocarbon_and_archaeological_context,unresolved,unresolved,unresolved,keep the row unresolved until stronger chronology evidence exists,No chronology claim has been recovered yet for this sample row.,,,,"{'schema_version': 'temporal-semantics.v1', 'source_family': 'animal_adna', 'evidence_class': 'unresolved', 'precision_posture': 'unresolved', 'comparability_posture': 'unresolved', 'summary_label': 'Unresolved time semantics', 'temporal_window_key': 'unresolved', 'temporal_window_label': 'Unresolved time window', 'time_start_bp': None, 'time_end_bp': None, 'time_mean_bp': None, 'duration_years': None, 'comparison_note': 'No chronology claim has been recovered yet for this sample row.', 'refusal_reason_code': '', 'provenance_path': '', 'provenance_locator': '', 'provenance_excerpt': '', 'original_labels': [], 'normalized_labels': [], 'uncertainty_notes': []}"
Sus scrofa domesticus,pig,PRJEB30282,prjeb30282:samea5161100,SAMEA5161100,,,,,,mixed_radiocarbon_and_archaeological_context,unresolved,unresolved,unresolved,keep the row unresolved until stronger chronology evidence exists,No chronology claim has been recovered yet for this sample row.,,,,"{'schema_version': 'temporal-semantics.v1', 'source_family': 'animal_adna', 'evidence_class': 'unresolved', 'precision_posture': 'unresolved', 'comparability_posture': 'unresolved', 'summary_label': 'Unresolved time semantics', 'temporal_window_key': 'unresolved', 'temporal_window_label': 'Unresolved time window', 'time_start_bp': None, 'time_end_bp': None, 'time_mean_bp': None, 'duration_years': None, 'comparison_note': 'No chronology claim has been recovered yet for this sample row.', 'refusal_reason_code': '', 'provenance_path': '', 'provenance_locator': '', 'provenance_excerpt': '', 'original_labels': [], 'normalized_labels': [], 'uncertainty_notes': []}"
Sus scrofa domesticus,pig,PRJEB30282,prjeb30282:samea5161101,SAMEA5161101,,,,,,mixed_radiocarbon_and_archaeological_context,unresolved,unresolved,unresolved,keep the row unresolved until stronger chronology evidence exists,No chronology claim has been recovered yet for this sample row.,,,,"{'schema_version': 'temporal-semantics.v1', 'source_family': 'animal_adna', 'evidence_class': 'unresolved', 'precision_posture': 'unresolved', 'comparability_posture': 'unresolved', 'summary_label': 'Unresolved time semantics', 'temporal_window_key': 'unresolved', 'temporal_window_label': 'Unresolved time window', 'time_start_bp': None, 'time_end_bp': None, 'time_mean_bp': None, 'duration_years': None, 'comparison_note': 'No chronology claim has been recovered yet for this sample row.', 'refusal_reason_code': '', 'provenance_path': '', 'provenance_locator': '', 'provenance_excerpt': '', 'original_labels': [], 'normalized_labels': [], 'uncertainty_notes': []}"
Sus scrofa domesticus,pig,PRJEB30282,prjeb30282:samea5161102,SAMEA5161102,,,,,,mixed_radiocarbon_and_archaeological_context,unresolved,unresolved,unresolved,keep the row unresolved until stronger chronology evidence exists,No chronology claim has been recovered yet for this sample row.,,,,"{'schema_version': 'temporal-semantics.v1', 'source_family': 'animal_adna', 'evidence_class': 'unresolved', 'precision_posture': 'unresolved', 'comparability_posture': 'unresolved', 'summary_label': 'Unresolved time semantics', 'temporal_window_key': 'unresolved', 'temporal_window_label': 'Unresolved time window', 'time_start_bp': None, 'time_end_bp': None, 'time_mean_bp': None, 'duration_years': None, 'comparison_note': 'No chronology claim has been recovered yet for this sample row.', 'refusal_reason_code': '', 'provenance_path': '', 'provenance_locator': '', 'provenance_excerpt': '', 'original_labels': [], 'normalized_labels': [], 'uncertainty_notes': []}"
Sus scrofa domesticus,pig,PRJEB30282,prjeb30282:samea5161103,SAMEA5161103,,,,,,mixed_radiocarbon_and_archaeological_context,unresolved,unresolved,unresolved,keep the row unresolved until stronger chronology evidence exists,No chronology claim has been recovered yet for this sample row.,,,,"{'schema_version': 'temporal-semantics.v1', 'source_family': 'animal_adna', 'evidence_class': 'unresolved', 'precision_posture': 'unresolved', 'comparability_posture': 'unresolved', 'summary_label': 'Unresolved time semantics', 'temporal_window_key': 'unresolved', 'temporal_window_label': 'Unresolved time window', 'time_start_bp': None, 'time_end_bp': None, 'time_mean_bp': None, 'duration_years': None, 'comparison_note': 'No chronology claim has been recovered yet for this sample row.', 'refusal_reason_code': '', 'provenance_path': '', 'provenance_locator': '', 'provenance_excerpt': '', 'original_labels': [], 'normalized_labels': [], 'uncertainty_notes': []}"
Sus scrofa domesticus,pig,PRJEB30282,prjeb30282:samea5161104,SAMEA5161104,,,,,,mixed_radiocarbon_and_archaeological_context,unresolved,unresolved,unresolved,keep the row unresolved until stronger chronology evidence exists,No chronology claim has been recovered yet for this sample row.,,,,"{'schema_version': 'temporal-semantics.v1', 'source_family': 'animal_adna', 'evidence_class': 'unresolved', 'precision_posture': 'unresolved', 'comparability_posture': 'unresolved', 'summary_label': 'Unresolved time semantics', 'temporal_window_key': 'unresolved', 'temporal_window_label': 'Unresolved time window', 'time_start_bp': None, 'time_end_bp': None, 'time_mean_bp': None, 'duration_years': None, 'comparison_note': 'No chronology claim has been recovered yet for this sample row.', 'refusal_reason_code': '', 'provenance_path': '', 'provenance_locator': '', 'provenance_excerpt': '', 'original_labels': [], 'normalized_labels': [], 'uncertainty_notes': []}"
Sus scrofa domesticus,pig,PRJEB30282,prjeb30282:samea5161105,SAMEA5161105,,,,,,mixed_radiocarbon_and_archaeological_context,unresolved,unresolved,unresolved,keep the row unresolved until stronger chronology evidence exists,No chronology claim has been recovered yet for this sample row.,,,,"{'schema_version': 'temporal-semantics.v1', 'source_family': 'animal_adna', 'evidence_class': 'unresolved', 'precision_posture': 'unresolved', 'comparability_posture': 'unresolved', 'summary_label': 'Unresolved time semantics', 'temporal_window_key': 'unresolved', 'temporal_window_label': 'Unresolved time window', 'time_start_bp': None, 'time_end_bp': None, 'time_mean_bp': None, 'duration_years': None, 'comparison_note': 'No chronology claim has been recovered yet for this sample row.', 'refusal_reason_code': '', 'provenance_path': '', 'provenance_locator': '', 'provenance_excerpt': '', 'original_labels': [], 'normalized_labels': [], 'uncertainty_notes': []}"
Sus scrofa domesticus,pig,PRJEB30282,prjeb30282:samea5161106,SAMEA5161106,,,,,,mixed_radiocarbon_and_archaeological_context,unresolved,unresolved,unresolved,keep the row unresolved until stronger chronology evidence exists,No chronology claim has been recovered yet for this sample row.,,,,"{'schema_version': 'temporal-semantics.v1', 'source_family': 'animal_adna', 'evidence_class': 'unresolved', 'precision_posture': 'unresolved', 'comparability_posture': 'unresolved', 'summary_label': 'Unresolved time semantics', 'temporal_window_key': 'unresolved', 'temporal_window_label': 'Unresolved time window', 'time_start_bp': None, 'time_end_bp': None, 'time_mean_bp': None, 'duration_years': None, 'comparison_note': 'No chronology claim has been recovered yet for this sample row.', 'refusal_reason_code': '', 'provenance_path': '', 'provenance_locator': '', 'provenance_excerpt': '', 'original_labels': [], 'normalized_labels': [], 'uncertainty_notes': []}"
Sus scrofa domesticus,pig,PRJEB30282,prjeb30282:samea5161107,SAMEA5161107,,,,,,mixed_radiocarbon_and_archaeological_context,unresolved,unresolved,unresolved,keep the row unresolved until stronger chronology evidence exists,No chronology claim has been recovered yet for this sample row.,,,,"{'schema_version': 'temporal-semantics.v1', 'source_family': 'animal_adna', 'evidence_class': 'unresolved', 'precision_posture': 'unresolved', 'comparability_posture': 'unresolved', 'summary_label': 'Unresolved time semantics', 'temporal_window_key': 'unresolved', 'temporal_window_label': 'Unresolved time window', 'time_start_bp': None, 'time_end_bp': None, 'time_mean_bp': None, 'duration_years': None, 'comparison_note': 'No chronology claim has been recovered yet for this sample row.', 'refusal_reason_code': '', 'provenance_path': '', 'provenance_locator': '', 'provenance_excerpt': '', 'original_labels': [], 'normalized_labels': [], 'uncertainty_notes': []}"
Sus scrofa domesticus,pig,PRJEB30282,prjeb30282:samea5161108,SAMEA5161108,,,,,,mixed_radiocarbon_and_archaeological_context,unresolved,unresolved,unresolved,keep the row unresolved until stronger chronology evidence exists,No chronology claim has been recovered yet for this sample row.,,,,"{'schema_version': 'temporal-semantics.v1', 'source_family': 'animal_adna', 'evidence_class': 'unresolved', 'precision_posture': 'unresolved', 'comparability_posture': 'unresolved', 'summary_label': 'Unresolved time semantics', 'temporal_window_key': 'unresolved', 'temporal_window_label': 'Unresolved time window', 'time_start_bp': None, 'time_end_bp': None, 'time_mean_bp': None, 'duration_years': None, 'comparison_note': 'No chronology claim has been recovered yet for this sample row.', 'refusal_reason_code': '', 'provenance_path': '', 'provenance_locator': '', 'provenance_excerpt': '', 'original_labels': [], 'normalized_labels': [], 'uncertainty_notes': []}"
Sus scrofa domesticus,pig,PRJEB30282,prjeb30282:samea5161109,SAMEA5161109,,,,,,mixed_radiocarbon_and_archaeological_context,unresolved,unresolved,unresolved,keep the row unresolved until stronger chronology evidence exists,No chronology claim has been recovered yet for this sample row.,,,,"{'schema_version': 'temporal-semantics.v1', 'source_family': 'animal_adna', 'evidence_class': 'unresolved', 'precision_posture': 'unresolved', 'comparability_posture': 'unresolved', 'summary_label': 'Unresolved time semantics', 'temporal_window_key': 'unresolved', 'temporal_window_label': 'Unresolved time window', 'time_start_bp': None, 'time_end_bp': None, 'time_mean_bp': None, 'duration_years': None, 'comparison_note': 'No chronology claim has been recovered yet for this sample row.', 'refusal_reason_code': '', 'provenance_path': '', 'provenance_locator': '', 'provenance_excerpt': '', 'original_labels': [], 'normalized_labels': [], 'uncertainty_notes': []}"
Sus scrofa domesticus,pig,PRJEB30282,prjeb30282:samea5161110,SAMEA5161110,,,,,,mixed_radiocarbon_and_archaeological_context,unresolved,unresolved,unresolved,keep the row unresolved until stronger chronology evidence exists,No chronology claim has been recovered yet for this sample row.,,,,"{'schema_version': 'temporal-semantics.v1', 'source_family': 'animal_adna', 'evidence_class': 'unresolved', 'precision_posture': 'unresolved', 'comparability_posture': 'unresolved', 'summary_label': 'Unresolved time semantics', 'temporal_window_key': 'unresolved', 'temporal_window_label': 'Unresolved time window', 'time_start_bp': None, 'time_end_bp': None, 'time_mean_bp': None, 'duration_years': None, 'comparison_note': 'No chronology claim has been recovered yet for this sample row.', 'refusal_reason_code': '', 'provenance_path': '', 'provenance_locator': '', 'provenance_excerpt': '', 'original_labels': [], 'normalized_labels': [], 'uncertainty_notes': []}"
Sus scrofa domesticus,pig,PRJEB30282,prjeb30282:samea5161111,SAMEA5161111,,,,,,mixed_radiocarbon_and_archaeological_context,unresolved,unresolved,unresolved,keep the row unresolved until stronger chronology evidence exists,No chronology claim has been recovered yet for this sample row.,,,,"{'schema_version': 'temporal-semantics.v1', 'source_family': 'animal_adna', 'evidence_class': 'unresolved', 'precision_posture': 'unresolved', 'comparability_posture': 'unresolved', 'summary_label': 'Unresolved time semantics', 'temporal_window_key': 'unresolved', 'temporal_window_label': 'Unresolved time window', 'time_start_bp': None, 'time_end_bp': None, 'time_mean_bp': None, 'duration_years': None, 'comparison_note': 'No chronology claim has been recovered yet for this sample row.', 'refusal_reason_code': '', 'provenance_path': '', 'provenance_locator': '', 'provenance_excerpt': '', 'original_labels': [], 'normalized_labels': [], 'uncertainty_notes': []}"
Sus scrofa domesticus,pig,PRJEB30282,prjeb30282:samea5161112,SAMEA5161112,,,,,,mixed_radiocarbon_and_archaeological_context,unresolved,unresolved,unresolved,keep the row unresolved until stronger chronology evidence exists,No chronology claim has been recovered yet for this sample row.,,,,"{'schema_version': 'temporal-semantics.v1', 'source_family': 'animal_adna', 'evidence_class': 'unresolved', 'precision_posture': 'unresolved', 'comparability_posture': 'unresolved', 'summary_label': 'Unresolved time semantics', 'temporal_window_key': 'unresolved', 'temporal_window_label': 'Unresolved time window', 'time_start_bp': None, 'time_end_bp': None, 'time_mean_bp': None, 'duration_years': None, 'comparison_note': 'No chronology claim has been recovered yet for this sample row.', 'refusal_reason_code': '', 'provenance_path': '', 'provenance_locator': '', 'provenance_excerpt': '', 'original_labels': [], 'normalized_labels': [], 'uncertainty_notes': []}"
Sus scrofa domesticus,pig,PRJEB30282,prjeb30282:samea5161113,SAMEA5161113,,,,,,mixed_radiocarbon_and_archaeological_context,unresolved,unresolved,unresolved,keep the row unresolved until stronger chronology evidence exists,No chronology claim has been recovered yet for this sample row.,,,,"{'schema_version': 'temporal-semantics.v1', 'source_family': 'animal_adna', 'evidence_class': 'unresolved', 'precision_posture': 'unresolved', 'comparability_posture': 'unresolved', 'summary_label': 'Unresolved time semantics', 'temporal_window_key': 'unresolved', 'temporal_window_label': 'Unresolved time window', 'time_start_bp': None, 'time_end_bp': None, 'time_mean_bp': None, 'duration_years': None, 'comparison_note': 'No chronology claim has been recovered yet for this sample row.', 'refusal_reason_code': '', 'provenance_path': '', 'provenance_locator': '', 'provenance_excerpt': '', 'original_labels': [], 'normalized_labels': [], 'uncertainty_notes': []}"
Sus scrofa domesticus,pig,PRJEB30282,prjeb30282:samea5161114,SAMEA5161114,,,,,,mixed_radiocarbon_and_archaeological_context,unresolved,unresolved,unresolved,keep the row unresolved until stronger chronology evidence exists,No chronology claim has been recovered yet for this sample row.,,,,"{'schema_version': 'temporal-semantics.v1', 'source_family': 'animal_adna', 'evidence_class': 'unresolved', 'precision_posture': 'unresolved', 'comparability_posture': 'unresolved', 'summary_label': 'Unresolved time semantics', 'temporal_window_key': 'unresolved', 'temporal_window_label': 'Unresolved time window', 'time_start_bp': None, 'time_end_bp': None, 'time_mean_bp': None, 'duration_years': None, 'comparison_note': 'No chronology claim has been recovered yet for this sample row.', 'refusal_reason_code': '', 'provenance_path': '', 'provenance_locator': '', 'provenance_excerpt': '', 'original_labels': [], 'normalized_labels': [], 'uncertainty_notes': []}"
Sus scrofa domesticus,pig,PRJEB30282,prjeb30282:samea5161115,SAMEA5161115,,,,,,mixed_radiocarbon_and_archaeological_context,unresolved,unresolved,unresolved,keep the row unresolved until stronger chronology evidence exists,No chronology claim has been recovered yet for this sample row.,,,,"{'schema_version': 'temporal-semantics.v1', 'source_family': 'animal_adna', 'evidence_class': 'unresolved', 'precision_posture': 'unresolved', 'comparability_posture': 'unresolved', 'summary_label': 'Unresolved time semantics', 'temporal_window_key': 'unresolved', 'temporal_window_label': 'Unresolved time window', 'time_start_bp': None, 'time_end_bp': None, 'time_mean_bp': None, 'duration_years': None, 'comparison_note': 'No chronology claim has been recovered yet for this sample row.', 'refusal_reason_code': '', 'provenance_path': '', 'provenance_locator': '', 'provenance_excerpt': '', 'original_labels': [], 'normalized_labels': [], 'uncertainty_notes': []}"
Sus scrofa domesticus,pig,PRJEB30282,prjeb30282:samea5161116,SAMEA5161116,,,,,,mixed_radiocarbon_and_archaeological_context,unresolved,unresolved,unresolved,keep the row unresolved until stronger chronology evidence exists,No chronology claim has been recovered yet for this sample row.,,,,"{'schema_version': 'temporal-semantics.v1', 'source_family': 'animal_adna', 'evidence_class': 'unresolved', 'precision_posture': 'unresolved', 'comparability_posture': 'unresolved', 'summary_label': 'Unresolved time semantics', 'temporal_window_key': 'unresolved', 'temporal_window_label': 'Unresolved time window', 'time_start_bp': None, 'time_end_bp': None, 'time_mean_bp': None, 'duration_years': None, 'comparison_note': 'No chronology claim has been recovered yet for this sample row.', 'refusal_reason_code': '', 'provenance_path': '', 'provenance_locator': '', 'provenance_excerpt': '', 'original_labels': [], 'normalized_labels': [], 'uncertainty_notes': []}"
Sus scrofa domesticus,pig,PRJEB30282,prjeb30282:samea5161117,SAMEA5161117,,,,,,mixed_radiocarbon_and_archaeological_context,unresolved,unresolved,unresolved,keep the row unresolved until stronger chronology evidence exists,No chronology claim has been recovered yet for this sample row.,,,,"{'schema_version': 'temporal-semantics.v1', 'source_family': 'animal_adna', 'evidence_class': 'unresolved', 'precision_posture': 'unresolved', 'comparability_posture': 'unresolved', 'summary_label': 'Unresolved time semantics', 'temporal_window_key': 'unresolved', 'temporal_window_label': 'Unresolved time window', 'time_start_bp': None, 'time_end_bp': None, 'time_mean_bp': None, 'duration_years': None, 'comparison_note': 'No chronology claim has been recovered yet for this sample row.', 'refusal_reason_code': '', 'provenance_path': '', 'provenance_locator': '', 'provenance_excerpt': '', 'original_labels': [], 'normalized_labels': [], 'uncertainty_notes': []}"
Sus scrofa domesticus,pig,PRJEB30282,prjeb30282:samea5161118,SAMEA5161118,,,,,,mixed_radiocarbon_and_archaeological_context,unresolved,unresolved,unresolved,keep the row unresolved until stronger chronology evidence exists,No chronology claim has been recovered yet for this sample row.,,,,"{'schema_version': 'temporal-semantics.v1', 'source_family': 'animal_adna', 'evidence_class': 'unresolved', 'precision_posture': 'unresolved', 'comparability_posture': 'unresolved', 'summary_label': 'Unresolved time semantics', 'temporal_window_key': 'unresolved', 'temporal_window_label': 'Unresolved time window', 'time_start_bp': None, 'time_end_bp': None, 'time_mean_bp': None, 'duration_years': None, 'comparison_note': 'No chronology claim has been recovered yet for this sample row.', 'refusal_reason_code': '', 'provenance_path': '', 'provenance_locator': '', 'provenance_excerpt': '', 'original_labels': [], 'normalized_labels': [], 'uncertainty_notes': []}"
Sus scrofa domesticus,pig,PRJEB30282,prjeb30282:samea5161119,SAMEA5161119,,,,,,mixed_radiocarbon_and_archaeological_context,unresolved,unresolved,unresolved,keep the row unresolved until stronger chronology evidence exists,No chronology claim has been recovered yet for this sample row.,,,,"{'schema_version': 'temporal-semantics.v1', 'source_family': 'animal_adna', 'evidence_class': 'unresolved', 'precision_posture': 'unresolved', 'comparability_posture': 'unresolved', 'summary_label': 'Unresolved time semantics', 'temporal_window_key': 'unresolved', 'temporal_window_label': 'Unresolved time window', 'time_start_bp': None, 'time_end_bp': None, 'time_mean_bp': None, 'duration_years': None, 'comparison_note': 'No chronology claim has been recovered yet for this sample row.', 'refusal_reason_code': '', 'provenance_path': '', 'provenance_locator': '', 'provenance_excerpt': '', 'original_labels': [], 'normalized_labels': [], 'uncertainty_notes': []}"
Sus scrofa domesticus,pig,PRJEB30282,prjeb30282:samea5161120,SAMEA5161120,,,,,,mixed_radiocarbon_and_archaeological_context,unresolved,unresolved,unresolved,keep the row unresolved until stronger chronology evidence exists,No chronology claim has been recovered yet for this sample row.,,,,"{'schema_version': 'temporal-semantics.v1', 'source_family': 'animal_adna', 'evidence_class': 'unresolved', 'precision_posture': 'unresolved', 'comparability_posture': 'unresolved', 'summary_label': 'Unresolved time semantics', 'temporal_window_key': 'unresolved', 'temporal_window_label': 'Unresolved time window', 'time_start_bp': None, 'time_end_bp': None, 'time_mean_bp': None, 'duration_years': None, 'comparison_note': 'No chronology claim has been recovered yet for this sample row.', 'refusal_reason_code': '', 'provenance_path': '', 'provenance_locator': '', 'provenance_excerpt': '', 'original_labels': [], 'normalized_labels': [], 'uncertainty_notes': []}"
Sus scrofa domesticus,pig,PRJEB30282,prjeb30282:samea5161121,SAMEA5161121,,,,,,mixed_radiocarbon_and_archaeological_context,unresolved,unresolved,unresolved,keep the row unresolved until stronger chronology evidence exists,No chronology claim has been recovered yet for this sample row.,,,,"{'schema_version': 'temporal-semantics.v1', 'source_family': 'animal_adna', 'evidence_class': 'unresolved', 'precision_posture': 'unresolved', 'comparability_posture': 'unresolved', 'summary_label': 'Unresolved time semantics', 'temporal_window_key': 'unresolved', 'temporal_window_label': 'Unresolved time window', 'time_start_bp': None, 'time_end_bp': None, 'time_mean_bp': None, 'duration_years': None, 'comparison_note': 'No chronology claim has been recovered yet for this sample row.', 'refusal_reason_code': '', 'provenance_path': '', 'provenance_locator': '', 'provenance_excerpt': '', 'original_labels': [], 'normalized_labels': [], 'uncertainty_notes': []}"
Sus scrofa domesticus,pig,PRJEB30282,prjeb30282:samea5161122,SAMEA5161122,,,,,,mixed_radiocarbon_and_archaeological_context,unresolved,unresolved,unresolved,keep the row unresolved until stronger chronology evidence exists,No chronology claim has been recovered yet for this sample row.,,,,"{'schema_version': 'temporal-semantics.v1', 'source_family': 'animal_adna', 'evidence_class': 'unresolved', 'precision_posture': 'unresolved', 'comparability_posture': 'unresolved', 'summary_label': 'Unresolved time semantics', 'temporal_window_key': 'unresolved', 'temporal_window_label': 'Unresolved time window', 'time_start_bp': None, 'time_end_bp': None, 'time_mean_bp': None, 'duration_years': None, 'comparison_note': 'No chronology claim has been recovered yet for this sample row.', 'refusal_reason_code': '', 'provenance_path': '', 'provenance_locator': '', 'provenance_excerpt': '', 'original_labels': [], 'normalized_labels': [], 'uncertainty_notes': []}"
Sus scrofa domesticus,pig,PRJEB30282,prjeb30282:samea5161123,SAMEA5161123,,,,,,mixed_radiocarbon_and_archaeological_context,unresolved,unresolved,unresolved,keep the row unresolved until stronger chronology evidence exists,No chronology claim has been recovered yet for this sample row.,,,,"{'schema_version': 'temporal-semantics.v1', 'source_family': 'animal_adna', 'evidence_class': 'unresolved', 'precision_posture': 'unresolved', 'comparability_posture': 'unresolved', 'summary_label': 'Unresolved time semantics', 'temporal_window_key': 'unresolved', 'temporal_window_label': 'Unresolved time window', 'time_start_bp': None, 'time_end_bp': None, 'time_mean_bp': None, 'duration_years': None, 'comparison_note': 'No chronology claim has been recovered yet for this sample row.', 'refusal_reason_code': '', 'provenance_path': '', 'provenance_locator': '', 'provenance_excerpt': '', 'original_labels': [], 'normalized_labels': [], 'uncertainty_notes': []}"
Sus scrofa domesticus,pig,PRJEB30282,prjeb30282:samea5161124,SAMEA5161124,,,,,,mixed_radiocarbon_and_archaeological_context,unresolved,unresolved,unresolved,keep the row unresolved until stronger chronology evidence exists,No chronology claim has been recovered yet for this sample row.,,,,"{'schema_version': 'temporal-semantics.v1', 'source_family': 'animal_adna', 'evidence_class': 'unresolved', 'precision_posture': 'unresolved', 'comparability_posture': 'unresolved', 'summary_label': 'Unresolved time semantics', 'temporal_window_key': 'unresolved', 'temporal_window_label': 'Unresolved time window', 'time_start_bp': None, 'time_end_bp': None, 'time_mean_bp': None, 'duration_years': None, 'comparison_note': 'No chronology claim has been recovered yet for this sample row.', 'refusal_reason_code': '', 'provenance_path': '', 'provenance_locator': '', 'provenance_excerpt': '', 'original_labels': [], 'normalized_labels': [], 'uncertainty_notes': []}"
Sus scrofa domesticus,pig,PRJEB30282,prjeb30282:samea5161125,SAMEA5161125,,,,,,mixed_radiocarbon_and_archaeological_context,unresolved,unresolved,unresolved,keep the row unresolved until stronger chronology evidence exists,No chronology claim has been recovered yet for this sample row.,,,,"{'schema_version': 'temporal-semantics.v1', 'source_family': 'animal_adna', 'evidence_class': 'unresolved', 'precision_posture': 'unresolved', 'comparability_posture': 'unresolved', 'summary_label': 'Unresolved time semantics', 'temporal_window_key': 'unresolved', 'temporal_window_label': 'Unresolved time window', 'time_start_bp': None, 'time_end_bp': None, 'time_mean_bp': None, 'duration_years': None, 'comparison_note': 'No chronology claim has been recovered yet for this sample row.', 'refusal_reason_code': '', 'provenance_path': '', 'provenance_locator': '', 'provenance_excerpt': '', 'original_labels': [], 'normalized_labels': [], 'uncertainty_notes': []}"
Sus scrofa domesticus,pig,PRJEB30282,prjeb30282:samea5161126,SAMEA5161126,,,,,,mixed_radiocarbon_and_archaeological_context,unresolved,unresolved,unresolved,keep the row unresolved until stronger chronology evidence exists,No chronology claim has been recovered yet for this sample row.,,,,"{'schema_version': 'temporal-semantics.v1', 'source_family': 'animal_adna', 'evidence_class': 'unresolved', 'precision_posture': 'unresolved', 'comparability_posture': 'unresolved', 'summary_label': 'Unresolved time semantics', 'temporal_window_key': 'unresolved', 'temporal_window_label': 'Unresolved time window', 'time_start_bp': None, 'time_end_bp': None, 'time_mean_bp': None, 'duration_years': None, 'comparison_note': 'No chronology claim has been recovered yet for this sample row.', 'refusal_reason_code': '', 'provenance_path': '', 'provenance_locator': '', 'provenance_excerpt': '', 'original_labels': [], 'normalized_labels': [], 'uncertainty_notes': []}"
Sus scrofa domesticus,pig,PRJEB30282,prjeb30282:samea5161127,SAMEA5161127,,,,,,mixed_radiocarbon_and_archaeological_context,unresolved,unresolved,unresolved,keep the row unresolved until stronger chronology evidence exists,No chronology claim has been recovered yet for this sample row.,,,,"{'schema_version': 'temporal-semantics.v1', 'source_family': 'animal_adna', 'evidence_class': 'unresolved', 'precision_posture': 'unresolved', 'comparability_posture': 'unresolved', 'summary_label': 'Unresolved time semantics', 'temporal_window_key': 'unresolved', 'temporal_window_label': 'Unresolved time window', 'time_start_bp': None, 'time_end_bp': None, 'time_mean_bp': None, 'duration_years': None, 'comparison_note': 'No chronology claim has been recovered yet for this sample row.', 'refusal_reason_code': '', 'provenance_path': '', 'provenance_locator': '', 'provenance_excerpt': '', 'original_labels': [], 'normalized_labels': [], 'uncertainty_notes': []}"
Sus scrofa domesticus,pig,PRJEB30282,prjeb30282:samea5161128,SAMEA5161128,,,,,,mixed_radiocarbon_and_archaeological_context,unresolved,unresolved,unresolved,keep the row unresolved until stronger chronology evidence exists,No chronology claim has been recovered yet for this sample row.,,,,"{'schema_version': 'temporal-semantics.v1', 'source_family': 'animal_adna', 'evidence_class': 'unresolved', 'precision_posture': 'unresolved', 'comparability_posture': 'unresolved', 'summary_label': 'Unresolved time semantics', 'temporal_window_key': 'unresolved', 'temporal_window_label': 'Unresolved time window', 'time_start_bp': None, 'time_end_bp': None, 'time_mean_bp': None, 'duration_years': None, 'comparison_note': 'No chronology claim has been recovered yet for this sample row.', 'refusal_reason_code': '', 'provenance_path': '', 'provenance_locator': '', 'provenance_excerpt': '', 'original_labels': [], 'normalized_labels': [], 'uncertainty_notes': []}"
Sus scrofa domesticus,pig,PRJEB30282,prjeb30282:samea5161129,SAMEA5161129,,,,,,mixed_radiocarbon_and_archaeological_context,unresolved,unresolved,unresolved,keep the row unresolved until stronger chronology evidence exists,No chronology claim has been recovered yet for this sample row.,,,,"{'schema_version': 'temporal-semantics.v1', 'source_family': 'animal_adna', 'evidence_class': 'unresolved', 'precision_posture': 'unresolved', 'comparability_posture': 'unresolved', 'summary_label': 'Unresolved time semantics', 'temporal_window_key': 'unresolved', 'temporal_window_label': 'Unresolved time window', 'time_start_bp': None, 'time_end_bp': None, 'time_mean_bp': None, 'duration_years': None, 'comparison_note': 'No chronology claim has been recovered yet for this sample row.', 'refusal_reason_code': '', 'provenance_path': '', 'provenance_locator': '', 'provenance_excerpt': '', 'original_labels': [], 'normalized_labels': [], 'uncertainty_notes': []}"
Sus scrofa domesticus,pig,PRJEB30282,prjeb30282:samea5161130,SAMEA5161130,,,,,,mixed_radiocarbon_and_archaeological_context,unresolved,unresolved,unresolved,keep the row unresolved until stronger chronology evidence exists,No chronology claim has been recovered yet for this sample row.,,,,"{'schema_version': 'temporal-semantics.v1', 'source_family': 'animal_adna', 'evidence_class': 'unresolved', 'precision_posture': 'unresolved', 'comparability_posture': 'unresolved', 'summary_label': 'Unresolved time semantics', 'temporal_window_key': 'unresolved', 'temporal_window_label': 'Unresolved time window', 'time_start_bp': None, 'time_end_bp': None, 'time_mean_bp': None, 'duration_years': None, 'comparison_note': 'No chronology claim has been recovered yet for this sample row.', 'refusal_reason_code': '', 'provenance_path': '', 'provenance_locator': '', 'provenance_excerpt': '', 'original_labels': [], 'normalized_labels': [], 'uncertainty_notes': []}"
Sus scrofa domesticus,pig,PRJEB30282,prjeb30282:samea5161131,SAMEA5161131,,,,,,mixed_radiocarbon_and_archaeological_context,unresolved,unresolved,unresolved,keep the row unresolved until stronger chronology evidence exists,No chronology claim has been recovered yet for this sample row.,,,,"{'schema_version': 'temporal-semantics.v1', 'source_family': 'animal_adna', 'evidence_class': 'unresolved', 'precision_posture': 'unresolved', 'comparability_posture': 'unresolved', 'summary_label': 'Unresolved time semantics', 'temporal_window_key': 'unresolved', 'temporal_window_label': 'Unresolved time window', 'time_start_bp': None, 'time_end_bp': None, 'time_mean_bp': None, 'duration_years': None, 'comparison_note': 'No chronology claim has been recovered yet for this sample row.', 'refusal_reason_code': '', 'provenance_path': '', 'provenance_locator': '', 'provenance_excerpt': '', 'original_labels': [], 'normalized_labels': [], 'uncertainty_notes': []}"
Sus scrofa domesticus,pig,PRJEB30282,prjeb30282:samea5161132,SAMEA5161132,,,,,,mixed_radiocarbon_and_archaeological_context,unresolved,unresolved,unresolved,keep the row unresolved until stronger chronology evidence exists,No chronology claim has been recovered yet for this sample row.,,,,"{'schema_version': 'temporal-semantics.v1', 'source_family': 'animal_adna', 'evidence_class': 'unresolved', 'precision_posture': 'unresolved', 'comparability_posture': 'unresolved', 'summary_label': 'Unresolved time semantics', 'temporal_window_key': 'unresolved', 'temporal_window_label': 'Unresolved time window', 'time_start_bp': None, 'time_end_bp': None, 'time_mean_bp': None, 'duration_years': None, 'comparison_note': 'No chronology claim has been recovered yet for this sample row.', 'refusal_reason_code': '', 'provenance_path': '', 'provenance_locator': '', 'provenance_excerpt': '', 'original_labels': [], 'normalized_labels': [], 'uncertainty_notes': []}"
Sus scrofa domesticus,pig,PRJEB30282,prjeb30282:samea5161133,SAMEA5161133,,,,,,mixed_radiocarbon_and_archaeological_context,unresolved,unresolved,unresolved,keep the row unresolved until stronger chronology evidence exists,No chronology claim has been recovered yet for this sample row.,,,,"{'schema_version': 'temporal-semantics.v1', 'source_family': 'animal_adna', 'evidence_class': 'unresolved', 'precision_posture': 'unresolved', 'comparability_posture': 'unresolved', 'summary_label': 'Unresolved time semantics', 'temporal_window_key': 'unresolved', 'temporal_window_label': 'Unresolved time window', 'time_start_bp': None, 'time_end_bp': None, 'time_mean_bp': None, 'duration_years': None, 'comparison_note': 'No chronology claim has been recovered yet for this sample row.', 'refusal_reason_code': '', 'provenance_path': '', 'provenance_locator': '', 'provenance_excerpt': '', 'original_labels': [], 'normalized_labels': [], 'uncertainty_notes': []}"
Sus scrofa domesticus,pig,PRJEB30282,prjeb30282:samea5161134,SAMEA5161134,,,,,,mixed_radiocarbon_and_archaeological_context,unresolved,unresolved,unresolved,keep the row unresolved until stronger chronology evidence exists,No chronology claim has been recovered yet for this sample row.,,,,"{'schema_version': 'temporal-semantics.v1', 'source_family': 'animal_adna', 'evidence_class': 'unresolved', 'precision_posture': 'unresolved', 'comparability_posture': 'unresolved', 'summary_label': 'Unresolved time semantics', 'temporal_window_key': 'unresolved', 'temporal_window_label': 'Unresolved time window', 'time_start_bp': None, 'time_end_bp': None, 'time_mean_bp': None, 'duration_years': None, 'comparison_note': 'No chronology claim has been recovered yet for this sample row.', 'refusal_reason_code': '', 'provenance_path': '', 'provenance_locator': '', 'provenance_excerpt': '', 'original_labels': [], 'normalized_labels': [], 'uncertainty_notes': []}"
Sus scrofa domesticus,pig,PRJEB30282,prjeb30282:samea5161135,SAMEA5161135,,,,,,mixed_radiocarbon_and_archaeological_context,unresolved,unresolved,unresolved,keep the row unresolved until stronger chronology evidence exists,No chronology claim has been recovered yet for this sample row.,,,,"{'schema_version': 'temporal-semantics.v1', 'source_family': 'animal_adna', 'evidence_class': 'unresolved', 'precision_posture': 'unresolved', 'comparability_posture': 'unresolved', 'summary_label': 'Unresolved time semantics', 'temporal_window_key': 'unresolved', 'temporal_window_label': 'Unresolved time window', 'time_start_bp': None, 'time_end_bp': None, 'time_mean_bp': None, 'duration_years': None, 'comparison_note': 'No chronology claim has been recovered yet for this sample row.', 'refusal_reason_code': '', 'provenance_path': '', 'provenance_locator': '', 'provenance_excerpt': '', 'original_labels': [], 'normalized_labels': [], 'uncertainty_notes': []}"
Sus scrofa domesticus,pig,PRJEB30282,prjeb30282:samea5161136,SAMEA5161136,,,,,,mixed_radiocarbon_and_archaeological_context,unresolved,unresolved,unresolved,keep the row unresolved until stronger chronology evidence exists,No chronology claim has been recovered yet for this sample row.,,,,"{'schema_version': 'temporal-semantics.v1', 'source_family': 'animal_adna', 'evidence_class': 'unresolved', 'precision_posture': 'unresolved', 'comparability_posture': 'unresolved', 'summary_label': 'Unresolved time semantics', 'temporal_window_key': 'unresolved', 'temporal_window_label': 'Unresolved time window', 'time_start_bp': None, 'time_end_bp': None, 'time_mean_bp': None, 'duration_years': None, 'comparison_note': 'No chronology claim has been recovered yet for this sample row.', 'refusal_reason_code': '', 'provenance_path': '', 'provenance_locator': '', 'provenance_excerpt': '', 'original_labels': [], 'normalized_labels': [], 'uncertainty_notes': []}"
Sus scrofa domesticus,pig,PRJEB30282,prjeb30282:samea5161137,SAMEA5161137,,,,,,mixed_radiocarbon_and_archaeological_context,unresolved,unresolved,unresolved,keep the row unresolved until stronger chronology evidence exists,No chronology claim has been recovered yet for this sample row.,,,,"{'schema_version': 'temporal-semantics.v1', 'source_family': 'animal_adna', 'evidence_class': 'unresolved', 'precision_posture': 'unresolved', 'comparability_posture': 'unresolved', 'summary_label': 'Unresolved time semantics', 'temporal_window_key': 'unresolved', 'temporal_window_label': 'Unresolved time window', 'time_start_bp': None, 'time_end_bp': None, 'time_mean_bp': None, 'duration_years': None, 'comparison_note': 'No chronology claim has been recovered yet for this sample row.', 'refusal_reason_code': '', 'provenance_path': '', 'provenance_locator': '', 'provenance_excerpt': '', 'original_labels': [], 'normalized_labels': [], 'uncertainty_notes': []}"
Sus scrofa domesticus,pig,PRJEB30282,prjeb30282:samea5161138,SAMEA5161138,,,,,,mixed_radiocarbon_and_archaeological_context,unresolved,unresolved,unresolved,keep the row unresolved until stronger chronology evidence exists,No chronology claim has been recovered yet for this sample row.,,,,"{'schema_version': 'temporal-semantics.v1', 'source_family': 'animal_adna', 'evidence_class': 'unresolved', 'precision_posture': 'unresolved', 'comparability_posture': 'unresolved', 'summary_label': 'Unresolved time semantics', 'temporal_window_key': 'unresolved', 'temporal_window_label': 'Unresolved time window', 'time_start_bp': None, 'time_end_bp': None, 'time_mean_bp': None, 'duration_years': None, 'comparison_note': 'No chronology claim has been recovered yet for this sample row.', 'refusal_reason_code': '', 'provenance_path': '', 'provenance_locator': '', 'provenance_excerpt': '', 'original_labels': [], 'normalized_labels': [], 'uncertainty_notes': []}"
Sus scrofa domesticus,pig,PRJEB30282,prjeb30282:samea5161139,SAMEA5161139,,,,,,mixed_radiocarbon_and_archaeological_context,unresolved,unresolved,unresolved,keep the row unresolved until stronger chronology evidence exists,No chronology claim has been recovered yet for this sample row.,,,,"{'schema_version': 'temporal-semantics.v1', 'source_family': 'animal_adna', 'evidence_class': 'unresolved', 'precision_posture': 'unresolved', 'comparability_posture': 'unresolved', 'summary_label': 'Unresolved time semantics', 'temporal_window_key': 'unresolved', 'temporal_window_label': 'Unresolved time window', 'time_start_bp': None, 'time_end_bp': None, 'time_mean_bp': None, 'duration_years': None, 'comparison_note': 'No chronology claim has been recovered yet for this sample row.', 'refusal_reason_code': '', 'provenance_path': '', 'provenance_locator': '', 'provenance_excerpt': '', 'original_labels': [], 'normalized_labels': [], 'uncertainty_notes': []}"
Sus scrofa domesticus,pig,PRJEB30282,prjeb30282:samea5161140,SAMEA5161140,,,,,,mixed_radiocarbon_and_archaeological_context,unresolved,unresolved,unresolved,keep the row unresolved until stronger chronology evidence exists,No chronology claim has been recovered yet for this sample row.,,,,"{'schema_version': 'temporal-semantics.v1', 'source_family': 'animal_adna', 'evidence_class': 'unresolved', 'precision_posture': 'unresolved', 'comparability_posture': 'unresolved', 'summary_label': 'Unresolved time semantics', 'temporal_window_key': 'unresolved', 'temporal_window_label': 'Unresolved time window', 'time_start_bp': None, 'time_end_bp': None, 'time_mean_bp': None, 'duration_years': None, 'comparison_note': 'No chronology claim has been recovered yet for this sample row.', 'refusal_reason_code': '', 'provenance_path': '', 'provenance_locator': '', 'provenance_excerpt': '', 'original_labels': [], 'normalized_labels': [], 'uncertainty_notes': []}"
Sus scrofa domesticus,pig,PRJEB30282,prjeb30282:samea5161141,SAMEA5161141,,,,,,mixed_radiocarbon_and_archaeological_context,unresolved,unresolved,unresolved,keep the row unresolved until stronger chronology evidence exists,No chronology claim has been recovered yet for this sample row.,,,,"{'schema_version': 'temporal-semantics.v1', 'source_family': 'animal_adna', 'evidence_class': 'unresolved', 'precision_posture': 'unresolved', 'comparability_posture': 'unresolved', 'summary_label': 'Unresolved time semantics', 'temporal_window_key': 'unresolved', 'temporal_window_label': 'Unresolved time window', 'time_start_bp': None, 'time_end_bp': None, 'time_mean_bp': None, 'duration_years': None, 'comparison_note': 'No chronology claim has been recovered yet for this sample row.', 'refusal_reason_code': '', 'provenance_path': '', 'provenance_locator': '', 'provenance_excerpt': '', 'original_labels': [], 'normalized_labels': [], 'uncertainty_notes': []}"
Sus scrofa domesticus,pig,PRJEB30282,prjeb30282:samea5161142,SAMEA5161142,,,,,,mixed_radiocarbon_and_archaeological_context,unresolved,unresolved,unresolved,keep the row unresolved until stronger chronology evidence exists,No chronology claim has been recovered yet for this sample row.,,,,"{'schema_version': 'temporal-semantics.v1', 'source_family': 'animal_adna', 'evidence_class': 'unresolved', 'precision_posture': 'unresolved', 'comparability_posture': 'unresolved', 'summary_label': 'Unresolved time semantics', 'temporal_window_key': 'unresolved', 'temporal_window_label': 'Unresolved time window', 'time_start_bp': None, 'time_end_bp': None, 'time_mean_bp': None, 'duration_years': None, 'comparison_note': 'No chronology claim has been recovered yet for this sample row.', 'refusal_reason_code': '', 'provenance_path': '', 'provenance_locator': '', 'provenance_excerpt': '', 'original_labels': [], 'normalized_labels': [], 'uncertainty_notes': []}"
Sus scrofa domesticus,pig,PRJEB30282,prjeb30282:samea5161143,SAMEA5161143,,,,,,mixed_radiocarbon_and_archaeological_context,unresolved,unresolved,unresolved,keep the row unresolved until stronger chronology evidence exists,No chronology claim has been recovered yet for this sample row.,,,,"{'schema_version': 'temporal-semantics.v1', 'source_family': 'animal_adna', 'evidence_class': 'unresolved', 'precision_posture': 'unresolved', 'comparability_posture': 'unresolved', 'summary_label': 'Unresolved time semantics', 'temporal_window_key': 'unresolved', 'temporal_window_label': 'Unresolved time window', 'time_start_bp': None, 'time_end_bp': None, 'time_mean_bp': None, 'duration_years': None, 'comparison_note': 'No chronology claim has been recovered yet for this sample row.', 'refusal_reason_code': '', 'provenance_path': '', 'provenance_locator': '', 'provenance_excerpt': '', 'original_labels': [], 'normalized_labels': [], 'uncertainty_notes': []}"
Sus scrofa domesticus,pig,PRJEB30282,prjeb30282:samea5161144,SAMEA5161144,,,,,,mixed_radiocarbon_and_archaeological_context,unresolved,unresolved,unresolved,keep the row unresolved until stronger chronology evidence exists,No chronology claim has been recovered yet for this sample row.,,,,"{'schema_version': 'temporal-semantics.v1', 'source_family': 'animal_adna', 'evidence_class': 'unresolved', 'precision_posture': 'unresolved', 'comparability_posture': 'unresolved', 'summary_label': 'Unresolved time semantics', 'temporal_window_key': 'unresolved', 'temporal_window_label': 'Unresolved time window', 'time_start_bp': None, 'time_end_bp': None, 'time_mean_bp': None, 'duration_years': None, 'comparison_note': 'No chronology claim has been recovered yet for this sample row.', 'refusal_reason_code': '', 'provenance_path': '', 'provenance_locator': '', 'provenance_excerpt': '', 'original_labels': [], 'normalized_labels': [], 'uncertainty_notes': []}"
Sus scrofa domesticus,pig,PRJEB30282,prjeb30282:samea5161145,SAMEA5161145,,,,,,mixed_radiocarbon_and_archaeological_context,unresolved,unresolved,unresolved,keep the row unresolved until stronger chronology evidence exists,No chronology claim has been recovered yet for this sample row.,,,,"{'schema_version': 'temporal-semantics.v1', 'source_family': 'animal_adna', 'evidence_class': 'unresolved', 'precision_posture': 'unresolved', 'comparability_posture': 'unresolved', 'summary_label': 'Unresolved time semantics', 'temporal_window_key': 'unresolved', 'temporal_window_label': 'Unresolved time window', 'time_start_bp': None, 'time_end_bp': None, 'time_mean_bp': None, 'duration_years': None, 'comparison_note': 'No chronology claim has been recovered yet for this sample row.', 'refusal_reason_code': '', 'provenance_path': '', 'provenance_locator': '', 'provenance_excerpt': '', 'original_labels': [], 'normalized_labels': [], 'uncertainty_notes': []}"
Sus scrofa domesticus,pig,PRJEB30282,prjeb30282:samea5161146,SAMEA5161146,,,,,,mixed_radiocarbon_and_archaeological_context,unresolved,unresolved,unresolved,keep the row unresolved until stronger chronology evidence exists,No chronology claim has been recovered yet for this sample row.,,,,"{'schema_version': 'temporal-semantics.v1', 'source_family': 'animal_adna', 'evidence_class': 'unresolved', 'precision_posture': 'unresolved', 'comparability_posture': 'unresolved', 'summary_label': 'Unresolved time semantics', 'temporal_window_key': 'unresolved', 'temporal_window_label': 'Unresolved time window', 'time_start_bp': None, 'time_end_bp': None, 'time_mean_bp': None, 'duration_years': None, 'comparison_note': 'No chronology claim has been recovered yet for this sample row.', 'refusal_reason_code': '', 'provenance_path': '', 'provenance_locator': '', 'provenance_excerpt': '', 'original_labels': [], 'normalized_labels': [], 'uncertainty_notes': []}"
Sus scrofa domesticus,pig,PRJEB30282,prjeb30282:samea5161147,SAMEA5161147,,,,,,mixed_radiocarbon_and_archaeological_context,unresolved,unresolved,unresolved,keep the row unresolved until stronger chronology evidence exists,No chronology claim has been recovered yet for this sample row.,,,,"{'schema_version': 'temporal-semantics.v1', 'source_family': 'animal_adna', 'evidence_class': 'unresolved', 'precision_posture': 'unresolved', 'comparability_posture': 'unresolved', 'summary_label': 'Unresolved time semantics', 'temporal_window_key': 'unresolved', 'temporal_window_label': 'Unresolved time window', 'time_start_bp': None, 'time_end_bp': None, 'time_mean_bp': None, 'duration_years': None, 'comparison_note': 'No chronology claim has been recovered yet for this sample row.', 'refusal_reason_code': '', 'provenance_path': '', 'provenance_locator': '', 'provenance_excerpt': '', 'original_labels': [], 'normalized_labels': [], 'uncertainty_notes': []}"
Sus scrofa domesticus,pig,PRJEB30282,prjeb30282:samea5161148,SAMEA5161148,,,,,,mixed_radiocarbon_and_archaeological_context,unresolved,unresolved,unresolved,keep the row unresolved until stronger chronology evidence exists,No chronology claim has been recovered yet for this sample row.,,,,"{'schema_version': 'temporal-semantics.v1', 'source_family': 'animal_adna', 'evidence_class': 'unresolved', 'precision_posture': 'unresolved', 'comparability_posture': 'unresolved', 'summary_label': 'Unresolved time semantics', 'temporal_window_key': 'unresolved', 'temporal_window_label': 'Unresolved time window', 'time_start_bp': None, 'time_end_bp': None, 'time_mean_bp': None, 'duration_years': None, 'comparison_note': 'No chronology claim has been recovered yet for this sample row.', 'refusal_reason_code': '', 'provenance_path': '', 'provenance_locator': '', 'provenance_excerpt': '', 'original_labels': [], 'normalized_labels': [], 'uncertainty_notes': []}"
Sus scrofa domesticus,pig,PRJEB30282,prjeb30282:samea5161149,SAMEA5161149,,,,,,mixed_radiocarbon_and_archaeological_context,unresolved,unresolved,unresolved,keep the row unresolved until stronger chronology evidence exists,No chronology claim has been recovered yet for this sample row.,,,,"{'schema_version': 'temporal-semantics.v1', 'source_family': 'animal_adna', 'evidence_class': 'unresolved', 'precision_posture': 'unresolved', 'comparability_posture': 'unresolved', 'summary_label': 'Unresolved time semantics', 'temporal_window_key': 'unresolved', 'temporal_window_label': 'Unresolved time window', 'time_start_bp': None, 'time_end_bp': None, 'time_mean_bp': None, 'duration_years': None, 'comparison_note': 'No chronology claim has been recovered yet for this sample row.', 'refusal_reason_code': '', 'provenance_path': '', 'provenance_locator': '', 'provenance_excerpt': '', 'original_labels': [], 'normalized_labels': [], 'uncertainty_notes': []}"
Sus scrofa domesticus,pig,PRJEB30282,prjeb30282:samea5161150,SAMEA5161150,,,,,,mixed_radiocarbon_and_archaeological_context,unresolved,unresolved,unresolved,keep the row unresolved until stronger chronology evidence exists,No chronology claim has been recovered yet for this sample row.,,,,"{'schema_version': 'temporal-semantics.v1', 'source_family': 'animal_adna', 'evidence_class': 'unresolved', 'precision_posture': 'unresolved', 'comparability_posture': 'unresolved', 'summary_label': 'Unresolved time semantics', 'temporal_window_key': 'unresolved', 'temporal_window_label': 'Unresolved time window', 'time_start_bp': None, 'time_end_bp': None, 'time_mean_bp': None, 'duration_years': None, 'comparison_note': 'No chronology claim has been recovered yet for this sample row.', 'refusal_reason_code': '', 'provenance_path': '', 'provenance_locator': '', 'provenance_excerpt': '', 'original_labels': [], 'normalized_labels': [], 'uncertainty_notes': []}"
Sus scrofa domesticus,pig,PRJEB30282,prjeb30282:samea5161151,SAMEA5161151,,,,,,mixed_radiocarbon_and_archaeological_context,unresolved,unresolved,unresolved,keep the row unresolved until stronger chronology evidence exists,No chronology claim has been recovered yet for this sample row.,,,,"{'schema_version': 'temporal-semantics.v1', 'source_family': 'animal_adna', 'evidence_class': 'unresolved', 'precision_posture': 'unresolved', 'comparability_posture': 'unresolved', 'summary_label': 'Unresolved time semantics', 'temporal_window_key': 'unresolved', 'temporal_window_label': 'Unresolved time window', 'time_start_bp': None, 'time_end_bp': None, 'time_mean_bp': None, 'duration_years': None, 'comparison_note': 'No chronology claim has been recovered yet for this sample row.', 'refusal_reason_code': '', 'provenance_path': '', 'provenance_locator': '', 'provenance_excerpt': '', 'original_labels': [], 'normalized_labels': [], 'uncertainty_notes': []}"
Sus scrofa domesticus,pig,PRJEB30282,prjeb30282:samea5161152,SAMEA5161152,,,,,,mixed_radiocarbon_and_archaeological_context,unresolved,unresolved,unresolved,keep the row unresolved until stronger chronology evidence exists,No chronology claim has been recovered yet for this sample row.,,,,"{'schema_version': 'temporal-semantics.v1', 'source_family': 'animal_adna', 'evidence_class': 'unresolved', 'precision_posture': 'unresolved', 'comparability_posture': 'unresolved', 'summary_label': 'Unresolved time semantics', 'temporal_window_key': 'unresolved', 'temporal_window_label': 'Unresolved time window', 'time_start_bp': None, 'time_end_bp': None, 'time_mean_bp': None, 'duration_years': None, 'comparison_note': 'No chronology claim has been recovered yet for this sample row.', 'refusal_reason_code': '', 'provenance_path': '', 'provenance_locator': '', 'provenance_excerpt': '', 'original_labels': [], 'normalized_labels': [], 'uncertainty_notes': []}"
Sus scrofa domesticus,pig,PRJEB30282,prjeb30282:samea5161153,SAMEA5161153,,,,,,mixed_radiocarbon_and_archaeological_context,unresolved,unresolved,unresolved,keep the row unresolved until stronger chronology evidence exists,No chronology claim has been recovered yet for this sample row.,,,,"{'schema_version': 'temporal-semantics.v1', 'source_family': 'animal_adna', 'evidence_class': 'unresolved', 'precision_posture': 'unresolved', 'comparability_posture': 'unresolved', 'summary_label': 'Unresolved time semantics', 'temporal_window_key': 'unresolved', 'temporal_window_label': 'Unresolved time window', 'time_start_bp': None, 'time_end_bp': None, 'time_mean_bp': None, 'duration_years': None, 'comparison_note': 'No chronology claim has been recovered yet for this sample row.', 'refusal_reason_code': '', 'provenance_path': '', 'provenance_locator': '', 'provenance_excerpt': '', 'original_labels': [], 'normalized_labels': [], 'uncertainty_notes': []}"
Sus scrofa domesticus,pig,PRJEB30282,prjeb30282:samea5161154,SAMEA5161154,,,,,,mixed_radiocarbon_and_archaeological_context,unresolved,unresolved,unresolved,keep the row unresolved until stronger chronology evidence exists,No chronology claim has been recovered yet for this sample row.,,,,"{'schema_version': 'temporal-semantics.v1', 'source_family': 'animal_adna', 'evidence_class': 'unresolved', 'precision_posture': 'unresolved', 'comparability_posture': 'unresolved', 'summary_label': 'Unresolved time semantics', 'temporal_window_key': 'unresolved', 'temporal_window_label': 'Unresolved time window', 'time_start_bp': None, 'time_end_bp': None, 'time_mean_bp': None, 'duration_years': None, 'comparison_note': 'No chronology claim has been recovered yet for this sample row.', 'refusal_reason_code': '', 'provenance_path': '', 'provenance_locator': '', 'provenance_excerpt': '', 'original_labels': [], 'normalized_labels': [], 'uncertainty_notes': []}"
Sus scrofa domesticus,pig,PRJEB30282,prjeb30282:samea5161155,SAMEA5161155,,,,,,mixed_radiocarbon_and_archaeological_context,unresolved,unresolved,unresolved,keep the row unresolved until stronger chronology evidence exists,No chronology claim has been recovered yet for this sample row.,,,,"{'schema_version': 'temporal-semantics.v1', 'source_family': 'animal_adna', 'evidence_class': 'unresolved', 'precision_posture': 'unresolved', 'comparability_posture': 'unresolved', 'summary_label': 'Unresolved time semantics', 'temporal_window_key': 'unresolved', 'temporal_window_label': 'Unresolved time window', 'time_start_bp': None, 'time_end_bp': None, 'time_mean_bp': None, 'duration_years': None, 'comparison_note': 'No chronology claim has been recovered yet for this sample row.', 'refusal_reason_code': '', 'provenance_path': '', 'provenance_locator': '', 'provenance_excerpt': '', 'original_labels': [], 'normalized_labels': [], 'uncertainty_notes': []}"
Sus scrofa domesticus,pig,PRJEB30282,prjeb30282:samea5161156,SAMEA5161156,,,,,,mixed_radiocarbon_and_archaeological_context,unresolved,unresolved,unresolved,keep the row unresolved until stronger chronology evidence exists,No chronology claim has been recovered yet for this sample row.,,,,"{'schema_version': 'temporal-semantics.v1', 'source_family': 'animal_adna', 'evidence_class': 'unresolved', 'precision_posture': 'unresolved', 'comparability_posture': 'unresolved', 'summary_label': 'Unresolved time semantics', 'temporal_window_key': 'unresolved', 'temporal_window_label': 'Unresolved time window', 'time_start_bp': None, 'time_end_bp': None, 'time_mean_bp': None, 'duration_years': None, 'comparison_note': 'No chronology claim has been recovered yet for this sample row.', 'refusal_reason_code': '', 'provenance_path': '', 'provenance_locator': '', 'provenance_excerpt': '', 'original_labels': [], 'normalized_labels': [], 'uncertainty_notes': []}"
Sus scrofa domesticus,pig,PRJEB30282,prjeb30282:samea5161157,SAMEA5161157,,,,,,mixed_radiocarbon_and_archaeological_context,unresolved,unresolved,unresolved,keep the row unresolved until stronger chronology evidence exists,No chronology claim has been recovered yet for this sample row.,,,,"{'schema_version': 'temporal-semantics.v1', 'source_family': 'animal_adna', 'evidence_class': 'unresolved', 'precision_posture': 'unresolved', 'comparability_posture': 'unresolved', 'summary_label': 'Unresolved time semantics', 'temporal_window_key': 'unresolved', 'temporal_window_label': 'Unresolved time window', 'time_start_bp': None, 'time_end_bp': None, 'time_mean_bp': None, 'duration_years': None, 'comparison_note': 'No chronology claim has been recovered yet for this sample row.', 'refusal_reason_code': '', 'provenance_path': '', 'provenance_locator': '', 'provenance_excerpt': '', 'original_labels': [], 'normalized_labels': [], 'uncertainty_notes': []}"
Sus scrofa domesticus,pig,PRJEB30282,prjeb30282:samea5161158,SAMEA5161158,,,,,,mixed_radiocarbon_and_archaeological_context,unresolved,unresolved,unresolved,keep the row unresolved until stronger chronology evidence exists,No chronology claim has been recovered yet for this sample row.,,,,"{'schema_version': 'temporal-semantics.v1', 'source_family': 'animal_adna', 'evidence_class': 'unresolved', 'precision_posture': 'unresolved', 'comparability_posture': 'unresolved', 'summary_label': 'Unresolved time semantics', 'temporal_window_key': 'unresolved', 'temporal_window_label': 'Unresolved time window', 'time_start_bp': None, 'time_end_bp': None, 'time_mean_bp': None, 'duration_years': None, 'comparison_note': 'No chronology claim has been recovered yet for this sample row.', 'refusal_reason_code': '', 'provenance_path': '', 'provenance_locator': '', 'provenance_excerpt': '', 'original_labels': [], 'normalized_labels': [], 'uncertainty_notes': []}"
Sus scrofa domesticus,pig,PRJEB30282,prjeb30282:samea5161159,SAMEA5161159,,,,,,mixed_radiocarbon_and_archaeological_context,unresolved,unresolved,unresolved,keep the row unresolved until stronger chronology evidence exists,No chronology claim has been recovered yet for this sample row.,,,,"{'schema_version': 'temporal-semantics.v1', 'source_family': 'animal_adna', 'evidence_class': 'unresolved', 'precision_posture': 'unresolved', 'comparability_posture': 'unresolved', 'summary_label': 'Unresolved time semantics', 'temporal_window_key': 'unresolved', 'temporal_window_label': 'Unresolved time window', 'time_start_bp': None, 'time_end_bp': None, 'time_mean_bp': None, 'duration_years': None, 'comparison_note': 'No chronology claim has been recovered yet for this sample row.', 'refusal_reason_code': '', 'provenance_path': '', 'provenance_locator': '', 'provenance_excerpt': '', 'original_labels': [], 'normalized_labels': [], 'uncertainty_notes': []}"
Sus scrofa domesticus,pig,PRJEB30282,prjeb30282:samea5161160,SAMEA5161160,,,,,,mixed_radiocarbon_and_archaeological_context,unresolved,unresolved,unresolved,keep the row unresolved until stronger chronology evidence exists,No chronology claim has been recovered yet for this sample row.,,,,"{'schema_version': 'temporal-semantics.v1', 'source_family': 'animal_adna', 'evidence_class': 'unresolved', 'precision_posture': 'unresolved', 'comparability_posture': 'unresolved', 'summary_label': 'Unresolved time semantics', 'temporal_window_key': 'unresolved', 'temporal_window_label': 'Unresolved time window', 'time_start_bp': None, 'time_end_bp': None, 'time_mean_bp': None, 'duration_years': None, 'comparison_note': 'No chronology claim has been recovered yet for this sample row.', 'refusal_reason_code': '', 'provenance_path': '', 'provenance_locator': '', 'provenance_excerpt': '', 'original_labels': [], 'normalized_labels': [], 'uncertainty_notes': []}"
Sus scrofa domesticus,pig,PRJEB30282,prjeb30282:samea5161161,SAMEA5161161,,,,,,mixed_radiocarbon_and_archaeological_context,unresolved,unresolved,unresolved,keep the row unresolved until stronger chronology evidence exists,No chronology claim has been recovered yet for this sample row.,,,,"{'schema_version': 'temporal-semantics.v1', 'source_family': 'animal_adna', 'evidence_class': 'unresolved', 'precision_posture': 'unresolved', 'comparability_posture': 'unresolved', 'summary_label': 'Unresolved time semantics', 'temporal_window_key': 'unresolved', 'temporal_window_label': 'Unresolved time window', 'time_start_bp': None, 'time_end_bp': None, 'time_mean_bp': None, 'duration_years': None, 'comparison_note': 'No chronology claim has been recovered yet for this sample row.', 'refusal_reason_code': '', 'provenance_path': '', 'provenance_locator': '', 'provenance_excerpt': '', 'original_labels': [], 'normalized_labels': [], 'uncertainty_notes': []}"
Sus scrofa domesticus,pig,PRJEB30282,prjeb30282:samea5161162,SAMEA5161162,,,,,,mixed_radiocarbon_and_archaeological_context,unresolved,unresolved,unresolved,keep the row unresolved until stronger chronology evidence exists,No chronology claim has been recovered yet for this sample row.,,,,"{'schema_version': 'temporal-semantics.v1', 'source_family': 'animal_adna', 'evidence_class': 'unresolved', 'precision_posture': 'unresolved', 'comparability_posture': 'unresolved', 'summary_label': 'Unresolved time semantics', 'temporal_window_key': 'unresolved', 'temporal_window_label': 'Unresolved time window', 'time_start_bp': None, 'time_end_bp': None, 'time_mean_bp': None, 'duration_years': None, 'comparison_note': 'No chronology claim has been recovered yet for this sample row.', 'refusal_reason_code': '', 'provenance_path': '', 'provenance_locator': '', 'provenance_excerpt': '', 'original_labels': [], 'normalized_labels': [], 'uncertainty_notes': []}"
Sus scrofa domesticus,pig,PRJEB30282,prjeb30282:samea5161163,SAMEA5161163,,,,,,mixed_radiocarbon_and_archaeological_context,unresolved,unresolved,unresolved,keep the row unresolved until stronger chronology evidence exists,No chronology claim has been recovered yet for this sample row.,,,,"{'schema_version': 'temporal-semantics.v1', 'source_family': 'animal_adna', 'evidence_class': 'unresolved', 'precision_posture': 'unresolved', 'comparability_posture': 'unresolved', 'summary_label': 'Unresolved time semantics', 'temporal_window_key': 'unresolved', 'temporal_window_label': 'Unresolved time window', 'time_start_bp': None, 'time_end_bp': None, 'time_mean_bp': None, 'duration_years': None, 'comparison_note': 'No chronology claim has been recovered yet for this sample row.', 'refusal_reason_code': '', 'provenance_path': '', 'provenance_locator': '', 'provenance_excerpt': '', 'original_labels': [], 'normalized_labels': [], 'uncertainty_notes': []}"
Sus scrofa domesticus,pig,PRJEB30282,prjeb30282:samea5161164,SAMEA5161164,,,,,,mixed_radiocarbon_and_archaeological_context,unresolved,unresolved,unresolved,keep the row unresolved until stronger chronology evidence exists,No chronology claim has been recovered yet for this sample row.,,,,"{'schema_version': 'temporal-semantics.v1', 'source_family': 'animal_adna', 'evidence_class': 'unresolved', 'precision_posture': 'unresolved', 'comparability_posture': 'unresolved', 'summary_label': 'Unresolved time semantics', 'temporal_window_key': 'unresolved', 'temporal_window_label': 'Unresolved time window', 'time_start_bp': None, 'time_end_bp': None, 'time_mean_bp': None, 'duration_years': None, 'comparison_note': 'No chronology claim has been recovered yet for this sample row.', 'refusal_reason_code': '', 'provenance_path': '', 'provenance_locator': '', 'provenance_excerpt': '', 'original_labels': [], 'normalized_labels': [], 'uncertainty_notes': []}"
Sus scrofa domesticus,pig,PRJEB30282,prjeb30282:samea5161165,SAMEA5161165,,,,,,mixed_radiocarbon_and_archaeological_context,unresolved,unresolved,unresolved,keep the row unresolved until stronger chronology evidence exists,No chronology claim has been recovered yet for this sample row.,,,,"{'schema_version': 'temporal-semantics.v1', 'source_family': 'animal_adna', 'evidence_class': 'unresolved', 'precision_posture': 'unresolved', 'comparability_posture': 'unresolved', 'summary_label': 'Unresolved time semantics', 'temporal_window_key': 'unresolved', 'temporal_window_label': 'Unresolved time window', 'time_start_bp': None, 'time_end_bp': None, 'time_mean_bp': None, 'duration_years': None, 'comparison_note': 'No chronology claim has been recovered yet for this sample row.', 'refusal_reason_code': '', 'provenance_path': '', 'provenance_locator': '', 'provenance_excerpt': '', 'original_labels': [], 'normalized_labels': [], 'uncertainty_notes': []}"
Sus scrofa domesticus,pig,PRJEB30282,prjeb30282:samea5161166,SAMEA5161166,,,,,,mixed_radiocarbon_and_archaeological_context,unresolved,unresolved,unresolved,keep the row unresolved until stronger chronology evidence exists,No chronology claim has been recovered yet for this sample row.,,,,"{'schema_version': 'temporal-semantics.v1', 'source_family': 'animal_adna', 'evidence_class': 'unresolved', 'precision_posture': 'unresolved', 'comparability_posture': 'unresolved', 'summary_label': 'Unresolved time semantics', 'temporal_window_key': 'unresolved', 'temporal_window_label': 'Unresolved time window', 'time_start_bp': None, 'time_end_bp': None, 'time_mean_bp': None, 'duration_years': None, 'comparison_note': 'No chronology claim has been recovered yet for this sample row.', 'refusal_reason_code': '', 'provenance_path': '', 'provenance_locator': '', 'provenance_excerpt': '', 'original_labels': [], 'normalized_labels': [], 'uncertainty_notes': []}"
Sus scrofa domesticus,pig,PRJEB30282,prjeb30282:samea5161167,SAMEA5161167,,,,,,mixed_radiocarbon_and_archaeological_context,unresolved,unresolved,unresolved,keep the row unresolved until stronger chronology evidence exists,No chronology claim has been recovered yet for this sample row.,,,,"{'schema_version': 'temporal-semantics.v1', 'source_family': 'animal_adna', 'evidence_class': 'unresolved', 'precision_posture': 'unresolved', 'comparability_posture': 'unresolved', 'summary_label': 'Unresolved time semantics', 'temporal_window_key': 'unresolved', 'temporal_window_label': 'Unresolved time window', 'time_start_bp': None, 'time_end_bp': None, 'time_mean_bp': None, 'duration_years': None, 'comparison_note': 'No chronology claim has been recovered yet for this sample row.', 'refusal_reason_code': '', 'provenance_path': '', 'provenance_locator': '', 'provenance_excerpt': '', 'original_labels': [], 'normalized_labels': [], 'uncertainty_notes': []}"
Sus scrofa domesticus,pig,PRJEB30282,prjeb30282:samea5161169,SAMEA5161169,,,,,,mixed_radiocarbon_and_archaeological_context,unresolved,unresolved,unresolved,keep the row unresolved until stronger chronology evidence exists,No chronology claim has been recovered yet for this sample row.,,,,"{'schema_version': 'temporal-semantics.v1', 'source_family': 'animal_adna', 'evidence_class': 'unresolved', 'precision_posture': 'unresolved', 'comparability_posture': 'unresolved', 'summary_label': 'Unresolved time semantics', 'temporal_window_key': 'unresolved', 'temporal_window_label': 'Unresolved time window', 'time_start_bp': None, 'time_end_bp': None, 'time_mean_bp': None, 'duration_years': None, 'comparison_note': 'No chronology claim has been recovered yet for this sample row.', 'refusal_reason_code': '', 'provenance_path': '', 'provenance_locator': '', 'provenance_excerpt': '', 'original_labels': [], 'normalized_labels': [], 'uncertainty_notes': []}"
Sus scrofa domesticus,pig,PRJEB30282,prjeb30282:samea5161170,SAMEA5161170,,,,,,mixed_radiocarbon_and_archaeological_context,unresolved,unresolved,unresolved,keep the row unresolved until stronger chronology evidence exists,No chronology claim has been recovered yet for this sample row.,,,,"{'schema_version': 'temporal-semantics.v1', 'source_family': 'animal_adna', 'evidence_class': 'unresolved', 'precision_posture': 'unresolved', 'comparability_posture': 'unresolved', 'summary_label': 'Unresolved time semantics', 'temporal_window_key': 'unresolved', 'temporal_window_label': 'Unresolved time window', 'time_start_bp': None, 'time_end_bp': None, 'time_mean_bp': None, 'duration_years': None, 'comparison_note': 'No chronology claim has been recovered yet for this sample row.', 'refusal_reason_code': '', 'provenance_path': '', 'provenance_locator': '', 'provenance_excerpt': '', 'original_labels': [], 'normalized_labels': [], 'uncertainty_notes': []}"
Sus scrofa domesticus,pig,PRJEB30282,prjeb30282:samea5161171,SAMEA5161171,,,,,,mixed_radiocarbon_and_archaeological_context,unresolved,unresolved,unresolved,keep the row unresolved until stronger chronology evidence exists,No chronology claim has been recovered yet for this sample row.,,,,"{'schema_version': 'temporal-semantics.v1', 'source_family': 'animal_adna', 'evidence_class': 'unresolved', 'precision_posture': 'unresolved', 'comparability_posture': 'unresolved', 'summary_label': 'Unresolved time semantics', 'temporal_window_key': 'unresolved', 'temporal_window_label': 'Unresolved time window', 'time_start_bp': None, 'time_end_bp': None, 'time_mean_bp': None, 'duration_years': None, 'comparison_note': 'No chronology claim has been recovered yet for this sample row.', 'refusal_reason_code': '', 'provenance_path': '', 'provenance_locator': '', 'provenance_excerpt': '', 'original_labels': [], 'normalized_labels': [], 'uncertainty_notes': []}"
Sus scrofa domesticus,pig,PRJEB30282,prjeb30282:samea5161172,SAMEA5161172,,,,,,mixed_radiocarbon_and_archaeological_context,unresolved,unresolved,unresolved,keep the row unresolved until stronger chronology evidence exists,No chronology claim has been recovered yet for this sample row.,,,,"{'schema_version': 'temporal-semantics.v1', 'source_family': 'animal_adna', 'evidence_class': 'unresolved', 'precision_posture': 'unresolved', 'comparability_posture': 'unresolved', 'summary_label': 'Unresolved time semantics', 'temporal_window_key': 'unresolved', 'temporal_window_label': 'Unresolved time window', 'time_start_bp': None, 'time_end_bp': None, 'time_mean_bp': None, 'duration_years': None, 'comparison_note': 'No chronology claim has been recovered yet for this sample row.', 'refusal_reason_code': '', 'provenance_path': '', 'provenance_locator': '', 'provenance_excerpt': '', 'original_labels': [], 'normalized_labels': [], 'uncertainty_notes': []}"
Sus scrofa domesticus,pig,PRJEB30282,prjeb30282:samea5161173,SAMEA5161173,,,,,,mixed_radiocarbon_and_archaeological_context,unresolved,unresolved,unresolved,keep the row unresolved until stronger chronology evidence exists,No chronology claim has been recovered yet for this sample row.,,,,"{'schema_version': 'temporal-semantics.v1', 'source_family': 'animal_adna', 'evidence_class': 'unresolved', 'precision_posture': 'unresolved', 'comparability_posture': 'unresolved', 'summary_label': 'Unresolved time semantics', 'temporal_window_key': 'unresolved', 'temporal_window_label': 'Unresolved time window', 'time_start_bp': None, 'time_end_bp': None, 'time_mean_bp': None, 'duration_years': None, 'comparison_note': 'No chronology claim has been recovered yet for this sample row.', 'refusal_reason_code': '', 'provenance_path': '', 'provenance_locator': '', 'provenance_excerpt': '', 'original_labels': [], 'normalized_labels': [], 'uncertainty_notes': []}"
Sus scrofa domesticus,pig,PRJEB30282,prjeb30282:samea5161174,SAMEA5161174,,,,,,mixed_radiocarbon_and_archaeological_context,unresolved,unresolved,unresolved,keep the row unresolved until stronger chronology evidence exists,No chronology claim has been recovered yet for this sample row.,,,,"{'schema_version': 'temporal-semantics.v1', 'source_family': 'animal_adna', 'evidence_class': 'unresolved', 'precision_posture': 'unresolved', 'comparability_posture': 'unresolved', 'summary_label': 'Unresolved time semantics', 'temporal_window_key': 'unresolved', 'temporal_window_label': 'Unresolved time window', 'time_start_bp': None, 'time_end_bp': None, 'time_mean_bp': None, 'duration_years': None, 'comparison_note': 'No chronology claim has been recovered yet for this sample row.', 'refusal_reason_code': '', 'provenance_path': '', 'provenance_locator': '', 'provenance_excerpt': '', 'original_labels': [], 'normalized_labels': [], 'uncertainty_notes': []}"
Sus scrofa domesticus,pig,PRJEB30282,prjeb30282:samea5161175,SAMEA5161175,,,,,,mixed_radiocarbon_and_archaeological_context,unresolved,unresolved,unresolved,keep the row unresolved until stronger chronology evidence exists,No chronology claim has been recovered yet for this sample row.,,,,"{'schema_version': 'temporal-semantics.v1', 'source_family': 'animal_adna', 'evidence_class': 'unresolved', 'precision_posture': 'unresolved', 'comparability_posture': 'unresolved', 'summary_label': 'Unresolved time semantics', 'temporal_window_key': 'unresolved', 'temporal_window_label': 'Unresolved time window', 'time_start_bp': None, 'time_end_bp': None, 'time_mean_bp': None, 'duration_years': None, 'comparison_note': 'No chronology claim has been recovered yet for this sample row.', 'refusal_reason_code': '', 'provenance_path': '', 'provenance_locator': '', 'provenance_excerpt': '', 'original_labels': [], 'normalized_labels': [], 'uncertainty_notes': []}"
Sus scrofa domesticus,pig,PRJEB30282,prjeb30282:samea5161176,SAMEA5161176,,,,,,mixed_radiocarbon_and_archaeological_context,unresolved,unresolved,unresolved,keep the row unresolved until stronger chronology evidence exists,No chronology claim has been recovered yet for this sample row.,,,,"{'schema_version': 'temporal-semantics.v1', 'source_family': 'animal_adna', 'evidence_class': 'unresolved', 'precision_posture': 'unresolved', 'comparability_posture': 'unresolved', 'summary_label': 'Unresolved time semantics', 'temporal_window_key': 'unresolved', 'temporal_window_label': 'Unresolved time window', 'time_start_bp': None, 'time_end_bp': None, 'time_mean_bp': None, 'duration_years': None, 'comparison_note': 'No chronology claim has been recovered yet for this sample row.', 'refusal_reason_code': '', 'provenance_path': '', 'provenance_locator': '', 'provenance_excerpt': '', 'original_labels': [], 'normalized_labels': [], 'uncertainty_notes': []}"
Sus scrofa domesticus,pig,PRJEB30282,prjeb30282:samea5161177,SAMEA5161177,,,,,,mixed_radiocarbon_and_archaeological_context,unresolved,unresolved,unresolved,keep the row unresolved until stronger chronology evidence exists,No chronology claim has been recovered yet for this sample row.,,,,"{'schema_version': 'temporal-semantics.v1', 'source_family': 'animal_adna', 'evidence_class': 'unresolved', 'precision_posture': 'unresolved', 'comparability_posture': 'unresolved', 'summary_label': 'Unresolved time semantics', 'temporal_window_key': 'unresolved', 'temporal_window_label': 'Unresolved time window', 'time_start_bp': None, 'time_end_bp': None, 'time_mean_bp': None, 'duration_years': None, 'comparison_note': 'No chronology claim has been recovered yet for this sample row.', 'refusal_reason_code': '', 'provenance_path': '', 'provenance_locator': '', 'provenance_excerpt': '', 'original_labels': [], 'normalized_labels': [], 'uncertainty_notes': []}"
Sus scrofa domesticus,pig,PRJEB30282,prjeb30282:samea5161178,SAMEA5161178,,,,,,mixed_radiocarbon_and_archaeological_context,unresolved,unresolved,unresolved,keep the row unresolved until stronger chronology evidence exists,No chronology claim has been recovered yet for this sample row.,,,,"{'schema_version': 'temporal-semantics.v1', 'source_family': 'animal_adna', 'evidence_class': 'unresolved', 'precision_posture': 'unresolved', 'comparability_posture': 'unresolved', 'summary_label': 'Unresolved time semantics', 'temporal_window_key': 'unresolved', 'temporal_window_label': 'Unresolved time window', 'time_start_bp': None, 'time_end_bp': None, 'time_mean_bp': None, 'duration_years': None, 'comparison_note': 'No chronology claim has been recovered yet for this sample row.', 'refusal_reason_code': '', 'provenance_path': '', 'provenance_locator': '', 'provenance_excerpt': '', 'original_labels': [], 'normalized_labels': [], 'uncertainty_notes': []}"
Sus scrofa domesticus,pig,PRJEB30282,prjeb30282:samea5161179,SAMEA5161179,,,,,,mixed_radiocarbon_and_archaeological_context,unresolved,unresolved,unresolved,keep the row unresolved until stronger chronology evidence exists,No chronology claim has been recovered yet for this sample row.,,,,"{'schema_version': 'temporal-semantics.v1', 'source_family': 'animal_adna', 'evidence_class': 'unresolved', 'precision_posture': 'unresolved', 'comparability_posture': 'unresolved', 'summary_label': 'Unresolved time semantics', 'temporal_window_key': 'unresolved', 'temporal_window_label': 'Unresolved time window', 'time_start_bp': None, 'time_end_bp': None, 'time_mean_bp': None, 'duration_years': None, 'comparison_note': 'No chronology claim has been recovered yet for this sample row.', 'refusal_reason_code': '', 'provenance_path': '', 'provenance_locator': '', 'provenance_excerpt': '', 'original_labels': [], 'normalized_labels': [], 'uncertainty_notes': []}"
Sus scrofa domesticus,pig,PRJEB30282,prjeb30282:samea5161187,SAMEA5161187,,,,,,mixed_radiocarbon_and_archaeological_context,unresolved,unresolved,unresolved,keep the row unresolved until stronger chronology evidence exists,No chronology claim has been recovered yet for this sample row.,,,,"{'schema_version': 'temporal-semantics.v1', 'source_family': 'animal_adna', 'evidence_class': 'unresolved', 'precision_posture': 'unresolved', 'comparability_posture': 'unresolved', 'summary_label': 'Unresolved time semantics', 'temporal_window_key': 'unresolved', 'temporal_window_label': 'Unresolved time window', 'time_start_bp': None, 'time_end_bp': None, 'time_mean_bp': None, 'duration_years': None, 'comparison_note': 'No chronology claim has been recovered yet for this sample row.', 'refusal_reason_code': '', 'provenance_path': '', 'provenance_locator': '', 'provenance_excerpt': '', 'original_labels': [], 'normalized_labels': [], 'uncertainty_notes': []}"
Sus scrofa domesticus,pig,PRJEB30282,prjeb30282:samea5161188,SAMEA5161188,,,,,,mixed_radiocarbon_and_archaeological_context,unresolved,unresolved,unresolved,keep the row unresolved until stronger chronology evidence exists,No chronology claim has been recovered yet for this sample row.,,,,"{'schema_version': 'temporal-semantics.v1', 'source_family': 'animal_adna', 'evidence_class': 'unresolved', 'precision_posture': 'unresolved', 'comparability_posture': 'unresolved', 'summary_label': 'Unresolved time semantics', 'temporal_window_key': 'unresolved', 'temporal_window_label': 'Unresolved time window', 'time_start_bp': None, 'time_end_bp': None, 'time_mean_bp': None, 'duration_years': None, 'comparison_note': 'No chronology claim has been recovered yet for this sample row.', 'refusal_reason_code': '', 'provenance_path': '', 'provenance_locator': '', 'provenance_excerpt': '', 'original_labels': [], 'normalized_labels': [], 'uncertainty_notes': []}"
Sus scrofa domesticus,pig,PRJEB30282,prjeb30282:samea5161189,SAMEA5161189,,,,,,mixed_radiocarbon_and_archaeological_context,unresolved,unresolved,unresolved,keep the row unresolved until stronger chronology evidence exists,No chronology claim has been recovered yet for this sample row.,,,,"{'schema_version': 'temporal-semantics.v1', 'source_family': 'animal_adna', 'evidence_class': 'unresolved', 'precision_posture': 'unresolved', 'comparability_posture': 'unresolved', 'summary_label': 'Unresolved time semantics', 'temporal_window_key': 'unresolved', 'temporal_window_label': 'Unresolved time window', 'time_start_bp': None, 'time_end_bp': None, 'time_mean_bp': None, 'duration_years': None, 'comparison_note': 'No chronology claim has been recovered yet for this sample row.', 'refusal_reason_code': '', 'provenance_path': '', 'provenance_locator': '', 'provenance_excerpt': '', 'original_labels': [], 'normalized_labels': [], 'uncertainty_notes': []}"
Sus scrofa domesticus,pig,PRJEB30282,prjeb30282:samea5161191,SAMEA5161191,,,,,,mixed_radiocarbon_and_archaeological_context,unresolved,unresolved,unresolved,keep the row unresolved until stronger chronology evidence exists,No chronology claim has been recovered yet for this sample row.,,,,"{'schema_version': 'temporal-semantics.v1', 'source_family': 'animal_adna', 'evidence_class': 'unresolved', 'precision_posture': 'unresolved', 'comparability_posture': 'unresolved', 'summary_label': 'Unresolved time semantics', 'temporal_window_key': 'unresolved', 'temporal_window_label': 'Unresolved time window', 'time_start_bp': None, 'time_end_bp': None, 'time_mean_bp': None, 'duration_years': None, 'comparison_note': 'No chronology claim has been recovered yet for this sample row.', 'refusal_reason_code': '', 'provenance_path': '', 'provenance_locator': '', 'provenance_excerpt': '', 'original_labels': [], 'normalized_labels': [], 'uncertainty_notes': []}"
Sus scrofa domesticus,pig,PRJEB30282,prjeb30282:samea5161192,SAMEA5161192,,,,,,mixed_radiocarbon_and_archaeological_context,unresolved,unresolved,unresolved,keep the row unresolved until stronger chronology evidence exists,No chronology claim has been recovered yet for this sample row.,,,,"{'schema_version': 'temporal-semantics.v1', 'source_family': 'animal_adna', 'evidence_class': 'unresolved', 'precision_posture': 'unresolved', 'comparability_posture': 'unresolved', 'summary_label': 'Unresolved time semantics', 'temporal_window_key': 'unresolved', 'temporal_window_label': 'Unresolved time window', 'time_start_bp': None, 'time_end_bp': None, 'time_mean_bp': None, 'duration_years': None, 'comparison_note': 'No chronology claim has been recovered yet for this sample row.', 'refusal_reason_code': '', 'provenance_path': '', 'provenance_locator': '', 'provenance_excerpt': '', 'original_labels': [], 'normalized_labels': [], 'uncertainty_notes': []}"
Sus scrofa domesticus,pig,PRJEB30282,prjeb30282:samea5161194,SAMEA5161194,,,,,,mixed_radiocarbon_and_archaeological_context,unresolved,unresolved,unresolved,keep the row unresolved until stronger chronology evidence exists,No chronology claim has been recovered yet for this sample row.,,,,"{'schema_version': 'temporal-semantics.v1', 'source_family': 'animal_adna', 'evidence_class': 'unresolved', 'precision_posture': 'unresolved', 'comparability_posture': 'unresolved', 'summary_label': 'Unresolved time semantics', 'temporal_window_key': 'unresolved', 'temporal_window_label': 'Unresolved time window', 'time_start_bp': None, 'time_end_bp': None, 'time_mean_bp': None, 'duration_years': None, 'comparison_note': 'No chronology claim has been recovered yet for this sample row.', 'refusal_reason_code': '', 'provenance_path': '', 'provenance_locator': '', 'provenance_excerpt': '', 'original_labels': [], 'normalized_labels': [], 'uncertainty_notes': []}"
Sus scrofa domesticus,pig,PRJEB30282,prjeb30282:samea5161197,SAMEA5161197,,,,,,mixed_radiocarbon_and_archaeological_context,unresolved,unresolved,unresolved,keep the row unresolved until stronger chronology evidence exists,No chronology claim has been recovered yet for this sample row.,,,,"{'schema_version': 'temporal-semantics.v1', 'source_family': 'animal_adna', 'evidence_class': 'unresolved', 'precision_posture': 'unresolved', 'comparability_posture': 'unresolved', 'summary_label': 'Unresolved time semantics', 'temporal_window_key': 'unresolved', 'temporal_window_label': 'Unresolved time window', 'time_start_bp': None, 'time_end_bp': None, 'time_mean_bp': None, 'duration_years': None, 'comparison_note': 'No chronology claim has been recovered yet for this sample row.', 'refusal_reason_code': '', 'provenance_path': '', 'provenance_locator': '', 'provenance_excerpt': '', 'original_labels': [], 'normalized_labels': [], 'uncertainty_notes': []}"
Sus scrofa domesticus,pig,PRJEB30282,prjeb30282:samea5772905,SAMEA5772905,,,,,,mixed_radiocarbon_and_archaeological_context,unresolved,unresolved,unresolved,keep the row unresolved until stronger chronology evidence exists,No chronology claim has been recovered yet for this sample row.,,,,"{'schema_version': 'temporal-semantics.v1', 'source_family': 'animal_adna', 'evidence_class': 'unresolved', 'precision_posture': 'unresolved', 'comparability_posture': 'unresolved', 'summary_label': 'Unresolved time semantics', 'temporal_window_key': 'unresolved', 'temporal_window_label': 'Unresolved time window', 'time_start_bp': None, 'time_end_bp': None, 'time_mean_bp': None, 'duration_years': None, 'comparison_note': 'No chronology claim has been recovered yet for this sample row.', 'refusal_reason_code': '', 'provenance_path': '', 'provenance_locator': '', 'provenance_excerpt': '', 'original_labels': [], 'normalized_labels': [], 'uncertainty_notes': []}"
Sus scrofa domesticus,pig,PRJEB30282,prjeb30282:samea5772906,SAMEA5772906,,,,,,mixed_radiocarbon_and_archaeological_context,unresolved,unresolved,unresolved,keep the row unresolved until stronger chronology evidence exists,No chronology claim has been recovered yet for this sample row.,,,,"{'schema_version': 'temporal-semantics.v1', 'source_family': 'animal_adna', 'evidence_class': 'unresolved', 'precision_posture': 'unresolved', 'comparability_posture': 'unresolved', 'summary_label': 'Unresolved time semantics', 'temporal_window_key': 'unresolved', 'temporal_window_label': 'Unresolved time window', 'time_start_bp': None, 'time_end_bp': None, 'time_mean_bp': None, 'duration_years': None, 'comparison_note': 'No chronology claim has been recovered yet for this sample row.', 'refusal_reason_code': '', 'provenance_path': '', 'provenance_locator': '', 'provenance_excerpt': '', 'original_labels': [], 'normalized_labels': [], 'uncertainty_notes': []}"
Sus scrofa domesticus,pig,PRJEB30282,prjeb30282:samea5772907,SAMEA5772907,,,,,,mixed_radiocarbon_and_archaeological_context,unresolved,unresolved,unresolved,keep the row unresolved until stronger chronology evidence exists,No chronology claim has been recovered yet for this sample row.,,,,"{'schema_version': 'temporal-semantics.v1', 'source_family': 'animal_adna', 'evidence_class': 'unresolved', 'precision_posture': 'unresolved', 'comparability_posture': 'unresolved', 'summary_label': 'Unresolved time semantics', 'temporal_window_key': 'unresolved', 'temporal_window_label': 'Unresolved time window', 'time_start_bp': None, 'time_end_bp': None, 'time_mean_bp': None, 'duration_years': None, 'comparison_note': 'No chronology claim has been recovered yet for this sample row.', 'refusal_reason_code': '', 'provenance_path': '', 'provenance_locator': '', 'provenance_excerpt': '', 'original_labels': [], 'normalized_labels': [], 'uncertainty_notes': []}"
Sus scrofa domesticus,pig,PRJEB30282,prjeb30282:samea5772908,SAMEA5772908,,,,,,mixed_radiocarbon_and_archaeological_context,unresolved,unresolved,unresolved,keep the row unresolved until stronger chronology evidence exists,No chronology claim has been recovered yet for this sample row.,,,,"{'schema_version': 'temporal-semantics.v1', 'source_family': 'animal_adna', 'evidence_class': 'unresolved', 'precision_posture': 'unresolved', 'comparability_posture': 'unresolved', 'summary_label': 'Unresolved time semantics', 'temporal_window_key': 'unresolved', 'temporal_window_label': 'Unresolved time window', 'time_start_bp': None, 'time_end_bp': None, 'time_mean_bp': None, 'duration_years': None, 'comparison_note': 'No chronology claim has been recovered yet for this sample row.', 'refusal_reason_code': '', 'provenance_path': '', 'provenance_locator': '', 'provenance_excerpt': '', 'original_labels': [], 'normalized_labels': [], 'uncertainty_notes': []}"
Sus scrofa domesticus,pig,PRJEB30282,prjeb30282:samea5772909,SAMEA5772909,,,,,,mixed_radiocarbon_and_archaeological_context,unresolved,unresolved,unresolved,keep the row unresolved until stronger chronology evidence exists,No chronology claim has been recovered yet for this sample row.,,,,"{'schema_version': 'temporal-semantics.v1', 'source_family': 'animal_adna', 'evidence_class': 'unresolved', 'precision_posture': 'unresolved', 'comparability_posture': 'unresolved', 'summary_label': 'Unresolved time semantics', 'temporal_window_key': 'unresolved', 'temporal_window_label': 'Unresolved time window', 'time_start_bp': None, 'time_end_bp': None, 'time_mean_bp': None, 'duration_years': None, 'comparison_note': 'No chronology claim has been recovered yet for this sample row.', 'refusal_reason_code': '', 'provenance_path': '', 'provenance_locator': '', 'provenance_excerpt': '', 'original_labels': [], 'normalized_labels': [], 'uncertainty_notes': []}"
Sus scrofa domesticus,pig,PRJEB30282,prjeb30282:samea5772910,SAMEA5772910,,,,,,mixed_radiocarbon_and_archaeological_context,unresolved,unresolved,unresolved,keep the row unresolved until stronger chronology evidence exists,No chronology claim has been recovered yet for this sample row.,,,,"{'schema_version': 'temporal-semantics.v1', 'source_family': 'animal_adna', 'evidence_class': 'unresolved', 'precision_posture': 'unresolved', 'comparability_posture': 'unresolved', 'summary_label': 'Unresolved time semantics', 'temporal_window_key': 'unresolved', 'temporal_window_label': 'Unresolved time window', 'time_start_bp': None, 'time_end_bp': None, 'time_mean_bp': None, 'duration_years': None, 'comparison_note': 'No chronology claim has been recovered yet for this sample row.', 'refusal_reason_code': '', 'provenance_path': '', 'provenance_locator': '', 'provenance_excerpt': '', 'original_labels': [], 'normalized_labels': [], 'uncertainty_notes': []}"
Sus scrofa domesticus,pig,PRJEB30282,prjeb30282:samea5772911,SAMEA5772911,,,,,,mixed_radiocarbon_and_archaeological_context,unresolved,unresolved,unresolved,keep the row unresolved until stronger chronology evidence exists,No chronology claim has been recovered yet for this sample row.,,,,"{'schema_version': 'temporal-semantics.v1', 'source_family': 'animal_adna', 'evidence_class': 'unresolved', 'precision_posture': 'unresolved', 'comparability_posture': 'unresolved', 'summary_label': 'Unresolved time semantics', 'temporal_window_key': 'unresolved', 'temporal_window_label': 'Unresolved time window', 'time_start_bp': None, 'time_end_bp': None, 'time_mean_bp': None, 'duration_years': None, 'comparison_note': 'No chronology claim has been recovered yet for this sample row.', 'refusal_reason_code': '', 'provenance_path': '', 'provenance_locator': '', 'provenance_excerpt': '', 'original_labels': [], 'normalized_labels': [], 'uncertainty_notes': []}"
Sus scrofa domesticus,pig,PRJEB30282,prjeb30282:samea5772912,SAMEA5772912,,,,,,mixed_radiocarbon_and_archaeological_context,unresolved,unresolved,unresolved,keep the row unresolved until stronger chronology evidence exists,No chronology claim has been recovered yet for this sample row.,,,,"{'schema_version': 'temporal-semantics.v1', 'source_family': 'animal_adna', 'evidence_class': 'unresolved', 'precision_posture': 'unresolved', 'comparability_posture': 'unresolved', 'summary_label': 'Unresolved time semantics', 'temporal_window_key': 'unresolved', 'temporal_window_label': 'Unresolved time window', 'time_start_bp': None, 'time_end_bp': None, 'time_mean_bp': None, 'duration_years': None, 'comparison_note': 'No chronology claim has been recovered yet for this sample row.', 'refusal_reason_code': '', 'provenance_path': '', 'provenance_locator': '', 'provenance_excerpt': '', 'original_labels': [], 'normalized_labels': [], 'uncertainty_notes': []}"
Sus scrofa domesticus,pig,PRJEB30282,prjeb30282:samea5772913,SAMEA5772913,,,,,,mixed_radiocarbon_and_archaeological_context,unresolved,unresolved,unresolved,keep the row unresolved until stronger chronology evidence exists,No chronology claim has been recovered yet for this sample row.,,,,"{'schema_version': 'temporal-semantics.v1', 'source_family': 'animal_adna', 'evidence_class': 'unresolved', 'precision_posture': 'unresolved', 'comparability_posture': 'unresolved', 'summary_label': 'Unresolved time semantics', 'temporal_window_key': 'unresolved', 'temporal_window_label': 'Unresolved time window', 'time_start_bp': None, 'time_end_bp': None, 'time_mean_bp': None, 'duration_years': None, 'comparison_note': 'No chronology claim has been recovered yet for this sample row.', 'refusal_reason_code': '', 'provenance_path': '', 'provenance_locator': '', 'provenance_excerpt': '', 'original_labels': [], 'normalized_labels': [], 'uncertainty_notes': []}"
Sus scrofa domesticus,pig,PRJEB30282,prjeb30282:samea5772914,SAMEA5772914,,,,,,mixed_radiocarbon_and_archaeological_context,unresolved,unresolved,unresolved,keep the row unresolved until stronger chronology evidence exists,No chronology claim has been recovered yet for this sample row.,,,,"{'schema_version': 'temporal-semantics.v1', 'source_family': 'animal_adna', 'evidence_class': 'unresolved', 'precision_posture': 'unresolved', 'comparability_posture': 'unresolved', 'summary_label': 'Unresolved time semantics', 'temporal_window_key': 'unresolved', 'temporal_window_label': 'Unresolved time window', 'time_start_bp': None, 'time_end_bp': None, 'time_mean_bp': None, 'duration_years': None, 'comparison_note': 'No chronology claim has been recovered yet for this sample row.', 'refusal_reason_code': '', 'provenance_path': '', 'provenance_locator': '', 'provenance_excerpt': '', 'original_labels': [], 'normalized_labels': [], 'uncertainty_notes': []}"
Sus scrofa domesticus,pig,PRJEB30282,prjeb30282:samea5772915,SAMEA5772915,,,,,,mixed_radiocarbon_and_archaeological_context,unresolved,unresolved,unresolved,keep the row unresolved until stronger chronology evidence exists,No chronology claim has been recovered yet for this sample row.,,,,"{'schema_version': 'temporal-semantics.v1', 'source_family': 'animal_adna', 'evidence_class': 'unresolved', 'precision_posture': 'unresolved', 'comparability_posture': 'unresolved', 'summary_label': 'Unresolved time semantics', 'temporal_window_key': 'unresolved', 'temporal_window_label': 'Unresolved time window', 'time_start_bp': None, 'time_end_bp': None, 'time_mean_bp': None, 'duration_years': None, 'comparison_note': 'No chronology claim has been recovered yet for this sample row.', 'refusal_reason_code': '', 'provenance_path': '', 'provenance_locator': '', 'provenance_excerpt': '', 'original_labels': [], 'normalized_labels': [], 'uncertainty_notes': []}"
Sus scrofa domesticus,pig,PRJEB30282,prjeb30282:samea5772916,SAMEA5772916,,,,,,mixed_radiocarbon_and_archaeological_context,unresolved,unresolved,unresolved,keep the row unresolved until stronger chronology evidence exists,No chronology claim has been recovered yet for this sample row.,,,,"{'schema_version': 'temporal-semantics.v1', 'source_family': 'animal_adna', 'evidence_class': 'unresolved', 'precision_posture': 'unresolved', 'comparability_posture': 'unresolved', 'summary_label': 'Unresolved time semantics', 'temporal_window_key': 'unresolved', 'temporal_window_label': 'Unresolved time window', 'time_start_bp': None, 'time_end_bp': None, 'time_mean_bp': None, 'duration_years': None, 'comparison_note': 'No chronology claim has been recovered yet for this sample row.', 'refusal_reason_code': '', 'provenance_path': '', 'provenance_locator': '', 'provenance_excerpt': '', 'original_labels': [], 'normalized_labels': [], 'uncertainty_notes': []}"
Sus scrofa domesticus,pig,PRJEB30282,prjeb30282:samea5772917,SAMEA5772917,,,,,,mixed_radiocarbon_and_archaeological_context,unresolved,unresolved,unresolved,keep the row unresolved until stronger chronology evidence exists,No chronology claim has been recovered yet for this sample row.,,,,"{'schema_version': 'temporal-semantics.v1', 'source_family': 'animal_adna', 'evidence_class': 'unresolved', 'precision_posture': 'unresolved', 'comparability_posture': 'unresolved', 'summary_label': 'Unresolved time semantics', 'temporal_window_key': 'unresolved', 'temporal_window_label': 'Unresolved time window', 'time_start_bp': None, 'time_end_bp': None, 'time_mean_bp': None, 'duration_years': None, 'comparison_note': 'No chronology claim has been recovered yet for this sample row.', 'refusal_reason_code': '', 'provenance_path': '', 'provenance_locator': '', 'provenance_excerpt': '', 'original_labels': [], 'normalized_labels': [], 'uncertainty_notes': []}"
Sus scrofa domesticus,pig,PRJEB30282,prjeb30282:samea5772918,SAMEA5772918,,,,,,mixed_radiocarbon_and_archaeological_context,unresolved,unresolved,unresolved,keep the row unresolved until stronger chronology evidence exists,No chronology claim has been recovered yet for this sample row.,,,,"{'schema_version': 'temporal-semantics.v1', 'source_family': 'animal_adna', 'evidence_class': 'unresolved', 'precision_posture': 'unresolved', 'comparability_posture': 'unresolved', 'summary_label': 'Unresolved time semantics', 'temporal_window_key': 'unresolved', 'temporal_window_label': 'Unresolved time window', 'time_start_bp': None, 'time_end_bp': None, 'time_mean_bp': None, 'duration_years': None, 'comparison_note': 'No chronology claim has been recovered yet for this sample row.', 'refusal_reason_code': '', 'provenance_path': '', 'provenance_locator': '', 'provenance_excerpt': '', 'original_labels': [], 'normalized_labels': [], 'uncertainty_notes': []}"
Sus scrofa domesticus,pig,PRJEB30282,prjeb30282:samea5772919,SAMEA5772919,,,,,,mixed_radiocarbon_and_archaeological_context,unresolved,unresolved,unresolved,keep the row unresolved until stronger chronology evidence exists,No chronology claim has been recovered yet for this sample row.,,,,"{'schema_version': 'temporal-semantics.v1', 'source_family': 'animal_adna', 'evidence_class': 'unresolved', 'precision_posture': 'unresolved', 'comparability_posture': 'unresolved', 'summary_label': 'Unresolved time semantics', 'temporal_window_key': 'unresolved', 'temporal_window_label': 'Unresolved time window', 'time_start_bp': None, 'time_end_bp': None, 'time_mean_bp': None, 'duration_years': None, 'comparison_note': 'No chronology claim has been recovered yet for this sample row.', 'refusal_reason_code': '', 'provenance_path': '', 'provenance_locator': '', 'provenance_excerpt': '', 'original_labels': [], 'normalized_labels': [], 'uncertainty_notes': []}"
Sus scrofa domesticus,pig,PRJEB30282,prjeb30282:samea5772920,SAMEA5772920,,,,,,mixed_radiocarbon_and_archaeological_context,unresolved,unresolved,unresolved,keep the row unresolved until stronger chronology evidence exists,No chronology claim has been recovered yet for this sample row.,,,,"{'schema_version': 'temporal-semantics.v1', 'source_family': 'animal_adna', 'evidence_class': 'unresolved', 'precision_posture': 'unresolved', 'comparability_posture': 'unresolved', 'summary_label': 'Unresolved time semantics', 'temporal_window_key': 'unresolved', 'temporal_window_label': 'Unresolved time window', 'time_start_bp': None, 'time_end_bp': None, 'time_mean_bp': None, 'duration_years': None, 'comparison_note': 'No chronology claim has been recovered yet for this sample row.', 'refusal_reason_code': '', 'provenance_path': '', 'provenance_locator': '', 'provenance_excerpt': '', 'original_labels': [], 'normalized_labels': [], 'uncertainty_notes': []}"
Sus scrofa domesticus,pig,PRJEB30282,prjeb30282:samea5772921,SAMEA5772921,,,,,,mixed_radiocarbon_and_archaeological_context,unresolved,unresolved,unresolved,keep the row unresolved until stronger chronology evidence exists,No chronology claim has been recovered yet for this sample row.,,,,"{'schema_version': 'temporal-semantics.v1', 'source_family': 'animal_adna', 'evidence_class': 'unresolved', 'precision_posture': 'unresolved', 'comparability_posture': 'unresolved', 'summary_label': 'Unresolved time semantics', 'temporal_window_key': 'unresolved', 'temporal_window_label': 'Unresolved time window', 'time_start_bp': None, 'time_end_bp': None, 'time_mean_bp': None, 'duration_years': None, 'comparison_note': 'No chronology claim has been recovered yet for this sample row.', 'refusal_reason_code': '', 'provenance_path': '', 'provenance_locator': '', 'provenance_excerpt': '', 'original_labels': [], 'normalized_labels': [], 'uncertainty_notes': []}"
Sus scrofa domesticus,pig,PRJEB30282,prjeb30282:samea5772922,SAMEA5772922,,,,,,mixed_radiocarbon_and_archaeological_context,unresolved,unresolved,unresolved,keep the row unresolved until stronger chronology evidence exists,No chronology claim has been recovered yet for this sample row.,,,,"{'schema_version': 'temporal-semantics.v1', 'source_family': 'animal_adna', 'evidence_class': 'unresolved', 'precision_posture': 'unresolved', 'comparability_posture': 'unresolved', 'summary_label': 'Unresolved time semantics', 'temporal_window_key': 'unresolved', 'temporal_window_label': 'Unresolved time window', 'time_start_bp': None, 'time_end_bp': None, 'time_mean_bp': None, 'duration_years': None, 'comparison_note': 'No chronology claim has been recovered yet for this sample row.', 'refusal_reason_code': '', 'provenance_path': '', 'provenance_locator': '', 'provenance_excerpt': '', 'original_labels': [], 'normalized_labels': [], 'uncertainty_notes': []}"
Sus scrofa domesticus,pig,PRJEB30282,prjeb30282:samea5772923,SAMEA5772923,,,,,,mixed_radiocarbon_and_archaeological_context,unresolved,unresolved,unresolved,keep the row unresolved until stronger chronology evidence exists,No chronology claim has been recovered yet for this sample row.,,,,"{'schema_version': 'temporal-semantics.v1', 'source_family': 'animal_adna', 'evidence_class': 'unresolved', 'precision_posture': 'unresolved', 'comparability_posture': 'unresolved', 'summary_label': 'Unresolved time semantics', 'temporal_window_key': 'unresolved', 'temporal_window_label': 'Unresolved time window', 'time_start_bp': None, 'time_end_bp': None, 'time_mean_bp': None, 'duration_years': None, 'comparison_note': 'No chronology claim has been recovered yet for this sample row.', 'refusal_reason_code': '', 'provenance_path': '', 'provenance_locator': '', 'provenance_excerpt': '', 'original_labels': [], 'normalized_labels': [], 'uncertainty_notes': []}"
Sus scrofa domesticus,pig,PRJEB30282,prjeb30282:samea5772924,SAMEA5772924,,,,,,mixed_radiocarbon_and_archaeological_context,unresolved,unresolved,unresolved,keep the row unresolved until stronger chronology evidence exists,No chronology claim has been recovered yet for this sample row.,,,,"{'schema_version': 'temporal-semantics.v1', 'source_family': 'animal_adna', 'evidence_class': 'unresolved', 'precision_posture': 'unresolved', 'comparability_posture': 'unresolved', 'summary_label': 'Unresolved time semantics', 'temporal_window_key': 'unresolved', 'temporal_window_label': 'Unresolved time window', 'time_start_bp': None, 'time_end_bp': None, 'time_mean_bp': None, 'duration_years': None, 'comparison_note': 'No chronology claim has been recovered yet for this sample row.', 'refusal_reason_code': '', 'provenance_path': '', 'provenance_locator': '', 'provenance_excerpt': '', 'original_labels': [], 'normalized_labels': [], 'uncertainty_notes': []}"
Sus scrofa domesticus,pig,PRJEB30282,prjeb30282:samea5772925,SAMEA5772925,,,,,,mixed_radiocarbon_and_archaeological_context,unresolved,unresolved,unresolved,keep the row unresolved until stronger chronology evidence exists,No chronology claim has been recovered yet for this sample row.,,,,"{'schema_version': 'temporal-semantics.v1', 'source_family': 'animal_adna', 'evidence_class': 'unresolved', 'precision_posture': 'unresolved', 'comparability_posture': 'unresolved', 'summary_label': 'Unresolved time semantics', 'temporal_window_key': 'unresolved', 'temporal_window_label': 'Unresolved time window', 'time_start_bp': None, 'time_end_bp': None, 'time_mean_bp': None, 'duration_years': None, 'comparison_note': 'No chronology claim has been recovered yet for this sample row.', 'refusal_reason_code': '', 'provenance_path': '', 'provenance_locator': '', 'provenance_excerpt': '', 'original_labels': [], 'normalized_labels': [], 'uncertainty_notes': []}"
Sus scrofa domesticus,pig,PRJEB30282,prjeb30282:samea5772926,SAMEA5772926,,,,,,mixed_radiocarbon_and_archaeological_context,unresolved,unresolved,unresolved,keep the row unresolved until stronger chronology evidence exists,No chronology claim has been recovered yet for this sample row.,,,,"{'schema_version': 'temporal-semantics.v1', 'source_family': 'animal_adna', 'evidence_class': 'unresolved', 'precision_posture': 'unresolved', 'comparability_posture': 'unresolved', 'summary_label': 'Unresolved time semantics', 'temporal_window_key': 'unresolved', 'temporal_window_label': 'Unresolved time window', 'time_start_bp': None, 'time_end_bp': None, 'time_mean_bp': None, 'duration_years': None, 'comparison_note': 'No chronology claim has been recovered yet for this sample row.', 'refusal_reason_code': '', 'provenance_path': '', 'provenance_locator': '', 'provenance_excerpt': '', 'original_labels': [], 'normalized_labels': [], 'uncertainty_notes': []}"
Sus scrofa domesticus,pig,PRJEB30282,prjeb30282:samea5772927,SAMEA5772927,,,,,,mixed_radiocarbon_and_archaeological_context,unresolved,unresolved,unresolved,keep the row unresolved until stronger chronology evidence exists,No chronology claim has been recovered yet for this sample row.,,,,"{'schema_version': 'temporal-semantics.v1', 'source_family': 'animal_adna', 'evidence_class': 'unresolved', 'precision_posture': 'unresolved', 'comparability_posture': 'unresolved', 'summary_label': 'Unresolved time semantics', 'temporal_window_key': 'unresolved', 'temporal_window_label': 'Unresolved time window', 'time_start_bp': None, 'time_end_bp': None, 'time_mean_bp': None, 'duration_years': None, 'comparison_note': 'No chronology claim has been recovered yet for this sample row.', 'refusal_reason_code': '', 'provenance_path': '', 'provenance_locator': '', 'provenance_excerpt': '', 'original_labels': [], 'normalized_labels': [], 'uncertainty_notes': []}"
