project_accession,species_latin_name,species_common_name,repo_stable_sample_id,preferred_sample_label,sample_basis,sample_evidence_status,sample_identity_resolution,sample_ambiguity_note,assigned_locality_text,locality_resolution_status,assigned_locality_class,normalized_display_spelling,geocoding_safe_token,site_name,municipality_name,region_name,country_name,broader_geography,evidence_source_surface,location_evidence_artifact_path,location_evidence_artifact_kind,location_evidence_locator,location_evidence_text,coordinate_basis,coordinate_mapping_posture,coordinate_confidence,chronology_text,locality_evidence_bucket,review_note
PRJEB30282,Sus scrofa domesticus,pig,prjeb30282:samea5160866,SAMEA5160866,archive_project_sample_accession_anchor,archive_native,final,,,unresolved,unresolved,,,,,,,,tracked_source_artifact,,,,,,,,,unresolved_geography,No location evidence has been extracted yet for this recovered sample row.
PRJEB30282,Sus scrofa domesticus,pig,prjeb30282:samea5160867,SAMEA5160867,archive_project_sample_accession_anchor,archive_native,final,,Bundsø,direct_sample_site,excavation_site,Bundsø,bundsø,Bundsø,,,Denmark,,supplementary_table,data/adna/governance/source_library/projects/PRJEB30282/archive_metadata.html || data/adna/governance/source_library/papers/10.1073-pnas.1901169116/supplementary/pnas.1901169116.sd01.xlsx,supplementary_spreadsheet_row,sample_accession:SAMEA5160867 || Sheet1!row1212,ENA archive metadata identifies sample SAMEA5160867 as Sus scrofa (tax_id 9823). || AA015 | Bundsø | Denmark | 2800-2600 BC | 4700 BP | Domestic,named_site_geocoding,mappable_point,approximate,4700 BP,exact_site_evidence,Sample-level locality comes directly from the recovered sample source row.
PRJEB30282,Sus scrofa domesticus,pig,prjeb30282:samea5160868,SAMEA5160868,archive_project_sample_accession_anchor,archive_native,final,,Trelleborg,direct_sample_site,excavation_site,Trelleborg,trelleborg,Trelleborg,,,Denmark,,supplementary_table,data/adna/governance/source_library/projects/PRJEB30282/archive_metadata.html || data/adna/governance/source_library/papers/10.1073-pnas.1901169116/supplementary/pnas.1901169116.sd01.xlsx,supplementary_spreadsheet_row,sample_accession:SAMEA5160868 || Sheet1!row1215,ENA archive metadata identifies sample SAMEA5160868 as Sus scrofa (tax_id 9823). || AA016 | Trelleborg | Denmark | c. AD 1000 | 1000 BP | Domestic,named_site_geocoding,mappable_point,approximate,1000 BP,exact_site_evidence,Sample-level locality comes directly from the recovered sample source row.
PRJEB30282,Sus scrofa domesticus,pig,prjeb30282:samea5160869,SAMEA5160869,archive_project_sample_accession_anchor,archive_native,final,,,unresolved,unresolved,,,,,,,,tracked_source_artifact,,,,,,,,,unresolved_geography,No location evidence has been extracted yet for this recovered sample row.
PRJEB30282,Sus scrofa domesticus,pig,prjeb30282:samea5160870,SAMEA5160870,archive_project_sample_accession_anchor,archive_native,final,,,unresolved,unresolved,,,,,,,,tracked_source_artifact,,,,,,,,,unresolved_geography,No location evidence has been extracted yet for this recovered sample row.
PRJEB30282,Sus scrofa domesticus,pig,prjeb30282:samea5160871,SAMEA5160871,archive_project_sample_accession_anchor,archive_native,final,,,unresolved,unresolved,,,,,,,,tracked_source_artifact,,,,,,,,,unresolved_geography,No location evidence has been extracted yet for this recovered sample row.
PRJEB30282,Sus scrofa domesticus,pig,prjeb30282:samea5160872,SAMEA5160872,archive_project_sample_accession_anchor,archive_native,final,,,unresolved,unresolved,,,,,,,,tracked_source_artifact,,,,,,,,,unresolved_geography,No location evidence has been extracted yet for this recovered sample row.
PRJEB30282,Sus scrofa domesticus,pig,prjeb30282:samea5160873,SAMEA5160873,archive_project_sample_accession_anchor,archive_native,final,,,unresolved,unresolved,,,,,,,,tracked_source_artifact,,,,,,,,,unresolved_geography,No location evidence has been extracted yet for this recovered sample row.
PRJEB30282,Sus scrofa domesticus,pig,prjeb30282:samea5160874,SAMEA5160874,archive_project_sample_accession_anchor,archive_native,final,,,unresolved,unresolved,,,,,,,,tracked_source_artifact,,,,,,,,,unresolved_geography,No location evidence has been extracted yet for this recovered sample row.
PRJEB30282,Sus scrofa domesticus,pig,prjeb30282:samea5160875,SAMEA5160875,archive_project_sample_accession_anchor,archive_native,final,,,unresolved,unresolved,,,,,,,,tracked_source_artifact,,,,,,,,,unresolved_geography,No location evidence has been extracted yet for this recovered sample row.
PRJEB30282,Sus scrofa domesticus,pig,prjeb30282:samea5160876,SAMEA5160876,archive_project_sample_accession_anchor,archive_native,final,,,unresolved,unresolved,,,,,,,,tracked_source_artifact,,,,,,,,,unresolved_geography,No location evidence has been extracted yet for this recovered sample row.
PRJEB30282,Sus scrofa domesticus,pig,prjeb30282:samea5160877,SAMEA5160877,archive_project_sample_accession_anchor,archive_native,final,,,unresolved,unresolved,,,,,,,,tracked_source_artifact,,,,,,,,,unresolved_geography,No location evidence has been extracted yet for this recovered sample row.
PRJEB30282,Sus scrofa domesticus,pig,prjeb30282:samea5160878,SAMEA5160878,archive_project_sample_accession_anchor,archive_native,final,,,unresolved,unresolved,,,,,,,,tracked_source_artifact,,,,,,,,,unresolved_geography,No location evidence has been extracted yet for this recovered sample row.
PRJEB30282,Sus scrofa domesticus,pig,prjeb30282:samea5160879,SAMEA5160879,archive_project_sample_accession_anchor,archive_native,final,,,unresolved,unresolved,,,,,,,,tracked_source_artifact,,,,,,,,,unresolved_geography,No location evidence has been extracted yet for this recovered sample row.
PRJEB30282,Sus scrofa domesticus,pig,prjeb30282:samea5160880,SAMEA5160880,archive_project_sample_accession_anchor,archive_native,final,,,unresolved,unresolved,,,,,,,,tracked_source_artifact,,,,,,,,,unresolved_geography,No location evidence has been extracted yet for this recovered sample row.
PRJEB30282,Sus scrofa domesticus,pig,prjeb30282:samea5160881,SAMEA5160881,archive_project_sample_accession_anchor,archive_native,final,,,unresolved,unresolved,,,,,,,,tracked_source_artifact,,,,,,,,,unresolved_geography,No location evidence has been extracted yet for this recovered sample row.
PRJEB30282,Sus scrofa domesticus,pig,prjeb30282:samea5160882,SAMEA5160882,archive_project_sample_accession_anchor,archive_native,final,,,unresolved,unresolved,,,,,,,,tracked_source_artifact,,,,,,,,,unresolved_geography,No location evidence has been extracted yet for this recovered sample row.
PRJEB30282,Sus scrofa domesticus,pig,prjeb30282:samea5160883,SAMEA5160883,archive_project_sample_accession_anchor,archive_native,final,,,unresolved,unresolved,,,,,,,,tracked_source_artifact,,,,,,,,,unresolved_geography,No location evidence has been extracted yet for this recovered sample row.
PRJEB30282,Sus scrofa domesticus,pig,prjeb30282:samea5160884,SAMEA5160884,archive_project_sample_accession_anchor,archive_native,final,,,unresolved,unresolved,,,,,,,,tracked_source_artifact,,,,,,,,,unresolved_geography,No location evidence has been extracted yet for this recovered sample row.
PRJEB30282,Sus scrofa domesticus,pig,prjeb30282:samea5160885,SAMEA5160885,archive_project_sample_accession_anchor,archive_native,final,,,unresolved,unresolved,,,,,,,,tracked_source_artifact,,,,,,,,,unresolved_geography,No location evidence has been extracted yet for this recovered sample row.
PRJEB30282,Sus scrofa domesticus,pig,prjeb30282:samea5160886,SAMEA5160886,archive_project_sample_accession_anchor,archive_native,final,,,unresolved,unresolved,,,,,,,,tracked_source_artifact,,,,,,,,,unresolved_geography,No location evidence has been extracted yet for this recovered sample row.
PRJEB30282,Sus scrofa domesticus,pig,prjeb30282:samea5160887,SAMEA5160887,archive_project_sample_accession_anchor,archive_native,final,,,unresolved,unresolved,,,,,,,,tracked_source_artifact,,,,,,,,,unresolved_geography,No location evidence has been extracted yet for this recovered sample row.
PRJEB30282,Sus scrofa domesticus,pig,prjeb30282:samea5160888,SAMEA5160888,archive_project_sample_accession_anchor,archive_native,final,,,unresolved,unresolved,,,,,,,,tracked_source_artifact,,,,,,,,,unresolved_geography,No location evidence has been extracted yet for this recovered sample row.
PRJEB30282,Sus scrofa domesticus,pig,prjeb30282:samea5160889,SAMEA5160889,archive_project_sample_accession_anchor,archive_native,final,,,unresolved,unresolved,,,,,,,,tracked_source_artifact,,,,,,,,,unresolved_geography,No location evidence has been extracted yet for this recovered sample row.
PRJEB30282,Sus scrofa domesticus,pig,prjeb30282:samea5160890,SAMEA5160890,archive_project_sample_accession_anchor,archive_native,final,,,unresolved,unresolved,,,,,,,,tracked_source_artifact,,,,,,,,,unresolved_geography,No location evidence has been extracted yet for this recovered sample row.
PRJEB30282,Sus scrofa domesticus,pig,prjeb30282:samea5160891,SAMEA5160891,archive_project_sample_accession_anchor,archive_native,final,,,unresolved,unresolved,,,,,,,,tracked_source_artifact,,,,,,,,,unresolved_geography,No location evidence has been extracted yet for this recovered sample row.
PRJEB30282,Sus scrofa domesticus,pig,prjeb30282:samea5160892,SAMEA5160892,archive_project_sample_accession_anchor,archive_native,final,,,unresolved,unresolved,,,,,,,,tracked_source_artifact,,,,,,,,,unresolved_geography,No location evidence has been extracted yet for this recovered sample row.
PRJEB30282,Sus scrofa domesticus,pig,prjeb30282:samea5160893,SAMEA5160893,archive_project_sample_accession_anchor,archive_native,final,,,unresolved,unresolved,,,,,,,,tracked_source_artifact,,,,,,,,,unresolved_geography,No location evidence has been extracted yet for this recovered sample row.
PRJEB30282,Sus scrofa domesticus,pig,prjeb30282:samea5160894,SAMEA5160894,archive_project_sample_accession_anchor,archive_native,final,,,unresolved,unresolved,,,,,,,,tracked_source_artifact,,,,,,,,,unresolved_geography,No location evidence has been extracted yet for this recovered sample row.
PRJEB30282,Sus scrofa domesticus,pig,prjeb30282:samea5160895,SAMEA5160895,archive_project_sample_accession_anchor,archive_native,final,,,unresolved,unresolved,,,,,,,,tracked_source_artifact,,,,,,,,,unresolved_geography,No location evidence has been extracted yet for this recovered sample row.
PRJEB30282,Sus scrofa domesticus,pig,prjeb30282:samea5160896,SAMEA5160896,archive_project_sample_accession_anchor,archive_native,final,,,unresolved,unresolved,,,,,,,,tracked_source_artifact,,,,,,,,,unresolved_geography,No location evidence has been extracted yet for this recovered sample row.
PRJEB30282,Sus scrofa domesticus,pig,prjeb30282:samea5160897,SAMEA5160897,archive_project_sample_accession_anchor,archive_native,final,,,unresolved,unresolved,,,,,,,,tracked_source_artifact,,,,,,,,,unresolved_geography,No location evidence has been extracted yet for this recovered sample row.
PRJEB30282,Sus scrofa domesticus,pig,prjeb30282:samea5160898,SAMEA5160898,archive_project_sample_accession_anchor,archive_native,final,,,unresolved,unresolved,,,,,,,,tracked_source_artifact,,,,,,,,,unresolved_geography,No location evidence has been extracted yet for this recovered sample row.
PRJEB30282,Sus scrofa domesticus,pig,prjeb30282:samea5160899,SAMEA5160899,archive_project_sample_accession_anchor,archive_native,final,,,unresolved,unresolved,,,,,,,,tracked_source_artifact,,,,,,,,,unresolved_geography,No location evidence has been extracted yet for this recovered sample row.
PRJEB30282,Sus scrofa domesticus,pig,prjeb30282:samea5160900,SAMEA5160900,archive_project_sample_accession_anchor,archive_native,final,,,unresolved,unresolved,,,,,,,,tracked_source_artifact,,,,,,,,,unresolved_geography,No location evidence has been extracted yet for this recovered sample row.
PRJEB30282,Sus scrofa domesticus,pig,prjeb30282:samea5160901,SAMEA5160901,archive_project_sample_accession_anchor,archive_native,final,,,unresolved,unresolved,,,,,,,,tracked_source_artifact,,,,,,,,,unresolved_geography,No location evidence has been extracted yet for this recovered sample row.
PRJEB30282,Sus scrofa domesticus,pig,prjeb30282:samea5160902,SAMEA5160902,archive_project_sample_accession_anchor,archive_native,final,,,unresolved,unresolved,,,,,,,,tracked_source_artifact,,,,,,,,,unresolved_geography,No location evidence has been extracted yet for this recovered sample row.
PRJEB30282,Sus scrofa domesticus,pig,prjeb30282:samea5160903,SAMEA5160903,archive_project_sample_accession_anchor,archive_native,final,,,unresolved,unresolved,,,,,,,,tracked_source_artifact,,,,,,,,,unresolved_geography,No location evidence has been extracted yet for this recovered sample row.
PRJEB30282,Sus scrofa domesticus,pig,prjeb30282:samea5160904,SAMEA5160904,archive_project_sample_accession_anchor,archive_native,final,,,unresolved,unresolved,,,,,,,,tracked_source_artifact,,,,,,,,,unresolved_geography,No location evidence has been extracted yet for this recovered sample row.
PRJEB30282,Sus scrofa domesticus,pig,prjeb30282:samea5160905,SAMEA5160905,archive_project_sample_accession_anchor,archive_native,final,,,unresolved,unresolved,,,,,,,,tracked_source_artifact,,,,,,,,,unresolved_geography,No location evidence has been extracted yet for this recovered sample row.
PRJEB30282,Sus scrofa domesticus,pig,prjeb30282:samea5160906,SAMEA5160906,archive_project_sample_accession_anchor,archive_native,final,,,unresolved,unresolved,,,,,,,,tracked_source_artifact,,,,,,,,,unresolved_geography,No location evidence has been extracted yet for this recovered sample row.
PRJEB30282,Sus scrofa domesticus,pig,prjeb30282:samea5160907,SAMEA5160907,archive_project_sample_accession_anchor,archive_native,final,,,unresolved,unresolved,,,,,,,,tracked_source_artifact,,,,,,,,,unresolved_geography,No location evidence has been extracted yet for this recovered sample row.
PRJEB30282,Sus scrofa domesticus,pig,prjeb30282:samea5160908,SAMEA5160908,archive_project_sample_accession_anchor,archive_native,final,,,unresolved,unresolved,,,,,,,,tracked_source_artifact,,,,,,,,,unresolved_geography,No location evidence has been extracted yet for this recovered sample row.
PRJEB30282,Sus scrofa domesticus,pig,prjeb30282:samea5160909,SAMEA5160909,archive_project_sample_accession_anchor,archive_native,final,,,unresolved,unresolved,,,,,,,,tracked_source_artifact,,,,,,,,,unresolved_geography,No location evidence has been extracted yet for this recovered sample row.
PRJEB30282,Sus scrofa domesticus,pig,prjeb30282:samea5160910,SAMEA5160910,archive_project_sample_accession_anchor,archive_native,final,,,unresolved,unresolved,,,,,,,,tracked_source_artifact,,,,,,,,,unresolved_geography,No location evidence has been extracted yet for this recovered sample row.
PRJEB30282,Sus scrofa domesticus,pig,prjeb30282:samea5160911,SAMEA5160911,archive_project_sample_accession_anchor,archive_native,final,,,unresolved,unresolved,,,,,,,,tracked_source_artifact,,,,,,,,,unresolved_geography,No location evidence has been extracted yet for this recovered sample row.
PRJEB30282,Sus scrofa domesticus,pig,prjeb30282:samea5160912,SAMEA5160912,archive_project_sample_accession_anchor,archive_native,final,,,unresolved,unresolved,,,,,,,,tracked_source_artifact,,,,,,,,,unresolved_geography,No location evidence has been extracted yet for this recovered sample row.
PRJEB30282,Sus scrofa domesticus,pig,prjeb30282:samea5160913,SAMEA5160913,archive_project_sample_accession_anchor,archive_native,final,,,unresolved,unresolved,,,,,,,,tracked_source_artifact,,,,,,,,,unresolved_geography,No location evidence has been extracted yet for this recovered sample row.
PRJEB30282,Sus scrofa domesticus,pig,prjeb30282:samea5160914,SAMEA5160914,archive_project_sample_accession_anchor,archive_native,final,,,unresolved,unresolved,,,,,,,,tracked_source_artifact,,,,,,,,,unresolved_geography,No location evidence has been extracted yet for this recovered sample row.
PRJEB30282,Sus scrofa domesticus,pig,prjeb30282:samea5160915,SAMEA5160915,archive_project_sample_accession_anchor,archive_native,final,,,unresolved,unresolved,,,,,,,,tracked_source_artifact,,,,,,,,,unresolved_geography,No location evidence has been extracted yet for this recovered sample row.
PRJEB30282,Sus scrofa domesticus,pig,prjeb30282:samea5160916,SAMEA5160916,archive_project_sample_accession_anchor,archive_native,final,,,unresolved,unresolved,,,,,,,,tracked_source_artifact,,,,,,,,,unresolved_geography,No location evidence has been extracted yet for this recovered sample row.
PRJEB30282,Sus scrofa domesticus,pig,prjeb30282:samea5160917,SAMEA5160917,archive_project_sample_accession_anchor,archive_native,final,,,unresolved,unresolved,,,,,,,,tracked_source_artifact,,,,,,,,,unresolved_geography,No location evidence has been extracted yet for this recovered sample row.
PRJEB30282,Sus scrofa domesticus,pig,prjeb30282:samea5160918,SAMEA5160918,archive_project_sample_accession_anchor,archive_native,final,,,unresolved,unresolved,,,,,,,,tracked_source_artifact,,,,,,,,,unresolved_geography,No location evidence has been extracted yet for this recovered sample row.
PRJEB30282,Sus scrofa domesticus,pig,prjeb30282:samea5160919,SAMEA5160919,archive_project_sample_accession_anchor,archive_native,final,,,unresolved,unresolved,,,,,,,,tracked_source_artifact,,,,,,,,,unresolved_geography,No location evidence has been extracted yet for this recovered sample row.
PRJEB30282,Sus scrofa domesticus,pig,prjeb30282:samea5160920,SAMEA5160920,archive_project_sample_accession_anchor,archive_native,final,,,unresolved,unresolved,,,,,,,,tracked_source_artifact,,,,,,,,,unresolved_geography,No location evidence has been extracted yet for this recovered sample row.
PRJEB30282,Sus scrofa domesticus,pig,prjeb30282:samea5160921,SAMEA5160921,archive_project_sample_accession_anchor,archive_native,final,,,unresolved,unresolved,,,,,,,,tracked_source_artifact,,,,,,,,,unresolved_geography,No location evidence has been extracted yet for this recovered sample row.
PRJEB30282,Sus scrofa domesticus,pig,prjeb30282:samea5160922,SAMEA5160922,archive_project_sample_accession_anchor,archive_native,final,,,unresolved,unresolved,,,,,,,,tracked_source_artifact,,,,,,,,,unresolved_geography,No location evidence has been extracted yet for this recovered sample row.
PRJEB30282,Sus scrofa domesticus,pig,prjeb30282:samea5160923,SAMEA5160923,archive_project_sample_accession_anchor,archive_native,final,,,unresolved,unresolved,,,,,,,,tracked_source_artifact,,,,,,,,,unresolved_geography,No location evidence has been extracted yet for this recovered sample row.
PRJEB30282,Sus scrofa domesticus,pig,prjeb30282:samea5160924,SAMEA5160924,archive_project_sample_accession_anchor,archive_native,final,,,unresolved,unresolved,,,,,,,,tracked_source_artifact,,,,,,,,,unresolved_geography,No location evidence has been extracted yet for this recovered sample row.
PRJEB30282,Sus scrofa domesticus,pig,prjeb30282:samea5160925,SAMEA5160925,archive_project_sample_accession_anchor,archive_native,final,,,unresolved,unresolved,,,,,,,,tracked_source_artifact,,,,,,,,,unresolved_geography,No location evidence has been extracted yet for this recovered sample row.
PRJEB30282,Sus scrofa domesticus,pig,prjeb30282:samea5160926,SAMEA5160926,archive_project_sample_accession_anchor,archive_native,final,,,unresolved,unresolved,,,,,,,,tracked_source_artifact,,,,,,,,,unresolved_geography,No location evidence has been extracted yet for this recovered sample row.
PRJEB30282,Sus scrofa domesticus,pig,prjeb30282:samea5160927,SAMEA5160927,archive_project_sample_accession_anchor,archive_native,final,,,unresolved,unresolved,,,,,,,,tracked_source_artifact,,,,,,,,,unresolved_geography,No location evidence has been extracted yet for this recovered sample row.
PRJEB30282,Sus scrofa domesticus,pig,prjeb30282:samea5160928,SAMEA5160928,archive_project_sample_accession_anchor,archive_native,final,,,unresolved,unresolved,,,,,,,,tracked_source_artifact,,,,,,,,,unresolved_geography,No location evidence has been extracted yet for this recovered sample row.
PRJEB30282,Sus scrofa domesticus,pig,prjeb30282:samea5160929,SAMEA5160929,archive_project_sample_accession_anchor,archive_native,final,,,unresolved,unresolved,,,,,,,,tracked_source_artifact,,,,,,,,,unresolved_geography,No location evidence has been extracted yet for this recovered sample row.
PRJEB30282,Sus scrofa domesticus,pig,prjeb30282:samea5160930,SAMEA5160930,archive_project_sample_accession_anchor,archive_native,final,,,unresolved,unresolved,,,,,,,,tracked_source_artifact,,,,,,,,,unresolved_geography,No location evidence has been extracted yet for this recovered sample row.
PRJEB30282,Sus scrofa domesticus,pig,prjeb30282:samea5160931,SAMEA5160931,archive_project_sample_accession_anchor,archive_native,final,,,unresolved,unresolved,,,,,,,,tracked_source_artifact,,,,,,,,,unresolved_geography,No location evidence has been extracted yet for this recovered sample row.
PRJEB30282,Sus scrofa domesticus,pig,prjeb30282:samea5160932,SAMEA5160932,archive_project_sample_accession_anchor,archive_native,final,,,unresolved,unresolved,,,,,,,,tracked_source_artifact,,,,,,,,,unresolved_geography,No location evidence has been extracted yet for this recovered sample row.
PRJEB30282,Sus scrofa domesticus,pig,prjeb30282:samea5160933,SAMEA5160933,archive_project_sample_accession_anchor,archive_native,final,,,unresolved,unresolved,,,,,,,,tracked_source_artifact,,,,,,,,,unresolved_geography,No location evidence has been extracted yet for this recovered sample row.
PRJEB30282,Sus scrofa domesticus,pig,prjeb30282:samea5160934,SAMEA5160934,archive_project_sample_accession_anchor,archive_native,final,,,unresolved,unresolved,,,,,,,,tracked_source_artifact,,,,,,,,,unresolved_geography,No location evidence has been extracted yet for this recovered sample row.
PRJEB30282,Sus scrofa domesticus,pig,prjeb30282:samea5160935,SAMEA5160935,archive_project_sample_accession_anchor,archive_native,final,,,unresolved,unresolved,,,,,,,,tracked_source_artifact,,,,,,,,,unresolved_geography,No location evidence has been extracted yet for this recovered sample row.
PRJEB30282,Sus scrofa domesticus,pig,prjeb30282:samea5160936,SAMEA5160936,archive_project_sample_accession_anchor,archive_native,final,,,unresolved,unresolved,,,,,,,,tracked_source_artifact,,,,,,,,,unresolved_geography,No location evidence has been extracted yet for this recovered sample row.
PRJEB30282,Sus scrofa domesticus,pig,prjeb30282:samea5160937,SAMEA5160937,archive_project_sample_accession_anchor,archive_native,final,,,unresolved,unresolved,,,,,,,,tracked_source_artifact,,,,,,,,,unresolved_geography,No location evidence has been extracted yet for this recovered sample row.
PRJEB30282,Sus scrofa domesticus,pig,prjeb30282:samea5160938,SAMEA5160938,archive_project_sample_accession_anchor,archive_native,final,,,unresolved,unresolved,,,,,,,,tracked_source_artifact,,,,,,,,,unresolved_geography,No location evidence has been extracted yet for this recovered sample row.
PRJEB30282,Sus scrofa domesticus,pig,prjeb30282:samea5160939,SAMEA5160939,archive_project_sample_accession_anchor,archive_native,final,,,unresolved,unresolved,,,,,,,,tracked_source_artifact,,,,,,,,,unresolved_geography,No location evidence has been extracted yet for this recovered sample row.
PRJEB30282,Sus scrofa domesticus,pig,prjeb30282:samea5160940,SAMEA5160940,archive_project_sample_accession_anchor,archive_native,final,,,unresolved,unresolved,,,,,,,,tracked_source_artifact,,,,,,,,,unresolved_geography,No location evidence has been extracted yet for this recovered sample row.
PRJEB30282,Sus scrofa domesticus,pig,prjeb30282:samea5160941,SAMEA5160941,archive_project_sample_accession_anchor,archive_native,final,,,unresolved,unresolved,,,,,,,,tracked_source_artifact,,,,,,,,,unresolved_geography,No location evidence has been extracted yet for this recovered sample row.
PRJEB30282,Sus scrofa domesticus,pig,prjeb30282:samea5160942,SAMEA5160942,archive_project_sample_accession_anchor,archive_native,final,,,unresolved,unresolved,,,,,,,,tracked_source_artifact,,,,,,,,,unresolved_geography,No location evidence has been extracted yet for this recovered sample row.
PRJEB30282,Sus scrofa domesticus,pig,prjeb30282:samea5160943,SAMEA5160943,archive_project_sample_accession_anchor,archive_native,final,,,unresolved,unresolved,,,,,,,,tracked_source_artifact,,,,,,,,,unresolved_geography,No location evidence has been extracted yet for this recovered sample row.
PRJEB30282,Sus scrofa domesticus,pig,prjeb30282:samea5160944,SAMEA5160944,archive_project_sample_accession_anchor,archive_native,final,,,unresolved,unresolved,,,,,,,,tracked_source_artifact,,,,,,,,,unresolved_geography,No location evidence has been extracted yet for this recovered sample row.
PRJEB30282,Sus scrofa domesticus,pig,prjeb30282:samea5160945,SAMEA5160945,archive_project_sample_accession_anchor,archive_native,final,,,unresolved,unresolved,,,,,,,,tracked_source_artifact,,,,,,,,,unresolved_geography,No location evidence has been extracted yet for this recovered sample row.
PRJEB30282,Sus scrofa domesticus,pig,prjeb30282:samea5160946,SAMEA5160946,archive_project_sample_accession_anchor,archive_native,final,,,unresolved,unresolved,,,,,,,,tracked_source_artifact,,,,,,,,,unresolved_geography,No location evidence has been extracted yet for this recovered sample row.
PRJEB30282,Sus scrofa domesticus,pig,prjeb30282:samea5160947,SAMEA5160947,archive_project_sample_accession_anchor,archive_native,final,,,unresolved,unresolved,,,,,,,,tracked_source_artifact,,,,,,,,,unresolved_geography,No location evidence has been extracted yet for this recovered sample row.
PRJEB30282,Sus scrofa domesticus,pig,prjeb30282:samea5160948,SAMEA5160948,archive_project_sample_accession_anchor,archive_native,final,,,unresolved,unresolved,,,,,,,,tracked_source_artifact,,,,,,,,,unresolved_geography,No location evidence has been extracted yet for this recovered sample row.
PRJEB30282,Sus scrofa domesticus,pig,prjeb30282:samea5160949,SAMEA5160949,archive_project_sample_accession_anchor,archive_native,final,,,unresolved,unresolved,,,,,,,,tracked_source_artifact,,,,,,,,,unresolved_geography,No location evidence has been extracted yet for this recovered sample row.
PRJEB30282,Sus scrofa domesticus,pig,prjeb30282:samea5160950,SAMEA5160950,archive_project_sample_accession_anchor,archive_native,final,,,unresolved,unresolved,,,,,,,,tracked_source_artifact,,,,,,,,,unresolved_geography,No location evidence has been extracted yet for this recovered sample row.
PRJEB30282,Sus scrofa domesticus,pig,prjeb30282:samea5160951,SAMEA5160951,archive_project_sample_accession_anchor,archive_native,final,,,unresolved,unresolved,,,,,,,,tracked_source_artifact,,,,,,,,,unresolved_geography,No location evidence has been extracted yet for this recovered sample row.
PRJEB30282,Sus scrofa domesticus,pig,prjeb30282:samea5160952,SAMEA5160952,archive_project_sample_accession_anchor,archive_native,final,,,unresolved,unresolved,,,,,,,,tracked_source_artifact,,,,,,,,,unresolved_geography,No location evidence has been extracted yet for this recovered sample row.
PRJEB30282,Sus scrofa domesticus,pig,prjeb30282:samea5160953,SAMEA5160953,archive_project_sample_accession_anchor,archive_native,final,,,unresolved,unresolved,,,,,,,,tracked_source_artifact,,,,,,,,,unresolved_geography,No location evidence has been extracted yet for this recovered sample row.
PRJEB30282,Sus scrofa domesticus,pig,prjeb30282:samea5160954,SAMEA5160954,archive_project_sample_accession_anchor,archive_native,final,,,unresolved,unresolved,,,,,,,,tracked_source_artifact,,,,,,,,,unresolved_geography,No location evidence has been extracted yet for this recovered sample row.
PRJEB30282,Sus scrofa domesticus,pig,prjeb30282:samea5160955,SAMEA5160955,archive_project_sample_accession_anchor,archive_native,final,,,unresolved,unresolved,,,,,,,,tracked_source_artifact,,,,,,,,,unresolved_geography,No location evidence has been extracted yet for this recovered sample row.
PRJEB30282,Sus scrofa domesticus,pig,prjeb30282:samea5160956,SAMEA5160956,archive_project_sample_accession_anchor,archive_native,final,,,unresolved,unresolved,,,,,,,,tracked_source_artifact,,,,,,,,,unresolved_geography,No location evidence has been extracted yet for this recovered sample row.
PRJEB30282,Sus scrofa domesticus,pig,prjeb30282:samea5160957,SAMEA5160957,archive_project_sample_accession_anchor,archive_native,final,,,unresolved,unresolved,,,,,,,,tracked_source_artifact,,,,,,,,,unresolved_geography,No location evidence has been extracted yet for this recovered sample row.
PRJEB30282,Sus scrofa domesticus,pig,prjeb30282:samea5160958,SAMEA5160958,archive_project_sample_accession_anchor,archive_native,final,,,unresolved,unresolved,,,,,,,,tracked_source_artifact,,,,,,,,,unresolved_geography,No location evidence has been extracted yet for this recovered sample row.
PRJEB30282,Sus scrofa domesticus,pig,prjeb30282:samea5160959,SAMEA5160959,archive_project_sample_accession_anchor,archive_native,final,,,unresolved,unresolved,,,,,,,,tracked_source_artifact,,,,,,,,,unresolved_geography,No location evidence has been extracted yet for this recovered sample row.
PRJEB30282,Sus scrofa domesticus,pig,prjeb30282:samea5160960,SAMEA5160960,archive_project_sample_accession_anchor,archive_native,final,,,unresolved,unresolved,,,,,,,,tracked_source_artifact,,,,,,,,,unresolved_geography,No location evidence has been extracted yet for this recovered sample row.
PRJEB30282,Sus scrofa domesticus,pig,prjeb30282:samea5160961,SAMEA5160961,archive_project_sample_accession_anchor,archive_native,final,,,unresolved,unresolved,,,,,,,,tracked_source_artifact,,,,,,,,,unresolved_geography,No location evidence has been extracted yet for this recovered sample row.
PRJEB30282,Sus scrofa domesticus,pig,prjeb30282:samea5160962,SAMEA5160962,archive_project_sample_accession_anchor,archive_native,final,,,unresolved,unresolved,,,,,,,,tracked_source_artifact,,,,,,,,,unresolved_geography,No location evidence has been extracted yet for this recovered sample row.
PRJEB30282,Sus scrofa domesticus,pig,prjeb30282:samea5160963,SAMEA5160963,archive_project_sample_accession_anchor,archive_native,final,,,unresolved,unresolved,,,,,,,,tracked_source_artifact,,,,,,,,,unresolved_geography,No location evidence has been extracted yet for this recovered sample row.
PRJEB30282,Sus scrofa domesticus,pig,prjeb30282:samea5160964,SAMEA5160964,archive_project_sample_accession_anchor,archive_native,final,,,unresolved,unresolved,,,,,,,,tracked_source_artifact,,,,,,,,,unresolved_geography,No location evidence has been extracted yet for this recovered sample row.
PRJEB30282,Sus scrofa domesticus,pig,prjeb30282:samea5160965,SAMEA5160965,archive_project_sample_accession_anchor,archive_native,final,,,unresolved,unresolved,,,,,,,,tracked_source_artifact,,,,,,,,,unresolved_geography,No location evidence has been extracted yet for this recovered sample row.
PRJEB30282,Sus scrofa domesticus,pig,prjeb30282:samea5160966,SAMEA5160966,archive_project_sample_accession_anchor,archive_native,final,,,unresolved,unresolved,,,,,,,,tracked_source_artifact,,,,,,,,,unresolved_geography,No location evidence has been extracted yet for this recovered sample row.
PRJEB30282,Sus scrofa domesticus,pig,prjeb30282:samea5160967,SAMEA5160967,archive_project_sample_accession_anchor,archive_native,final,,,unresolved,unresolved,,,,,,,,tracked_source_artifact,,,,,,,,,unresolved_geography,No location evidence has been extracted yet for this recovered sample row.
PRJEB30282,Sus scrofa domesticus,pig,prjeb30282:samea5160968,SAMEA5160968,archive_project_sample_accession_anchor,archive_native,final,,,unresolved,unresolved,,,,,,,,tracked_source_artifact,,,,,,,,,unresolved_geography,No location evidence has been extracted yet for this recovered sample row.
PRJEB30282,Sus scrofa domesticus,pig,prjeb30282:samea5160969,SAMEA5160969,archive_project_sample_accession_anchor,archive_native,final,,,unresolved,unresolved,,,,,,,,tracked_source_artifact,,,,,,,,,unresolved_geography,No location evidence has been extracted yet for this recovered sample row.
PRJEB30282,Sus scrofa domesticus,pig,prjeb30282:samea5160970,SAMEA5160970,archive_project_sample_accession_anchor,archive_native,final,,,unresolved,unresolved,,,,,,,,tracked_source_artifact,,,,,,,,,unresolved_geography,No location evidence has been extracted yet for this recovered sample row.
PRJEB30282,Sus scrofa domesticus,pig,prjeb30282:samea5160971,SAMEA5160971,archive_project_sample_accession_anchor,archive_native,final,,,unresolved,unresolved,,,,,,,,tracked_source_artifact,,,,,,,,,unresolved_geography,No location evidence has been extracted yet for this recovered sample row.
PRJEB30282,Sus scrofa domesticus,pig,prjeb30282:samea5160972,SAMEA5160972,archive_project_sample_accession_anchor,archive_native,final,,,unresolved,unresolved,,,,,,,,tracked_source_artifact,,,,,,,,,unresolved_geography,No location evidence has been extracted yet for this recovered sample row.
PRJEB30282,Sus scrofa domesticus,pig,prjeb30282:samea5160973,SAMEA5160973,archive_project_sample_accession_anchor,archive_native,final,,,unresolved,unresolved,,,,,,,,tracked_source_artifact,,,,,,,,,unresolved_geography,No location evidence has been extracted yet for this recovered sample row.
PRJEB30282,Sus scrofa domesticus,pig,prjeb30282:samea5160974,SAMEA5160974,archive_project_sample_accession_anchor,archive_native,final,,,unresolved,unresolved,,,,,,,,tracked_source_artifact,,,,,,,,,unresolved_geography,No location evidence has been extracted yet for this recovered sample row.
PRJEB30282,Sus scrofa domesticus,pig,prjeb30282:samea5160975,SAMEA5160975,archive_project_sample_accession_anchor,archive_native,final,,,unresolved,unresolved,,,,,,,,tracked_source_artifact,,,,,,,,,unresolved_geography,No location evidence has been extracted yet for this recovered sample row.
PRJEB30282,Sus scrofa domesticus,pig,prjeb30282:samea5160976,SAMEA5160976,archive_project_sample_accession_anchor,archive_native,final,,,unresolved,unresolved,,,,,,,,tracked_source_artifact,,,,,,,,,unresolved_geography,No location evidence has been extracted yet for this recovered sample row.
PRJEB30282,Sus scrofa domesticus,pig,prjeb30282:samea5160977,SAMEA5160977,archive_project_sample_accession_anchor,archive_native,final,,,unresolved,unresolved,,,,,,,,tracked_source_artifact,,,,,,,,,unresolved_geography,No location evidence has been extracted yet for this recovered sample row.
PRJEB30282,Sus scrofa domesticus,pig,prjeb30282:samea5160978,SAMEA5160978,archive_project_sample_accession_anchor,archive_native,final,,,unresolved,unresolved,,,,,,,,tracked_source_artifact,,,,,,,,,unresolved_geography,No location evidence has been extracted yet for this recovered sample row.
PRJEB30282,Sus scrofa domesticus,pig,prjeb30282:samea5160979,SAMEA5160979,archive_project_sample_accession_anchor,archive_native,final,,,unresolved,unresolved,,,,,,,,tracked_source_artifact,,,,,,,,,unresolved_geography,No location evidence has been extracted yet for this recovered sample row.
PRJEB30282,Sus scrofa domesticus,pig,prjeb30282:samea5160980,SAMEA5160980,archive_project_sample_accession_anchor,archive_native,final,,,unresolved,unresolved,,,,,,,,tracked_source_artifact,,,,,,,,,unresolved_geography,No location evidence has been extracted yet for this recovered sample row.
PRJEB30282,Sus scrofa domesticus,pig,prjeb30282:samea5160981,SAMEA5160981,archive_project_sample_accession_anchor,archive_native,final,,,unresolved,unresolved,,,,,,,,tracked_source_artifact,,,,,,,,,unresolved_geography,No location evidence has been extracted yet for this recovered sample row.
PRJEB30282,Sus scrofa domesticus,pig,prjeb30282:samea5160982,SAMEA5160982,archive_project_sample_accession_anchor,archive_native,final,,,unresolved,unresolved,,,,,,,,tracked_source_artifact,,,,,,,,,unresolved_geography,No location evidence has been extracted yet for this recovered sample row.
PRJEB30282,Sus scrofa domesticus,pig,prjeb30282:samea5160983,SAMEA5160983,archive_project_sample_accession_anchor,archive_native,final,,,unresolved,unresolved,,,,,,,,tracked_source_artifact,,,,,,,,,unresolved_geography,No location evidence has been extracted yet for this recovered sample row.
PRJEB30282,Sus scrofa domesticus,pig,prjeb30282:samea5160984,SAMEA5160984,archive_project_sample_accession_anchor,archive_native,final,,,unresolved,unresolved,,,,,,,,tracked_source_artifact,,,,,,,,,unresolved_geography,No location evidence has been extracted yet for this recovered sample row.
PRJEB30282,Sus scrofa domesticus,pig,prjeb30282:samea5160985,SAMEA5160985,archive_project_sample_accession_anchor,archive_native,final,,,unresolved,unresolved,,,,,,,,tracked_source_artifact,,,,,,,,,unresolved_geography,No location evidence has been extracted yet for this recovered sample row.
PRJEB30282,Sus scrofa domesticus,pig,prjeb30282:samea5160986,SAMEA5160986,archive_project_sample_accession_anchor,archive_native,final,,,unresolved,unresolved,,,,,,,,tracked_source_artifact,,,,,,,,,unresolved_geography,No location evidence has been extracted yet for this recovered sample row.
PRJEB30282,Sus scrofa domesticus,pig,prjeb30282:samea5160987,SAMEA5160987,archive_project_sample_accession_anchor,archive_native,final,,,unresolved,unresolved,,,,,,,,tracked_source_artifact,,,,,,,,,unresolved_geography,No location evidence has been extracted yet for this recovered sample row.
PRJEB30282,Sus scrofa domesticus,pig,prjeb30282:samea5160988,SAMEA5160988,archive_project_sample_accession_anchor,archive_native,final,,,unresolved,unresolved,,,,,,,,tracked_source_artifact,,,,,,,,,unresolved_geography,No location evidence has been extracted yet for this recovered sample row.
PRJEB30282,Sus scrofa domesticus,pig,prjeb30282:samea5160989,SAMEA5160989,archive_project_sample_accession_anchor,archive_native,final,,,unresolved,unresolved,,,,,,,,tracked_source_artifact,,,,,,,,,unresolved_geography,No location evidence has been extracted yet for this recovered sample row.
PRJEB30282,Sus scrofa domesticus,pig,prjeb30282:samea5160990,SAMEA5160990,archive_project_sample_accession_anchor,archive_native,final,,,unresolved,unresolved,,,,,,,,tracked_source_artifact,,,,,,,,,unresolved_geography,No location evidence has been extracted yet for this recovered sample row.
PRJEB30282,Sus scrofa domesticus,pig,prjeb30282:samea5160991,SAMEA5160991,archive_project_sample_accession_anchor,archive_native,final,,,unresolved,unresolved,,,,,,,,tracked_source_artifact,,,,,,,,,unresolved_geography,No location evidence has been extracted yet for this recovered sample row.
PRJEB30282,Sus scrofa domesticus,pig,prjeb30282:samea5160992,SAMEA5160992,archive_project_sample_accession_anchor,archive_native,final,,,unresolved,unresolved,,,,,,,,tracked_source_artifact,,,,,,,,,unresolved_geography,No location evidence has been extracted yet for this recovered sample row.
PRJEB30282,Sus scrofa domesticus,pig,prjeb30282:samea5160993,SAMEA5160993,archive_project_sample_accession_anchor,archive_native,final,,,unresolved,unresolved,,,,,,,,tracked_source_artifact,,,,,,,,,unresolved_geography,No location evidence has been extracted yet for this recovered sample row.
PRJEB30282,Sus scrofa domesticus,pig,prjeb30282:samea5160994,SAMEA5160994,archive_project_sample_accession_anchor,archive_native,final,,,unresolved,unresolved,,,,,,,,tracked_source_artifact,,,,,,,,,unresolved_geography,No location evidence has been extracted yet for this recovered sample row.
PRJEB30282,Sus scrofa domesticus,pig,prjeb30282:samea5160995,SAMEA5160995,archive_project_sample_accession_anchor,archive_native,final,,,unresolved,unresolved,,,,,,,,tracked_source_artifact,,,,,,,,,unresolved_geography,No location evidence has been extracted yet for this recovered sample row.
PRJEB30282,Sus scrofa domesticus,pig,prjeb30282:samea5160996,SAMEA5160996,archive_project_sample_accession_anchor,archive_native,final,,,unresolved,unresolved,,,,,,,,tracked_source_artifact,,,,,,,,,unresolved_geography,No location evidence has been extracted yet for this recovered sample row.
PRJEB30282,Sus scrofa domesticus,pig,prjeb30282:samea5160997,SAMEA5160997,archive_project_sample_accession_anchor,archive_native,final,,,unresolved,unresolved,,,,,,,,tracked_source_artifact,,,,,,,,,unresolved_geography,No location evidence has been extracted yet for this recovered sample row.
PRJEB30282,Sus scrofa domesticus,pig,prjeb30282:samea5160998,SAMEA5160998,archive_project_sample_accession_anchor,archive_native,final,,,unresolved,unresolved,,,,,,,,tracked_source_artifact,,,,,,,,,unresolved_geography,No location evidence has been extracted yet for this recovered sample row.
PRJEB30282,Sus scrofa domesticus,pig,prjeb30282:samea5160999,SAMEA5160999,archive_project_sample_accession_anchor,archive_native,final,,,unresolved,unresolved,,,,,,,,tracked_source_artifact,,,,,,,,,unresolved_geography,No location evidence has been extracted yet for this recovered sample row.
PRJEB30282,Sus scrofa domesticus,pig,prjeb30282:samea5161000,SAMEA5161000,archive_project_sample_accession_anchor,archive_native,final,,,unresolved,unresolved,,,,,,,,tracked_source_artifact,,,,,,,,,unresolved_geography,No location evidence has been extracted yet for this recovered sample row.
PRJEB30282,Sus scrofa domesticus,pig,prjeb30282:samea5161001,SAMEA5161001,archive_project_sample_accession_anchor,archive_native,final,,,unresolved,unresolved,,,,,,,,tracked_source_artifact,,,,,,,,,unresolved_geography,No location evidence has been extracted yet for this recovered sample row.
PRJEB30282,Sus scrofa domesticus,pig,prjeb30282:samea5161002,SAMEA5161002,archive_project_sample_accession_anchor,archive_native,final,,,unresolved,unresolved,,,,,,,,tracked_source_artifact,,,,,,,,,unresolved_geography,No location evidence has been extracted yet for this recovered sample row.
PRJEB30282,Sus scrofa domesticus,pig,prjeb30282:samea5161003,SAMEA5161003,archive_project_sample_accession_anchor,archive_native,final,,,unresolved,unresolved,,,,,,,,tracked_source_artifact,,,,,,,,,unresolved_geography,No location evidence has been extracted yet for this recovered sample row.
PRJEB30282,Sus scrofa domesticus,pig,prjeb30282:samea5161004,SAMEA5161004,archive_project_sample_accession_anchor,archive_native,final,,,unresolved,unresolved,,,,,,,,tracked_source_artifact,,,,,,,,,unresolved_geography,No location evidence has been extracted yet for this recovered sample row.
PRJEB30282,Sus scrofa domesticus,pig,prjeb30282:samea5161005,SAMEA5161005,archive_project_sample_accession_anchor,archive_native,final,,,unresolved,unresolved,,,,,,,,tracked_source_artifact,,,,,,,,,unresolved_geography,No location evidence has been extracted yet for this recovered sample row.
PRJEB30282,Sus scrofa domesticus,pig,prjeb30282:samea5161006,SAMEA5161006,archive_project_sample_accession_anchor,archive_native,final,,,unresolved,unresolved,,,,,,,,tracked_source_artifact,,,,,,,,,unresolved_geography,No location evidence has been extracted yet for this recovered sample row.
PRJEB30282,Sus scrofa domesticus,pig,prjeb30282:samea5161007,SAMEA5161007,archive_project_sample_accession_anchor,archive_native,final,,,unresolved,unresolved,,,,,,,,tracked_source_artifact,,,,,,,,,unresolved_geography,No location evidence has been extracted yet for this recovered sample row.
PRJEB30282,Sus scrofa domesticus,pig,prjeb30282:samea5161008,SAMEA5161008,archive_project_sample_accession_anchor,archive_native,final,,,unresolved,unresolved,,,,,,,,tracked_source_artifact,,,,,,,,,unresolved_geography,No location evidence has been extracted yet for this recovered sample row.
PRJEB30282,Sus scrofa domesticus,pig,prjeb30282:samea5161009,SAMEA5161009,archive_project_sample_accession_anchor,archive_native,final,,,unresolved,unresolved,,,,,,,,tracked_source_artifact,,,,,,,,,unresolved_geography,No location evidence has been extracted yet for this recovered sample row.
PRJEB30282,Sus scrofa domesticus,pig,prjeb30282:samea5161010,SAMEA5161010,archive_project_sample_accession_anchor,archive_native,final,,,unresolved,unresolved,,,,,,,,tracked_source_artifact,,,,,,,,,unresolved_geography,No location evidence has been extracted yet for this recovered sample row.
PRJEB30282,Sus scrofa domesticus,pig,prjeb30282:samea5161011,SAMEA5161011,archive_project_sample_accession_anchor,archive_native,final,,,unresolved,unresolved,,,,,,,,tracked_source_artifact,,,,,,,,,unresolved_geography,No location evidence has been extracted yet for this recovered sample row.
PRJEB30282,Sus scrofa domesticus,pig,prjeb30282:samea5161012,SAMEA5161012,archive_project_sample_accession_anchor,archive_native,final,,,unresolved,unresolved,,,,,,,,tracked_source_artifact,,,,,,,,,unresolved_geography,No location evidence has been extracted yet for this recovered sample row.
PRJEB30282,Sus scrofa domesticus,pig,prjeb30282:samea5161013,SAMEA5161013,archive_project_sample_accession_anchor,archive_native,final,,,unresolved,unresolved,,,,,,,,tracked_source_artifact,,,,,,,,,unresolved_geography,No location evidence has been extracted yet for this recovered sample row.
PRJEB30282,Sus scrofa domesticus,pig,prjeb30282:samea5161014,SAMEA5161014,archive_project_sample_accession_anchor,archive_native,final,,,unresolved,unresolved,,,,,,,,tracked_source_artifact,,,,,,,,,unresolved_geography,No location evidence has been extracted yet for this recovered sample row.
PRJEB30282,Sus scrofa domesticus,pig,prjeb30282:samea5161015,SAMEA5161015,archive_project_sample_accession_anchor,archive_native,final,,,unresolved,unresolved,,,,,,,,tracked_source_artifact,,,,,,,,,unresolved_geography,No location evidence has been extracted yet for this recovered sample row.
PRJEB30282,Sus scrofa domesticus,pig,prjeb30282:samea5161016,SAMEA5161016,archive_project_sample_accession_anchor,archive_native,final,,,unresolved,unresolved,,,,,,,,tracked_source_artifact,,,,,,,,,unresolved_geography,No location evidence has been extracted yet for this recovered sample row.
PRJEB30282,Sus scrofa domesticus,pig,prjeb30282:samea5161017,SAMEA5161017,archive_project_sample_accession_anchor,archive_native,final,,,unresolved,unresolved,,,,,,,,tracked_source_artifact,,,,,,,,,unresolved_geography,No location evidence has been extracted yet for this recovered sample row.
PRJEB30282,Sus scrofa domesticus,pig,prjeb30282:samea5161018,SAMEA5161018,archive_project_sample_accession_anchor,archive_native,final,,,unresolved,unresolved,,,,,,,,tracked_source_artifact,,,,,,,,,unresolved_geography,No location evidence has been extracted yet for this recovered sample row.
PRJEB30282,Sus scrofa domesticus,pig,prjeb30282:samea5161019,SAMEA5161019,archive_project_sample_accession_anchor,archive_native,final,,,unresolved,unresolved,,,,,,,,tracked_source_artifact,,,,,,,,,unresolved_geography,No location evidence has been extracted yet for this recovered sample row.
PRJEB30282,Sus scrofa domesticus,pig,prjeb30282:samea5161020,SAMEA5161020,archive_project_sample_accession_anchor,archive_native,final,,,unresolved,unresolved,,,,,,,,tracked_source_artifact,,,,,,,,,unresolved_geography,No location evidence has been extracted yet for this recovered sample row.
PRJEB30282,Sus scrofa domesticus,pig,prjeb30282:samea5161021,SAMEA5161021,archive_project_sample_accession_anchor,archive_native,final,,,unresolved,unresolved,,,,,,,,tracked_source_artifact,,,,,,,,,unresolved_geography,No location evidence has been extracted yet for this recovered sample row.
PRJEB30282,Sus scrofa domesticus,pig,prjeb30282:samea5161022,SAMEA5161022,archive_project_sample_accession_anchor,archive_native,final,,,unresolved,unresolved,,,,,,,,tracked_source_artifact,,,,,,,,,unresolved_geography,No location evidence has been extracted yet for this recovered sample row.
PRJEB30282,Sus scrofa domesticus,pig,prjeb30282:samea5161023,SAMEA5161023,archive_project_sample_accession_anchor,archive_native,final,,,unresolved,unresolved,,,,,,,,tracked_source_artifact,,,,,,,,,unresolved_geography,No location evidence has been extracted yet for this recovered sample row.
PRJEB30282,Sus scrofa domesticus,pig,prjeb30282:samea5161024,SAMEA5161024,archive_project_sample_accession_anchor,archive_native,final,,,unresolved,unresolved,,,,,,,,tracked_source_artifact,,,,,,,,,unresolved_geography,No location evidence has been extracted yet for this recovered sample row.
PRJEB30282,Sus scrofa domesticus,pig,prjeb30282:samea5161025,SAMEA5161025,archive_project_sample_accession_anchor,archive_native,final,,,unresolved,unresolved,,,,,,,,tracked_source_artifact,,,,,,,,,unresolved_geography,No location evidence has been extracted yet for this recovered sample row.
PRJEB30282,Sus scrofa domesticus,pig,prjeb30282:samea5161026,SAMEA5161026,archive_project_sample_accession_anchor,archive_native,final,,,unresolved,unresolved,,,,,,,,tracked_source_artifact,,,,,,,,,unresolved_geography,No location evidence has been extracted yet for this recovered sample row.
PRJEB30282,Sus scrofa domesticus,pig,prjeb30282:samea5161027,SAMEA5161027,archive_project_sample_accession_anchor,archive_native,final,,,unresolved,unresolved,,,,,,,,tracked_source_artifact,,,,,,,,,unresolved_geography,No location evidence has been extracted yet for this recovered sample row.
PRJEB30282,Sus scrofa domesticus,pig,prjeb30282:samea5161028,SAMEA5161028,archive_project_sample_accession_anchor,archive_native,final,,,unresolved,unresolved,,,,,,,,tracked_source_artifact,,,,,,,,,unresolved_geography,No location evidence has been extracted yet for this recovered sample row.
PRJEB30282,Sus scrofa domesticus,pig,prjeb30282:samea5161029,SAMEA5161029,archive_project_sample_accession_anchor,archive_native,final,,,unresolved,unresolved,,,,,,,,tracked_source_artifact,,,,,,,,,unresolved_geography,No location evidence has been extracted yet for this recovered sample row.
PRJEB30282,Sus scrofa domesticus,pig,prjeb30282:samea5161030,SAMEA5161030,archive_project_sample_accession_anchor,archive_native,final,,,unresolved,unresolved,,,,,,,,tracked_source_artifact,,,,,,,,,unresolved_geography,No location evidence has been extracted yet for this recovered sample row.
PRJEB30282,Sus scrofa domesticus,pig,prjeb30282:samea5161031,SAMEA5161031,archive_project_sample_accession_anchor,archive_native,final,,,unresolved,unresolved,,,,,,,,tracked_source_artifact,,,,,,,,,unresolved_geography,No location evidence has been extracted yet for this recovered sample row.
PRJEB30282,Sus scrofa domesticus,pig,prjeb30282:samea5161032,SAMEA5161032,archive_project_sample_accession_anchor,archive_native,final,,,unresolved,unresolved,,,,,,,,tracked_source_artifact,,,,,,,,,unresolved_geography,No location evidence has been extracted yet for this recovered sample row.
PRJEB30282,Sus scrofa domesticus,pig,prjeb30282:samea5161033,SAMEA5161033,archive_project_sample_accession_anchor,archive_native,final,,,unresolved,unresolved,,,,,,,,tracked_source_artifact,,,,,,,,,unresolved_geography,No location evidence has been extracted yet for this recovered sample row.
PRJEB30282,Sus scrofa domesticus,pig,prjeb30282:samea5161034,SAMEA5161034,archive_project_sample_accession_anchor,archive_native,final,,,unresolved,unresolved,,,,,,,,tracked_source_artifact,,,,,,,,,unresolved_geography,No location evidence has been extracted yet for this recovered sample row.
PRJEB30282,Sus scrofa domesticus,pig,prjeb30282:samea5161035,SAMEA5161035,archive_project_sample_accession_anchor,archive_native,final,,,unresolved,unresolved,,,,,,,,tracked_source_artifact,,,,,,,,,unresolved_geography,No location evidence has been extracted yet for this recovered sample row.
PRJEB30282,Sus scrofa domesticus,pig,prjeb30282:samea5161036,SAMEA5161036,archive_project_sample_accession_anchor,archive_native,final,,,unresolved,unresolved,,,,,,,,tracked_source_artifact,,,,,,,,,unresolved_geography,No location evidence has been extracted yet for this recovered sample row.
PRJEB30282,Sus scrofa domesticus,pig,prjeb30282:samea5161037,SAMEA5161037,archive_project_sample_accession_anchor,archive_native,final,,,unresolved,unresolved,,,,,,,,tracked_source_artifact,,,,,,,,,unresolved_geography,No location evidence has been extracted yet for this recovered sample row.
PRJEB30282,Sus scrofa domesticus,pig,prjeb30282:samea5161038,SAMEA5161038,archive_project_sample_accession_anchor,archive_native,final,,,unresolved,unresolved,,,,,,,,tracked_source_artifact,,,,,,,,,unresolved_geography,No location evidence has been extracted yet for this recovered sample row.
PRJEB30282,Sus scrofa domesticus,pig,prjeb30282:samea5161039,SAMEA5161039,archive_project_sample_accession_anchor,archive_native,final,,,unresolved,unresolved,,,,,,,,tracked_source_artifact,,,,,,,,,unresolved_geography,No location evidence has been extracted yet for this recovered sample row.
PRJEB30282,Sus scrofa domesticus,pig,prjeb30282:samea5161040,SAMEA5161040,archive_project_sample_accession_anchor,archive_native,final,,,unresolved,unresolved,,,,,,,,tracked_source_artifact,,,,,,,,,unresolved_geography,No location evidence has been extracted yet for this recovered sample row.
PRJEB30282,Sus scrofa domesticus,pig,prjeb30282:samea5161041,SAMEA5161041,archive_project_sample_accession_anchor,archive_native,final,,,unresolved,unresolved,,,,,,,,tracked_source_artifact,,,,,,,,,unresolved_geography,No location evidence has been extracted yet for this recovered sample row.
PRJEB30282,Sus scrofa domesticus,pig,prjeb30282:samea5161042,SAMEA5161042,archive_project_sample_accession_anchor,archive_native,final,,,unresolved,unresolved,,,,,,,,tracked_source_artifact,,,,,,,,,unresolved_geography,No location evidence has been extracted yet for this recovered sample row.
PRJEB30282,Sus scrofa domesticus,pig,prjeb30282:samea5161043,SAMEA5161043,archive_project_sample_accession_anchor,archive_native,final,,,unresolved,unresolved,,,,,,,,tracked_source_artifact,,,,,,,,,unresolved_geography,No location evidence has been extracted yet for this recovered sample row.
PRJEB30282,Sus scrofa domesticus,pig,prjeb30282:samea5161044,SAMEA5161044,archive_project_sample_accession_anchor,archive_native,final,,,unresolved,unresolved,,,,,,,,tracked_source_artifact,,,,,,,,,unresolved_geography,No location evidence has been extracted yet for this recovered sample row.
PRJEB30282,Sus scrofa domesticus,pig,prjeb30282:samea5161045,SAMEA5161045,archive_project_sample_accession_anchor,archive_native,final,,,unresolved,unresolved,,,,,,,,tracked_source_artifact,,,,,,,,,unresolved_geography,No location evidence has been extracted yet for this recovered sample row.
PRJEB30282,Sus scrofa domesticus,pig,prjeb30282:samea5161046,SAMEA5161046,archive_project_sample_accession_anchor,archive_native,final,,,unresolved,unresolved,,,,,,,,tracked_source_artifact,,,,,,,,,unresolved_geography,No location evidence has been extracted yet for this recovered sample row.
PRJEB30282,Sus scrofa domesticus,pig,prjeb30282:samea5161047,SAMEA5161047,archive_project_sample_accession_anchor,archive_native,final,,,unresolved,unresolved,,,,,,,,tracked_source_artifact,,,,,,,,,unresolved_geography,No location evidence has been extracted yet for this recovered sample row.
PRJEB30282,Sus scrofa domesticus,pig,prjeb30282:samea5161048,SAMEA5161048,archive_project_sample_accession_anchor,archive_native,final,,,unresolved,unresolved,,,,,,,,tracked_source_artifact,,,,,,,,,unresolved_geography,No location evidence has been extracted yet for this recovered sample row.
PRJEB30282,Sus scrofa domesticus,pig,prjeb30282:samea5161049,SAMEA5161049,archive_project_sample_accession_anchor,archive_native,final,,,unresolved,unresolved,,,,,,,,tracked_source_artifact,,,,,,,,,unresolved_geography,No location evidence has been extracted yet for this recovered sample row.
PRJEB30282,Sus scrofa domesticus,pig,prjeb30282:samea5161050,SAMEA5161050,archive_project_sample_accession_anchor,archive_native,final,,,unresolved,unresolved,,,,,,,,tracked_source_artifact,,,,,,,,,unresolved_geography,No location evidence has been extracted yet for this recovered sample row.
PRJEB30282,Sus scrofa domesticus,pig,prjeb30282:samea5161051,SAMEA5161051,archive_project_sample_accession_anchor,archive_native,final,,,unresolved,unresolved,,,,,,,,tracked_source_artifact,,,,,,,,,unresolved_geography,No location evidence has been extracted yet for this recovered sample row.
PRJEB30282,Sus scrofa domesticus,pig,prjeb30282:samea5161052,SAMEA5161052,archive_project_sample_accession_anchor,archive_native,final,,,unresolved,unresolved,,,,,,,,tracked_source_artifact,,,,,,,,,unresolved_geography,No location evidence has been extracted yet for this recovered sample row.
PRJEB30282,Sus scrofa domesticus,pig,prjeb30282:samea5161053,SAMEA5161053,archive_project_sample_accession_anchor,archive_native,final,,,unresolved,unresolved,,,,,,,,tracked_source_artifact,,,,,,,,,unresolved_geography,No location evidence has been extracted yet for this recovered sample row.
PRJEB30282,Sus scrofa domesticus,pig,prjeb30282:samea5161054,SAMEA5161054,archive_project_sample_accession_anchor,archive_native,final,,,unresolved,unresolved,,,,,,,,tracked_source_artifact,,,,,,,,,unresolved_geography,No location evidence has been extracted yet for this recovered sample row.
PRJEB30282,Sus scrofa domesticus,pig,prjeb30282:samea5161055,SAMEA5161055,archive_project_sample_accession_anchor,archive_native,final,,,unresolved,unresolved,,,,,,,,tracked_source_artifact,,,,,,,,,unresolved_geography,No location evidence has been extracted yet for this recovered sample row.
PRJEB30282,Sus scrofa domesticus,pig,prjeb30282:samea5161056,SAMEA5161056,archive_project_sample_accession_anchor,archive_native,final,,,unresolved,unresolved,,,,,,,,tracked_source_artifact,,,,,,,,,unresolved_geography,No location evidence has been extracted yet for this recovered sample row.
PRJEB30282,Sus scrofa domesticus,pig,prjeb30282:samea5161057,SAMEA5161057,archive_project_sample_accession_anchor,archive_native,final,,,unresolved,unresolved,,,,,,,,tracked_source_artifact,,,,,,,,,unresolved_geography,No location evidence has been extracted yet for this recovered sample row.
PRJEB30282,Sus scrofa domesticus,pig,prjeb30282:samea5161058,SAMEA5161058,archive_project_sample_accession_anchor,archive_native,final,,,unresolved,unresolved,,,,,,,,tracked_source_artifact,,,,,,,,,unresolved_geography,No location evidence has been extracted yet for this recovered sample row.
PRJEB30282,Sus scrofa domesticus,pig,prjeb30282:samea5161059,SAMEA5161059,archive_project_sample_accession_anchor,archive_native,final,,,unresolved,unresolved,,,,,,,,tracked_source_artifact,,,,,,,,,unresolved_geography,No location evidence has been extracted yet for this recovered sample row.
PRJEB30282,Sus scrofa domesticus,pig,prjeb30282:samea5161060,SAMEA5161060,archive_project_sample_accession_anchor,archive_native,final,,,unresolved,unresolved,,,,,,,,tracked_source_artifact,,,,,,,,,unresolved_geography,No location evidence has been extracted yet for this recovered sample row.
PRJEB30282,Sus scrofa domesticus,pig,prjeb30282:samea5161061,SAMEA5161061,archive_project_sample_accession_anchor,archive_native,final,,,unresolved,unresolved,,,,,,,,tracked_source_artifact,,,,,,,,,unresolved_geography,No location evidence has been extracted yet for this recovered sample row.
PRJEB30282,Sus scrofa domesticus,pig,prjeb30282:samea5161062,SAMEA5161062,archive_project_sample_accession_anchor,archive_native,final,,,unresolved,unresolved,,,,,,,,tracked_source_artifact,,,,,,,,,unresolved_geography,No location evidence has been extracted yet for this recovered sample row.
PRJEB30282,Sus scrofa domesticus,pig,prjeb30282:samea5161063,SAMEA5161063,archive_project_sample_accession_anchor,archive_native,final,,,unresolved,unresolved,,,,,,,,tracked_source_artifact,,,,,,,,,unresolved_geography,No location evidence has been extracted yet for this recovered sample row.
PRJEB30282,Sus scrofa domesticus,pig,prjeb30282:samea5161064,SAMEA5161064,archive_project_sample_accession_anchor,archive_native,final,,,unresolved,unresolved,,,,,,,,tracked_source_artifact,,,,,,,,,unresolved_geography,No location evidence has been extracted yet for this recovered sample row.
PRJEB30282,Sus scrofa domesticus,pig,prjeb30282:samea5161065,SAMEA5161065,archive_project_sample_accession_anchor,archive_native,final,,,unresolved,unresolved,,,,,,,,tracked_source_artifact,,,,,,,,,unresolved_geography,No location evidence has been extracted yet for this recovered sample row.
PRJEB30282,Sus scrofa domesticus,pig,prjeb30282:samea5161066,SAMEA5161066,archive_project_sample_accession_anchor,archive_native,final,,,unresolved,unresolved,,,,,,,,tracked_source_artifact,,,,,,,,,unresolved_geography,No location evidence has been extracted yet for this recovered sample row.
PRJEB30282,Sus scrofa domesticus,pig,prjeb30282:samea5161067,SAMEA5161067,archive_project_sample_accession_anchor,archive_native,final,,,unresolved,unresolved,,,,,,,,tracked_source_artifact,,,,,,,,,unresolved_geography,No location evidence has been extracted yet for this recovered sample row.
PRJEB30282,Sus scrofa domesticus,pig,prjeb30282:samea5161068,SAMEA5161068,archive_project_sample_accession_anchor,archive_native,final,,,unresolved,unresolved,,,,,,,,tracked_source_artifact,,,,,,,,,unresolved_geography,No location evidence has been extracted yet for this recovered sample row.
PRJEB30282,Sus scrofa domesticus,pig,prjeb30282:samea5161069,SAMEA5161069,archive_project_sample_accession_anchor,archive_native,final,,,unresolved,unresolved,,,,,,,,tracked_source_artifact,,,,,,,,,unresolved_geography,No location evidence has been extracted yet for this recovered sample row.
PRJEB30282,Sus scrofa domesticus,pig,prjeb30282:samea5161070,SAMEA5161070,archive_project_sample_accession_anchor,archive_native,final,,,unresolved,unresolved,,,,,,,,tracked_source_artifact,,,,,,,,,unresolved_geography,No location evidence has been extracted yet for this recovered sample row.
PRJEB30282,Sus scrofa domesticus,pig,prjeb30282:samea5161071,SAMEA5161071,archive_project_sample_accession_anchor,archive_native,final,,,unresolved,unresolved,,,,,,,,tracked_source_artifact,,,,,,,,,unresolved_geography,No location evidence has been extracted yet for this recovered sample row.
PRJEB30282,Sus scrofa domesticus,pig,prjeb30282:samea5161072,SAMEA5161072,archive_project_sample_accession_anchor,archive_native,final,,,unresolved,unresolved,,,,,,,,tracked_source_artifact,,,,,,,,,unresolved_geography,No location evidence has been extracted yet for this recovered sample row.
PRJEB30282,Sus scrofa domesticus,pig,prjeb30282:samea5161073,SAMEA5161073,archive_project_sample_accession_anchor,archive_native,final,,,unresolved,unresolved,,,,,,,,tracked_source_artifact,,,,,,,,,unresolved_geography,No location evidence has been extracted yet for this recovered sample row.
PRJEB30282,Sus scrofa domesticus,pig,prjeb30282:samea5161074,SAMEA5161074,archive_project_sample_accession_anchor,archive_native,final,,,unresolved,unresolved,,,,,,,,tracked_source_artifact,,,,,,,,,unresolved_geography,No location evidence has been extracted yet for this recovered sample row.
PRJEB30282,Sus scrofa domesticus,pig,prjeb30282:samea5161075,SAMEA5161075,archive_project_sample_accession_anchor,archive_native,final,,,unresolved,unresolved,,,,,,,,tracked_source_artifact,,,,,,,,,unresolved_geography,No location evidence has been extracted yet for this recovered sample row.
PRJEB30282,Sus scrofa domesticus,pig,prjeb30282:samea5161076,SAMEA5161076,archive_project_sample_accession_anchor,archive_native,final,,,unresolved,unresolved,,,,,,,,tracked_source_artifact,,,,,,,,,unresolved_geography,No location evidence has been extracted yet for this recovered sample row.
PRJEB30282,Sus scrofa domesticus,pig,prjeb30282:samea5161077,SAMEA5161077,archive_project_sample_accession_anchor,archive_native,final,,,unresolved,unresolved,,,,,,,,tracked_source_artifact,,,,,,,,,unresolved_geography,No location evidence has been extracted yet for this recovered sample row.
PRJEB30282,Sus scrofa domesticus,pig,prjeb30282:samea5161078,SAMEA5161078,archive_project_sample_accession_anchor,archive_native,final,,,unresolved,unresolved,,,,,,,,tracked_source_artifact,,,,,,,,,unresolved_geography,No location evidence has been extracted yet for this recovered sample row.
PRJEB30282,Sus scrofa domesticus,pig,prjeb30282:samea5161079,SAMEA5161079,archive_project_sample_accession_anchor,archive_native,final,,,unresolved,unresolved,,,,,,,,tracked_source_artifact,,,,,,,,,unresolved_geography,No location evidence has been extracted yet for this recovered sample row.
PRJEB30282,Sus scrofa domesticus,pig,prjeb30282:samea5161080,SAMEA5161080,archive_project_sample_accession_anchor,archive_native,final,,,unresolved,unresolved,,,,,,,,tracked_source_artifact,,,,,,,,,unresolved_geography,No location evidence has been extracted yet for this recovered sample row.
PRJEB30282,Sus scrofa domesticus,pig,prjeb30282:samea5161081,SAMEA5161081,archive_project_sample_accession_anchor,archive_native,final,,,unresolved,unresolved,,,,,,,,tracked_source_artifact,,,,,,,,,unresolved_geography,No location evidence has been extracted yet for this recovered sample row.
PRJEB30282,Sus scrofa domesticus,pig,prjeb30282:samea5161082,SAMEA5161082,archive_project_sample_accession_anchor,archive_native,final,,,unresolved,unresolved,,,,,,,,tracked_source_artifact,,,,,,,,,unresolved_geography,No location evidence has been extracted yet for this recovered sample row.
PRJEB30282,Sus scrofa domesticus,pig,prjeb30282:samea5161083,SAMEA5161083,archive_project_sample_accession_anchor,archive_native,final,,,unresolved,unresolved,,,,,,,,tracked_source_artifact,,,,,,,,,unresolved_geography,No location evidence has been extracted yet for this recovered sample row.
PRJEB30282,Sus scrofa domesticus,pig,prjeb30282:samea5161084,SAMEA5161084,archive_project_sample_accession_anchor,archive_native,final,,,unresolved,unresolved,,,,,,,,tracked_source_artifact,,,,,,,,,unresolved_geography,No location evidence has been extracted yet for this recovered sample row.
PRJEB30282,Sus scrofa domesticus,pig,prjeb30282:samea5161085,SAMEA5161085,archive_project_sample_accession_anchor,archive_native,final,,,unresolved,unresolved,,,,,,,,tracked_source_artifact,,,,,,,,,unresolved_geography,No location evidence has been extracted yet for this recovered sample row.
PRJEB30282,Sus scrofa domesticus,pig,prjeb30282:samea5161086,SAMEA5161086,archive_project_sample_accession_anchor,archive_native,final,,,unresolved,unresolved,,,,,,,,tracked_source_artifact,,,,,,,,,unresolved_geography,No location evidence has been extracted yet for this recovered sample row.
PRJEB30282,Sus scrofa domesticus,pig,prjeb30282:samea5161087,SAMEA5161087,archive_project_sample_accession_anchor,archive_native,final,,,unresolved,unresolved,,,,,,,,tracked_source_artifact,,,,,,,,,unresolved_geography,No location evidence has been extracted yet for this recovered sample row.
PRJEB30282,Sus scrofa domesticus,pig,prjeb30282:samea5161088,SAMEA5161088,archive_project_sample_accession_anchor,archive_native,final,,,unresolved,unresolved,,,,,,,,tracked_source_artifact,,,,,,,,,unresolved_geography,No location evidence has been extracted yet for this recovered sample row.
PRJEB30282,Sus scrofa domesticus,pig,prjeb30282:samea5161089,SAMEA5161089,archive_project_sample_accession_anchor,archive_native,final,,,unresolved,unresolved,,,,,,,,tracked_source_artifact,,,,,,,,,unresolved_geography,No location evidence has been extracted yet for this recovered sample row.
PRJEB30282,Sus scrofa domesticus,pig,prjeb30282:samea5161090,SAMEA5161090,archive_project_sample_accession_anchor,archive_native,final,,,unresolved,unresolved,,,,,,,,tracked_source_artifact,,,,,,,,,unresolved_geography,No location evidence has been extracted yet for this recovered sample row.
PRJEB30282,Sus scrofa domesticus,pig,prjeb30282:samea5161091,SAMEA5161091,archive_project_sample_accession_anchor,archive_native,final,,,unresolved,unresolved,,,,,,,,tracked_source_artifact,,,,,,,,,unresolved_geography,No location evidence has been extracted yet for this recovered sample row.
PRJEB30282,Sus scrofa domesticus,pig,prjeb30282:samea5161092,SAMEA5161092,archive_project_sample_accession_anchor,archive_native,final,,,unresolved,unresolved,,,,,,,,tracked_source_artifact,,,,,,,,,unresolved_geography,No location evidence has been extracted yet for this recovered sample row.
PRJEB30282,Sus scrofa domesticus,pig,prjeb30282:samea5161093,SAMEA5161093,archive_project_sample_accession_anchor,archive_native,final,,,unresolved,unresolved,,,,,,,,tracked_source_artifact,,,,,,,,,unresolved_geography,No location evidence has been extracted yet for this recovered sample row.
PRJEB30282,Sus scrofa domesticus,pig,prjeb30282:samea5161094,SAMEA5161094,archive_project_sample_accession_anchor,archive_native,final,,,unresolved,unresolved,,,,,,,,tracked_source_artifact,,,,,,,,,unresolved_geography,No location evidence has been extracted yet for this recovered sample row.
PRJEB30282,Sus scrofa domesticus,pig,prjeb30282:samea5161095,SAMEA5161095,archive_project_sample_accession_anchor,archive_native,final,,,unresolved,unresolved,,,,,,,,tracked_source_artifact,,,,,,,,,unresolved_geography,No location evidence has been extracted yet for this recovered sample row.
PRJEB30282,Sus scrofa domesticus,pig,prjeb30282:samea5161096,SAMEA5161096,archive_project_sample_accession_anchor,archive_native,final,,,unresolved,unresolved,,,,,,,,tracked_source_artifact,,,,,,,,,unresolved_geography,No location evidence has been extracted yet for this recovered sample row.
PRJEB30282,Sus scrofa domesticus,pig,prjeb30282:samea5161097,SAMEA5161097,archive_project_sample_accession_anchor,archive_native,final,,,unresolved,unresolved,,,,,,,,tracked_source_artifact,,,,,,,,,unresolved_geography,No location evidence has been extracted yet for this recovered sample row.
PRJEB30282,Sus scrofa domesticus,pig,prjeb30282:samea5161098,SAMEA5161098,archive_project_sample_accession_anchor,archive_native,final,,,unresolved,unresolved,,,,,,,,tracked_source_artifact,,,,,,,,,unresolved_geography,No location evidence has been extracted yet for this recovered sample row.
PRJEB30282,Sus scrofa domesticus,pig,prjeb30282:samea5161099,SAMEA5161099,archive_project_sample_accession_anchor,archive_native,final,,,unresolved,unresolved,,,,,,,,tracked_source_artifact,,,,,,,,,unresolved_geography,No location evidence has been extracted yet for this recovered sample row.
PRJEB30282,Sus scrofa domesticus,pig,prjeb30282:samea5161100,SAMEA5161100,archive_project_sample_accession_anchor,archive_native,final,,,unresolved,unresolved,,,,,,,,tracked_source_artifact,,,,,,,,,unresolved_geography,No location evidence has been extracted yet for this recovered sample row.
PRJEB30282,Sus scrofa domesticus,pig,prjeb30282:samea5161101,SAMEA5161101,archive_project_sample_accession_anchor,archive_native,final,,,unresolved,unresolved,,,,,,,,tracked_source_artifact,,,,,,,,,unresolved_geography,No location evidence has been extracted yet for this recovered sample row.
PRJEB30282,Sus scrofa domesticus,pig,prjeb30282:samea5161102,SAMEA5161102,archive_project_sample_accession_anchor,archive_native,final,,,unresolved,unresolved,,,,,,,,tracked_source_artifact,,,,,,,,,unresolved_geography,No location evidence has been extracted yet for this recovered sample row.
PRJEB30282,Sus scrofa domesticus,pig,prjeb30282:samea5161103,SAMEA5161103,archive_project_sample_accession_anchor,archive_native,final,,,unresolved,unresolved,,,,,,,,tracked_source_artifact,,,,,,,,,unresolved_geography,No location evidence has been extracted yet for this recovered sample row.
PRJEB30282,Sus scrofa domesticus,pig,prjeb30282:samea5161104,SAMEA5161104,archive_project_sample_accession_anchor,archive_native,final,,,unresolved,unresolved,,,,,,,,tracked_source_artifact,,,,,,,,,unresolved_geography,No location evidence has been extracted yet for this recovered sample row.
PRJEB30282,Sus scrofa domesticus,pig,prjeb30282:samea5161105,SAMEA5161105,archive_project_sample_accession_anchor,archive_native,final,,,unresolved,unresolved,,,,,,,,tracked_source_artifact,,,,,,,,,unresolved_geography,No location evidence has been extracted yet for this recovered sample row.
PRJEB30282,Sus scrofa domesticus,pig,prjeb30282:samea5161106,SAMEA5161106,archive_project_sample_accession_anchor,archive_native,final,,,unresolved,unresolved,,,,,,,,tracked_source_artifact,,,,,,,,,unresolved_geography,No location evidence has been extracted yet for this recovered sample row.
PRJEB30282,Sus scrofa domesticus,pig,prjeb30282:samea5161107,SAMEA5161107,archive_project_sample_accession_anchor,archive_native,final,,,unresolved,unresolved,,,,,,,,tracked_source_artifact,,,,,,,,,unresolved_geography,No location evidence has been extracted yet for this recovered sample row.
PRJEB30282,Sus scrofa domesticus,pig,prjeb30282:samea5161108,SAMEA5161108,archive_project_sample_accession_anchor,archive_native,final,,,unresolved,unresolved,,,,,,,,tracked_source_artifact,,,,,,,,,unresolved_geography,No location evidence has been extracted yet for this recovered sample row.
PRJEB30282,Sus scrofa domesticus,pig,prjeb30282:samea5161109,SAMEA5161109,archive_project_sample_accession_anchor,archive_native,final,,,unresolved,unresolved,,,,,,,,tracked_source_artifact,,,,,,,,,unresolved_geography,No location evidence has been extracted yet for this recovered sample row.
PRJEB30282,Sus scrofa domesticus,pig,prjeb30282:samea5161110,SAMEA5161110,archive_project_sample_accession_anchor,archive_native,final,,,unresolved,unresolved,,,,,,,,tracked_source_artifact,,,,,,,,,unresolved_geography,No location evidence has been extracted yet for this recovered sample row.
PRJEB30282,Sus scrofa domesticus,pig,prjeb30282:samea5161111,SAMEA5161111,archive_project_sample_accession_anchor,archive_native,final,,,unresolved,unresolved,,,,,,,,tracked_source_artifact,,,,,,,,,unresolved_geography,No location evidence has been extracted yet for this recovered sample row.
PRJEB30282,Sus scrofa domesticus,pig,prjeb30282:samea5161112,SAMEA5161112,archive_project_sample_accession_anchor,archive_native,final,,,unresolved,unresolved,,,,,,,,tracked_source_artifact,,,,,,,,,unresolved_geography,No location evidence has been extracted yet for this recovered sample row.
PRJEB30282,Sus scrofa domesticus,pig,prjeb30282:samea5161113,SAMEA5161113,archive_project_sample_accession_anchor,archive_native,final,,,unresolved,unresolved,,,,,,,,tracked_source_artifact,,,,,,,,,unresolved_geography,No location evidence has been extracted yet for this recovered sample row.
PRJEB30282,Sus scrofa domesticus,pig,prjeb30282:samea5161114,SAMEA5161114,archive_project_sample_accession_anchor,archive_native,final,,,unresolved,unresolved,,,,,,,,tracked_source_artifact,,,,,,,,,unresolved_geography,No location evidence has been extracted yet for this recovered sample row.
PRJEB30282,Sus scrofa domesticus,pig,prjeb30282:samea5161115,SAMEA5161115,archive_project_sample_accession_anchor,archive_native,final,,,unresolved,unresolved,,,,,,,,tracked_source_artifact,,,,,,,,,unresolved_geography,No location evidence has been extracted yet for this recovered sample row.
PRJEB30282,Sus scrofa domesticus,pig,prjeb30282:samea5161116,SAMEA5161116,archive_project_sample_accession_anchor,archive_native,final,,,unresolved,unresolved,,,,,,,,tracked_source_artifact,,,,,,,,,unresolved_geography,No location evidence has been extracted yet for this recovered sample row.
PRJEB30282,Sus scrofa domesticus,pig,prjeb30282:samea5161117,SAMEA5161117,archive_project_sample_accession_anchor,archive_native,final,,,unresolved,unresolved,,,,,,,,tracked_source_artifact,,,,,,,,,unresolved_geography,No location evidence has been extracted yet for this recovered sample row.
PRJEB30282,Sus scrofa domesticus,pig,prjeb30282:samea5161118,SAMEA5161118,archive_project_sample_accession_anchor,archive_native,final,,,unresolved,unresolved,,,,,,,,tracked_source_artifact,,,,,,,,,unresolved_geography,No location evidence has been extracted yet for this recovered sample row.
PRJEB30282,Sus scrofa domesticus,pig,prjeb30282:samea5161119,SAMEA5161119,archive_project_sample_accession_anchor,archive_native,final,,,unresolved,unresolved,,,,,,,,tracked_source_artifact,,,,,,,,,unresolved_geography,No location evidence has been extracted yet for this recovered sample row.
PRJEB30282,Sus scrofa domesticus,pig,prjeb30282:samea5161120,SAMEA5161120,archive_project_sample_accession_anchor,archive_native,final,,,unresolved,unresolved,,,,,,,,tracked_source_artifact,,,,,,,,,unresolved_geography,No location evidence has been extracted yet for this recovered sample row.
PRJEB30282,Sus scrofa domesticus,pig,prjeb30282:samea5161121,SAMEA5161121,archive_project_sample_accession_anchor,archive_native,final,,,unresolved,unresolved,,,,,,,,tracked_source_artifact,,,,,,,,,unresolved_geography,No location evidence has been extracted yet for this recovered sample row.
PRJEB30282,Sus scrofa domesticus,pig,prjeb30282:samea5161122,SAMEA5161122,archive_project_sample_accession_anchor,archive_native,final,,,unresolved,unresolved,,,,,,,,tracked_source_artifact,,,,,,,,,unresolved_geography,No location evidence has been extracted yet for this recovered sample row.
PRJEB30282,Sus scrofa domesticus,pig,prjeb30282:samea5161123,SAMEA5161123,archive_project_sample_accession_anchor,archive_native,final,,,unresolved,unresolved,,,,,,,,tracked_source_artifact,,,,,,,,,unresolved_geography,No location evidence has been extracted yet for this recovered sample row.
PRJEB30282,Sus scrofa domesticus,pig,prjeb30282:samea5161124,SAMEA5161124,archive_project_sample_accession_anchor,archive_native,final,,,unresolved,unresolved,,,,,,,,tracked_source_artifact,,,,,,,,,unresolved_geography,No location evidence has been extracted yet for this recovered sample row.
PRJEB30282,Sus scrofa domesticus,pig,prjeb30282:samea5161125,SAMEA5161125,archive_project_sample_accession_anchor,archive_native,final,,,unresolved,unresolved,,,,,,,,tracked_source_artifact,,,,,,,,,unresolved_geography,No location evidence has been extracted yet for this recovered sample row.
PRJEB30282,Sus scrofa domesticus,pig,prjeb30282:samea5161126,SAMEA5161126,archive_project_sample_accession_anchor,archive_native,final,,,unresolved,unresolved,,,,,,,,tracked_source_artifact,,,,,,,,,unresolved_geography,No location evidence has been extracted yet for this recovered sample row.
PRJEB30282,Sus scrofa domesticus,pig,prjeb30282:samea5161127,SAMEA5161127,archive_project_sample_accession_anchor,archive_native,final,,,unresolved,unresolved,,,,,,,,tracked_source_artifact,,,,,,,,,unresolved_geography,No location evidence has been extracted yet for this recovered sample row.
PRJEB30282,Sus scrofa domesticus,pig,prjeb30282:samea5161128,SAMEA5161128,archive_project_sample_accession_anchor,archive_native,final,,,unresolved,unresolved,,,,,,,,tracked_source_artifact,,,,,,,,,unresolved_geography,No location evidence has been extracted yet for this recovered sample row.
PRJEB30282,Sus scrofa domesticus,pig,prjeb30282:samea5161129,SAMEA5161129,archive_project_sample_accession_anchor,archive_native,final,,,unresolved,unresolved,,,,,,,,tracked_source_artifact,,,,,,,,,unresolved_geography,No location evidence has been extracted yet for this recovered sample row.
PRJEB30282,Sus scrofa domesticus,pig,prjeb30282:samea5161130,SAMEA5161130,archive_project_sample_accession_anchor,archive_native,final,,,unresolved,unresolved,,,,,,,,tracked_source_artifact,,,,,,,,,unresolved_geography,No location evidence has been extracted yet for this recovered sample row.
PRJEB30282,Sus scrofa domesticus,pig,prjeb30282:samea5161131,SAMEA5161131,archive_project_sample_accession_anchor,archive_native,final,,,unresolved,unresolved,,,,,,,,tracked_source_artifact,,,,,,,,,unresolved_geography,No location evidence has been extracted yet for this recovered sample row.
PRJEB30282,Sus scrofa domesticus,pig,prjeb30282:samea5161132,SAMEA5161132,archive_project_sample_accession_anchor,archive_native,final,,,unresolved,unresolved,,,,,,,,tracked_source_artifact,,,,,,,,,unresolved_geography,No location evidence has been extracted yet for this recovered sample row.
PRJEB30282,Sus scrofa domesticus,pig,prjeb30282:samea5161133,SAMEA5161133,archive_project_sample_accession_anchor,archive_native,final,,,unresolved,unresolved,,,,,,,,tracked_source_artifact,,,,,,,,,unresolved_geography,No location evidence has been extracted yet for this recovered sample row.
PRJEB30282,Sus scrofa domesticus,pig,prjeb30282:samea5161134,SAMEA5161134,archive_project_sample_accession_anchor,archive_native,final,,,unresolved,unresolved,,,,,,,,tracked_source_artifact,,,,,,,,,unresolved_geography,No location evidence has been extracted yet for this recovered sample row.
PRJEB30282,Sus scrofa domesticus,pig,prjeb30282:samea5161135,SAMEA5161135,archive_project_sample_accession_anchor,archive_native,final,,,unresolved,unresolved,,,,,,,,tracked_source_artifact,,,,,,,,,unresolved_geography,No location evidence has been extracted yet for this recovered sample row.
PRJEB30282,Sus scrofa domesticus,pig,prjeb30282:samea5161136,SAMEA5161136,archive_project_sample_accession_anchor,archive_native,final,,,unresolved,unresolved,,,,,,,,tracked_source_artifact,,,,,,,,,unresolved_geography,No location evidence has been extracted yet for this recovered sample row.
PRJEB30282,Sus scrofa domesticus,pig,prjeb30282:samea5161137,SAMEA5161137,archive_project_sample_accession_anchor,archive_native,final,,,unresolved,unresolved,,,,,,,,tracked_source_artifact,,,,,,,,,unresolved_geography,No location evidence has been extracted yet for this recovered sample row.
PRJEB30282,Sus scrofa domesticus,pig,prjeb30282:samea5161138,SAMEA5161138,archive_project_sample_accession_anchor,archive_native,final,,,unresolved,unresolved,,,,,,,,tracked_source_artifact,,,,,,,,,unresolved_geography,No location evidence has been extracted yet for this recovered sample row.
PRJEB30282,Sus scrofa domesticus,pig,prjeb30282:samea5161139,SAMEA5161139,archive_project_sample_accession_anchor,archive_native,final,,,unresolved,unresolved,,,,,,,,tracked_source_artifact,,,,,,,,,unresolved_geography,No location evidence has been extracted yet for this recovered sample row.
PRJEB30282,Sus scrofa domesticus,pig,prjeb30282:samea5161140,SAMEA5161140,archive_project_sample_accession_anchor,archive_native,final,,,unresolved,unresolved,,,,,,,,tracked_source_artifact,,,,,,,,,unresolved_geography,No location evidence has been extracted yet for this recovered sample row.
PRJEB30282,Sus scrofa domesticus,pig,prjeb30282:samea5161141,SAMEA5161141,archive_project_sample_accession_anchor,archive_native,final,,,unresolved,unresolved,,,,,,,,tracked_source_artifact,,,,,,,,,unresolved_geography,No location evidence has been extracted yet for this recovered sample row.
PRJEB30282,Sus scrofa domesticus,pig,prjeb30282:samea5161142,SAMEA5161142,archive_project_sample_accession_anchor,archive_native,final,,,unresolved,unresolved,,,,,,,,tracked_source_artifact,,,,,,,,,unresolved_geography,No location evidence has been extracted yet for this recovered sample row.
PRJEB30282,Sus scrofa domesticus,pig,prjeb30282:samea5161143,SAMEA5161143,archive_project_sample_accession_anchor,archive_native,final,,,unresolved,unresolved,,,,,,,,tracked_source_artifact,,,,,,,,,unresolved_geography,No location evidence has been extracted yet for this recovered sample row.
PRJEB30282,Sus scrofa domesticus,pig,prjeb30282:samea5161144,SAMEA5161144,archive_project_sample_accession_anchor,archive_native,final,,,unresolved,unresolved,,,,,,,,tracked_source_artifact,,,,,,,,,unresolved_geography,No location evidence has been extracted yet for this recovered sample row.
PRJEB30282,Sus scrofa domesticus,pig,prjeb30282:samea5161145,SAMEA5161145,archive_project_sample_accession_anchor,archive_native,final,,,unresolved,unresolved,,,,,,,,tracked_source_artifact,,,,,,,,,unresolved_geography,No location evidence has been extracted yet for this recovered sample row.
PRJEB30282,Sus scrofa domesticus,pig,prjeb30282:samea5161146,SAMEA5161146,archive_project_sample_accession_anchor,archive_native,final,,,unresolved,unresolved,,,,,,,,tracked_source_artifact,,,,,,,,,unresolved_geography,No location evidence has been extracted yet for this recovered sample row.
PRJEB30282,Sus scrofa domesticus,pig,prjeb30282:samea5161147,SAMEA5161147,archive_project_sample_accession_anchor,archive_native,final,,,unresolved,unresolved,,,,,,,,tracked_source_artifact,,,,,,,,,unresolved_geography,No location evidence has been extracted yet for this recovered sample row.
PRJEB30282,Sus scrofa domesticus,pig,prjeb30282:samea5161148,SAMEA5161148,archive_project_sample_accession_anchor,archive_native,final,,,unresolved,unresolved,,,,,,,,tracked_source_artifact,,,,,,,,,unresolved_geography,No location evidence has been extracted yet for this recovered sample row.
PRJEB30282,Sus scrofa domesticus,pig,prjeb30282:samea5161149,SAMEA5161149,archive_project_sample_accession_anchor,archive_native,final,,,unresolved,unresolved,,,,,,,,tracked_source_artifact,,,,,,,,,unresolved_geography,No location evidence has been extracted yet for this recovered sample row.
PRJEB30282,Sus scrofa domesticus,pig,prjeb30282:samea5161150,SAMEA5161150,archive_project_sample_accession_anchor,archive_native,final,,,unresolved,unresolved,,,,,,,,tracked_source_artifact,,,,,,,,,unresolved_geography,No location evidence has been extracted yet for this recovered sample row.
PRJEB30282,Sus scrofa domesticus,pig,prjeb30282:samea5161151,SAMEA5161151,archive_project_sample_accession_anchor,archive_native,final,,,unresolved,unresolved,,,,,,,,tracked_source_artifact,,,,,,,,,unresolved_geography,No location evidence has been extracted yet for this recovered sample row.
PRJEB30282,Sus scrofa domesticus,pig,prjeb30282:samea5161152,SAMEA5161152,archive_project_sample_accession_anchor,archive_native,final,,,unresolved,unresolved,,,,,,,,tracked_source_artifact,,,,,,,,,unresolved_geography,No location evidence has been extracted yet for this recovered sample row.
PRJEB30282,Sus scrofa domesticus,pig,prjeb30282:samea5161153,SAMEA5161153,archive_project_sample_accession_anchor,archive_native,final,,,unresolved,unresolved,,,,,,,,tracked_source_artifact,,,,,,,,,unresolved_geography,No location evidence has been extracted yet for this recovered sample row.
PRJEB30282,Sus scrofa domesticus,pig,prjeb30282:samea5161154,SAMEA5161154,archive_project_sample_accession_anchor,archive_native,final,,,unresolved,unresolved,,,,,,,,tracked_source_artifact,,,,,,,,,unresolved_geography,No location evidence has been extracted yet for this recovered sample row.
PRJEB30282,Sus scrofa domesticus,pig,prjeb30282:samea5161155,SAMEA5161155,archive_project_sample_accession_anchor,archive_native,final,,,unresolved,unresolved,,,,,,,,tracked_source_artifact,,,,,,,,,unresolved_geography,No location evidence has been extracted yet for this recovered sample row.
PRJEB30282,Sus scrofa domesticus,pig,prjeb30282:samea5161156,SAMEA5161156,archive_project_sample_accession_anchor,archive_native,final,,,unresolved,unresolved,,,,,,,,tracked_source_artifact,,,,,,,,,unresolved_geography,No location evidence has been extracted yet for this recovered sample row.
PRJEB30282,Sus scrofa domesticus,pig,prjeb30282:samea5161157,SAMEA5161157,archive_project_sample_accession_anchor,archive_native,final,,,unresolved,unresolved,,,,,,,,tracked_source_artifact,,,,,,,,,unresolved_geography,No location evidence has been extracted yet for this recovered sample row.
PRJEB30282,Sus scrofa domesticus,pig,prjeb30282:samea5161158,SAMEA5161158,archive_project_sample_accession_anchor,archive_native,final,,,unresolved,unresolved,,,,,,,,tracked_source_artifact,,,,,,,,,unresolved_geography,No location evidence has been extracted yet for this recovered sample row.
PRJEB30282,Sus scrofa domesticus,pig,prjeb30282:samea5161159,SAMEA5161159,archive_project_sample_accession_anchor,archive_native,final,,,unresolved,unresolved,,,,,,,,tracked_source_artifact,,,,,,,,,unresolved_geography,No location evidence has been extracted yet for this recovered sample row.
PRJEB30282,Sus scrofa domesticus,pig,prjeb30282:samea5161160,SAMEA5161160,archive_project_sample_accession_anchor,archive_native,final,,,unresolved,unresolved,,,,,,,,tracked_source_artifact,,,,,,,,,unresolved_geography,No location evidence has been extracted yet for this recovered sample row.
PRJEB30282,Sus scrofa domesticus,pig,prjeb30282:samea5161161,SAMEA5161161,archive_project_sample_accession_anchor,archive_native,final,,,unresolved,unresolved,,,,,,,,tracked_source_artifact,,,,,,,,,unresolved_geography,No location evidence has been extracted yet for this recovered sample row.
PRJEB30282,Sus scrofa domesticus,pig,prjeb30282:samea5161162,SAMEA5161162,archive_project_sample_accession_anchor,archive_native,final,,,unresolved,unresolved,,,,,,,,tracked_source_artifact,,,,,,,,,unresolved_geography,No location evidence has been extracted yet for this recovered sample row.
PRJEB30282,Sus scrofa domesticus,pig,prjeb30282:samea5161163,SAMEA5161163,archive_project_sample_accession_anchor,archive_native,final,,,unresolved,unresolved,,,,,,,,tracked_source_artifact,,,,,,,,,unresolved_geography,No location evidence has been extracted yet for this recovered sample row.
PRJEB30282,Sus scrofa domesticus,pig,prjeb30282:samea5161164,SAMEA5161164,archive_project_sample_accession_anchor,archive_native,final,,,unresolved,unresolved,,,,,,,,tracked_source_artifact,,,,,,,,,unresolved_geography,No location evidence has been extracted yet for this recovered sample row.
PRJEB30282,Sus scrofa domesticus,pig,prjeb30282:samea5161165,SAMEA5161165,archive_project_sample_accession_anchor,archive_native,final,,,unresolved,unresolved,,,,,,,,tracked_source_artifact,,,,,,,,,unresolved_geography,No location evidence has been extracted yet for this recovered sample row.
PRJEB30282,Sus scrofa domesticus,pig,prjeb30282:samea5161166,SAMEA5161166,archive_project_sample_accession_anchor,archive_native,final,,,unresolved,unresolved,,,,,,,,tracked_source_artifact,,,,,,,,,unresolved_geography,No location evidence has been extracted yet for this recovered sample row.
PRJEB30282,Sus scrofa domesticus,pig,prjeb30282:samea5161167,SAMEA5161167,archive_project_sample_accession_anchor,archive_native,final,,,unresolved,unresolved,,,,,,,,tracked_source_artifact,,,,,,,,,unresolved_geography,No location evidence has been extracted yet for this recovered sample row.
PRJEB30282,Sus scrofa domesticus,pig,prjeb30282:samea5161169,SAMEA5161169,archive_project_sample_accession_anchor,archive_native,final,,,unresolved,unresolved,,,,,,,,tracked_source_artifact,,,,,,,,,unresolved_geography,No location evidence has been extracted yet for this recovered sample row.
PRJEB30282,Sus scrofa domesticus,pig,prjeb30282:samea5161170,SAMEA5161170,archive_project_sample_accession_anchor,archive_native,final,,,unresolved,unresolved,,,,,,,,tracked_source_artifact,,,,,,,,,unresolved_geography,No location evidence has been extracted yet for this recovered sample row.
PRJEB30282,Sus scrofa domesticus,pig,prjeb30282:samea5161171,SAMEA5161171,archive_project_sample_accession_anchor,archive_native,final,,,unresolved,unresolved,,,,,,,,tracked_source_artifact,,,,,,,,,unresolved_geography,No location evidence has been extracted yet for this recovered sample row.
PRJEB30282,Sus scrofa domesticus,pig,prjeb30282:samea5161172,SAMEA5161172,archive_project_sample_accession_anchor,archive_native,final,,,unresolved,unresolved,,,,,,,,tracked_source_artifact,,,,,,,,,unresolved_geography,No location evidence has been extracted yet for this recovered sample row.
PRJEB30282,Sus scrofa domesticus,pig,prjeb30282:samea5161173,SAMEA5161173,archive_project_sample_accession_anchor,archive_native,final,,,unresolved,unresolved,,,,,,,,tracked_source_artifact,,,,,,,,,unresolved_geography,No location evidence has been extracted yet for this recovered sample row.
PRJEB30282,Sus scrofa domesticus,pig,prjeb30282:samea5161174,SAMEA5161174,archive_project_sample_accession_anchor,archive_native,final,,,unresolved,unresolved,,,,,,,,tracked_source_artifact,,,,,,,,,unresolved_geography,No location evidence has been extracted yet for this recovered sample row.
PRJEB30282,Sus scrofa domesticus,pig,prjeb30282:samea5161175,SAMEA5161175,archive_project_sample_accession_anchor,archive_native,final,,,unresolved,unresolved,,,,,,,,tracked_source_artifact,,,,,,,,,unresolved_geography,No location evidence has been extracted yet for this recovered sample row.
PRJEB30282,Sus scrofa domesticus,pig,prjeb30282:samea5161176,SAMEA5161176,archive_project_sample_accession_anchor,archive_native,final,,,unresolved,unresolved,,,,,,,,tracked_source_artifact,,,,,,,,,unresolved_geography,No location evidence has been extracted yet for this recovered sample row.
PRJEB30282,Sus scrofa domesticus,pig,prjeb30282:samea5161177,SAMEA5161177,archive_project_sample_accession_anchor,archive_native,final,,,unresolved,unresolved,,,,,,,,tracked_source_artifact,,,,,,,,,unresolved_geography,No location evidence has been extracted yet for this recovered sample row.
PRJEB30282,Sus scrofa domesticus,pig,prjeb30282:samea5161178,SAMEA5161178,archive_project_sample_accession_anchor,archive_native,final,,,unresolved,unresolved,,,,,,,,tracked_source_artifact,,,,,,,,,unresolved_geography,No location evidence has been extracted yet for this recovered sample row.
PRJEB30282,Sus scrofa domesticus,pig,prjeb30282:samea5161179,SAMEA5161179,archive_project_sample_accession_anchor,archive_native,final,,,unresolved,unresolved,,,,,,,,tracked_source_artifact,,,,,,,,,unresolved_geography,No location evidence has been extracted yet for this recovered sample row.
PRJEB30282,Sus scrofa domesticus,pig,prjeb30282:samea5161187,SAMEA5161187,archive_project_sample_accession_anchor,archive_native,final,,,unresolved,unresolved,,,,,,,,tracked_source_artifact,,,,,,,,,unresolved_geography,No location evidence has been extracted yet for this recovered sample row.
PRJEB30282,Sus scrofa domesticus,pig,prjeb30282:samea5161188,SAMEA5161188,archive_project_sample_accession_anchor,archive_native,final,,,unresolved,unresolved,,,,,,,,tracked_source_artifact,,,,,,,,,unresolved_geography,No location evidence has been extracted yet for this recovered sample row.
PRJEB30282,Sus scrofa domesticus,pig,prjeb30282:samea5161189,SAMEA5161189,archive_project_sample_accession_anchor,archive_native,final,,,unresolved,unresolved,,,,,,,,tracked_source_artifact,,,,,,,,,unresolved_geography,No location evidence has been extracted yet for this recovered sample row.
PRJEB30282,Sus scrofa domesticus,pig,prjeb30282:samea5161191,SAMEA5161191,archive_project_sample_accession_anchor,archive_native,final,,,unresolved,unresolved,,,,,,,,tracked_source_artifact,,,,,,,,,unresolved_geography,No location evidence has been extracted yet for this recovered sample row.
PRJEB30282,Sus scrofa domesticus,pig,prjeb30282:samea5161192,SAMEA5161192,archive_project_sample_accession_anchor,archive_native,final,,,unresolved,unresolved,,,,,,,,tracked_source_artifact,,,,,,,,,unresolved_geography,No location evidence has been extracted yet for this recovered sample row.
PRJEB30282,Sus scrofa domesticus,pig,prjeb30282:samea5161194,SAMEA5161194,archive_project_sample_accession_anchor,archive_native,final,,,unresolved,unresolved,,,,,,,,tracked_source_artifact,,,,,,,,,unresolved_geography,No location evidence has been extracted yet for this recovered sample row.
PRJEB30282,Sus scrofa domesticus,pig,prjeb30282:samea5161197,SAMEA5161197,archive_project_sample_accession_anchor,archive_native,final,,,unresolved,unresolved,,,,,,,,tracked_source_artifact,,,,,,,,,unresolved_geography,No location evidence has been extracted yet for this recovered sample row.
PRJEB30282,Sus scrofa domesticus,pig,prjeb30282:samea5772905,SAMEA5772905,archive_project_sample_accession_anchor,archive_native,final,,,unresolved,unresolved,,,,,,,,tracked_source_artifact,,,,,,,,,unresolved_geography,No location evidence has been extracted yet for this recovered sample row.
PRJEB30282,Sus scrofa domesticus,pig,prjeb30282:samea5772906,SAMEA5772906,archive_project_sample_accession_anchor,archive_native,final,,,unresolved,unresolved,,,,,,,,tracked_source_artifact,,,,,,,,,unresolved_geography,No location evidence has been extracted yet for this recovered sample row.
PRJEB30282,Sus scrofa domesticus,pig,prjeb30282:samea5772907,SAMEA5772907,archive_project_sample_accession_anchor,archive_native,final,,,unresolved,unresolved,,,,,,,,tracked_source_artifact,,,,,,,,,unresolved_geography,No location evidence has been extracted yet for this recovered sample row.
PRJEB30282,Sus scrofa domesticus,pig,prjeb30282:samea5772908,SAMEA5772908,archive_project_sample_accession_anchor,archive_native,final,,,unresolved,unresolved,,,,,,,,tracked_source_artifact,,,,,,,,,unresolved_geography,No location evidence has been extracted yet for this recovered sample row.
PRJEB30282,Sus scrofa domesticus,pig,prjeb30282:samea5772909,SAMEA5772909,archive_project_sample_accession_anchor,archive_native,final,,,unresolved,unresolved,,,,,,,,tracked_source_artifact,,,,,,,,,unresolved_geography,No location evidence has been extracted yet for this recovered sample row.
PRJEB30282,Sus scrofa domesticus,pig,prjeb30282:samea5772910,SAMEA5772910,archive_project_sample_accession_anchor,archive_native,final,,,unresolved,unresolved,,,,,,,,tracked_source_artifact,,,,,,,,,unresolved_geography,No location evidence has been extracted yet for this recovered sample row.
PRJEB30282,Sus scrofa domesticus,pig,prjeb30282:samea5772911,SAMEA5772911,archive_project_sample_accession_anchor,archive_native,final,,,unresolved,unresolved,,,,,,,,tracked_source_artifact,,,,,,,,,unresolved_geography,No location evidence has been extracted yet for this recovered sample row.
PRJEB30282,Sus scrofa domesticus,pig,prjeb30282:samea5772912,SAMEA5772912,archive_project_sample_accession_anchor,archive_native,final,,,unresolved,unresolved,,,,,,,,tracked_source_artifact,,,,,,,,,unresolved_geography,No location evidence has been extracted yet for this recovered sample row.
PRJEB30282,Sus scrofa domesticus,pig,prjeb30282:samea5772913,SAMEA5772913,archive_project_sample_accession_anchor,archive_native,final,,,unresolved,unresolved,,,,,,,,tracked_source_artifact,,,,,,,,,unresolved_geography,No location evidence has been extracted yet for this recovered sample row.
PRJEB30282,Sus scrofa domesticus,pig,prjeb30282:samea5772914,SAMEA5772914,archive_project_sample_accession_anchor,archive_native,final,,,unresolved,unresolved,,,,,,,,tracked_source_artifact,,,,,,,,,unresolved_geography,No location evidence has been extracted yet for this recovered sample row.
PRJEB30282,Sus scrofa domesticus,pig,prjeb30282:samea5772915,SAMEA5772915,archive_project_sample_accession_anchor,archive_native,final,,,unresolved,unresolved,,,,,,,,tracked_source_artifact,,,,,,,,,unresolved_geography,No location evidence has been extracted yet for this recovered sample row.
PRJEB30282,Sus scrofa domesticus,pig,prjeb30282:samea5772916,SAMEA5772916,archive_project_sample_accession_anchor,archive_native,final,,,unresolved,unresolved,,,,,,,,tracked_source_artifact,,,,,,,,,unresolved_geography,No location evidence has been extracted yet for this recovered sample row.
PRJEB30282,Sus scrofa domesticus,pig,prjeb30282:samea5772917,SAMEA5772917,archive_project_sample_accession_anchor,archive_native,final,,,unresolved,unresolved,,,,,,,,tracked_source_artifact,,,,,,,,,unresolved_geography,No location evidence has been extracted yet for this recovered sample row.
PRJEB30282,Sus scrofa domesticus,pig,prjeb30282:samea5772918,SAMEA5772918,archive_project_sample_accession_anchor,archive_native,final,,,unresolved,unresolved,,,,,,,,tracked_source_artifact,,,,,,,,,unresolved_geography,No location evidence has been extracted yet for this recovered sample row.
PRJEB30282,Sus scrofa domesticus,pig,prjeb30282:samea5772919,SAMEA5772919,archive_project_sample_accession_anchor,archive_native,final,,,unresolved,unresolved,,,,,,,,tracked_source_artifact,,,,,,,,,unresolved_geography,No location evidence has been extracted yet for this recovered sample row.
PRJEB30282,Sus scrofa domesticus,pig,prjeb30282:samea5772920,SAMEA5772920,archive_project_sample_accession_anchor,archive_native,final,,,unresolved,unresolved,,,,,,,,tracked_source_artifact,,,,,,,,,unresolved_geography,No location evidence has been extracted yet for this recovered sample row.
PRJEB30282,Sus scrofa domesticus,pig,prjeb30282:samea5772921,SAMEA5772921,archive_project_sample_accession_anchor,archive_native,final,,,unresolved,unresolved,,,,,,,,tracked_source_artifact,,,,,,,,,unresolved_geography,No location evidence has been extracted yet for this recovered sample row.
PRJEB30282,Sus scrofa domesticus,pig,prjeb30282:samea5772922,SAMEA5772922,archive_project_sample_accession_anchor,archive_native,final,,,unresolved,unresolved,,,,,,,,tracked_source_artifact,,,,,,,,,unresolved_geography,No location evidence has been extracted yet for this recovered sample row.
PRJEB30282,Sus scrofa domesticus,pig,prjeb30282:samea5772923,SAMEA5772923,archive_project_sample_accession_anchor,archive_native,final,,,unresolved,unresolved,,,,,,,,tracked_source_artifact,,,,,,,,,unresolved_geography,No location evidence has been extracted yet for this recovered sample row.
PRJEB30282,Sus scrofa domesticus,pig,prjeb30282:samea5772924,SAMEA5772924,archive_project_sample_accession_anchor,archive_native,final,,,unresolved,unresolved,,,,,,,,tracked_source_artifact,,,,,,,,,unresolved_geography,No location evidence has been extracted yet for this recovered sample row.
PRJEB30282,Sus scrofa domesticus,pig,prjeb30282:samea5772925,SAMEA5772925,archive_project_sample_accession_anchor,archive_native,final,,,unresolved,unresolved,,,,,,,,tracked_source_artifact,,,,,,,,,unresolved_geography,No location evidence has been extracted yet for this recovered sample row.
PRJEB30282,Sus scrofa domesticus,pig,prjeb30282:samea5772926,SAMEA5772926,archive_project_sample_accession_anchor,archive_native,final,,,unresolved,unresolved,,,,,,,,tracked_source_artifact,,,,,,,,,unresolved_geography,No location evidence has been extracted yet for this recovered sample row.
PRJEB30282,Sus scrofa domesticus,pig,prjeb30282:samea5772927,SAMEA5772927,archive_project_sample_accession_anchor,archive_native,final,,,unresolved,unresolved,,,,,,,,tracked_source_artifact,,,,,,,,,unresolved_geography,No location evidence has been extracted yet for this recovered sample row.
