{
  "type": "FeatureCollection",
  "schema_version": "sweden-lake-candidate-registry.v1",
  "generated_on": "2026-08-01",
  "source": "SMHI SVAR",
  "source_snapshot": "sweden_lake_registry.geojson",
  "selection": {
    "pollen_match_distance_km": 2.5,
    "rule": "retain the nearest official SVAR lake to each governed pollen point within 2.5 km, plus exact named-target registry matches",
    "pollen_point_count": 297,
    "candidate_count": 99
  },
  "features": [
    {
      "type": "Feature",
      "geometry": {
        "type": "Point",
        "coordinates": [
          19.153708,
          68.331792
        ]
      },
      "properties": {
        "source": "SMHI SVAR",
        "layer_key": "svar-lakes",
        "layer_label": "SMHI SVAR lake registry",
        "category": "Lake registry",
        "country": "SE",
        "record_id": "758597-163802",
        "name": "1000_Namnlos_(19.15,68.33)",
        "register_name": "",
        "water_name": "",
        "fallback_name": "1000_Namnlos_(19.15,68.33)",
        "sjoid": "758597-163802",
        "sj_uuid": "4CDB142A-DF26-4FB8-ABEB-410816141673",
        "sj_vatten_id": "WA65699970",
        "district": "SE1TO",
        "water_surface_elevation_m": 381.0,
        "area_km2": 0.051449,
        "lake_name_status": "fallback_waterwebb_label",
        "source_url": "https://vattenwebb.smhi.se/svarwebb/?sjoid=758597-163802",
        "geometry_type": "Polygon",
        "candidate_selection_reasons": [
          "direct_pollen_proximity"
        ],
        "matched_pollen_records": [
          "landclim-sites:897303:Vuoskkujavri:68.333333:19.150000",
          "landclim-sites:900966:GC32:Vuoskkujavri",
          "landclim-sites:937075:VOUS"
        ],
        "nearest_pollen_distance_km": 0.2292,
        "source_geometry_type": "Polygon",
        "representative_point_method": "official_geometry_representative_point",
        "sampling_area_screen": "compact_lake_review",
        "sampling_readiness_posture": "site_review_required",
        "sampling_known_inputs": [
          "official lake identity",
          "official geometry-derived location",
          "mapped water-surface area"
        ],
        "sampling_missing_inputs": [
          "bathymetry and basin depth",
          "sediment preservation and prior coring history",
          "shore access and landowner contact",
          "permit requirements",
          "field hazards and logistics"
        ],
        "temporal_posture": "current_hydrographic_identity_only"
      }
    },
    {
      "type": "Feature",
      "geometry": {
        "type": "Point",
        "coordinates": [
          21.02383,
          67.633518
        ]
      },
      "properties": {
        "source": "SMHI SVAR",
        "layer_key": "svar-lakes",
        "layer_label": "SMHI SVAR lake registry",
        "category": "Lake registry",
        "country": "SE",
        "record_id": "751371-172150",
        "name": "1000_Namnlos_(21.02,67.63)",
        "register_name": "",
        "water_name": "",
        "fallback_name": "1000_Namnlos_(21.02,67.63)",
        "sjoid": "751371-172150",
        "sj_uuid": "EE70B669-E568-494A-B83D-68281CCE9C3E",
        "sj_vatten_id": "WA19855666",
        "district": "SE1TO",
        "water_surface_elevation_m": 291.6,
        "area_km2": 0.264052,
        "lake_name_status": "fallback_waterwebb_label",
        "source_url": "https://vattenwebb.smhi.se/svarwebb/?sjoid=751371-172150",
        "geometry_type": "Polygon",
        "candidate_selection_reasons": [
          "direct_pollen_proximity"
        ],
        "matched_pollen_records": [
          "landclim-sites:897303:Leve\u00e4niemi:67.633333:21.016667",
          "landclim-sites:937075:LEV"
        ],
        "nearest_pollen_distance_km": 0.3038,
        "source_geometry_type": "Polygon",
        "representative_point_method": "official_geometry_representative_point",
        "sampling_area_screen": "lake_area_screen_complete",
        "sampling_readiness_posture": "site_review_required",
        "sampling_known_inputs": [
          "official lake identity",
          "official geometry-derived location",
          "mapped water-surface area"
        ],
        "sampling_missing_inputs": [
          "bathymetry and basin depth",
          "sediment preservation and prior coring history",
          "shore access and landowner contact",
          "permit requirements",
          "field hazards and logistics"
        ],
        "temporal_posture": "current_hydrographic_identity_only"
      }
    },
    {
      "type": "Feature",
      "geometry": {
        "type": "Point",
        "coordinates": [
          12.15492,
          62.561209
        ]
      },
      "properties": {
        "source": "SMHI SVAR",
        "layer_key": "svar-lakes",
        "layer_label": "SMHI SVAR lake registry",
        "category": "Lake registry",
        "country": "SE",
        "record_id": "694423-131210",
        "name": "113000_Namnlos_(12.16,62.56)",
        "register_name": "",
        "water_name": "",
        "fallback_name": "113000_Namnlos_(12.16,62.56)",
        "sjoid": "694423-131210",
        "sj_uuid": "A49353F6-13F7-410C-A48E-2E94E1CC1057",
        "sj_vatten_id": "WA93509393",
        "district": "SE5101",
        "water_surface_elevation_m": 1035.3,
        "area_km2": 0.055296,
        "lake_name_status": "fallback_waterwebb_label",
        "source_url": "https://vattenwebb.smhi.se/svarwebb/?sjoid=694423-131210",
        "geometry_type": "Polygon",
        "candidate_selection_reasons": [
          "direct_pollen_proximity"
        ],
        "matched_pollen_records": [
          "landclim-sites:897303:Fj\u00e4llnas:62.550000:12.166667",
          "landclim-sites:937075:FJALL"
        ],
        "nearest_pollen_distance_km": 1.3842,
        "source_geometry_type": "Polygon",
        "representative_point_method": "official_geometry_representative_point",
        "sampling_area_screen": "compact_lake_review",
        "sampling_readiness_posture": "site_review_required",
        "sampling_known_inputs": [
          "official lake identity",
          "official geometry-derived location",
          "mapped water-surface area"
        ],
        "sampling_missing_inputs": [
          "bathymetry and basin depth",
          "sediment preservation and prior coring history",
          "shore access and landowner contact",
          "permit requirements",
          "field hazards and logistics"
        ],
        "temporal_posture": "current_hydrographic_identity_only"
      }
    },
    {
      "type": "Feature",
      "geometry": {
        "type": "Point",
        "coordinates": [
          16.420986,
          56.332978
        ]
      },
      "properties": {
        "source": "SMHI SVAR",
        "layer_key": "svar-lakes",
        "layer_label": "SMHI SVAR lake registry",
        "category": "Lake registry",
        "country": "SE",
        "record_id": "624531-153808",
        "name": "119000_Namnlos_(16.42,56.33)",
        "register_name": "",
        "water_name": "",
        "fallback_name": "119000_Namnlos_(16.42,56.33)",
        "sjoid": "624531-153808",
        "sj_uuid": "7B2BE2B7-D3CB-4319-B67B-A28F1271CE99",
        "sj_vatten_id": "WA51615167",
        "district": "SE4",
        "water_surface_elevation_m": 22.2,
        "area_km2": 0.058165,
        "lake_name_status": "fallback_waterwebb_label",
        "source_url": "https://vattenwebb.smhi.se/svarwebb/?sjoid=624531-153808",
        "geometry_type": "Polygon",
        "candidate_selection_reasons": [
          "direct_pollen_proximity"
        ],
        "matched_pollen_records": [
          "landclim-sites:937075:STORM"
        ],
        "nearest_pollen_distance_km": 2.473,
        "source_geometry_type": "Polygon",
        "representative_point_method": "official_geometry_representative_point",
        "sampling_area_screen": "compact_lake_review",
        "sampling_readiness_posture": "site_review_required",
        "sampling_known_inputs": [
          "official lake identity",
          "official geometry-derived location",
          "mapped water-surface area"
        ],
        "sampling_missing_inputs": [
          "bathymetry and basin depth",
          "sediment preservation and prior coring history",
          "shore access and landowner contact",
          "permit requirements",
          "field hazards and logistics"
        ],
        "temporal_posture": "current_hydrographic_identity_only"
      }
    },
    {
      "type": "Feature",
      "geometry": {
        "type": "Point",
        "coordinates": [
          12.239121,
          63.099485
        ]
      },
      "properties": {
        "source": "SMHI SVAR",
        "layer_key": "svar-lakes",
        "layer_label": "SMHI SVAR lake registry",
        "category": "Lake registry",
        "country": "SE",
        "record_id": "700370-132007",
        "name": "40000_Namnlos_(12.24,63.1)",
        "register_name": "",
        "water_name": "",
        "fallback_name": "40000_Namnlos_(12.24,63.1)",
        "sjoid": "700370-132007",
        "sj_uuid": "B906B15D-44CC-499A-801D-D232E8B61484",
        "sj_vatten_id": "WA34241850",
        "district": "SE2",
        "water_surface_elevation_m": 989.3,
        "area_km2": 0.095395,
        "lake_name_status": "fallback_waterwebb_label",
        "source_url": "https://vattenwebb.smhi.se/svarwebb/?sjoid=700370-132007",
        "geometry_type": "Polygon",
        "candidate_selection_reasons": [
          "direct_pollen_proximity"
        ],
        "matched_pollen_records": [
          "neotoma-pollen:28855",
          "landclim-sites:900966:GC31:Stentj\u00e4rn",
          "landclim-sites:937075:STEN"
        ],
        "nearest_pollen_distance_km": 0.1529,
        "source_geometry_type": "Polygon",
        "representative_point_method": "official_geometry_representative_point",
        "sampling_area_screen": "compact_lake_review",
        "sampling_readiness_posture": "site_review_required",
        "sampling_known_inputs": [
          "official lake identity",
          "official geometry-derived location",
          "mapped water-surface area"
        ],
        "sampling_missing_inputs": [
          "bathymetry and basin depth",
          "sediment preservation and prior coring history",
          "shore access and landowner contact",
          "permit requirements",
          "field hazards and logistics"
        ],
        "temporal_posture": "current_hydrographic_identity_only"
      }
    },
    {
      "type": "Feature",
      "geometry": {
        "type": "Point",
        "coordinates": [
          12.101185,
          62.62568
        ]
      },
      "properties": {
        "source": "SMHI SVAR",
        "layer_key": "svar-lakes",
        "layer_label": "SMHI SVAR lake registry",
        "category": "Lake registry",
        "country": "SE",
        "record_id": "695123-131017",
        "name": "48000_Namnlos_(12.1,62.63)",
        "register_name": "",
        "water_name": "",
        "fallback_name": "48000_Namnlos_(12.1,62.63)",
        "sjoid": "695123-131017",
        "sj_uuid": "D3AD4412-657A-49C8-8130-2FDDFBE33166",
        "sj_vatten_id": "WA81196742",
        "district": "SE2",
        "water_surface_elevation_m": 833.6,
        "area_km2": 0.07399,
        "lake_name_status": "fallback_waterwebb_label",
        "source_url": "https://vattenwebb.smhi.se/svarwebb/?sjoid=695123-131017",
        "geometry_type": "Polygon",
        "candidate_selection_reasons": [
          "direct_pollen_proximity"
        ],
        "matched_pollen_records": [
          "neotoma-pollen:3105"
        ],
        "nearest_pollen_distance_km": 1.9946,
        "source_geometry_type": "Polygon",
        "representative_point_method": "official_geometry_representative_point",
        "sampling_area_screen": "compact_lake_review",
        "sampling_readiness_posture": "site_review_required",
        "sampling_known_inputs": [
          "official lake identity",
          "official geometry-derived location",
          "mapped water-surface area"
        ],
        "sampling_missing_inputs": [
          "bathymetry and basin depth",
          "sediment preservation and prior coring history",
          "shore access and landowner contact",
          "permit requirements",
          "field hazards and logistics"
        ],
        "temporal_posture": "current_hydrographic_identity_only"
      }
    },
    {
      "type": "Feature",
      "geometry": {
        "type": "Point",
        "coordinates": [
          15.98105,
          56.940826
        ]
      },
      "properties": {
        "source": "SMHI SVAR",
        "layer_key": "svar-lakes",
        "layer_label": "SMHI SVAR lake registry",
        "category": "Lake registry",
        "country": "SE",
        "record_id": "631290-151113",
        "name": "75000_Namnlos_(15.98,56.94)",
        "register_name": "",
        "water_name": "",
        "fallback_name": "75000_Namnlos_(15.98,56.94)",
        "sjoid": "631290-151113",
        "sj_uuid": "553E14E0-1AC2-4786-8B12-72DBD3CAFAD8",
        "sj_vatten_id": "WA68680488",
        "district": "SE4",
        "water_surface_elevation_m": 88.0,
        "area_km2": 0.141776,
        "lake_name_status": "fallback_waterwebb_label",
        "source_url": "https://vattenwebb.smhi.se/svarwebb/?sjoid=631290-151113",
        "geometry_type": "Polygon",
        "candidate_selection_reasons": [
          "direct_pollen_proximity"
        ],
        "matched_pollen_records": [
          "landclim-sites:897303:Eken\u00e4s:56.950000:16.016667",
          "landclim-sites:937075:EKE"
        ],
        "nearest_pollen_distance_km": 2.3889,
        "source_geometry_type": "Polygon",
        "representative_point_method": "official_geometry_representative_point",
        "sampling_area_screen": "compact_lake_review",
        "sampling_readiness_posture": "site_review_required",
        "sampling_known_inputs": [
          "official lake identity",
          "official geometry-derived location",
          "mapped water-surface area"
        ],
        "sampling_missing_inputs": [
          "bathymetry and basin depth",
          "sediment preservation and prior coring history",
          "shore access and landowner contact",
          "permit requirements",
          "field hazards and logistics"
        ],
        "temporal_posture": "current_hydrographic_identity_only"
      }
    },
    {
      "type": "Feature",
      "geometry": {
        "type": "Point",
        "coordinates": [
          13.247774,
          56.018213
        ]
      },
      "properties": {
        "source": "SMHI SVAR",
        "layer_key": "svar-lakes",
        "layer_label": "SMHI SVAR lake registry",
        "category": "Lake registry",
        "country": "SE",
        "record_id": "621279-134027",
        "name": "96000_Namnlos_(13.25,56.02)",
        "register_name": "",
        "water_name": "",
        "fallback_name": "96000_Namnlos_(13.25,56.02)",
        "sjoid": "621279-134027",
        "sj_uuid": "00F7D41A-C08A-4616-A08B-1C7B5FC46B38",
        "sj_vatten_id": "WA86301285",
        "district": "SE5",
        "water_surface_elevation_m": 136.2,
        "area_km2": 0.018032,
        "lake_name_status": "fallback_waterwebb_label",
        "source_url": "https://vattenwebb.smhi.se/svarwebb/?sjoid=621279-134027",
        "geometry_type": "Polygon",
        "candidate_selection_reasons": [
          "direct_pollen_proximity"
        ],
        "matched_pollen_records": [
          "neotoma-pollen:3326"
        ],
        "nearest_pollen_distance_km": 2.3498,
        "source_geometry_type": "Polygon",
        "representative_point_method": "official_geometry_representative_point",
        "sampling_area_screen": "micro_basin_review",
        "sampling_readiness_posture": "site_review_required",
        "sampling_known_inputs": [
          "official lake identity",
          "official geometry-derived location",
          "mapped water-surface area"
        ],
        "sampling_missing_inputs": [
          "bathymetry and basin depth",
          "sediment preservation and prior coring history",
          "shore access and landowner contact",
          "permit requirements",
          "field hazards and logistics"
        ],
        "temporal_posture": "current_hydrographic_identity_only"
      }
    },
    {
      "type": "Feature",
      "geometry": {
        "type": "Point",
        "coordinates": [
          13.414666,
          55.914262
        ]
      },
      "properties": {
        "source": "SMHI SVAR",
        "layer_key": "svar-lakes",
        "layer_label": "SMHI SVAR lake registry",
        "category": "Lake registry",
        "country": "SE",
        "record_id": "620110-135031",
        "name": "96000_Namnlos_(13.41,55.91)",
        "register_name": "",
        "water_name": "",
        "fallback_name": "96000_Namnlos_(13.41,55.91)",
        "sjoid": "620110-135031",
        "sj_uuid": "35774BD3-CE82-4CA4-B1EA-F5C6A217B291",
        "sj_vatten_id": "WA14472611",
        "district": "SE5",
        "water_surface_elevation_m": 54.1,
        "area_km2": 0.07466,
        "lake_name_status": "fallback_waterwebb_label",
        "source_url": "https://vattenwebb.smhi.se/svarwebb/?sjoid=620110-135031",
        "geometry_type": "Polygon",
        "candidate_selection_reasons": [
          "direct_pollen_proximity"
        ],
        "matched_pollen_records": [
          "neotoma-pollen:25895"
        ],
        "nearest_pollen_distance_km": 0.793,
        "source_geometry_type": "Polygon",
        "representative_point_method": "official_geometry_representative_point",
        "sampling_area_screen": "compact_lake_review",
        "sampling_readiness_posture": "site_review_required",
        "sampling_known_inputs": [
          "official lake identity",
          "official geometry-derived location",
          "mapped water-surface area"
        ],
        "sampling_missing_inputs": [
          "bathymetry and basin depth",
          "sediment preservation and prior coring history",
          "shore access and landowner contact",
          "permit requirements",
          "field hazards and logistics"
        ],
        "temporal_posture": "current_hydrographic_identity_only"
      }
    },
    {
      "type": "Feature",
      "geometry": {
        "type": "Point",
        "coordinates": [
          13.402219,
          55.926527
        ]
      },
      "properties": {
        "source": "SMHI SVAR",
        "layer_key": "svar-lakes",
        "layer_label": "SMHI SVAR lake registry",
        "category": "Lake registry",
        "country": "SE",
        "record_id": "620236-134980",
        "name": "96000_Namnlos_(13.4,55.93)",
        "register_name": "",
        "water_name": "",
        "fallback_name": "96000_Namnlos_(13.4,55.93)",
        "sjoid": "620236-134980",
        "sj_uuid": "F3B29633-43E3-4DBB-B6F3-15798228AD3A",
        "sj_vatten_id": "WA18233328",
        "district": "SE5",
        "water_surface_elevation_m": 54.0,
        "area_km2": 0.001986,
        "lake_name_status": "fallback_waterwebb_label",
        "source_url": "https://vattenwebb.smhi.se/svarwebb/?sjoid=620236-134980",
        "geometry_type": "Polygon",
        "candidate_selection_reasons": [
          "direct_pollen_proximity"
        ],
        "matched_pollen_records": [
          "neotoma-pollen:12"
        ],
        "nearest_pollen_distance_km": 1.8189,
        "source_geometry_type": "Polygon",
        "representative_point_method": "official_geometry_representative_point",
        "sampling_area_screen": "micro_basin_review",
        "sampling_readiness_posture": "site_review_required",
        "sampling_known_inputs": [
          "official lake identity",
          "official geometry-derived location",
          "mapped water-surface area"
        ],
        "sampling_missing_inputs": [
          "bathymetry and basin depth",
          "sediment preservation and prior coring history",
          "shore access and landowner contact",
          "permit requirements",
          "field hazards and logistics"
        ],
        "temporal_posture": "current_hydrographic_identity_only"
      }
    },
    {
      "type": "Feature",
      "geometry": {
        "type": "Point",
        "coordinates": [
          14.482671,
          57.085667
        ]
      },
      "properties": {
        "source": "SMHI SVAR",
        "layer_key": "svar-lakes",
        "layer_label": "SMHI SVAR lake registry",
        "category": "Lake registry",
        "country": "SE",
        "record_id": "632901-141943",
        "name": "\u00c5bodasj\u00f6n",
        "register_name": "",
        "water_name": "\u00c5bodasj\u00f6n",
        "fallback_name": "98000_\u00c5bodasj\u00f6n_(14.48,57.09)",
        "sjoid": "632901-141943",
        "sj_uuid": "9655918C-AA58-41EB-B021-41944FB055BF",
        "sj_vatten_id": "WA30040658",
        "district": "SE5",
        "water_surface_elevation_m": 221.1,
        "area_km2": 0.545153,
        "lake_name_status": "water_surface_name",
        "source_url": "https://vattenwebb.smhi.se/svarwebb/?sjoid=632901-141943",
        "geometry_type": "Polygon",
        "candidate_selection_reasons": [
          "direct_pollen_proximity"
        ],
        "matched_pollen_records": [
          "landclim-sites:937075:\u00c5bodasj\u00f6n",
          "landclim-sites:897303:\u00c5bodasj\u00f6n:57.085556:14.478611",
          "landclim-sites:900966:GC21:\u00c5bodasj\u00f6n"
        ],
        "nearest_pollen_distance_km": 0.2401,
        "source_geometry_type": "Polygon",
        "representative_point_method": "official_geometry_representative_point",
        "sampling_area_screen": "lake_area_screen_complete",
        "sampling_readiness_posture": "site_review_required",
        "sampling_known_inputs": [
          "official lake identity",
          "official geometry-derived location",
          "mapped water-surface area"
        ],
        "sampling_missing_inputs": [
          "bathymetry and basin depth",
          "sediment preservation and prior coring history",
          "shore access and landowner contact",
          "permit requirements",
          "field hazards and logistics"
        ],
        "temporal_posture": "current_hydrographic_identity_only"
      }
    },
    {
      "type": "Feature",
      "geometry": {
        "type": "Point",
        "coordinates": [
          20.460529,
          67.965247
        ]
      },
      "properties": {
        "source": "SMHI SVAR",
        "layer_key": "svar-lakes",
        "layer_label": "SMHI SVAR lake registry",
        "category": "Lake registry",
        "country": "SE",
        "record_id": "754911-169479",
        "name": "Alanen Laanij\u00e4rvi",
        "register_name": "",
        "water_name": "Alanen Laanij\u00e4rvi",
        "fallback_name": "1000_Alanen Laanij\u00e4rvi_(20.46,67.97)",
        "sjoid": "754911-169479",
        "sj_uuid": "D9210EAB-B283-4D88-BE8A-8FB2466300EA",
        "sj_vatten_id": "WA89008659",
        "district": "SE1TO",
        "water_surface_elevation_m": 360.5,
        "area_km2": 0.099261,
        "lake_name_status": "water_surface_name",
        "source_url": "https://vattenwebb.smhi.se/svarwebb/?sjoid=754911-169479",
        "geometry_type": "Polygon",
        "candidate_selection_reasons": [
          "direct_pollen_proximity"
        ],
        "matched_pollen_records": [
          "neotoma-pollen:26119",
          "landclim-sites:897303:Alanen Laanijarvi:67.966667:20.450000",
          "landclim-sites:937075:ALAN"
        ],
        "nearest_pollen_distance_km": 0.0965,
        "source_geometry_type": "Polygon",
        "representative_point_method": "official_geometry_representative_point",
        "sampling_area_screen": "compact_lake_review",
        "sampling_readiness_posture": "site_review_required",
        "sampling_known_inputs": [
          "official lake identity",
          "official geometry-derived location",
          "mapped water-surface area"
        ],
        "sampling_missing_inputs": [
          "bathymetry and basin depth",
          "sediment preservation and prior coring history",
          "shore access and landowner contact",
          "permit requirements",
          "field hazards and logistics"
        ],
        "temporal_posture": "current_hydrographic_identity_only"
      }
    },
    {
      "type": "Feature",
      "geometry": {
        "type": "Point",
        "coordinates": [
          15.949587,
          57.113162
        ]
      },
      "properties": {
        "source": "SMHI SVAR",
        "layer_key": "svar-lakes",
        "layer_label": "SMHI SVAR lake registry",
        "category": "Lake registry",
        "country": "SE",
        "record_id": "633199-150916",
        "name": "Arvesj\u00f6n",
        "register_name": "",
        "water_name": "Arvesj\u00f6n",
        "fallback_name": "75000_Arvesj\u00f6n_(15.95,57.11)",
        "sjoid": "633199-150916",
        "sj_uuid": "C53548F3-BBD3-41C1-B6CF-1542E05491F9",
        "sj_vatten_id": "WA66938303",
        "district": "SE4",
        "water_surface_elevation_m": 120.2,
        "area_km2": 0.573322,
        "lake_name_status": "water_surface_name",
        "source_url": "https://vattenwebb.smhi.se/svarwebb/?sjoid=633199-150916",
        "geometry_type": "Polygon",
        "candidate_selection_reasons": [
          "direct_pollen_proximity"
        ],
        "matched_pollen_records": [
          "neotoma-pollen:3493"
        ],
        "nearest_pollen_distance_km": 2.3943,
        "source_geometry_type": "Polygon",
        "representative_point_method": "official_geometry_representative_point",
        "sampling_area_screen": "lake_area_screen_complete",
        "sampling_readiness_posture": "site_review_required",
        "sampling_known_inputs": [
          "official lake identity",
          "official geometry-derived location",
          "mapped water-surface area"
        ],
        "sampling_missing_inputs": [
          "bathymetry and basin depth",
          "sediment preservation and prior coring history",
          "shore access and landowner contact",
          "permit requirements",
          "field hazards and logistics"
        ],
        "temporal_posture": "current_hydrographic_identity_only"
      }
    },
    {
      "type": "Feature",
      "geometry": {
        "type": "Point",
        "coordinates": [
          14.764975,
          56.774685
        ]
      },
      "properties": {
        "source": "SMHI SVAR",
        "layer_key": "svar-lakes",
        "layer_label": "SMHI SVAR lake registry",
        "category": "Lake registry",
        "country": "SE",
        "record_id": "629464-143621",
        "name": "Barnsj\u00f6n",
        "register_name": "",
        "water_name": "Barnsj\u00f6n",
        "fallback_name": "86000_Barnsj\u00f6n_(14.76,56.77)",
        "sjoid": "629464-143621",
        "sj_uuid": "EA0F0049-BAC4-454C-B449-DFC7F7DD8B4E",
        "sj_vatten_id": "WA30786609",
        "district": "SE4",
        "water_surface_elevation_m": 162.0,
        "area_km2": 0.053528,
        "lake_name_status": "water_surface_name",
        "source_url": "https://vattenwebb.smhi.se/svarwebb/?sjoid=629464-143621",
        "geometry_type": "Polygon",
        "candidate_selection_reasons": [
          "direct_pollen_proximity"
        ],
        "matched_pollen_records": [
          "landclim-sites:897303:Osaby (in-field):56.766667:14.783333",
          "landclim-sites:897303:Osaby (out-field):56.766667:14.783333",
          "landclim-sites:900966:GC20:Osaby (in-field)",
          "landclim-sites:900966:GC20:Osaby (out-field)",
          "landclim-sites:937075:OSIN",
          "landclim-sites:937075:OSUT"
        ],
        "nearest_pollen_distance_km": 1.4305,
        "source_geometry_type": "Polygon",
        "representative_point_method": "official_geometry_representative_point",
        "sampling_area_screen": "compact_lake_review",
        "sampling_readiness_posture": "site_review_required",
        "sampling_known_inputs": [
          "official lake identity",
          "official geometry-derived location",
          "mapped water-surface area"
        ],
        "sampling_missing_inputs": [
          "bathymetry and basin depth",
          "sediment preservation and prior coring history",
          "shore access and landowner contact",
          "permit requirements",
          "field hazards and logistics"
        ],
        "temporal_posture": "current_hydrographic_identity_only"
      }
    },
    {
      "type": "Feature",
      "geometry": {
        "type": "Point",
        "coordinates": [
          16.143141,
          57.186058
        ]
      },
      "properties": {
        "source": "SMHI SVAR",
        "layer_key": "svar-lakes",
        "layer_label": "SMHI SVAR lake registry",
        "category": "Lake registry",
        "country": "SE",
        "record_id": "633992-152030",
        "name": "Bergakyllen",
        "register_name": "",
        "water_name": "Bergakyllen",
        "fallback_name": "74000_Bergakyllen_(16.14,57.19)",
        "sjoid": "633992-152030",
        "sj_uuid": "4F983232-C93B-4F30-BBAA-9442AD716C5D",
        "sj_vatten_id": "WA22817953",
        "district": "SE4",
        "water_surface_elevation_m": 73.7,
        "area_km2": 0.105502,
        "lake_name_status": "water_surface_name",
        "source_url": "https://vattenwebb.smhi.se/svarwebb/?sjoid=633992-152030",
        "geometry_type": "Polygon",
        "candidate_selection_reasons": [
          "direct_pollen_proximity"
        ],
        "matched_pollen_records": [
          "neotoma-pollen:3009"
        ],
        "nearest_pollen_distance_km": 0.2952,
        "source_geometry_type": "Polygon",
        "representative_point_method": "official_geometry_representative_point",
        "sampling_area_screen": "compact_lake_review",
        "sampling_readiness_posture": "site_review_required",
        "sampling_known_inputs": [
          "official lake identity",
          "official geometry-derived location",
          "mapped water-surface area"
        ],
        "sampling_missing_inputs": [
          "bathymetry and basin depth",
          "sediment preservation and prior coring history",
          "shore access and landowner contact",
          "permit requirements",
          "field hazards and logistics"
        ],
        "temporal_posture": "current_hydrographic_identity_only"
      }
    },
    {
      "type": "Feature",
      "geometry": {
        "type": "Point",
        "coordinates": [
          12.438636,
          58.313158
        ]
      },
      "properties": {
        "source": "SMHI SVAR",
        "layer_key": "svar-lakes",
        "layer_label": "SMHI SVAR lake registry",
        "category": "Lake registry",
        "country": "SE",
        "record_id": "647101-130255",
        "name": "Bergsj\u00f6n",
        "register_name": "",
        "water_name": "Bergsj\u00f6n",
        "fallback_name": "108000_Bergsj\u00f6n_(12.44,58.31)",
        "sjoid": "647101-130255",
        "sj_uuid": "DB45A20D-6C1F-4A18-BB59-45EE83EBE225",
        "sj_vatten_id": "WA97653693",
        "district": "SE5",
        "water_surface_elevation_m": 98.6,
        "area_km2": 0.176903,
        "lake_name_status": "water_surface_name",
        "source_url": "https://vattenwebb.smhi.se/svarwebb/?sjoid=647101-130255",
        "geometry_type": "Polygon",
        "candidate_selection_reasons": [
          "direct_pollen_proximity"
        ],
        "matched_pollen_records": [
          "neotoma-pollen:14054",
          "neotoma-pollen:14458"
        ],
        "nearest_pollen_distance_km": 0.0443,
        "source_geometry_type": "Polygon",
        "representative_point_method": "official_geometry_representative_point",
        "sampling_area_screen": "lake_area_screen_complete",
        "sampling_readiness_posture": "site_review_required",
        "sampling_known_inputs": [
          "official lake identity",
          "official geometry-derived location",
          "mapped water-surface area"
        ],
        "sampling_missing_inputs": [
          "bathymetry and basin depth",
          "sediment preservation and prior coring history",
          "shore access and landowner contact",
          "permit requirements",
          "field hazards and logistics"
        ],
        "temporal_posture": "current_hydrographic_identity_only"
      }
    },
    {
      "type": "Feature",
      "geometry": {
        "type": "Point",
        "coordinates": [
          13.751743,
          55.459405
        ]
      },
      "properties": {
        "source": "SMHI SVAR",
        "layer_key": "svar-lakes",
        "layer_label": "SMHI SVAR lake registry",
        "category": "Lake registry",
        "country": "SE",
        "record_id": "614958-137018",
        "name": "Bj\u00e4resj\u00f6",
        "register_name": "",
        "water_name": "Bj\u00e4resj\u00f6",
        "fallback_name": "89090_Bj\u00e4resj\u00f6_(13.75,55.46)",
        "sjoid": "614958-137018",
        "sj_uuid": "967C1430-5A5F-4DF6-8C3B-9B6D2AA0C3C9",
        "sj_vatten_id": "WA31314974",
        "district": "SE4",
        "water_surface_elevation_m": 46.3,
        "area_km2": 0.022251,
        "lake_name_status": "water_surface_name",
        "source_url": "https://vattenwebb.smhi.se/svarwebb/?sjoid=614958-137018",
        "geometry_type": "Polygon",
        "candidate_selection_reasons": [
          "direct_pollen_proximity",
          "named_target_review"
        ],
        "matched_pollen_records": [
          "neotoma-pollen:28871",
          "landclim-sites:897303:Bj\u00e4resj\u00f6sj\u00f6n:55.459167:13.751944",
          "landclim-sites:900966:GC18:Bj\u00e4resj\u00f6sj\u00f6n",
          "landclim-sites:937075:BJARE",
          "landclim-sites:897303:Bj\u00e4rsj\u00f6holmssj\u00f6n:55.454444:13.766389",
          "landclim-sites:900966:GC18:Bj\u00e4rsj\u00f6holmssj\u00f6n",
          "neotoma-pollen:3017",
          "landclim-sites:937075:BJARS"
        ],
        "nearest_pollen_distance_km": 0.0289,
        "source_geometry_type": "Polygon",
        "representative_point_method": "official_geometry_representative_point",
        "sampling_area_screen": "micro_basin_review",
        "sampling_readiness_posture": "site_review_required",
        "sampling_known_inputs": [
          "official lake identity",
          "official geometry-derived location",
          "mapped water-surface area"
        ],
        "sampling_missing_inputs": [
          "bathymetry and basin depth",
          "sediment preservation and prior coring history",
          "shore access and landowner contact",
          "permit requirements",
          "field hazards and logistics"
        ],
        "temporal_posture": "current_hydrographic_identity_only"
      }
    },
    {
      "type": "Feature",
      "geometry": {
        "type": "Point",
        "coordinates": [
          13.65652,
          58.334534
        ]
      },
      "properties": {
        "source": "SMHI SVAR",
        "layer_key": "svar-lakes",
        "layer_label": "SMHI SVAR lake registry",
        "category": "Lake registry",
        "country": "SE",
        "record_id": "646994-137366",
        "name": "Bj\u00e4rsj\u00f6n",
        "register_name": "",
        "water_name": "Bj\u00e4rsj\u00f6n",
        "fallback_name": "108000_Bj\u00e4rsj\u00f6n_(13.66,58.33)",
        "sjoid": "646994-137366",
        "sj_uuid": "776485A4-F85C-4DD8-A5E4-76B1E8193465",
        "sj_vatten_id": "WA20610894",
        "district": "SE5",
        "water_surface_elevation_m": 255.1,
        "area_km2": 0.132579,
        "lake_name_status": "water_surface_name",
        "source_url": "https://vattenwebb.smhi.se/svarwebb/?sjoid=646994-137366",
        "geometry_type": "Polygon",
        "candidate_selection_reasons": [
          "direct_pollen_proximity"
        ],
        "matched_pollen_records": [
          "neotoma-pollen:3018"
        ],
        "nearest_pollen_distance_km": 0.0267,
        "source_geometry_type": "Polygon",
        "representative_point_method": "official_geometry_representative_point",
        "sampling_area_screen": "compact_lake_review",
        "sampling_readiness_posture": "site_review_required",
        "sampling_known_inputs": [
          "official lake identity",
          "official geometry-derived location",
          "mapped water-surface area"
        ],
        "sampling_missing_inputs": [
          "bathymetry and basin depth",
          "sediment preservation and prior coring history",
          "shore access and landowner contact",
          "permit requirements",
          "field hazards and logistics"
        ],
        "temporal_posture": "current_hydrographic_identity_only"
      }
    },
    {
      "type": "Feature",
      "geometry": {
        "type": "Point",
        "coordinates": [
          14.808313,
          57.218579
        ]
      },
      "properties": {
        "source": "SMHI SVAR",
        "layer_key": "svar-lakes",
        "layer_label": "SMHI SVAR lake registry",
        "category": "Lake registry",
        "country": "SE",
        "record_id": "634408-143984",
        "name": "Br\u00e5tebergsg\u00f6len",
        "register_name": "",
        "water_name": "Br\u00e5tebergsg\u00f6len",
        "fallback_name": "86000_Br\u00e5tebergsg\u00f6len_(14.81,57.22)",
        "sjoid": "634408-143984",
        "sj_uuid": "0F26F307-CB5C-430D-9BC5-7450EFABE9EC",
        "sj_vatten_id": "WA57535927",
        "district": "SE4",
        "water_surface_elevation_m": 221.8,
        "area_km2": 0.007649,
        "lake_name_status": "water_surface_name",
        "source_url": "https://vattenwebb.smhi.se/svarwebb/?sjoid=634408-143984",
        "geometry_type": "Polygon",
        "candidate_selection_reasons": [
          "direct_pollen_proximity"
        ],
        "matched_pollen_records": [
          "neotoma-pollen:30418"
        ],
        "nearest_pollen_distance_km": 1.1116,
        "source_geometry_type": "Polygon",
        "representative_point_method": "official_geometry_representative_point",
        "sampling_area_screen": "micro_basin_review",
        "sampling_readiness_posture": "site_review_required",
        "sampling_known_inputs": [
          "official lake identity",
          "official geometry-derived location",
          "mapped water-surface area"
        ],
        "sampling_missing_inputs": [
          "bathymetry and basin depth",
          "sediment preservation and prior coring history",
          "shore access and landowner contact",
          "permit requirements",
          "field hazards and logistics"
        ],
        "temporal_posture": "current_hydrographic_identity_only"
      }
    },
    {
      "type": "Feature",
      "geometry": {
        "type": "Point",
        "coordinates": [
          14.601146,
          57.472236
        ]
      },
      "properties": {
        "source": "SMHI SVAR",
        "layer_key": "svar-lakes",
        "layer_label": "SMHI SVAR lake registry",
        "category": "Lake registry",
        "country": "SE",
        "record_id": "637237-142800",
        "name": "Bringasj\u00f6",
        "register_name": "",
        "water_name": "Bringasj\u00f6",
        "fallback_name": "98000_Bringasj\u00f6_(14.6,57.47)",
        "sjoid": "637237-142800",
        "sj_uuid": "9C994DEB-297D-4A4E-9365-12D46666B925",
        "sj_vatten_id": "WA12385802",
        "district": "SE5",
        "water_surface_elevation_m": 255.0,
        "area_km2": 0.104182,
        "lake_name_status": "water_surface_name",
        "source_url": "https://vattenwebb.smhi.se/svarwebb/?sjoid=637237-142800",
        "geometry_type": "Polygon",
        "candidate_selection_reasons": [
          "direct_pollen_proximity"
        ],
        "matched_pollen_records": [
          "neotoma-pollen:28891",
          "landclim-sites:897303:Mattarp:57.483333:14.616667",
          "landclim-sites:900966:GC21:Mattarp",
          "landclim-sites:937075:MATT"
        ],
        "nearest_pollen_distance_km": 1.5437,
        "source_geometry_type": "Polygon",
        "representative_point_method": "official_geometry_representative_point",
        "sampling_area_screen": "compact_lake_review",
        "sampling_readiness_posture": "site_review_required",
        "sampling_known_inputs": [
          "official lake identity",
          "official geometry-derived location",
          "mapped water-surface area"
        ],
        "sampling_missing_inputs": [
          "bathymetry and basin depth",
          "sediment preservation and prior coring history",
          "shore access and landowner contact",
          "permit requirements",
          "field hazards and logistics"
        ],
        "temporal_posture": "current_hydrographic_identity_only"
      }
    },
    {
      "type": "Feature",
      "geometry": {
        "type": "Point",
        "coordinates": [
          15.111718,
          60.100568
        ]
      },
      "properties": {
        "source": "SMHI SVAR",
        "layer_key": "svar-lakes",
        "layer_label": "SMHI SVAR lake registry",
        "category": "Lake registry",
        "country": "SE",
        "record_id": "666503-146094",
        "name": "Dammsj\u00f6n",
        "register_name": "",
        "water_name": "Dammsj\u00f6n",
        "fallback_name": "61000_Dammsj\u00f6n_(15.11,60.1)",
        "sjoid": "666503-146094",
        "sj_uuid": "96EB1CBE-7C88-475A-AB9E-7FF12AC0E068",
        "sj_vatten_id": "WA52644475",
        "district": "SE3",
        "water_surface_elevation_m": 207.3,
        "area_km2": 0.415236,
        "lake_name_status": "water_surface_name",
        "source_url": "https://vattenwebb.smhi.se/svarwebb/?sjoid=666503-146094",
        "geometry_type": "Polygon",
        "candidate_selection_reasons": [
          "direct_pollen_proximity"
        ],
        "matched_pollen_records": [
          "landclim-sites:937075:GIL"
        ],
        "nearest_pollen_distance_km": 2.4798,
        "source_geometry_type": "Polygon",
        "representative_point_method": "official_geometry_representative_point",
        "sampling_area_screen": "lake_area_screen_complete",
        "sampling_readiness_posture": "site_review_required",
        "sampling_known_inputs": [
          "official lake identity",
          "official geometry-derived location",
          "mapped water-surface area"
        ],
        "sampling_missing_inputs": [
          "bathymetry and basin depth",
          "sediment preservation and prior coring history",
          "shore access and landowner contact",
          "permit requirements",
          "field hazards and logistics"
        ],
        "temporal_posture": "current_hydrographic_identity_only"
      }
    },
    {
      "type": "Feature",
      "geometry": {
        "type": "Point",
        "coordinates": [
          12.352353,
          57.209352
        ]
      },
      "properties": {
        "source": "SMHI SVAR",
        "layer_key": "svar-lakes",
        "layer_label": "SMHI SVAR lake registry",
        "category": "Lake registry",
        "country": "SE",
        "record_id": "634762-129106",
        "name": "Deromesj\u00f6n",
        "register_name": "",
        "water_name": "Deromesj\u00f6n",
        "fallback_name": "105000_Deromesj\u00f6n_(12.35,57.21)",
        "sjoid": "634762-129106",
        "sj_uuid": "180FF1C2-CFDC-4872-859A-3BEB163CCA85",
        "sj_vatten_id": "WA28479802",
        "district": "SE5",
        "water_surface_elevation_m": 42.2,
        "area_km2": 0.265584,
        "lake_name_status": "water_surface_name",
        "source_url": "https://vattenwebb.smhi.se/svarwebb/?sjoid=634762-129106",
        "geometry_type": "Polygon",
        "candidate_selection_reasons": [
          "direct_pollen_proximity"
        ],
        "matched_pollen_records": [
          "neotoma-pollen:3081"
        ],
        "nearest_pollen_distance_km": 0.0613,
        "source_geometry_type": "Polygon",
        "representative_point_method": "official_geometry_representative_point",
        "sampling_area_screen": "lake_area_screen_complete",
        "sampling_readiness_posture": "site_review_required",
        "sampling_known_inputs": [
          "official lake identity",
          "official geometry-derived location",
          "mapped water-surface area"
        ],
        "sampling_missing_inputs": [
          "bathymetry and basin depth",
          "sediment preservation and prior coring history",
          "shore access and landowner contact",
          "permit requirements",
          "field hazards and logistics"
        ],
        "temporal_posture": "current_hydrographic_identity_only"
      }
    },
    {
      "type": "Feature",
      "geometry": {
        "type": "Point",
        "coordinates": [
          15.859814,
          56.159037
        ]
      },
      "properties": {
        "source": "SMHI SVAR",
        "layer_key": "svar-lakes",
        "layer_label": "SMHI SVAR lake registry",
        "category": "Lake registry",
        "country": "SE",
        "record_id": "622492-150312",
        "name": "F\u00e4rskesj\u00f6n",
        "register_name": "",
        "water_name": "F\u00e4rskesj\u00f6n",
        "fallback_name": "79080_F\u00e4rskesj\u00f6n_(15.86,56.16)",
        "sjoid": "622492-150312",
        "sj_uuid": "405E4EAC-68FB-42D3-92DD-8D26BB341550",
        "sj_vatten_id": "WA61656068",
        "district": "SE4",
        "water_surface_elevation_m": 15.0,
        "area_km2": 0.459128,
        "lake_name_status": "water_surface_name",
        "source_url": "https://vattenwebb.smhi.se/svarwebb/?sjoid=622492-150312",
        "geometry_type": "Polygon",
        "candidate_selection_reasons": [
          "direct_pollen_proximity"
        ],
        "matched_pollen_records": [
          "neotoma-pollen:3102",
          "landclim-sites:897303:F\u00e4rshesj\u00f6n:56.166667:15.866667",
          "landclim-sites:937075:FARSK",
          "landclim-sites:937075:Farske"
        ],
        "nearest_pollen_distance_km": 0.042,
        "source_geometry_type": "Polygon",
        "representative_point_method": "official_geometry_representative_point",
        "sampling_area_screen": "lake_area_screen_complete",
        "sampling_readiness_posture": "site_review_required",
        "sampling_known_inputs": [
          "official lake identity",
          "official geometry-derived location",
          "mapped water-surface area"
        ],
        "sampling_missing_inputs": [
          "bathymetry and basin depth",
          "sediment preservation and prior coring history",
          "shore access and landowner contact",
          "permit requirements",
          "field hazards and logistics"
        ],
        "temporal_posture": "current_hydrographic_identity_only"
      }
    },
    {
      "type": "Feature",
      "geometry": {
        "type": "Point",
        "coordinates": [
          13.702733,
          56.135794
        ]
      },
      "properties": {
        "source": "SMHI SVAR",
        "layer_key": "svar-lakes",
        "layer_label": "SMHI SVAR lake registry",
        "category": "Lake registry",
        "country": "SE",
        "record_id": "622731-136920",
        "name": "Finjasj\u00f6n",
        "register_name": "",
        "water_name": "Finjasj\u00f6n",
        "fallback_name": "88000_Finjasj\u00f6n_(13.7,56.14)",
        "sjoid": "622731-136920",
        "sj_uuid": "5CFC76FD-BDCC-42B0-B239-F01BA074F3C9",
        "sj_vatten_id": "WA46511959",
        "district": "SE4",
        "water_surface_elevation_m": 42.0,
        "area_km2": 10.497234,
        "lake_name_status": "water_surface_name",
        "source_url": "https://vattenwebb.smhi.se/svarwebb/?sjoid=622731-136920",
        "geometry_type": "Polygon",
        "candidate_selection_reasons": [
          "named_target_review"
        ],
        "matched_pollen_records": [],
        "nearest_pollen_distance_km": null,
        "source_geometry_type": "Polygon",
        "representative_point_method": "official_geometry_representative_point",
        "sampling_area_screen": "lake_area_screen_complete",
        "sampling_readiness_posture": "site_review_required",
        "sampling_known_inputs": [
          "official lake identity",
          "official geometry-derived location",
          "mapped water-surface area"
        ],
        "sampling_missing_inputs": [
          "bathymetry and basin depth",
          "sediment preservation and prior coring history",
          "shore access and landowner contact",
          "permit requirements",
          "field hazards and logistics"
        ],
        "temporal_posture": "current_hydrographic_identity_only"
      }
    },
    {
      "type": "Feature",
      "geometry": {
        "type": "Point",
        "coordinates": [
          13.672884,
          58.556811
        ]
      },
      "properties": {
        "source": "SMHI SVAR",
        "layer_key": "svar-lakes",
        "layer_label": "SMHI SVAR lake registry",
        "category": "Lake registry",
        "country": "SE",
        "record_id": "649459-137568",
        "name": "Flarken",
        "register_name": "",
        "water_name": "Flarken",
        "fallback_name": "108000_Flarken_(13.67,58.56)",
        "sjoid": "649459-137568",
        "sj_uuid": "98EEFB2F-D974-4059-9500-8B11726F3BA5",
        "sj_vatten_id": "WA16906711",
        "district": "SE5",
        "water_surface_elevation_m": 109.0,
        "area_km2": 0.165887,
        "lake_name_status": "water_surface_name",
        "source_url": "https://vattenwebb.smhi.se/svarwebb/?sjoid=649459-137568",
        "geometry_type": "Polygon",
        "candidate_selection_reasons": [
          "direct_pollen_proximity"
        ],
        "matched_pollen_records": [
          "neotoma-pollen:3107"
        ],
        "nearest_pollen_distance_km": 0.0179,
        "source_geometry_type": "Polygon",
        "representative_point_method": "official_geometry_representative_point",
        "sampling_area_screen": "lake_area_screen_complete",
        "sampling_readiness_posture": "site_review_required",
        "sampling_known_inputs": [
          "official lake identity",
          "official geometry-derived location",
          "mapped water-surface area"
        ],
        "sampling_missing_inputs": [
          "bathymetry and basin depth",
          "sediment preservation and prior coring history",
          "shore access and landowner contact",
          "permit requirements",
          "field hazards and logistics"
        ],
        "temporal_posture": "current_hydrographic_identity_only"
      }
    },
    {
      "type": "Feature",
      "geometry": {
        "type": "Point",
        "coordinates": [
          13.24312,
          56.254182
        ]
      },
      "properties": {
        "source": "SMHI SVAR",
        "layer_key": "svar-lakes",
        "layer_label": "SMHI SVAR lake registry",
        "category": "Lake registry",
        "country": "SE",
        "record_id": "623910-134098",
        "name": "Flinkasj\u00f6n",
        "register_name": "",
        "water_name": "Flinkasj\u00f6n",
        "fallback_name": "96000_Flinkasj\u00f6n_(13.24,56.25)",
        "sjoid": "623910-134098",
        "sj_uuid": "0A208192-CEC1-46F8-8B62-062385E8023E",
        "sj_vatten_id": "WA20456369",
        "district": "SE5",
        "water_surface_elevation_m": 79.1,
        "area_km2": 0.081825,
        "lake_name_status": "water_surface_name",
        "source_url": "https://vattenwebb.smhi.se/svarwebb/?sjoid=623910-134098",
        "geometry_type": "Polygon",
        "candidate_selection_reasons": [
          "direct_pollen_proximity"
        ],
        "matched_pollen_records": [
          "neotoma-pollen:28889",
          "landclim-sites:897303:Flinkasj\u00f6n:56.250000:13.250000",
          "landclim-sites:937075:FLINK"
        ],
        "nearest_pollen_distance_km": 0.0315,
        "source_geometry_type": "Polygon",
        "representative_point_method": "official_geometry_representative_point",
        "sampling_area_screen": "compact_lake_review",
        "sampling_readiness_posture": "site_review_required",
        "sampling_known_inputs": [
          "official lake identity",
          "official geometry-derived location",
          "mapped water-surface area"
        ],
        "sampling_missing_inputs": [
          "bathymetry and basin depth",
          "sediment preservation and prior coring history",
          "shore access and landowner contact",
          "permit requirements",
          "field hazards and logistics"
        ],
        "temporal_posture": "current_hydrographic_identity_only"
      }
    },
    {
      "type": "Feature",
      "geometry": {
        "type": "Point",
        "coordinates": [
          15.210489,
          56.218797
        ]
      },
      "properties": {
        "source": "SMHI SVAR",
        "layer_key": "svar-lakes",
        "layer_label": "SMHI SVAR lake registry",
        "category": "Lake registry",
        "country": "SE",
        "record_id": "623251-146284",
        "name": "Galtsj\u00f6n",
        "register_name": "",
        "water_name": "Galtsj\u00f6n",
        "fallback_name": "82083_Galtsj\u00f6n_(15.21,56.22)",
        "sjoid": "623251-146284",
        "sj_uuid": "01335BE0-D021-471E-8035-BD8A419C8B0F",
        "sj_vatten_id": "WA24423876",
        "district": "SE4",
        "water_surface_elevation_m": 35.8,
        "area_km2": 0.095921,
        "lake_name_status": "water_surface_name",
        "source_url": "https://vattenwebb.smhi.se/svarwebb/?sjoid=623251-146284",
        "geometry_type": "Polygon",
        "candidate_selection_reasons": [
          "direct_pollen_proximity"
        ],
        "matched_pollen_records": [
          "neotoma-pollen:3120"
        ],
        "nearest_pollen_distance_km": 0.0221,
        "source_geometry_type": "Polygon",
        "representative_point_method": "official_geometry_representative_point",
        "sampling_area_screen": "compact_lake_review",
        "sampling_readiness_posture": "site_review_required",
        "sampling_known_inputs": [
          "official lake identity",
          "official geometry-derived location",
          "mapped water-surface area"
        ],
        "sampling_missing_inputs": [
          "bathymetry and basin depth",
          "sediment preservation and prior coring history",
          "shore access and landowner contact",
          "permit requirements",
          "field hazards and logistics"
        ],
        "temporal_posture": "current_hydrographic_identity_only"
      }
    },
    {
      "type": "Feature",
      "geometry": {
        "type": "Point",
        "coordinates": [
          14.998601,
          56.179892
        ]
      },
      "properties": {
        "source": "SMHI SVAR",
        "layer_key": "svar-lakes",
        "layer_label": "SMHI SVAR lake registry",
        "category": "Lake registry",
        "country": "SE",
        "record_id": "622807-144999",
        "name": "G\u00e5rdsj\u00f6n",
        "register_name": "",
        "water_name": "G\u00e5rdsj\u00f6n",
        "fallback_name": "84085_G\u00e5rdsj\u00f6n_(15,56.18)",
        "sjoid": "622807-144999",
        "sj_uuid": "85D1654D-5DCC-46AF-A813-292747C097CD",
        "sj_vatten_id": "WA23204746",
        "district": "SE4",
        "water_surface_elevation_m": 13.4,
        "area_km2": 0.047574,
        "lake_name_status": "water_surface_name",
        "source_url": "https://vattenwebb.smhi.se/svarwebb/?sjoid=622807-144999",
        "geometry_type": "Polygon",
        "candidate_selection_reasons": [
          "direct_pollen_proximity"
        ],
        "matched_pollen_records": [
          "landclim-sites:897303:Eriksberg:56.183333:15.000000",
          "landclim-sites:900966:GC20:Eriksberg",
          "landclim-sites:937075:ERIK"
        ],
        "nearest_pollen_distance_km": 0.3923,
        "source_geometry_type": "Polygon",
        "representative_point_method": "official_geometry_representative_point",
        "sampling_area_screen": "micro_basin_review",
        "sampling_readiness_posture": "site_review_required",
        "sampling_known_inputs": [
          "official lake identity",
          "official geometry-derived location",
          "mapped water-surface area"
        ],
        "sampling_missing_inputs": [
          "bathymetry and basin depth",
          "sediment preservation and prior coring history",
          "shore access and landowner contact",
          "permit requirements",
          "field hazards and logistics"
        ],
        "temporal_posture": "current_hydrographic_identity_only"
      }
    },
    {
      "type": "Feature",
      "geometry": {
        "type": "Point",
        "coordinates": [
          13.332427,
          57.732432
        ]
      },
      "properties": {
        "source": "SMHI SVAR",
        "layer_key": "svar-lakes",
        "layer_label": "SMHI SVAR lake registry",
        "category": "Lake registry",
        "country": "SE",
        "record_id": "640334-135268",
        "name": "G\u00e4rsbodamm",
        "register_name": "",
        "water_name": "G\u00e4rsbodamm",
        "fallback_name": "103000_G\u00e4rsbodamm_(13.33,57.73)",
        "sjoid": "640334-135268",
        "sj_uuid": "8D7F868B-5C22-4490-873A-D44B17F35149",
        "sj_vatten_id": "WA41135879",
        "district": "SE5",
        "water_surface_elevation_m": 234.6,
        "area_km2": 0.076781,
        "lake_name_status": "water_surface_name",
        "source_url": "https://vattenwebb.smhi.se/svarwebb/?sjoid=640334-135268",
        "geometry_type": "Polygon",
        "candidate_selection_reasons": [
          "direct_pollen_proximity"
        ],
        "matched_pollen_records": [
          "neotoma-pollen:3240"
        ],
        "nearest_pollen_distance_km": 0.2072,
        "source_geometry_type": "Polygon",
        "representative_point_method": "official_geometry_representative_point",
        "sampling_area_screen": "compact_lake_review",
        "sampling_readiness_posture": "site_review_required",
        "sampling_known_inputs": [
          "official lake identity",
          "official geometry-derived location",
          "mapped water-surface area"
        ],
        "sampling_missing_inputs": [
          "bathymetry and basin depth",
          "sediment preservation and prior coring history",
          "shore access and landowner contact",
          "permit requirements",
          "field hazards and logistics"
        ],
        "temporal_posture": "current_hydrographic_identity_only"
      }
    },
    {
      "type": "Feature",
      "geometry": {
        "type": "Point",
        "coordinates": [
          14.981709,
          56.283826
        ]
      },
      "properties": {
        "source": "SMHI SVAR",
        "layer_key": "svar-lakes",
        "layer_label": "SMHI SVAR lake registry",
        "category": "Lake registry",
        "country": "SE",
        "record_id": "623935-144901",
        "name": "Gullsj\u00f6n",
        "register_name": "",
        "water_name": "Gullsj\u00f6n",
        "fallback_name": "84085_Gullsj\u00f6n_(14.98,56.28)",
        "sjoid": "623935-144901",
        "sj_uuid": "91B82E0B-49B8-4701-BF09-BBB6813AFFDE",
        "sj_vatten_id": "WA66048651",
        "district": "SE4",
        "water_surface_elevation_m": 58.2,
        "area_km2": 0.100348,
        "lake_name_status": "water_surface_name",
        "source_url": "https://vattenwebb.smhi.se/svarwebb/?sjoid=623935-144901",
        "geometry_type": "Polygon",
        "candidate_selection_reasons": [
          "direct_pollen_proximity"
        ],
        "matched_pollen_records": [
          "neotoma-pollen:22660"
        ],
        "nearest_pollen_distance_km": 1.1588,
        "source_geometry_type": "Polygon",
        "representative_point_method": "official_geometry_representative_point",
        "sampling_area_screen": "compact_lake_review",
        "sampling_readiness_posture": "site_review_required",
        "sampling_known_inputs": [
          "official lake identity",
          "official geometry-derived location",
          "mapped water-surface area"
        ],
        "sampling_missing_inputs": [
          "bathymetry and basin depth",
          "sediment preservation and prior coring history",
          "shore access and landowner contact",
          "permit requirements",
          "field hazards and logistics"
        ],
        "temporal_posture": "current_hydrographic_identity_only"
      }
    },
    {
      "type": "Feature",
      "geometry": {
        "type": "Point",
        "coordinates": [
          13.422814,
          55.577162
        ]
      },
      "properties": {
        "source": "SMHI SVAR",
        "layer_key": "svar-lakes",
        "layer_label": "SMHI SVAR lake registry",
        "category": "Lake registry",
        "country": "SE",
        "record_id": "616410-134992",
        "name": "H\u00e4ckebergasj\u00f6n",
        "register_name": "",
        "water_name": "H\u00e4ckebergasj\u00f6n",
        "fallback_name": "91000_H\u00e4ckebergasj\u00f6n_(13.42,55.57)",
        "sjoid": "616410-134992",
        "sj_uuid": "0AC1D859-BE5E-48CF-BC81-A8C1FDAC24C6",
        "sj_vatten_id": "WA47643608",
        "district": "SE4",
        "water_surface_elevation_m": 49.2,
        "area_km2": 0.758596,
        "lake_name_status": "water_surface_name",
        "source_url": "https://vattenwebb.smhi.se/svarwebb/?sjoid=616410-134992",
        "geometry_type": "MultiPolygon",
        "candidate_selection_reasons": [
          "direct_pollen_proximity"
        ],
        "matched_pollen_records": [
          "neotoma-pollen:28872",
          "landclim-sites:897303:B\u00f6kesj\u00f6n:55.575556:13.437500",
          "landclim-sites:900966:GC18:B\u00f6kesj\u00f6n",
          "landclim-sites:937075:BOKE"
        ],
        "nearest_pollen_distance_km": 0.9402,
        "source_geometry_type": "MultiPolygon",
        "representative_point_method": "official_geometry_representative_point",
        "sampling_area_screen": "lake_area_screen_complete",
        "sampling_readiness_posture": "site_review_required",
        "sampling_known_inputs": [
          "official lake identity",
          "official geometry-derived location",
          "mapped water-surface area"
        ],
        "sampling_missing_inputs": [
          "bathymetry and basin depth",
          "sediment preservation and prior coring history",
          "shore access and landowner contact",
          "permit requirements",
          "field hazards and logistics"
        ],
        "temporal_posture": "current_hydrographic_identity_only"
      }
    },
    {
      "type": "Feature",
      "geometry": {
        "type": "Point",
        "coordinates": [
          12.127845,
          58.588947
        ]
      },
      "properties": {
        "source": "SMHI SVAR",
        "layer_key": "svar-lakes",
        "layer_label": "SMHI SVAR lake registry",
        "category": "Lake registry",
        "country": "SE",
        "record_id": "650147-128588",
        "name": "H\u00e5levattnet",
        "register_name": "",
        "water_name": "H\u00e5levattnet",
        "fallback_name": "110000_H\u00e5levattnet_(12.13,58.59)",
        "sjoid": "650147-128588",
        "sj_uuid": "0C6F2A3F-09A2-409D-A744-89DD8C0AE128",
        "sj_vatten_id": "WA32423079",
        "district": "SE5",
        "water_surface_elevation_m": 122.6,
        "area_km2": 0.670295,
        "lake_name_status": "water_surface_name",
        "source_url": "https://vattenwebb.smhi.se/svarwebb/?sjoid=650147-128588",
        "geometry_type": "Polygon",
        "candidate_selection_reasons": [
          "direct_pollen_proximity"
        ],
        "matched_pollen_records": [
          "neotoma-pollen:3288"
        ],
        "nearest_pollen_distance_km": 1.1948,
        "source_geometry_type": "Polygon",
        "representative_point_method": "official_geometry_representative_point",
        "sampling_area_screen": "lake_area_screen_complete",
        "sampling_readiness_posture": "site_review_required",
        "sampling_known_inputs": [
          "official lake identity",
          "official geometry-derived location",
          "mapped water-surface area"
        ],
        "sampling_missing_inputs": [
          "bathymetry and basin depth",
          "sediment preservation and prior coring history",
          "shore access and landowner contact",
          "permit requirements",
          "field hazards and logistics"
        ],
        "temporal_posture": "current_hydrographic_identity_only"
      }
    },
    {
      "type": "Feature",
      "geometry": {
        "type": "Point",
        "coordinates": [
          13.809816,
          58.403604
        ]
      },
      "properties": {
        "source": "SMHI SVAR",
        "layer_key": "svar-lakes",
        "layer_label": "SMHI SVAR lake registry",
        "category": "Lake registry",
        "country": "SE",
        "record_id": "647706-138329",
        "name": "H\u00e5llsdammen",
        "register_name": "",
        "water_name": "H\u00e5llsdammen",
        "fallback_name": "108000_H\u00e5llsdammen_(13.81,58.4)",
        "sjoid": "647706-138329",
        "sj_uuid": "AF7125AA-B838-4291-9DE3-F9091EE6CEB3",
        "sj_vatten_id": "WA27718717",
        "district": "SE5",
        "water_surface_elevation_m": 278.1,
        "area_km2": 0.118896,
        "lake_name_status": "water_surface_name",
        "source_url": "https://vattenwebb.smhi.se/svarwebb/?sjoid=647706-138329",
        "geometry_type": "Polygon",
        "candidate_selection_reasons": [
          "direct_pollen_proximity"
        ],
        "matched_pollen_records": [
          "neotoma-pollen:2986"
        ],
        "nearest_pollen_distance_km": 0.9085,
        "source_geometry_type": "Polygon",
        "representative_point_method": "official_geometry_representative_point",
        "sampling_area_screen": "compact_lake_review",
        "sampling_readiness_posture": "site_review_required",
        "sampling_known_inputs": [
          "official lake identity",
          "official geometry-derived location",
          "mapped water-surface area"
        ],
        "sampling_missing_inputs": [
          "bathymetry and basin depth",
          "sediment preservation and prior coring history",
          "shore access and landowner contact",
          "permit requirements",
          "field hazards and logistics"
        ],
        "temporal_posture": "current_hydrographic_identity_only"
      }
    },
    {
      "type": "Feature",
      "geometry": {
        "type": "Point",
        "coordinates": [
          15.314914,
          56.23362
        ]
      },
      "properties": {
        "source": "SMHI SVAR",
        "layer_key": "svar-lakes",
        "layer_label": "SMHI SVAR lake registry",
        "category": "Lake registry",
        "country": "SE",
        "record_id": "623375-146936",
        "name": "Halsj\u00f6n",
        "register_name": "",
        "water_name": "Halsj\u00f6n",
        "fallback_name": "81082_Halsj\u00f6n_(15.31,56.23)",
        "sjoid": "623375-146936",
        "sj_uuid": "BA45803C-1117-42B7-B6B0-DF28DC97DC90",
        "sj_vatten_id": "WA59524507",
        "district": "SE4",
        "water_surface_elevation_m": 29.0,
        "area_km2": 0.292152,
        "lake_name_status": "water_surface_name",
        "source_url": "https://vattenwebb.smhi.se/svarwebb/?sjoid=623375-146936",
        "geometry_type": "Polygon",
        "candidate_selection_reasons": [
          "direct_pollen_proximity"
        ],
        "matched_pollen_records": [
          "neotoma-pollen:3141"
        ],
        "nearest_pollen_distance_km": 0.1132,
        "source_geometry_type": "Polygon",
        "representative_point_method": "official_geometry_representative_point",
        "sampling_area_screen": "lake_area_screen_complete",
        "sampling_readiness_posture": "site_review_required",
        "sampling_known_inputs": [
          "official lake identity",
          "official geometry-derived location",
          "mapped water-surface area"
        ],
        "sampling_missing_inputs": [
          "bathymetry and basin depth",
          "sediment preservation and prior coring history",
          "shore access and landowner contact",
          "permit requirements",
          "field hazards and logistics"
        ],
        "temporal_posture": "current_hydrographic_identity_only"
      }
    },
    {
      "type": "Feature",
      "geometry": {
        "type": "Point",
        "coordinates": [
          13.35776,
          55.483143
        ]
      },
      "properties": {
        "source": "SMHI SVAR",
        "layer_key": "svar-lakes",
        "layer_label": "SMHI SVAR lake registry",
        "category": "Lake registry",
        "country": "SE",
        "record_id": "615365-134524",
        "name": "Havg\u00e5rdssj\u00f6n",
        "register_name": "",
        "water_name": "Havg\u00e5rdssj\u00f6n",
        "fallback_name": "90000_Havg\u00e5rdssj\u00f6n_(13.36,55.48)",
        "sjoid": "615365-134524",
        "sj_uuid": "8BCCE77A-ACD2-4CBC-B77E-EAE8336F7B24",
        "sj_vatten_id": "WA79481388",
        "district": "SE4",
        "water_surface_elevation_m": 50.0,
        "area_km2": 0.501745,
        "lake_name_status": "water_surface_name",
        "source_url": "https://vattenwebb.smhi.se/svarwebb/?sjoid=615365-134524",
        "geometry_type": "Polygon",
        "candidate_selection_reasons": [
          "named_target_review"
        ],
        "matched_pollen_records": [],
        "nearest_pollen_distance_km": null,
        "source_geometry_type": "Polygon",
        "representative_point_method": "official_geometry_representative_point",
        "sampling_area_screen": "lake_area_screen_complete",
        "sampling_readiness_posture": "site_review_required",
        "sampling_known_inputs": [
          "official lake identity",
          "official geometry-derived location",
          "mapped water-surface area"
        ],
        "sampling_missing_inputs": [
          "bathymetry and basin depth",
          "sediment preservation and prior coring history",
          "shore access and landowner contact",
          "permit requirements",
          "field hazards and logistics"
        ],
        "temporal_posture": "current_hydrographic_identity_only"
      }
    },
    {
      "type": "Feature",
      "geometry": {
        "type": "Point",
        "coordinates": [
          14.887776,
          56.344322
        ]
      },
      "properties": {
        "source": "SMHI SVAR",
        "layer_key": "svar-lakes",
        "layer_label": "SMHI SVAR lake registry",
        "category": "Lake registry",
        "country": "SE",
        "record_id": "624646-144291",
        "name": "Hemsj\u00f6n",
        "register_name": "",
        "water_name": "Hemsj\u00f6n",
        "fallback_name": "85000_Hemsj\u00f6n_(14.89,56.34)",
        "sjoid": "624646-144291",
        "sj_uuid": "88394D4A-1A52-4639-B276-D2584B2B002F",
        "sj_vatten_id": "WA24720796",
        "district": "SE4",
        "water_surface_elevation_m": 93.8,
        "area_km2": 0.150679,
        "lake_name_status": "water_surface_name",
        "source_url": "https://vattenwebb.smhi.se/svarwebb/?sjoid=624646-144291",
        "geometry_type": "Polygon",
        "candidate_selection_reasons": [
          "direct_pollen_proximity"
        ],
        "matched_pollen_records": [
          "landclim-sites:897303:V\u00e4stragylet:56.350000:14.883333",
          "landclim-sites:900966:GC20:V\u00e4stragylet",
          "landclim-sites:937075:IREV",
          "neotoma-pollen:28852"
        ],
        "nearest_pollen_distance_km": 0.6882,
        "source_geometry_type": "Polygon",
        "representative_point_method": "official_geometry_representative_point",
        "sampling_area_screen": "lake_area_screen_complete",
        "sampling_readiness_posture": "site_review_required",
        "sampling_known_inputs": [
          "official lake identity",
          "official geometry-derived location",
          "mapped water-surface area"
        ],
        "sampling_missing_inputs": [
          "bathymetry and basin depth",
          "sediment preservation and prior coring history",
          "shore access and landowner contact",
          "permit requirements",
          "field hazards and logistics"
        ],
        "temporal_posture": "current_hydrographic_identity_only"
      }
    },
    {
      "type": "Feature",
      "geometry": {
        "type": "Point",
        "coordinates": [
          13.30978,
          56.278791
        ]
      },
      "properties": {
        "source": "SMHI SVAR",
        "layer_key": "svar-lakes",
        "layer_label": "SMHI SVAR lake registry",
        "category": "Lake registry",
        "country": "SE",
        "record_id": "624216-134515",
        "name": "Hj\u00e4lmsj\u00f6n",
        "register_name": "",
        "water_name": "Hj\u00e4lmsj\u00f6n",
        "fallback_name": "96000_Hj\u00e4lmsj\u00f6n_(13.31,56.28)",
        "sjoid": "624216-134515",
        "sj_uuid": "47C75493-3D34-4127-AC03-07BF2D3AB7AF",
        "sj_vatten_id": "WA52597550",
        "district": "SE5",
        "water_surface_elevation_m": 76.0,
        "area_km2": 1.161216,
        "lake_name_status": "water_surface_name",
        "source_url": "https://vattenwebb.smhi.se/svarwebb/?sjoid=624216-134515",
        "geometry_type": "Polygon",
        "candidate_selection_reasons": [
          "direct_pollen_proximity"
        ],
        "matched_pollen_records": [
          "landclim-sites:897303:\u00d6stra Ringarp:56.266667:13.316667",
          "landclim-sites:937075:ORING",
          "neotoma-pollen:28812",
          "landclim-sites:897303:Grisavad:56.283333:13.333333",
          "landclim-sites:937075:GRIS",
          "neotoma-pollen:28886"
        ],
        "nearest_pollen_distance_km": 1.4136,
        "source_geometry_type": "Polygon",
        "representative_point_method": "official_geometry_representative_point",
        "sampling_area_screen": "lake_area_screen_complete",
        "sampling_readiness_posture": "site_review_required",
        "sampling_known_inputs": [
          "official lake identity",
          "official geometry-derived location",
          "mapped water-surface area"
        ],
        "sampling_missing_inputs": [
          "bathymetry and basin depth",
          "sediment preservation and prior coring history",
          "shore access and landowner contact",
          "permit requirements",
          "field hazards and logistics"
        ],
        "temporal_posture": "current_hydrographic_identity_only"
      }
    },
    {
      "type": "Feature",
      "geometry": {
        "type": "Point",
        "coordinates": [
          14.568952,
          56.457495
        ]
      },
      "properties": {
        "source": "SMHI SVAR",
        "layer_key": "svar-lakes",
        "layer_label": "SMHI SVAR lake registry",
        "category": "Lake registry",
        "country": "SE",
        "record_id": "625907-142379",
        "name": "H\u00f6nesj\u00f6n",
        "register_name": "",
        "water_name": "H\u00f6nesj\u00f6n",
        "fallback_name": "87000_H\u00f6nesj\u00f6n_(14.57,56.46)",
        "sjoid": "625907-142379",
        "sj_uuid": "AA10A114-1ED8-44EC-B1BE-6AC7218F6EFC",
        "sj_vatten_id": "WA10347847",
        "district": "SE4",
        "water_surface_elevation_m": 145.5,
        "area_km2": 0.163705,
        "lake_name_status": "water_surface_name",
        "source_url": "https://vattenwebb.smhi.se/svarwebb/?sjoid=625907-142379",
        "geometry_type": "Polygon",
        "candidate_selection_reasons": [
          "direct_pollen_proximity"
        ],
        "matched_pollen_records": [
          "landclim-sites:897303:Siggaboda:56.466667:14.566667",
          "landclim-sites:900966:GC20:Siggaboda",
          "landclim-sites:937075:SIGG",
          "neotoma-pollen:28890"
        ],
        "nearest_pollen_distance_km": 1.0295,
        "source_geometry_type": "Polygon",
        "representative_point_method": "official_geometry_representative_point",
        "sampling_area_screen": "lake_area_screen_complete",
        "sampling_readiness_posture": "site_review_required",
        "sampling_known_inputs": [
          "official lake identity",
          "official geometry-derived location",
          "mapped water-surface area"
        ],
        "sampling_missing_inputs": [
          "bathymetry and basin depth",
          "sediment preservation and prior coring history",
          "shore access and landowner contact",
          "permit requirements",
          "field hazards and logistics"
        ],
        "temporal_posture": "current_hydrographic_identity_only"
      }
    },
    {
      "type": "Feature",
      "geometry": {
        "type": "Point",
        "coordinates": [
          14.414825,
          63.889139
        ]
      },
      "properties": {
        "source": "SMHI SVAR",
        "layer_key": "svar-lakes",
        "layer_label": "SMHI SVAR lake registry",
        "category": "Lake registry",
        "country": "SE",
        "record_id": "707621-144395",
        "name": "Hotagen",
        "register_name": "",
        "water_name": "Hotagen",
        "fallback_name": "40000_Hotagen_(14.42,63.89)",
        "sjoid": "707621-144395",
        "sj_uuid": "CE1297A5-D127-49D7-ABE2-820A02EC59E7",
        "sj_vatten_id": "WA47916309",
        "district": "SE2",
        "water_surface_elevation_m": 313.2,
        "area_km2": 45.364571,
        "lake_name_status": "water_surface_name",
        "source_url": "https://vattenwebb.smhi.se/svarwebb/?sjoid=707621-144395",
        "geometry_type": "MultiPolygon",
        "candidate_selection_reasons": [
          "direct_pollen_proximity"
        ],
        "matched_pollen_records": [
          "landclim-sites:897303:Abborrtj\u00e4rnen:63.883333:14.450000",
          "landclim-sites:937075:ABB",
          "neotoma-pollen:13338"
        ],
        "nearest_pollen_distance_km": 1.8386,
        "source_geometry_type": "MultiPolygon",
        "representative_point_method": "official_geometry_representative_point",
        "sampling_area_screen": "large_lake_site_selection_required",
        "sampling_readiness_posture": "site_review_required",
        "sampling_known_inputs": [
          "official lake identity",
          "official geometry-derived location",
          "mapped water-surface area"
        ],
        "sampling_missing_inputs": [
          "bathymetry and basin depth",
          "sediment preservation and prior coring history",
          "shore access and landowner contact",
          "permit requirements",
          "field hazards and logistics"
        ],
        "temporal_posture": "current_hydrographic_identity_only"
      }
    },
    {
      "type": "Feature",
      "geometry": {
        "type": "Point",
        "coordinates": [
          12.525491,
          57.080712
        ]
      },
      "properties": {
        "source": "SMHI SVAR",
        "layer_key": "svar-lakes",
        "layer_label": "SMHI SVAR lake registry",
        "category": "Lake registry",
        "country": "SE",
        "record_id": "633280-130129",
        "name": "Humsj\u00f6n",
        "register_name": "",
        "water_name": "Humsj\u00f6n",
        "fallback_name": "103104_Humsj\u00f6n_(12.53,57.08)",
        "sjoid": "633280-130129",
        "sj_uuid": "F7D24870-4CE6-474F-9382-34429BD25367",
        "sj_vatten_id": "WA63657904",
        "district": "SE5",
        "water_surface_elevation_m": 48.2,
        "area_km2": 0.256268,
        "lake_name_status": "water_surface_name",
        "source_url": "https://vattenwebb.smhi.se/svarwebb/?sjoid=633280-130129",
        "geometry_type": "Polygon",
        "candidate_selection_reasons": [
          "direct_pollen_proximity"
        ],
        "matched_pollen_records": [
          "neotoma-pollen:3238"
        ],
        "nearest_pollen_distance_km": 0.556,
        "source_geometry_type": "Polygon",
        "representative_point_method": "official_geometry_representative_point",
        "sampling_area_screen": "lake_area_screen_complete",
        "sampling_readiness_posture": "site_review_required",
        "sampling_known_inputs": [
          "official lake identity",
          "official geometry-derived location",
          "mapped water-surface area"
        ],
        "sampling_missing_inputs": [
          "bathymetry and basin depth",
          "sediment preservation and prior coring history",
          "shore access and landowner contact",
          "permit requirements",
          "field hazards and logistics"
        ],
        "temporal_posture": "current_hydrographic_identity_only"
      }
    },
    {
      "type": "Feature",
      "geometry": {
        "type": "Point",
        "coordinates": [
          15.297493,
          56.926065
        ]
      },
      "properties": {
        "source": "SMHI SVAR",
        "layer_key": "svar-lakes",
        "layer_label": "SMHI SVAR lake registry",
        "category": "Lake registry",
        "country": "SE",
        "record_id": "631136-146926",
        "name": "Ilag\u00f6l",
        "register_name": "",
        "water_name": "Ilag\u00f6l",
        "fallback_name": "82000_Ilag\u00f6l_(15.3,56.93)",
        "sjoid": "631136-146926",
        "sj_uuid": "B50EFFD1-6719-49E1-A561-9E437A0D1298",
        "sj_vatten_id": "WA91468587",
        "district": "SE4",
        "water_surface_elevation_m": 252.0,
        "area_km2": 0.133403,
        "lake_name_status": "water_surface_name",
        "source_url": "https://vattenwebb.smhi.se/svarwebb/?sjoid=631136-146926",
        "geometry_type": "Polygon",
        "candidate_selection_reasons": [
          "direct_pollen_proximity"
        ],
        "matched_pollen_records": [
          "landclim-sites:897303:Storasj\u00f6:56.916667:15.283333",
          "landclim-sites:937075:STOR",
          "landclim-sites:937075:STORA"
        ],
        "nearest_pollen_distance_km": 1.353,
        "source_geometry_type": "Polygon",
        "representative_point_method": "official_geometry_representative_point",
        "sampling_area_screen": "compact_lake_review",
        "sampling_readiness_posture": "site_review_required",
        "sampling_known_inputs": [
          "official lake identity",
          "official geometry-derived location",
          "mapped water-surface area"
        ],
        "sampling_missing_inputs": [
          "bathymetry and basin depth",
          "sediment preservation and prior coring history",
          "shore access and landowner contact",
          "permit requirements",
          "field hazards and logistics"
        ],
        "temporal_posture": "current_hydrographic_identity_only"
      }
    },
    {
      "type": "Feature",
      "geometry": {
        "type": "Point",
        "coordinates": [
          14.314794,
          56.297527
        ]
      },
      "properties": {
        "source": "SMHI SVAR",
        "layer_key": "svar-lakes",
        "layer_label": "SMHI SVAR lake registry",
        "category": "Lake registry",
        "country": "SE",
        "record_id": "624245-140812",
        "name": "J\u00e4mningen",
        "register_name": "",
        "water_name": "J\u00e4mningen",
        "fallback_name": "87000_J\u00e4mningen_(14.32,56.3)",
        "sjoid": "624245-140812",
        "sj_uuid": "1023FBF1-B821-4F10-A596-48F954859BD8",
        "sj_vatten_id": "WA85874131",
        "district": "SE4",
        "water_surface_elevation_m": 81.8,
        "area_km2": 0.435817,
        "lake_name_status": "water_surface_name",
        "source_url": "https://vattenwebb.smhi.se/svarwebb/?sjoid=624245-140812",
        "geometry_type": "MultiPolygon",
        "candidate_selection_reasons": [
          "direct_pollen_proximity"
        ],
        "matched_pollen_records": [
          "landclim-sites:897303:Ranviken:56.283333:14.300000",
          "landclim-sites:900966:GC20:Ranviken",
          "landclim-sites:937075:RANV",
          "neotoma-pollen:3370"
        ],
        "nearest_pollen_distance_km": 1.8233,
        "source_geometry_type": "MultiPolygon",
        "representative_point_method": "official_geometry_representative_point",
        "sampling_area_screen": "lake_area_screen_complete",
        "sampling_readiness_posture": "site_review_required",
        "sampling_known_inputs": [
          "official lake identity",
          "official geometry-derived location",
          "mapped water-surface area"
        ],
        "sampling_missing_inputs": [
          "bathymetry and basin depth",
          "sediment preservation and prior coring history",
          "shore access and landowner contact",
          "permit requirements",
          "field hazards and logistics"
        ],
        "temporal_posture": "current_hydrographic_identity_only"
      }
    },
    {
      "type": "Feature",
      "geometry": {
        "type": "Point",
        "coordinates": [
          14.534847,
          57.639604
        ]
      },
      "properties": {
        "source": "SMHI SVAR",
        "layer_key": "svar-lakes",
        "layer_label": "SMHI SVAR lake registry",
        "category": "Lake registry",
        "country": "SE",
        "record_id": "639170-142371",
        "name": "Kansj\u00f6n",
        "register_name": "",
        "water_name": "Kansj\u00f6n",
        "fallback_name": "67000_Kansj\u00f6n_(14.53,57.64)",
        "sjoid": "639170-142371",
        "sj_uuid": "25476739-238A-4D18-B6D2-6A3285A69CC4",
        "sj_vatten_id": "WA35503158",
        "district": "SE4",
        "water_surface_elevation_m": 308.0,
        "area_km2": 0.730704,
        "lake_name_status": "water_surface_name",
        "source_url": "https://vattenwebb.smhi.se/svarwebb/?sjoid=639170-142371",
        "geometry_type": "Polygon",
        "candidate_selection_reasons": [
          "direct_pollen_proximity"
        ],
        "matched_pollen_records": [
          "neotoma-pollen:1401",
          "landclim-sites:897303:Kansjon:57.633333:14.533333",
          "landclim-sites:900966:GC21:Kansjon",
          "landclim-sites:937075:KAN"
        ],
        "nearest_pollen_distance_km": 0.1064,
        "source_geometry_type": "Polygon",
        "representative_point_method": "official_geometry_representative_point",
        "sampling_area_screen": "lake_area_screen_complete",
        "sampling_readiness_posture": "site_review_required",
        "sampling_known_inputs": [
          "official lake identity",
          "official geometry-derived location",
          "mapped water-surface area"
        ],
        "sampling_missing_inputs": [
          "bathymetry and basin depth",
          "sediment preservation and prior coring history",
          "shore access and landowner contact",
          "permit requirements",
          "field hazards and logistics"
        ],
        "temporal_posture": "current_hydrographic_identity_only"
      }
    },
    {
      "type": "Feature",
      "geometry": {
        "type": "Point",
        "coordinates": [
          20.010517,
          63.925336
        ]
      },
      "properties": {
        "source": "SMHI SVAR",
        "layer_key": "svar-lakes",
        "layer_label": "SMHI SVAR lake registry",
        "category": "Lake registry",
        "country": "SE",
        "record_id": "709735-170620",
        "name": "Kassj\u00f6n",
        "register_name": "",
        "water_name": "Kassj\u00f6n",
        "fallback_name": "28000_Kassj\u00f6n_(20.01,63.93)",
        "sjoid": "709735-170620",
        "sj_uuid": "6367BF4B-5530-46F2-81FD-AABDB58AC8E1",
        "sj_vatten_id": "WA42575654",
        "district": "SE1",
        "water_surface_elevation_m": 84.3,
        "area_km2": 0.217241,
        "lake_name_status": "water_surface_name",
        "source_url": "https://vattenwebb.smhi.se/svarwebb/?sjoid=709735-170620",
        "geometry_type": "Polygon",
        "candidate_selection_reasons": [
          "direct_pollen_proximity"
        ],
        "matched_pollen_records": [
          "neotoma-pollen:3185",
          "landclim-sites:937075:KAS",
          "landclim-sites:897303:Kassj\u00f6n:63.916667:20.016667"
        ],
        "nearest_pollen_distance_km": 0.0462,
        "source_geometry_type": "Polygon",
        "representative_point_method": "official_geometry_representative_point",
        "sampling_area_screen": "lake_area_screen_complete",
        "sampling_readiness_posture": "site_review_required",
        "sampling_known_inputs": [
          "official lake identity",
          "official geometry-derived location",
          "mapped water-surface area"
        ],
        "sampling_missing_inputs": [
          "bathymetry and basin depth",
          "sediment preservation and prior coring history",
          "shore access and landowner contact",
          "permit requirements",
          "field hazards and logistics"
        ],
        "temporal_posture": "current_hydrographic_identity_only"
      }
    },
    {
      "type": "Feature",
      "geometry": {
        "type": "Point",
        "coordinates": [
          16.149861,
          57.195047
        ]
      },
      "properties": {
        "source": "SMHI SVAR",
        "layer_key": "svar-lakes",
        "layer_label": "SMHI SVAR lake registry",
        "category": "Lake registry",
        "country": "SE",
        "record_id": "634119-152099",
        "name": "Klog\u00f6l",
        "register_name": "",
        "water_name": "Klog\u00f6l",
        "fallback_name": "74000_Klog\u00f6l_(16.15,57.19)",
        "sjoid": "634119-152099",
        "sj_uuid": "533E4F26-C2CD-4BC9-8EE4-7FACE947BDA3",
        "sj_vatten_id": "WA36761035",
        "district": "SE4",
        "water_surface_elevation_m": 84.0,
        "area_km2": 0.053239,
        "lake_name_status": "water_surface_name",
        "source_url": "https://vattenwebb.smhi.se/svarwebb/?sjoid=634119-152099",
        "geometry_type": "Polygon",
        "candidate_selection_reasons": [
          "direct_pollen_proximity"
        ],
        "matched_pollen_records": [
          "neotoma-pollen:3419",
          "neotoma-pollen:2961"
        ],
        "nearest_pollen_distance_km": 0.6502,
        "source_geometry_type": "Polygon",
        "representative_point_method": "official_geometry_representative_point",
        "sampling_area_screen": "compact_lake_review",
        "sampling_readiness_posture": "site_review_required",
        "sampling_known_inputs": [
          "official lake identity",
          "official geometry-derived location",
          "mapped water-surface area"
        ],
        "sampling_missing_inputs": [
          "bathymetry and basin depth",
          "sediment preservation and prior coring history",
          "shore access and landowner contact",
          "permit requirements",
          "field hazards and logistics"
        ],
        "temporal_posture": "current_hydrographic_identity_only"
      }
    },
    {
      "type": "Feature",
      "geometry": {
        "type": "Point",
        "coordinates": [
          13.744603,
          55.501715
        ]
      },
      "properties": {
        "source": "SMHI SVAR",
        "layer_key": "svar-lakes",
        "layer_label": "SMHI SVAR lake registry",
        "category": "Lake registry",
        "country": "SE",
        "record_id": "615375-137087",
        "name": "Krageholmssj\u00f6n",
        "register_name": "",
        "water_name": "Krageholmssj\u00f6n",
        "fallback_name": "89090_Krageholmssj\u00f6n_(13.74,55.5)",
        "sjoid": "615375-137087",
        "sj_uuid": "0175859B-88F7-42E5-815A-1AF05B016F90",
        "sj_vatten_id": "WA44542511",
        "district": "SE4",
        "water_surface_elevation_m": 43.0,
        "area_km2": 2.050682,
        "lake_name_status": "water_surface_name",
        "source_url": "https://vattenwebb.smhi.se/svarwebb/?sjoid=615375-137087",
        "geometry_type": "MultiPolygon",
        "candidate_selection_reasons": [
          "direct_pollen_proximity"
        ],
        "matched_pollen_records": [
          "neotoma-pollen:3204",
          "landclim-sites:897303:Krageholmssj\u00f6n:55.500000:13.733333",
          "landclim-sites:900966:GC18:Krageholmssj\u00f6n",
          "landclim-sites:937075:KRA"
        ],
        "nearest_pollen_distance_km": 0.1059,
        "source_geometry_type": "MultiPolygon",
        "representative_point_method": "official_geometry_representative_point",
        "sampling_area_screen": "lake_area_screen_complete",
        "sampling_readiness_posture": "site_review_required",
        "sampling_known_inputs": [
          "official lake identity",
          "official geometry-derived location",
          "mapped water-surface area"
        ],
        "sampling_missing_inputs": [
          "bathymetry and basin depth",
          "sediment preservation and prior coring history",
          "shore access and landowner contact",
          "permit requirements",
          "field hazards and logistics"
        ],
        "temporal_posture": "current_hydrographic_identity_only"
      }
    },
    {
      "type": "Feature",
      "geometry": {
        "type": "Point",
        "coordinates": [
          14.552212,
          56.526295
        ]
      },
      "properties": {
        "source": "SMHI SVAR",
        "layer_key": "svar-lakes",
        "layer_label": "SMHI SVAR lake registry",
        "category": "Lake registry",
        "country": "SE",
        "record_id": "626655-142348",
        "name": "Krampen",
        "register_name": "",
        "water_name": "Krampen",
        "fallback_name": "87000_Krampen_(14.55,56.52)",
        "sjoid": "626655-142348",
        "sj_uuid": "6C8BC2A0-F6A3-49B3-B751-276D01BF02AE",
        "sj_vatten_id": "WA63948469",
        "district": "SE4",
        "water_surface_elevation_m": 161.2,
        "area_km2": 0.58118,
        "lake_name_status": "water_surface_name",
        "source_url": "https://vattenwebb.smhi.se/svarwebb/?sjoid=626655-142348",
        "geometry_type": "Polygon",
        "candidate_selection_reasons": [
          "direct_pollen_proximity"
        ],
        "matched_pollen_records": [
          "neotoma-pollen:3179"
        ],
        "nearest_pollen_distance_km": 1.0088,
        "source_geometry_type": "Polygon",
        "representative_point_method": "official_geometry_representative_point",
        "sampling_area_screen": "lake_area_screen_complete",
        "sampling_readiness_posture": "site_review_required",
        "sampling_known_inputs": [
          "official lake identity",
          "official geometry-derived location",
          "mapped water-surface area"
        ],
        "sampling_missing_inputs": [
          "bathymetry and basin depth",
          "sediment preservation and prior coring history",
          "shore access and landowner contact",
          "permit requirements",
          "field hazards and logistics"
        ],
        "temporal_posture": "current_hydrographic_identity_only"
      }
    },
    {
      "type": "Feature",
      "geometry": {
        "type": "Point",
        "coordinates": [
          15.015586,
          56.27441
        ]
      },
      "properties": {
        "source": "SMHI SVAR",
        "layer_key": "svar-lakes",
        "layer_label": "SMHI SVAR lake registry",
        "category": "Lake registry",
        "country": "SE",
        "record_id": "623839-145075",
        "name": "Kroksj\u00f6n",
        "register_name": "",
        "water_name": "Kroksj\u00f6n",
        "fallback_name": "84085_Kroksj\u00f6n_(15.02,56.27)",
        "sjoid": "623839-145075",
        "sj_uuid": "2FEF0857-C805-4639-A8D0-3D617E33B626",
        "sj_vatten_id": "WA52297053",
        "district": "SE4",
        "water_surface_elevation_m": 46.1,
        "area_km2": 0.414233,
        "lake_name_status": "water_surface_name",
        "source_url": "https://vattenwebb.smhi.se/svarwebb/?sjoid=623839-145075",
        "geometry_type": "Polygon",
        "candidate_selection_reasons": [
          "direct_pollen_proximity"
        ],
        "matched_pollen_records": [
          "neotoma-pollen:3206"
        ],
        "nearest_pollen_distance_km": 0.4543,
        "source_geometry_type": "Polygon",
        "representative_point_method": "official_geometry_representative_point",
        "sampling_area_screen": "lake_area_screen_complete",
        "sampling_readiness_posture": "site_review_required",
        "sampling_known_inputs": [
          "official lake identity",
          "official geometry-derived location",
          "mapped water-surface area"
        ],
        "sampling_missing_inputs": [
          "bathymetry and basin depth",
          "sediment preservation and prior coring history",
          "shore access and landowner contact",
          "permit requirements",
          "field hazards and logistics"
        ],
        "temporal_posture": "current_hydrographic_identity_only"
      }
    },
    {
      "type": "Feature",
      "geometry": {
        "type": "Point",
        "coordinates": [
          12.898059,
          56.801097
        ]
      },
      "properties": {
        "source": "SMHI SVAR",
        "layer_key": "svar-lakes",
        "layer_label": "SMHI SVAR lake registry",
        "category": "Lake registry",
        "country": "SE",
        "record_id": "630062-132211",
        "name": "Kroksj\u00f6n",
        "register_name": "",
        "water_name": "Kroksj\u00f6n",
        "fallback_name": "102000_Kroksj\u00f6n_(12.9,56.8)",
        "sjoid": "630062-132211",
        "sj_uuid": "0CD1174C-6B86-4270-829E-D1EDABE1BEEA",
        "sj_vatten_id": "WA83811920",
        "district": "SE5",
        "water_surface_elevation_m": 124.6,
        "area_km2": 0.086692,
        "lake_name_status": "water_surface_name",
        "source_url": "https://vattenwebb.smhi.se/svarwebb/?sjoid=630062-132211",
        "geometry_type": "Polygon",
        "candidate_selection_reasons": [
          "direct_pollen_proximity"
        ],
        "matched_pollen_records": [
          "landclim-sites:897303:Holk\u00e5sen:56.800000:12.900000",
          "landclim-sites:897303:Kalvaberget:56.800000:12.900000",
          "landclim-sites:897303:Tr\u00e4lhultet:56.800000:12.900000",
          "landclim-sites:937075:HOLK",
          "landclim-sites:937075:KALV",
          "landclim-sites:937075:TRAL",
          "neotoma-pollen:28857"
        ],
        "nearest_pollen_distance_km": 0.1698,
        "source_geometry_type": "Polygon",
        "representative_point_method": "official_geometry_representative_point",
        "sampling_area_screen": "compact_lake_review",
        "sampling_readiness_posture": "site_review_required",
        "sampling_known_inputs": [
          "official lake identity",
          "official geometry-derived location",
          "mapped water-surface area"
        ],
        "sampling_missing_inputs": [
          "bathymetry and basin depth",
          "sediment preservation and prior coring history",
          "shore access and landowner contact",
          "permit requirements",
          "field hazards and logistics"
        ],
        "temporal_posture": "current_hydrographic_identity_only"
      }
    },
    {
      "type": "Feature",
      "geometry": {
        "type": "Point",
        "coordinates": [
          20.844836,
          66.235295
        ]
      },
      "properties": {
        "source": "SMHI SVAR",
        "layer_key": "svar-lakes",
        "layer_label": "SMHI SVAR lake registry",
        "category": "Lake registry",
        "country": "SE",
        "record_id": "735770-172640",
        "name": "Kroktj\u00e4rnen",
        "register_name": "",
        "water_name": "Kroktj\u00e4rnen",
        "fallback_name": "9000_Kroktj\u00e4rnen_(20.84,66.24)",
        "sjoid": "735770-172640",
        "sj_uuid": "5A6888CE-8FAE-4339-B601-382B384D1EE7",
        "sj_vatten_id": "WA93960136",
        "district": "SE1",
        "water_surface_elevation_m": 56.5,
        "area_km2": 0.051672,
        "lake_name_status": "water_surface_name",
        "source_url": "https://vattenwebb.smhi.se/svarwebb/?sjoid=735770-172640",
        "geometry_type": "Polygon",
        "candidate_selection_reasons": [
          "direct_pollen_proximity"
        ],
        "matched_pollen_records": [
          "neotoma-pollen:3207",
          "landclim-sites:897303:Kroktj\u00e4rnen:66.233333:20.850000",
          "landclim-sites:937075:KRO",
          "neotoma-pollen:28865"
        ],
        "nearest_pollen_distance_km": 0.1235,
        "source_geometry_type": "Polygon",
        "representative_point_method": "official_geometry_representative_point",
        "sampling_area_screen": "compact_lake_review",
        "sampling_readiness_posture": "site_review_required",
        "sampling_known_inputs": [
          "official lake identity",
          "official geometry-derived location",
          "mapped water-surface area"
        ],
        "sampling_missing_inputs": [
          "bathymetry and basin depth",
          "sediment preservation and prior coring history",
          "shore access and landowner contact",
          "permit requirements",
          "field hazards and logistics"
        ],
        "temporal_posture": "current_hydrographic_identity_only"
      }
    },
    {
      "type": "Feature",
      "geometry": {
        "type": "Point",
        "coordinates": [
          12.892382,
          57.757581
        ]
      },
      "properties": {
        "source": "SMHI SVAR",
        "layer_key": "svar-lakes",
        "layer_label": "SMHI SVAR lake registry",
        "category": "Lake registry",
        "country": "SE",
        "record_id": "640726-132684",
        "name": "Kyperedssj\u00f6",
        "register_name": "",
        "water_name": "Kyperedssj\u00f6",
        "fallback_name": "106000_Kyperedssj\u00f6_(12.89,57.76)",
        "sjoid": "640726-132684",
        "sj_uuid": "CA1935CB-343B-448F-9D5F-5FB784FE7654",
        "sj_vatten_id": "WA77176469",
        "district": "SE5",
        "water_surface_elevation_m": 253.6,
        "area_km2": 0.071276,
        "lake_name_status": "water_surface_name",
        "source_url": "https://vattenwebb.smhi.se/svarwebb/?sjoid=640726-132684",
        "geometry_type": "Polygon",
        "candidate_selection_reasons": [
          "direct_pollen_proximity"
        ],
        "matched_pollen_records": [
          "neotoma-pollen:3104"
        ],
        "nearest_pollen_distance_km": 2.1697,
        "source_geometry_type": "Polygon",
        "representative_point_method": "official_geometry_representative_point",
        "sampling_area_screen": "compact_lake_review",
        "sampling_readiness_posture": "site_review_required",
        "sampling_known_inputs": [
          "official lake identity",
          "official geometry-derived location",
          "mapped water-surface area"
        ],
        "sampling_missing_inputs": [
          "bathymetry and basin depth",
          "sediment preservation and prior coring history",
          "shore access and landowner contact",
          "permit requirements",
          "field hazards and logistics"
        ],
        "temporal_posture": "current_hydrographic_identity_only"
      }
    },
    {
      "type": "Feature",
      "geometry": {
        "type": "Point",
        "coordinates": [
          15.070704,
          58.95646
        ]
      },
      "properties": {
        "source": "SMHI SVAR",
        "layer_key": "svar-lakes",
        "layer_label": "SMHI SVAR lake registry",
        "category": "Lake registry",
        "country": "SE",
        "record_id": "653734-145755",
        "name": "Kyrksj\u00f6n",
        "register_name": "",
        "water_name": "Kyrksj\u00f6n",
        "fallback_name": "65000_Kyrksj\u00f6n_(15.07,58.96)",
        "sjoid": "653734-145755",
        "sj_uuid": "9AEB093A-DB8E-40E6-8FA9-C6EEF362FD9C",
        "sj_vatten_id": "WA73237678",
        "district": "SE3",
        "water_surface_elevation_m": 128.3,
        "area_km2": 0.219089,
        "lake_name_status": "water_surface_name",
        "source_url": "https://vattenwebb.smhi.se/svarwebb/?sjoid=653734-145755",
        "geometry_type": "Polygon",
        "candidate_selection_reasons": [
          "direct_pollen_proximity"
        ],
        "matched_pollen_records": [
          "neotoma-pollen:25958"
        ],
        "nearest_pollen_distance_km": 0.909,
        "source_geometry_type": "Polygon",
        "representative_point_method": "official_geometry_representative_point",
        "sampling_area_screen": "lake_area_screen_complete",
        "sampling_readiness_posture": "site_review_required",
        "sampling_known_inputs": [
          "official lake identity",
          "official geometry-derived location",
          "mapped water-surface area"
        ],
        "sampling_missing_inputs": [
          "bathymetry and basin depth",
          "sediment preservation and prior coring history",
          "shore access and landowner contact",
          "permit requirements",
          "field hazards and logistics"
        ],
        "temporal_posture": "current_hydrographic_identity_only"
      }
    },
    {
      "type": "Feature",
      "geometry": {
        "type": "Point",
        "coordinates": [
          12.35907,
          57.723622
        ]
      },
      "properties": {
        "source": "SMHI SVAR",
        "layer_key": "svar-lakes",
        "layer_label": "SMHI SVAR lake registry",
        "category": "Lake registry",
        "country": "SE",
        "record_id": "640460-129466",
        "name": "L\u00e5ngetj\u00e4rn",
        "register_name": "",
        "water_name": "L\u00e5ngetj\u00e4rn",
        "fallback_name": "108000_L\u00e5ngetj\u00e4rn_(12.36,57.72)",
        "sjoid": "640460-129466",
        "sj_uuid": "82BF4794-C90D-4FA0-8F17-B142341447A7",
        "sj_vatten_id": "WA68572325",
        "district": "SE5",
        "water_surface_elevation_m": 99.4,
        "area_km2": 0.193946,
        "lake_name_status": "water_surface_name",
        "source_url": "https://vattenwebb.smhi.se/svarwebb/?sjoid=640460-129466",
        "geometry_type": "Polygon",
        "candidate_selection_reasons": [
          "direct_pollen_proximity"
        ],
        "matched_pollen_records": [
          "neotoma-pollen:3020"
        ],
        "nearest_pollen_distance_km": 1.7913,
        "source_geometry_type": "Polygon",
        "representative_point_method": "official_geometry_representative_point",
        "sampling_area_screen": "lake_area_screen_complete",
        "sampling_readiness_posture": "site_review_required",
        "sampling_known_inputs": [
          "official lake identity",
          "official geometry-derived location",
          "mapped water-surface area"
        ],
        "sampling_missing_inputs": [
          "bathymetry and basin depth",
          "sediment preservation and prior coring history",
          "shore access and landowner contact",
          "permit requirements",
          "field hazards and logistics"
        ],
        "temporal_posture": "current_hydrographic_identity_only"
      }
    },
    {
      "type": "Feature",
      "geometry": {
        "type": "Point",
        "coordinates": [
          14.622815,
          59.803334
        ]
      },
      "properties": {
        "source": "SMHI SVAR",
        "layer_key": "svar-lakes",
        "layer_label": "SMHI SVAR lake registry",
        "category": "Lake registry",
        "country": "SE",
        "record_id": "663260-143350",
        "name": "Lilla Gloppsj\u00f6n",
        "register_name": "",
        "water_name": "Lilla Gloppsj\u00f6n",
        "fallback_name": "61000_Lilla Gloppsj\u00f6n_(14.62,59.8)",
        "sjoid": "663260-143350",
        "sj_uuid": "0C05BEC3-2D3E-4763-B072-3346FCD9D38C",
        "sj_vatten_id": "WA13286959",
        "district": "SE3",
        "water_surface_elevation_m": 199.2,
        "area_km2": 0.311863,
        "lake_name_status": "water_surface_name",
        "source_url": "https://vattenwebb.smhi.se/svarwebb/?sjoid=663260-143350",
        "geometry_type": "Polygon",
        "candidate_selection_reasons": [
          "direct_pollen_proximity"
        ],
        "matched_pollen_records": [
          "neotoma-pollen:3234",
          "landclim-sites:937075:LGLOPPSJ"
        ],
        "nearest_pollen_distance_km": 0.1873,
        "source_geometry_type": "Polygon",
        "representative_point_method": "official_geometry_representative_point",
        "sampling_area_screen": "lake_area_screen_complete",
        "sampling_readiness_posture": "site_review_required",
        "sampling_known_inputs": [
          "official lake identity",
          "official geometry-derived location",
          "mapped water-surface area"
        ],
        "sampling_missing_inputs": [
          "bathymetry and basin depth",
          "sediment preservation and prior coring history",
          "shore access and landowner contact",
          "permit requirements",
          "field hazards and logistics"
        ],
        "temporal_posture": "current_hydrographic_identity_only"
      }
    },
    {
      "type": "Feature",
      "geometry": {
        "type": "Point",
        "coordinates": [
          13.924259,
          56.281643
        ]
      },
      "properties": {
        "source": "SMHI SVAR",
        "layer_key": "svar-lakes",
        "layer_label": "SMHI SVAR lake registry",
        "category": "Lake registry",
        "country": "SE",
        "record_id": "624044-138336",
        "name": "Lilla Sj\u00f6",
        "register_name": "",
        "water_name": "Lilla Sj\u00f6",
        "fallback_name": "88000_Lilla Sj\u00f6_(13.92,56.28)",
        "sjoid": "624044-138336",
        "sj_uuid": "49813F4F-5BB2-4234-A6A8-FA353DC23662",
        "sj_vatten_id": "WA82201026",
        "district": "SE4",
        "water_surface_elevation_m": 57.6,
        "area_km2": 0.14393,
        "lake_name_status": "water_surface_name",
        "source_url": "https://vattenwebb.smhi.se/svarwebb/?sjoid=624044-138336",
        "geometry_type": "Polygon",
        "candidate_selection_reasons": [
          "direct_pollen_proximity"
        ],
        "matched_pollen_records": [
          "neotoma-pollen:3237"
        ],
        "nearest_pollen_distance_km": 0.0466,
        "source_geometry_type": "Polygon",
        "representative_point_method": "official_geometry_representative_point",
        "sampling_area_screen": "compact_lake_review",
        "sampling_readiness_posture": "site_review_required",
        "sampling_known_inputs": [
          "official lake identity",
          "official geometry-derived location",
          "mapped water-surface area"
        ],
        "sampling_missing_inputs": [
          "bathymetry and basin depth",
          "sediment preservation and prior coring history",
          "shore access and landowner contact",
          "permit requirements",
          "field hazards and logistics"
        ],
        "temporal_posture": "current_hydrographic_identity_only"
      }
    },
    {
      "type": "Feature",
      "geometry": {
        "type": "Point",
        "coordinates": [
          16.388331,
          57.932013
        ]
      },
      "properties": {
        "source": "SMHI SVAR",
        "layer_key": "svar-lakes",
        "layer_label": "SMHI SVAR lake registry",
        "category": "Lake registry",
        "country": "SE",
        "record_id": "642345-153474",
        "name": "Lillsj\u00f6n",
        "register_name": "",
        "water_name": "Lillsj\u00f6n",
        "fallback_name": "70071_Lillsj\u00f6n_(16.39,57.93)",
        "sjoid": "642345-153474",
        "sj_uuid": "69590E00-C84B-4486-BDCB-11B16FBE6EB0",
        "sj_vatten_id": "WA76176017",
        "district": "SE4",
        "water_surface_elevation_m": 16.4,
        "area_km2": 0.155443,
        "lake_name_status": "water_surface_name",
        "source_url": "https://vattenwebb.smhi.se/svarwebb/?sjoid=642345-153474",
        "geometry_type": "Polygon",
        "candidate_selection_reasons": [
          "direct_pollen_proximity"
        ],
        "matched_pollen_records": [
          "neotoma-pollen:31818"
        ],
        "nearest_pollen_distance_km": 0.0478,
        "source_geometry_type": "Polygon",
        "representative_point_method": "official_geometry_representative_point",
        "sampling_area_screen": "lake_area_screen_complete",
        "sampling_readiness_posture": "site_review_required",
        "sampling_known_inputs": [
          "official lake identity",
          "official geometry-derived location",
          "mapped water-surface area"
        ],
        "sampling_missing_inputs": [
          "bathymetry and basin depth",
          "sediment preservation and prior coring history",
          "shore access and landowner contact",
          "permit requirements",
          "field hazards and logistics"
        ],
        "temporal_posture": "current_hydrographic_identity_only"
      }
    },
    {
      "type": "Feature",
      "geometry": {
        "type": "Point",
        "coordinates": [
          14.46766,
          57.145223
        ]
      },
      "properties": {
        "source": "SMHI SVAR",
        "layer_key": "svar-lakes",
        "layer_label": "SMHI SVAR lake registry",
        "category": "Lake registry",
        "country": "SE",
        "record_id": "633608-141894",
        "name": "Lindhultsg\u00f6l",
        "register_name": "",
        "water_name": "Lindhultsg\u00f6l",
        "fallback_name": "98000_Lindhultsg\u00f6l_(14.47,57.15)",
        "sjoid": "633608-141894",
        "sj_uuid": "53B0825E-DE87-4051-8533-06B7CD4422FE",
        "sj_vatten_id": "WA23362708",
        "district": "SE5",
        "water_surface_elevation_m": 211.3,
        "area_km2": 0.076304,
        "lake_name_status": "water_surface_name",
        "source_url": "https://vattenwebb.smhi.se/svarwebb/?sjoid=633608-141894",
        "geometry_type": "Polygon",
        "candidate_selection_reasons": [
          "direct_pollen_proximity"
        ],
        "matched_pollen_records": [
          "landclim-sites:897303:Lindhultsg\u00f6l:57.143611:14.466111",
          "landclim-sites:900966:GC21:Lindhultsg\u00f6l",
          "landclim-sites:937075:Lindhult"
        ],
        "nearest_pollen_distance_km": 0.2021,
        "source_geometry_type": "Polygon",
        "representative_point_method": "official_geometry_representative_point",
        "sampling_area_screen": "compact_lake_review",
        "sampling_readiness_posture": "site_review_required",
        "sampling_known_inputs": [
          "official lake identity",
          "official geometry-derived location",
          "mapped water-surface area"
        ],
        "sampling_missing_inputs": [
          "bathymetry and basin depth",
          "sediment preservation and prior coring history",
          "shore access and landowner contact",
          "permit requirements",
          "field hazards and logistics"
        ],
        "temporal_posture": "current_hydrographic_identity_only"
      }
    },
    {
      "type": "Feature",
      "geometry": {
        "type": "Point",
        "coordinates": [
          14.482187,
          59.760094
        ]
      },
      "properties": {
        "source": "SMHI SVAR",
        "layer_key": "svar-lakes",
        "layer_label": "SMHI SVAR lake registry",
        "category": "Lake registry",
        "country": "SE",
        "record_id": "662718-142563",
        "name": "Ljustj\u00e4rnen",
        "register_name": "",
        "water_name": "Ljustj\u00e4rnen",
        "fallback_name": "108000_Ljustj\u00e4rnen_(14.48,59.76)",
        "sjoid": "662718-142563",
        "sj_uuid": "29B75F13-F342-4C1C-98D7-0C40D9AA5152",
        "sj_vatten_id": "WA31455667",
        "district": "SE5",
        "water_surface_elevation_m": 183.2,
        "area_km2": 0.086557,
        "lake_name_status": "water_surface_name",
        "source_url": "https://vattenwebb.smhi.se/svarwebb/?sjoid=662718-142563",
        "geometry_type": "Polygon",
        "candidate_selection_reasons": [
          "direct_pollen_proximity"
        ],
        "matched_pollen_records": [
          "neotoma-pollen:28853",
          "landclim-sites:897303:Ljustj\u00e4rnen:59.761111:14.490278",
          "landclim-sites:937075:LJU"
        ],
        "nearest_pollen_distance_km": 0.0106,
        "source_geometry_type": "Polygon",
        "representative_point_method": "official_geometry_representative_point",
        "sampling_area_screen": "compact_lake_review",
        "sampling_readiness_posture": "site_review_required",
        "sampling_known_inputs": [
          "official lake identity",
          "official geometry-derived location",
          "mapped water-surface area"
        ],
        "sampling_missing_inputs": [
          "bathymetry and basin depth",
          "sediment preservation and prior coring history",
          "shore access and landowner contact",
          "permit requirements",
          "field hazards and logistics"
        ],
        "temporal_posture": "current_hydrographic_identity_only"
      }
    },
    {
      "type": "Feature",
      "geometry": {
        "type": "Point",
        "coordinates": [
          16.07356,
          58.027176
        ]
      },
      "properties": {
        "source": "SMHI SVAR",
        "layer_key": "svar-lakes",
        "layer_label": "SMHI SVAR lake registry",
        "category": "Lake registry",
        "country": "SE",
        "record_id": "643417-151593",
        "name": "Man",
        "register_name": "",
        "water_name": "Man",
        "fallback_name": "70071_Man_(16.07,58.03)",
        "sjoid": "643417-151593",
        "sj_uuid": "5C020561-3E20-486C-AB64-C6D32DD0570F",
        "sj_vatten_id": "WA80546120",
        "district": "SE4",
        "water_surface_elevation_m": 115.0,
        "area_km2": 0.194525,
        "lake_name_status": "water_surface_name",
        "source_url": "https://vattenwebb.smhi.se/svarwebb/?sjoid=643417-151593",
        "geometry_type": "Polygon",
        "candidate_selection_reasons": [
          "direct_pollen_proximity"
        ],
        "matched_pollen_records": [
          "neotoma-pollen:15711",
          "landclim-sites:937075:MABO",
          "landclim-sites:897303:Mabo Moss:58.016667:16.066667"
        ],
        "nearest_pollen_distance_km": 1.2318,
        "source_geometry_type": "Polygon",
        "representative_point_method": "official_geometry_representative_point",
        "sampling_area_screen": "lake_area_screen_complete",
        "sampling_readiness_posture": "site_review_required",
        "sampling_known_inputs": [
          "official lake identity",
          "official geometry-derived location",
          "mapped water-surface area"
        ],
        "sampling_missing_inputs": [
          "bathymetry and basin depth",
          "sediment preservation and prior coring history",
          "shore access and landowner contact",
          "permit requirements",
          "field hazards and logistics"
        ],
        "temporal_posture": "current_hydrographic_identity_only"
      }
    },
    {
      "type": "Feature",
      "geometry": {
        "type": "Point",
        "coordinates": [
          12.573498,
          57.097061
        ]
      },
      "properties": {
        "source": "SMHI SVAR",
        "layer_key": "svar-lakes",
        "layer_label": "SMHI SVAR lake registry",
        "category": "Lake registry",
        "country": "SE",
        "record_id": "633470-130392",
        "name": "Mj\u00e4llsj\u00f6n",
        "register_name": "",
        "water_name": "Mj\u00e4llsj\u00f6n",
        "fallback_name": "103104_Mj\u00e4llsj\u00f6n_(12.57,57.1)",
        "sjoid": "633470-130392",
        "sj_uuid": "12E4CC80-AE79-4C91-A194-86CC7B41CEE6",
        "sj_vatten_id": "WA78071831",
        "district": "SE5",
        "water_surface_elevation_m": 72.0,
        "area_km2": 0.065836,
        "lake_name_status": "water_surface_name",
        "source_url": "https://vattenwebb.smhi.se/svarwebb/?sjoid=633470-130392",
        "geometry_type": "Polygon",
        "candidate_selection_reasons": [
          "direct_pollen_proximity"
        ],
        "matched_pollen_records": [
          "neotoma-pollen:3287"
        ],
        "nearest_pollen_distance_km": 0.0219,
        "source_geometry_type": "Polygon",
        "representative_point_method": "official_geometry_representative_point",
        "sampling_area_screen": "compact_lake_review",
        "sampling_readiness_posture": "site_review_required",
        "sampling_known_inputs": [
          "official lake identity",
          "official geometry-derived location",
          "mapped water-surface area"
        ],
        "sampling_missing_inputs": [
          "bathymetry and basin depth",
          "sediment preservation and prior coring history",
          "shore access and landowner contact",
          "permit requirements",
          "field hazards and logistics"
        ],
        "temporal_posture": "current_hydrographic_identity_only"
      }
    },
    {
      "type": "Feature",
      "geometry": {
        "type": "Point",
        "coordinates": [
          16.529934,
          56.534762
        ]
      },
      "properties": {
        "source": "SMHI SVAR",
        "layer_key": "svar-lakes",
        "layer_label": "SMHI SVAR lake registry",
        "category": "Lake registry",
        "country": "SE",
        "record_id": "626830-154475",
        "name": "M\u00f6ckelmossen",
        "register_name": "",
        "water_name": "M\u00f6ckelmossen",
        "fallback_name": "119000_M\u00f6ckelmossen_(16.53,56.53)",
        "sjoid": "626830-154475",
        "sj_uuid": "E4AB162C-5279-404E-BBF1-1BD5D24ABB11",
        "sj_vatten_id": "WA70883688",
        "district": "SE4",
        "water_surface_elevation_m": 25.0,
        "area_km2": 0.257466,
        "lake_name_status": "water_surface_name",
        "source_url": "https://vattenwebb.smhi.se/svarwebb/?sjoid=626830-154475",
        "geometry_type": "Polygon",
        "candidate_selection_reasons": [
          "direct_pollen_proximity"
        ],
        "matched_pollen_records": [
          "landclim-sites:897303:M\u00f6ckelmossen:56.534167:16.529444",
          "landclim-sites:937075:MOCK"
        ],
        "nearest_pollen_distance_km": 0.0727,
        "source_geometry_type": "Polygon",
        "representative_point_method": "official_geometry_representative_point",
        "sampling_area_screen": "wetland_identity_review",
        "sampling_readiness_posture": "site_review_required",
        "sampling_known_inputs": [
          "official lake identity",
          "official geometry-derived location",
          "mapped water-surface area"
        ],
        "sampling_missing_inputs": [
          "bathymetry and basin depth",
          "sediment preservation and prior coring history",
          "shore access and landowner contact",
          "permit requirements",
          "field hazards and logistics"
        ],
        "temporal_posture": "current_hydrographic_identity_only"
      }
    },
    {
      "type": "Feature",
      "geometry": {
        "type": "Point",
        "coordinates": [
          14.784383,
          57.471249
        ]
      },
      "properties": {
        "source": "SMHI SVAR",
        "layer_key": "svar-lakes",
        "layer_label": "SMHI SVAR lake registry",
        "category": "Lake registry",
        "country": "SE",
        "record_id": "637248-143863",
        "name": "Mostorpag\u00f6len",
        "register_name": "",
        "water_name": "Mostorpag\u00f6len",
        "fallback_name": "74000_Mostorpag\u00f6len_(14.78,57.47)",
        "sjoid": "637248-143863",
        "sj_uuid": "6F58AA1D-E980-4235-858F-3BD4E3F01210",
        "sj_vatten_id": "WA37541234",
        "district": "SE4",
        "water_surface_elevation_m": 219.1,
        "area_km2": 0.056011,
        "lake_name_status": "water_surface_name",
        "source_url": "https://vattenwebb.smhi.se/svarwebb/?sjoid=637248-143863",
        "geometry_type": "Polygon",
        "candidate_selection_reasons": [
          "direct_pollen_proximity"
        ],
        "matched_pollen_records": [
          "neotoma-pollen:28862"
        ],
        "nearest_pollen_distance_km": 1.3448,
        "source_geometry_type": "Polygon",
        "representative_point_method": "official_geometry_representative_point",
        "sampling_area_screen": "compact_lake_review",
        "sampling_readiness_posture": "site_review_required",
        "sampling_known_inputs": [
          "official lake identity",
          "official geometry-derived location",
          "mapped water-surface area"
        ],
        "sampling_missing_inputs": [
          "bathymetry and basin depth",
          "sediment preservation and prior coring history",
          "shore access and landowner contact",
          "permit requirements",
          "field hazards and logistics"
        ],
        "temporal_posture": "current_hydrographic_identity_only"
      }
    },
    {
      "type": "Feature",
      "geometry": {
        "type": "Point",
        "coordinates": [
          14.210785,
          58.317875
        ]
      },
      "properties": {
        "source": "SMHI SVAR",
        "layer_key": "svar-lakes",
        "layer_label": "SMHI SVAR lake registry",
        "category": "Lake registry",
        "country": "SE",
        "record_id": "646681-140779",
        "name": "Mullsj\u00f6n",
        "register_name": "",
        "water_name": "Mullsj\u00f6n",
        "fallback_name": "67000_Mullsj\u00f6n_(14.21,58.32)",
        "sjoid": "646681-140779",
        "sj_uuid": "4BF630DF-8990-4BA0-904D-809A13DF3116",
        "sj_vatten_id": "WA17429526",
        "district": "SE4",
        "water_surface_elevation_m": 133.0,
        "area_km2": 3.918493,
        "lake_name_status": "water_surface_name",
        "source_url": "https://vattenwebb.smhi.se/svarwebb/?sjoid=646681-140779",
        "geometry_type": "Polygon",
        "candidate_selection_reasons": [
          "direct_pollen_proximity"
        ],
        "matched_pollen_records": [
          "neotoma-pollen:3303"
        ],
        "nearest_pollen_distance_km": 0.0447,
        "source_geometry_type": "Polygon",
        "representative_point_method": "official_geometry_representative_point",
        "sampling_area_screen": "lake_area_screen_complete",
        "sampling_readiness_posture": "site_review_required",
        "sampling_known_inputs": [
          "official lake identity",
          "official geometry-derived location",
          "mapped water-surface area"
        ],
        "sampling_missing_inputs": [
          "bathymetry and basin depth",
          "sediment preservation and prior coring history",
          "shore access and landowner contact",
          "permit requirements",
          "field hazards and logistics"
        ],
        "temporal_posture": "current_hydrographic_identity_only"
      }
    },
    {
      "type": "Feature",
      "geometry": {
        "type": "Point",
        "coordinates": [
          14.495725,
          57.4729
        ]
      },
      "properties": {
        "source": "SMHI SVAR",
        "layer_key": "svar-lakes",
        "layer_label": "SMHI SVAR lake registry",
        "category": "Lake registry",
        "country": "SE",
        "record_id": "637237-142137",
        "name": "Nordanskogs Damm",
        "register_name": "",
        "water_name": "Nordanskogs Damm",
        "fallback_name": "98000_Nordanskogs Damm_(14.5,57.47)",
        "sjoid": "637237-142137",
        "sj_uuid": "46F5474E-01F8-46C2-A720-326C797CC759",
        "sj_vatten_id": "WA63102125",
        "district": "SE5",
        "water_surface_elevation_m": 292.3,
        "area_km2": 0.252509,
        "lake_name_status": "water_surface_name",
        "source_url": "https://vattenwebb.smhi.se/svarwebb/?sjoid=637237-142137",
        "geometry_type": "Polygon",
        "candidate_selection_reasons": [
          "direct_pollen_proximity"
        ],
        "matched_pollen_records": [
          "neotoma-pollen:3470"
        ],
        "nearest_pollen_distance_km": 2.0885,
        "source_geometry_type": "Polygon",
        "representative_point_method": "official_geometry_representative_point",
        "sampling_area_screen": "lake_area_screen_complete",
        "sampling_readiness_posture": "site_review_required",
        "sampling_known_inputs": [
          "official lake identity",
          "official geometry-derived location",
          "mapped water-surface area"
        ],
        "sampling_missing_inputs": [
          "bathymetry and basin depth",
          "sediment preservation and prior coring history",
          "shore access and landowner contact",
          "permit requirements",
          "field hazards and logistics"
        ],
        "temporal_posture": "current_hydrographic_identity_only"
      }
    },
    {
      "type": "Feature",
      "geometry": {
        "type": "Point",
        "coordinates": [
          16.426007,
          61.810118
        ]
      },
      "properties": {
        "source": "SMHI SVAR",
        "layer_key": "svar-lakes",
        "layer_label": "SMHI SVAR lake registry",
        "category": "Lake registry",
        "country": "SE",
        "record_id": "685509-153253",
        "name": "Norr-L\u00e5ngen",
        "register_name": "",
        "water_name": "Norr-L\u00e5ngen",
        "fallback_name": "45000_Norr-L\u00e5ngen_(16.43,61.81)",
        "sjoid": "685509-153253",
        "sj_uuid": "71E4B4CF-3DF5-456E-9360-747384D539D6",
        "sj_vatten_id": "WA69873065",
        "district": "SE2",
        "water_surface_elevation_m": 114.1,
        "area_km2": 0.114889,
        "lake_name_status": "water_surface_name",
        "source_url": "https://vattenwebb.smhi.se/svarwebb/?sjoid=685509-153253",
        "geometry_type": "Polygon",
        "candidate_selection_reasons": [
          "direct_pollen_proximity"
        ],
        "matched_pollen_records": [
          "neotoma-pollen:13336"
        ],
        "nearest_pollen_distance_km": 1.6679,
        "source_geometry_type": "Polygon",
        "representative_point_method": "official_geometry_representative_point",
        "sampling_area_screen": "compact_lake_review",
        "sampling_readiness_posture": "site_review_required",
        "sampling_known_inputs": [
          "official lake identity",
          "official geometry-derived location",
          "mapped water-surface area"
        ],
        "sampling_missing_inputs": [
          "bathymetry and basin depth",
          "sediment preservation and prior coring history",
          "shore access and landowner contact",
          "permit requirements",
          "field hazards and logistics"
        ],
        "temporal_posture": "current_hydrographic_identity_only"
      }
    },
    {
      "type": "Feature",
      "geometry": {
        "type": "Point",
        "coordinates": [
          11.60074,
          58.552564
        ]
      },
      "properties": {
        "source": "SMHI SVAR",
        "layer_key": "svar-lakes",
        "layer_label": "SMHI SVAR lake registry",
        "category": "Lake registry",
        "country": "SE",
        "record_id": "649958-125585",
        "name": "\u00d6revattnet",
        "register_name": "",
        "water_name": "\u00d6revattnet",
        "fallback_name": "110000_\u00d6revattnet_(11.6,58.55)",
        "sjoid": "649958-125585",
        "sj_uuid": "49E1EEB6-C965-4265-9C1E-DC5C61FA3D46",
        "sj_vatten_id": "WA77442797",
        "district": "SE5",
        "water_surface_elevation_m": 99.2,
        "area_km2": 0.324934,
        "lake_name_status": "water_surface_name",
        "source_url": "https://vattenwebb.smhi.se/svarwebb/?sjoid=649958-125585",
        "geometry_type": "Polygon",
        "candidate_selection_reasons": [
          "direct_pollen_proximity"
        ],
        "matched_pollen_records": [
          "landclim-sites:897303:Treh\u00f6rningen:58.550000:11.600000",
          "landclim-sites:937075:TRE"
        ],
        "nearest_pollen_distance_km": 0.2883,
        "source_geometry_type": "Polygon",
        "representative_point_method": "official_geometry_representative_point",
        "sampling_area_screen": "lake_area_screen_complete",
        "sampling_readiness_posture": "site_review_required",
        "sampling_known_inputs": [
          "official lake identity",
          "official geometry-derived location",
          "mapped water-surface area"
        ],
        "sampling_missing_inputs": [
          "bathymetry and basin depth",
          "sediment preservation and prior coring history",
          "shore access and landowner contact",
          "permit requirements",
          "field hazards and logistics"
        ],
        "temporal_posture": "current_hydrographic_identity_only"
      }
    },
    {
      "type": "Feature",
      "geometry": {
        "type": "Point",
        "coordinates": [
          13.549973,
          55.86857
        ]
      },
      "properties": {
        "source": "SMHI SVAR",
        "layer_key": "svar-lakes",
        "layer_label": "SMHI SVAR lake registry",
        "category": "Lake registry",
        "country": "SE",
        "record_id": "619626-135565",
        "name": "\u00d6stra Ringsj\u00f6n",
        "register_name": "",
        "water_name": "\u00d6stra Ringsj\u00f6n",
        "fallback_name": "96000_\u00d6stra Ringsj\u00f6n_(13.55,55.87)",
        "sjoid": "619626-135565",
        "sj_uuid": "1346E8DD-0BEE-4126-AFCE-0322BD05356D",
        "sj_vatten_id": "WA76357027",
        "district": "SE5",
        "water_surface_elevation_m": 53.0,
        "area_km2": 24.728453,
        "lake_name_status": "water_surface_name",
        "source_url": "https://vattenwebb.smhi.se/svarwebb/?sjoid=619626-135565",
        "geometry_type": "Polygon",
        "candidate_selection_reasons": [
          "named_target_review"
        ],
        "matched_pollen_records": [],
        "nearest_pollen_distance_km": null,
        "source_geometry_type": "Polygon",
        "representative_point_method": "official_geometry_representative_point",
        "sampling_area_screen": "large_lake_site_selection_required",
        "sampling_readiness_posture": "site_review_required",
        "sampling_known_inputs": [
          "official lake identity",
          "official geometry-derived location",
          "mapped water-surface area"
        ],
        "sampling_missing_inputs": [
          "bathymetry and basin depth",
          "sediment preservation and prior coring history",
          "shore access and landowner contact",
          "permit requirements",
          "field hazards and logistics"
        ],
        "temporal_posture": "current_hydrographic_identity_only"
      }
    },
    {
      "type": "Feature",
      "geometry": {
        "type": "Point",
        "coordinates": [
          12.171613,
          58.601715
        ]
      },
      "properties": {
        "source": "SMHI SVAR",
        "layer_key": "svar-lakes",
        "layer_label": "SMHI SVAR lake registry",
        "category": "Lake registry",
        "country": "SE",
        "record_id": "650313-128855",
        "name": "\u00d6vre Idetj\u00e4rn",
        "register_name": "",
        "water_name": "\u00d6vre Idetj\u00e4rn",
        "fallback_name": "110000_\u00d6vre Idetj\u00e4rn_(12.17,58.6)",
        "sjoid": "650313-128855",
        "sj_uuid": "A0FB0F9E-6D37-443C-86D4-D696782D1422",
        "sj_vatten_id": "WA44228536",
        "district": "SE5",
        "water_surface_elevation_m": 143.4,
        "area_km2": 0.098739,
        "lake_name_status": "water_surface_name",
        "source_url": "https://vattenwebb.smhi.se/svarwebb/?sjoid=650313-128855",
        "geometry_type": "Polygon",
        "candidate_selection_reasons": [
          "direct_pollen_proximity"
        ],
        "matched_pollen_records": [
          "neotoma-pollen:3317",
          "neotoma-pollen:3334"
        ],
        "nearest_pollen_distance_km": 0.6698,
        "source_geometry_type": "Polygon",
        "representative_point_method": "official_geometry_representative_point",
        "sampling_area_screen": "compact_lake_review",
        "sampling_readiness_posture": "site_review_required",
        "sampling_known_inputs": [
          "official lake identity",
          "official geometry-derived location",
          "mapped water-surface area"
        ],
        "sampling_missing_inputs": [
          "bathymetry and basin depth",
          "sediment preservation and prior coring history",
          "shore access and landowner contact",
          "permit requirements",
          "field hazards and logistics"
        ],
        "temporal_posture": "current_hydrographic_identity_only"
      }
    },
    {
      "type": "Feature",
      "geometry": {
        "type": "Point",
        "coordinates": [
          14.263906,
          57.729772
        ]
      },
      "properties": {
        "source": "SMHI SVAR",
        "layer_key": "svar-lakes",
        "layer_label": "SMHI SVAR lake registry",
        "category": "Lake registry",
        "country": "SE",
        "record_id": "640217-140809",
        "name": "Rogbergasj\u00f6n",
        "register_name": "",
        "water_name": "Rogbergasj\u00f6n",
        "fallback_name": "67000_Rogbergasj\u00f6n_(14.26,57.73)",
        "sjoid": "640217-140809",
        "sj_uuid": "1C2C4112-E0C6-4AAA-9A18-C18809C562FD",
        "sj_vatten_id": "WA76745583",
        "district": "SE4",
        "water_surface_elevation_m": 221.0,
        "area_km2": 0.745513,
        "lake_name_status": "water_surface_name",
        "source_url": "https://vattenwebb.smhi.se/svarwebb/?sjoid=640217-140809",
        "geometry_type": "Polygon",
        "candidate_selection_reasons": [
          "direct_pollen_proximity"
        ],
        "matched_pollen_records": [
          "neotoma-pollen:28858",
          "landclim-sites:897303:Rogberga:57.736111:14.288611",
          "landclim-sites:900966:GC21:Rogberga",
          "landclim-sites:937075:ROGB"
        ],
        "nearest_pollen_distance_km": 1.6271,
        "source_geometry_type": "Polygon",
        "representative_point_method": "official_geometry_representative_point",
        "sampling_area_screen": "lake_area_screen_complete",
        "sampling_readiness_posture": "site_review_required",
        "sampling_known_inputs": [
          "official lake identity",
          "official geometry-derived location",
          "mapped water-surface area"
        ],
        "sampling_missing_inputs": [
          "bathymetry and basin depth",
          "sediment preservation and prior coring history",
          "shore access and landowner contact",
          "permit requirements",
          "field hazards and logistics"
        ],
        "temporal_posture": "current_hydrographic_identity_only"
      }
    },
    {
      "type": "Feature",
      "geometry": {
        "type": "Point",
        "coordinates": [
          16.089132,
          57.017085
        ]
      },
      "properties": {
        "source": "SMHI SVAR",
        "layer_key": "svar-lakes",
        "layer_label": "SMHI SVAR lake registry",
        "category": "Lake registry",
        "country": "SE",
        "record_id": "632142-151758",
        "name": "Rummeh\u00f6lj",
        "register_name": "",
        "water_name": "Rummeh\u00f6lj",
        "fallback_name": "75000_Rummeh\u00f6lj_(16.09,57.02)",
        "sjoid": "632142-151758",
        "sj_uuid": "AFE7E1C2-4250-4009-A69D-1E07B3ADF2F1",
        "sj_vatten_id": "WA75255968",
        "district": "SE4",
        "water_surface_elevation_m": 74.0,
        "area_km2": 0.076319,
        "lake_name_status": "water_surface_name",
        "source_url": "https://vattenwebb.smhi.se/svarwebb/?sjoid=632142-151758",
        "geometry_type": "Polygon",
        "candidate_selection_reasons": [
          "direct_pollen_proximity"
        ],
        "matched_pollen_records": [
          "landclim-sites:897303:Sk\u00e4rsg\u00f6larna:57.016667:16.116667",
          "landclim-sites:937075:SKAR"
        ],
        "nearest_pollen_distance_km": 1.6674,
        "source_geometry_type": "Polygon",
        "representative_point_method": "official_geometry_representative_point",
        "sampling_area_screen": "compact_lake_review",
        "sampling_readiness_posture": "site_review_required",
        "sampling_known_inputs": [
          "official lake identity",
          "official geometry-derived location",
          "mapped water-surface area"
        ],
        "sampling_missing_inputs": [
          "bathymetry and basin depth",
          "sediment preservation and prior coring history",
          "shore access and landowner contact",
          "permit requirements",
          "field hazards and logistics"
        ],
        "temporal_posture": "current_hydrographic_identity_only"
      }
    },
    {
      "type": "Feature",
      "geometry": {
        "type": "Point",
        "coordinates": [
          14.506506,
          57.69707
        ]
      },
      "properties": {
        "source": "SMHI SVAR",
        "layer_key": "svar-lakes",
        "layer_label": "SMHI SVAR lake registry",
        "category": "Lake registry",
        "country": "SE",
        "record_id": "639779-142252",
        "name": "Runserydssj\u00f6n",
        "register_name": "",
        "water_name": "Runserydssj\u00f6n",
        "fallback_name": "67000_Runserydssj\u00f6n_(14.51,57.7)",
        "sjoid": "639779-142252",
        "sj_uuid": "A93E66CE-F247-44D8-8E50-8AAD16C5F107",
        "sj_vatten_id": "WA73961035",
        "district": "SE4",
        "water_surface_elevation_m": 278.0,
        "area_km2": 0.066697,
        "lake_name_status": "water_surface_name",
        "source_url": "https://vattenwebb.smhi.se/svarwebb/?sjoid=639779-142252",
        "geometry_type": "Polygon",
        "candidate_selection_reasons": [
          "direct_pollen_proximity"
        ],
        "matched_pollen_records": [
          "neotoma-pollen:28887"
        ],
        "nearest_pollen_distance_km": 1.1582,
        "source_geometry_type": "Polygon",
        "representative_point_method": "official_geometry_representative_point",
        "sampling_area_screen": "compact_lake_review",
        "sampling_readiness_posture": "site_review_required",
        "sampling_known_inputs": [
          "official lake identity",
          "official geometry-derived location",
          "mapped water-surface area"
        ],
        "sampling_missing_inputs": [
          "bathymetry and basin depth",
          "sediment preservation and prior coring history",
          "shore access and landowner contact",
          "permit requirements",
          "field hazards and logistics"
        ],
        "temporal_posture": "current_hydrographic_identity_only"
      }
    },
    {
      "type": "Feature",
      "geometry": {
        "type": "Point",
        "coordinates": [
          14.209283,
          56.609117
        ]
      },
      "properties": {
        "source": "SMHI SVAR",
        "layer_key": "svar-lakes",
        "layer_label": "SMHI SVAR lake registry",
        "category": "Lake registry",
        "country": "SE",
        "record_id": "627772-140227",
        "name": "S\u00e5gan\u00e4ssj\u00f6n",
        "register_name": "",
        "water_name": "S\u00e5gan\u00e4ssj\u00f6n",
        "fallback_name": "88000_S\u00e5gan\u00e4ssj\u00f6n_(14.21,56.61)",
        "sjoid": "627772-140227",
        "sj_uuid": "70E9AE01-8108-40A6-9C02-1A4FB174DB8C",
        "sj_vatten_id": "WA96586951",
        "district": "SE4",
        "water_surface_elevation_m": 141.0,
        "area_km2": 0.908489,
        "lake_name_status": "water_surface_name",
        "source_url": "https://vattenwebb.smhi.se/svarwebb/?sjoid=627772-140227",
        "geometry_type": "Polygon",
        "candidate_selection_reasons": [
          "direct_pollen_proximity"
        ],
        "matched_pollen_records": [
          "landclim-sites:897303:Dj\u00e4knabygd (out-field):56.616667:14.200000",
          "landclim-sites:897303:R\u00e5shult (in-field):56.616667:14.200000",
          "landclim-sites:900966:GC20:Dj\u00e4knabygd (out-field)",
          "landclim-sites:900966:GC20:R\u00e5shult (in-field)",
          "landclim-sites:937075:DJAK",
          "landclim-sites:937075:RASH"
        ],
        "nearest_pollen_distance_km": 1.0136,
        "source_geometry_type": "Polygon",
        "representative_point_method": "official_geometry_representative_point",
        "sampling_area_screen": "lake_area_screen_complete",
        "sampling_readiness_posture": "site_review_required",
        "sampling_known_inputs": [
          "official lake identity",
          "official geometry-derived location",
          "mapped water-surface area"
        ],
        "sampling_missing_inputs": [
          "bathymetry and basin depth",
          "sediment preservation and prior coring history",
          "shore access and landowner contact",
          "permit requirements",
          "field hazards and logistics"
        ],
        "temporal_posture": "current_hydrographic_identity_only"
      }
    },
    {
      "type": "Feature",
      "geometry": {
        "type": "Point",
        "coordinates": [
          12.413072,
          57.163399
        ]
      },
      "properties": {
        "source": "SMHI SVAR",
        "layer_key": "svar-lakes",
        "layer_label": "SMHI SVAR lake registry",
        "category": "Lake registry",
        "country": "SE",
        "record_id": "634272-129453",
        "name": "S\u00e4mbosj\u00f6n",
        "register_name": "",
        "water_name": "S\u00e4mbosj\u00f6n",
        "fallback_name": "104000_S\u00e4mbosj\u00f6n_(12.41,57.16)",
        "sjoid": "634272-129453",
        "sj_uuid": "FB4E6389-E15B-4898-859F-A1B017F10DE8",
        "sj_vatten_id": "WA50232980",
        "district": "SE5",
        "water_surface_elevation_m": 34.5,
        "area_km2": 0.195971,
        "lake_name_status": "water_surface_name",
        "source_url": "https://vattenwebb.smhi.se/svarwebb/?sjoid=634272-129453",
        "geometry_type": "Polygon",
        "candidate_selection_reasons": [
          "direct_pollen_proximity"
        ],
        "matched_pollen_records": [
          "neotoma-pollen:3398"
        ],
        "nearest_pollen_distance_km": 0.0776,
        "source_geometry_type": "Polygon",
        "representative_point_method": "official_geometry_representative_point",
        "sampling_area_screen": "lake_area_screen_complete",
        "sampling_readiness_posture": "site_review_required",
        "sampling_known_inputs": [
          "official lake identity",
          "official geometry-derived location",
          "mapped water-surface area"
        ],
        "sampling_missing_inputs": [
          "bathymetry and basin depth",
          "sediment preservation and prior coring history",
          "shore access and landowner contact",
          "permit requirements",
          "field hazards and logistics"
        ],
        "temporal_posture": "current_hydrographic_identity_only"
      }
    },
    {
      "type": "Feature",
      "geometry": {
        "type": "Point",
        "coordinates": [
          13.400357,
          56.770193
        ]
      },
      "properties": {
        "source": "SMHI SVAR",
        "layer_key": "svar-lakes",
        "layer_label": "SMHI SVAR lake registry",
        "category": "Lake registry",
        "country": "SE",
        "record_id": "629700-135327",
        "name": "Sandsj\u00f6n",
        "register_name": "",
        "water_name": "Sandsj\u00f6n",
        "fallback_name": "98000_Sandsj\u00f6n_(13.4,56.77)",
        "sjoid": "629700-135327",
        "sj_uuid": "43C97C48-68D6-4A8F-8272-91D0259ADBC5",
        "sj_vatten_id": "WA81511808",
        "district": "SE5",
        "water_surface_elevation_m": 157.2,
        "area_km2": 0.661877,
        "lake_name_status": "water_surface_name",
        "source_url": "https://vattenwebb.smhi.se/svarwebb/?sjoid=629700-135327",
        "geometry_type": "Polygon",
        "candidate_selection_reasons": [
          "direct_pollen_proximity"
        ],
        "matched_pollen_records": [
          "neotoma-pollen:14455"
        ],
        "nearest_pollen_distance_km": 0.079,
        "source_geometry_type": "Polygon",
        "representative_point_method": "official_geometry_representative_point",
        "sampling_area_screen": "lake_area_screen_complete",
        "sampling_readiness_posture": "site_review_required",
        "sampling_known_inputs": [
          "official lake identity",
          "official geometry-derived location",
          "mapped water-surface area"
        ],
        "sampling_missing_inputs": [
          "bathymetry and basin depth",
          "sediment preservation and prior coring history",
          "shore access and landowner contact",
          "permit requirements",
          "field hazards and logistics"
        ],
        "temporal_posture": "current_hydrographic_identity_only"
      }
    },
    {
      "type": "Feature",
      "geometry": {
        "type": "Point",
        "coordinates": [
          15.368608,
          56.320743
        ]
      },
      "properties": {
        "source": "SMHI SVAR",
        "layer_key": "svar-lakes",
        "layer_label": "SMHI SVAR lake registry",
        "category": "Lake registry",
        "country": "SE",
        "record_id": "624421-147234",
        "name": "S\u00e4nnen",
        "register_name": "",
        "water_name": "S\u00e4nnen",
        "fallback_name": "81082_S\u00e4nnen_(15.37,56.32)",
        "sjoid": "624421-147234",
        "sj_uuid": "564E04E2-CD04-4B1F-9E52-409429A9CF1D",
        "sj_vatten_id": "WA50751682",
        "district": "SE4",
        "water_surface_elevation_m": 62.3,
        "area_km2": 0.990172,
        "lake_name_status": "water_surface_name",
        "source_url": "https://vattenwebb.smhi.se/svarwebb/?sjoid=624421-147234",
        "geometry_type": "MultiPolygon",
        "candidate_selection_reasons": [
          "direct_pollen_proximity"
        ],
        "matched_pollen_records": [
          "neotoma-pollen:22656"
        ],
        "nearest_pollen_distance_km": 0.1443,
        "source_geometry_type": "MultiPolygon",
        "representative_point_method": "official_geometry_representative_point",
        "sampling_area_screen": "lake_area_screen_complete",
        "sampling_readiness_posture": "site_review_required",
        "sampling_known_inputs": [
          "official lake identity",
          "official geometry-derived location",
          "mapped water-surface area"
        ],
        "sampling_missing_inputs": [
          "bathymetry and basin depth",
          "sediment preservation and prior coring history",
          "shore access and landowner contact",
          "permit requirements",
          "field hazards and logistics"
        ],
        "temporal_posture": "current_hydrographic_identity_only"
      }
    },
    {
      "type": "Feature",
      "geometry": {
        "type": "Point",
        "coordinates": [
          18.527093,
          57.341825
        ]
      },
      "properties": {
        "source": "SMHI SVAR",
        "layer_key": "svar-lakes",
        "layer_label": "SMHI SVAR lake registry",
        "category": "Lake registry",
        "country": "SE",
        "record_id": "636053-166363",
        "name": "Sigvaldetr\u00e4sk",
        "register_name": "",
        "water_name": "Sigvaldetr\u00e4sk",
        "fallback_name": "117118_Sigvaldetr\u00e4sk_(18.53,57.34)",
        "sjoid": "636053-166363",
        "sj_uuid": "47747C51-4F7D-437E-9BAE-938C7D83C1A9",
        "sj_vatten_id": "WA46684054",
        "district": "SE4",
        "water_surface_elevation_m": 40.7,
        "area_km2": 0.087096,
        "lake_name_status": "water_surface_name",
        "source_url": "https://vattenwebb.smhi.se/svarwebb/?sjoid=636053-166363",
        "geometry_type": "Polygon",
        "candidate_selection_reasons": [
          "direct_pollen_proximity"
        ],
        "matched_pollen_records": [
          "neotoma-pollen:3411"
        ],
        "nearest_pollen_distance_km": 0.0996,
        "source_geometry_type": "Polygon",
        "representative_point_method": "official_geometry_representative_point",
        "sampling_area_screen": "compact_lake_review",
        "sampling_readiness_posture": "site_review_required",
        "sampling_known_inputs": [
          "official lake identity",
          "official geometry-derived location",
          "mapped water-surface area"
        ],
        "sampling_missing_inputs": [
          "bathymetry and basin depth",
          "sediment preservation and prior coring history",
          "shore access and landowner contact",
          "permit requirements",
          "field hazards and logistics"
        ],
        "temporal_posture": "current_hydrographic_identity_only"
      }
    },
    {
      "type": "Feature",
      "geometry": {
        "type": "Point",
        "coordinates": [
          19.929825,
          65.332222
        ]
      },
      "properties": {
        "source": "SMHI SVAR",
        "layer_key": "svar-lakes",
        "layer_label": "SMHI SVAR lake registry",
        "category": "Lake registry",
        "country": "SE",
        "record_id": "725433-169167",
        "name": "Siktr\u00e4sket",
        "register_name": "",
        "water_name": "Siktr\u00e4sket",
        "fallback_name": "18000_Siktr\u00e4sket_(19.93,65.33)",
        "sjoid": "725433-169167",
        "sj_uuid": "47B48671-D657-4612-B21B-0BDD19D37F0F",
        "sj_vatten_id": "WA45618911",
        "district": "SE1",
        "water_surface_elevation_m": 294.2,
        "area_km2": 0.145722,
        "lake_name_status": "water_surface_name",
        "source_url": "https://vattenwebb.smhi.se/svarwebb/?sjoid=725433-169167",
        "geometry_type": "Polygon",
        "candidate_selection_reasons": [
          "direct_pollen_proximity"
        ],
        "matched_pollen_records": [
          "landclim-sites:897303:Garaselet (Byske\u00e4lven):65.333333:19.933333",
          "landclim-sites:937075:GAR"
        ],
        "nearest_pollen_distance_km": 0.2044,
        "source_geometry_type": "Polygon",
        "representative_point_method": "official_geometry_representative_point",
        "sampling_area_screen": "compact_lake_review",
        "sampling_readiness_posture": "site_review_required",
        "sampling_known_inputs": [
          "official lake identity",
          "official geometry-derived location",
          "mapped water-surface area"
        ],
        "sampling_missing_inputs": [
          "bathymetry and basin depth",
          "sediment preservation and prior coring history",
          "shore access and landowner contact",
          "permit requirements",
          "field hazards and logistics"
        ],
        "temporal_posture": "current_hydrographic_identity_only"
      }
    },
    {
      "type": "Feature",
      "geometry": {
        "type": "Point",
        "coordinates": [
          14.921636,
          60.64648
        ]
      },
      "properties": {
        "source": "SMHI SVAR",
        "layer_key": "svar-lakes",
        "layer_label": "SMHI SVAR lake registry",
        "category": "Lake registry",
        "country": "SE",
        "record_id": "672569-145189",
        "name": "Sisstj\u00e4rnen",
        "register_name": "",
        "water_name": "Sisstj\u00e4rnen",
        "fallback_name": "53000_Sisstj\u00e4rnen_(14.92,60.65)",
        "sjoid": "672569-145189",
        "sj_uuid": "D257D979-70CC-4E7A-8745-0EC89AB74FA7",
        "sj_vatten_id": "WA12027917",
        "district": "SE2",
        "water_surface_elevation_m": 216.4,
        "area_km2": 0.096361,
        "lake_name_status": "water_surface_name",
        "source_url": "https://vattenwebb.smhi.se/svarwebb/?sjoid=672569-145189",
        "geometry_type": "Polygon",
        "candidate_selection_reasons": [
          "direct_pollen_proximity"
        ],
        "matched_pollen_records": [
          "landclim-sites:897303:Holtj\u00e4rnen:60.650000:14.916667",
          "landclim-sites:900966:GC27:Holtj\u00e4rnen",
          "landclim-sites:937075:HOL",
          "neotoma-pollen:14040"
        ],
        "nearest_pollen_distance_km": 0.476,
        "source_geometry_type": "Polygon",
        "representative_point_method": "official_geometry_representative_point",
        "sampling_area_screen": "compact_lake_review",
        "sampling_readiness_posture": "site_review_required",
        "sampling_known_inputs": [
          "official lake identity",
          "official geometry-derived location",
          "mapped water-surface area"
        ],
        "sampling_missing_inputs": [
          "bathymetry and basin depth",
          "sediment preservation and prior coring history",
          "shore access and landowner contact",
          "permit requirements",
          "field hazards and logistics"
        ],
        "temporal_posture": "current_hydrographic_identity_only"
      }
    },
    {
      "type": "Feature",
      "geometry": {
        "type": "Point",
        "coordinates": [
          14.59241,
          56.683348
        ]
      },
      "properties": {
        "source": "SMHI SVAR",
        "layer_key": "svar-lakes",
        "layer_label": "SMHI SVAR lake registry",
        "category": "Lake registry",
        "country": "SE",
        "record_id": "628520-142563",
        "name": "Spj\u00e4llsj\u00f6n",
        "register_name": "",
        "water_name": "Spj\u00e4llsj\u00f6n",
        "fallback_name": "86000_Spj\u00e4llsj\u00f6n_(14.59,56.68)",
        "sjoid": "628520-142563",
        "sj_uuid": "1901F84D-30F5-4D25-8728-08D10B5F5BCF",
        "sj_vatten_id": "WA42539835",
        "district": "SE4",
        "water_surface_elevation_m": 146.0,
        "area_km2": 0.403117,
        "lake_name_status": "water_surface_name",
        "source_url": "https://vattenwebb.smhi.se/svarwebb/?sjoid=628520-142563",
        "geometry_type": "Polygon",
        "candidate_selection_reasons": [
          "direct_pollen_proximity"
        ],
        "matched_pollen_records": [
          "neotoma-pollen:3435"
        ],
        "nearest_pollen_distance_km": 0.0305,
        "source_geometry_type": "Polygon",
        "representative_point_method": "official_geometry_representative_point",
        "sampling_area_screen": "lake_area_screen_complete",
        "sampling_readiness_posture": "site_review_required",
        "sampling_known_inputs": [
          "official lake identity",
          "official geometry-derived location",
          "mapped water-surface area"
        ],
        "sampling_missing_inputs": [
          "bathymetry and basin depth",
          "sediment preservation and prior coring history",
          "shore access and landowner contact",
          "permit requirements",
          "field hazards and logistics"
        ],
        "temporal_posture": "current_hydrographic_identity_only"
      }
    },
    {
      "type": "Feature",
      "geometry": {
        "type": "Point",
        "coordinates": [
          13.439355,
          56.352413
        ]
      },
      "properties": {
        "source": "SMHI SVAR",
        "layer_key": "svar-lakes",
        "layer_label": "SMHI SVAR lake registry",
        "category": "Lake registry",
        "country": "SE",
        "record_id": "624937-135360",
        "name": "Stj\u00e4rneholmssj\u00f6n",
        "register_name": "",
        "water_name": "Stj\u00e4rneholmssj\u00f6n",
        "fallback_name": "96000_Stj\u00e4rneholmssj\u00f6n_(13.44,56.35)",
        "sjoid": "624937-135360",
        "sj_uuid": "BDD6CC84-D912-43C0-9566-BB1A82D8FC86",
        "sj_vatten_id": "WA70427371",
        "district": "SE5",
        "water_surface_elevation_m": 105.3,
        "area_km2": 0.073509,
        "lake_name_status": "water_surface_name",
        "source_url": "https://vattenwebb.smhi.se/svarwebb/?sjoid=624937-135360",
        "geometry_type": "Polygon",
        "candidate_selection_reasons": [
          "direct_pollen_proximity"
        ],
        "matched_pollen_records": [
          "landclim-sites:897303:Bj\u00e4rabygget:56.350000:13.466667",
          "landclim-sites:937075:BJARA",
          "neotoma-pollen:28811"
        ],
        "nearest_pollen_distance_km": 1.704,
        "source_geometry_type": "Polygon",
        "representative_point_method": "official_geometry_representative_point",
        "sampling_area_screen": "compact_lake_review",
        "sampling_readiness_posture": "site_review_required",
        "sampling_known_inputs": [
          "official lake identity",
          "official geometry-derived location",
          "mapped water-surface area"
        ],
        "sampling_missing_inputs": [
          "bathymetry and basin depth",
          "sediment preservation and prior coring history",
          "shore access and landowner contact",
          "permit requirements",
          "field hazards and logistics"
        ],
        "temporal_posture": "current_hydrographic_identity_only"
      }
    },
    {
      "type": "Feature",
      "geometry": {
        "type": "Point",
        "coordinates": [
          16.512573,
          61.80718
        ]
      },
      "properties": {
        "source": "SMHI SVAR",
        "layer_key": "svar-lakes",
        "layer_label": "SMHI SVAR lake registry",
        "category": "Lake registry",
        "country": "SE",
        "record_id": "685496-153902",
        "name": "St\u00f6mnesj\u00f6n",
        "register_name": "",
        "water_name": "St\u00f6mnesj\u00f6n",
        "fallback_name": "45000_St\u00f6mnesj\u00f6n_(16.52,61.8)",
        "sjoid": "685496-153902",
        "sj_uuid": "04CFC0F3-6226-4552-B5F2-B3E014C3ACD9",
        "sj_vatten_id": "WA76522973",
        "district": "SE2",
        "water_surface_elevation_m": 58.1,
        "area_km2": 2.438561,
        "lake_name_status": "water_surface_name",
        "source_url": "https://vattenwebb.smhi.se/svarwebb/?sjoid=685496-153902",
        "geometry_type": "MultiPolygon",
        "candidate_selection_reasons": [
          "direct_pollen_proximity"
        ],
        "matched_pollen_records": [
          "landclim-sites:897303:Klotj\u00e4rnen:61.816667:16.533333",
          "landclim-sites:937075:KLO"
        ],
        "nearest_pollen_distance_km": 1.5172,
        "source_geometry_type": "MultiPolygon",
        "representative_point_method": "official_geometry_representative_point",
        "sampling_area_screen": "lake_area_screen_complete",
        "sampling_readiness_posture": "site_review_required",
        "sampling_known_inputs": [
          "official lake identity",
          "official geometry-derived location",
          "mapped water-surface area"
        ],
        "sampling_missing_inputs": [
          "bathymetry and basin depth",
          "sediment preservation and prior coring history",
          "shore access and landowner contact",
          "permit requirements",
          "field hazards and logistics"
        ],
        "temporal_posture": "current_hydrographic_identity_only"
      }
    },
    {
      "type": "Feature",
      "geometry": {
        "type": "Point",
        "coordinates": [
          12.581877,
          57.122779
        ]
      },
      "properties": {
        "source": "SMHI SVAR",
        "layer_key": "svar-lakes",
        "layer_label": "SMHI SVAR lake registry",
        "category": "Lake registry",
        "country": "SE",
        "record_id": "633731-130485",
        "name": "Stora Asj\u00f6n",
        "register_name": "",
        "water_name": "Stora Asj\u00f6n",
        "fallback_name": "104000_Stora Asj\u00f6n_(12.58,57.12)",
        "sjoid": "633731-130485",
        "sj_uuid": "E3E96515-3E86-495E-871A-C38C7E6EE323",
        "sj_vatten_id": "WA15396392",
        "district": "SE5",
        "water_surface_elevation_m": 102.3,
        "area_km2": 0.08389,
        "lake_name_status": "water_surface_name",
        "source_url": "https://vattenwebb.smhi.se/svarwebb/?sjoid=633731-130485",
        "geometry_type": "Polygon",
        "candidate_selection_reasons": [
          "direct_pollen_proximity"
        ],
        "matched_pollen_records": [
          "neotoma-pollen:28892",
          "landclim-sites:937075:BOCK1",
          "landclim-sites:897303:Bocksten BP 1:57.116667:12.566667"
        ],
        "nearest_pollen_distance_km": 1.142,
        "source_geometry_type": "Polygon",
        "representative_point_method": "official_geometry_representative_point",
        "sampling_area_screen": "compact_lake_review",
        "sampling_readiness_posture": "site_review_required",
        "sampling_known_inputs": [
          "official lake identity",
          "official geometry-derived location",
          "mapped water-surface area"
        ],
        "sampling_missing_inputs": [
          "bathymetry and basin depth",
          "sediment preservation and prior coring history",
          "shore access and landowner contact",
          "permit requirements",
          "field hazards and logistics"
        ],
        "temporal_posture": "current_hydrographic_identity_only"
      }
    },
    {
      "type": "Feature",
      "geometry": {
        "type": "Point",
        "coordinates": [
          14.588934,
          60.305105
        ]
      },
      "properties": {
        "source": "SMHI SVAR",
        "layer_key": "svar-lakes",
        "layer_label": "SMHI SVAR lake registry",
        "category": "Lake registry",
        "country": "SE",
        "record_id": "668828-143325",
        "name": "Stora H\u00e5ven",
        "register_name": "",
        "water_name": "Stora H\u00e5ven",
        "fallback_name": "61000_Stora H\u00e5ven_(14.59,60.31)",
        "sjoid": "668828-143325",
        "sj_uuid": "54A5393A-D079-4A4E-8C3A-19A16DC49175",
        "sj_vatten_id": "WA18184981",
        "district": "SE3",
        "water_surface_elevation_m": 276.1,
        "area_km2": 0.588566,
        "lake_name_status": "water_surface_name",
        "source_url": "https://vattenwebb.smhi.se/svarwebb/?sjoid=668828-143325",
        "geometry_type": "Polygon",
        "candidate_selection_reasons": [
          "direct_pollen_proximity"
        ],
        "matched_pollen_records": [
          "landclim-sites:897303:Storflen II:60.300000:14.583333",
          "landclim-sites:900966:GC27:Storflen II",
          "landclim-sites:937075:STF",
          "neotoma-pollen:28864"
        ],
        "nearest_pollen_distance_km": 0.6461,
        "source_geometry_type": "Polygon",
        "representative_point_method": "official_geometry_representative_point",
        "sampling_area_screen": "lake_area_screen_complete",
        "sampling_readiness_posture": "site_review_required",
        "sampling_known_inputs": [
          "official lake identity",
          "official geometry-derived location",
          "mapped water-surface area"
        ],
        "sampling_missing_inputs": [
          "bathymetry and basin depth",
          "sediment preservation and prior coring history",
          "shore access and landowner contact",
          "permit requirements",
          "field hazards and logistics"
        ],
        "temporal_posture": "current_hydrographic_identity_only"
      }
    },
    {
      "type": "Feature",
      "geometry": {
        "type": "Point",
        "coordinates": [
          15.275219,
          56.943998
        ]
      },
      "properties": {
        "source": "SMHI SVAR",
        "layer_key": "svar-lakes",
        "layer_label": "SMHI SVAR lake registry",
        "category": "Lake registry",
        "country": "SE",
        "record_id": "631360-146750",
        "name": "Storasj\u00f6",
        "register_name": "",
        "water_name": "Storasj\u00f6",
        "fallback_name": "86000_Storasj\u00f6_(15.28,56.94)",
        "sjoid": "631360-146750",
        "sj_uuid": "5F0444F5-EC86-4946-AF2A-D0A9F7FE6021",
        "sj_vatten_id": "WA20238025",
        "district": "SE4",
        "water_surface_elevation_m": 252.1,
        "area_km2": 0.352434,
        "lake_name_status": "water_surface_name",
        "source_url": "https://vattenwebb.smhi.se/svarwebb/?sjoid=631360-146750",
        "geometry_type": "Polygon",
        "candidate_selection_reasons": [
          "direct_pollen_proximity"
        ],
        "matched_pollen_records": [
          "landclim-sites:897303:Storasj\u00f6:56.933333:15.266667",
          "neotoma-pollen:28874"
        ],
        "nearest_pollen_distance_km": 1.2944,
        "source_geometry_type": "Polygon",
        "representative_point_method": "official_geometry_representative_point",
        "sampling_area_screen": "lake_area_screen_complete",
        "sampling_readiness_posture": "site_review_required",
        "sampling_known_inputs": [
          "official lake identity",
          "official geometry-derived location",
          "mapped water-surface area"
        ],
        "sampling_missing_inputs": [
          "bathymetry and basin depth",
          "sediment preservation and prior coring history",
          "shore access and landowner contact",
          "permit requirements",
          "field hazards and logistics"
        ],
        "temporal_posture": "current_hydrographic_identity_only"
      }
    },
    {
      "type": "Feature",
      "geometry": {
        "type": "Point",
        "coordinates": [
          16.227514,
          57.709408
        ]
      },
      "properties": {
        "source": "SMHI SVAR",
        "layer_key": "svar-lakes",
        "layer_label": "SMHI SVAR lake registry",
        "category": "Lake registry",
        "country": "SE",
        "record_id": "639722-152504",
        "name": "Storsj\u00f6n",
        "register_name": "",
        "water_name": "Storsj\u00f6n",
        "fallback_name": "71000_Storsj\u00f6n_(16.23,57.71)",
        "sjoid": "639722-152504",
        "sj_uuid": "48DB10A5-3984-4198-AA09-F8501ECF9702",
        "sj_vatten_id": "WA42302370",
        "district": "SE4",
        "water_surface_elevation_m": 91.2,
        "area_km2": 2.078323,
        "lake_name_status": "water_surface_name",
        "source_url": "https://vattenwebb.smhi.se/svarwebb/?sjoid=639722-152504",
        "geometry_type": "Polygon",
        "candidate_selection_reasons": [
          "direct_pollen_proximity"
        ],
        "matched_pollen_records": [
          "landclim-sites:937075:Storsjon"
        ],
        "nearest_pollen_distance_km": 0.3789,
        "source_geometry_type": "Polygon",
        "representative_point_method": "official_geometry_representative_point",
        "sampling_area_screen": "lake_area_screen_complete",
        "sampling_readiness_posture": "site_review_required",
        "sampling_known_inputs": [
          "official lake identity",
          "official geometry-derived location",
          "mapped water-surface area"
        ],
        "sampling_missing_inputs": [
          "bathymetry and basin depth",
          "sediment preservation and prior coring history",
          "shore access and landowner contact",
          "permit requirements",
          "field hazards and logistics"
        ],
        "temporal_posture": "current_hydrographic_identity_only"
      }
    },
    {
      "type": "Feature",
      "geometry": {
        "type": "Point",
        "coordinates": [
          13.580894,
          62.333413
        ]
      },
      "properties": {
        "source": "SMHI SVAR",
        "layer_key": "svar-lakes",
        "layer_label": "SMHI SVAR lake registry",
        "category": "Lake registry",
        "country": "SE",
        "record_id": "691561-138476",
        "name": "Styggtj\u00e4rnen",
        "register_name": "",
        "water_name": "Styggtj\u00e4rnen",
        "fallback_name": "48000_Styggtj\u00e4rnen_(13.58,62.33)",
        "sjoid": "691561-138476",
        "sj_uuid": "8D471F6B-EFE8-470A-AB18-B31F6498680D",
        "sj_vatten_id": "WA81673355",
        "district": "SE2",
        "water_surface_elevation_m": 490.8,
        "area_km2": 0.056046,
        "lake_name_status": "water_surface_name",
        "source_url": "https://vattenwebb.smhi.se/svarwebb/?sjoid=691561-138476",
        "geometry_type": "Polygon",
        "candidate_selection_reasons": [
          "direct_pollen_proximity"
        ],
        "matched_pollen_records": [
          "neotoma-pollen:13335"
        ],
        "nearest_pollen_distance_km": 1.5634,
        "source_geometry_type": "Polygon",
        "representative_point_method": "official_geometry_representative_point",
        "sampling_area_screen": "compact_lake_review",
        "sampling_readiness_posture": "site_review_required",
        "sampling_known_inputs": [
          "official lake identity",
          "official geometry-derived location",
          "mapped water-surface area"
        ],
        "sampling_missing_inputs": [
          "bathymetry and basin depth",
          "sediment preservation and prior coring history",
          "shore access and landowner contact",
          "permit requirements",
          "field hazards and logistics"
        ],
        "temporal_posture": "current_hydrographic_identity_only"
      }
    },
    {
      "type": "Feature",
      "geometry": {
        "type": "Point",
        "coordinates": [
          19.547954,
          64.264145
        ]
      },
      "properties": {
        "source": "SMHI SVAR",
        "layer_key": "svar-lakes",
        "layer_label": "SMHI SVAR lake registry",
        "category": "Lake registry",
        "country": "SE",
        "record_id": "713388-168125",
        "name": "Svartk\u00e4lstj\u00e4rnen",
        "register_name": "",
        "water_name": "Svartk\u00e4lstj\u00e4rnen",
        "fallback_name": "28000_Svartk\u00e4lstj\u00e4rnen_(19.55,64.26)",
        "sjoid": "713388-168125",
        "sj_uuid": "B7E38712-F85F-416A-A43E-6D9455D5E9DF",
        "sj_vatten_id": "WA35224613",
        "district": "SE1",
        "water_surface_elevation_m": 258.0,
        "area_km2": 0.029735,
        "lake_name_status": "water_surface_name",
        "source_url": "https://vattenwebb.smhi.se/svarwebb/?sjoid=713388-168125",
        "geometry_type": "Polygon",
        "candidate_selection_reasons": [
          "direct_pollen_proximity"
        ],
        "matched_pollen_records": [
          "landclim-sites:897303:Svartk\u00e4lstj\u00e4rn:64.266667:19.550000",
          "landclim-sites:937075:SVA",
          "neotoma-pollen:28856"
        ],
        "nearest_pollen_distance_km": 0.2973,
        "source_geometry_type": "Polygon",
        "representative_point_method": "official_geometry_representative_point",
        "sampling_area_screen": "micro_basin_review",
        "sampling_readiness_posture": "site_review_required",
        "sampling_known_inputs": [
          "official lake identity",
          "official geometry-derived location",
          "mapped water-surface area"
        ],
        "sampling_missing_inputs": [
          "bathymetry and basin depth",
          "sediment preservation and prior coring history",
          "shore access and landowner contact",
          "permit requirements",
          "field hazards and logistics"
        ],
        "temporal_posture": "current_hydrographic_identity_only"
      }
    },
    {
      "type": "Feature",
      "geometry": {
        "type": "Point",
        "coordinates": [
          14.576947,
          56.552361
        ]
      },
      "properties": {
        "source": "SMHI SVAR",
        "layer_key": "svar-lakes",
        "layer_label": "SMHI SVAR lake registry",
        "category": "Lake registry",
        "country": "SE",
        "record_id": "627016-142433",
        "name": "T\u00e4rningetorpssj\u00f6n",
        "register_name": "",
        "water_name": "T\u00e4rningetorpssj\u00f6n",
        "fallback_name": "86000_T\u00e4rningetorpssj\u00f6n_(14.58,56.55)",
        "sjoid": "627016-142433",
        "sj_uuid": "D66240B8-A33C-40A1-B15D-434094D1AE04",
        "sj_vatten_id": "WA94115380",
        "district": "SE4",
        "water_surface_elevation_m": 161.1,
        "area_km2": 0.041227,
        "lake_name_status": "water_surface_name",
        "source_url": "https://vattenwebb.smhi.se/svarwebb/?sjoid=627016-142433",
        "geometry_type": "Polygon",
        "candidate_selection_reasons": [
          "direct_pollen_proximity"
        ],
        "matched_pollen_records": [
          "neotoma-pollen:3140"
        ],
        "nearest_pollen_distance_km": 2.2315,
        "source_geometry_type": "Polygon",
        "representative_point_method": "official_geometry_representative_point",
        "sampling_area_screen": "micro_basin_review",
        "sampling_readiness_posture": "site_review_required",
        "sampling_known_inputs": [
          "official lake identity",
          "official geometry-derived location",
          "mapped water-surface area"
        ],
        "sampling_missing_inputs": [
          "bathymetry and basin depth",
          "sediment preservation and prior coring history",
          "shore access and landowner contact",
          "permit requirements",
          "field hazards and logistics"
        ],
        "temporal_posture": "current_hydrographic_identity_only"
      }
    },
    {
      "type": "Feature",
      "geometry": {
        "type": "Point",
        "coordinates": [
          14.830729,
          57.043953
        ]
      },
      "properties": {
        "source": "SMHI SVAR",
        "layer_key": "svar-lakes",
        "layer_label": "SMHI SVAR lake registry",
        "category": "Lake registry",
        "country": "SE",
        "record_id": "632538-144149",
        "name": "Tjuredasj\u00f6n",
        "register_name": "",
        "water_name": "Tjuredasj\u00f6n",
        "fallback_name": "86000_Tjuredasj\u00f6n_(14.83,57.04)",
        "sjoid": "632538-144149",
        "sj_uuid": "3E6E9DB3-3E85-43FE-BDB4-CA9241CEFC9D",
        "sj_vatten_id": "WA79958040",
        "district": "SE4",
        "water_surface_elevation_m": 178.1,
        "area_km2": 1.6205,
        "lake_name_status": "water_surface_name",
        "source_url": "https://vattenwebb.smhi.se/svarwebb/?sjoid=632538-144149",
        "geometry_type": "Polygon",
        "candidate_selection_reasons": [
          "direct_pollen_proximity"
        ],
        "matched_pollen_records": [
          "neotoma-pollen:28873",
          "landclim-sites:897303:Stavs\u00e5kra:57.024167:14.813056",
          "landclim-sites:900966:GC21:Stavs\u00e5kra",
          "landclim-sites:937075:STAV"
        ],
        "nearest_pollen_distance_km": 2.4458,
        "source_geometry_type": "Polygon",
        "representative_point_method": "official_geometry_representative_point",
        "sampling_area_screen": "lake_area_screen_complete",
        "sampling_readiness_posture": "site_review_required",
        "sampling_known_inputs": [
          "official lake identity",
          "official geometry-derived location",
          "mapped water-surface area"
        ],
        "sampling_missing_inputs": [
          "bathymetry and basin depth",
          "sediment preservation and prior coring history",
          "shore access and landowner contact",
          "permit requirements",
          "field hazards and logistics"
        ],
        "temporal_posture": "current_hydrographic_identity_only"
      }
    },
    {
      "type": "Feature",
      "geometry": {
        "type": "Point",
        "coordinates": [
          16.562595,
          56.510144
        ]
      },
      "properties": {
        "source": "SMHI SVAR",
        "layer_key": "svar-lakes",
        "layer_label": "SMHI SVAR lake registry",
        "category": "Lake registry",
        "country": "SE",
        "record_id": "626462-154670",
        "name": "Torpmossen",
        "register_name": "",
        "water_name": "Torpmossen",
        "fallback_name": "119000_Torpmossen_(16.56,56.51)",
        "sjoid": "626462-154670",
        "sj_uuid": "5F8C0983-A79B-4114-844D-C727E1B22AD0",
        "sj_vatten_id": "WA14920238",
        "district": "SE4",
        "water_surface_elevation_m": 14.8,
        "area_km2": 0.158314,
        "lake_name_status": "water_surface_name",
        "source_url": "https://vattenwebb.smhi.se/svarwebb/?sjoid=626462-154670",
        "geometry_type": "Polygon",
        "candidate_selection_reasons": [
          "direct_pollen_proximity"
        ],
        "matched_pollen_records": [
          "landclim-sites:897303:Torpmossen T1:56.509722:16.563889",
          "landclim-sites:897303:Torpmossen T7:56.509722:16.563889",
          "landclim-sites:937075:TORP1",
          "landclim-sites:937075:TORP7"
        ],
        "nearest_pollen_distance_km": 0.0922,
        "source_geometry_type": "Polygon",
        "representative_point_method": "official_geometry_representative_point",
        "sampling_area_screen": "wetland_identity_review",
        "sampling_readiness_posture": "site_review_required",
        "sampling_known_inputs": [
          "official lake identity",
          "official geometry-derived location",
          "mapped water-surface area"
        ],
        "sampling_missing_inputs": [
          "bathymetry and basin depth",
          "sediment preservation and prior coring history",
          "shore access and landowner contact",
          "permit requirements",
          "field hazards and logistics"
        ],
        "temporal_posture": "current_hydrographic_identity_only"
      }
    },
    {
      "type": "Feature",
      "geometry": {
        "type": "Point",
        "coordinates": [
          14.493912,
          57.67154
        ]
      },
      "properties": {
        "source": "SMHI SVAR",
        "layer_key": "svar-lakes",
        "layer_label": "SMHI SVAR lake registry",
        "category": "Lake registry",
        "country": "SE",
        "record_id": "639482-142166",
        "name": "Trollsg\u00f6l",
        "register_name": "",
        "water_name": "Trollsg\u00f6l",
        "fallback_name": "67000_Trollsg\u00f6l_(14.49,57.67)",
        "sjoid": "639482-142166",
        "sj_uuid": "E8E41843-87D3-40BE-9C5A-74BA216A0FAA",
        "sj_vatten_id": "WA73447157",
        "district": "SE4",
        "water_surface_elevation_m": 282.0,
        "area_km2": 0.041907,
        "lake_name_status": "water_surface_name",
        "source_url": "https://vattenwebb.smhi.se/svarwebb/?sjoid=639482-142166",
        "geometry_type": "Polygon",
        "candidate_selection_reasons": [
          "direct_pollen_proximity"
        ],
        "matched_pollen_records": [
          "landclim-sites:897303:Aveg\u00f6l:57.683333:14.500000",
          "landclim-sites:900966:GC21:Aveg\u00f6l",
          "landclim-sites:937075:AVEG"
        ],
        "nearest_pollen_distance_km": 1.3604,
        "source_geometry_type": "Polygon",
        "representative_point_method": "official_geometry_representative_point",
        "sampling_area_screen": "micro_basin_review",
        "sampling_readiness_posture": "site_review_required",
        "sampling_known_inputs": [
          "official lake identity",
          "official geometry-derived location",
          "mapped water-surface area"
        ],
        "sampling_missing_inputs": [
          "bathymetry and basin depth",
          "sediment preservation and prior coring history",
          "shore access and landowner contact",
          "permit requirements",
          "field hazards and logistics"
        ],
        "temporal_posture": "current_hydrographic_identity_only"
      }
    },
    {
      "type": "Feature",
      "geometry": {
        "type": "Point",
        "coordinates": [
          14.831836,
          56.859813
        ]
      },
      "properties": {
        "source": "SMHI SVAR",
        "layer_key": "svar-lakes",
        "layer_label": "SMHI SVAR lake registry",
        "category": "Lake registry",
        "country": "SE",
        "record_id": "630447-143993",
        "name": "Trummen",
        "register_name": "",
        "water_name": "Trummen",
        "fallback_name": "86000_Trummen_(14.83,56.86)",
        "sjoid": "630447-143993",
        "sj_uuid": "6998D595-F8B5-46AF-9F23-260246D7AA14",
        "sj_vatten_id": "WA95984195",
        "district": "SE4",
        "water_surface_elevation_m": 161.1,
        "area_km2": 0.770818,
        "lake_name_status": "water_surface_name",
        "source_url": "https://vattenwebb.smhi.se/svarwebb/?sjoid=630447-143993",
        "geometry_type": "Polygon",
        "candidate_selection_reasons": [
          "direct_pollen_proximity"
        ],
        "matched_pollen_records": [
          "neotoma-pollen:3477",
          "landclim-sites:897303:Lake Trummen:56.866667:14.833333",
          "landclim-sites:900966:GC20:Lake Trummen",
          "landclim-sites:937075:TRU"
        ],
        "nearest_pollen_distance_km": 0.3813,
        "source_geometry_type": "Polygon",
        "representative_point_method": "official_geometry_representative_point",
        "sampling_area_screen": "lake_area_screen_complete",
        "sampling_readiness_posture": "site_review_required",
        "sampling_known_inputs": [
          "official lake identity",
          "official geometry-derived location",
          "mapped water-surface area"
        ],
        "sampling_missing_inputs": [
          "bathymetry and basin depth",
          "sediment preservation and prior coring history",
          "shore access and landowner contact",
          "permit requirements",
          "field hazards and logistics"
        ],
        "temporal_posture": "current_hydrographic_identity_only"
      }
    },
    {
      "type": "Feature",
      "geometry": {
        "type": "Point",
        "coordinates": [
          13.261107,
          56.527721
        ]
      },
      "properties": {
        "source": "SMHI SVAR",
        "layer_key": "svar-lakes",
        "layer_label": "SMHI SVAR lake registry",
        "category": "Lake registry",
        "country": "SE",
        "record_id": "626949-134332",
        "name": "Uddaredssj\u00f6n",
        "register_name": "",
        "water_name": "Uddaredssj\u00f6n",
        "fallback_name": "98000_Uddaredssj\u00f6n_(13.26,56.53)",
        "sjoid": "626949-134332",
        "sj_uuid": "FE32DD68-6E66-4712-BA12-B4320960EE23",
        "sj_vatten_id": "WA62355242",
        "district": "SE5",
        "water_surface_elevation_m": 56.1,
        "area_km2": 0.075976,
        "lake_name_status": "water_surface_name",
        "source_url": "https://vattenwebb.smhi.se/svarwebb/?sjoid=626949-134332",
        "geometry_type": "Polygon",
        "candidate_selection_reasons": [
          "direct_pollen_proximity"
        ],
        "matched_pollen_records": [
          "neotoma-pollen:28813",
          "landclim-sites:937075:UDDA",
          "landclim-sites:897303:Uddared:56.516667:13.250000"
        ],
        "nearest_pollen_distance_km": 1.405,
        "source_geometry_type": "Polygon",
        "representative_point_method": "official_geometry_representative_point",
        "sampling_area_screen": "compact_lake_review",
        "sampling_readiness_posture": "site_review_required",
        "sampling_known_inputs": [
          "official lake identity",
          "official geometry-derived location",
          "mapped water-surface area"
        ],
        "sampling_missing_inputs": [
          "bathymetry and basin depth",
          "sediment preservation and prior coring history",
          "shore access and landowner contact",
          "permit requirements",
          "field hazards and logistics"
        ],
        "temporal_posture": "current_hydrographic_identity_only"
      }
    },
    {
      "type": "Feature",
      "geometry": {
        "type": "Point",
        "coordinates": [
          15.850291,
          60.089033
        ]
      },
      "properties": {
        "source": "SMHI SVAR",
        "layer_key": "svar-lakes",
        "layer_label": "SMHI SVAR lake registry",
        "category": "Lake registry",
        "country": "SE",
        "record_id": "666346-150259",
        "name": "Ungtj\u00e4rnen",
        "register_name": "",
        "water_name": "Ungtj\u00e4rnen",
        "fallback_name": "61000_Ungtj\u00e4rnen_(15.85,60.09)",
        "sjoid": "666346-150259",
        "sj_uuid": "1BBC83AF-DC6A-4221-9F59-80271844011A",
        "sj_vatten_id": "WA41774947",
        "district": "SE3",
        "water_surface_elevation_m": 157.1,
        "area_km2": 0.101555,
        "lake_name_status": "water_surface_name",
        "source_url": "https://vattenwebb.smhi.se/svarwebb/?sjoid=666346-150259",
        "geometry_type": "Polygon",
        "candidate_selection_reasons": [
          "direct_pollen_proximity"
        ],
        "matched_pollen_records": [
          "landclim-sites:897303:Gilltj\u00e4rnen:60.083333:15.833333",
          "neotoma-pollen:28866"
        ],
        "nearest_pollen_distance_km": 1.134,
        "source_geometry_type": "Polygon",
        "representative_point_method": "official_geometry_representative_point",
        "sampling_area_screen": "compact_lake_review",
        "sampling_readiness_posture": "site_review_required",
        "sampling_known_inputs": [
          "official lake identity",
          "official geometry-derived location",
          "mapped water-surface area"
        ],
        "sampling_missing_inputs": [
          "bathymetry and basin depth",
          "sediment preservation and prior coring history",
          "shore access and landowner contact",
          "permit requirements",
          "field hazards and logistics"
        ],
        "temporal_posture": "current_hydrographic_identity_only"
      }
    },
    {
      "type": "Feature",
      "geometry": {
        "type": "Point",
        "coordinates": [
          14.692574,
          57.991712
        ]
      },
      "properties": {
        "source": "SMHI SVAR",
        "layer_key": "svar-lakes",
        "layer_label": "SMHI SVAR lake registry",
        "category": "Lake registry",
        "country": "SE",
        "record_id": "643108-143427",
        "name": "Valen",
        "register_name": "",
        "water_name": "Valen",
        "fallback_name": "67000_Valen_(14.69,57.99)",
        "sjoid": "643108-143427",
        "sj_uuid": "76EDD57D-0E02-425D-AE61-61E222389F84",
        "sj_vatten_id": "WA51301027",
        "district": "SE4",
        "water_surface_elevation_m": 186.0,
        "area_km2": 1.078064,
        "lake_name_status": "water_surface_name",
        "source_url": "https://vattenwebb.smhi.se/svarwebb/?sjoid=643108-143427",
        "geometry_type": "Polygon",
        "candidate_selection_reasons": [
          "direct_pollen_proximity"
        ],
        "matched_pollen_records": [
          "landclim-sites:937075:DAG"
        ],
        "nearest_pollen_distance_km": 1.0202,
        "source_geometry_type": "Polygon",
        "representative_point_method": "official_geometry_representative_point",
        "sampling_area_screen": "lake_area_screen_complete",
        "sampling_readiness_posture": "site_review_required",
        "sampling_known_inputs": [
          "official lake identity",
          "official geometry-derived location",
          "mapped water-surface area"
        ],
        "sampling_missing_inputs": [
          "bathymetry and basin depth",
          "sediment preservation and prior coring history",
          "shore access and landowner contact",
          "permit requirements",
          "field hazards and logistics"
        ],
        "temporal_posture": "current_hydrographic_identity_only"
      }
    },
    {
      "type": "Feature",
      "geometry": {
        "type": "Point",
        "coordinates": [
          13.46978,
          56.312348
        ]
      },
      "properties": {
        "source": "SMHI SVAR",
        "layer_key": "svar-lakes",
        "layer_label": "SMHI SVAR lake registry",
        "category": "Lake registry",
        "country": "SE",
        "record_id": "624606-135677",
        "name": "V\u00e4rsj\u00f6n",
        "register_name": "",
        "water_name": "V\u00e4rsj\u00f6n",
        "fallback_name": "88000_V\u00e4rsj\u00f6n_(13.46,56.31)",
        "sjoid": "624606-135677",
        "sj_uuid": "130F748E-383B-4C87-A8DA-E19D3690F548",
        "sj_vatten_id": "WA66381025",
        "district": "SE4",
        "water_surface_elevation_m": 126.1,
        "area_km2": 2.660824,
        "lake_name_status": "water_surface_name",
        "source_url": "https://vattenwebb.smhi.se/svarwebb/?sjoid=624606-135677",
        "geometry_type": "MultiPolygon",
        "candidate_selection_reasons": [
          "direct_pollen_proximity"
        ],
        "matched_pollen_records": [
          "landclim-sites:897303:V\u00e4rsj\u00f6 Utmark:56.316667:13.433333",
          "landclim-sites:937075:VUTM",
          "neotoma-pollen:28888"
        ],
        "nearest_pollen_distance_km": 2.2985,
        "source_geometry_type": "MultiPolygon",
        "representative_point_method": "official_geometry_representative_point",
        "sampling_area_screen": "lake_area_screen_complete",
        "sampling_readiness_posture": "site_review_required",
        "sampling_known_inputs": [
          "official lake identity",
          "official geometry-derived location",
          "mapped water-surface area"
        ],
        "sampling_missing_inputs": [
          "bathymetry and basin depth",
          "sediment preservation and prior coring history",
          "shore access and landowner contact",
          "permit requirements",
          "field hazards and logistics"
        ],
        "temporal_posture": "current_hydrographic_identity_only"
      }
    },
    {
      "type": "Feature",
      "geometry": {
        "type": "Point",
        "coordinates": [
          15.108866,
          56.335626
        ]
      },
      "properties": {
        "source": "SMHI SVAR",
        "layer_key": "svar-lakes",
        "layer_label": "SMHI SVAR lake registry",
        "category": "Lake registry",
        "country": "SE",
        "record_id": "624536-145676",
        "name": "Vitavatten",
        "register_name": "",
        "water_name": "Vitavatten",
        "fallback_name": "84000_Vitavatten_(15.11,56.34)",
        "sjoid": "624536-145676",
        "sj_uuid": "56F58E48-8642-449D-BB80-CC023916A082",
        "sj_vatten_id": "WA98188074",
        "district": "SE4",
        "water_surface_elevation_m": 70.5,
        "area_km2": 0.197556,
        "lake_name_status": "water_surface_name",
        "source_url": "https://vattenwebb.smhi.se/svarwebb/?sjoid=624536-145676",
        "geometry_type": "Polygon",
        "candidate_selection_reasons": [
          "direct_pollen_proximity"
        ],
        "matched_pollen_records": [
          "neotoma-pollen:3495"
        ],
        "nearest_pollen_distance_km": 0.5078,
        "source_geometry_type": "Polygon",
        "representative_point_method": "official_geometry_representative_point",
        "sampling_area_screen": "lake_area_screen_complete",
        "sampling_readiness_posture": "site_review_required",
        "sampling_known_inputs": [
          "official lake identity",
          "official geometry-derived location",
          "mapped water-surface area"
        ],
        "sampling_missing_inputs": [
          "bathymetry and basin depth",
          "sediment preservation and prior coring history",
          "shore access and landowner contact",
          "permit requirements",
          "field hazards and logistics"
        ],
        "temporal_posture": "current_hydrographic_identity_only"
      }
    },
    {
      "type": "Feature",
      "geometry": {
        "type": "Point",
        "coordinates": [
          18.780558,
          68.341237
        ]
      },
      "properties": {
        "source": "SMHI SVAR",
        "layer_key": "svar-lakes",
        "layer_label": "SMHI SVAR lake registry",
        "category": "Lake registry",
        "country": "SE",
        "record_id": "758610-162253",
        "name": "Vuolep Njakajaure",
        "register_name": "",
        "water_name": "Vuolep Njakajaure",
        "fallback_name": "1000_Vuolep Njakajaure_(18.78,68.34)",
        "sjoid": "758610-162253",
        "sj_uuid": "D012953D-6878-4549-AB44-3C47257137BA",
        "sj_vatten_id": "WA86101153",
        "district": "SE1TO",
        "water_surface_elevation_m": 407.1,
        "area_km2": 0.126632,
        "lake_name_status": "water_surface_name",
        "source_url": "https://vattenwebb.smhi.se/svarwebb/?sjoid=758610-162253",
        "geometry_type": "Polygon",
        "candidate_selection_reasons": [
          "direct_pollen_proximity"
        ],
        "matched_pollen_records": [
          "neotoma-pollen:28859",
          "neotoma-pollen:28144",
          "landclim-sites:897303:Lake Badsj\u00f6n:68.333333:18.750000",
          "landclim-sites:897303:Lake Vuolep Njakajaure:68.333333:18.750000",
          "landclim-sites:900966:GC33:Badsj\u00f6n",
          "landclim-sites:900966:GC33:Vuolep Njakajaure",
          "landclim-sites:937075:BAD",
          "landclim-sites:937075:VoNj"
        ],
        "nearest_pollen_distance_km": 0.0481,
        "source_geometry_type": "Polygon",
        "representative_point_method": "official_geometry_representative_point",
        "sampling_area_screen": "compact_lake_review",
        "sampling_readiness_posture": "site_review_required",
        "sampling_known_inputs": [
          "official lake identity",
          "official geometry-derived location",
          "mapped water-surface area"
        ],
        "sampling_missing_inputs": [
          "bathymetry and basin depth",
          "sediment preservation and prior coring history",
          "shore access and landowner contact",
          "permit requirements",
          "field hazards and logistics"
        ],
        "temporal_posture": "current_hydrographic_identity_only"
      }
    },
    {
      "type": "Feature",
      "geometry": {
        "type": "Point",
        "coordinates": [
          19.100239,
          68.346095
        ]
      },
      "properties": {
        "source": "SMHI SVAR",
        "layer_key": "svar-lakes",
        "layer_label": "SMHI SVAR lake registry",
        "category": "Lake registry",
        "country": "SE",
        "record_id": "758801-163578",
        "name": "Vuoskojaure",
        "register_name": "",
        "water_name": "Vuoskojaure",
        "fallback_name": "1000_Vuoskojaure_(19.1,68.35)",
        "sjoid": "758801-163578",
        "sj_uuid": "B3E5D655-91A6-4988-B23D-D28C25B2EB21",
        "sj_vatten_id": "WA24402538",
        "district": "SE1TO",
        "water_surface_elevation_m": 350.1,
        "area_km2": 0.687817,
        "lake_name_status": "water_surface_name",
        "source_url": "https://vattenwebb.smhi.se/svarwebb/?sjoid=758801-163578",
        "geometry_type": "Polygon",
        "candidate_selection_reasons": [
          "direct_pollen_proximity"
        ],
        "matched_pollen_records": [
          "neotoma-pollen:26117"
        ],
        "nearest_pollen_distance_km": 0.0603,
        "source_geometry_type": "Polygon",
        "representative_point_method": "official_geometry_representative_point",
        "sampling_area_screen": "lake_area_screen_complete",
        "sampling_readiness_posture": "site_review_required",
        "sampling_known_inputs": [
          "official lake identity",
          "official geometry-derived location",
          "mapped water-surface area"
        ],
        "sampling_missing_inputs": [
          "bathymetry and basin depth",
          "sediment preservation and prior coring history",
          "shore access and landowner contact",
          "permit requirements",
          "field hazards and logistics"
        ],
        "temporal_posture": "current_hydrographic_identity_only"
      }
    }
  ]
}