evidence_row_id,species_latin_name,project_accession,site_record_id,sample_record_ids,sample_rows_present,sample_lineage_present,site_evidence_present,chronology_evidence_present,coordinate_provenance_present,sample_locality_matches_site_record,sample_lineage_paths,site_evidence_path,site_evidence_locator,chronology_provenance_paths,coordinate_provenance_path,coordinate_provenance_locator,fully_accountable
animal-atlas-row:bos-taurus-prjeb75467-bos-taurus-locality-prjeb75467-hjrringtoftebk-denmark,Bos taurus,PRJEB75467,bos_taurus:locality:prjeb75467:hjrringtoftebk:denmark,bos_taurus:sample:prjeb75467:samea115574419,true,true,true,true,true,true,data/adna/governance/source_library/papers/10.1038-s41586-024-08112-6/supplementary/41586_2024_8112_MOESM3_ESM.xlsx || data/adna/governance/source_library/projects/PRJEB75467/archive_metadata.html,data/adna/governance/source_library/papers/10.1038-s41586-024-08112-6/supplementary/41586_2024_8112_MOESM3_ESM.xlsx,Supplementary Data 1!A26:Y26,data/adna/governance/source_library/papers/10.1038-s41586-024-08112-6/supplementary/41586_2024_8112_MOESM3_ESM.xlsx || data/adna/governance/source_library/projects/PRJEB75467/archive_metadata.html,data/adna/governance/source_library/papers/10.1038-s41586-024-08112-6/supplementary/41586_2024_8112_MOESM3_ESM.xlsx,Supplementary Data 1!A26:Y26,true
animal-atlas-row:bos-taurus-prjeb75467-bos-taurus-locality-prjeb75467-lundbyi-denmark,Bos taurus,PRJEB75467,bos_taurus:locality:prjeb75467:lundbyi:denmark,bos_taurus:sample:prjeb75467:samea115574456;bos_taurus:sample:prjeb75467:samea115574457,true,true,true,true,true,true,data/adna/governance/source_library/papers/10.1038-s41586-024-08112-6/supplementary/41586_2024_8112_MOESM3_ESM.xlsx || data/adna/governance/source_library/projects/PRJEB75467/archive_metadata.html,data/adna/governance/source_library/papers/10.1038-s41586-024-08112-6/supplementary/41586_2024_8112_MOESM3_ESM.xlsx,Supplementary Data 1!A36:Y36 || Supplementary Data 1!A41:Y41,data/adna/governance/source_library/papers/10.1038-s41586-024-08112-6/supplementary/41586_2024_8112_MOESM3_ESM.xlsx || data/adna/governance/source_library/projects/PRJEB75467/archive_metadata.html,data/adna/governance/source_library/papers/10.1038-s41586-024-08112-6/supplementary/41586_2024_8112_MOESM3_ESM.xlsx,Supplementary Data 1!A36:Y36 || Supplementary Data 1!A41:Y41,true
animal-atlas-row:bos-taurus-prjeb75467-bos-taurus-locality-prjeb75467-nevishg-sweden,Bos taurus,PRJEB75467,bos_taurus:locality:prjeb75467:nevishg:sweden,bos_taurus:sample:prjeb75467:samea115574441,true,true,true,true,true,true,data/adna/governance/source_library/papers/10.1038-s41586-024-08112-6/supplementary/41586_2024_8112_MOESM3_ESM.xlsx || data/adna/governance/source_library/projects/PRJEB75467/archive_metadata.html,data/adna/governance/source_library/papers/10.1038-s41586-024-08112-6/supplementary/41586_2024_8112_MOESM3_ESM.xlsx,Supplementary Data 1!A34:Y34,data/adna/governance/source_library/papers/10.1038-s41586-024-08112-6/supplementary/41586_2024_8112_MOESM3_ESM.xlsx || data/adna/governance/source_library/projects/PRJEB75467/archive_metadata.html,data/adna/governance/source_library/papers/10.1038-s41586-024-08112-6/supplementary/41586_2024_8112_MOESM3_ESM.xlsx,Supplementary Data 1!A34:Y34,true
animal-atlas-row:bos-taurus-prjeb75467-bos-taurus-locality-prjeb75467-skne-sweden,Bos taurus,PRJEB75467,bos_taurus:locality:prjeb75467:skne:sweden,bos_taurus:sample:prjeb75467:samea115574442,true,true,true,true,true,true,data/adna/governance/source_library/papers/10.1038-s41586-024-08112-6/supplementary/41586_2024_8112_MOESM3_ESM.xlsx || data/adna/governance/source_library/projects/PRJEB75467/archive_metadata.html,data/adna/governance/source_library/papers/10.1038-s41586-024-08112-6/supplementary/41586_2024_8112_MOESM3_ESM.xlsx,Supplementary Data 1!A33:Y33,data/adna/governance/source_library/papers/10.1038-s41586-024-08112-6/supplementary/41586_2024_8112_MOESM3_ESM.xlsx || data/adna/governance/source_library/projects/PRJEB75467/archive_metadata.html,data/adna/governance/source_library/papers/10.1038-s41586-024-08112-6/supplementary/41586_2024_8112_MOESM3_ESM.xlsx,Supplementary Data 1!A33:Y33,true
animal-atlas-row:capra-hircus-prjeb90141-capra-hircus-locality-prjeb90141-acemhyk-aksarayplainturkey,Capra hircus,PRJEB90141,capra_hircus:locality:prjeb90141:acemhyk:aksarayplainturkey,capra_hircus:sample:prjeb90141:samea4591761,true,true,true,true,true,true,data/adna/governance/source_library/papers/10.1093-gbe-evaf181/supplementary/GBE_Supplementary_Tables_S1-18_Goat_imputation.xlsx,data/adna/governance/source_library/papers/10.1093-gbe-evaf181/supplementary/GBE_Supplementary_Tables_S1-18_Goat_imputation.xlsx,Table S2 downsampled samples!row4,data/adna/governance/source_library/papers/10.1093-gbe-evaf181/supplementary/GBE_Supplementary_Tables_S1-18_Goat_imputation.xlsx,data/adna/governance/source_library/papers/10.1093-gbe-evaf181/supplementary/GBE_Supplementary_Tables_S1-18_Goat_imputation.xlsx,Table S2 downsampled samples!row4,true
animal-atlas-row:capra-hircus-prjeb90141-capra-hircus-locality-prjeb90141-blagotinpoljna-trstenikserbia,Capra hircus,PRJEB90141,capra_hircus:locality:prjeb90141:blagotinpoljna:trstenikserbia,capra_hircus:sample:prjeb90141:samea4588077,true,true,true,true,true,true,data/adna/governance/source_library/papers/10.1093-gbe-evaf181/supplementary/GBE_Supplementary_Tables_S1-18_Goat_imputation.xlsx,data/adna/governance/source_library/papers/10.1093-gbe-evaf181/supplementary/GBE_Supplementary_Tables_S1-18_Goat_imputation.xlsx,Table S2 downsampled samples!row3,data/adna/governance/source_library/papers/10.1093-gbe-evaf181/supplementary/GBE_Supplementary_Tables_S1-18_Goat_imputation.xlsx,data/adna/governance/source_library/papers/10.1093-gbe-evaf181/supplementary/GBE_Supplementary_Tables_S1-18_Goat_imputation.xlsx,Table S2 downsampled samples!row3,true
animal-atlas-row:capra-hircus-prjeb90141-capra-hircus-locality-prjeb90141-direklicave-taurusmountainsturkey,Capra hircus,PRJEB90141,capra_hircus:locality:prjeb90141:direklicave:taurusmountainsturkey,capra_hircus:sample:prjeb90141:samea4453841,true,true,true,true,true,true,data/adna/governance/source_library/papers/10.1093-gbe-evaf181/supplementary/GBE_Supplementary_Tables_S1-18_Goat_imputation.xlsx,data/adna/governance/source_library/papers/10.1093-gbe-evaf181/supplementary/GBE_Supplementary_Tables_S1-18_Goat_imputation.xlsx,Table S2 downsampled samples!row2,data/adna/governance/source_library/papers/10.1093-gbe-evaf181/supplementary/GBE_Supplementary_Tables_S1-18_Goat_imputation.xlsx,data/adna/governance/source_library/papers/10.1093-gbe-evaf181/supplementary/GBE_Supplementary_Tables_S1-18_Goat_imputation.xlsx,Table S2 downsampled samples!row2,true
animal-atlas-row:capra-hircus-prjeb90141-capra-hircus-locality-prjeb90141-sangechakhmaq-semnaniran,Capra hircus,PRJEB90141,capra_hircus:locality:prjeb90141:sangechakhmaq:semnaniran,capra_hircus:sample:prjeb90141:samea4591758,true,true,true,true,true,true,data/adna/governance/source_library/papers/10.1093-gbe-evaf181/supplementary/GBE_Supplementary_Tables_S1-18_Goat_imputation.xlsx,data/adna/governance/source_library/papers/10.1093-gbe-evaf181/supplementary/GBE_Supplementary_Tables_S1-18_Goat_imputation.xlsx,Table S2 downsampled samples!row5,data/adna/governance/source_library/papers/10.1093-gbe-evaf181/supplementary/GBE_Supplementary_Tables_S1-18_Goat_imputation.xlsx,data/adna/governance/source_library/papers/10.1093-gbe-evaf181/supplementary/GBE_Supplementary_Tables_S1-18_Goat_imputation.xlsx,Table S2 downsampled samples!row5,true
animal-atlas-row:capra-hircus-prjeb90261-capra-hircus-locality-prjeb90261-aguadulce-grancanaria,Capra hircus,PRJEB90261,capra_hircus:locality:prjeb90261:aguadulce:grancanaria,capra_hircus:sample:prjeb90261:pgull-1961,true,true,true,true,true,true,data/adna/governance/source_library/papers/10.1016-j.isci.2025.113771/supplementary/1-s2.0-S2589004225020322-mmc3.xlsx,data/adna/governance/source_library/papers/10.1016-j.isci.2025.113771/supplementary/1-s2.0-S2589004225020322-mmc3.xlsx,Table S2!row31,data/adna/governance/source_library/papers/10.1016-j.isci.2025.113771/supplementary/1-s2.0-S2589004225020322-mmc3.xlsx,data/adna/governance/source_library/papers/10.1016-j.isci.2025.113771/supplementary/1-s2.0-S2589004225020322-mmc3.xlsx,Table S2!row31,true
animal-atlas-row:capra-hircus-prjeb90261-capra-hircus-locality-prjeb90261-belmaco-lapalma,Capra hircus,PRJEB90261,capra_hircus:locality:prjeb90261:belmaco:lapalma,capra_hircus:sample:prjeb90261:pgull-2197,true,true,true,true,true,true,data/adna/governance/source_library/papers/10.1016-j.isci.2025.113771/supplementary/1-s2.0-S2589004225020322-mmc3.xlsx,data/adna/governance/source_library/papers/10.1016-j.isci.2025.113771/supplementary/1-s2.0-S2589004225020322-mmc3.xlsx,Table S2!row6,data/adna/governance/source_library/papers/10.1016-j.isci.2025.113771/supplementary/1-s2.0-S2589004225020322-mmc3.xlsx,data/adna/governance/source_library/papers/10.1016-j.isci.2025.113771/supplementary/1-s2.0-S2589004225020322-mmc3.xlsx,Table S2!row6,true
animal-atlas-row:capra-hircus-prjeb90261-capra-hircus-locality-prjeb90261-buracas-lapalma,Capra hircus,PRJEB90261,capra_hircus:locality:prjeb90261:buracas:lapalma,capra_hircus:sample:prjeb90261:pgull-2201,true,true,true,true,true,true,data/adna/governance/source_library/papers/10.1016-j.isci.2025.113771/supplementary/1-s2.0-S2589004225020322-mmc3.xlsx,data/adna/governance/source_library/papers/10.1016-j.isci.2025.113771/supplementary/1-s2.0-S2589004225020322-mmc3.xlsx,Table S2!row7,data/adna/governance/source_library/papers/10.1016-j.isci.2025.113771/supplementary/1-s2.0-S2589004225020322-mmc3.xlsx,data/adna/governance/source_library/papers/10.1016-j.isci.2025.113771/supplementary/1-s2.0-S2589004225020322-mmc3.xlsx,Table S2!row7,true
animal-atlas-row:capra-hircus-prjeb90261-capra-hircus-locality-prjeb90261-caserones-grancanaria,Capra hircus,PRJEB90261,capra_hircus:locality:prjeb90261:caserones:grancanaria,capra_hircus:sample:prjeb90261:pgull-2144;capra_hircus:sample:prjeb90261:pgull-2145,true,true,true,true,true,true,data/adna/governance/source_library/papers/10.1016-j.isci.2025.113771/supplementary/1-s2.0-S2589004225020322-mmc3.xlsx,data/adna/governance/source_library/papers/10.1016-j.isci.2025.113771/supplementary/1-s2.0-S2589004225020322-mmc3.xlsx,Table S2!row30,data/adna/governance/source_library/papers/10.1016-j.isci.2025.113771/supplementary/1-s2.0-S2589004225020322-mmc3.xlsx,data/adna/governance/source_library/papers/10.1016-j.isci.2025.113771/supplementary/1-s2.0-S2589004225020322-mmc3.xlsx,Table S2!row30,true
animal-atlas-row:capra-hircus-prjeb90261-capra-hircus-locality-prjeb90261-cuevadebencomo-tenerife,Capra hircus,PRJEB90261,capra_hircus:locality:prjeb90261:cuevadebencomo:tenerife,capra_hircus:sample:prjeb90261:pgull-1786,true,true,true,true,true,true,data/adna/governance/source_library/papers/10.1016-j.isci.2025.113771/supplementary/1-s2.0-S2589004225020322-mmc3.xlsx,data/adna/governance/source_library/papers/10.1016-j.isci.2025.113771/supplementary/1-s2.0-S2589004225020322-mmc3.xlsx,Table S2!row21,data/adna/governance/source_library/papers/10.1016-j.isci.2025.113771/supplementary/1-s2.0-S2589004225020322-mmc3.xlsx,data/adna/governance/source_library/papers/10.1016-j.isci.2025.113771/supplementary/1-s2.0-S2589004225020322-mmc3.xlsx,Table S2!row21,true
animal-atlas-row:capra-hircus-prjeb90261-capra-hircus-locality-prjeb90261-cuevadelaherradura-elhierro,Capra hircus,PRJEB90261,capra_hircus:locality:prjeb90261:cuevadelaherradura:elhierro,capra_hircus:sample:prjeb90261:pgull-1962;capra_hircus:sample:prjeb90261:pgull-1965;capra_hircus:sample:prjeb90261:pgull-2202,true,true,true,true,true,true,data/adna/governance/source_library/papers/10.1016-j.isci.2025.113771/supplementary/1-s2.0-S2589004225020322-mmc3.xlsx,data/adna/governance/source_library/papers/10.1016-j.isci.2025.113771/supplementary/1-s2.0-S2589004225020322-mmc3.xlsx,Table S2!row3,data/adna/governance/source_library/papers/10.1016-j.isci.2025.113771/supplementary/1-s2.0-S2589004225020322-mmc3.xlsx,data/adna/governance/source_library/papers/10.1016-j.isci.2025.113771/supplementary/1-s2.0-S2589004225020322-mmc3.xlsx,Table S2!row3,true
animal-atlas-row:capra-hircus-prjeb90261-capra-hircus-locality-prjeb90261-cuevadevillaverde-fuerteventura,Capra hircus,PRJEB90261,capra_hircus:locality:prjeb90261:cuevadevillaverde:fuerteventura,capra_hircus:sample:prjeb90261:pgull-1233;capra_hircus:sample:prjeb90261:pgull-1235;capra_hircus:sample:prjeb90261:pgull-1236;capra_hircus:sample:prjeb90261:pgull-1238;capra_hircus:sample:prjeb90261:pgull-1239;capra_hircus:sample:prjeb90261:pgull-1240;capra_hircus:sample:prjeb90261:pgull-1241;capra_hircus:sample:prjeb90261:pgull-1244;capra_hircus:sample:prjeb90261:pgull-1246;capra_hircus:sample:prjeb90261:pgull-1247;capra_hircus:sample:prjeb90261:pgull-1249;capra_hircus:sample:prjeb90261:pgull-1251;capra_hircus:sample:prjeb90261:pgull-1256,true,true,true,true,true,true,data/adna/governance/source_library/papers/10.1016-j.isci.2025.113771/supplementary/1-s2.0-S2589004225020322-mmc3.xlsx,data/adna/governance/source_library/papers/10.1016-j.isci.2025.113771/supplementary/1-s2.0-S2589004225020322-mmc3.xlsx,Table S2!row40,data/adna/governance/source_library/papers/10.1016-j.isci.2025.113771/supplementary/1-s2.0-S2589004225020322-mmc3.xlsx,data/adna/governance/source_library/papers/10.1016-j.isci.2025.113771/supplementary/1-s2.0-S2589004225020322-mmc3.xlsx,Table S2!row40,true
animal-atlas-row:capra-hircus-prjeb90261-capra-hircus-locality-prjeb90261-cuevasdeherreragonzlez-lagomera,Capra hircus,PRJEB90261,capra_hircus:locality:prjeb90261:cuevasdeherreragonzlez:lagomera,capra_hircus:sample:prjeb90261:pgull-0529,true,true,true,true,true,true,data/adna/governance/source_library/papers/10.1016-j.isci.2025.113771/supplementary/1-s2.0-S2589004225020322-mmc3.xlsx,data/adna/governance/source_library/papers/10.1016-j.isci.2025.113771/supplementary/1-s2.0-S2589004225020322-mmc3.xlsx,Table S2!row20,data/adna/governance/source_library/papers/10.1016-j.isci.2025.113771/supplementary/1-s2.0-S2589004225020322-mmc3.xlsx,data/adna/governance/source_library/papers/10.1016-j.isci.2025.113771/supplementary/1-s2.0-S2589004225020322-mmc3.xlsx,Table S2!row20,true
animal-atlas-row:capra-hircus-prjeb90261-capra-hircus-locality-prjeb90261-elchorrillo-tenerife,Capra hircus,PRJEB90261,capra_hircus:locality:prjeb90261:elchorrillo:tenerife,capra_hircus:sample:prjeb90261:pgull-2220,true,true,true,true,true,true,data/adna/governance/source_library/papers/10.1016-j.isci.2025.113771/supplementary/1-s2.0-S2589004225020322-mmc3.xlsx,data/adna/governance/source_library/papers/10.1016-j.isci.2025.113771/supplementary/1-s2.0-S2589004225020322-mmc3.xlsx,Table S2!row24,data/adna/governance/source_library/papers/10.1016-j.isci.2025.113771/supplementary/1-s2.0-S2589004225020322-mmc3.xlsx,data/adna/governance/source_library/papers/10.1016-j.isci.2025.113771/supplementary/1-s2.0-S2589004225020322-mmc3.xlsx,Table S2!row24,true
animal-atlas-row:capra-hircus-prjeb90261-capra-hircus-locality-prjeb90261-ellomitodelmedio-lagomera,Capra hircus,PRJEB90261,capra_hircus:locality:prjeb90261:ellomitodelmedio:lagomera,capra_hircus:sample:prjeb90261:pgull-0515;capra_hircus:sample:prjeb90261:pgull-0518;capra_hircus:sample:prjeb90261:pgull-0523,true,true,true,true,true,true,data/adna/governance/source_library/papers/10.1016-j.isci.2025.113771/supplementary/1-s2.0-S2589004225020322-mmc3.xlsx,data/adna/governance/source_library/papers/10.1016-j.isci.2025.113771/supplementary/1-s2.0-S2589004225020322-mmc3.xlsx,Table S2!row12,data/adna/governance/source_library/papers/10.1016-j.isci.2025.113771/supplementary/1-s2.0-S2589004225020322-mmc3.xlsx,data/adna/governance/source_library/papers/10.1016-j.isci.2025.113771/supplementary/1-s2.0-S2589004225020322-mmc3.xlsx,Table S2!row12,true
animal-atlas-row:capra-hircus-prjeb90261-capra-hircus-locality-prjeb90261-elportaln-burgos,Capra hircus,PRJEB90261,capra_hircus:locality:prjeb90261:elportaln:burgos,capra_hircus:sample:prjeb90261:apor012,true,true,true,true,true,true,data/adna/governance/source_library/papers/10.1016-j.isci.2025.113771/supplementary/1-s2.0-S2589004225020322-mmc3.xlsx,data/adna/governance/source_library/papers/10.1016-j.isci.2025.113771/supplementary/1-s2.0-S2589004225020322-mmc3.xlsx,Table S2!row76,data/adna/governance/source_library/papers/10.1016-j.isci.2025.113771/supplementary/1-s2.0-S2589004225020322-mmc3.xlsx,data/adna/governance/source_library/papers/10.1016-j.isci.2025.113771/supplementary/1-s2.0-S2589004225020322-mmc3.xlsx,Table S2!row76,true
animal-atlas-row:capra-hircus-prjeb90261-capra-hircus-locality-prjeb90261-eltendal-lapalma,Capra hircus,PRJEB90261,capra_hircus:locality:prjeb90261:eltendal:lapalma,capra_hircus:sample:prjeb90261:pgull-1964;capra_hircus:sample:prjeb90261:pgull-2228;capra_hircus:sample:prjeb90261:pgull-2230,true,true,true,true,true,true,data/adna/governance/source_library/papers/10.1016-j.isci.2025.113771/supplementary/1-s2.0-S2589004225020322-mmc3.xlsx,data/adna/governance/source_library/papers/10.1016-j.isci.2025.113771/supplementary/1-s2.0-S2589004225020322-mmc3.xlsx,Table S2!row8,data/adna/governance/source_library/papers/10.1016-j.isci.2025.113771/supplementary/1-s2.0-S2589004225020322-mmc3.xlsx,data/adna/governance/source_library/papers/10.1016-j.isci.2025.113771/supplementary/1-s2.0-S2589004225020322-mmc3.xlsx,Table S2!row8,true
animal-atlas-row:capra-hircus-prjeb90261-capra-hircus-locality-prjeb90261-fiquinineo-lanzarote,Capra hircus,PRJEB90261,capra_hircus:locality:prjeb90261:fiquinineo:lanzarote,capra_hircus:sample:prjeb90261:pgull-1963,true,true,true,true,true,true,data/adna/governance/source_library/papers/10.1016-j.isci.2025.113771/supplementary/1-s2.0-S2589004225020322-mmc3.xlsx,data/adna/governance/source_library/papers/10.1016-j.isci.2025.113771/supplementary/1-s2.0-S2589004225020322-mmc3.xlsx,Table S2!row58,data/adna/governance/source_library/papers/10.1016-j.isci.2025.113771/supplementary/1-s2.0-S2589004225020322-mmc3.xlsx,data/adna/governance/source_library/papers/10.1016-j.isci.2025.113771/supplementary/1-s2.0-S2589004225020322-mmc3.xlsx,Table S2!row58,true
animal-atlas-row:capra-hircus-prjeb90261-capra-hircus-locality-prjeb90261-hospitaldesanmartincallesanmarcial-grancanaria,Capra hircus,PRJEB90261,capra_hircus:locality:prjeb90261:hospitaldesanmartincallesanmarcial:grancanaria,capra_hircus:sample:prjeb90261:pgull-1664;capra_hircus:sample:prjeb90261:pgull-1677;capra_hircus:sample:prjeb90261:pgull-1688,true,true,true,true,true,true,data/adna/governance/source_library/papers/10.1016-j.isci.2025.113771/supplementary/1-s2.0-S2589004225020322-mmc3.xlsx,data/adna/governance/source_library/papers/10.1016-j.isci.2025.113771/supplementary/1-s2.0-S2589004225020322-mmc3.xlsx,Table S2!row26,data/adna/governance/source_library/papers/10.1016-j.isci.2025.113771/supplementary/1-s2.0-S2589004225020322-mmc3.xlsx,data/adna/governance/source_library/papers/10.1016-j.isci.2025.113771/supplementary/1-s2.0-S2589004225020322-mmc3.xlsx,Table S2!row26,true
animal-atlas-row:capra-hircus-prjeb90261-capra-hircus-locality-prjeb90261-lacaadadelagurona-lagomera,Capra hircus,PRJEB90261,capra_hircus:locality:prjeb90261:lacaadadelagurona:lagomera,capra_hircus:sample:prjeb90261:pgull-0533;capra_hircus:sample:prjeb90261:pgull-0535;capra_hircus:sample:prjeb90261:pgull-0537;capra_hircus:sample:prjeb90261:pgull-0539;capra_hircus:sample:prjeb90261:pgull-0540,true,true,true,true,true,true,data/adna/governance/source_library/papers/10.1016-j.isci.2025.113771/supplementary/1-s2.0-S2589004225020322-mmc3.xlsx,data/adna/governance/source_library/papers/10.1016-j.isci.2025.113771/supplementary/1-s2.0-S2589004225020322-mmc3.xlsx,Table S2!row16,data/adna/governance/source_library/papers/10.1016-j.isci.2025.113771/supplementary/1-s2.0-S2589004225020322-mmc3.xlsx,data/adna/governance/source_library/papers/10.1016-j.isci.2025.113771/supplementary/1-s2.0-S2589004225020322-mmc3.xlsx,Table S2!row16,true
animal-atlas-row:capra-hircus-prjeb90261-capra-hircus-locality-prjeb90261-lafortaleza-grancanaria,Capra hircus,PRJEB90261,capra_hircus:locality:prjeb90261:lafortaleza:grancanaria,capra_hircus:sample:prjeb90261:pgull-1404,true,true,true,true,true,true,data/adna/governance/source_library/papers/10.1016-j.isci.2025.113771/supplementary/1-s2.0-S2589004225020322-mmc3.xlsx,data/adna/governance/source_library/papers/10.1016-j.isci.2025.113771/supplementary/1-s2.0-S2589004225020322-mmc3.xlsx,Table S2!row25,data/adna/governance/source_library/papers/10.1016-j.isci.2025.113771/supplementary/1-s2.0-S2589004225020322-mmc3.xlsx,data/adna/governance/source_library/papers/10.1016-j.isci.2025.113771/supplementary/1-s2.0-S2589004225020322-mmc3.xlsx,Table S2!row25,true
animal-atlas-row:capra-hircus-prjeb90261-capra-hircus-locality-prjeb90261-llanodelsombrero-fuerteventura,Capra hircus,PRJEB90261,capra_hircus:locality:prjeb90261:llanodelsombrero:fuerteventura,capra_hircus:sample:prjeb90261:pgull-1969;capra_hircus:sample:prjeb90261:pgull-1971;capra_hircus:sample:prjeb90261:pgull-1972;capra_hircus:sample:prjeb90261:pgull-2235,true,true,true,true,true,true,data/adna/governance/source_library/papers/10.1016-j.isci.2025.113771/supplementary/1-s2.0-S2589004225020322-mmc3.xlsx,data/adna/governance/source_library/papers/10.1016-j.isci.2025.113771/supplementary/1-s2.0-S2589004225020322-mmc3.xlsx,Table S2!row52,data/adna/governance/source_library/papers/10.1016-j.isci.2025.113771/supplementary/1-s2.0-S2589004225020322-mmc3.xlsx,data/adna/governance/source_library/papers/10.1016-j.isci.2025.113771/supplementary/1-s2.0-S2589004225020322-mmc3.xlsx,Table S2!row52,true
animal-atlas-row:capra-hircus-prjeb90261-capra-hircus-locality-prjeb90261-lobos-lobos,Capra hircus,PRJEB90261,capra_hircus:locality:prjeb90261:lobos:lobos,capra_hircus:sample:prjeb90261:pgull-1295;capra_hircus:sample:prjeb90261:pgull-1296;capra_hircus:sample:prjeb90261:pgull-1299;capra_hircus:sample:prjeb90261:pgull-1300;capra_hircus:sample:prjeb90261:pgull-1301;capra_hircus:sample:prjeb90261:pgull-1302;capra_hircus:sample:prjeb90261:pgull-1304;capra_hircus:sample:prjeb90261:pgull-1305;capra_hircus:sample:prjeb90261:pgull-1307;capra_hircus:sample:prjeb90261:pgull-1308;capra_hircus:sample:prjeb90261:pgull-1309;capra_hircus:sample:prjeb90261:pgull-1314;capra_hircus:sample:prjeb90261:pgull-1315;capra_hircus:sample:prjeb90261:pgull-1316;capra_hircus:sample:prjeb90261:pgull-1317;capra_hircus:sample:prjeb90261:pgull-1319;capra_hircus:sample:prjeb90261:pgull-1868,true,true,true,true,true,true,data/adna/governance/source_library/papers/10.1016-j.isci.2025.113771/supplementary/1-s2.0-S2589004225020322-mmc3.xlsx,data/adna/governance/source_library/papers/10.1016-j.isci.2025.113771/supplementary/1-s2.0-S2589004225020322-mmc3.xlsx,Table S2!row60,data/adna/governance/source_library/papers/10.1016-j.isci.2025.113771/supplementary/1-s2.0-S2589004225020322-mmc3.xlsx,data/adna/governance/source_library/papers/10.1016-j.isci.2025.113771/supplementary/1-s2.0-S2589004225020322-mmc3.xlsx,Table S2!row60,true
animal-atlas-row:capra-hircus-prjeb90261-capra-hircus-locality-prjeb90261-losriscosdeifara-tenerife,Capra hircus,PRJEB90261,capra_hircus:locality:prjeb90261:losriscosdeifara:tenerife,capra_hircus:sample:prjeb90261:pgull-2143,true,true,true,true,true,true,data/adna/governance/source_library/papers/10.1016-j.isci.2025.113771/supplementary/1-s2.0-S2589004225020322-mmc3.xlsx,data/adna/governance/source_library/papers/10.1016-j.isci.2025.113771/supplementary/1-s2.0-S2589004225020322-mmc3.xlsx,Table S2!row23,data/adna/governance/source_library/papers/10.1016-j.isci.2025.113771/supplementary/1-s2.0-S2589004225020322-mmc3.xlsx,data/adna/governance/source_library/papers/10.1016-j.isci.2025.113771/supplementary/1-s2.0-S2589004225020322-mmc3.xlsx,Table S2!row23,true
animal-atlas-row:capra-hircus-prjeb90261-capra-hircus-locality-prjeb90261-playachica-grancanaria,Capra hircus,PRJEB90261,capra_hircus:locality:prjeb90261:playachica:grancanaria,capra_hircus:sample:prjeb90261:pgull-1968;capra_hircus:sample:prjeb90261:pgull-2205;capra_hircus:sample:prjeb90261:pgull-2207;capra_hircus:sample:prjeb90261:pgull-2208;capra_hircus:sample:prjeb90261:pgull-2210;capra_hircus:sample:prjeb90261:pgull-2211,true,true,true,true,true,true,data/adna/governance/source_library/papers/10.1016-j.isci.2025.113771/supplementary/1-s2.0-S2589004225020322-mmc3.xlsx,data/adna/governance/source_library/papers/10.1016-j.isci.2025.113771/supplementary/1-s2.0-S2589004225020322-mmc3.xlsx,Table S2!row32,data/adna/governance/source_library/papers/10.1016-j.isci.2025.113771/supplementary/1-s2.0-S2589004225020322-mmc3.xlsx,data/adna/governance/source_library/papers/10.1016-j.isci.2025.113771/supplementary/1-s2.0-S2589004225020322-mmc3.xlsx,Table S2!row32,true
animal-atlas-row:capra-hircus-prjeb90261-capra-hircus-locality-prjeb90261-puntadelmallorqun-fuerteventura,Capra hircus,PRJEB90261,capra_hircus:locality:prjeb90261:puntadelmallorqun:fuerteventura,capra_hircus:sample:prjeb90261:pgull-1974;capra_hircus:sample:prjeb90261:pgull-2217;capra_hircus:sample:prjeb90261:pgull-2218,true,true,true,true,true,true,data/adna/governance/source_library/papers/10.1016-j.isci.2025.113771/supplementary/1-s2.0-S2589004225020322-mmc3.xlsx,data/adna/governance/source_library/papers/10.1016-j.isci.2025.113771/supplementary/1-s2.0-S2589004225020322-mmc3.xlsx,Table S2!row55,data/adna/governance/source_library/papers/10.1016-j.isci.2025.113771/supplementary/1-s2.0-S2589004225020322-mmc3.xlsx,data/adna/governance/source_library/papers/10.1016-j.isci.2025.113771/supplementary/1-s2.0-S2589004225020322-mmc3.xlsx,Table S2!row55,true
animal-atlas-row:capra-hircus-prjeb90261-capra-hircus-locality-prjeb90261-tigalate-lapalma,Capra hircus,PRJEB90261,capra_hircus:locality:prjeb90261:tigalate:lapalma,capra_hircus:sample:prjeb90261:pgull-2146,true,true,true,true,true,true,data/adna/governance/source_library/papers/10.1016-j.isci.2025.113771/supplementary/1-s2.0-S2589004225020322-mmc3.xlsx,data/adna/governance/source_library/papers/10.1016-j.isci.2025.113771/supplementary/1-s2.0-S2589004225020322-mmc3.xlsx,Table S2!row11,data/adna/governance/source_library/papers/10.1016-j.isci.2025.113771/supplementary/1-s2.0-S2589004225020322-mmc3.xlsx,data/adna/governance/source_library/papers/10.1016-j.isci.2025.113771/supplementary/1-s2.0-S2589004225020322-mmc3.xlsx,Table S2!row11,true
animal-atlas-row:capra-hircus-prjna1328209-capra-hircus-locality-prjna1328209-lakeqinghaibasin-china,Capra hircus,PRJNA1328209,capra_hircus:locality:prjna1328209:lakeqinghaibasin:china,capra_hircus:sample:prjna1328209:dc23;capra_hircus:sample:prjna1328209:dc27-he;capra_hircus:sample:prjna1328209:dc40;capra_hircus:sample:prjna1328209:dc47_4he;capra_hircus:sample:prjna1328209:dc48-1,true,true,true,true,true,true,data/adna/governance/source_library/papers/10.24272-j.issn.2095-8137.2025.080/supplementary/Supplementary_tables.xlsx,data/adna/governance/source_library/papers/10.24272-j.issn.2095-8137.2025.080/supplementary/Supplementary_tables.xlsx,Table S2!row3,data/adna/governance/source_library/papers/10.24272-j.issn.2095-8137.2025.080/supplementary/Supplementary_tables.xlsx,data/adna/governance/source_library/papers/10.24272-j.issn.2095-8137.2025.080/supplementary/Supplementary_tables.xlsx,Table S2!row3,true
animal-atlas-row:equus-caballus-prjeb31613-equus-caballus-locality-prjeb31613-batagai-russia,Equus caballus,PRJEB31613,equus_caballus:locality:prjeb31613:batagai:russia,equus_caballus:sample:prjeb31613:batagai_5155,true,true,true,true,true,true,data/adna/governance/source_library/papers/10.1016-j.cell.2019.03.049/supplementary/1-s2.0-S0092867419303848-mmc1.xlsx,data/adna/governance/source_library/papers/10.1016-j.cell.2019.03.049/supplementary/1-s2.0-S0092867419303848-mmc1.xlsx,Sheet1!row24,data/adna/governance/source_library/papers/10.1016-j.cell.2019.03.049/supplementary/1-s2.0-S0092867419303848-mmc1.xlsx,data/adna/governance/source_library/papers/10.1016-j.cell.2019.03.049/supplementary/1-s2.0-S0092867419303848-mmc1.xlsx,Sheet1!row24,true
animal-atlas-row:equus-caballus-prjeb31613-equus-caballus-locality-prjeb31613-goyet-belgium,Equus caballus,PRJEB31613,equus_caballus:locality:prjeb31613:goyet:belgium,equus_caballus:sample:prjeb31613:cgg_1_018522;equus_caballus:sample:prjeb31613:cgg_1_018529;equus_caballus:sample:prjeb31613:cgg_1_018533;equus_caballus:sample:prjeb31613:cgg_1_018540,true,true,true,true,true,true,data/adna/governance/source_library/papers/10.1016-j.cell.2019.03.049/supplementary/1-s2.0-S0092867419303848-mmc1.xlsx,data/adna/governance/source_library/papers/10.1016-j.cell.2019.03.049/supplementary/1-s2.0-S0092867419303848-mmc1.xlsx,Sheet1!row137,data/adna/governance/source_library/papers/10.1016-j.cell.2019.03.049/supplementary/1-s2.0-S0092867419303848-mmc1.xlsx,data/adna/governance/source_library/papers/10.1016-j.cell.2019.03.049/supplementary/1-s2.0-S0092867419303848-mmc1.xlsx,Sheet1!row137,true
animal-atlas-row:equus-caballus-prjeb31613-equus-caballus-locality-prjeb31613-kokorevo-russia,Equus caballus,PRJEB31613,equus_caballus:locality:prjeb31613:kokorevo:russia,equus_caballus:sample:prjeb31613:cgg_1_019154,true,true,true,true,true,true,data/adna/governance/source_library/papers/10.1016-j.cell.2019.03.049/supplementary/1-s2.0-S0092867419303848-mmc1.xlsx,data/adna/governance/source_library/papers/10.1016-j.cell.2019.03.049/supplementary/1-s2.0-S0092867419303848-mmc1.xlsx,Sheet1!row148,data/adna/governance/source_library/papers/10.1016-j.cell.2019.03.049/supplementary/1-s2.0-S0092867419303848-mmc1.xlsx,data/adna/governance/source_library/papers/10.1016-j.cell.2019.03.049/supplementary/1-s2.0-S0092867419303848-mmc1.xlsx,Sheet1!row148,true
animal-atlas-row:equus-caballus-prjeb31613-equus-caballus-locality-prjeb31613-merzlyyar-russia,Equus caballus,PRJEB31613,equus_caballus:locality:prjeb31613:merzlyyar:russia,equus_caballus:sample:prjeb31613:cgg_1_019192,true,true,true,true,true,true,data/adna/governance/source_library/papers/10.1016-j.cell.2019.03.049/supplementary/1-s2.0-S0092867419303848-mmc1.xlsx,data/adna/governance/source_library/papers/10.1016-j.cell.2019.03.049/supplementary/1-s2.0-S0092867419303848-mmc1.xlsx,Sheet1!row166,data/adna/governance/source_library/papers/10.1016-j.cell.2019.03.049/supplementary/1-s2.0-S0092867419303848-mmc1.xlsx,data/adna/governance/source_library/papers/10.1016-j.cell.2019.03.049/supplementary/1-s2.0-S0092867419303848-mmc1.xlsx,Sheet1!row166,true
animal-atlas-row:equus-caballus-prjeb31613-equus-caballus-locality-prjeb31613-taymyr-russia,Equus caballus,PRJEB31613,equus_caballus:locality:prjeb31613:taymyr:russia,equus_caballus:sample:prjeb31613:cgg_1_010022;equus_caballus:sample:prjeb31613:cgg_1_010023,true,true,true,true,true,true,data/adna/governance/source_library/papers/10.1016-j.cell.2019.03.049/supplementary/1-s2.0-S0092867419303848-mmc1.xlsx,data/adna/governance/source_library/papers/10.1016-j.cell.2019.03.049/supplementary/1-s2.0-S0092867419303848-mmc1.xlsx,Sheet1!row212,data/adna/governance/source_library/papers/10.1016-j.cell.2019.03.049/supplementary/1-s2.0-S0092867419303848-mmc1.xlsx,data/adna/governance/source_library/papers/10.1016-j.cell.2019.03.049/supplementary/1-s2.0-S0092867419303848-mmc1.xlsx,Sheet1!row212,true
animal-atlas-row:equus-caballus-prjeb44430-equus-caballus-locality-prjeb44430-acemhoyuk-turkey,Equus caballus,PRJEB44430,equus_caballus:locality:prjeb44430:acemhoyuk:turkey,equus_caballus:sample:prjeb44430:samea9533172;equus_caballus:sample:prjeb44430:samea9533173;equus_caballus:sample:prjeb44430:samea9533174,true,true,true,true,true,true,data/adna/governance/source_library/papers/10.1038-s41586-021-04018-9/supplementary/41586_2021_4018_MOESM5_ESM.xlsx,data/adna/governance/source_library/papers/10.1038-s41586-021-04018-9/supplementary/41586_2021_4018_MOESM5_ESM.xlsx,SI Table 1!row23,data/adna/governance/source_library/papers/10.1038-s41586-021-04018-9/supplementary/41586_2021_4018_MOESM5_ESM.xlsx,data/adna/governance/source_library/papers/10.1038-s41586-021-04018-9/supplementary/41586_2021_4018_MOESM5_ESM.xlsx,SI Table 1!row23,true
animal-atlas-row:equus-caballus-prjeb44430-equus-caballus-locality-prjeb44430-althiburos-tunisia,Equus caballus,PRJEB44430,equus_caballus:locality:prjeb44430:althiburos:tunisia,equus_caballus:sample:prjeb44430:samea9533398;equus_caballus:sample:prjeb44430:samea9533399;equus_caballus:sample:prjeb44430:samea9533400,true,true,true,true,true,true,data/adna/governance/source_library/papers/10.1038-s41586-021-04018-9/supplementary/41586_2021_4018_MOESM5_ESM.xlsx,data/adna/governance/source_library/papers/10.1038-s41586-021-04018-9/supplementary/41586_2021_4018_MOESM5_ESM.xlsx,SI Table 1!row10,data/adna/governance/source_library/papers/10.1038-s41586-021-04018-9/supplementary/41586_2021_4018_MOESM5_ESM.xlsx,data/adna/governance/source_library/papers/10.1038-s41586-021-04018-9/supplementary/41586_2021_4018_MOESM5_ESM.xlsx,SI Table 1!row10,true
animal-atlas-row:equus-caballus-prjeb44430-equus-caballus-locality-prjeb44430-arzhani-russia,Equus caballus,PRJEB44430,equus_caballus:locality:prjeb44430:arzhani:russia,equus_caballus:sample:prjeb44430:samea9533176;equus_caballus:sample:prjeb44430:samea9533177;equus_caballus:sample:prjeb44430:samea9533178,true,true,true,true,true,true,data/adna/governance/source_library/papers/10.1038-s41586-021-04018-9/supplementary/41586_2021_4018_MOESM5_ESM.xlsx,data/adna/governance/source_library/papers/10.1038-s41586-021-04018-9/supplementary/41586_2021_4018_MOESM5_ESM.xlsx,SI Table 1!row174,data/adna/governance/source_library/papers/10.1038-s41586-021-04018-9/supplementary/41586_2021_4018_MOESM5_ESM.xlsx,data/adna/governance/source_library/papers/10.1038-s41586-021-04018-9/supplementary/41586_2021_4018_MOESM5_ESM.xlsx,SI Table 1!row174,true
animal-atlas-row:equus-caballus-prjeb44430-equus-caballus-locality-prjeb44430-arzhanii-russia,Equus caballus,PRJEB44430,equus_caballus:locality:prjeb44430:arzhanii:russia,equus_caballus:sample:prjeb44430:samea9533175,true,true,true,true,true,true,data/adna/governance/source_library/papers/10.1038-s41586-021-04018-9/supplementary/41586_2021_4018_MOESM5_ESM.xlsx,data/adna/governance/source_library/papers/10.1038-s41586-021-04018-9/supplementary/41586_2021_4018_MOESM5_ESM.xlsx,SI Table 1!row173,data/adna/governance/source_library/papers/10.1038-s41586-021-04018-9/supplementary/41586_2021_4018_MOESM5_ESM.xlsx,data/adna/governance/source_library/papers/10.1038-s41586-021-04018-9/supplementary/41586_2021_4018_MOESM5_ESM.xlsx,SI Table 1!row173,true
animal-atlas-row:equus-caballus-prjeb44430-equus-caballus-locality-prjeb44430-ashchisu-kazakhstan,Equus caballus,PRJEB44430,equus_caballus:locality:prjeb44430:ashchisu:kazakhstan,equus_caballus:sample:prjeb44430:samea9533339,true,true,true,true,true,true,data/adna/governance/source_library/papers/10.1038-s41586-021-04018-9/supplementary/41586_2021_4018_MOESM5_ESM.xlsx,data/adna/governance/source_library/papers/10.1038-s41586-021-04018-9/supplementary/41586_2021_4018_MOESM5_ESM.xlsx,SI Table 1!row110,data/adna/governance/source_library/papers/10.1038-s41586-021-04018-9/supplementary/41586_2021_4018_MOESM5_ESM.xlsx,data/adna/governance/source_library/papers/10.1038-s41586-021-04018-9/supplementary/41586_2021_4018_MOESM5_ESM.xlsx,SI Table 1!row110,true
animal-atlas-row:equus-caballus-prjeb44430-equus-caballus-locality-prjeb44430-asva-estonia,Equus caballus,PRJEB44430,equus_caballus:locality:prjeb44430:asva:estonia,equus_caballus:sample:prjeb44430:samea9533227;equus_caballus:sample:prjeb44430:samea9533228,true,true,true,true,true,true,data/adna/governance/source_library/papers/10.1038-s41586-021-04018-9/supplementary/41586_2021_4018_MOESM5_ESM.xlsx,data/adna/governance/source_library/papers/10.1038-s41586-021-04018-9/supplementary/41586_2021_4018_MOESM5_ESM.xlsx,SI Table 1!row260,data/adna/governance/source_library/papers/10.1038-s41586-021-04018-9/supplementary/41586_2021_4018_MOESM5_ESM.xlsx,data/adna/governance/source_library/papers/10.1038-s41586-021-04018-9/supplementary/41586_2021_4018_MOESM5_ESM.xlsx,SI Table 1!row260,true
animal-atlas-row:equus-caballus-prjeb44430-equus-caballus-locality-prjeb44430-badpirawarth-austria,Equus caballus,PRJEB44430,equus_caballus:locality:prjeb44430:badpirawarth:austria,equus_caballus:sample:prjeb44430:samea9533397,true,true,true,true,true,true,data/adna/governance/source_library/papers/10.1038-s41586-021-04018-9/supplementary/41586_2021_4018_MOESM5_ESM.xlsx,data/adna/governance/source_library/papers/10.1038-s41586-021-04018-9/supplementary/41586_2021_4018_MOESM5_ESM.xlsx,SI Table 1!row79,data/adna/governance/source_library/papers/10.1038-s41586-021-04018-9/supplementary/41586_2021_4018_MOESM5_ESM.xlsx,data/adna/governance/source_library/papers/10.1038-s41586-021-04018-9/supplementary/41586_2021_4018_MOESM5_ESM.xlsx,SI Table 1!row79,true
animal-atlas-row:equus-caballus-prjeb44430-equus-caballus-locality-prjeb44430-bezno-czechrepublic,Equus caballus,PRJEB44430,equus_caballus:locality:prjeb44430:bezno:czechrepublic,equus_caballus:sample:prjeb44430:samea9533352,true,true,true,true,true,true,data/adna/governance/source_library/papers/10.1038-s41586-021-04018-9/supplementary/41586_2021_4018_MOESM5_ESM.xlsx,data/adna/governance/source_library/papers/10.1038-s41586-021-04018-9/supplementary/41586_2021_4018_MOESM5_ESM.xlsx,SI Table 1!row137,data/adna/governance/source_library/papers/10.1038-s41586-021-04018-9/supplementary/41586_2021_4018_MOESM5_ESM.xlsx,data/adna/governance/source_library/papers/10.1038-s41586-021-04018-9/supplementary/41586_2021_4018_MOESM5_ESM.xlsx,SI Table 1!row137,true
animal-atlas-row:equus-caballus-prjeb44430-equus-caballus-locality-prjeb44430-bijkev-russia,Equus caballus,PRJEB44430,equus_caballus:locality:prjeb44430:bijkev:russia,equus_caballus:sample:prjeb44430:samea9533182,true,true,true,true,true,true,data/adna/governance/source_library/papers/10.1038-s41586-021-04018-9/supplementary/41586_2021_4018_MOESM5_ESM.xlsx,data/adna/governance/source_library/papers/10.1038-s41586-021-04018-9/supplementary/41586_2021_4018_MOESM5_ESM.xlsx,SI Table 1!row144,data/adna/governance/source_library/papers/10.1038-s41586-021-04018-9/supplementary/41586_2021_4018_MOESM5_ESM.xlsx,data/adna/governance/source_library/papers/10.1038-s41586-021-04018-9/supplementary/41586_2021_4018_MOESM5_ESM.xlsx,SI Table 1!row144,true
animal-atlas-row:equus-caballus-prjeb44430-equus-caballus-locality-prjeb44430-bolshekaraganskii-russia,Equus caballus,PRJEB44430,equus_caballus:locality:prjeb44430:bolshekaraganskii:russia,equus_caballus:sample:prjeb44430:samea9533411;equus_caballus:sample:prjeb44430:samea9533423;equus_caballus:sample:prjeb44430:samea9533427;equus_caballus:sample:prjeb44430:samea9533428,true,true,true,true,true,true,data/adna/governance/source_library/papers/10.1038-s41586-021-04018-9/supplementary/41586_2021_4018_MOESM5_ESM.xlsx,data/adna/governance/source_library/papers/10.1038-s41586-021-04018-9/supplementary/41586_2021_4018_MOESM5_ESM.xlsx,SI Table 1!row184,data/adna/governance/source_library/papers/10.1038-s41586-021-04018-9/supplementary/41586_2021_4018_MOESM5_ESM.xlsx,data/adna/governance/source_library/papers/10.1038-s41586-021-04018-9/supplementary/41586_2021_4018_MOESM5_ESM.xlsx,SI Table 1!row184,true
animal-atlas-row:equus-caballus-prjeb44430-equus-caballus-locality-prjeb44430-borshoroonii-mongolia,Equus caballus,PRJEB44430,equus_caballus:locality:prjeb44430:borshoroonii:mongolia,equus_caballus:sample:prjeb44430:samea9533306,true,true,true,true,true,true,data/adna/governance/source_library/papers/10.1038-s41586-021-04018-9/supplementary/41586_2021_4018_MOESM5_ESM.xlsx,data/adna/governance/source_library/papers/10.1038-s41586-021-04018-9/supplementary/41586_2021_4018_MOESM5_ESM.xlsx,SI Table 1!row65,data/adna/governance/source_library/papers/10.1038-s41586-021-04018-9/supplementary/41586_2021_4018_MOESM5_ESM.xlsx,data/adna/governance/source_library/papers/10.1038-s41586-021-04018-9/supplementary/41586_2021_4018_MOESM5_ESM.xlsx,SI Table 1!row65,true
animal-atlas-row:equus-caballus-prjeb44430-equus-caballus-locality-prjeb44430-burgast-mongolia,Equus caballus,PRJEB44430,equus_caballus:locality:prjeb44430:burgast:mongolia,equus_caballus:sample:prjeb44430:samea9533255,true,true,true,true,true,true,data/adna/governance/source_library/papers/10.1038-s41586-021-04018-9/supplementary/41586_2021_4018_MOESM5_ESM.xlsx,data/adna/governance/source_library/papers/10.1038-s41586-021-04018-9/supplementary/41586_2021_4018_MOESM5_ESM.xlsx,SI Table 1!row109,data/adna/governance/source_library/papers/10.1038-s41586-021-04018-9/supplementary/41586_2021_4018_MOESM5_ESM.xlsx,data/adna/governance/source_library/papers/10.1038-s41586-021-04018-9/supplementary/41586_2021_4018_MOESM5_ESM.xlsx,SI Table 1!row109,true
animal-atlas-row:equus-caballus-prjeb44430-equus-caballus-locality-prjeb44430-burialmoundatberezovayamountain-russia,Equus caballus,PRJEB44430,equus_caballus:locality:prjeb44430:burialmoundatberezovayamountain:russia,equus_caballus:sample:prjeb44430:samea9533304,true,true,true,true,true,true,data/adna/governance/source_library/papers/10.1038-s41586-021-04018-9/supplementary/41586_2021_4018_MOESM5_ESM.xlsx,data/adna/governance/source_library/papers/10.1038-s41586-021-04018-9/supplementary/41586_2021_4018_MOESM5_ESM.xlsx,SI Table 1!row178,data/adna/governance/source_library/papers/10.1038-s41586-021-04018-9/supplementary/41586_2021_4018_MOESM5_ESM.xlsx,data/adna/governance/source_library/papers/10.1038-s41586-021-04018-9/supplementary/41586_2021_4018_MOESM5_ESM.xlsx,SI Table 1!row178,true
animal-atlas-row:equus-caballus-prjeb44430-equus-caballus-locality-prjeb44430-chalkhill-unitedkingdom,Equus caballus,PRJEB44430,equus_caballus:locality:prjeb44430:chalkhill:unitedkingdom,equus_caballus:sample:prjeb44430:samea9533217;equus_caballus:sample:prjeb44430:samea9533218,true,true,true,true,true,true,data/adna/governance/source_library/papers/10.1038-s41586-021-04018-9/supplementary/41586_2021_4018_MOESM5_ESM.xlsx,data/adna/governance/source_library/papers/10.1038-s41586-021-04018-9/supplementary/41586_2021_4018_MOESM5_ESM.xlsx,SI Table 1!row148,data/adna/governance/source_library/papers/10.1038-s41586-021-04018-9/supplementary/41586_2021_4018_MOESM5_ESM.xlsx,data/adna/governance/source_library/papers/10.1038-s41586-021-04018-9/supplementary/41586_2021_4018_MOESM5_ESM.xlsx,SI Table 1!row148,true
animal-atlas-row:equus-caballus-prjeb44430-equus-caballus-locality-prjeb44430-chingeteyi-russia,Equus caballus,PRJEB44430,equus_caballus:locality:prjeb44430:chingeteyi:russia,equus_caballus:sample:prjeb44430:samea9533219,true,true,true,true,true,true,data/adna/governance/source_library/papers/10.1038-s41586-021-04018-9/supplementary/41586_2021_4018_MOESM5_ESM.xlsx,data/adna/governance/source_library/papers/10.1038-s41586-021-04018-9/supplementary/41586_2021_4018_MOESM5_ESM.xlsx,SI Table 1!row177,data/adna/governance/source_library/papers/10.1038-s41586-021-04018-9/supplementary/41586_2021_4018_MOESM5_ESM.xlsx,data/adna/governance/source_library/papers/10.1038-s41586-021-04018-9/supplementary/41586_2021_4018_MOESM5_ESM.xlsx,SI Table 1!row177,true
animal-atlas-row:equus-caballus-prjeb44430-equus-caballus-locality-prjeb44430-choburaki-russia,Equus caballus,PRJEB44430,equus_caballus:locality:prjeb44430:choburaki:russia,equus_caballus:sample:prjeb44430:samea9533220,true,true,true,true,true,true,data/adna/governance/source_library/papers/10.1038-s41586-021-04018-9/supplementary/41586_2021_4018_MOESM5_ESM.xlsx,data/adna/governance/source_library/papers/10.1038-s41586-021-04018-9/supplementary/41586_2021_4018_MOESM5_ESM.xlsx,SI Table 1!row147,data/adna/governance/source_library/papers/10.1038-s41586-021-04018-9/supplementary/41586_2021_4018_MOESM5_ESM.xlsx,data/adna/governance/source_library/papers/10.1038-s41586-021-04018-9/supplementary/41586_2021_4018_MOESM5_ESM.xlsx,SI Table 1!row147,true
animal-atlas-row:equus-caballus-prjeb44430-equus-caballus-locality-prjeb44430-elsvilars-spain,Equus caballus,PRJEB44430,equus_caballus:locality:prjeb44430:elsvilars:spain,equus_caballus:sample:prjeb44430:samea9533235;equus_caballus:sample:prjeb44430:samea9533405;equus_caballus:sample:prjeb44430:samea9533406,true,true,true,true,true,true,data/adna/governance/source_library/papers/10.1038-s41586-021-04018-9/supplementary/41586_2021_4018_MOESM5_ESM.xlsx,data/adna/governance/source_library/papers/10.1038-s41586-021-04018-9/supplementary/41586_2021_4018_MOESM5_ESM.xlsx,SI Table 1!row36,data/adna/governance/source_library/papers/10.1038-s41586-021-04018-9/supplementary/41586_2021_4018_MOESM5_ESM.xlsx,data/adna/governance/source_library/papers/10.1038-s41586-021-04018-9/supplementary/41586_2021_4018_MOESM5_ESM.xlsx,SI Table 1!row36,true
animal-atlas-row:equus-caballus-prjeb44430-equus-caballus-locality-prjeb44430-elturuuelo-spain,Equus caballus,PRJEB44430,equus_caballus:locality:prjeb44430:elturuuelo:spain,equus_caballus:sample:prjeb44430:samea9533171,true,true,true,true,true,true,data/adna/governance/source_library/papers/10.1038-s41586-021-04018-9/supplementary/41586_2021_4018_MOESM5_ESM.xlsx,data/adna/governance/source_library/papers/10.1038-s41586-021-04018-9/supplementary/41586_2021_4018_MOESM5_ESM.xlsx,SI Table 1!row26,data/adna/governance/source_library/papers/10.1038-s41586-021-04018-9/supplementary/41586_2021_4018_MOESM5_ESM.xlsx,data/adna/governance/source_library/papers/10.1038-s41586-021-04018-9/supplementary/41586_2021_4018_MOESM5_ESM.xlsx,SI Table 1!row26,true
animal-atlas-row:equus-caballus-prjeb44430-equus-caballus-locality-prjeb44430-ernvl-czechrepublic,Equus caballus,PRJEB44430,equus_caballus:locality:prjeb44430:ernvl:czechrepublic,equus_caballus:sample:prjeb44430:samea9533353,true,true,true,true,true,true,data/adna/governance/source_library/papers/10.1038-s41586-021-04018-9/supplementary/41586_2021_4018_MOESM5_ESM.xlsx,data/adna/governance/source_library/papers/10.1038-s41586-021-04018-9/supplementary/41586_2021_4018_MOESM5_ESM.xlsx,SI Table 1!row124,data/adna/governance/source_library/papers/10.1038-s41586-021-04018-9/supplementary/41586_2021_4018_MOESM5_ESM.xlsx,data/adna/governance/source_library/papers/10.1038-s41586-021-04018-9/supplementary/41586_2021_4018_MOESM5_ESM.xlsx,SI Table 1!row124,true
animal-atlas-row:equus-caballus-prjeb44430-equus-caballus-locality-prjeb44430-gangatsagaanereg-mongolia,Equus caballus,PRJEB44430,equus_caballus:locality:prjeb44430:gangatsagaanereg:mongolia,equus_caballus:sample:prjeb44430:samea9533236;equus_caballus:sample:prjeb44430:samea9533237,true,true,true,true,true,true,data/adna/governance/source_library/papers/10.1038-s41586-021-04018-9/supplementary/41586_2021_4018_MOESM5_ESM.xlsx,data/adna/governance/source_library/papers/10.1038-s41586-021-04018-9/supplementary/41586_2021_4018_MOESM5_ESM.xlsx,SI Table 1!row106,data/adna/governance/source_library/papers/10.1038-s41586-021-04018-9/supplementary/41586_2021_4018_MOESM5_ESM.xlsx,data/adna/governance/source_library/papers/10.1038-s41586-021-04018-9/supplementary/41586_2021_4018_MOESM5_ESM.xlsx,SI Table 1!row106,true
animal-atlas-row:equus-caballus-prjeb44430-equus-caballus-locality-prjeb44430-gordinestiii-moldova,Equus caballus,PRJEB44430,equus_caballus:locality:prjeb44430:gordinestiii:moldova,equus_caballus:sample:prjeb44430:samea9533318,true,true,true,true,true,true,data/adna/governance/source_library/papers/10.1038-s41586-021-04018-9/supplementary/41586_2021_4018_MOESM5_ESM.xlsx,data/adna/governance/source_library/papers/10.1038-s41586-021-04018-9/supplementary/41586_2021_4018_MOESM5_ESM.xlsx,SI Table 1!row77,data/adna/governance/source_library/papers/10.1038-s41586-021-04018-9/supplementary/41586_2021_4018_MOESM5_ESM.xlsx,data/adna/governance/source_library/papers/10.1038-s41586-021-04018-9/supplementary/41586_2021_4018_MOESM5_ESM.xlsx,SI Table 1!row77,true
animal-atlas-row:equus-caballus-prjeb44430-equus-caballus-locality-prjeb44430-halvai-kazakhstan,Equus caballus,PRJEB44430,equus_caballus:locality:prjeb44430:halvai:kazakhstan,equus_caballus:sample:prjeb44430:samea9533256;equus_caballus:sample:prjeb44430:samea9533257,true,true,true,true,true,true,data/adna/governance/source_library/papers/10.1038-s41586-021-04018-9/supplementary/41586_2021_4018_MOESM5_ESM.xlsx,data/adna/governance/source_library/papers/10.1038-s41586-021-04018-9/supplementary/41586_2021_4018_MOESM5_ESM.xlsx,SI Table 1!row202,data/adna/governance/source_library/papers/10.1038-s41586-021-04018-9/supplementary/41586_2021_4018_MOESM5_ESM.xlsx,data/adna/governance/source_library/papers/10.1038-s41586-021-04018-9/supplementary/41586_2021_4018_MOESM5_ESM.xlsx,SI Table 1!row202,true
animal-atlas-row:equus-caballus-prjeb44430-equus-caballus-locality-prjeb44430-holubice-czechrepublic,Equus caballus,PRJEB44430,equus_caballus:locality:prjeb44430:holubice:czechrepublic,equus_caballus:sample:prjeb44430:samea9533354,true,true,true,true,true,true,data/adna/governance/source_library/papers/10.1038-s41586-021-04018-9/supplementary/41586_2021_4018_MOESM5_ESM.xlsx,data/adna/governance/source_library/papers/10.1038-s41586-021-04018-9/supplementary/41586_2021_4018_MOESM5_ESM.xlsx,SI Table 1!row128,data/adna/governance/source_library/papers/10.1038-s41586-021-04018-9/supplementary/41586_2021_4018_MOESM5_ESM.xlsx,data/adna/governance/source_library/papers/10.1038-s41586-021-04018-9/supplementary/41586_2021_4018_MOESM5_ESM.xlsx,SI Table 1!row128,true
animal-atlas-row:equus-caballus-prjeb44430-equus-caballus-locality-prjeb44430-iguedugral-france,Equus caballus,PRJEB44430,equus_caballus:locality:prjeb44430:iguedugral:france,equus_caballus:sample:prjeb44430:samea9533239;equus_caballus:sample:prjeb44430:samea9533240;equus_caballus:sample:prjeb44430:samea9533241;equus_caballus:sample:prjeb44430:samea9533242;equus_caballus:sample:prjeb44430:samea9533243;equus_caballus:sample:prjeb44430:samea9533244;equus_caballus:sample:prjeb44430:samea9533245;equus_caballus:sample:prjeb44430:samea9533246;equus_caballus:sample:prjeb44430:samea9533247;equus_caballus:sample:prjeb44430:samea9533248;equus_caballus:sample:prjeb44430:samea9533249;equus_caballus:sample:prjeb44430:samea9533250,true,true,true,true,true,true,data/adna/governance/source_library/papers/10.1038-s41586-021-04018-9/supplementary/41586_2021_4018_MOESM5_ESM.xlsx,data/adna/governance/source_library/papers/10.1038-s41586-021-04018-9/supplementary/41586_2021_4018_MOESM5_ESM.xlsx,SI Table 1!row50,data/adna/governance/source_library/papers/10.1038-s41586-021-04018-9/supplementary/41586_2021_4018_MOESM5_ESM.xlsx,data/adna/governance/source_library/papers/10.1038-s41586-021-04018-9/supplementary/41586_2021_4018_MOESM5_ESM.xlsx,SI Table 1!row50,true
animal-atlas-row:equus-caballus-prjeb44430-equus-caballus-locality-prjeb44430-kamennyiambar5-russia,Equus caballus,PRJEB44430,equus_caballus:locality:prjeb44430:kamennyiambar5:russia,equus_caballus:sample:prjeb44430:samea9533417;equus_caballus:sample:prjeb44430:samea9533418;equus_caballus:sample:prjeb44430:samea9533419;equus_caballus:sample:prjeb44430:samea9533420;equus_caballus:sample:prjeb44430:samea9533421;equus_caballus:sample:prjeb44430:samea9533422;equus_caballus:sample:prjeb44430:samea9533424;equus_caballus:sample:prjeb44430:samea9533425;equus_caballus:sample:prjeb44430:samea9533426,true,true,true,true,true,true,data/adna/governance/source_library/papers/10.1038-s41586-021-04018-9/supplementary/41586_2021_4018_MOESM5_ESM.xlsx,data/adna/governance/source_library/papers/10.1038-s41586-021-04018-9/supplementary/41586_2021_4018_MOESM5_ESM.xlsx,SI Table 1!row193,data/adna/governance/source_library/papers/10.1038-s41586-021-04018-9/supplementary/41586_2021_4018_MOESM5_ESM.xlsx,data/adna/governance/source_library/papers/10.1038-s41586-021-04018-9/supplementary/41586_2021_4018_MOESM5_ESM.xlsx,SI Table 1!row193,true
animal-atlas-row:equus-caballus-prjeb44430-equus-caballus-locality-prjeb44430-kazimierzawielka6-poland,Equus caballus,PRJEB44430,equus_caballus:locality:prjeb44430:kazimierzawielka6:poland,equus_caballus:sample:prjeb44430:samea9533340;equus_caballus:sample:prjeb44430:samea9533341;equus_caballus:sample:prjeb44430:samea9533342;equus_caballus:sample:prjeb44430:samea9533343;equus_caballus:sample:prjeb44430:samea9533344;equus_caballus:sample:prjeb44430:samea9533345,true,true,true,true,true,true,data/adna/governance/source_library/papers/10.1038-s41586-021-04018-9/supplementary/41586_2021_4018_MOESM5_ESM.xlsx,data/adna/governance/source_library/papers/10.1038-s41586-021-04018-9/supplementary/41586_2021_4018_MOESM5_ESM.xlsx,SI Table 1!row129,data/adna/governance/source_library/papers/10.1038-s41586-021-04018-9/supplementary/41586_2021_4018_MOESM5_ESM.xlsx,data/adna/governance/source_library/papers/10.1038-s41586-021-04018-9/supplementary/41586_2021_4018_MOESM5_ESM.xlsx,SI Table 1!row129,true
animal-atlas-row:equus-caballus-prjeb44430-equus-caballus-locality-prjeb44430-kent-kazakhstan,Equus caballus,PRJEB44430,equus_caballus:locality:prjeb44430:kent:kazakhstan,equus_caballus:sample:prjeb44430:samea9533279;equus_caballus:sample:prjeb44430:samea9533280;equus_caballus:sample:prjeb44430:samea9533281;equus_caballus:sample:prjeb44430:samea9533282;equus_caballus:sample:prjeb44430:samea9533283,true,true,true,true,true,true,data/adna/governance/source_library/papers/10.1038-s41586-021-04018-9/supplementary/41586_2021_4018_MOESM5_ESM.xlsx,data/adna/governance/source_library/papers/10.1038-s41586-021-04018-9/supplementary/41586_2021_4018_MOESM5_ESM.xlsx,SI Table 1!row86,data/adna/governance/source_library/papers/10.1038-s41586-021-04018-9/supplementary/41586_2021_4018_MOESM5_ESM.xlsx,data/adna/governance/source_library/papers/10.1038-s41586-021-04018-9/supplementary/41586_2021_4018_MOESM5_ESM.xlsx,SI Table 1!row86,true
animal-atlas-row:equus-caballus-prjeb44430-equus-caballus-locality-prjeb44430-kentscavern-unitedkingdom,Equus caballus,PRJEB44430,equus_caballus:locality:prjeb44430:kentscavern:unitedkingdom,equus_caballus:sample:prjeb44430:samea9533335,true,true,true,true,true,true,data/adna/governance/source_library/papers/10.1038-s41586-021-04018-9/supplementary/41586_2021_4018_MOESM5_ESM.xlsx,data/adna/governance/source_library/papers/10.1038-s41586-021-04018-9/supplementary/41586_2021_4018_MOESM5_ESM.xlsx,SI Table 1!row142,data/adna/governance/source_library/papers/10.1038-s41586-021-04018-9/supplementary/41586_2021_4018_MOESM5_ESM.xlsx,data/adna/governance/source_library/papers/10.1038-s41586-021-04018-9/supplementary/41586_2021_4018_MOESM5_ESM.xlsx,SI Table 1!row142,true
animal-atlas-row:equus-caballus-prjeb44430-equus-caballus-locality-prjeb44430-khantaintov-mongolia,Equus caballus,PRJEB44430,equus_caballus:locality:prjeb44430:khantaintov:mongolia,equus_caballus:sample:prjeb44430:samea9533258,true,true,true,true,true,true,data/adna/governance/source_library/papers/10.1038-s41586-021-04018-9/supplementary/41586_2021_4018_MOESM5_ESM.xlsx,data/adna/governance/source_library/papers/10.1038-s41586-021-04018-9/supplementary/41586_2021_4018_MOESM5_ESM.xlsx,SI Table 1!row105,data/adna/governance/source_library/papers/10.1038-s41586-021-04018-9/supplementary/41586_2021_4018_MOESM5_ESM.xlsx,data/adna/governance/source_library/papers/10.1038-s41586-021-04018-9/supplementary/41586_2021_4018_MOESM5_ESM.xlsx,SI Table 1!row105,true
animal-atlas-row:equus-caballus-prjeb44430-equus-caballus-locality-prjeb44430-kostenki-russia,Equus caballus,PRJEB44430,equus_caballus:locality:prjeb44430:kostenki:russia,equus_caballus:sample:prjeb44430:samea9533274,true,true,true,true,true,true,data/adna/governance/source_library/papers/10.1038-s41586-021-04018-9/supplementary/41586_2021_4018_MOESM5_ESM.xlsx,data/adna/governance/source_library/papers/10.1038-s41586-021-04018-9/supplementary/41586_2021_4018_MOESM5_ESM.xlsx,SI Table 1!row150,data/adna/governance/source_library/papers/10.1038-s41586-021-04018-9/supplementary/41586_2021_4018_MOESM5_ESM.xlsx,data/adna/governance/source_library/papers/10.1038-s41586-021-04018-9/supplementary/41586_2021_4018_MOESM5_ESM.xlsx,SI Table 1!row150,true
animal-atlas-row:equus-caballus-prjeb44430-equus-caballus-locality-prjeb44430-krasnosamarskoye-russia,Equus caballus,PRJEB44430,equus_caballus:locality:prjeb44430:krasnosamarskoye:russia,equus_caballus:sample:prjeb44430:samea9533301;equus_caballus:sample:prjeb44430:samea9533302,true,true,true,true,true,true,data/adna/governance/source_library/papers/10.1038-s41586-021-04018-9/supplementary/41586_2021_4018_MOESM5_ESM.xlsx,data/adna/governance/source_library/papers/10.1038-s41586-021-04018-9/supplementary/41586_2021_4018_MOESM5_ESM.xlsx,SI Table 1!row152,data/adna/governance/source_library/papers/10.1038-s41586-021-04018-9/supplementary/41586_2021_4018_MOESM5_ESM.xlsx,data/adna/governance/source_library/papers/10.1038-s41586-021-04018-9/supplementary/41586_2021_4018_MOESM5_ESM.xlsx,SI Table 1!row152,true
animal-atlas-row:equus-caballus-prjeb44430-equus-caballus-locality-prjeb44430-kuyum-russia,Equus caballus,PRJEB44430,equus_caballus:locality:prjeb44430:kuyum:russia,equus_caballus:sample:prjeb44430:samea9533288,true,true,true,true,true,true,data/adna/governance/source_library/papers/10.1038-s41586-021-04018-9/supplementary/41586_2021_4018_MOESM5_ESM.xlsx,data/adna/governance/source_library/papers/10.1038-s41586-021-04018-9/supplementary/41586_2021_4018_MOESM5_ESM.xlsx,SI Table 1!row154,data/adna/governance/source_library/papers/10.1038-s41586-021-04018-9/supplementary/41586_2021_4018_MOESM5_ESM.xlsx,data/adna/governance/source_library/papers/10.1038-s41586-021-04018-9/supplementary/41586_2021_4018_MOESM5_ESM.xlsx,SI Table 1!row154,true
animal-atlas-row:equus-caballus-prjeb44430-equus-caballus-locality-prjeb44430-lamondire-france,Equus caballus,PRJEB44430,equus_caballus:locality:prjeb44430:lamondire:france,equus_caballus:sample:prjeb44430:samea9533404,true,true,true,true,true,true,data/adna/governance/source_library/papers/10.1038-s41586-021-04018-9/supplementary/41586_2021_4018_MOESM5_ESM.xlsx,data/adna/governance/source_library/papers/10.1038-s41586-021-04018-9/supplementary/41586_2021_4018_MOESM5_ESM.xlsx,SI Table 1!row43,data/adna/governance/source_library/papers/10.1038-s41586-021-04018-9/supplementary/41586_2021_4018_MOESM5_ESM.xlsx,data/adna/governance/source_library/papers/10.1038-s41586-021-04018-9/supplementary/41586_2021_4018_MOESM5_ESM.xlsx,SI Table 1!row43,true
animal-atlas-row:equus-caballus-prjeb44430-equus-caballus-locality-prjeb44430-lecloseau-france,Equus caballus,PRJEB44430,equus_caballus:locality:prjeb44430:lecloseau:france,equus_caballus:sample:prjeb44430:samea9533221,true,true,true,true,true,true,data/adna/governance/source_library/papers/10.1038-s41586-021-04018-9/supplementary/41586_2021_4018_MOESM5_ESM.xlsx,data/adna/governance/source_library/papers/10.1038-s41586-021-04018-9/supplementary/41586_2021_4018_MOESM5_ESM.xlsx,SI Table 1!row84,data/adna/governance/source_library/papers/10.1038-s41586-021-04018-9/supplementary/41586_2021_4018_MOESM5_ESM.xlsx,data/adna/governance/source_library/papers/10.1038-s41586-021-04018-9/supplementary/41586_2021_4018_MOESM5_ESM.xlsx,SI Table 1!row84,true
animal-atlas-row:equus-caballus-prjeb44430-equus-caballus-locality-prjeb44430-magor-unitedkingdom,Equus caballus,PRJEB44430,equus_caballus:locality:prjeb44430:magor:unitedkingdom,equus_caballus:sample:prjeb44430:samea9533314,true,true,true,true,true,true,data/adna/governance/source_library/papers/10.1038-s41586-021-04018-9/supplementary/41586_2021_4018_MOESM5_ESM.xlsx,data/adna/governance/source_library/papers/10.1038-s41586-021-04018-9/supplementary/41586_2021_4018_MOESM5_ESM.xlsx,SI Table 1!row165,data/adna/governance/source_library/papers/10.1038-s41586-021-04018-9/supplementary/41586_2021_4018_MOESM5_ESM.xlsx,data/adna/governance/source_library/papers/10.1038-s41586-021-04018-9/supplementary/41586_2021_4018_MOESM5_ESM.xlsx,SI Table 1!row165,true
animal-atlas-row:equus-caballus-prjeb44430-equus-caballus-locality-prjeb44430-medvezhiyacave-russia,Equus caballus,PRJEB44430,equus_caballus:locality:prjeb44430:medvezhiyacave:russia,equus_caballus:sample:prjeb44430:samea9533275;equus_caballus:sample:prjeb44430:samea9533276;equus_caballus:sample:prjeb44430:samea9533277;equus_caballus:sample:prjeb44430:samea9533278,true,true,true,true,true,true,data/adna/governance/source_library/papers/10.1038-s41586-021-04018-9/supplementary/41586_2021_4018_MOESM5_ESM.xlsx,data/adna/governance/source_library/papers/10.1038-s41586-021-04018-9/supplementary/41586_2021_4018_MOESM5_ESM.xlsx,SI Table 1!row267,data/adna/governance/source_library/papers/10.1038-s41586-021-04018-9/supplementary/41586_2021_4018_MOESM5_ESM.xlsx,data/adna/governance/source_library/papers/10.1038-s41586-021-04018-9/supplementary/41586_2021_4018_MOESM5_ESM.xlsx,SI Table 1!row267,true
animal-atlas-row:equus-caballus-prjeb44430-equus-caballus-locality-prjeb44430-miciurin-moldova,Equus caballus,PRJEB44430,equus_caballus:locality:prjeb44430:miciurin:moldova,equus_caballus:sample:prjeb44430:samea9533315;equus_caballus:sample:prjeb44430:samea9533317,true,true,true,true,true,true,data/adna/governance/source_library/papers/10.1038-s41586-021-04018-9/supplementary/41586_2021_4018_MOESM5_ESM.xlsx,data/adna/governance/source_library/papers/10.1038-s41586-021-04018-9/supplementary/41586_2021_4018_MOESM5_ESM.xlsx,SI Table 1!row74,data/adna/governance/source_library/papers/10.1038-s41586-021-04018-9/supplementary/41586_2021_4018_MOESM5_ESM.xlsx,data/adna/governance/source_library/papers/10.1038-s41586-021-04018-9/supplementary/41586_2021_4018_MOESM5_ESM.xlsx,SI Table 1!row74,true
animal-atlas-row:equus-caballus-prjeb44430-equus-caballus-locality-prjeb44430-miechw3-poland,Equus caballus,PRJEB44430,equus_caballus:locality:prjeb44430:miechw3:poland,equus_caballus:sample:prjeb44430:samea9533346;equus_caballus:sample:prjeb44430:samea9533347,true,true,true,true,true,true,data/adna/governance/source_library/papers/10.1038-s41586-021-04018-9/supplementary/41586_2021_4018_MOESM5_ESM.xlsx,data/adna/governance/source_library/papers/10.1038-s41586-021-04018-9/supplementary/41586_2021_4018_MOESM5_ESM.xlsx,SI Table 1!row135,data/adna/governance/source_library/papers/10.1038-s41586-021-04018-9/supplementary/41586_2021_4018_MOESM5_ESM.xlsx,data/adna/governance/source_library/papers/10.1038-s41586-021-04018-9/supplementary/41586_2021_4018_MOESM5_ESM.xlsx,SI Table 1!row135,true
animal-atlas-row:equus-caballus-prjeb44430-equus-caballus-locality-prjeb44430-monostoynuga-mongolia,Equus caballus,PRJEB44430,equus_caballus:locality:prjeb44430:monostoynuga:mongolia,equus_caballus:sample:prjeb44430:samea9533319;equus_caballus:sample:prjeb44430:samea9533320;equus_caballus:sample:prjeb44430:samea9533321;equus_caballus:sample:prjeb44430:samea9533322,true,true,true,true,true,true,data/adna/governance/source_library/papers/10.1038-s41586-021-04018-9/supplementary/41586_2021_4018_MOESM5_ESM.xlsx,data/adna/governance/source_library/papers/10.1038-s41586-021-04018-9/supplementary/41586_2021_4018_MOESM5_ESM.xlsx,SI Table 1!row101,data/adna/governance/source_library/papers/10.1038-s41586-021-04018-9/supplementary/41586_2021_4018_MOESM5_ESM.xlsx,data/adna/governance/source_library/papers/10.1038-s41586-021-04018-9/supplementary/41586_2021_4018_MOESM5_ESM.xlsx,SI Table 1!row101,true
animal-atlas-row:equus-caballus-prjeb44430-equus-caballus-locality-prjeb44430-morinmort-mongolia,Equus caballus,PRJEB44430,equus_caballus:locality:prjeb44430:morinmort:mongolia,equus_caballus:sample:prjeb44430:samea9533313,true,true,true,true,true,true,data/adna/governance/source_library/papers/10.1038-s41586-021-04018-9/supplementary/41586_2021_4018_MOESM5_ESM.xlsx,data/adna/governance/source_library/papers/10.1038-s41586-021-04018-9/supplementary/41586_2021_4018_MOESM5_ESM.xlsx,SI Table 1!row67,data/adna/governance/source_library/papers/10.1038-s41586-021-04018-9/supplementary/41586_2021_4018_MOESM5_ESM.xlsx,data/adna/governance/source_library/papers/10.1038-s41586-021-04018-9/supplementary/41586_2021_4018_MOESM5_ESM.xlsx,SI Table 1!row67,true
animal-atlas-row:equus-caballus-prjeb44430-equus-caballus-locality-prjeb44430-nandrupeteracurat-romania,Equus caballus,PRJEB44430,equus_caballus:locality:prjeb44430:nandrupeteracurat:romania,equus_caballus:sample:prjeb44430:samea9533390,true,true,true,true,true,true,data/adna/governance/source_library/papers/10.1038-s41586-021-04018-9/supplementary/41586_2021_4018_MOESM5_ESM.xlsx,data/adna/governance/source_library/papers/10.1038-s41586-021-04018-9/supplementary/41586_2021_4018_MOESM5_ESM.xlsx,SI Table 1!row63,data/adna/governance/source_library/papers/10.1038-s41586-021-04018-9/supplementary/41586_2021_4018_MOESM5_ESM.xlsx,data/adna/governance/source_library/papers/10.1038-s41586-021-04018-9/supplementary/41586_2021_4018_MOESM5_ESM.xlsx,SI Table 1!row63,true
animal-atlas-row:equus-caballus-prjeb44430-equus-caballus-locality-prjeb44430-nikolskaya-russia,Equus caballus,PRJEB44430,equus_caballus:locality:prjeb44430:nikolskaya:russia,equus_caballus:sample:prjeb44430:samea9533380;equus_caballus:sample:prjeb44430:samea9533381;equus_caballus:sample:prjeb44430:samea9533382,true,true,true,true,true,true,data/adna/governance/source_library/papers/10.1038-s41586-021-04018-9/supplementary/41586_2021_4018_MOESM5_ESM.xlsx,data/adna/governance/source_library/papers/10.1038-s41586-021-04018-9/supplementary/41586_2021_4018_MOESM5_ESM.xlsx,SI Table 1!row248,data/adna/governance/source_library/papers/10.1038-s41586-021-04018-9/supplementary/41586_2021_4018_MOESM5_ESM.xlsx,data/adna/governance/source_library/papers/10.1038-s41586-021-04018-9/supplementary/41586_2021_4018_MOESM5_ESM.xlsx,SI Table 1!row248,true
animal-atlas-row:equus-caballus-prjeb44430-equus-caballus-locality-prjeb44430-nitrianskyhrdok-slovakia,Equus caballus,PRJEB44430,equus_caballus:locality:prjeb44430:nitrianskyhrdok:slovakia,equus_caballus:sample:prjeb44430:samea9533327,true,true,true,true,true,true,data/adna/governance/source_library/papers/10.1038-s41586-021-04018-9/supplementary/41586_2021_4018_MOESM5_ESM.xlsx,data/adna/governance/source_library/papers/10.1038-s41586-021-04018-9/supplementary/41586_2021_4018_MOESM5_ESM.xlsx,SI Table 1!row76,data/adna/governance/source_library/papers/10.1038-s41586-021-04018-9/supplementary/41586_2021_4018_MOESM5_ESM.xlsx,data/adna/governance/source_library/papers/10.1038-s41586-021-04018-9/supplementary/41586_2021_4018_MOESM5_ESM.xlsx,SI Table 1!row76,true
animal-atlas-row:equus-caballus-prjeb44430-equus-caballus-locality-prjeb44430-noviyekluchiiii-russia,Equus caballus,PRJEB44430,equus_caballus:locality:prjeb44430:noviyekluchiiii:russia,equus_caballus:sample:prjeb44430:samea9533303,true,true,true,true,true,true,data/adna/governance/source_library/papers/10.1038-s41586-021-04018-9/supplementary/41586_2021_4018_MOESM5_ESM.xlsx,data/adna/governance/source_library/papers/10.1038-s41586-021-04018-9/supplementary/41586_2021_4018_MOESM5_ESM.xlsx,SI Table 1!row233,data/adna/governance/source_library/papers/10.1038-s41586-021-04018-9/supplementary/41586_2021_4018_MOESM5_ESM.xlsx,data/adna/governance/source_library/papers/10.1038-s41586-021-04018-9/supplementary/41586_2021_4018_MOESM5_ESM.xlsx,SI Table 1!row233,true
animal-atlas-row:equus-caballus-prjeb44430-equus-caballus-locality-prjeb44430-novoilinovskiy2-kazakhstan,Equus caballus,PRJEB44430,equus_caballus:locality:prjeb44430:novoilinovskiy2:kazakhstan,equus_caballus:sample:prjeb44430:samea9533333;equus_caballus:sample:prjeb44430:samea9533334,true,true,true,true,true,true,data/adna/governance/source_library/papers/10.1038-s41586-021-04018-9/supplementary/41586_2021_4018_MOESM5_ESM.xlsx,data/adna/governance/source_library/papers/10.1038-s41586-021-04018-9/supplementary/41586_2021_4018_MOESM5_ESM.xlsx,SI Table 1!row182,data/adna/governance/source_library/papers/10.1038-s41586-021-04018-9/supplementary/41586_2021_4018_MOESM5_ESM.xlsx,data/adna/governance/source_library/papers/10.1038-s41586-021-04018-9/supplementary/41586_2021_4018_MOESM5_ESM.xlsx,SI Table 1!row182,true
animal-atlas-row:equus-caballus-prjeb44430-equus-caballus-locality-prjeb44430-ouren-russia,Equus caballus,PRJEB44430,equus_caballus:locality:prjeb44430:ouren:russia,equus_caballus:sample:prjeb44430:samea9533298;equus_caballus:sample:prjeb44430:samea9533299,true,true,true,true,true,true,data/adna/governance/source_library/papers/10.1038-s41586-021-04018-9/supplementary/41586_2021_4018_MOESM5_ESM.xlsx,data/adna/governance/source_library/papers/10.1038-s41586-021-04018-9/supplementary/41586_2021_4018_MOESM5_ESM.xlsx,SI Table 1!row238,data/adna/governance/source_library/papers/10.1038-s41586-021-04018-9/supplementary/41586_2021_4018_MOESM5_ESM.xlsx,data/adna/governance/source_library/papers/10.1038-s41586-021-04018-9/supplementary/41586_2021_4018_MOESM5_ESM.xlsx,SI Table 1!row238,true
animal-atlas-row:equus-caballus-prjeb44430-equus-caballus-locality-prjeb44430-pershinskaya-russia,Equus caballus,PRJEB44430,equus_caballus:locality:prjeb44430:pershinskaya:russia,equus_caballus:sample:prjeb44430:samea9533372;equus_caballus:sample:prjeb44430:samea9533373;equus_caballus:sample:prjeb44430:samea9533374;equus_caballus:sample:prjeb44430:samea9533375;equus_caballus:sample:prjeb44430:samea9533376;equus_caballus:sample:prjeb44430:samea9533377,true,true,true,true,true,true,data/adna/governance/source_library/papers/10.1038-s41586-021-04018-9/supplementary/41586_2021_4018_MOESM5_ESM.xlsx,data/adna/governance/source_library/papers/10.1038-s41586-021-04018-9/supplementary/41586_2021_4018_MOESM5_ESM.xlsx,SI Table 1!row254,data/adna/governance/source_library/papers/10.1038-s41586-021-04018-9/supplementary/41586_2021_4018_MOESM5_ESM.xlsx,data/adna/governance/source_library/papers/10.1038-s41586-021-04018-9/supplementary/41586_2021_4018_MOESM5_ESM.xlsx,SI Table 1!row254,true
animal-atlas-row:equus-caballus-prjeb44430-equus-caballus-locality-prjeb44430-pielgrzymowice6-poland,Equus caballus,PRJEB44430,equus_caballus:locality:prjeb44430:pielgrzymowice6:poland,equus_caballus:sample:prjeb44430:samea9533350,true,true,true,true,true,true,data/adna/governance/source_library/papers/10.1038-s41586-021-04018-9/supplementary/41586_2021_4018_MOESM5_ESM.xlsx,data/adna/governance/source_library/papers/10.1038-s41586-021-04018-9/supplementary/41586_2021_4018_MOESM5_ESM.xlsx,SI Table 1!row123,data/adna/governance/source_library/papers/10.1038-s41586-021-04018-9/supplementary/41586_2021_4018_MOESM5_ESM.xlsx,data/adna/governance/source_library/papers/10.1038-s41586-021-04018-9/supplementary/41586_2021_4018_MOESM5_ESM.xlsx,SI Table 1!row123,true
animal-atlas-row:equus-caballus-prjeb44430-equus-caballus-locality-prjeb44430-potapovka-russia,Equus caballus,PRJEB44430,equus_caballus:locality:prjeb44430:potapovka:russia,equus_caballus:sample:prjeb44430:samea9533222;equus_caballus:sample:prjeb44430:samea9533367,true,true,true,true,true,true,data/adna/governance/source_library/papers/10.1038-s41586-021-04018-9/supplementary/41586_2021_4018_MOESM5_ESM.xlsx,data/adna/governance/source_library/papers/10.1038-s41586-021-04018-9/supplementary/41586_2021_4018_MOESM5_ESM.xlsx,SI Table 1!row245,data/adna/governance/source_library/papers/10.1038-s41586-021-04018-9/supplementary/41586_2021_4018_MOESM5_ESM.xlsx,data/adna/governance/source_library/papers/10.1038-s41586-021-04018-9/supplementary/41586_2021_4018_MOESM5_ESM.xlsx,SI Table 1!row245,true
animal-atlas-row:equus-caballus-prjeb44430-equus-caballus-locality-prjeb44430-ridala-estonia,Equus caballus,PRJEB44430,equus_caballus:locality:prjeb44430:ridala:estonia,equus_caballus:sample:prjeb44430:samea9533229;equus_caballus:sample:prjeb44430:samea9533365;equus_caballus:sample:prjeb44430:samea9533366,true,true,true,true,true,true,data/adna/governance/source_library/papers/10.1038-s41586-021-04018-9/supplementary/41586_2021_4018_MOESM5_ESM.xlsx,data/adna/governance/source_library/papers/10.1038-s41586-021-04018-9/supplementary/41586_2021_4018_MOESM5_ESM.xlsx,SI Table 1!row262,data/adna/governance/source_library/papers/10.1038-s41586-021-04018-9/supplementary/41586_2021_4018_MOESM5_ESM.xlsx,data/adna/governance/source_library/papers/10.1038-s41586-021-04018-9/supplementary/41586_2021_4018_MOESM5_ESM.xlsx,SI Table 1!row262,true
animal-atlas-row:equus-caballus-prjeb44430-equus-caballus-locality-prjeb44430-sagzabad-iran,Equus caballus,PRJEB44430,equus_caballus:locality:prjeb44430:sagzabad:iran,equus_caballus:sample:prjeb44430:samea9533392,true,true,true,true,true,true,data/adna/governance/source_library/papers/10.1038-s41586-021-04018-9/supplementary/41586_2021_4018_MOESM5_ESM.xlsx,data/adna/governance/source_library/papers/10.1038-s41586-021-04018-9/supplementary/41586_2021_4018_MOESM5_ESM.xlsx,SI Table 1!row9,data/adna/governance/source_library/papers/10.1038-s41586-021-04018-9/supplementary/41586_2021_4018_MOESM5_ESM.xlsx,data/adna/governance/source_library/papers/10.1038-s41586-021-04018-9/supplementary/41586_2021_4018_MOESM5_ESM.xlsx,SI Table 1!row9,true
animal-atlas-row:equus-caballus-prjeb44430-equus-caballus-locality-prjeb44430-serpievskaya-russia,Equus caballus,PRJEB44430,equus_caballus:locality:prjeb44430:serpievskaya:russia,equus_caballus:sample:prjeb44430:samea9533383,true,true,true,true,true,true,data/adna/governance/source_library/papers/10.1038-s41586-021-04018-9/supplementary/41586_2021_4018_MOESM5_ESM.xlsx,data/adna/governance/source_library/papers/10.1038-s41586-021-04018-9/supplementary/41586_2021_4018_MOESM5_ESM.xlsx,SI Table 1!row247,data/adna/governance/source_library/papers/10.1038-s41586-021-04018-9/supplementary/41586_2021_4018_MOESM5_ESM.xlsx,data/adna/governance/source_library/papers/10.1038-s41586-021-04018-9/supplementary/41586_2021_4018_MOESM5_ESM.xlsx,SI Table 1!row247,true
animal-atlas-row:equus-caballus-prjeb44430-equus-caballus-locality-prjeb44430-shilikty5-kazakhstan,Equus caballus,PRJEB44430,equus_caballus:locality:prjeb44430:shilikty5:kazakhstan,equus_caballus:sample:prjeb44430:samea9533290,true,true,true,true,true,true,data/adna/governance/source_library/papers/10.1038-s41586-021-04018-9/supplementary/41586_2021_4018_MOESM5_ESM.xlsx,data/adna/governance/source_library/papers/10.1038-s41586-021-04018-9/supplementary/41586_2021_4018_MOESM5_ESM.xlsx,SI Table 1!row69,data/adna/governance/source_library/papers/10.1038-s41586-021-04018-9/supplementary/41586_2021_4018_MOESM5_ESM.xlsx,data/adna/governance/source_library/papers/10.1038-s41586-021-04018-9/supplementary/41586_2021_4018_MOESM5_ESM.xlsx,SI Table 1!row69,true
animal-atlas-row:equus-caballus-prjeb44430-equus-caballus-locality-prjeb44430-sigarra-spain,Equus caballus,PRJEB44430,equus_caballus:locality:prjeb44430:sigarra:spain,equus_caballus:sample:prjeb44430:samea9533407,true,true,true,true,true,true,data/adna/governance/source_library/papers/10.1038-s41586-021-04018-9/supplementary/41586_2021_4018_MOESM5_ESM.xlsx,data/adna/governance/source_library/papers/10.1038-s41586-021-04018-9/supplementary/41586_2021_4018_MOESM5_ESM.xlsx,SI Table 1!row40,data/adna/governance/source_library/papers/10.1038-s41586-021-04018-9/supplementary/41586_2021_4018_MOESM5_ESM.xlsx,data/adna/governance/source_library/papers/10.1038-s41586-021-04018-9/supplementary/41586_2021_4018_MOESM5_ESM.xlsx,SI Table 1!row40,true
animal-atlas-row:equus-caballus-prjeb44430-equus-caballus-locality-prjeb44430-sintashta-russia,Equus caballus,PRJEB44430,equus_caballus:locality:prjeb44430:sintashta:russia,equus_caballus:sample:prjeb44430:samea9533325;equus_caballus:sample:prjeb44430:samea9533326,true,true,true,true,true,true,data/adna/governance/source_library/papers/10.1038-s41586-021-04018-9/supplementary/41586_2021_4018_MOESM5_ESM.xlsx,data/adna/governance/source_library/papers/10.1038-s41586-021-04018-9/supplementary/41586_2021_4018_MOESM5_ESM.xlsx,SI Table 1!row180,data/adna/governance/source_library/papers/10.1038-s41586-021-04018-9/supplementary/41586_2021_4018_MOESM5_ESM.xlsx,data/adna/governance/source_library/papers/10.1038-s41586-021-04018-9/supplementary/41586_2021_4018_MOESM5_ESM.xlsx,SI Table 1!row180,true
animal-atlas-row:equus-caballus-prjeb44430-equus-caballus-locality-prjeb44430-tarquinia-italy,Equus caballus,PRJEB44430,equus_caballus:locality:prjeb44430:tarquinia:italy,equus_caballus:sample:prjeb44430:samea9533402,true,true,true,true,true,true,data/adna/governance/source_library/papers/10.1038-s41586-021-04018-9/supplementary/41586_2021_4018_MOESM5_ESM.xlsx,data/adna/governance/source_library/papers/10.1038-s41586-021-04018-9/supplementary/41586_2021_4018_MOESM5_ESM.xlsx,SI Table 1!row42,data/adna/governance/source_library/papers/10.1038-s41586-021-04018-9/supplementary/41586_2021_4018_MOESM5_ESM.xlsx,data/adna/governance/source_library/papers/10.1038-s41586-021-04018-9/supplementary/41586_2021_4018_MOESM5_ESM.xlsx,SI Table 1!row42,true
animal-atlas-row:equus-caballus-prjeb44430-equus-caballus-locality-prjeb44430-tatsynereg-mongolia,Equus caballus,PRJEB44430,equus_caballus:locality:prjeb44430:tatsynereg:mongolia,equus_caballus:sample:prjeb44430:samea9533251;equus_caballus:sample:prjeb44430:samea9533252;equus_caballus:sample:prjeb44430:samea9533253;equus_caballus:sample:prjeb44430:samea9533254,true,true,true,true,true,true,data/adna/governance/source_library/papers/10.1038-s41586-021-04018-9/supplementary/41586_2021_4018_MOESM5_ESM.xlsx,data/adna/governance/source_library/papers/10.1038-s41586-021-04018-9/supplementary/41586_2021_4018_MOESM5_ESM.xlsx,SI Table 1!row70,data/adna/governance/source_library/papers/10.1038-s41586-021-04018-9/supplementary/41586_2021_4018_MOESM5_ESM.xlsx,data/adna/governance/source_library/papers/10.1038-s41586-021-04018-9/supplementary/41586_2021_4018_MOESM5_ESM.xlsx,SI Table 1!row70,true
animal-atlas-row:equus-caballus-prjeb44430-equus-caballus-locality-prjeb44430-tepehasanlu-iran,Equus caballus,PRJEB44430,equus_caballus:locality:prjeb44430:tepehasanlu:iran,equus_caballus:sample:prjeb44430:samea9533260;equus_caballus:sample:prjeb44430:samea9533263;equus_caballus:sample:prjeb44430:samea9533266,true,true,true,true,true,true,data/adna/governance/source_library/papers/10.1038-s41586-021-04018-9/supplementary/41586_2021_4018_MOESM5_ESM.xlsx,data/adna/governance/source_library/papers/10.1038-s41586-021-04018-9/supplementary/41586_2021_4018_MOESM5_ESM.xlsx,SI Table 1!row15,data/adna/governance/source_library/papers/10.1038-s41586-021-04018-9/supplementary/41586_2021_4018_MOESM5_ESM.xlsx,data/adna/governance/source_library/papers/10.1038-s41586-021-04018-9/supplementary/41586_2021_4018_MOESM5_ESM.xlsx,SI Table 1!row15,true
animal-atlas-row:equus-caballus-prjeb44430-equus-caballus-locality-prjeb44430-titn-czechrepublic,Equus caballus,PRJEB44430,equus_caballus:locality:prjeb44430:titn:czechrepublic,equus_caballus:sample:prjeb44430:samea9533355,true,true,true,true,true,true,data/adna/governance/source_library/papers/10.1038-s41586-021-04018-9/supplementary/41586_2021_4018_MOESM5_ESM.xlsx,data/adna/governance/source_library/papers/10.1038-s41586-021-04018-9/supplementary/41586_2021_4018_MOESM5_ESM.xlsx,SI Table 1!row96,data/adna/governance/source_library/papers/10.1038-s41586-021-04018-9/supplementary/41586_2021_4018_MOESM5_ESM.xlsx,data/adna/governance/source_library/papers/10.1038-s41586-021-04018-9/supplementary/41586_2021_4018_MOESM5_ESM.xlsx,SI Table 1!row96,true
animal-atlas-row:equus-caballus-prjeb44430-equus-caballus-locality-prjeb44430-touehradiko-czechrepublic,Equus caballus,PRJEB44430,equus_caballus:locality:prjeb44430:touehradiko:czechrepublic,equus_caballus:sample:prjeb44430:samea9533360,true,true,true,true,true,true,data/adna/governance/source_library/papers/10.1038-s41586-021-04018-9/supplementary/41586_2021_4018_MOESM5_ESM.xlsx,data/adna/governance/source_library/papers/10.1038-s41586-021-04018-9/supplementary/41586_2021_4018_MOESM5_ESM.xlsx,SI Table 1!row127,data/adna/governance/source_library/papers/10.1038-s41586-021-04018-9/supplementary/41586_2021_4018_MOESM5_ESM.xlsx,data/adna/governance/source_library/papers/10.1038-s41586-021-04018-9/supplementary/41586_2021_4018_MOESM5_ESM.xlsx,SI Table 1!row127,true
animal-atlas-row:equus-caballus-prjeb44430-equus-caballus-locality-prjeb44430-tuchomice-czechrepublic,Equus caballus,PRJEB44430,equus_caballus:locality:prjeb44430:tuchomice:czechrepublic,equus_caballus:sample:prjeb44430:samea9533356,true,true,true,true,true,true,data/adna/governance/source_library/papers/10.1038-s41586-021-04018-9/supplementary/41586_2021_4018_MOESM5_ESM.xlsx,data/adna/governance/source_library/papers/10.1038-s41586-021-04018-9/supplementary/41586_2021_4018_MOESM5_ESM.xlsx,SI Table 1!row122,data/adna/governance/source_library/papers/10.1038-s41586-021-04018-9/supplementary/41586_2021_4018_MOESM5_ESM.xlsx,data/adna/governance/source_library/papers/10.1038-s41586-021-04018-9/supplementary/41586_2021_4018_MOESM5_ESM.xlsx,SI Table 1!row122,true
animal-atlas-row:equus-caballus-prjeb44430-equus-caballus-locality-prjeb44430-tuchomiceknvka-czechrepublic,Equus caballus,PRJEB44430,equus_caballus:locality:prjeb44430:tuchomiceknvka:czechrepublic,equus_caballus:sample:prjeb44430:samea9533357,true,true,true,true,true,true,data/adna/governance/source_library/papers/10.1038-s41586-021-04018-9/supplementary/41586_2021_4018_MOESM5_ESM.xlsx,data/adna/governance/source_library/papers/10.1038-s41586-021-04018-9/supplementary/41586_2021_4018_MOESM5_ESM.xlsx,SI Table 1!row119,data/adna/governance/source_library/papers/10.1038-s41586-021-04018-9/supplementary/41586_2021_4018_MOESM5_ESM.xlsx,data/adna/governance/source_library/papers/10.1038-s41586-021-04018-9/supplementary/41586_2021_4018_MOESM5_ESM.xlsx,SI Table 1!row119,true
animal-atlas-row:equus-caballus-prjeb44430-equus-caballus-locality-prjeb44430-ulaantolgoi-mongolia,Equus caballus,PRJEB44430,equus_caballus:locality:prjeb44430:ulaantolgoi:mongolia,equus_caballus:sample:prjeb44430:samea9533305,true,true,true,true,true,true,data/adna/governance/source_library/papers/10.1038-s41586-021-04018-9/supplementary/41586_2021_4018_MOESM5_ESM.xlsx,data/adna/governance/source_library/papers/10.1038-s41586-021-04018-9/supplementary/41586_2021_4018_MOESM5_ESM.xlsx,SI Table 1!row111,data/adna/governance/source_library/papers/10.1038-s41586-021-04018-9/supplementary/41586_2021_4018_MOESM5_ESM.xlsx,data/adna/governance/source_library/papers/10.1038-s41586-021-04018-9/supplementary/41586_2021_4018_MOESM5_ESM.xlsx,SI Table 1!row111,true
animal-atlas-row:equus-caballus-prjeb44430-equus-caballus-locality-prjeb44430-ullu-russia,Equus caballus,PRJEB44430,equus_caballus:locality:prjeb44430:ullu:russia,equus_caballus:sample:prjeb44430:samea9533211,true,true,true,true,true,true,data/adna/governance/source_library/papers/10.1038-s41586-021-04018-9/supplementary/41586_2021_4018_MOESM5_ESM.xlsx,data/adna/governance/source_library/papers/10.1038-s41586-021-04018-9/supplementary/41586_2021_4018_MOESM5_ESM.xlsx,SI Table 1!row44,data/adna/governance/source_library/papers/10.1038-s41586-021-04018-9/supplementary/41586_2021_4018_MOESM5_ESM.xlsx,data/adna/governance/source_library/papers/10.1038-s41586-021-04018-9/supplementary/41586_2021_4018_MOESM5_ESM.xlsx,SI Table 1!row44,true
animal-atlas-row:equus-caballus-prjeb44430-equus-caballus-locality-prjeb44430-ushgiinuvur-mongolia,Equus caballus,PRJEB44430,equus_caballus:locality:prjeb44430:ushgiinuvur:mongolia,equus_caballus:sample:prjeb44430:samea9533434,true,true,true,true,true,true,data/adna/governance/source_library/papers/10.1038-s41586-021-04018-9/supplementary/41586_2021_4018_MOESM5_ESM.xlsx,data/adna/governance/source_library/papers/10.1038-s41586-021-04018-9/supplementary/41586_2021_4018_MOESM5_ESM.xlsx,SI Table 1!row108,data/adna/governance/source_library/papers/10.1038-s41586-021-04018-9/supplementary/41586_2021_4018_MOESM5_ESM.xlsx,data/adna/governance/source_library/papers/10.1038-s41586-021-04018-9/supplementary/41586_2021_4018_MOESM5_ESM.xlsx,SI Table 1!row108,true
animal-atlas-row:equus-caballus-prjeb44430-equus-caballus-locality-prjeb44430-utevkavi-russia,Equus caballus,PRJEB44430,equus_caballus:locality:prjeb44430:utevkavi:russia,equus_caballus:sample:prjeb44430:samea9533368;equus_caballus:sample:prjeb44430:samea9533369;equus_caballus:sample:prjeb44430:samea9533370,true,true,true,true,true,true,data/adna/governance/source_library/papers/10.1038-s41586-021-04018-9/supplementary/41586_2021_4018_MOESM5_ESM.xlsx,data/adna/governance/source_library/papers/10.1038-s41586-021-04018-9/supplementary/41586_2021_4018_MOESM5_ESM.xlsx,SI Table 1!row206,data/adna/governance/source_library/papers/10.1038-s41586-021-04018-9/supplementary/41586_2021_4018_MOESM5_ESM.xlsx,data/adna/governance/source_library/papers/10.1038-s41586-021-04018-9/supplementary/41586_2021_4018_MOESM5_ESM.xlsx,SI Table 1!row206,true
animal-atlas-row:equus-caballus-prjeb44430-equus-caballus-locality-prjeb44430-uvarovkaii-russia,Equus caballus,PRJEB44430,equus_caballus:locality:prjeb44430:uvarovkaii:russia,equus_caballus:sample:prjeb44430:samea9533371,true,true,true,true,true,true,data/adna/governance/source_library/papers/10.1038-s41586-021-04018-9/supplementary/41586_2021_4018_MOESM5_ESM.xlsx,data/adna/governance/source_library/papers/10.1038-s41586-021-04018-9/supplementary/41586_2021_4018_MOESM5_ESM.xlsx,SI Table 1!row209,data/adna/governance/source_library/papers/10.1038-s41586-021-04018-9/supplementary/41586_2021_4018_MOESM5_ESM.xlsx,data/adna/governance/source_library/papers/10.1038-s41586-021-04018-9/supplementary/41586_2021_4018_MOESM5_ESM.xlsx,SI Table 1!row209,true
animal-atlas-row:equus-caballus-prjeb44430-equus-caballus-locality-prjeb44430-verkhnegubakhinskaya-russia,Equus caballus,PRJEB44430,equus_caballus:locality:prjeb44430:verkhnegubakhinskaya:russia,equus_caballus:sample:prjeb44430:samea9533378;equus_caballus:sample:prjeb44430:samea9533379,true,true,true,true,true,true,data/adna/governance/source_library/papers/10.1038-s41586-021-04018-9/supplementary/41586_2021_4018_MOESM5_ESM.xlsx,data/adna/governance/source_library/papers/10.1038-s41586-021-04018-9/supplementary/41586_2021_4018_MOESM5_ESM.xlsx,SI Table 1!row265,data/adna/governance/source_library/papers/10.1038-s41586-021-04018-9/supplementary/41586_2021_4018_MOESM5_ESM.xlsx,data/adna/governance/source_library/papers/10.1038-s41586-021-04018-9/supplementary/41586_2021_4018_MOESM5_ESM.xlsx,SI Table 1!row265,true
animal-atlas-row:equus-caballus-prjeb44430-equus-caballus-locality-prjeb44430-vlinves-czechrepublic,Equus caballus,PRJEB44430,equus_caballus:locality:prjeb44430:vlinves:czechrepublic,equus_caballus:sample:prjeb44430:samea9533358,true,true,true,true,true,true,data/adna/governance/source_library/papers/10.1038-s41586-021-04018-9/supplementary/41586_2021_4018_MOESM5_ESM.xlsx,data/adna/governance/source_library/papers/10.1038-s41586-021-04018-9/supplementary/41586_2021_4018_MOESM5_ESM.xlsx,SI Table 1!row138,data/adna/governance/source_library/papers/10.1038-s41586-021-04018-9/supplementary/41586_2021_4018_MOESM5_ESM.xlsx,data/adna/governance/source_library/papers/10.1038-s41586-021-04018-9/supplementary/41586_2021_4018_MOESM5_ESM.xlsx,SI Table 1!row138,true
animal-atlas-row:equus-caballus-prjeb44430-equus-caballus-locality-prjeb44430-zeerdegchingiinkhoshuu-mongolia,Equus caballus,PRJEB44430,equus_caballus:locality:prjeb44430:zeerdegchingiinkhoshuu:mongolia,equus_caballus:sample:prjeb44430:samea9533308,true,true,true,true,true,true,data/adna/governance/source_library/papers/10.1038-s41586-021-04018-9/supplementary/41586_2021_4018_MOESM5_ESM.xlsx,data/adna/governance/source_library/papers/10.1038-s41586-021-04018-9/supplementary/41586_2021_4018_MOESM5_ESM.xlsx,SI Table 1!row151,data/adna/governance/source_library/papers/10.1038-s41586-021-04018-9/supplementary/41586_2021_4018_MOESM5_ESM.xlsx,data/adna/governance/source_library/papers/10.1038-s41586-021-04018-9/supplementary/41586_2021_4018_MOESM5_ESM.xlsx,SI Table 1!row151,true
animal-atlas-row:equus-caballus-prjeb44430-equus-caballus-locality-prjeb44430-zuniigol-mongolia,Equus caballus,PRJEB44430,equus_caballus:locality:prjeb44430:zuniigol:mongolia,equus_caballus:sample:prjeb44430:samea9533309;equus_caballus:sample:prjeb44430:samea9533310;equus_caballus:sample:prjeb44430:samea9533311,true,true,true,true,true,true,data/adna/governance/source_library/papers/10.1038-s41586-021-04018-9/supplementary/41586_2021_4018_MOESM5_ESM.xlsx,data/adna/governance/source_library/papers/10.1038-s41586-021-04018-9/supplementary/41586_2021_4018_MOESM5_ESM.xlsx,SI Table 1!row93,data/adna/governance/source_library/papers/10.1038-s41586-021-04018-9/supplementary/41586_2021_4018_MOESM5_ESM.xlsx,data/adna/governance/source_library/papers/10.1038-s41586-021-04018-9/supplementary/41586_2021_4018_MOESM5_ESM.xlsx,SI Table 1!row93,true
animal-atlas-row:equus-caballus-prjeb44430-equus-caballus-locality-prjeb44430-zuunkhangai1-mongolia,Equus caballus,PRJEB44430,equus_caballus:locality:prjeb44430:zuunkhangai1:mongolia,equus_caballus:sample:prjeb44430:samea9533307,true,true,true,true,true,true,data/adna/governance/source_library/papers/10.1038-s41586-021-04018-9/supplementary/41586_2021_4018_MOESM5_ESM.xlsx,data/adna/governance/source_library/papers/10.1038-s41586-021-04018-9/supplementary/41586_2021_4018_MOESM5_ESM.xlsx,SI Table 1!row97,data/adna/governance/source_library/papers/10.1038-s41586-021-04018-9/supplementary/41586_2021_4018_MOESM5_ESM.xlsx,data/adna/governance/source_library/papers/10.1038-s41586-021-04018-9/supplementary/41586_2021_4018_MOESM5_ESM.xlsx,SI Table 1!row97,true
animal-atlas-row:equus-caballus-prjeb44430-equus-caballus-locality-prjeb44430-zuunkhangai257-mongolia,Equus caballus,PRJEB44430,equus_caballus:locality:prjeb44430:zuunkhangai257:mongolia,equus_caballus:sample:prjeb44430:samea9533312,true,true,true,true,true,true,data/adna/governance/source_library/papers/10.1038-s41586-021-04018-9/supplementary/41586_2021_4018_MOESM5_ESM.xlsx,data/adna/governance/source_library/papers/10.1038-s41586-021-04018-9/supplementary/41586_2021_4018_MOESM5_ESM.xlsx,SI Table 1!row98,data/adna/governance/source_library/papers/10.1038-s41586-021-04018-9/supplementary/41586_2021_4018_MOESM5_ESM.xlsx,data/adna/governance/source_library/papers/10.1038-s41586-021-04018-9/supplementary/41586_2021_4018_MOESM5_ESM.xlsx,SI Table 1!row98,true
animal-atlas-row:felis-catus-prjeb81815-felis-catus-locality-prjeb81815-aklhyk-turkey,Felis catus,PRJEB81815,felis_catus:locality:prjeb81815:aklhyk:turkey,felis_catus:sample:prjeb81815:samea120246517,true,true,true,true,true,true,data/adna/governance/source_library/papers/10.1126-science.adt2642/supplementary/science.adt2642_tables s1_to_s8.zip,data/adna/governance/source_library/papers/10.1126-science.adt2642/supplementary/science.adt2642_tables s1_to_s8.zip,sample_accession:SAMEA120246517 || science.adt2642_tables s1_to_s8.xlsx#Table_S3!row6 -> Table_S1!row196,data/adna/governance/source_library/papers/10.1126-science.adt2642/supplementary/science.adt2642_tables s1_to_s8.zip,data/adna/governance/source_library/papers/10.1126-science.adt2642/supplementary/science.adt2642_tables s1_to_s8.zip,sample_accession:SAMEA120246517 || science.adt2642_tables s1_to_s8.xlsx#Table_S3!row6 -> Table_S1!row196,true
animal-atlas-row:felis-catus-prjeb81815-felis-catus-locality-prjeb81815-albafucenscisternafucinoabruzzi-italy,Felis catus,PRJEB81815,felis_catus:locality:prjeb81815:albafucenscisternafucinoabruzzi:italy,felis_catus:sample:prjeb81815:samea120246516,true,true,true,true,true,true,data/adna/governance/source_library/papers/10.1126-science.adt2642/supplementary/science.adt2642_tables s1_to_s8.zip,data/adna/governance/source_library/papers/10.1126-science.adt2642/supplementary/science.adt2642_tables s1_to_s8.zip,sample_accession:SAMEA120246516 || science.adt2642_tables s1_to_s8.xlsx#Table_S3!row5 -> Table_S1!row68,data/adna/governance/source_library/papers/10.1126-science.adt2642/supplementary/science.adt2642_tables s1_to_s8.zip,data/adna/governance/source_library/papers/10.1126-science.adt2642/supplementary/science.adt2642_tables s1_to_s8.zip,sample_accession:SAMEA120246516 || science.adt2642_tables s1_to_s8.xlsx#Table_S3!row5 -> Table_S1!row68,true
animal-atlas-row:felis-catus-prjeb81815-felis-catus-locality-prjeb81815-arenecandidefinaleliguresavonaliguria-italy,Felis catus,PRJEB81815,felis_catus:locality:prjeb81815:arenecandidefinaleliguresavonaliguria:italy,felis_catus:sample:prjeb81815:samea120246515,true,true,true,true,true,true,data/adna/governance/source_library/papers/10.1126-science.adt2642/supplementary/science.adt2642_tables s1_to_s8.zip,data/adna/governance/source_library/papers/10.1126-science.adt2642/supplementary/science.adt2642_tables s1_to_s8.zip,sample_accession:SAMEA120246515 || science.adt2642_tables s1_to_s8.xlsx#Table_S3!row3 -> Table_S1!row66,data/adna/governance/source_library/papers/10.1126-science.adt2642/supplementary/science.adt2642_tables s1_to_s8.zip,data/adna/governance/source_library/papers/10.1126-science.adt2642/supplementary/science.adt2642_tables s1_to_s8.zip,sample_accession:SAMEA120246515 || science.adt2642_tables s1_to_s8.xlsx#Table_S3!row3 -> Table_S1!row66,true
animal-atlas-row:felis-catus-prjeb81815-felis-catus-locality-prjeb81815-bademaac-turkey,Felis catus,PRJEB81815,felis_catus:locality:prjeb81815:bademaac:turkey,felis_catus:sample:prjeb81815:samea120246518;felis_catus:sample:prjeb81815:samea120246519,true,true,true,true,true,true,data/adna/governance/source_library/papers/10.1126-science.adt2642/supplementary/science.adt2642_tables s1_to_s8.zip,data/adna/governance/source_library/papers/10.1126-science.adt2642/supplementary/science.adt2642_tables s1_to_s8.zip,sample_accession:SAMEA120246518 || science.adt2642_tables s1_to_s8.xlsx#Table_S3!row7 -> Table_S1!row197,data/adna/governance/source_library/papers/10.1126-science.adt2642/supplementary/science.adt2642_tables s1_to_s8.zip,data/adna/governance/source_library/papers/10.1126-science.adt2642/supplementary/science.adt2642_tables s1_to_s8.zip,sample_accession:SAMEA120246518 || science.adt2642_tables s1_to_s8.xlsx#Table_S3!row7 -> Table_S1!row197,true
animal-atlas-row:felis-catus-prjeb81815-felis-catus-locality-prjeb81815-bankofportugal-portugal,Felis catus,PRJEB81815,felis_catus:locality:prjeb81815:bankofportugal:portugal,felis_catus:sample:prjeb81815:samea120246522;felis_catus:sample:prjeb81815:samea120246523;felis_catus:sample:prjeb81815:samea120246524,true,true,true,true,true,true,data/adna/governance/source_library/papers/10.1126-science.adt2642/supplementary/science.adt2642_tables s1_to_s8.zip,data/adna/governance/source_library/papers/10.1126-science.adt2642/supplementary/science.adt2642_tables s1_to_s8.zip,sample_accession:SAMEA120246522 || science.adt2642_tables s1_to_s8.xlsx#Table_S3!row13 -> Table_S1!row153,data/adna/governance/source_library/papers/10.1126-science.adt2642/supplementary/science.adt2642_tables s1_to_s8.zip,data/adna/governance/source_library/papers/10.1126-science.adt2642/supplementary/science.adt2642_tables s1_to_s8.zip,sample_accession:SAMEA120246522 || science.adt2642_tables s1_to_s8.xlsx#Table_S3!row13 -> Table_S1!row153,true
animal-atlas-row:felis-catus-prjeb81815-felis-catus-locality-prjeb81815-bremen201altstadtmarktplatz-germany,Felis catus,PRJEB81815,felis_catus:locality:prjeb81815:bremen201altstadtmarktplatz:germany,felis_catus:sample:prjeb81815:samea120246525,true,true,true,true,true,true,data/adna/governance/source_library/papers/10.1126-science.adt2642/supplementary/science.adt2642_tables s1_to_s8.zip,data/adna/governance/source_library/papers/10.1126-science.adt2642/supplementary/science.adt2642_tables s1_to_s8.zip,sample_accession:SAMEA120246525 || science.adt2642_tables s1_to_s8.xlsx#Table_S3!row16 -> Table_S1!row44,data/adna/governance/source_library/papers/10.1126-science.adt2642/supplementary/science.adt2642_tables s1_to_s8.zip,data/adna/governance/source_library/papers/10.1126-science.adt2642/supplementary/science.adt2642_tables s1_to_s8.zip,sample_accession:SAMEA120246525 || science.adt2642_tables s1_to_s8.xlsx#Table_S3!row16 -> Table_S1!row44,true
animal-atlas-row:felis-catus-prjeb81815-felis-catus-locality-prjeb81815-bremen253altstadtamwall-germany,Felis catus,PRJEB81815,felis_catus:locality:prjeb81815:bremen253altstadtamwall:germany,felis_catus:sample:prjeb81815:samea120246526,true,true,true,true,true,true,data/adna/governance/source_library/papers/10.1126-science.adt2642/supplementary/science.adt2642_tables s1_to_s8.zip,data/adna/governance/source_library/papers/10.1126-science.adt2642/supplementary/science.adt2642_tables s1_to_s8.zip,sample_accession:SAMEA120246526 || science.adt2642_tables s1_to_s8.xlsx#Table_S3!row17 -> Table_S1!row45,data/adna/governance/source_library/papers/10.1126-science.adt2642/supplementary/science.adt2642_tables s1_to_s8.zip,data/adna/governance/source_library/papers/10.1126-science.adt2642/supplementary/science.adt2642_tables s1_to_s8.zip,sample_accession:SAMEA120246526 || science.adt2642_tables s1_to_s8.xlsx#Table_S3!row17 -> Table_S1!row45,true
animal-atlas-row:felis-catus-prjeb81815-felis-catus-locality-prjeb81815-castiglioneinsabina-italy,Felis catus,PRJEB81815,felis_catus:locality:prjeb81815:castiglioneinsabina:italy,felis_catus:sample:prjeb81815:samea120246529,true,true,true,true,true,true,data/adna/governance/source_library/papers/10.1126-science.adt2642/supplementary/science.adt2642_tables s1_to_s8.zip,data/adna/governance/source_library/papers/10.1126-science.adt2642/supplementary/science.adt2642_tables s1_to_s8.zip,sample_accession:SAMEA120246529 || science.adt2642_tables s1_to_s8.xlsx#Table_S3!row22 -> Table_S1!row74,data/adna/governance/source_library/papers/10.1126-science.adt2642/supplementary/science.adt2642_tables s1_to_s8.zip,data/adna/governance/source_library/papers/10.1126-science.adt2642/supplementary/science.adt2642_tables s1_to_s8.zip,sample_accession:SAMEA120246529 || science.adt2642_tables s1_to_s8.xlsx#Table_S3!row22 -> Table_S1!row74,true
animal-atlas-row:felis-catus-prjeb81815-felis-catus-locality-prjeb81815-covadeelstrocshuesca-spain,Felis catus,PRJEB81815,felis_catus:locality:prjeb81815:covadeelstrocshuesca:spain,felis_catus:sample:prjeb81815:samea120246531,true,true,true,true,true,true,data/adna/governance/source_library/papers/10.1126-science.adt2642/supplementary/science.adt2642_tables s1_to_s8.zip,data/adna/governance/source_library/papers/10.1126-science.adt2642/supplementary/science.adt2642_tables s1_to_s8.zip,sample_accession:SAMEA120246531 || science.adt2642_tables s1_to_s8.xlsx#Table_S3!row25 -> Table_S1!row186,data/adna/governance/source_library/papers/10.1126-science.adt2642/supplementary/science.adt2642_tables s1_to_s8.zip,data/adna/governance/source_library/papers/10.1126-science.adt2642/supplementary/science.adt2642_tables s1_to_s8.zip,sample_accession:SAMEA120246531 || science.adt2642_tables s1_to_s8.xlsx#Table_S3!row25 -> Table_S1!row186,true
animal-atlas-row:felis-catus-prjeb81815-felis-catus-locality-prjeb81815-demircihyk-turkey,Felis catus,PRJEB81815,felis_catus:locality:prjeb81815:demircihyk:turkey,felis_catus:sample:prjeb81815:samea120246533,true,true,true,true,true,true,data/adna/governance/source_library/papers/10.1126-science.adt2642/supplementary/science.adt2642_tables s1_to_s8.zip,data/adna/governance/source_library/papers/10.1126-science.adt2642/supplementary/science.adt2642_tables s1_to_s8.zip,sample_accession:SAMEA120246533 || science.adt2642_tables s1_to_s8.xlsx#Table_S3!row28 -> Table_S1!row205,data/adna/governance/source_library/papers/10.1126-science.adt2642/supplementary/science.adt2642_tables s1_to_s8.zip,data/adna/governance/source_library/papers/10.1126-science.adt2642/supplementary/science.adt2642_tables s1_to_s8.zip,sample_accession:SAMEA120246533 || science.adt2642_tables s1_to_s8.xlsx#Table_S3!row28 -> Table_S1!row205,true
animal-atlas-row:felis-catus-prjeb81815-felis-catus-locality-prjeb81815-durankulak-bulgaria,Felis catus,PRJEB81815,felis_catus:locality:prjeb81815:durankulak:bulgaria,felis_catus:sample:prjeb81815:samea120246536;felis_catus:sample:prjeb81815:samea120246537;felis_catus:sample:prjeb81815:samea120246538;felis_catus:sample:prjeb81815:samea120246539,true,true,true,true,true,true,data/adna/governance/source_library/papers/10.1126-science.adt2642/supplementary/science.adt2642_tables s1_to_s8.zip,data/adna/governance/source_library/papers/10.1126-science.adt2642/supplementary/science.adt2642_tables s1_to_s8.zip,sample_accession:SAMEA120246536 || science.adt2642_tables s1_to_s8.xlsx#Table_S3!row34 -> Table_S1!row30,data/adna/governance/source_library/papers/10.1126-science.adt2642/supplementary/science.adt2642_tables s1_to_s8.zip,data/adna/governance/source_library/papers/10.1126-science.adt2642/supplementary/science.adt2642_tables s1_to_s8.zip,sample_accession:SAMEA120246536 || science.adt2642_tables s1_to_s8.xlsx#Table_S3!row34 -> Table_S1!row30,true
animal-atlas-row:felis-catus-prjeb81815-felis-catus-locality-prjeb81815-genonisantuantinesardinia-italy,Felis catus,PRJEB81815,felis_catus:locality:prjeb81815:genonisantuantinesardinia:italy,felis_catus:sample:prjeb81815:samea120246544,true,true,true,true,true,true,data/adna/governance/source_library/papers/10.1126-science.adt2642/supplementary/science.adt2642_tables s1_to_s8.zip,data/adna/governance/source_library/papers/10.1126-science.adt2642/supplementary/science.adt2642_tables s1_to_s8.zip,sample_accession:SAMEA120246544 || science.adt2642_tables s1_to_s8.xlsx#Table_S3!row45 -> Table_S1!row92,data/adna/governance/source_library/papers/10.1126-science.adt2642/supplementary/science.adt2642_tables s1_to_s8.zip,data/adna/governance/source_library/papers/10.1126-science.adt2642/supplementary/science.adt2642_tables s1_to_s8.zip,sample_accession:SAMEA120246544 || science.adt2642_tables s1_to_s8.xlsx#Table_S3!row45 -> Table_S1!row92,true
animal-atlas-row:felis-catus-prjeb81815-felis-catus-locality-prjeb81815-graffignanoviterbolatium-italy,Felis catus,PRJEB81815,felis_catus:locality:prjeb81815:graffignanoviterbolatium:italy,felis_catus:sample:prjeb81815:samea120246543,true,true,true,true,true,true,data/adna/governance/source_library/papers/10.1126-science.adt2642/supplementary/science.adt2642_tables s1_to_s8.zip,data/adna/governance/source_library/papers/10.1126-science.adt2642/supplementary/science.adt2642_tables s1_to_s8.zip,sample_accession:SAMEA120246543 || science.adt2642_tables s1_to_s8.xlsx#Table_S3!row42 -> Table_S1!row91,data/adna/governance/source_library/papers/10.1126-science.adt2642/supplementary/science.adt2642_tables s1_to_s8.zip,data/adna/governance/source_library/papers/10.1126-science.adt2642/supplementary/science.adt2642_tables s1_to_s8.zip,sample_accession:SAMEA120246543 || science.adt2642_tables s1_to_s8.xlsx#Table_S3!row42 -> Table_S1!row91,true
animal-atlas-row:felis-catus-prjeb81815-felis-catus-locality-prjeb81815-grottadelcoccinarniumbria-italy,Felis catus,PRJEB81815,felis_catus:locality:prjeb81815:grottadelcoccinarniumbria:italy,felis_catus:sample:prjeb81815:samea120246532,true,true,true,true,true,true,data/adna/governance/source_library/papers/10.1126-science.adt2642/supplementary/science.adt2642_tables s1_to_s8.zip,data/adna/governance/source_library/papers/10.1126-science.adt2642/supplementary/science.adt2642_tables s1_to_s8.zip,sample_accession:SAMEA120246532 || science.adt2642_tables s1_to_s8.xlsx#Table_S3!row26 -> Table_S1!row76,data/adna/governance/source_library/papers/10.1126-science.adt2642/supplementary/science.adt2642_tables s1_to_s8.zip,data/adna/governance/source_library/papers/10.1126-science.adt2642/supplementary/science.adt2642_tables s1_to_s8.zip,sample_accession:SAMEA120246532 || science.adt2642_tables s1_to_s8.xlsx#Table_S3!row26 -> Table_S1!row76,true
animal-atlas-row:felis-catus-prjeb81815-felis-catus-locality-prjeb81815-iznikromantheatre-turkey,Felis catus,PRJEB81815,felis_catus:locality:prjeb81815:iznikromantheatre:turkey,felis_catus:sample:prjeb81815:samea120246548,true,true,true,true,true,true,data/adna/governance/source_library/papers/10.1126-science.adt2642/supplementary/science.adt2642_tables s1_to_s8.zip,data/adna/governance/source_library/papers/10.1126-science.adt2642/supplementary/science.adt2642_tables s1_to_s8.zip,sample_accession:SAMEA120246548 || science.adt2642_tables s1_to_s8.xlsx#Table_S3!row51 -> Table_S1!row207,data/adna/governance/source_library/papers/10.1126-science.adt2642/supplementary/science.adt2642_tables s1_to_s8.zip,data/adna/governance/source_library/papers/10.1126-science.adt2642/supplementary/science.adt2642_tables s1_to_s8.zip,sample_accession:SAMEA120246548 || science.adt2642_tables s1_to_s8.xlsx#Table_S3!row51 -> Table_S1!row207,true
animal-atlas-row:felis-catus-prjeb81815-felis-catus-locality-prjeb81815-kassope-greece,Felis catus,PRJEB81815,felis_catus:locality:prjeb81815:kassope:greece,felis_catus:sample:prjeb81815:samea120246549;felis_catus:sample:prjeb81815:samea120246550,true,true,true,true,true,true,data/adna/governance/source_library/papers/10.1126-science.adt2642/supplementary/science.adt2642_tables s1_to_s8.zip,data/adna/governance/source_library/papers/10.1126-science.adt2642/supplementary/science.adt2642_tables s1_to_s8.zip,sample_accession:SAMEA120246549 || science.adt2642_tables s1_to_s8.xlsx#Table_S3!row52 -> Table_S1!row63,data/adna/governance/source_library/papers/10.1126-science.adt2642/supplementary/science.adt2642_tables s1_to_s8.zip,data/adna/governance/source_library/papers/10.1126-science.adt2642/supplementary/science.adt2642_tables s1_to_s8.zip,sample_accession:SAMEA120246549 || science.adt2642_tables s1_to_s8.xlsx#Table_S3!row52 -> Table_S1!row63,true
animal-atlas-row:felis-catus-prjeb81815-felis-catus-locality-prjeb81815-koprivec-bulgaria,Felis catus,PRJEB81815,felis_catus:locality:prjeb81815:koprivec:bulgaria,felis_catus:sample:prjeb81815:samea120246551,true,true,true,true,true,true,data/adna/governance/source_library/papers/10.1126-science.adt2642/supplementary/science.adt2642_tables s1_to_s8.zip,data/adna/governance/source_library/papers/10.1126-science.adt2642/supplementary/science.adt2642_tables s1_to_s8.zip,sample_accession:SAMEA120246551 || science.adt2642_tables s1_to_s8.xlsx#Table_S3!row55 -> Table_S1!row37,data/adna/governance/source_library/papers/10.1126-science.adt2642/supplementary/science.adt2642_tables s1_to_s8.zip,data/adna/governance/source_library/papers/10.1126-science.adt2642/supplementary/science.adt2642_tables s1_to_s8.zip,sample_accession:SAMEA120246551 || science.adt2642_tables s1_to_s8.xlsx#Table_S3!row55 -> Table_S1!row37,true
animal-atlas-row:felis-catus-prjeb81815-felis-catus-locality-prjeb81815-labastida-spain,Felis catus,PRJEB81815,felis_catus:locality:prjeb81815:labastida:spain,felis_catus:sample:prjeb81815:samea120246552,true,true,true,true,true,true,data/adna/governance/source_library/papers/10.1126-science.adt2642/supplementary/science.adt2642_tables s1_to_s8.zip,data/adna/governance/source_library/papers/10.1126-science.adt2642/supplementary/science.adt2642_tables s1_to_s8.zip,sample_accession:SAMEA120246552 || science.adt2642_tables s1_to_s8.xlsx#Table_S3!row57 -> Table_S1!row187,data/adna/governance/source_library/papers/10.1126-science.adt2642/supplementary/science.adt2642_tables s1_to_s8.zip,data/adna/governance/source_library/papers/10.1126-science.adt2642/supplementary/science.adt2642_tables s1_to_s8.zip,sample_accession:SAMEA120246552 || science.adt2642_tables s1_to_s8.xlsx#Table_S3!row57 -> Table_S1!row187,true
animal-atlas-row:felis-catus-prjeb81815-felis-catus-locality-prjeb81815-mauternvicusost-austria,Felis catus,PRJEB81815,felis_catus:locality:prjeb81815:mauternvicusost:austria,felis_catus:sample:prjeb81815:samea120246560,true,true,true,true,true,true,data/adna/governance/source_library/papers/10.1126-science.adt2642/supplementary/science.adt2642_tables s1_to_s8.zip,data/adna/governance/source_library/papers/10.1126-science.adt2642/supplementary/science.adt2642_tables s1_to_s8.zip,sample_accession:SAMEA120246560 || science.adt2642_tables s1_to_s8.xlsx#Table_S3!row65 -> Table_S1!row6,data/adna/governance/source_library/papers/10.1126-science.adt2642/supplementary/science.adt2642_tables s1_to_s8.zip,data/adna/governance/source_library/papers/10.1126-science.adt2642/supplementary/science.adt2642_tables s1_to_s8.zip,sample_accession:SAMEA120246560 || science.adt2642_tables s1_to_s8.xlsx#Table_S3!row65 -> Table_S1!row6,true
animal-atlas-row:felis-catus-prjeb81815-felis-catus-locality-prjeb81815-mentee-turkey,Felis catus,PRJEB81815,felis_catus:locality:prjeb81815:mentee:turkey,felis_catus:sample:prjeb81815:samea120246555,true,true,true,true,true,true,data/adna/governance/source_library/papers/10.1126-science.adt2642/supplementary/science.adt2642_tables s1_to_s8.zip,data/adna/governance/source_library/papers/10.1126-science.adt2642/supplementary/science.adt2642_tables s1_to_s8.zip,sample_accession:SAMEA120246555 || science.adt2642_tables s1_to_s8.xlsx#Table_S3!row60 -> Table_S1!row209,data/adna/governance/source_library/papers/10.1126-science.adt2642/supplementary/science.adt2642_tables s1_to_s8.zip,data/adna/governance/source_library/papers/10.1126-science.adt2642/supplementary/science.adt2642_tables s1_to_s8.zip,sample_accession:SAMEA120246555 || science.adt2642_tables s1_to_s8.xlsx#Table_S3!row60 -> Table_S1!row209,true
animal-atlas-row:felis-catus-prjeb81815-felis-catus-locality-prjeb81815-musarnaviterbolatium-italy,Felis catus,PRJEB81815,felis_catus:locality:prjeb81815:musarnaviterbolatium:italy,felis_catus:sample:prjeb81815:samea120246561,true,true,true,true,true,true,data/adna/governance/source_library/papers/10.1126-science.adt2642/supplementary/science.adt2642_tables s1_to_s8.zip,data/adna/governance/source_library/papers/10.1126-science.adt2642/supplementary/science.adt2642_tables s1_to_s8.zip,sample_accession:SAMEA120246561 || science.adt2642_tables s1_to_s8.xlsx#Table_S3!row68 -> Table_S1!row105,data/adna/governance/source_library/papers/10.1126-science.adt2642/supplementary/science.adt2642_tables s1_to_s8.zip,data/adna/governance/source_library/papers/10.1126-science.adt2642/supplementary/science.adt2642_tables s1_to_s8.zip,sample_accession:SAMEA120246561 || science.adt2642_tables s1_to_s8.xlsx#Table_S3!row68 -> Table_S1!row105,true
animal-atlas-row:felis-catus-prjeb81815-felis-catus-locality-prjeb81815-nardtorresantacaterina-italy,Felis catus,PRJEB81815,felis_catus:locality:prjeb81815:nardtorresantacaterina:italy,felis_catus:sample:prjeb81815:samea120246576,true,true,true,true,true,true,data/adna/governance/source_library/papers/10.1126-science.adt2642/supplementary/science.adt2642_tables s1_to_s8.zip,data/adna/governance/source_library/papers/10.1126-science.adt2642/supplementary/science.adt2642_tables s1_to_s8.zip,sample_accession:SAMEA120246576 || science.adt2642_tables s1_to_s8.xlsx#Table_S3!row91 -> Table_S1!row132,data/adna/governance/source_library/papers/10.1126-science.adt2642/supplementary/science.adt2642_tables s1_to_s8.zip,data/adna/governance/source_library/papers/10.1126-science.adt2642/supplementary/science.adt2642_tables s1_to_s8.zip,sample_accession:SAMEA120246576 || science.adt2642_tables s1_to_s8.xlsx#Table_S3!row91 -> Table_S1!row132,true
animal-atlas-row:felis-catus-prjeb81815-felis-catus-locality-prjeb81815-padovaviacesarebattistiveneto-italy,Felis catus,PRJEB81815,felis_catus:locality:prjeb81815:padovaviacesarebattistiveneto:italy,felis_catus:sample:prjeb81815:samea120246562,true,true,true,true,true,true,data/adna/governance/source_library/papers/10.1126-science.adt2642/supplementary/science.adt2642_tables s1_to_s8.zip,data/adna/governance/source_library/papers/10.1126-science.adt2642/supplementary/science.adt2642_tables s1_to_s8.zip,sample_accession:SAMEA120246562 || science.adt2642_tables s1_to_s8.xlsx#Table_S3!row70 -> Table_S1!row106,data/adna/governance/source_library/papers/10.1126-science.adt2642/supplementary/science.adt2642_tables s1_to_s8.zip,data/adna/governance/source_library/papers/10.1126-science.adt2642/supplementary/science.adt2642_tables s1_to_s8.zip,sample_accession:SAMEA120246562 || science.adt2642_tables s1_to_s8.xlsx#Table_S3!row70 -> Table_S1!row106,true
animal-atlas-row:felis-catus-prjeb81815-felis-catus-locality-prjeb81815-palatinonortheastsloperome-italy,Felis catus,PRJEB81815,felis_catus:locality:prjeb81815:palatinonortheastsloperome:italy,felis_catus:sample:prjeb81815:samea120246567;felis_catus:sample:prjeb81815:samea120246568,true,true,true,true,true,true,data/adna/governance/source_library/papers/10.1126-science.adt2642/supplementary/science.adt2642_tables s1_to_s8.zip,data/adna/governance/source_library/papers/10.1126-science.adt2642/supplementary/science.adt2642_tables s1_to_s8.zip,sample_accession:SAMEA120246567 || science.adt2642_tables s1_to_s8.xlsx#Table_S3!row77 -> Table_S1!row114,data/adna/governance/source_library/papers/10.1126-science.adt2642/supplementary/science.adt2642_tables s1_to_s8.zip,data/adna/governance/source_library/papers/10.1126-science.adt2642/supplementary/science.adt2642_tables s1_to_s8.zip,sample_accession:SAMEA120246567 || science.adt2642_tables s1_to_s8.xlsx#Table_S3!row77 -> Table_S1!row114,true
animal-atlas-row:felis-catus-prjeb81815-felis-catus-locality-prjeb81815-palmelacastle-portugal,Felis catus,PRJEB81815,felis_catus:locality:prjeb81815:palmelacastle:portugal,felis_catus:sample:prjeb81815:samea120246563;felis_catus:sample:prjeb81815:samea120246564,true,true,true,true,true,true,data/adna/governance/source_library/papers/10.1126-science.adt2642/supplementary/science.adt2642_tables s1_to_s8.zip,data/adna/governance/source_library/papers/10.1126-science.adt2642/supplementary/science.adt2642_tables s1_to_s8.zip,sample_accession:SAMEA120246563 || science.adt2642_tables s1_to_s8.xlsx#Table_S3!row71 -> Table_S1!row161,data/adna/governance/source_library/papers/10.1126-science.adt2642/supplementary/science.adt2642_tables s1_to_s8.zip,data/adna/governance/source_library/papers/10.1126-science.adt2642/supplementary/science.adt2642_tables s1_to_s8.zip,sample_accession:SAMEA120246563 || science.adt2642_tables s1_to_s8.xlsx#Table_S3!row71 -> Table_S1!row161,true
animal-atlas-row:felis-catus-prjeb81815-felis-catus-locality-prjeb81815-parking58brussels-belgium,Felis catus,PRJEB81815,felis_catus:locality:prjeb81815:parking58brussels:belgium,felis_catus:sample:prjeb81815:samea120246527;felis_catus:sample:prjeb81815:samea120246528,true,true,true,true,true,true,data/adna/governance/source_library/papers/10.1126-science.adt2642/supplementary/science.adt2642_tables s1_to_s8.zip,data/adna/governance/source_library/papers/10.1126-science.adt2642/supplementary/science.adt2642_tables s1_to_s8.zip,sample_accession:SAMEA120246527 || science.adt2642_tables s1_to_s8.xlsx#Table_S3!row18 -> Table_S1!row23,data/adna/governance/source_library/papers/10.1126-science.adt2642/supplementary/science.adt2642_tables s1_to_s8.zip,data/adna/governance/source_library/papers/10.1126-science.adt2642/supplementary/science.adt2642_tables s1_to_s8.zip,sample_accession:SAMEA120246527 || science.adt2642_tables s1_to_s8.xlsx#Table_S3!row18 -> Table_S1!row23,true
animal-atlas-row:felis-catus-prjeb81815-felis-catus-locality-prjeb81815-petronellcarnuntum-austria,Felis catus,PRJEB81815,felis_catus:locality:prjeb81815:petronellcarnuntum:austria,felis_catus:sample:prjeb81815:samea120246565;felis_catus:sample:prjeb81815:samea120246566,true,true,true,true,true,true,data/adna/governance/source_library/papers/10.1126-science.adt2642/supplementary/science.adt2642_tables s1_to_s8.zip,data/adna/governance/source_library/papers/10.1126-science.adt2642/supplementary/science.adt2642_tables s1_to_s8.zip,sample_accession:SAMEA120246565 || science.adt2642_tables s1_to_s8.xlsx#Table_S3!row75 -> Table_S1!row14,data/adna/governance/source_library/papers/10.1126-science.adt2642/supplementary/science.adt2642_tables s1_to_s8.zip,data/adna/governance/source_library/papers/10.1126-science.adt2642/supplementary/science.adt2642_tables s1_to_s8.zip,sample_accession:SAMEA120246565 || science.adt2642_tables s1_to_s8.xlsx#Table_S3!row75 -> Table_S1!row14,true
animal-atlas-row:felis-catus-prjeb81815-felis-catus-locality-prjeb81815-romesceciliaintrastevere-italy,Felis catus,PRJEB81815,felis_catus:locality:prjeb81815:romesceciliaintrastevere:italy,felis_catus:sample:prjeb81815:samea120246530,true,true,true,true,true,true,data/adna/governance/source_library/papers/10.1126-science.adt2642/supplementary/science.adt2642_tables s1_to_s8.zip,data/adna/governance/source_library/papers/10.1126-science.adt2642/supplementary/science.adt2642_tables s1_to_s8.zip,sample_accession:SAMEA120246530 || science.adt2642_tables s1_to_s8.xlsx#Table_S3!row23 -> Table_S1!row75,data/adna/governance/source_library/papers/10.1126-science.adt2642/supplementary/science.adt2642_tables s1_to_s8.zip,data/adna/governance/source_library/papers/10.1126-science.adt2642/supplementary/science.adt2642_tables s1_to_s8.zip,sample_accession:SAMEA120246530 || science.adt2642_tables s1_to_s8.xlsx#Table_S3!row23 -> Table_S1!row75,true
animal-atlas-row:felis-catus-prjeb81815-felis-catus-locality-prjeb81815-sagalassos-turkey,Felis catus,PRJEB81815,felis_catus:locality:prjeb81815:sagalassos:turkey,felis_catus:sample:prjeb81815:samea120246573,true,true,true,true,true,true,data/adna/governance/source_library/papers/10.1126-science.adt2642/supplementary/science.adt2642_tables s1_to_s8.zip,data/adna/governance/source_library/papers/10.1126-science.adt2642/supplementary/science.adt2642_tables s1_to_s8.zip,sample_accession:SAMEA120246573 || science.adt2642_tables s1_to_s8.xlsx#Table_S3!row87 -> Table_S1!row215,data/adna/governance/source_library/papers/10.1126-science.adt2642/supplementary/science.adt2642_tables s1_to_s8.zip,data/adna/governance/source_library/papers/10.1126-science.adt2642/supplementary/science.adt2642_tables s1_to_s8.zip,sample_accession:SAMEA120246573 || science.adt2642_tables s1_to_s8.xlsx#Table_S3!row87 -> Table_S1!row215,true
animal-atlas-row:felis-catus-prjeb81815-felis-catus-locality-prjeb81815-salzburgresidenz-austria,Felis catus,PRJEB81815,felis_catus:locality:prjeb81815:salzburgresidenz:austria,felis_catus:sample:prjeb81815:samea120246575,true,true,true,true,true,true,data/adna/governance/source_library/papers/10.1126-science.adt2642/supplementary/science.adt2642_tables s1_to_s8.zip,data/adna/governance/source_library/papers/10.1126-science.adt2642/supplementary/science.adt2642_tables s1_to_s8.zip,sample_accession:SAMEA120246575 || science.adt2642_tables s1_to_s8.xlsx#Table_S3!row89 -> Table_S1!row17,data/adna/governance/source_library/papers/10.1126-science.adt2642/supplementary/science.adt2642_tables s1_to_s8.zip,data/adna/governance/source_library/papers/10.1126-science.adt2642/supplementary/science.adt2642_tables s1_to_s8.zip,sample_accession:SAMEA120246575 || science.adt2642_tables s1_to_s8.xlsx#Table_S3!row89 -> Table_S1!row17,true
animal-atlas-row:felis-catus-prjeb81815-felis-catus-locality-prjeb81815-saracenacosenzacalabria-italy,Felis catus,PRJEB81815,felis_catus:locality:prjeb81815:saracenacosenzacalabria:italy,felis_catus:sample:prjeb81815:samea120246574,true,true,true,true,true,true,data/adna/governance/source_library/papers/10.1126-science.adt2642/supplementary/science.adt2642_tables s1_to_s8.zip,data/adna/governance/source_library/papers/10.1126-science.adt2642/supplementary/science.adt2642_tables s1_to_s8.zip,sample_accession:SAMEA120246574 || science.adt2642_tables s1_to_s8.xlsx#Table_S3!row88 -> Table_S1!row130,data/adna/governance/source_library/papers/10.1126-science.adt2642/supplementary/science.adt2642_tables s1_to_s8.zip,data/adna/governance/source_library/papers/10.1126-science.adt2642/supplementary/science.adt2642_tables s1_to_s8.zip,sample_accession:SAMEA120246574 || science.adt2642_tables s1_to_s8.xlsx#Table_S3!row88 -> Table_S1!row130,true
animal-atlas-row:felis-catus-prjeb81815-felis-catus-locality-prjeb81815-sassaripalazzoducalesardinia-italy,Felis catus,PRJEB81815,felis_catus:locality:prjeb81815:sassaripalazzoducalesardinia:italy,felis_catus:sample:prjeb81815:samea120246577,true,true,true,true,true,true,data/adna/governance/source_library/papers/10.1126-science.adt2642/supplementary/science.adt2642_tables s1_to_s8.zip,data/adna/governance/source_library/papers/10.1126-science.adt2642/supplementary/science.adt2642_tables s1_to_s8.zip,sample_accession:SAMEA120246577 || science.adt2642_tables s1_to_s8.xlsx#Table_S3!row92 -> Table_S1!row135,data/adna/governance/source_library/papers/10.1126-science.adt2642/supplementary/science.adt2642_tables s1_to_s8.zip,data/adna/governance/source_library/papers/10.1126-science.adt2642/supplementary/science.adt2642_tables s1_to_s8.zip,sample_accession:SAMEA120246577 || science.adt2642_tables s1_to_s8.xlsx#Table_S3!row92 -> Table_S1!row135,true
animal-atlas-row:felis-catus-prjeb81815-felis-catus-locality-prjeb81815-tabernasspain-spain,Felis catus,PRJEB81815,felis_catus:locality:prjeb81815:tabernasspain:spain,felis_catus:sample:prjeb81815:samea120246578,true,true,true,true,true,true,data/adna/governance/source_library/papers/10.1126-science.adt2642/supplementary/science.adt2642_tables s1_to_s8.zip,data/adna/governance/source_library/papers/10.1126-science.adt2642/supplementary/science.adt2642_tables s1_to_s8.zip,sample_accession:SAMEA120246578 || science.adt2642_tables s1_to_s8.xlsx#Table_S3!row93 -> Table_S1!row192,data/adna/governance/source_library/papers/10.1126-science.adt2642/supplementary/science.adt2642_tables s1_to_s8.zip,data/adna/governance/source_library/papers/10.1126-science.adt2642/supplementary/science.adt2642_tables s1_to_s8.zip,sample_accession:SAMEA120246578 || science.adt2642_tables s1_to_s8.xlsx#Table_S3!row93 -> Table_S1!row192,true
animal-atlas-row:felis-catus-prjeb81815-felis-catus-locality-prjeb81815-terteniasardinia-italy,Felis catus,PRJEB81815,felis_catus:locality:prjeb81815:terteniasardinia:italy,felis_catus:sample:prjeb81815:samea120246579,true,true,true,true,true,true,data/adna/governance/source_library/papers/10.1126-science.adt2642/supplementary/science.adt2642_tables s1_to_s8.zip,data/adna/governance/source_library/papers/10.1126-science.adt2642/supplementary/science.adt2642_tables s1_to_s8.zip,sample_accession:SAMEA120246579 || science.adt2642_tables s1_to_s8.xlsx#Table_S3!row95 -> Table_S1!row144,data/adna/governance/source_library/papers/10.1126-science.adt2642/supplementary/science.adt2642_tables s1_to_s8.zip,data/adna/governance/source_library/papers/10.1126-science.adt2642/supplementary/science.adt2642_tables s1_to_s8.zip,sample_accession:SAMEA120246579 || science.adt2642_tables s1_to_s8.xlsx#Table_S3!row95 -> Table_S1!row144,true
animal-atlas-row:felis-catus-prjeb81815-felis-catus-locality-prjeb81815-tongerenindustrieoost-belgium,Felis catus,PRJEB81815,felis_catus:locality:prjeb81815:tongerenindustrieoost:belgium,felis_catus:sample:prjeb81815:samea120246580,true,true,true,true,true,true,data/adna/governance/source_library/papers/10.1126-science.adt2642/supplementary/science.adt2642_tables s1_to_s8.zip,data/adna/governance/source_library/papers/10.1126-science.adt2642/supplementary/science.adt2642_tables s1_to_s8.zip,sample_accession:SAMEA120246580 || science.adt2642_tables s1_to_s8.xlsx#Table_S3!row96 -> Table_S1!row25,data/adna/governance/source_library/papers/10.1126-science.adt2642/supplementary/science.adt2642_tables s1_to_s8.zip,data/adna/governance/source_library/papers/10.1126-science.adt2642/supplementary/science.adt2642_tables s1_to_s8.zip,sample_accession:SAMEA120246580 || science.adt2642_tables s1_to_s8.xlsx#Table_S3!row96 -> Table_S1!row25,true
animal-atlas-row:felis-catus-prjeb81815-felis-catus-locality-prjeb81815-traismauer-austria,Felis catus,PRJEB81815,felis_catus:locality:prjeb81815:traismauer:austria,felis_catus:sample:prjeb81815:samea120246581,true,true,true,true,true,true,data/adna/governance/source_library/papers/10.1126-science.adt2642/supplementary/science.adt2642_tables s1_to_s8.zip,data/adna/governance/source_library/papers/10.1126-science.adt2642/supplementary/science.adt2642_tables s1_to_s8.zip,sample_accession:SAMEA120246581 || science.adt2642_tables s1_to_s8.xlsx#Table_S3!row97 -> Table_S1!row18,data/adna/governance/source_library/papers/10.1126-science.adt2642/supplementary/science.adt2642_tables s1_to_s8.zip,data/adna/governance/source_library/papers/10.1126-science.adt2642/supplementary/science.adt2642_tables s1_to_s8.zip,sample_accession:SAMEA120246581 || science.adt2642_tables s1_to_s8.xlsx#Table_S3!row97 -> Table_S1!row18,true
animal-atlas-row:felis-catus-prjeb81815-felis-catus-locality-prjeb81815-viminaciumamphitheatre-serbia,Felis catus,PRJEB81815,felis_catus:locality:prjeb81815:viminaciumamphitheatre:serbia,felis_catus:sample:prjeb81815:samea120246582;felis_catus:sample:prjeb81815:samea120246583,true,true,true,true,true,true,data/adna/governance/source_library/papers/10.1126-science.adt2642/supplementary/science.adt2642_tables s1_to_s8.zip,data/adna/governance/source_library/papers/10.1126-science.adt2642/supplementary/science.adt2642_tables s1_to_s8.zip,sample_accession:SAMEA120246582 || science.adt2642_tables s1_to_s8.xlsx#Table_S3!row98 -> Table_S1!row172,data/adna/governance/source_library/papers/10.1126-science.adt2642/supplementary/science.adt2642_tables s1_to_s8.zip,data/adna/governance/source_library/papers/10.1126-science.adt2642/supplementary/science.adt2642_tables s1_to_s8.zip,sample_accession:SAMEA120246582 || science.adt2642_tables s1_to_s8.xlsx#Table_S3!row98 -> Table_S1!row172,true
animal-atlas-row:felis-catus-prjeb81815-felis-catus-locality-prjeb81815-viminaciumnadklepakom-serbia,Felis catus,PRJEB81815,felis_catus:locality:prjeb81815:viminaciumnadklepakom:serbia,felis_catus:sample:prjeb81815:samea120246584,true,true,true,true,true,true,data/adna/governance/source_library/papers/10.1126-science.adt2642/supplementary/science.adt2642_tables s1_to_s8.zip,data/adna/governance/source_library/papers/10.1126-science.adt2642/supplementary/science.adt2642_tables s1_to_s8.zip,sample_accession:SAMEA120246584 || science.adt2642_tables s1_to_s8.xlsx#Table_S3!row100 -> Table_S1!row179,data/adna/governance/source_library/papers/10.1126-science.adt2642/supplementary/science.adt2642_tables s1_to_s8.zip,data/adna/governance/source_library/papers/10.1126-science.adt2642/supplementary/science.adt2642_tables s1_to_s8.zip,sample_accession:SAMEA120246584 || science.adt2642_tables s1_to_s8.xlsx#Table_S3!row100 -> Table_S1!row179,true
animal-atlas-row:felis-catus-prjeb81815-felis-catus-locality-prjeb81815-yenikapmarmarayexc-turkey,Felis catus,PRJEB81815,felis_catus:locality:prjeb81815:yenikapmarmarayexc:turkey,felis_catus:sample:prjeb81815:samea120246556;felis_catus:sample:prjeb81815:samea120246557;felis_catus:sample:prjeb81815:samea120246558;felis_catus:sample:prjeb81815:samea120246559,true,true,true,true,true,true,data/adna/governance/source_library/papers/10.1126-science.adt2642/supplementary/science.adt2642_tables s1_to_s8.zip,data/adna/governance/source_library/papers/10.1126-science.adt2642/supplementary/science.adt2642_tables s1_to_s8.zip,sample_accession:SAMEA120246556 || science.adt2642_tables s1_to_s8.xlsx#Table_S3!row61 -> Table_S1!row210,data/adna/governance/source_library/papers/10.1126-science.adt2642/supplementary/science.adt2642_tables s1_to_s8.zip,data/adna/governance/source_library/papers/10.1126-science.adt2642/supplementary/science.adt2642_tables s1_to_s8.zip,sample_accession:SAMEA120246556 || science.adt2642_tables s1_to_s8.xlsx#Table_S3!row61 -> Table_S1!row210,true
animal-atlas-row:ovis-aries-prjeb59481-ovis-aries-locality-prjeb59481-kastelholm-finland,Ovis aries,PRJEB59481,ovis_aries:locality:prjeb59481:kastelholm:finland,ovis_aries:sample:prjeb59481:samea112960291;ovis_aries:sample:prjeb59481:samea112960292,true,true,true,true,true,true,data/adna/governance/source_library/papers/10.1093-gbe-evae114/supplementary/SupplementaryTables_Revision2.xlsx,data/adna/governance/source_library/projects/PRJEB59481/ena_samples/SAMEA112960291.xml,./SAMPLE[@accession='SAMEA112960291']/DESCRIPTION,data/adna/governance/source_library/papers/10.1093-gbe-evae114/article_full_text.xml,data/adna/governance/source_library/projects/PRJEB59481/ena_samples/SAMEA112960291.xml,./SAMPLE[@accession='SAMEA112960291']/SAMPLE_ATTRIBUTES/SAMPLE_ATTRIBUTE[TAG='lat_lon'],true
animal-atlas-row:ovis-aries-prjeb59481-ovis-aries-locality-prjeb59481-storafrvar-sweden,Ovis aries,PRJEB59481,ovis_aries:locality:prjeb59481:storafrvar:sweden,ovis_aries:sample:prjeb59481:samea112960293;ovis_aries:sample:prjeb59481:samea112960294;ovis_aries:sample:prjeb59481:samea112960295,true,true,true,true,true,true,data/adna/governance/source_library/papers/10.1093-gbe-evae114/supplementary/SupplementaryTables_Revision2.xlsx,data/adna/governance/source_library/projects/PRJEB59481/ena_samples/SAMEA112960293.xml,./SAMPLE[@accession='SAMEA112960293']/DESCRIPTION,data/adna/governance/source_library/papers/10.1093-gbe-evae114/article_full_text.xml,data/adna/governance/source_library/projects/PRJEB59481/ena_samples/SAMEA112960293.xml,./SAMPLE[@accession='SAMEA112960293']/SAMPLE_ATTRIBUTES/SAMPLE_ATTRIBUTE[TAG='lat_lon'],true
animal-atlas-row:sus-scrofa-domesticus-prjeb30282-sus-scrofa-domesticus-locality-prjeb30282-bunds-denmark,Sus scrofa domesticus,PRJEB30282,sus_scrofa_domesticus:locality:prjeb30282:bunds:denmark,sus_scrofa_domesticus:sample:prjeb30282:samea5160867,true,true,true,true,true,true,data/adna/governance/source_library/projects/PRJEB30282/archive_metadata.html || data/adna/governance/source_library/papers/10.1073-pnas.1901169116/supplementary/pnas.1901169116.sd01.xlsx,data/adna/governance/source_library/projects/PRJEB30282/archive_metadata.html || data/adna/governance/source_library/papers/10.1073-pnas.1901169116/supplementary/pnas.1901169116.sd01.xlsx,sample_accession:SAMEA5160867 || Sheet1!row1212,data/adna/governance/source_library/projects/PRJEB30282/archive_metadata.html || data/adna/governance/source_library/papers/10.1073-pnas.1901169116/supplementary/pnas.1901169116.sd01.xlsx,adna/species/sus_scrofa_domesticus/raw/site_coordinate_evidence.json,"Fund og Fortidsminder systemnr 86607, stednr 230102, loknr 48; WFS feature fundogfortidsminder_punkt_ikkefredet.1509047",true
animal-atlas-row:sus-scrofa-domesticus-prjeb30282-sus-scrofa-domesticus-locality-prjeb30282-trelleborg-denmark,Sus scrofa domesticus,PRJEB30282,sus_scrofa_domesticus:locality:prjeb30282:trelleborg:denmark,sus_scrofa_domesticus:sample:prjeb30282:samea5160868,true,true,true,true,true,true,data/adna/governance/source_library/projects/PRJEB30282/archive_metadata.html || data/adna/governance/source_library/papers/10.1073-pnas.1901169116/supplementary/pnas.1901169116.sd01.xlsx,data/adna/governance/source_library/projects/PRJEB30282/archive_metadata.html || data/adna/governance/source_library/papers/10.1073-pnas.1901169116/supplementary/pnas.1901169116.sd01.xlsx,sample_accession:SAMEA5160868 || Sheet1!row1215,data/adna/governance/source_library/projects/PRJEB30282/archive_metadata.html || data/adna/governance/source_library/papers/10.1073-pnas.1901169116/supplementary/pnas.1901169116.sd01.xlsx,adna/species/sus_scrofa_domesticus/raw/site_coordinate_evidence.json,"Management Plan page 22, component part 4 Trelleborg, central point N55°23′39″ E11°15′55″",true
